solid OpenSCAD_Model
  facet normal -0.740908 -0.671607 0
    outer loop
      vertex -52.3284 -52.3284 0
      vertex -52.592 -52.0376 3
      vertex -52.592 -52.0376 0
    endloop
  endfacet
  facet normal -0.740908 -0.671607 0
    outer loop
      vertex -52.592 -52.0376 3
      vertex -52.3284 -52.3284 0
      vertex -52.3284 -52.3284 3
    endloop
  endfacet
  facet normal -0.989176 -0.146733 0
    outer loop
      vertex -53.4231 -50.2804 0
      vertex -53.4807 -49.8921 3
      vertex -53.4807 -49.8921 0
    endloop
  endfacet
  facet normal -0.989176 -0.146733 0
    outer loop
      vertex -53.4807 -49.8921 3
      vertex -53.4231 -50.2804 0
      vertex -53.4231 -50.2804 3
    endloop
  endfacet
  facet normal 0.998791 0.0491626 0
    outer loop
      vertex 53.5 49.5 3
      vertex 53.4807 49.8921 0
      vertex 53.4807 49.8921 3
    endloop
  endfacet
  facet normal 0.998791 0.0491626 0
    outer loop
      vertex 53.4807 49.8921 0
      vertex 53.5 49.5 3
      vertex 53.5 49.5 0
    endloop
  endfacet
  facet normal 0.998791 -0.0491626 0
    outer loop
      vertex 53.4807 -49.8921 3
      vertex 53.5 -49.5 0
      vertex 53.5 -49.5 3
    endloop
  endfacet
  facet normal 0.998791 -0.0491626 0
    outer loop
      vertex 53.5 -49.5 0
      vertex 53.4807 -49.8921 3
      vertex 53.4807 -49.8921 0
    endloop
  endfacet
  facet normal 0 -1 0
    outer loop
      vertex -49.5 -53.5 0
      vertex 49.5 -53.5 3
      vertex -49.5 -53.5 3
    endloop
  endfacet
  facet normal 0 -1 -0
    outer loop
      vertex 49.5 -53.5 3
      vertex -49.5 -53.5 0
      vertex 49.5 -53.5 0
    endloop
  endfacet
  facet normal 0 0 1
    outer loop
      vertex 45.266 46.5387 3
      vertex -45.266 46.5387 3
      vertex 45.4224 46.2777 3
    endloop
  endfacet
  facet normal 0 0 1
    outer loop
      vertex 45.808 -45.808 3
      vertex -44.9149 -47.6961 3
      vertex -44.9 -48 3
    endloop
  endfacet
  facet normal 0 0 1
    outer loop
      vertex -45.4224 46.2777 3
      vertex 45.4224 46.2777 3
      vertex -45.266 46.5387 3
    endloop
  endfacet
  facet normal 0 0 1
    outer loop
      vertex 45.808 -45.808 3
      vertex -44.9596 -47.3952 3
      vertex -44.9149 -47.6961 3
    endloop
  endfacet
  facet normal 0 0 1
    outer loop
      vertex 45.4224 46.2777 3
      vertex -45.4224 46.2777 3
      vertex 45.6037 46.0334 3
    endloop
  endfacet
  facet normal 0 0 1
    outer loop
      vertex 45.808 -45.808 3
      vertex -45.0335 -47.1001 3
      vertex -44.9596 -47.3952 3
    endloop
  endfacet
  facet normal 0 0 1
    outer loop
      vertex -45.6037 46.0334 3
      vertex 45.6037 46.0334 3
      vertex -45.4224 46.2777 3
    endloop
  endfacet
  facet normal 0 0 1
    outer loop
      vertex 45.808 -45.808 3
      vertex -45.136 -46.8137 3
      vertex -45.0335 -47.1001 3
    endloop
  endfacet
  facet normal 0 0 1
    outer loop
      vertex 45.6037 46.0334 3
      vertex -45.6037 46.0334 3
      vertex 45.808 45.808 3
    endloop
  endfacet
  facet normal 0 0 1
    outer loop
      vertex 45.808 -45.808 3
      vertex -45.266 -46.5387 3
      vertex -45.136 -46.8137 3
    endloop
  endfacet
  facet normal 0 0 1
    outer loop
      vertex -45.808 45.808 3
      vertex 45.808 45.808 3
      vertex -45.6037 46.0334 3
    endloop
  endfacet
  facet normal 0 0 1
    outer loop
      vertex 45.808 -45.808 3
      vertex -45.4224 -46.2777 3
      vertex -45.266 -46.5387 3
    endloop
  endfacet
  facet normal 0 0 1
    outer loop
      vertex 45.808 45.808 3
      vertex -45.808 45.808 3
      vertex 45.808 -45.808 3
    endloop
  endfacet
  facet normal 0 0 1
    outer loop
      vertex 45.808 -45.808 3
      vertex -45.6037 -46.0334 3
      vertex -45.4224 -46.2777 3
    endloop
  endfacet
  facet normal 0 0 1
    outer loop
      vertex -45.808 -45.808 3
      vertex 45.808 -45.808 3
      vertex -45.808 45.808 3
    endloop
  endfacet
  facet normal 0 0 1
    outer loop
      vertex 45.808 -45.808 3
      vertex -45.808 -45.808 3
      vertex -45.6037 -46.0334 3
    endloop
  endfacet
  facet normal -0 0 1
    outer loop
      vertex -46.0334 45.6037 3
      vertex -45.808 -45.808 3
      vertex -45.808 45.808 3
    endloop
  endfacet
  facet normal 0 0 1
    outer loop
      vertex -46.0334 45.6037 3
      vertex -46.0334 -45.6037 3
      vertex -45.808 -45.808 3
    endloop
  endfacet
  facet normal -0 0 1
    outer loop
      vertex -46.2777 45.4224 3
      vertex -46.0334 -45.6037 3
      vertex -46.0334 45.6037 3
    endloop
  endfacet
  facet normal 0 0 1
    outer loop
      vertex -46.2777 45.4224 3
      vertex -46.2777 -45.4224 3
      vertex -46.0334 -45.6037 3
    endloop
  endfacet
  facet normal -0 0 1
    outer loop
      vertex -46.5387 45.266 3
      vertex -46.2777 -45.4224 3
      vertex -46.2777 45.4224 3
    endloop
  endfacet
  facet normal 0 0 1
    outer loop
      vertex -46.5387 45.266 3
      vertex -46.5387 -45.266 3
      vertex -46.2777 -45.4224 3
    endloop
  endfacet
  facet normal -0 0 1
    outer loop
      vertex -46.8137 45.136 3
      vertex -46.5387 -45.266 3
      vertex -46.5387 45.266 3
    endloop
  endfacet
  facet normal 0 0 1
    outer loop
      vertex -46.8137 45.136 3
      vertex -46.8137 -45.136 3
      vertex -46.5387 -45.266 3
    endloop
  endfacet
  facet normal -0 0 1
    outer loop
      vertex -47.1001 45.0335 3
      vertex -46.8137 -45.136 3
      vertex -46.8137 45.136 3
    endloop
  endfacet
  facet normal 0 0 1
    outer loop
      vertex -47.1001 45.0335 3
      vertex -47.1001 -45.0335 3
      vertex -46.8137 -45.136 3
    endloop
  endfacet
  facet normal -0 0 1
    outer loop
      vertex -47.3952 44.9596 3
      vertex -47.1001 -45.0335 3
      vertex -47.1001 45.0335 3
    endloop
  endfacet
  facet normal 0 0 1
    outer loop
      vertex -47.3952 44.9596 3
      vertex -47.3952 -44.9596 3
      vertex -47.1001 -45.0335 3
    endloop
  endfacet
  facet normal -0 0 1
    outer loop
      vertex -47.6961 44.9149 3
      vertex -47.3952 -44.9596 3
      vertex -47.3952 44.9596 3
    endloop
  endfacet
  facet normal 0 0 1
    outer loop
      vertex -47.6961 44.9149 3
      vertex -47.6961 -44.9149 3
      vertex -47.3952 -44.9596 3
    endloop
  endfacet
  facet normal -0 0 1
    outer loop
      vertex -48 44.9 3
      vertex -47.6961 -44.9149 3
      vertex -47.6961 44.9149 3
    endloop
  endfacet
  facet normal 0 0 1
    outer loop
      vertex -48 44.9 3
      vertex -48 -44.9 3
      vertex -47.6961 -44.9149 3
    endloop
  endfacet
  facet normal 0 0 1
    outer loop
      vertex -48.3039 44.9149 3
      vertex -48 -44.9 3
      vertex -48 44.9 3
    endloop
  endfacet
  facet normal 0 0 1
    outer loop
      vertex -48.3039 44.9149 3
      vertex -48.3039 -44.9149 3
      vertex -48 -44.9 3
    endloop
  endfacet
  facet normal 0 0 1
    outer loop
      vertex -48.6048 44.9596 3
      vertex -48.3039 -44.9149 3
      vertex -48.3039 44.9149 3
    endloop
  endfacet
  facet normal 0 0 1
    outer loop
      vertex -48.6048 44.9596 3
      vertex -48.6048 -44.9596 3
      vertex -48.3039 -44.9149 3
    endloop
  endfacet
  facet normal 0 0 1
    outer loop
      vertex -48.8999 45.0335 3
      vertex -48.6048 -44.9596 3
      vertex -48.6048 44.9596 3
    endloop
  endfacet
  facet normal 0 0 1
    outer loop
      vertex -48.8999 45.0335 3
      vertex -48.8999 -45.0335 3
      vertex -48.6048 -44.9596 3
    endloop
  endfacet
  facet normal 0 0 1
    outer loop
      vertex -49.1863 45.136 3
      vertex -48.8999 -45.0335 3
      vertex -48.8999 45.0335 3
    endloop
  endfacet
  facet normal 0 0 1
    outer loop
      vertex -49.1863 45.136 3
      vertex -49.1863 -45.136 3
      vertex -48.8999 -45.0335 3
    endloop
  endfacet
  facet normal 0 0 1
    outer loop
      vertex -49.4613 45.266 3
      vertex -49.1863 -45.136 3
      vertex -49.1863 45.136 3
    endloop
  endfacet
  facet normal 0 0 1
    outer loop
      vertex -49.4613 45.266 3
      vertex -49.4613 -45.266 3
      vertex -49.1863 -45.136 3
    endloop
  endfacet
  facet normal 0 0 1
    outer loop
      vertex -49.7223 45.4224 3
      vertex -49.4613 -45.266 3
      vertex -49.4613 45.266 3
    endloop
  endfacet
  facet normal 0 0 1
    outer loop
      vertex -49.7223 45.4224 3
      vertex -49.7223 -45.4224 3
      vertex -49.4613 -45.266 3
    endloop
  endfacet
  facet normal 0 0 1
    outer loop
      vertex -49.9666 45.6037 3
      vertex -49.7223 -45.4224 3
      vertex -49.7223 45.4224 3
    endloop
  endfacet
  facet normal 0 0 1
    outer loop
      vertex -49.9666 45.6037 3
      vertex -49.9666 -45.6037 3
      vertex -49.7223 -45.4224 3
    endloop
  endfacet
  facet normal 0 0 1
    outer loop
      vertex -50.192 45.808 3
      vertex -49.9666 -45.6037 3
      vertex -49.9666 45.6037 3
    endloop
  endfacet
  facet normal 0 0 1
    outer loop
      vertex -50.192 45.808 3
      vertex -50.192 -45.808 3
      vertex -49.9666 -45.6037 3
    endloop
  endfacet
  facet normal 0 0 1
    outer loop
      vertex -50.3963 46.0334 3
      vertex -50.192 -45.808 3
      vertex -50.192 45.808 3
    endloop
  endfacet
  facet normal 0 0 1
    outer loop
      vertex -50.3963 46.0334 3
      vertex -50.3963 -46.0334 3
      vertex -50.192 -45.808 3
    endloop
  endfacet
  facet normal 0 0 1
    outer loop
      vertex -53.5 49.5 3
      vertex -50.3963 46.0334 3
      vertex -50.5776 46.2777 3
    endloop
  endfacet
  facet normal 0 0 1
    outer loop
      vertex -50.3963 46.0334 3
      vertex -53.5 49.5 3
      vertex -50.3963 -46.0334 3
    endloop
  endfacet
  facet normal 0 0 1
    outer loop
      vertex -53.5 49.5 3
      vertex -50.5776 46.2777 3
      vertex -50.734 46.5387 3
    endloop
  endfacet
  facet normal 0 0 1
    outer loop
      vertex -53.5 -49.5 3
      vertex -50.3963 -46.0334 3
      vertex -53.5 49.5 3
    endloop
  endfacet
  facet normal 0 0 1
    outer loop
      vertex -53.5 49.5 3
      vertex -50.734 46.5387 3
      vertex -50.864 46.8137 3
    endloop
  endfacet
  facet normal 0 0 1
    outer loop
      vertex -50.3963 -46.0334 3
      vertex -53.5 -49.5 3
      vertex -50.5776 -46.2777 3
    endloop
  endfacet
  facet normal 0 0 1
    outer loop
      vertex -53.5 49.5 3
      vertex -50.864 46.8137 3
      vertex -50.9665 47.1001 3
    endloop
  endfacet
  facet normal 0 0 1
    outer loop
      vertex -50.5776 -46.2777 3
      vertex -53.5 -49.5 3
      vertex -50.734 -46.5387 3
    endloop
  endfacet
  facet normal 0 0 1
    outer loop
      vertex -53.5 49.5 3
      vertex -50.9665 47.1001 3
      vertex -51.0404 47.3952 3
    endloop
  endfacet
  facet normal 0 0 1
    outer loop
      vertex -50.734 -46.5387 3
      vertex -53.5 -49.5 3
      vertex -50.864 -46.8137 3
    endloop
  endfacet
  facet normal 0 0 1
    outer loop
      vertex -53.5 49.5 3
      vertex -51.0404 47.3952 3
      vertex -51.0851 47.6961 3
    endloop
  endfacet
  facet normal 0 0 1
    outer loop
      vertex -50.864 -46.8137 3
      vertex -53.5 -49.5 3
      vertex -50.9665 -47.1001 3
    endloop
  endfacet
  facet normal 0 0 1
    outer loop
      vertex -53.5 49.5 3
      vertex -51.0851 47.6961 3
      vertex -51.1 48 3
    endloop
  endfacet
  facet normal 0 0 1
    outer loop
      vertex -50.9665 -47.1001 3
      vertex -53.5 -49.5 3
      vertex -51.0404 -47.3952 3
    endloop
  endfacet
  facet normal 0 0 1
    outer loop
      vertex 50.9665 47.1001 3
      vertex 53.5 49.5 3
      vertex 51.0404 47.3952 3
    endloop
  endfacet
  facet normal 0 0 1
    outer loop
      vertex 53.5 -49.5 3
      vertex 51.0851 -47.6961 3
      vertex 51.1 -48 3
    endloop
  endfacet
  facet normal 0 0 1
    outer loop
      vertex 50.864 46.8137 3
      vertex 53.5 49.5 3
      vertex 50.9665 47.1001 3
    endloop
  endfacet
  facet normal 0 0 1
    outer loop
      vertex 53.5 -49.5 3
      vertex 51.0404 -47.3952 3
      vertex 51.0851 -47.6961 3
    endloop
  endfacet
  facet normal 0 0 1
    outer loop
      vertex 50.734 46.5387 3
      vertex 53.5 49.5 3
      vertex 50.864 46.8137 3
    endloop
  endfacet
  facet normal 0 0 1
    outer loop
      vertex 53.5 -49.5 3
      vertex 50.9665 -47.1001 3
      vertex 51.0404 -47.3952 3
    endloop
  endfacet
  facet normal 0 0 1
    outer loop
      vertex 50.5776 46.2777 3
      vertex 53.5 49.5 3
      vertex 50.734 46.5387 3
    endloop
  endfacet
  facet normal 0 0 1
    outer loop
      vertex 53.5 -49.5 3
      vertex 50.864 -46.8137 3
      vertex 50.9665 -47.1001 3
    endloop
  endfacet
  facet normal 0 0 1
    outer loop
      vertex 50.3963 46.0334 3
      vertex 53.5 49.5 3
      vertex 50.5776 46.2777 3
    endloop
  endfacet
  facet normal 0 0 1
    outer loop
      vertex 53.5 -49.5 3
      vertex 50.734 -46.5387 3
      vertex 50.864 -46.8137 3
    endloop
  endfacet
  facet normal 0 0 1
    outer loop
      vertex 53.5 49.5 3
      vertex 50.3963 46.0334 3
      vertex 53.5 -49.5 3
    endloop
  endfacet
  facet normal 0 0 1
    outer loop
      vertex 53.5 -49.5 3
      vertex 50.5776 -46.2777 3
      vertex 50.734 -46.5387 3
    endloop
  endfacet
  facet normal -0 0 1
    outer loop
      vertex 50.3963 -46.0334 3
      vertex 53.5 -49.5 3
      vertex 50.3963 46.0334 3
    endloop
  endfacet
  facet normal 0 0 1
    outer loop
      vertex 53.5 -49.5 3
      vertex 50.3963 -46.0334 3
      vertex 50.5776 -46.2777 3
    endloop
  endfacet
  facet normal -0 0 1
    outer loop
      vertex 50.192 45.808 3
      vertex 50.3963 -46.0334 3
      vertex 50.3963 46.0334 3
    endloop
  endfacet
  facet normal 0 0 1
    outer loop
      vertex 50.192 45.808 3
      vertex 50.192 -45.808 3
      vertex 50.3963 -46.0334 3
    endloop
  endfacet
  facet normal -0 0 1
    outer loop
      vertex 49.9666 45.6037 3
      vertex 50.192 -45.808 3
      vertex 50.192 45.808 3
    endloop
  endfacet
  facet normal 0 0 1
    outer loop
      vertex 49.9666 45.6037 3
      vertex 49.9666 -45.6037 3
      vertex 50.192 -45.808 3
    endloop
  endfacet
  facet normal -0 0 1
    outer loop
      vertex 49.7223 45.4224 3
      vertex 49.9666 -45.6037 3
      vertex 49.9666 45.6037 3
    endloop
  endfacet
  facet normal 0 0 1
    outer loop
      vertex 49.7223 45.4224 3
      vertex 49.7223 -45.4224 3
      vertex 49.9666 -45.6037 3
    endloop
  endfacet
  facet normal -0 0 1
    outer loop
      vertex 49.4613 45.266 3
      vertex 49.7223 -45.4224 3
      vertex 49.7223 45.4224 3
    endloop
  endfacet
  facet normal 0 0 1
    outer loop
      vertex 49.4613 45.266 3
      vertex 49.4613 -45.266 3
      vertex 49.7223 -45.4224 3
    endloop
  endfacet
  facet normal -0 0 1
    outer loop
      vertex 49.1863 45.136 3
      vertex 49.4613 -45.266 3
      vertex 49.4613 45.266 3
    endloop
  endfacet
  facet normal 0 0 1
    outer loop
      vertex 49.1863 45.136 3
      vertex 49.1863 -45.136 3
      vertex 49.4613 -45.266 3
    endloop
  endfacet
  facet normal -0 0 1
    outer loop
      vertex 48.8999 45.0335 3
      vertex 49.1863 -45.136 3
      vertex 49.1863 45.136 3
    endloop
  endfacet
  facet normal 0 0 1
    outer loop
      vertex 48.8999 45.0335 3
      vertex 48.8999 -45.0335 3
      vertex 49.1863 -45.136 3
    endloop
  endfacet
  facet normal -0 0 1
    outer loop
      vertex 48.6048 44.9596 3
      vertex 48.8999 -45.0335 3
      vertex 48.8999 45.0335 3
    endloop
  endfacet
  facet normal 0 0 1
    outer loop
      vertex 48.6048 44.9596 3
      vertex 48.6048 -44.9596 3
      vertex 48.8999 -45.0335 3
    endloop
  endfacet
  facet normal -0 0 1
    outer loop
      vertex 48.3039 44.9149 3
      vertex 48.6048 -44.9596 3
      vertex 48.6048 44.9596 3
    endloop
  endfacet
  facet normal 0 0 1
    outer loop
      vertex 48.3039 44.9149 3
      vertex 48.3039 -44.9149 3
      vertex 48.6048 -44.9596 3
    endloop
  endfacet
  facet normal -0 0 1
    outer loop
      vertex 48 44.9 3
      vertex 48.3039 -44.9149 3
      vertex 48.3039 44.9149 3
    endloop
  endfacet
  facet normal 0 0 1
    outer loop
      vertex 48 44.9 3
      vertex 48 -44.9 3
      vertex 48.3039 -44.9149 3
    endloop
  endfacet
  facet normal 0 0 1
    outer loop
      vertex 47.6961 44.9149 3
      vertex 48 -44.9 3
      vertex 48 44.9 3
    endloop
  endfacet
  facet normal 0 0 1
    outer loop
      vertex 47.6961 44.9149 3
      vertex 47.6961 -44.9149 3
      vertex 48 -44.9 3
    endloop
  endfacet
  facet normal 0 0 1
    outer loop
      vertex 47.3952 44.9596 3
      vertex 47.6961 -44.9149 3
      vertex 47.6961 44.9149 3
    endloop
  endfacet
  facet normal 0 0 1
    outer loop
      vertex 47.3952 44.9596 3
      vertex 47.3952 -44.9596 3
      vertex 47.6961 -44.9149 3
    endloop
  endfacet
  facet normal 0 0 1
    outer loop
      vertex 47.1001 45.0335 3
      vertex 47.3952 -44.9596 3
      vertex 47.3952 44.9596 3
    endloop
  endfacet
  facet normal 0 0 1
    outer loop
      vertex 47.1001 45.0335 3
      vertex 47.1001 -45.0335 3
      vertex 47.3952 -44.9596 3
    endloop
  endfacet
  facet normal 0 0 1
    outer loop
      vertex 46.8137 45.136 3
      vertex 47.1001 -45.0335 3
      vertex 47.1001 45.0335 3
    endloop
  endfacet
  facet normal 0 0 1
    outer loop
      vertex 46.8137 45.136 3
      vertex 46.8137 -45.136 3
      vertex 47.1001 -45.0335 3
    endloop
  endfacet
  facet normal 0 0 1
    outer loop
      vertex 46.5387 45.266 3
      vertex 46.8137 -45.136 3
      vertex 46.8137 45.136 3
    endloop
  endfacet
  facet normal 0 0 1
    outer loop
      vertex 46.5387 45.266 3
      vertex 46.5387 -45.266 3
      vertex 46.8137 -45.136 3
    endloop
  endfacet
  facet normal 0 0 1
    outer loop
      vertex 46.2777 45.4224 3
      vertex 46.5387 -45.266 3
      vertex 46.5387 45.266 3
    endloop
  endfacet
  facet normal 0 0 1
    outer loop
      vertex 46.2777 45.4224 3
      vertex 46.2777 -45.4224 3
      vertex 46.5387 -45.266 3
    endloop
  endfacet
  facet normal 0 0 1
    outer loop
      vertex 46.0334 45.6037 3
      vertex 46.2777 -45.4224 3
      vertex 46.2777 45.4224 3
    endloop
  endfacet
  facet normal 0 0 1
    outer loop
      vertex 46.0334 45.6037 3
      vertex 46.0334 -45.6037 3
      vertex 46.2777 -45.4224 3
    endloop
  endfacet
  facet normal 0 0 1
    outer loop
      vertex 45.808 45.808 3
      vertex 46.0334 -45.6037 3
      vertex 46.0334 45.6037 3
    endloop
  endfacet
  facet normal 0 0 1
    outer loop
      vertex 45.808 45.808 3
      vertex 45.808 -45.808 3
      vertex 46.0334 -45.6037 3
    endloop
  endfacet
  facet normal 0 0 1
    outer loop
      vertex -45.136 46.8137 3
      vertex 45.136 46.8137 3
      vertex -45.0335 47.1001 3
    endloop
  endfacet
  facet normal 0 0 1
    outer loop
      vertex 45.136 46.8137 3
      vertex -45.136 46.8137 3
      vertex 45.266 46.5387 3
    endloop
  endfacet
  facet normal 0 0 1
    outer loop
      vertex 45.0335 47.1001 3
      vertex -45.0335 47.1001 3
      vertex 45.136 46.8137 3
    endloop
  endfacet
  facet normal 0 0 1
    outer loop
      vertex -45.266 46.5387 3
      vertex 45.266 46.5387 3
      vertex -45.136 46.8137 3
    endloop
  endfacet
  facet normal 0 0 1
    outer loop
      vertex -45.0335 47.1001 3
      vertex 45.0335 47.1001 3
      vertex -44.9596 47.3952 3
    endloop
  endfacet
  facet normal 0 0 1
    outer loop
      vertex 45.808 -45.808 3
      vertex -44.9 -48 3
      vertex 45.6037 -46.0334 3
    endloop
  endfacet
  facet normal 0 0 1
    outer loop
      vertex 44.9596 47.3952 3
      vertex -44.9596 47.3952 3
      vertex 45.0335 47.1001 3
    endloop
  endfacet
  facet normal 0 0 1
    outer loop
      vertex 45.6037 -46.0334 3
      vertex -44.9 -48 3
      vertex 45.4224 -46.2777 3
    endloop
  endfacet
  facet normal 0 0 1
    outer loop
      vertex -44.9596 47.3952 3
      vertex 44.9596 47.3952 3
      vertex -44.9149 47.6961 3
    endloop
  endfacet
  facet normal 0 0 1
    outer loop
      vertex 45.4224 -46.2777 3
      vertex -44.9 -48 3
      vertex 45.266 -46.5387 3
    endloop
  endfacet
  facet normal 0 0 1
    outer loop
      vertex 44.9149 47.6961 3
      vertex -44.9149 47.6961 3
      vertex 44.9596 47.3952 3
    endloop
  endfacet
  facet normal 0 0 1
    outer loop
      vertex 45.266 -46.5387 3
      vertex -44.9 -48 3
      vertex 45.136 -46.8137 3
    endloop
  endfacet
  facet normal 0 0 1
    outer loop
      vertex -44.9149 47.6961 3
      vertex 44.9149 47.6961 3
      vertex -44.9 48 3
    endloop
  endfacet
  facet normal 0 0 1
    outer loop
      vertex 45.136 -46.8137 3
      vertex -44.9 -48 3
      vertex 45.0335 -47.1001 3
    endloop
  endfacet
  facet normal -0 0 1
    outer loop
      vertex -44.9 48 3
      vertex 44.9149 47.6961 3
      vertex 44.9 48 3
    endloop
  endfacet
  facet normal 0 0 1
    outer loop
      vertex 45.0335 -47.1001 3
      vertex -44.9 -48 3
      vertex 44.9596 -47.3952 3
    endloop
  endfacet
  facet normal 0 0 1
    outer loop
      vertex 50.864 49.1863 3
      vertex 53.5 49.5 3
      vertex 53.4807 49.8921 3
    endloop
  endfacet
  facet normal 0 0 1
    outer loop
      vertex 51.0851 47.6961 3
      vertex 53.5 49.5 3
      vertex 51.1 48 3
    endloop
  endfacet
  facet normal 0 0 1
    outer loop
      vertex 50.864 49.1863 3
      vertex 53.4807 49.8921 3
      vertex 53.4231 50.2804 3
    endloop
  endfacet
  facet normal 0 0 1
    outer loop
      vertex 51.0404 47.3952 3
      vertex 53.5 49.5 3
      vertex 51.0851 47.6961 3
    endloop
  endfacet
  facet normal 0 0 1
    outer loop
      vertex 50.734 49.4613 3
      vertex 53.4231 50.2804 3
      vertex 53.3278 50.6611 3
    endloop
  endfacet
  facet normal -0 0 1
    outer loop
      vertex 51.0851 -48.3039 3
      vertex 53.5 -49.5 3
      vertex 51.1 -48 3
    endloop
  endfacet
  facet normal 0 0 1
    outer loop
      vertex 50.5776 49.7223 3
      vertex 53.3278 50.6611 3
      vertex 53.1955 51.0307 3
    endloop
  endfacet
  facet normal -0 0 1
    outer loop
      vertex 51.0404 -48.6048 3
      vertex 53.5 -49.5 3
      vertex 51.0851 -48.3039 3
    endloop
  endfacet
  facet normal 0 0 1
    outer loop
      vertex 50.5776 49.7223 3
      vertex 53.1955 51.0307 3
      vertex 53.0277 51.3856 3
    endloop
  endfacet
  facet normal -0 0 1
    outer loop
      vertex 50.9665 -48.8999 3
      vertex 53.5 -49.5 3
      vertex 51.0404 -48.6048 3
    endloop
  endfacet
  facet normal 0 0 1
    outer loop
      vertex 50.3963 49.9666 3
      vertex 53.0277 51.3856 3
      vertex 52.8259 51.7223 3
    endloop
  endfacet
  facet normal -0 0 1
    outer loop
      vertex 50.864 -49.1863 3
      vertex 53.5 -49.5 3
      vertex 50.9665 -48.8999 3
    endloop
  endfacet
  facet normal 0 0 1
    outer loop
      vertex 50.3963 49.9666 3
      vertex 52.8259 51.7223 3
      vertex 52.592 52.0376 3
    endloop
  endfacet
  facet normal 0 0 1
    outer loop
      vertex 53.5 -49.5 3
      vertex 50.864 -49.1863 3
      vertex 53.4807 -49.8921 3
    endloop
  endfacet
  facet normal 0 0 1
    outer loop
      vertex 50.192 50.192 3
      vertex 52.592 52.0376 3
      vertex 52.3284 52.3284 3
    endloop
  endfacet
  facet normal 0 0 1
    outer loop
      vertex 53.4807 -49.8921 3
      vertex 50.864 -49.1863 3
      vertex 53.4231 -50.2804 3
    endloop
  endfacet
  facet normal 0 0 1
    outer loop
      vertex 50.192 50.192 3
      vertex 52.3284 52.3284 3
      vertex 52.0376 52.592 3
    endloop
  endfacet
  facet normal -0 0 1
    outer loop
      vertex 50.734 -49.4613 3
      vertex 53.4231 -50.2804 3
      vertex 50.864 -49.1863 3
    endloop
  endfacet
  facet normal 0 0 1
    outer loop
      vertex 49.9666 50.3963 3
      vertex 52.0376 52.592 3
      vertex 51.7223 52.8259 3
    endloop
  endfacet
  facet normal 0 0 1
    outer loop
      vertex 53.4231 -50.2804 3
      vertex 50.734 -49.4613 3
      vertex 53.3278 -50.6611 3
    endloop
  endfacet
  facet normal 0 0 1
    outer loop
      vertex 49.9666 50.3963 3
      vertex 51.7223 52.8259 3
      vertex 51.3856 53.0277 3
    endloop
  endfacet
  facet normal -0 0 1
    outer loop
      vertex 50.5776 -49.7223 3
      vertex 53.3278 -50.6611 3
      vertex 50.734 -49.4613 3
    endloop
  endfacet
  facet normal 0 0 1
    outer loop
      vertex 53.3278 -50.6611 3
      vertex 50.5776 -49.7223 3
      vertex 53.1955 -51.0307 3
    endloop
  endfacet
  facet normal 0 0 1
    outer loop
      vertex 53.5 49.5 3
      vertex 51.0851 48.3039 3
      vertex 51.1 48 3
    endloop
  endfacet
  facet normal 0 0 1
    outer loop
      vertex 53.5 49.5 3
      vertex 51.0404 48.6048 3
      vertex 51.0851 48.3039 3
    endloop
  endfacet
  facet normal 0 0 1
    outer loop
      vertex 49.7223 50.5776 3
      vertex 51.3856 53.0277 3
      vertex 51.0307 53.1955 3
    endloop
  endfacet
  facet normal 0 0 1
    outer loop
      vertex 53.5 49.5 3
      vertex 50.9665 48.8999 3
      vertex 51.0404 48.6048 3
    endloop
  endfacet
  facet normal 0 0 1
    outer loop
      vertex 53.5 49.5 3
      vertex 50.864 49.1863 3
      vertex 50.9665 48.8999 3
    endloop
  endfacet
  facet normal 0 0 1
    outer loop
      vertex 53.4231 50.2804 3
      vertex 50.734 49.4613 3
      vertex 50.864 49.1863 3
    endloop
  endfacet
  facet normal 0 0 1
    outer loop
      vertex 49.7223 50.5776 3
      vertex 51.0307 53.1955 3
      vertex 50.6611 53.3278 3
    endloop
  endfacet
  facet normal 0 0 1
    outer loop
      vertex 53.3278 50.6611 3
      vertex 50.5776 49.7223 3
      vertex 50.734 49.4613 3
    endloop
  endfacet
  facet normal 0 0 1
    outer loop
      vertex 53.0277 51.3856 3
      vertex 50.3963 49.9666 3
      vertex 50.5776 49.7223 3
    endloop
  endfacet
  facet normal 0 0 1
    outer loop
      vertex 49.4613 50.734 3
      vertex 50.6611 53.3278 3
      vertex 50.2804 53.4231 3
    endloop
  endfacet
  facet normal 0 0 1
    outer loop
      vertex 52.592 52.0376 3
      vertex 50.192 50.192 3
      vertex 50.3963 49.9666 3
    endloop
  endfacet
  facet normal 0 0 1
    outer loop
      vertex 52.0376 52.592 3
      vertex 49.9666 50.3963 3
      vertex 50.192 50.192 3
    endloop
  endfacet
  facet normal 0 0 1
    outer loop
      vertex 49.1863 50.864 3
      vertex 50.2804 53.4231 3
      vertex 49.8921 53.4807 3
    endloop
  endfacet
  facet normal 0 0 1
    outer loop
      vertex 51.3856 53.0277 3
      vertex 49.7223 50.5776 3
      vertex 49.9666 50.3963 3
    endloop
  endfacet
  facet normal 0 0 1
    outer loop
      vertex 49.1863 50.864 3
      vertex 49.8921 53.4807 3
      vertex 49.5 53.5 3
    endloop
  endfacet
  facet normal 0 0 1
    outer loop
      vertex 50.6611 53.3278 3
      vertex 49.4613 50.734 3
      vertex 49.7223 50.5776 3
    endloop
  endfacet
  facet normal 0 0 1
    outer loop
      vertex 50.2804 53.4231 3
      vertex 49.1863 50.864 3
      vertex 49.4613 50.734 3
    endloop
  endfacet
  facet normal 0 0 1
    outer loop
      vertex 49.5 53.5 3
      vertex 48.8999 50.9665 3
      vertex 49.1863 50.864 3
    endloop
  endfacet
  facet normal 0 0 1
    outer loop
      vertex 49.5 53.5 3
      vertex 48.6048 51.0404 3
      vertex 48.8999 50.9665 3
    endloop
  endfacet
  facet normal 0 0 1
    outer loop
      vertex 49.5 53.5 3
      vertex 48.3039 51.0851 3
      vertex 48.6048 51.0404 3
    endloop
  endfacet
  facet normal 0 0 1
    outer loop
      vertex 49.5 53.5 3
      vertex 48 51.1 3
      vertex 48.3039 51.0851 3
    endloop
  endfacet
  facet normal 0 0 1
    outer loop
      vertex 49.5 53.5 3
      vertex 47.6961 51.0851 3
      vertex 48 51.1 3
    endloop
  endfacet
  facet normal 0 0 1
    outer loop
      vertex 49.5 53.5 3
      vertex 47.3952 51.0404 3
      vertex 47.6961 51.0851 3
    endloop
  endfacet
  facet normal 0 0 1
    outer loop
      vertex 49.5 53.5 3
      vertex 47.1001 50.9665 3
      vertex 47.3952 51.0404 3
    endloop
  endfacet
  facet normal 0 0 1
    outer loop
      vertex 49.5 53.5 3
      vertex 46.8137 50.864 3
      vertex 47.1001 50.9665 3
    endloop
  endfacet
  facet normal 0 0 1
    outer loop
      vertex 49.5 53.5 3
      vertex 46.5387 50.734 3
      vertex 46.8137 50.864 3
    endloop
  endfacet
  facet normal 0 0 1
    outer loop
      vertex 49.5 53.5 3
      vertex 46.2777 50.5776 3
      vertex 46.5387 50.734 3
    endloop
  endfacet
  facet normal 0 0 1
    outer loop
      vertex 49.5 53.5 3
      vertex 46.0334 50.3963 3
      vertex 46.2777 50.5776 3
    endloop
  endfacet
  facet normal 0 0 1
    outer loop
      vertex 44.9596 -47.3952 3
      vertex -44.9 -48 3
      vertex 44.9149 -47.6961 3
    endloop
  endfacet
  facet normal 0 0 1
    outer loop
      vertex 44.9149 48.3039 3
      vertex -44.9 48 3
      vertex 44.9 48 3
    endloop
  endfacet
  facet normal 0 0 1
    outer loop
      vertex -44.9149 48.3039 3
      vertex 44.9149 48.3039 3
      vertex 44.9596 48.6048 3
    endloop
  endfacet
  facet normal 0 0 1
    outer loop
      vertex -44.9596 48.6048 3
      vertex 44.9596 48.6048 3
      vertex 45.0335 48.8999 3
    endloop
  endfacet
  facet normal 0 0 1
    outer loop
      vertex -45.0335 48.8999 3
      vertex 45.0335 48.8999 3
      vertex 45.136 49.1863 3
    endloop
  endfacet
  facet normal 0 0 1
    outer loop
      vertex -45.136 49.1863 3
      vertex 45.136 49.1863 3
      vertex 45.266 49.4613 3
    endloop
  endfacet
  facet normal 0 0 1
    outer loop
      vertex -45.266 49.4613 3
      vertex 45.266 49.4613 3
      vertex 45.4224 49.7223 3
    endloop
  endfacet
  facet normal 0 0 1
    outer loop
      vertex -45.4224 49.7223 3
      vertex 45.4224 49.7223 3
      vertex 45.6037 49.9666 3
    endloop
  endfacet
  facet normal 0 0 1
    outer loop
      vertex -45.6037 49.9666 3
      vertex 45.6037 49.9666 3
      vertex 45.808 50.192 3
    endloop
  endfacet
  facet normal 0 0 1
    outer loop
      vertex -45.808 50.192 3
      vertex 45.808 50.192 3
      vertex 46.0334 50.3963 3
    endloop
  endfacet
  facet normal 0 0 1
    outer loop
      vertex -46.0334 50.3963 3
      vertex 46.0334 50.3963 3
      vertex 49.5 53.5 3
    endloop
  endfacet
  facet normal 0 0 1
    outer loop
      vertex 44.9149 48.3039 3
      vertex -44.9149 48.3039 3
      vertex -44.9 48 3
    endloop
  endfacet
  facet normal 0 0 1
    outer loop
      vertex 44.9596 48.6048 3
      vertex -44.9596 48.6048 3
      vertex -44.9149 48.3039 3
    endloop
  endfacet
  facet normal 0 0 1
    outer loop
      vertex 45.0335 48.8999 3
      vertex -45.0335 48.8999 3
      vertex -44.9596 48.6048 3
    endloop
  endfacet
  facet normal 0 0 1
    outer loop
      vertex 45.136 49.1863 3
      vertex -45.136 49.1863 3
      vertex -45.0335 48.8999 3
    endloop
  endfacet
  facet normal 0 0 1
    outer loop
      vertex 45.266 49.4613 3
      vertex -45.266 49.4613 3
      vertex -45.136 49.1863 3
    endloop
  endfacet
  facet normal 0 0 1
    outer loop
      vertex 45.4224 49.7223 3
      vertex -45.4224 49.7223 3
      vertex -45.266 49.4613 3
    endloop
  endfacet
  facet normal 0 0 1
    outer loop
      vertex 45.6037 49.9666 3
      vertex -45.6037 49.9666 3
      vertex -45.4224 49.7223 3
    endloop
  endfacet
  facet normal 0 0 1
    outer loop
      vertex 45.808 50.192 3
      vertex -45.808 50.192 3
      vertex -45.6037 49.9666 3
    endloop
  endfacet
  facet normal 0 0 1
    outer loop
      vertex 46.0334 50.3963 3
      vertex -46.0334 50.3963 3
      vertex -45.808 50.192 3
    endloop
  endfacet
  facet normal -0 0 1
    outer loop
      vertex -49.5 53.5 3
      vertex -46.0334 50.3963 3
      vertex 49.5 53.5 3
    endloop
  endfacet
  facet normal 0 0 1
    outer loop
      vertex -46.0334 50.3963 3
      vertex -49.5 53.5 3
      vertex -46.2777 50.5776 3
    endloop
  endfacet
  facet normal 0 0 1
    outer loop
      vertex -46.2777 50.5776 3
      vertex -49.5 53.5 3
      vertex -46.5387 50.734 3
    endloop
  endfacet
  facet normal 0 0 1
    outer loop
      vertex -46.5387 50.734 3
      vertex -49.5 53.5 3
      vertex -46.8137 50.864 3
    endloop
  endfacet
  facet normal 0 0 1
    outer loop
      vertex -46.8137 50.864 3
      vertex -49.5 53.5 3
      vertex -47.1001 50.9665 3
    endloop
  endfacet
  facet normal 0 0 1
    outer loop
      vertex -47.1001 50.9665 3
      vertex -49.5 53.5 3
      vertex -47.3952 51.0404 3
    endloop
  endfacet
  facet normal 0 0 1
    outer loop
      vertex -47.3952 51.0404 3
      vertex -49.5 53.5 3
      vertex -47.6961 51.0851 3
    endloop
  endfacet
  facet normal 0 0 1
    outer loop
      vertex -47.6961 51.0851 3
      vertex -49.5 53.5 3
      vertex -48 51.1 3
    endloop
  endfacet
  facet normal 0 0 1
    outer loop
      vertex -49.5 53.5 3
      vertex -48.3039 51.0851 3
      vertex -48 51.1 3
    endloop
  endfacet
  facet normal 0 0 1
    outer loop
      vertex -49.5 53.5 3
      vertex -48.6048 51.0404 3
      vertex -48.3039 51.0851 3
    endloop
  endfacet
  facet normal 0 0 1
    outer loop
      vertex -49.5 53.5 3
      vertex -48.8999 50.9665 3
      vertex -48.6048 51.0404 3
    endloop
  endfacet
  facet normal 0 0 1
    outer loop
      vertex -49.5 53.5 3
      vertex -49.1863 50.864 3
      vertex -48.8999 50.9665 3
    endloop
  endfacet
  facet normal -0 0 1
    outer loop
      vertex -49.8921 53.4807 3
      vertex -49.1863 50.864 3
      vertex -49.5 53.5 3
    endloop
  endfacet
  facet normal -0 0 1
    outer loop
      vertex -50.2804 53.4231 3
      vertex -49.1863 50.864 3
      vertex -49.8921 53.4807 3
    endloop
  endfacet
  facet normal 0 0 1
    outer loop
      vertex -49.1863 50.864 3
      vertex -50.2804 53.4231 3
      vertex -49.4613 50.734 3
    endloop
  endfacet
  facet normal -0 0 1
    outer loop
      vertex -50.6611 53.3278 3
      vertex -49.4613 50.734 3
      vertex -50.2804 53.4231 3
    endloop
  endfacet
  facet normal 0 0 1
    outer loop
      vertex -49.4613 50.734 3
      vertex -50.6611 53.3278 3
      vertex -49.7223 50.5776 3
    endloop
  endfacet
  facet normal -0 0 1
    outer loop
      vertex -51.0307 53.1955 3
      vertex -49.7223 50.5776 3
      vertex -50.6611 53.3278 3
    endloop
  endfacet
  facet normal -0 0 1
    outer loop
      vertex -51.3856 53.0277 3
      vertex -49.7223 50.5776 3
      vertex -51.0307 53.1955 3
    endloop
  endfacet
  facet normal 0 0 1
    outer loop
      vertex -49.7223 50.5776 3
      vertex -51.3856 53.0277 3
      vertex -49.9666 50.3963 3
    endloop
  endfacet
  facet normal -0 0 1
    outer loop
      vertex -51.7223 52.8259 3
      vertex -49.9666 50.3963 3
      vertex -51.3856 53.0277 3
    endloop
  endfacet
  facet normal -0 0 1
    outer loop
      vertex -52.0376 52.592 3
      vertex -49.9666 50.3963 3
      vertex -51.7223 52.8259 3
    endloop
  endfacet
  facet normal 0 0 1
    outer loop
      vertex -49.9666 50.3963 3
      vertex -52.0376 52.592 3
      vertex -50.192 50.192 3
    endloop
  endfacet
  facet normal -0 0 1
    outer loop
      vertex -52.3284 52.3284 3
      vertex -50.192 50.192 3
      vertex -52.0376 52.592 3
    endloop
  endfacet
  facet normal -0 0 1
    outer loop
      vertex -52.592 52.0376 3
      vertex -50.192 50.192 3
      vertex -52.3284 52.3284 3
    endloop
  endfacet
  facet normal 0 0 1
    outer loop
      vertex -50.192 50.192 3
      vertex -52.592 52.0376 3
      vertex -50.3963 49.9666 3
    endloop
  endfacet
  facet normal -0 0 1
    outer loop
      vertex -52.8259 51.7223 3
      vertex -50.3963 49.9666 3
      vertex -52.592 52.0376 3
    endloop
  endfacet
  facet normal -0 0 1
    outer loop
      vertex -53.0277 51.3856 3
      vertex -50.3963 49.9666 3
      vertex -52.8259 51.7223 3
    endloop
  endfacet
  facet normal -0 0 1
    outer loop
      vertex -53.1955 51.0307 3
      vertex -50.5776 49.7223 3
      vertex -53.0277 51.3856 3
    endloop
  endfacet
  facet normal 0 0 1
    outer loop
      vertex -50.3963 49.9666 3
      vertex -53.0277 51.3856 3
      vertex -50.5776 49.7223 3
    endloop
  endfacet
  facet normal 0 0 1
    outer loop
      vertex 53.1955 -51.0307 3
      vertex 50.5776 -49.7223 3
      vertex 53.0277 -51.3856 3
    endloop
  endfacet
  facet normal -0 0 1
    outer loop
      vertex 50.3963 -49.9666 3
      vertex 53.0277 -51.3856 3
      vertex 50.5776 -49.7223 3
    endloop
  endfacet
  facet normal 0 0 1
    outer loop
      vertex 53.0277 -51.3856 3
      vertex 50.3963 -49.9666 3
      vertex 52.8259 -51.7223 3
    endloop
  endfacet
  facet normal 0 0 1
    outer loop
      vertex 52.8259 -51.7223 3
      vertex 50.3963 -49.9666 3
      vertex 52.592 -52.0376 3
    endloop
  endfacet
  facet normal -0 0 1
    outer loop
      vertex 50.192 -50.192 3
      vertex 52.592 -52.0376 3
      vertex 50.3963 -49.9666 3
    endloop
  endfacet
  facet normal 0 0 1
    outer loop
      vertex 52.592 -52.0376 3
      vertex 50.192 -50.192 3
      vertex 52.3284 -52.3284 3
    endloop
  endfacet
  facet normal 0 0 1
    outer loop
      vertex 52.3284 -52.3284 3
      vertex 50.192 -50.192 3
      vertex 52.0376 -52.592 3
    endloop
  endfacet
  facet normal -0 0 1
    outer loop
      vertex 49.9666 -50.3963 3
      vertex 52.0376 -52.592 3
      vertex 50.192 -50.192 3
    endloop
  endfacet
  facet normal 0 0 1
    outer loop
      vertex 52.0376 -52.592 3
      vertex 49.9666 -50.3963 3
      vertex 51.7223 -52.8259 3
    endloop
  endfacet
  facet normal 0 0 1
    outer loop
      vertex 51.7223 -52.8259 3
      vertex 49.9666 -50.3963 3
      vertex 51.3856 -53.0277 3
    endloop
  endfacet
  facet normal -0 0 1
    outer loop
      vertex 49.7223 -50.5776 3
      vertex 51.3856 -53.0277 3
      vertex 49.9666 -50.3963 3
    endloop
  endfacet
  facet normal 0 0 1
    outer loop
      vertex 51.3856 -53.0277 3
      vertex 49.7223 -50.5776 3
      vertex 51.0307 -53.1955 3
    endloop
  endfacet
  facet normal 0 0 1
    outer loop
      vertex 51.0307 -53.1955 3
      vertex 49.7223 -50.5776 3
      vertex 50.6611 -53.3278 3
    endloop
  endfacet
  facet normal -0 0 1
    outer loop
      vertex 49.4613 -50.734 3
      vertex 50.6611 -53.3278 3
      vertex 49.7223 -50.5776 3
    endloop
  endfacet
  facet normal 0 0 1
    outer loop
      vertex 50.6611 -53.3278 3
      vertex 49.4613 -50.734 3
      vertex 50.2804 -53.4231 3
    endloop
  endfacet
  facet normal -0 0 1
    outer loop
      vertex 49.1863 -50.864 3
      vertex 50.2804 -53.4231 3
      vertex 49.4613 -50.734 3
    endloop
  endfacet
  facet normal 0 0 1
    outer loop
      vertex 50.2804 -53.4231 3
      vertex 49.1863 -50.864 3
      vertex 49.8921 -53.4807 3
    endloop
  endfacet
  facet normal 0 0 1
    outer loop
      vertex 49.8921 -53.4807 3
      vertex 49.1863 -50.864 3
      vertex 49.5 -53.5 3
    endloop
  endfacet
  facet normal -0 0 1
    outer loop
      vertex 48.8999 -50.9665 3
      vertex 49.5 -53.5 3
      vertex 49.1863 -50.864 3
    endloop
  endfacet
  facet normal -0 0 1
    outer loop
      vertex 48.6048 -51.0404 3
      vertex 49.5 -53.5 3
      vertex 48.8999 -50.9665 3
    endloop
  endfacet
  facet normal -0 0 1
    outer loop
      vertex 48.3039 -51.0851 3
      vertex 49.5 -53.5 3
      vertex 48.6048 -51.0404 3
    endloop
  endfacet
  facet normal -0 0 1
    outer loop
      vertex 48 -51.1 3
      vertex 49.5 -53.5 3
      vertex 48.3039 -51.0851 3
    endloop
  endfacet
  facet normal 0 0 1
    outer loop
      vertex 47.6961 -51.0851 3
      vertex 49.5 -53.5 3
      vertex 48 -51.1 3
    endloop
  endfacet
  facet normal 0 0 1
    outer loop
      vertex 47.3952 -51.0404 3
      vertex 49.5 -53.5 3
      vertex 47.6961 -51.0851 3
    endloop
  endfacet
  facet normal 0 0 1
    outer loop
      vertex 47.1001 -50.9665 3
      vertex 49.5 -53.5 3
      vertex 47.3952 -51.0404 3
    endloop
  endfacet
  facet normal 0 0 1
    outer loop
      vertex 46.8137 -50.864 3
      vertex 49.5 -53.5 3
      vertex 47.1001 -50.9665 3
    endloop
  endfacet
  facet normal 0 0 1
    outer loop
      vertex 46.5387 -50.734 3
      vertex 49.5 -53.5 3
      vertex 46.8137 -50.864 3
    endloop
  endfacet
  facet normal 0 0 1
    outer loop
      vertex 46.2777 -50.5776 3
      vertex 49.5 -53.5 3
      vertex 46.5387 -50.734 3
    endloop
  endfacet
  facet normal 0 0 1
    outer loop
      vertex 46.0334 -50.3963 3
      vertex 49.5 -53.5 3
      vertex 46.2777 -50.5776 3
    endloop
  endfacet
  facet normal 0 0 1
    outer loop
      vertex 44.9149 -47.6961 3
      vertex -44.9 -48 3
      vertex 44.9 -48 3
    endloop
  endfacet
  facet normal 0 0 1
    outer loop
      vertex 44.9 -48 3
      vertex -44.9 -48 3
      vertex 44.9149 -48.3039 3
    endloop
  endfacet
  facet normal 0 0 1
    outer loop
      vertex -44.9149 -48.3039 3
      vertex 44.9149 -48.3039 3
      vertex -44.9 -48 3
    endloop
  endfacet
  facet normal 0 0 1
    outer loop
      vertex 44.9149 -48.3039 3
      vertex -44.9149 -48.3039 3
      vertex 44.9596 -48.6048 3
    endloop
  endfacet
  facet normal 0 0 1
    outer loop
      vertex -44.9596 -48.6048 3
      vertex 44.9596 -48.6048 3
      vertex -44.9149 -48.3039 3
    endloop
  endfacet
  facet normal 0 0 1
    outer loop
      vertex 44.9596 -48.6048 3
      vertex -44.9596 -48.6048 3
      vertex 45.0335 -48.8999 3
    endloop
  endfacet
  facet normal 0 0 1
    outer loop
      vertex -45.0335 -48.8999 3
      vertex 45.0335 -48.8999 3
      vertex -44.9596 -48.6048 3
    endloop
  endfacet
  facet normal 0 0 1
    outer loop
      vertex 45.0335 -48.8999 3
      vertex -45.0335 -48.8999 3
      vertex 45.136 -49.1863 3
    endloop
  endfacet
  facet normal 0 0 1
    outer loop
      vertex -45.136 -49.1863 3
      vertex 45.136 -49.1863 3
      vertex -45.0335 -48.8999 3
    endloop
  endfacet
  facet normal 0 0 1
    outer loop
      vertex 45.136 -49.1863 3
      vertex -45.136 -49.1863 3
      vertex 45.266 -49.4613 3
    endloop
  endfacet
  facet normal 0 0 1
    outer loop
      vertex -45.266 -49.4613 3
      vertex 45.266 -49.4613 3
      vertex -45.136 -49.1863 3
    endloop
  endfacet
  facet normal 0 0 1
    outer loop
      vertex 45.266 -49.4613 3
      vertex -45.266 -49.4613 3
      vertex 45.4224 -49.7223 3
    endloop
  endfacet
  facet normal 0 0 1
    outer loop
      vertex -45.4224 -49.7223 3
      vertex 45.4224 -49.7223 3
      vertex -45.266 -49.4613 3
    endloop
  endfacet
  facet normal 0 0 1
    outer loop
      vertex 45.4224 -49.7223 3
      vertex -45.4224 -49.7223 3
      vertex 45.6037 -49.9666 3
    endloop
  endfacet
  facet normal 0 0 1
    outer loop
      vertex -45.6037 -49.9666 3
      vertex 45.6037 -49.9666 3
      vertex -45.4224 -49.7223 3
    endloop
  endfacet
  facet normal 0 0 1
    outer loop
      vertex 45.6037 -49.9666 3
      vertex -45.6037 -49.9666 3
      vertex 45.808 -50.192 3
    endloop
  endfacet
  facet normal 0 0 1
    outer loop
      vertex -45.808 -50.192 3
      vertex 45.808 -50.192 3
      vertex -45.6037 -49.9666 3
    endloop
  endfacet
  facet normal 0 0 1
    outer loop
      vertex 45.808 -50.192 3
      vertex -45.808 -50.192 3
      vertex 46.0334 -50.3963 3
    endloop
  endfacet
  facet normal 0 0 1
    outer loop
      vertex -46.0334 -50.3963 3
      vertex 46.0334 -50.3963 3
      vertex -45.808 -50.192 3
    endloop
  endfacet
  facet normal 0 0 1
    outer loop
      vertex 46.0334 -50.3963 3
      vertex -46.0334 -50.3963 3
      vertex 49.5 -53.5 3
    endloop
  endfacet
  facet normal 0 0 1
    outer loop
      vertex -49.5 -53.5 3
      vertex -46.0334 -50.3963 3
      vertex -46.2777 -50.5776 3
    endloop
  endfacet
  facet normal 0 0 1
    outer loop
      vertex -49.5 -53.5 3
      vertex -46.2777 -50.5776 3
      vertex -46.5387 -50.734 3
    endloop
  endfacet
  facet normal 0 0 1
    outer loop
      vertex -49.5 -53.5 3
      vertex -46.5387 -50.734 3
      vertex -46.8137 -50.864 3
    endloop
  endfacet
  facet normal 0 0 1
    outer loop
      vertex -49.5 -53.5 3
      vertex -46.8137 -50.864 3
      vertex -47.1001 -50.9665 3
    endloop
  endfacet
  facet normal 0 0 1
    outer loop
      vertex -49.5 -53.5 3
      vertex -47.1001 -50.9665 3
      vertex -47.3952 -51.0404 3
    endloop
  endfacet
  facet normal 0 0 1
    outer loop
      vertex -49.5 -53.5 3
      vertex -47.3952 -51.0404 3
      vertex -47.6961 -51.0851 3
    endloop
  endfacet
  facet normal 0 0 1
    outer loop
      vertex -49.5 -53.5 3
      vertex -47.6961 -51.0851 3
      vertex -48 -51.1 3
    endloop
  endfacet
  facet normal 0 0 1
    outer loop
      vertex -46.0334 -50.3963 3
      vertex -49.5 -53.5 3
      vertex 49.5 -53.5 3
    endloop
  endfacet
  facet normal 0 0 1
    outer loop
      vertex -48.3039 -51.0851 3
      vertex -49.5 -53.5 3
      vertex -48 -51.1 3
    endloop
  endfacet
  facet normal 0 0 1
    outer loop
      vertex -48.6048 -51.0404 3
      vertex -49.5 -53.5 3
      vertex -48.3039 -51.0851 3
    endloop
  endfacet
  facet normal 0 0 1
    outer loop
      vertex -48.8999 -50.9665 3
      vertex -49.5 -53.5 3
      vertex -48.6048 -51.0404 3
    endloop
  endfacet
  facet normal 0 0 1
    outer loop
      vertex -49.1863 -50.864 3
      vertex -49.5 -53.5 3
      vertex -48.8999 -50.9665 3
    endloop
  endfacet
  facet normal 0 0 1
    outer loop
      vertex -50.2804 -53.4231 3
      vertex -49.1863 -50.864 3
      vertex -49.4613 -50.734 3
    endloop
  endfacet
  facet normal 0 0 1
    outer loop
      vertex -50.6611 -53.3278 3
      vertex -49.4613 -50.734 3
      vertex -49.7223 -50.5776 3
    endloop
  endfacet
  facet normal 0 0 1
    outer loop
      vertex -49.1863 -50.864 3
      vertex -49.8921 -53.4807 3
      vertex -49.5 -53.5 3
    endloop
  endfacet
  facet normal 0 0 1
    outer loop
      vertex -51.3856 -53.0277 3
      vertex -49.7223 -50.5776 3
      vertex -49.9666 -50.3963 3
    endloop
  endfacet
  facet normal 0 0 1
    outer loop
      vertex -52.0376 -52.592 3
      vertex -49.9666 -50.3963 3
      vertex -50.192 -50.192 3
    endloop
  endfacet
  facet normal 0 0 1
    outer loop
      vertex -49.1863 -50.864 3
      vertex -50.2804 -53.4231 3
      vertex -49.8921 -53.4807 3
    endloop
  endfacet
  facet normal 0 0 1
    outer loop
      vertex -52.592 -52.0376 3
      vertex -50.192 -50.192 3
      vertex -50.3963 -49.9666 3
    endloop
  endfacet
  facet normal 0 0 1
    outer loop
      vertex -53.0277 -51.3856 3
      vertex -50.3963 -49.9666 3
      vertex -50.5776 -49.7223 3
    endloop
  endfacet
  facet normal 0 0 1
    outer loop
      vertex -49.4613 -50.734 3
      vertex -50.6611 -53.3278 3
      vertex -50.2804 -53.4231 3
    endloop
  endfacet
  facet normal 0 0 1
    outer loop
      vertex -53.3278 -50.6611 3
      vertex -50.5776 -49.7223 3
      vertex -50.734 -49.4613 3
    endloop
  endfacet
  facet normal 0 0 1
    outer loop
      vertex -53.4231 -50.2804 3
      vertex -50.734 -49.4613 3
      vertex -50.864 -49.1863 3
    endloop
  endfacet
  facet normal 0 0 1
    outer loop
      vertex -53.5 -49.5 3
      vertex -50.864 -49.1863 3
      vertex -50.9665 -48.8999 3
    endloop
  endfacet
  facet normal 0 0 1
    outer loop
      vertex -49.7223 -50.5776 3
      vertex -51.0307 -53.1955 3
      vertex -50.6611 -53.3278 3
    endloop
  endfacet
  facet normal 0 0 1
    outer loop
      vertex -53.5 -49.5 3
      vertex -50.9665 -48.8999 3
      vertex -51.0404 -48.6048 3
    endloop
  endfacet
  facet normal 0 0 1
    outer loop
      vertex -53.5 -49.5 3
      vertex -51.0404 -48.6048 3
      vertex -51.0851 -48.3039 3
    endloop
  endfacet
  facet normal 0 0 1
    outer loop
      vertex -53.5 -49.5 3
      vertex -51.0851 -48.3039 3
      vertex -51.1 -48 3
    endloop
  endfacet
  facet normal 0 0 1
    outer loop
      vertex -49.7223 -50.5776 3
      vertex -51.3856 -53.0277 3
      vertex -51.0307 -53.1955 3
    endloop
  endfacet
  facet normal 0 0 1
    outer loop
      vertex -51.0404 -47.3952 3
      vertex -53.5 -49.5 3
      vertex -51.0851 -47.6961 3
    endloop
  endfacet
  facet normal -0 0 1
    outer loop
      vertex -53.3278 50.6611 3
      vertex -50.5776 49.7223 3
      vertex -53.1955 51.0307 3
    endloop
  endfacet
  facet normal 0 0 1
    outer loop
      vertex -51.0851 -47.6961 3
      vertex -53.5 -49.5 3
      vertex -51.1 -48 3
    endloop
  endfacet
  facet normal 0 0 1
    outer loop
      vertex -50.5776 49.7223 3
      vertex -53.3278 50.6611 3
      vertex -50.734 49.4613 3
    endloop
  endfacet
  facet normal 0 0 1
    outer loop
      vertex -50.864 -49.1863 3
      vertex -53.5 -49.5 3
      vertex -53.4807 -49.8921 3
    endloop
  endfacet
  facet normal -0 0 1
    outer loop
      vertex -53.4231 50.2804 3
      vertex -50.734 49.4613 3
      vertex -53.3278 50.6611 3
    endloop
  endfacet
  facet normal 0 0 1
    outer loop
      vertex -49.9666 -50.3963 3
      vertex -51.7223 -52.8259 3
      vertex -51.3856 -53.0277 3
    endloop
  endfacet
  facet normal 0 0 1
    outer loop
      vertex -50.734 49.4613 3
      vertex -53.4231 50.2804 3
      vertex -50.864 49.1863 3
    endloop
  endfacet
  facet normal 0 0 1
    outer loop
      vertex -49.9666 -50.3963 3
      vertex -52.0376 -52.592 3
      vertex -51.7223 -52.8259 3
    endloop
  endfacet
  facet normal -0 0 1
    outer loop
      vertex -53.4807 49.8921 3
      vertex -50.864 49.1863 3
      vertex -53.4231 50.2804 3
    endloop
  endfacet
  facet normal 0 0 1
    outer loop
      vertex -50.192 -50.192 3
      vertex -52.3284 -52.3284 3
      vertex -52.0376 -52.592 3
    endloop
  endfacet
  facet normal -0 0 1
    outer loop
      vertex -53.5 49.5 3
      vertex -50.864 49.1863 3
      vertex -53.4807 49.8921 3
    endloop
  endfacet
  facet normal 0 0 1
    outer loop
      vertex -50.192 -50.192 3
      vertex -52.592 -52.0376 3
      vertex -52.3284 -52.3284 3
    endloop
  endfacet
  facet normal 0 0 1
    outer loop
      vertex -50.864 49.1863 3
      vertex -53.5 49.5 3
      vertex -50.9665 48.8999 3
    endloop
  endfacet
  facet normal 0 0 1
    outer loop
      vertex -50.3963 -49.9666 3
      vertex -52.8259 -51.7223 3
      vertex -52.592 -52.0376 3
    endloop
  endfacet
  facet normal 0 0 1
    outer loop
      vertex -50.9665 48.8999 3
      vertex -53.5 49.5 3
      vertex -51.0404 48.6048 3
    endloop
  endfacet
  facet normal 0 0 1
    outer loop
      vertex -50.3963 -49.9666 3
      vertex -53.0277 -51.3856 3
      vertex -52.8259 -51.7223 3
    endloop
  endfacet
  facet normal 0 0 1
    outer loop
      vertex -51.0404 48.6048 3
      vertex -53.5 49.5 3
      vertex -51.0851 48.3039 3
    endloop
  endfacet
  facet normal 0 0 1
    outer loop
      vertex -50.5776 -49.7223 3
      vertex -53.1955 -51.0307 3
      vertex -53.0277 -51.3856 3
    endloop
  endfacet
  facet normal 0 0 1
    outer loop
      vertex -51.0851 48.3039 3
      vertex -53.5 49.5 3
      vertex -51.1 48 3
    endloop
  endfacet
  facet normal 0 0 1
    outer loop
      vertex -50.5776 -49.7223 3
      vertex -53.3278 -50.6611 3
      vertex -53.1955 -51.0307 3
    endloop
  endfacet
  facet normal 0 0 1
    outer loop
      vertex -50.734 -49.4613 3
      vertex -53.4231 -50.2804 3
      vertex -53.3278 -50.6611 3
    endloop
  endfacet
  facet normal 0 0 1
    outer loop
      vertex -50.864 -49.1863 3
      vertex -53.4807 -49.8921 3
      vertex -53.4231 -50.2804 3
    endloop
  endfacet
  facet normal 1 -0 0
    outer loop
      vertex 53.5 -49.5 3
      vertex 53.5 49.5 0
      vertex 53.5 49.5 3
    endloop
  endfacet
  facet normal 1 0 0
    outer loop
      vertex 53.5 49.5 0
      vertex 53.5 -49.5 3
      vertex 53.5 -49.5 0
    endloop
  endfacet
  facet normal 0 1 -0
    outer loop
      vertex 49.5 53.5 0
      vertex -49.5 53.5 3
      vertex 49.5 53.5 3
    endloop
  endfacet
  facet normal 0 1 0
    outer loop
      vertex -49.5 53.5 3
      vertex 49.5 53.5 0
      vertex -49.5 53.5 0
    endloop
  endfacet
  facet normal -1 0 0
    outer loop
      vertex -53.5 -49.5 0
      vertex -53.5 49.5 3
      vertex -53.5 49.5 0
    endloop
  endfacet
  facet normal -1 -0 0
    outer loop
      vertex -53.5 49.5 3
      vertex -53.5 -49.5 0
      vertex -53.5 -49.5 3
    endloop
  endfacet
  facet normal -0.740908 0.671607 0
    outer loop
      vertex -52.592 52.0376 0
      vertex -52.3284 52.3284 3
      vertex -52.3284 52.3284 0
    endloop
  endfacet
  facet normal -0.740908 0.671607 0
    outer loop
      vertex -52.3284 52.3284 3
      vertex -52.592 52.0376 0
      vertex -52.592 52.0376 3
    endloop
  endfacet
  facet normal 0.85774 -0.514084 0
    outer loop
      vertex 52.8259 -51.7223 3
      vertex 53.0277 -51.3856 0
      vertex 53.0277 -51.3856 3
    endloop
  endfacet
  facet normal 0.85774 -0.514084 0
    outer loop
      vertex 53.0277 -51.3856 0
      vertex 52.8259 -51.7223 3
      vertex 52.8259 -51.7223 0
    endloop
  endfacet
  facet normal -0.595794 0.803137 0
    outer loop
      vertex -51.7223 52.8259 0
      vertex -52.0376 52.592 3
      vertex -51.7223 52.8259 3
    endloop
  endfacet
  facet normal -0.595794 0.803137 0
    outer loop
      vertex -52.0376 52.592 3
      vertex -51.7223 52.8259 0
      vertex -52.0376 52.592 0
    endloop
  endfacet
  facet normal 0.595794 0.803137 -0
    outer loop
      vertex 52.0376 52.592 0
      vertex 51.7223 52.8259 3
      vertex 52.0376 52.592 3
    endloop
  endfacet
  facet normal 0.595794 0.803137 0
    outer loop
      vertex 51.7223 52.8259 3
      vertex 52.0376 52.592 0
      vertex 51.7223 52.8259 0
    endloop
  endfacet
  facet normal -0.146733 -0.989176 0
    outer loop
      vertex -50.2804 -53.4231 0
      vertex -49.8921 -53.4807 3
      vertex -50.2804 -53.4231 3
    endloop
  endfacet
  facet normal -0.146733 -0.989176 -0
    outer loop
      vertex -49.8921 -53.4807 3
      vertex -50.2804 -53.4231 0
      vertex -49.8921 -53.4807 0
    endloop
  endfacet
  facet normal -0.514084 -0.85774 0
    outer loop
      vertex -51.7223 -52.8259 0
      vertex -51.3856 -53.0277 3
      vertex -51.7223 -52.8259 3
    endloop
  endfacet
  facet normal -0.514084 -0.85774 -0
    outer loop
      vertex -51.3856 -53.0277 3
      vertex -51.7223 -52.8259 0
      vertex -51.3856 -53.0277 0
    endloop
  endfacet
  facet normal 0.242835 -0.970068 0
    outer loop
      vertex 50.2804 -53.4231 0
      vertex 50.6611 -53.3278 3
      vertex 50.2804 -53.4231 3
    endloop
  endfacet
  facet normal 0.242835 -0.970068 0
    outer loop
      vertex 50.6611 -53.3278 3
      vertex 50.2804 -53.4231 0
      vertex 50.6611 -53.3278 0
    endloop
  endfacet
  facet normal 0.803137 -0.595794 0
    outer loop
      vertex 52.592 -52.0376 3
      vertex 52.8259 -51.7223 0
      vertex 52.8259 -51.7223 3
    endloop
  endfacet
  facet normal 0.803137 -0.595794 0
    outer loop
      vertex 52.8259 -51.7223 0
      vertex 52.592 -52.0376 3
      vertex 52.592 -52.0376 0
    endloop
  endfacet
  facet normal -0.85774 0.514084 0
    outer loop
      vertex -53.0277 51.3856 0
      vertex -52.8259 51.7223 3
      vertex -52.8259 51.7223 0
    endloop
  endfacet
  facet normal -0.85774 0.514084 0
    outer loop
      vertex -52.8259 51.7223 3
      vertex -53.0277 51.3856 0
      vertex -53.0277 51.3856 3
    endloop
  endfacet
  facet normal -0.998791 -0.0491626 0
    outer loop
      vertex -53.4807 -49.8921 0
      vertex -53.5 -49.5 3
      vertex -53.5 -49.5 0
    endloop
  endfacet
  facet normal -0.998791 -0.0491626 0
    outer loop
      vertex -53.5 -49.5 3
      vertex -53.4807 -49.8921 0
      vertex -53.4807 -49.8921 3
    endloop
  endfacet
  facet normal 0 0 -1
    outer loop
      vertex 49.9458 -48.7142 0
      vertex 53.5 -49.5 0
      vertex 53.4807 -49.8921 0
    endloop
  endfacet
  facet normal 0 0 -1
    outer loop
      vertex 53.5 -49.5 0
      vertex 50.3 -47.3 0
      vertex 53.5 49.5 0
    endloop
  endfacet
  facet normal 0 0 -1
    outer loop
      vertex 49.9458 -48.7142 0
      vertex 53.4807 -49.8921 0
      vertex 53.4231 -50.2804 0
    endloop
  endfacet
  facet normal 0 0 -1
    outer loop
      vertex 50.3 47.3 0
      vertex 53.5 49.5 0
      vertex 50.3 -47.3 0
    endloop
  endfacet
  facet normal 0 0 -1
    outer loop
      vertex 49.7944 -48.9667 0
      vertex 53.4231 -50.2804 0
      vertex 53.3278 -50.6611 0
    endloop
  endfacet
  facet normal 0 0 -1
    outer loop
      vertex 50.2856 47.5941 0
      vertex 53.5 49.5 0
      vertex 50.3 47.3 0
    endloop
  endfacet
  facet normal 0 0 -1
    outer loop
      vertex 49.7944 -48.9667 0
      vertex 53.3278 -50.6611 0
      vertex 53.1955 -51.0307 0
    endloop
  endfacet
  facet normal 0 0 -1
    outer loop
      vertex 50.2424 47.8853 0
      vertex 53.5 49.5 0
      vertex 50.2856 47.5941 0
    endloop
  endfacet
  facet normal 0 0 -1
    outer loop
      vertex 49.619 -49.2032 0
      vertex 53.1955 -51.0307 0
      vertex 53.0277 -51.3856 0
    endloop
  endfacet
  facet normal 0 0 -1
    outer loop
      vertex 50.1708 48.1709 0
      vertex 53.5 49.5 0
      vertex 50.2424 47.8853 0
    endloop
  endfacet
  facet normal 0 0 -1
    outer loop
      vertex 49.619 -49.2032 0
      vertex 53.0277 -51.3856 0
      vertex 52.8259 -51.7223 0
    endloop
  endfacet
  facet normal 0 0 -1
    outer loop
      vertex 50.0716 48.4481 0
      vertex 53.5 49.5 0
      vertex 50.1708 48.1709 0
    endloop
  endfacet
  facet normal 0 0 -1
    outer loop
      vertex 49.619 -49.2032 0
      vertex 52.8259 -51.7223 0
      vertex 52.592 -52.0376 0
    endloop
  endfacet
  facet normal 0 0 -1
    outer loop
      vertex 49.9458 48.7142 0
      vertex 53.5 49.5 0
      vertex 50.0716 48.4481 0
    endloop
  endfacet
  facet normal 0 0 -1
    outer loop
      vertex 49.4213 -49.4213 0
      vertex 52.592 -52.0376 0
      vertex 52.3284 -52.3284 0
    endloop
  endfacet
  facet normal -0 0 -1
    outer loop
      vertex 53.5 49.5 0
      vertex 49.9458 48.7142 0
      vertex 53.4807 49.8921 0
    endloop
  endfacet
  facet normal 0 0 -1
    outer loop
      vertex 49.4213 -49.4213 0
      vertex 52.3284 -52.3284 0
      vertex 52.0376 -52.592 0
    endloop
  endfacet
  facet normal -0 0 -1
    outer loop
      vertex 53.4807 49.8921 0
      vertex 49.9458 48.7142 0
      vertex 53.4231 50.2804 0
    endloop
  endfacet
  facet normal 0 0 -1
    outer loop
      vertex 49.2032 -49.619 0
      vertex 52.0376 -52.592 0
      vertex 51.7223 -52.8259 0
    endloop
  endfacet
  facet normal 0 0 -1
    outer loop
      vertex 49.7944 48.9667 0
      vertex 53.4231 50.2804 0
      vertex 49.9458 48.7142 0
    endloop
  endfacet
  facet normal 0 0 -1
    outer loop
      vertex 49.2032 -49.619 0
      vertex 51.7223 -52.8259 0
      vertex 51.3856 -53.0277 0
    endloop
  endfacet
  facet normal -0 0 -1
    outer loop
      vertex 53.4231 50.2804 0
      vertex 49.7944 48.9667 0
      vertex 53.3278 50.6611 0
    endloop
  endfacet
  facet normal 0 0 -1
    outer loop
      vertex 49.2032 -49.619 0
      vertex 51.3856 -53.0277 0
      vertex 51.0307 -53.1955 0
    endloop
  endfacet
  facet normal -0 0 -1
    outer loop
      vertex 53.3278 50.6611 0
      vertex 49.7944 48.9667 0
      vertex 53.1955 51.0307 0
    endloop
  endfacet
  facet normal 0 0 -1
    outer loop
      vertex 48.9667 -49.7944 0
      vertex 51.0307 -53.1955 0
      vertex 50.6611 -53.3278 0
    endloop
  endfacet
  facet normal 0 0 -1
    outer loop
      vertex 49.619 49.2032 0
      vertex 53.1955 51.0307 0
      vertex 49.7944 48.9667 0
    endloop
  endfacet
  facet normal -0 0 -1
    outer loop
      vertex 53.1955 51.0307 0
      vertex 49.619 49.2032 0
      vertex 53.0277 51.3856 0
    endloop
  endfacet
  facet normal 0 0 -1
    outer loop
      vertex 53.5 -49.5 0
      vertex 50.2856 -47.5941 0
      vertex 50.3 -47.3 0
    endloop
  endfacet
  facet normal 0 0 -1
    outer loop
      vertex 48.9667 -49.7944 0
      vertex 50.6611 -53.3278 0
      vertex 50.2804 -53.4231 0
    endloop
  endfacet
  facet normal 0 0 -1
    outer loop
      vertex 53.5 -49.5 0
      vertex 50.2424 -47.8853 0
      vertex 50.2856 -47.5941 0
    endloop
  endfacet
  facet normal 0 0 -1
    outer loop
      vertex 53.5 -49.5 0
      vertex 50.1708 -48.1709 0
      vertex 50.2424 -47.8853 0
    endloop
  endfacet
  facet normal 0 0 -1
    outer loop
      vertex 53.5 -49.5 0
      vertex 50.0716 -48.4481 0
      vertex 50.1708 -48.1709 0
    endloop
  endfacet
  facet normal 0 0 -1
    outer loop
      vertex 53.5 -49.5 0
      vertex 49.9458 -48.7142 0
      vertex 50.0716 -48.4481 0
    endloop
  endfacet
  facet normal 0 0 -1
    outer loop
      vertex 48.7142 -49.9458 0
      vertex 50.2804 -53.4231 0
      vertex 49.8921 -53.4807 0
    endloop
  endfacet
  facet normal 0 0 -1
    outer loop
      vertex 53.4231 -50.2804 0
      vertex 49.7944 -48.9667 0
      vertex 49.9458 -48.7142 0
    endloop
  endfacet
  facet normal 0 0 -1
    outer loop
      vertex 53.1955 -51.0307 0
      vertex 49.619 -49.2032 0
      vertex 49.7944 -48.9667 0
    endloop
  endfacet
  facet normal 0 0 -1
    outer loop
      vertex 48.7142 -49.9458 0
      vertex 49.8921 -53.4807 0
      vertex 49.5 -53.5 0
    endloop
  endfacet
  facet normal 0 0 -1
    outer loop
      vertex 52.592 -52.0376 0
      vertex 49.4213 -49.4213 0
      vertex 49.619 -49.2032 0
    endloop
  endfacet
  facet normal 0 0 -1
    outer loop
      vertex 52.0376 -52.592 0
      vertex 49.2032 -49.619 0
      vertex 49.4213 -49.4213 0
    endloop
  endfacet
  facet normal 0 0 -1
    outer loop
      vertex 51.0307 -53.1955 0
      vertex 48.9667 -49.7944 0
      vertex 49.2032 -49.619 0
    endloop
  endfacet
  facet normal 0 0 -1
    outer loop
      vertex 50.2804 -53.4231 0
      vertex 48.7142 -49.9458 0
      vertex 48.9667 -49.7944 0
    endloop
  endfacet
  facet normal 0 0 -1
    outer loop
      vertex 49.5 -53.5 0
      vertex 48.4481 -50.0716 0
      vertex 48.7142 -49.9458 0
    endloop
  endfacet
  facet normal 0 0 -1
    outer loop
      vertex 49.5 -53.5 0
      vertex 48.1709 -50.1708 0
      vertex 48.4481 -50.0716 0
    endloop
  endfacet
  facet normal 0 0 -1
    outer loop
      vertex 49.5 -53.5 0
      vertex 47.8853 -50.2424 0
      vertex 48.1709 -50.1708 0
    endloop
  endfacet
  facet normal 0 0 -1
    outer loop
      vertex 49.5 -53.5 0
      vertex 47.5941 -50.2856 0
      vertex 47.8853 -50.2424 0
    endloop
  endfacet
  facet normal 0 0 -1
    outer loop
      vertex 49.5 -53.5 0
      vertex 47.3 -50.3 0
      vertex 47.5941 -50.2856 0
    endloop
  endfacet
  facet normal 0 0 -1
    outer loop
      vertex 49.5 -53.5 0
      vertex -47.3 -50.3 0
      vertex 47.3 -50.3 0
    endloop
  endfacet
  facet normal 0 0 -1
    outer loop
      vertex -49.5 -53.5 0
      vertex -47.3 -50.3 0
      vertex 49.5 -53.5 0
    endloop
  endfacet
  facet normal 0 0 -1
    outer loop
      vertex -49.5 -53.5 0
      vertex -47.5941 -50.2856 0
      vertex -47.3 -50.3 0
    endloop
  endfacet
  facet normal 0 0 -1
    outer loop
      vertex -49.5 -53.5 0
      vertex -47.8853 -50.2424 0
      vertex -47.5941 -50.2856 0
    endloop
  endfacet
  facet normal 0 0 -1
    outer loop
      vertex -49.5 -53.5 0
      vertex -48.1709 -50.1708 0
      vertex -47.8853 -50.2424 0
    endloop
  endfacet
  facet normal 0 0 -1
    outer loop
      vertex -49.5 -53.5 0
      vertex -48.4481 -50.0716 0
      vertex -48.1709 -50.1708 0
    endloop
  endfacet
  facet normal 0 0 -1
    outer loop
      vertex -49.5 -53.5 0
      vertex -48.7142 -49.9458 0
      vertex -48.4481 -50.0716 0
    endloop
  endfacet
  facet normal 0 0 -1
    outer loop
      vertex -49.8921 -53.4807 0
      vertex -48.7142 -49.9458 0
      vertex -49.5 -53.5 0
    endloop
  endfacet
  facet normal 0 0 -1
    outer loop
      vertex -50.2804 -53.4231 0
      vertex -48.7142 -49.9458 0
      vertex -49.8921 -53.4807 0
    endloop
  endfacet
  facet normal -0 0 -1
    outer loop
      vertex -48.7142 -49.9458 0
      vertex -50.2804 -53.4231 0
      vertex -48.9667 -49.7944 0
    endloop
  endfacet
  facet normal 0 0 -1
    outer loop
      vertex -50.6611 -53.3278 0
      vertex -48.9667 -49.7944 0
      vertex -50.2804 -53.4231 0
    endloop
  endfacet
  facet normal 0 0 -1
    outer loop
      vertex -51.0307 -53.1955 0
      vertex -48.9667 -49.7944 0
      vertex -50.6611 -53.3278 0
    endloop
  endfacet
  facet normal -0 0 -1
    outer loop
      vertex -48.9667 -49.7944 0
      vertex -51.0307 -53.1955 0
      vertex -49.2032 -49.619 0
    endloop
  endfacet
  facet normal 0 0 -1
    outer loop
      vertex -51.3856 -53.0277 0
      vertex -49.2032 -49.619 0
      vertex -51.0307 -53.1955 0
    endloop
  endfacet
  facet normal 0 0 -1
    outer loop
      vertex -51.7223 -52.8259 0
      vertex -49.2032 -49.619 0
      vertex -51.3856 -53.0277 0
    endloop
  endfacet
  facet normal 0 0 -1
    outer loop
      vertex -52.0376 -52.592 0
      vertex -49.2032 -49.619 0
      vertex -51.7223 -52.8259 0
    endloop
  endfacet
  facet normal -0 0 -1
    outer loop
      vertex -49.2032 -49.619 0
      vertex -52.0376 -52.592 0
      vertex -49.4213 -49.4213 0
    endloop
  endfacet
  facet normal 0 0 -1
    outer loop
      vertex -52.3284 -52.3284 0
      vertex -49.4213 -49.4213 0
      vertex -52.0376 -52.592 0
    endloop
  endfacet
  facet normal 0 0 -1
    outer loop
      vertex -52.592 -52.0376 0
      vertex -49.4213 -49.4213 0
      vertex -52.3284 -52.3284 0
    endloop
  endfacet
  facet normal -0 0 -1
    outer loop
      vertex -49.4213 -49.4213 0
      vertex -52.592 -52.0376 0
      vertex -49.619 -49.2032 0
    endloop
  endfacet
  facet normal 0 0 -1
    outer loop
      vertex -53.0277 -51.3856 0
      vertex -49.619 -49.2032 0
      vertex -52.8259 -51.7223 0
    endloop
  endfacet
  facet normal 0 0 -1
    outer loop
      vertex -52.8259 -51.7223 0
      vertex -49.619 -49.2032 0
      vertex -52.592 -52.0376 0
    endloop
  endfacet
  facet normal -0 0 -1
    outer loop
      vertex 53.0277 51.3856 0
      vertex 49.619 49.2032 0
      vertex 52.8259 51.7223 0
    endloop
  endfacet
  facet normal -0 0 -1
    outer loop
      vertex 52.8259 51.7223 0
      vertex 49.619 49.2032 0
      vertex 52.592 52.0376 0
    endloop
  endfacet
  facet normal 0 0 -1
    outer loop
      vertex 49.4213 49.4213 0
      vertex 52.592 52.0376 0
      vertex 49.619 49.2032 0
    endloop
  endfacet
  facet normal -0 0 -1
    outer loop
      vertex 52.592 52.0376 0
      vertex 49.4213 49.4213 0
      vertex 52.3284 52.3284 0
    endloop
  endfacet
  facet normal -0 0 -1
    outer loop
      vertex 52.3284 52.3284 0
      vertex 49.4213 49.4213 0
      vertex 52.0376 52.592 0
    endloop
  endfacet
  facet normal 0 0 -1
    outer loop
      vertex 49.2032 49.619 0
      vertex 52.0376 52.592 0
      vertex 49.4213 49.4213 0
    endloop
  endfacet
  facet normal -0 0 -1
    outer loop
      vertex 52.0376 52.592 0
      vertex 49.2032 49.619 0
      vertex 51.7223 52.8259 0
    endloop
  endfacet
  facet normal -0 0 -1
    outer loop
      vertex 51.7223 52.8259 0
      vertex 49.2032 49.619 0
      vertex 51.3856 53.0277 0
    endloop
  endfacet
  facet normal -0 0 -1
    outer loop
      vertex 51.3856 53.0277 0
      vertex 49.2032 49.619 0
      vertex 51.0307 53.1955 0
    endloop
  endfacet
  facet normal 0 0 -1
    outer loop
      vertex 48.9667 49.7944 0
      vertex 51.0307 53.1955 0
      vertex 49.2032 49.619 0
    endloop
  endfacet
  facet normal -0 0 -1
    outer loop
      vertex 51.0307 53.1955 0
      vertex 48.9667 49.7944 0
      vertex 50.6611 53.3278 0
    endloop
  endfacet
  facet normal -0 0 -1
    outer loop
      vertex 50.6611 53.3278 0
      vertex 48.9667 49.7944 0
      vertex 50.2804 53.4231 0
    endloop
  endfacet
  facet normal 0 0 -1
    outer loop
      vertex 48.7142 49.9458 0
      vertex 50.2804 53.4231 0
      vertex 48.9667 49.7944 0
    endloop
  endfacet
  facet normal -0 0 -1
    outer loop
      vertex 50.2804 53.4231 0
      vertex 48.7142 49.9458 0
      vertex 49.8921 53.4807 0
    endloop
  endfacet
  facet normal -0 0 -1
    outer loop
      vertex 49.8921 53.4807 0
      vertex 48.7142 49.9458 0
      vertex 49.5 53.5 0
    endloop
  endfacet
  facet normal 0 0 -1
    outer loop
      vertex 48.4481 50.0716 0
      vertex 49.5 53.5 0
      vertex 48.7142 49.9458 0
    endloop
  endfacet
  facet normal 0 0 -1
    outer loop
      vertex 48.1709 50.1708 0
      vertex 49.5 53.5 0
      vertex 48.4481 50.0716 0
    endloop
  endfacet
  facet normal 0 0 -1
    outer loop
      vertex 47.8853 50.2424 0
      vertex 49.5 53.5 0
      vertex 48.1709 50.1708 0
    endloop
  endfacet
  facet normal 0 0 -1
    outer loop
      vertex 47.5941 50.2856 0
      vertex 49.5 53.5 0
      vertex 47.8853 50.2424 0
    endloop
  endfacet
  facet normal 0 0 -1
    outer loop
      vertex 47.3 50.3 0
      vertex 49.5 53.5 0
      vertex 47.5941 50.2856 0
    endloop
  endfacet
  facet normal 0 0 -1
    outer loop
      vertex -47.3 50.3 0
      vertex 49.5 53.5 0
      vertex 47.3 50.3 0
    endloop
  endfacet
  facet normal 0 0 -1
    outer loop
      vertex -47.3 50.3 0
      vertex -49.5 53.5 0
      vertex 49.5 53.5 0
    endloop
  endfacet
  facet normal 0 0 -1
    outer loop
      vertex -47.5941 50.2856 0
      vertex -49.5 53.5 0
      vertex -47.3 50.3 0
    endloop
  endfacet
  facet normal 0 0 -1
    outer loop
      vertex -47.8853 50.2424 0
      vertex -49.5 53.5 0
      vertex -47.5941 50.2856 0
    endloop
  endfacet
  facet normal 0 0 -1
    outer loop
      vertex -48.1709 50.1708 0
      vertex -49.5 53.5 0
      vertex -47.8853 50.2424 0
    endloop
  endfacet
  facet normal 0 0 -1
    outer loop
      vertex -48.4481 50.0716 0
      vertex -49.5 53.5 0
      vertex -48.1709 50.1708 0
    endloop
  endfacet
  facet normal 0 0 -1
    outer loop
      vertex -48.7142 49.9458 0
      vertex -49.5 53.5 0
      vertex -48.4481 50.0716 0
    endloop
  endfacet
  facet normal 0 0 -1
    outer loop
      vertex -50.2804 53.4231 0
      vertex -48.7142 49.9458 0
      vertex -48.9667 49.7944 0
    endloop
  endfacet
  facet normal 0 0 -1
    outer loop
      vertex -51.0307 53.1955 0
      vertex -48.9667 49.7944 0
      vertex -49.2032 49.619 0
    endloop
  endfacet
  facet normal 0 0 -1
    outer loop
      vertex -52.0376 52.592 0
      vertex -49.2032 49.619 0
      vertex -49.4213 49.4213 0
    endloop
  endfacet
  facet normal 0 0 -1
    outer loop
      vertex -52.592 52.0376 0
      vertex -49.4213 49.4213 0
      vertex -49.619 49.2032 0
    endloop
  endfacet
  facet normal 0 0 -1
    outer loop
      vertex -53.1955 51.0307 0
      vertex -49.619 49.2032 0
      vertex -49.7944 48.9667 0
    endloop
  endfacet
  facet normal 0 0 -1
    outer loop
      vertex -48.7142 49.9458 0
      vertex -49.8921 53.4807 0
      vertex -49.5 53.5 0
    endloop
  endfacet
  facet normal 0 0 -1
    outer loop
      vertex -53.4231 50.2804 0
      vertex -49.7944 48.9667 0
      vertex -49.9458 48.7142 0
    endloop
  endfacet
  facet normal 0 0 -1
    outer loop
      vertex -53.5 49.5 0
      vertex -49.9458 48.7142 0
      vertex -50.0716 48.4481 0
    endloop
  endfacet
  facet normal 0 0 -1
    outer loop
      vertex -53.5 49.5 0
      vertex -50.0716 48.4481 0
      vertex -50.1708 48.1709 0
    endloop
  endfacet
  facet normal 0 0 -1
    outer loop
      vertex -53.5 49.5 0
      vertex -50.1708 48.1709 0
      vertex -50.2424 47.8853 0
    endloop
  endfacet
  facet normal 0 0 -1
    outer loop
      vertex -48.7142 49.9458 0
      vertex -50.2804 53.4231 0
      vertex -49.8921 53.4807 0
    endloop
  endfacet
  facet normal 0 0 -1
    outer loop
      vertex -53.5 49.5 0
      vertex -50.2424 47.8853 0
      vertex -50.2856 47.5941 0
    endloop
  endfacet
  facet normal 0 0 -1
    outer loop
      vertex -53.5 49.5 0
      vertex -50.2856 47.5941 0
      vertex -50.3 47.3 0
    endloop
  endfacet
  facet normal -0 0 -1
    outer loop
      vertex -50.3 -47.3 0
      vertex -53.5 -49.5 0
      vertex -50.3 47.3 0
    endloop
  endfacet
  facet normal 0 0 -1
    outer loop
      vertex -53.5 49.5 0
      vertex -50.3 47.3 0
      vertex -53.5 -49.5 0
    endloop
  endfacet
  facet normal 0 0 -1
    outer loop
      vertex -53.1955 -51.0307 0
      vertex -49.619 -49.2032 0
      vertex -53.0277 -51.3856 0
    endloop
  endfacet
  facet normal 0 0 -1
    outer loop
      vertex -49.9458 48.7142 0
      vertex -53.5 49.5 0
      vertex -53.4807 49.8921 0
    endloop
  endfacet
  facet normal -0 0 -1
    outer loop
      vertex -49.619 -49.2032 0
      vertex -53.1955 -51.0307 0
      vertex -49.7944 -48.9667 0
    endloop
  endfacet
  facet normal 0 0 -1
    outer loop
      vertex -48.9667 49.7944 0
      vertex -50.6611 53.3278 0
      vertex -50.2804 53.4231 0
    endloop
  endfacet
  facet normal 0 0 -1
    outer loop
      vertex -53.3278 -50.6611 0
      vertex -49.7944 -48.9667 0
      vertex -53.1955 -51.0307 0
    endloop
  endfacet
  facet normal 0 0 -1
    outer loop
      vertex -48.9667 49.7944 0
      vertex -51.0307 53.1955 0
      vertex -50.6611 53.3278 0
    endloop
  endfacet
  facet normal 0 0 -1
    outer loop
      vertex -53.4231 -50.2804 0
      vertex -49.7944 -48.9667 0
      vertex -53.3278 -50.6611 0
    endloop
  endfacet
  facet normal 0 0 -1
    outer loop
      vertex -49.2032 49.619 0
      vertex -51.3856 53.0277 0
      vertex -51.0307 53.1955 0
    endloop
  endfacet
  facet normal -0 0 -1
    outer loop
      vertex -49.7944 -48.9667 0
      vertex -53.4231 -50.2804 0
      vertex -49.9458 -48.7142 0
    endloop
  endfacet
  facet normal 0 0 -1
    outer loop
      vertex -49.2032 49.619 0
      vertex -51.7223 52.8259 0
      vertex -51.3856 53.0277 0
    endloop
  endfacet
  facet normal 0 0 -1
    outer loop
      vertex -53.4807 -49.8921 0
      vertex -49.9458 -48.7142 0
      vertex -53.4231 -50.2804 0
    endloop
  endfacet
  facet normal 0 0 -1
    outer loop
      vertex -49.2032 49.619 0
      vertex -52.0376 52.592 0
      vertex -51.7223 52.8259 0
    endloop
  endfacet
  facet normal 0 0 -1
    outer loop
      vertex -53.5 -49.5 0
      vertex -49.9458 -48.7142 0
      vertex -53.4807 -49.8921 0
    endloop
  endfacet
  facet normal 0 0 -1
    outer loop
      vertex -49.4213 49.4213 0
      vertex -52.3284 52.3284 0
      vertex -52.0376 52.592 0
    endloop
  endfacet
  facet normal -0 0 -1
    outer loop
      vertex -49.9458 -48.7142 0
      vertex -53.5 -49.5 0
      vertex -50.0716 -48.4481 0
    endloop
  endfacet
  facet normal 0 0 -1
    outer loop
      vertex -49.4213 49.4213 0
      vertex -52.592 52.0376 0
      vertex -52.3284 52.3284 0
    endloop
  endfacet
  facet normal -0 0 -1
    outer loop
      vertex -50.0716 -48.4481 0
      vertex -53.5 -49.5 0
      vertex -50.1708 -48.1709 0
    endloop
  endfacet
  facet normal 0 0 -1
    outer loop
      vertex -49.619 49.2032 0
      vertex -52.8259 51.7223 0
      vertex -52.592 52.0376 0
    endloop
  endfacet
  facet normal -0 0 -1
    outer loop
      vertex -50.1708 -48.1709 0
      vertex -53.5 -49.5 0
      vertex -50.2424 -47.8853 0
    endloop
  endfacet
  facet normal 0 0 -1
    outer loop
      vertex -49.619 49.2032 0
      vertex -53.0277 51.3856 0
      vertex -52.8259 51.7223 0
    endloop
  endfacet
  facet normal -0 0 -1
    outer loop
      vertex -50.2424 -47.8853 0
      vertex -53.5 -49.5 0
      vertex -50.2856 -47.5941 0
    endloop
  endfacet
  facet normal 0 0 -1
    outer loop
      vertex -49.619 49.2032 0
      vertex -53.1955 51.0307 0
      vertex -53.0277 51.3856 0
    endloop
  endfacet
  facet normal -0 0 -1
    outer loop
      vertex -50.2856 -47.5941 0
      vertex -53.5 -49.5 0
      vertex -50.3 -47.3 0
    endloop
  endfacet
  facet normal 0 0 -1
    outer loop
      vertex -49.7944 48.9667 0
      vertex -53.3278 50.6611 0
      vertex -53.1955 51.0307 0
    endloop
  endfacet
  facet normal 0 0 -1
    outer loop
      vertex -49.7944 48.9667 0
      vertex -53.4231 50.2804 0
      vertex -53.3278 50.6611 0
    endloop
  endfacet
  facet normal 0 0 -1
    outer loop
      vertex -49.9458 48.7142 0
      vertex -53.4807 49.8921 0
      vertex -53.4231 50.2804 0
    endloop
  endfacet
  facet normal -0.989176 0.146733 0
    outer loop
      vertex -53.4807 49.8921 0
      vertex -53.4231 50.2804 3
      vertex -53.4231 50.2804 0
    endloop
  endfacet
  facet normal -0.989176 0.146733 0
    outer loop
      vertex -53.4231 50.2804 3
      vertex -53.4807 49.8921 0
      vertex -53.4807 49.8921 3
    endloop
  endfacet
  facet normal -0.970068 0.242835 0
    outer loop
      vertex -53.4231 50.2804 0
      vertex -53.3278 50.6611 3
      vertex -53.3278 50.6611 0
    endloop
  endfacet
  facet normal -0.970068 0.242835 0
    outer loop
      vertex -53.3278 50.6611 3
      vertex -53.4231 50.2804 0
      vertex -53.4231 50.2804 3
    endloop
  endfacet
  facet normal 0.9415 -0.337014 0
    outer loop
      vertex 53.1955 -51.0307 3
      vertex 53.3278 -50.6611 0
      vertex 53.3278 -50.6611 3
    endloop
  endfacet
  facet normal 0.9415 -0.337014 0
    outer loop
      vertex 53.3278 -50.6611 0
      vertex 53.1955 -51.0307 3
      vertex 53.1955 -51.0307 0
    endloop
  endfacet
  facet normal 0.989176 -0.146733 0
    outer loop
      vertex 53.4231 -50.2804 3
      vertex 53.4807 -49.8921 0
      vertex 53.4807 -49.8921 3
    endloop
  endfacet
  facet normal 0.989176 -0.146733 0
    outer loop
      vertex 53.4807 -49.8921 0
      vertex 53.4231 -50.2804 3
      vertex 53.4231 -50.2804 0
    endloop
  endfacet
  facet normal 0.242835 0.970068 -0
    outer loop
      vertex 50.6611 53.3278 0
      vertex 50.2804 53.4231 3
      vertex 50.6611 53.3278 3
    endloop
  endfacet
  facet normal 0.242835 0.970068 0
    outer loop
      vertex 50.2804 53.4231 3
      vertex 50.6611 53.3278 0
      vertex 50.2804 53.4231 0
    endloop
  endfacet
  facet normal -0.671607 -0.740908 0
    outer loop
      vertex -52.3284 -52.3284 0
      vertex -52.0376 -52.592 3
      vertex -52.3284 -52.3284 3
    endloop
  endfacet
  facet normal -0.671607 -0.740908 -0
    outer loop
      vertex -52.0376 -52.592 3
      vertex -52.3284 -52.3284 0
      vertex -52.0376 -52.592 0
    endloop
  endfacet
  facet normal -0.904044 -0.42744 0
    outer loop
      vertex -53.0277 -51.3856 0
      vertex -53.1955 -51.0307 3
      vertex -53.1955 -51.0307 0
    endloop
  endfacet
  facet normal -0.904044 -0.42744 0
    outer loop
      vertex -53.1955 -51.0307 3
      vertex -53.0277 -51.3856 0
      vertex -53.0277 -51.3856 3
    endloop
  endfacet
  facet normal -0.970068 -0.242835 0
    outer loop
      vertex -53.3278 -50.6611 0
      vertex -53.4231 -50.2804 3
      vertex -53.4231 -50.2804 0
    endloop
  endfacet
  facet normal -0.970068 -0.242835 0
    outer loop
      vertex -53.4231 -50.2804 3
      vertex -53.3278 -50.6611 0
      vertex -53.3278 -50.6611 3
    endloop
  endfacet
  facet normal -0.595794 -0.803137 0
    outer loop
      vertex -52.0376 -52.592 0
      vertex -51.7223 -52.8259 3
      vertex -52.0376 -52.592 3
    endloop
  endfacet
  facet normal -0.595794 -0.803137 -0
    outer loop
      vertex -51.7223 -52.8259 3
      vertex -52.0376 -52.592 0
      vertex -51.7223 -52.8259 0
    endloop
  endfacet
  facet normal -0.42744 -0.904044 0
    outer loop
      vertex -51.3856 -53.0277 0
      vertex -51.0307 -53.1955 3
      vertex -51.3856 -53.0277 3
    endloop
  endfacet
  facet normal -0.42744 -0.904044 -0
    outer loop
      vertex -51.0307 -53.1955 3
      vertex -51.3856 -53.0277 0
      vertex -51.0307 -53.1955 0
    endloop
  endfacet
  facet normal -0.337014 -0.9415 0
    outer loop
      vertex -51.0307 -53.1955 0
      vertex -50.6611 -53.3278 3
      vertex -51.0307 -53.1955 3
    endloop
  endfacet
  facet normal -0.337014 -0.9415 -0
    outer loop
      vertex -50.6611 -53.3278 3
      vertex -51.0307 -53.1955 0
      vertex -50.6611 -53.3278 0
    endloop
  endfacet
  facet normal 0.595794 -0.803137 0
    outer loop
      vertex 51.7223 -52.8259 0
      vertex 52.0376 -52.592 3
      vertex 51.7223 -52.8259 3
    endloop
  endfacet
  facet normal 0.595794 -0.803137 0
    outer loop
      vertex 52.0376 -52.592 3
      vertex 51.7223 -52.8259 0
      vertex 52.0376 -52.592 0
    endloop
  endfacet
  facet normal 0.0491626 -0.998791 0
    outer loop
      vertex 49.5 -53.5 0
      vertex 49.8921 -53.4807 3
      vertex 49.5 -53.5 3
    endloop
  endfacet
  facet normal 0.0491626 -0.998791 0
    outer loop
      vertex 49.8921 -53.4807 3
      vertex 49.5 -53.5 0
      vertex 49.8921 -53.4807 0
    endloop
  endfacet
  facet normal -0.998791 0.0491626 0
    outer loop
      vertex -53.5 49.5 0
      vertex -53.4807 49.8921 3
      vertex -53.4807 49.8921 0
    endloop
  endfacet
  facet normal -0.998791 0.0491626 0
    outer loop
      vertex -53.4807 49.8921 3
      vertex -53.5 49.5 0
      vertex -53.5 49.5 3
    endloop
  endfacet
  facet normal -0.9415 0.337014 0
    outer loop
      vertex -53.3278 50.6611 0
      vertex -53.1955 51.0307 3
      vertex -53.1955 51.0307 0
    endloop
  endfacet
  facet normal -0.9415 0.337014 0
    outer loop
      vertex -53.1955 51.0307 3
      vertex -53.3278 50.6611 0
      vertex -53.3278 50.6611 3
    endloop
  endfacet
  facet normal -0.803137 0.595794 0
    outer loop
      vertex -52.8259 51.7223 0
      vertex -52.592 52.0376 3
      vertex -52.592 52.0376 0
    endloop
  endfacet
  facet normal -0.803137 0.595794 0
    outer loop
      vertex -52.592 52.0376 3
      vertex -52.8259 51.7223 0
      vertex -52.8259 51.7223 3
    endloop
  endfacet
  facet normal -0.904044 0.42744 0
    outer loop
      vertex -53.1955 51.0307 0
      vertex -53.0277 51.3856 3
      vertex -53.0277 51.3856 0
    endloop
  endfacet
  facet normal -0.904044 0.42744 0
    outer loop
      vertex -53.0277 51.3856 3
      vertex -53.1955 51.0307 0
      vertex -53.1955 51.0307 3
    endloop
  endfacet
  facet normal 0.9415 0.337014 0
    outer loop
      vertex 53.3278 50.6611 3
      vertex 53.1955 51.0307 0
      vertex 53.1955 51.0307 3
    endloop
  endfacet
  facet normal 0.9415 0.337014 0
    outer loop
      vertex 53.1955 51.0307 0
      vertex 53.3278 50.6611 3
      vertex 53.3278 50.6611 0
    endloop
  endfacet
  facet normal 0.904044 -0.42744 0
    outer loop
      vertex 53.0277 -51.3856 3
      vertex 53.1955 -51.0307 0
      vertex 53.1955 -51.0307 3
    endloop
  endfacet
  facet normal 0.904044 -0.42744 0
    outer loop
      vertex 53.1955 -51.0307 0
      vertex 53.0277 -51.3856 3
      vertex 53.0277 -51.3856 0
    endloop
  endfacet
  facet normal 0.970068 -0.242835 0
    outer loop
      vertex 53.3278 -50.6611 3
      vertex 53.4231 -50.2804 0
      vertex 53.4231 -50.2804 3
    endloop
  endfacet
  facet normal 0.970068 -0.242835 0
    outer loop
      vertex 53.4231 -50.2804 0
      vertex 53.3278 -50.6611 3
      vertex 53.3278 -50.6611 0
    endloop
  endfacet
  facet normal -0.671607 0.740908 0
    outer loop
      vertex -52.0376 52.592 0
      vertex -52.3284 52.3284 3
      vertex -52.0376 52.592 3
    endloop
  endfacet
  facet normal -0.671607 0.740908 0
    outer loop
      vertex -52.3284 52.3284 3
      vertex -52.0376 52.592 0
      vertex -52.3284 52.3284 0
    endloop
  endfacet
  facet normal -0.514084 0.85774 0
    outer loop
      vertex -51.3856 53.0277 0
      vertex -51.7223 52.8259 3
      vertex -51.3856 53.0277 3
    endloop
  endfacet
  facet normal -0.514084 0.85774 0
    outer loop
      vertex -51.7223 52.8259 3
      vertex -51.3856 53.0277 0
      vertex -51.7223 52.8259 0
    endloop
  endfacet
  facet normal -0.337014 0.9415 0
    outer loop
      vertex -50.6611 53.3278 0
      vertex -51.0307 53.1955 3
      vertex -50.6611 53.3278 3
    endloop
  endfacet
  facet normal -0.337014 0.9415 0
    outer loop
      vertex -51.0307 53.1955 3
      vertex -50.6611 53.3278 0
      vertex -51.0307 53.1955 0
    endloop
  endfacet
  facet normal 0.514084 0.85774 -0
    outer loop
      vertex 51.7223 52.8259 0
      vertex 51.3856 53.0277 3
      vertex 51.7223 52.8259 3
    endloop
  endfacet
  facet normal 0.514084 0.85774 0
    outer loop
      vertex 51.3856 53.0277 3
      vertex 51.7223 52.8259 0
      vertex 51.3856 53.0277 0
    endloop
  endfacet
  facet normal 0.0491626 0.998791 -0
    outer loop
      vertex 49.8921 53.4807 0
      vertex 49.5 53.5 3
      vertex 49.8921 53.4807 3
    endloop
  endfacet
  facet normal 0.0491626 0.998791 0
    outer loop
      vertex 49.5 53.5 3
      vertex 49.8921 53.4807 0
      vertex 49.5 53.5 0
    endloop
  endfacet
  facet normal 0.146733 0.989176 -0
    outer loop
      vertex 50.2804 53.4231 0
      vertex 49.8921 53.4807 3
      vertex 50.2804 53.4231 3
    endloop
  endfacet
  facet normal 0.146733 0.989176 0
    outer loop
      vertex 49.8921 53.4807 3
      vertex 50.2804 53.4231 0
      vertex 49.8921 53.4807 0
    endloop
  endfacet
  facet normal 0.671607 0.740908 -0
    outer loop
      vertex 52.3284 52.3284 0
      vertex 52.0376 52.592 3
      vertex 52.3284 52.3284 3
    endloop
  endfacet
  facet normal 0.671607 0.740908 0
    outer loop
      vertex 52.0376 52.592 3
      vertex 52.3284 52.3284 0
      vertex 52.0376 52.592 0
    endloop
  endfacet
  facet normal 0.740908 0.671607 0
    outer loop
      vertex 52.592 52.0376 3
      vertex 52.3284 52.3284 0
      vertex 52.3284 52.3284 3
    endloop
  endfacet
  facet normal 0.740908 0.671607 0
    outer loop
      vertex 52.3284 52.3284 0
      vertex 52.592 52.0376 3
      vertex 52.592 52.0376 0
    endloop
  endfacet
  facet normal 0.803137 0.595794 0
    outer loop
      vertex 52.8259 51.7223 3
      vertex 52.592 52.0376 0
      vertex 52.592 52.0376 3
    endloop
  endfacet
  facet normal 0.803137 0.595794 0
    outer loop
      vertex 52.592 52.0376 0
      vertex 52.8259 51.7223 3
      vertex 52.8259 51.7223 0
    endloop
  endfacet
  facet normal -0.803137 -0.595794 0
    outer loop
      vertex -52.592 -52.0376 0
      vertex -52.8259 -51.7223 3
      vertex -52.8259 -51.7223 0
    endloop
  endfacet
  facet normal -0.803137 -0.595794 0
    outer loop
      vertex -52.8259 -51.7223 3
      vertex -52.592 -52.0376 0
      vertex -52.592 -52.0376 3
    endloop
  endfacet
  facet normal -0.0491626 -0.998791 0
    outer loop
      vertex -49.8921 -53.4807 0
      vertex -49.5 -53.5 3
      vertex -49.8921 -53.4807 3
    endloop
  endfacet
  facet normal -0.0491626 -0.998791 -0
    outer loop
      vertex -49.5 -53.5 3
      vertex -49.8921 -53.4807 0
      vertex -49.5 -53.5 0
    endloop
  endfacet
  facet normal -0.242835 -0.970068 0
    outer loop
      vertex -50.6611 -53.3278 0
      vertex -50.2804 -53.4231 3
      vertex -50.6611 -53.3278 3
    endloop
  endfacet
  facet normal -0.242835 -0.970068 -0
    outer loop
      vertex -50.2804 -53.4231 3
      vertex -50.6611 -53.3278 0
      vertex -50.2804 -53.4231 0
    endloop
  endfacet
  facet normal 0.740908 -0.671607 0
    outer loop
      vertex 52.3284 -52.3284 3
      vertex 52.592 -52.0376 0
      vertex 52.592 -52.0376 3
    endloop
  endfacet
  facet normal 0.740908 -0.671607 0
    outer loop
      vertex 52.592 -52.0376 0
      vertex 52.3284 -52.3284 3
      vertex 52.3284 -52.3284 0
    endloop
  endfacet
  facet normal 0.514084 -0.85774 0
    outer loop
      vertex 51.3856 -53.0277 0
      vertex 51.7223 -52.8259 3
      vertex 51.3856 -53.0277 3
    endloop
  endfacet
  facet normal 0.514084 -0.85774 0
    outer loop
      vertex 51.7223 -52.8259 3
      vertex 51.3856 -53.0277 0
      vertex 51.7223 -52.8259 0
    endloop
  endfacet
  facet normal 0.671607 -0.740908 0
    outer loop
      vertex 52.0376 -52.592 0
      vertex 52.3284 -52.3284 3
      vertex 52.0376 -52.592 3
    endloop
  endfacet
  facet normal 0.671607 -0.740908 0
    outer loop
      vertex 52.3284 -52.3284 3
      vertex 52.0376 -52.592 0
      vertex 52.3284 -52.3284 0
    endloop
  endfacet
  facet normal 0.337014 -0.9415 0
    outer loop
      vertex 50.6611 -53.3278 0
      vertex 51.0307 -53.1955 3
      vertex 50.6611 -53.3278 3
    endloop
  endfacet
  facet normal 0.337014 -0.9415 0
    outer loop
      vertex 51.0307 -53.1955 3
      vertex 50.6611 -53.3278 0
      vertex 51.0307 -53.1955 0
    endloop
  endfacet
  facet normal 0.42744 -0.904044 0
    outer loop
      vertex 51.0307 -53.1955 0
      vertex 51.3856 -53.0277 3
      vertex 51.0307 -53.1955 3
    endloop
  endfacet
  facet normal 0.42744 -0.904044 0
    outer loop
      vertex 51.3856 -53.0277 3
      vertex 51.0307 -53.1955 0
      vertex 51.3856 -53.0277 0
    endloop
  endfacet
  facet normal 0.146733 -0.989176 0
    outer loop
      vertex 49.8921 -53.4807 0
      vertex 50.2804 -53.4231 3
      vertex 49.8921 -53.4807 3
    endloop
  endfacet
  facet normal 0.146733 -0.989176 0
    outer loop
      vertex 50.2804 -53.4231 3
      vertex 49.8921 -53.4807 0
      vertex 50.2804 -53.4231 0
    endloop
  endfacet
  facet normal 0.970068 0.242835 0
    outer loop
      vertex 53.4231 50.2804 3
      vertex 53.3278 50.6611 0
      vertex 53.3278 50.6611 3
    endloop
  endfacet
  facet normal 0.970068 0.242835 0
    outer loop
      vertex 53.3278 50.6611 0
      vertex 53.4231 50.2804 3
      vertex 53.4231 50.2804 0
    endloop
  endfacet
  facet normal 0.989176 0.146733 0
    outer loop
      vertex 53.4807 49.8921 3
      vertex 53.4231 50.2804 0
      vertex 53.4231 50.2804 3
    endloop
  endfacet
  facet normal 0.989176 0.146733 0
    outer loop
      vertex 53.4231 50.2804 0
      vertex 53.4807 49.8921 3
      vertex 53.4807 49.8921 0
    endloop
  endfacet
  facet normal 0.85774 0.514084 0
    outer loop
      vertex 53.0277 51.3856 3
      vertex 52.8259 51.7223 0
      vertex 52.8259 51.7223 3
    endloop
  endfacet
  facet normal 0.85774 0.514084 0
    outer loop
      vertex 52.8259 51.7223 0
      vertex 53.0277 51.3856 3
      vertex 53.0277 51.3856 0
    endloop
  endfacet
  facet normal -0.42744 0.904044 0
    outer loop
      vertex -51.0307 53.1955 0
      vertex -51.3856 53.0277 3
      vertex -51.0307 53.1955 3
    endloop
  endfacet
  facet normal -0.42744 0.904044 0
    outer loop
      vertex -51.3856 53.0277 3
      vertex -51.0307 53.1955 0
      vertex -51.3856 53.0277 0
    endloop
  endfacet
  facet normal -0.146733 0.989176 0
    outer loop
      vertex -49.8921 53.4807 0
      vertex -50.2804 53.4231 3
      vertex -49.8921 53.4807 3
    endloop
  endfacet
  facet normal -0.146733 0.989176 0
    outer loop
      vertex -50.2804 53.4231 3
      vertex -49.8921 53.4807 0
      vertex -50.2804 53.4231 0
    endloop
  endfacet
  facet normal -0.0491626 0.998791 0
    outer loop
      vertex -49.5 53.5 0
      vertex -49.8921 53.4807 3
      vertex -49.5 53.5 3
    endloop
  endfacet
  facet normal -0.0491626 0.998791 0
    outer loop
      vertex -49.8921 53.4807 3
      vertex -49.5 53.5 0
      vertex -49.8921 53.4807 0
    endloop
  endfacet
  facet normal 0.42744 0.904044 -0
    outer loop
      vertex 51.3856 53.0277 0
      vertex 51.0307 53.1955 3
      vertex 51.3856 53.0277 3
    endloop
  endfacet
  facet normal 0.42744 0.904044 0
    outer loop
      vertex 51.0307 53.1955 3
      vertex 51.3856 53.0277 0
      vertex 51.0307 53.1955 0
    endloop
  endfacet
  facet normal 0.337014 0.9415 -0
    outer loop
      vertex 51.0307 53.1955 0
      vertex 50.6611 53.3278 3
      vertex 51.0307 53.1955 3
    endloop
  endfacet
  facet normal 0.337014 0.9415 0
    outer loop
      vertex 50.6611 53.3278 3
      vertex 51.0307 53.1955 0
      vertex 50.6611 53.3278 0
    endloop
  endfacet
  facet normal -0.9415 -0.337014 0
    outer loop
      vertex -53.1955 -51.0307 0
      vertex -53.3278 -50.6611 3
      vertex -53.3278 -50.6611 0
    endloop
  endfacet
  facet normal -0.9415 -0.337014 0
    outer loop
      vertex -53.3278 -50.6611 3
      vertex -53.1955 -51.0307 0
      vertex -53.1955 -51.0307 3
    endloop
  endfacet
  facet normal -0.85774 -0.514084 0
    outer loop
      vertex -52.8259 -51.7223 0
      vertex -53.0277 -51.3856 3
      vertex -53.0277 -51.3856 0
    endloop
  endfacet
  facet normal -0.85774 -0.514084 0
    outer loop
      vertex -53.0277 -51.3856 3
      vertex -52.8259 -51.7223 0
      vertex -52.8259 -51.7223 3
    endloop
  endfacet
  facet normal 0.904044 0.42744 0
    outer loop
      vertex 53.1955 51.0307 3
      vertex 53.0277 51.3856 0
      vertex 53.0277 51.3856 3
    endloop
  endfacet
  facet normal 0.904044 0.42744 0
    outer loop
      vertex 53.0277 51.3856 0
      vertex 53.1955 51.0307 3
      vertex 53.1955 51.0307 0
    endloop
  endfacet
  facet normal -0.242835 0.970068 0
    outer loop
      vertex -50.2804 53.4231 0
      vertex -50.6611 53.3278 3
      vertex -50.2804 53.4231 3
    endloop
  endfacet
  facet normal -0.242835 0.970068 0
    outer loop
      vertex -50.6611 53.3278 3
      vertex -50.2804 53.4231 0
      vertex -50.6611 53.3278 0
    endloop
  endfacet
  facet normal 0.671607 0.740908 -0
    outer loop
      vertex 49.4213 49.4213 -1
      vertex 49.2032 49.619 0
      vertex 49.4213 49.4213 0
    endloop
  endfacet
  facet normal 0.671607 0.740908 0
    outer loop
      vertex 49.2032 49.619 0
      vertex 49.4213 49.4213 -1
      vertex 49.2032 49.619 -1
    endloop
  endfacet
  facet normal -0.998803 -0.0489044 0
    outer loop
      vertex -50.2856 -47.5941 -1
      vertex -50.3 -47.3 0
      vertex -50.3 -47.3 -1
    endloop
  endfacet
  facet normal -0.998803 -0.0489044 0
    outer loop
      vertex -50.3 -47.3 0
      vertex -50.2856 -47.5941 -1
      vertex -50.2856 -47.5941 0
    endloop
  endfacet
  facet normal 0.998803 0.0489044 0
    outer loop
      vertex 50.3 47.3 0
      vertex 50.2856 47.5941 -1
      vertex 50.2856 47.5941 0
    endloop
  endfacet
  facet normal 0.998803 0.0489044 0
    outer loop
      vertex 50.2856 47.5941 -1
      vertex 50.3 47.3 0
      vertex 50.3 47.3 -1
    endloop
  endfacet
  facet normal 0.998803 -0.0489044 0
    outer loop
      vertex 50.2856 -47.5941 0
      vertex 50.3 -47.3 -1
      vertex 50.3 -47.3 0
    endloop
  endfacet
  facet normal 0.998803 -0.0489044 0
    outer loop
      vertex 50.3 -47.3 -1
      vertex 50.2856 -47.5941 0
      vertex 50.2856 -47.5941 -1
    endloop
  endfacet
  facet normal -0.671607 -0.740908 0
    outer loop
      vertex -49.4213 -49.4213 -1
      vertex -49.2032 -49.619 0
      vertex -49.4213 -49.4213 0
    endloop
  endfacet
  facet normal -0.671607 -0.740908 -0
    outer loop
      vertex -49.2032 -49.619 0
      vertex -49.4213 -49.4213 -1
      vertex -49.2032 -49.619 -1
    endloop
  endfacet
  facet normal 0 -1 0
    outer loop
      vertex -47.3 -50.3 -1
      vertex 47.3 -50.3 0
      vertex -47.3 -50.3 0
    endloop
  endfacet
  facet normal 0 -1 -0
    outer loop
      vertex 47.3 -50.3 0
      vertex -47.3 -50.3 -1
      vertex 47.3 -50.3 -1
    endloop
  endfacet
  facet normal 1 -0 0
    outer loop
      vertex 50.3 -47.3 0
      vertex 50.3 47.3 -1
      vertex 50.3 47.3 0
    endloop
  endfacet
  facet normal 1 0 0
    outer loop
      vertex 50.3 47.3 -1
      vertex 50.3 -47.3 0
      vertex 50.3 -47.3 -1
    endloop
  endfacet
  facet normal 0 1 -0
    outer loop
      vertex 47.3 50.3 -1
      vertex -47.3 50.3 0
      vertex 47.3 50.3 0
    endloop
  endfacet
  facet normal 0 1 0
    outer loop
      vertex -47.3 50.3 0
      vertex 47.3 50.3 -1
      vertex -47.3 50.3 -1
    endloop
  endfacet
  facet normal 0.0489044 -0.998803 0
    outer loop
      vertex 47.3 -50.3 -1
      vertex 47.5941 -50.2856 0
      vertex 47.3 -50.3 0
    endloop
  endfacet
  facet normal 0.0489044 -0.998803 0
    outer loop
      vertex 47.5941 -50.2856 0
      vertex 47.3 -50.3 -1
      vertex 47.5941 -50.2856 -1
    endloop
  endfacet
  facet normal -1 0 0
    outer loop
      vertex -50.3 -47.3 -1
      vertex -50.3 47.3 0
      vertex -50.3 47.3 -1
    endloop
  endfacet
  facet normal -1 -0 0
    outer loop
      vertex -50.3 47.3 0
      vertex -50.3 -47.3 -1
      vertex -50.3 -47.3 0
    endloop
  endfacet
  facet normal 0 0 -1
    outer loop
      vertex 46.5007 -47.1986 -1
      vertex -46.5007 -47.1986 -1
      vertex 46.5865 -47.0555 -1
    endloop
  endfacet
  facet normal 0 0 -1
    outer loop
      vertex 46.7979 46.7979 -1
      vertex -46.3082 47.8334 -1
      vertex -46.3 48 -1
    endloop
  endfacet
  facet normal 0 0 -1
    outer loop
      vertex -46.5865 -47.0555 -1
      vertex 46.5865 -47.0555 -1
      vertex -46.5007 -47.1986 -1
    endloop
  endfacet
  facet normal 0 0 -1
    outer loop
      vertex 46.7979 46.7979 -1
      vertex -46.3327 47.6683 -1
      vertex -46.3082 47.8334 -1
    endloop
  endfacet
  facet normal 0 0 -1
    outer loop
      vertex 46.5865 -47.0555 -1
      vertex -46.5865 -47.0555 -1
      vertex 46.6859 -46.9215 -1
    endloop
  endfacet
  facet normal 0 0 -1
    outer loop
      vertex 46.7979 46.7979 -1
      vertex -46.3732 47.5065 -1
      vertex -46.3327 47.6683 -1
    endloop
  endfacet
  facet normal 0 0 -1
    outer loop
      vertex -46.6859 -46.9215 -1
      vertex 46.6859 -46.9215 -1
      vertex -46.5865 -47.0555 -1
    endloop
  endfacet
  facet normal 0 0 -1
    outer loop
      vertex 46.7979 46.7979 -1
      vertex -46.4294 47.3494 -1
      vertex -46.3732 47.5065 -1
    endloop
  endfacet
  facet normal 0 0 -1
    outer loop
      vertex 46.6859 -46.9215 -1
      vertex -46.6859 -46.9215 -1
      vertex 46.7979 -46.7979 -1
    endloop
  endfacet
  facet normal 0 0 -1
    outer loop
      vertex 46.7979 46.7979 -1
      vertex -46.5007 47.1986 -1
      vertex -46.4294 47.3494 -1
    endloop
  endfacet
  facet normal 0 0 -1
    outer loop
      vertex -46.7979 -46.7979 -1
      vertex 46.7979 -46.7979 -1
      vertex -46.6859 -46.9215 -1
    endloop
  endfacet
  facet normal 0 0 -1
    outer loop
      vertex 46.7979 46.7979 -1
      vertex -46.5865 47.0555 -1
      vertex -46.5007 47.1986 -1
    endloop
  endfacet
  facet normal 0 0 -1
    outer loop
      vertex 46.7979 -46.7979 -1
      vertex -46.7979 -46.7979 -1
      vertex 46.7979 46.7979 -1
    endloop
  endfacet
  facet normal 0 0 -1
    outer loop
      vertex 46.7979 46.7979 -1
      vertex -46.6859 46.9215 -1
      vertex -46.5865 47.0555 -1
    endloop
  endfacet
  facet normal 0 0 -1
    outer loop
      vertex -46.7979 46.7979 -1
      vertex 46.7979 46.7979 -1
      vertex -46.7979 -46.7979 -1
    endloop
  endfacet
  facet normal 0 0 -1
    outer loop
      vertex 46.7979 46.7979 -1
      vertex -46.7979 46.7979 -1
      vertex -46.6859 46.9215 -1
    endloop
  endfacet
  facet normal 0 0 -1
    outer loop
      vertex -46.9215 -46.6859 -1
      vertex -46.7979 46.7979 -1
      vertex -46.7979 -46.7979 -1
    endloop
  endfacet
  facet normal 0 0 -1
    outer loop
      vertex -46.9215 -46.6859 -1
      vertex -46.9215 46.6859 -1
      vertex -46.7979 46.7979 -1
    endloop
  endfacet
  facet normal 0 0 -1
    outer loop
      vertex -47.0555 -46.5865 -1
      vertex -46.9215 46.6859 -1
      vertex -46.9215 -46.6859 -1
    endloop
  endfacet
  facet normal 0 0 -1
    outer loop
      vertex -47.0555 -46.5865 -1
      vertex -47.0555 46.5865 -1
      vertex -46.9215 46.6859 -1
    endloop
  endfacet
  facet normal 0 0 -1
    outer loop
      vertex -47.1986 -46.5007 -1
      vertex -47.0555 46.5865 -1
      vertex -47.0555 -46.5865 -1
    endloop
  endfacet
  facet normal 0 0 -1
    outer loop
      vertex -47.1986 -46.5007 -1
      vertex -47.1986 46.5007 -1
      vertex -47.0555 46.5865 -1
    endloop
  endfacet
  facet normal 0 0 -1
    outer loop
      vertex -47.3494 -46.4294 -1
      vertex -47.1986 46.5007 -1
      vertex -47.1986 -46.5007 -1
    endloop
  endfacet
  facet normal 0 0 -1
    outer loop
      vertex -47.3494 -46.4294 -1
      vertex -47.3494 46.4294 -1
      vertex -47.1986 46.5007 -1
    endloop
  endfacet
  facet normal 0 0 -1
    outer loop
      vertex -47.5065 -46.3732 -1
      vertex -47.3494 46.4294 -1
      vertex -47.3494 -46.4294 -1
    endloop
  endfacet
  facet normal 0 0 -1
    outer loop
      vertex -47.5065 -46.3732 -1
      vertex -47.5065 46.3732 -1
      vertex -47.3494 46.4294 -1
    endloop
  endfacet
  facet normal 0 0 -1
    outer loop
      vertex -47.6683 -46.3327 -1
      vertex -47.5065 46.3732 -1
      vertex -47.5065 -46.3732 -1
    endloop
  endfacet
  facet normal 0 0 -1
    outer loop
      vertex -47.6683 -46.3327 -1
      vertex -47.6683 46.3327 -1
      vertex -47.5065 46.3732 -1
    endloop
  endfacet
  facet normal 0 0 -1
    outer loop
      vertex -47.8334 -46.3082 -1
      vertex -47.6683 46.3327 -1
      vertex -47.6683 -46.3327 -1
    endloop
  endfacet
  facet normal 0 0 -1
    outer loop
      vertex -47.8334 -46.3082 -1
      vertex -47.8334 46.3082 -1
      vertex -47.6683 46.3327 -1
    endloop
  endfacet
  facet normal 0 0 -1
    outer loop
      vertex -48 -46.3 -1
      vertex -47.8334 46.3082 -1
      vertex -47.8334 -46.3082 -1
    endloop
  endfacet
  facet normal 0 0 -1
    outer loop
      vertex -48 -46.3 -1
      vertex -48 46.3 -1
      vertex -47.8334 46.3082 -1
    endloop
  endfacet
  facet normal 0 0 -1
    outer loop
      vertex -48.1666 -46.3082 -1
      vertex -48 46.3 -1
      vertex -48 -46.3 -1
    endloop
  endfacet
  facet normal 0 0 -1
    outer loop
      vertex -48.1666 -46.3082 -1
      vertex -48.1666 46.3082 -1
      vertex -48 46.3 -1
    endloop
  endfacet
  facet normal 0 0 -1
    outer loop
      vertex -48.3317 -46.3327 -1
      vertex -48.1666 46.3082 -1
      vertex -48.1666 -46.3082 -1
    endloop
  endfacet
  facet normal 0 0 -1
    outer loop
      vertex -48.3317 -46.3327 -1
      vertex -48.3317 46.3327 -1
      vertex -48.1666 46.3082 -1
    endloop
  endfacet
  facet normal 0 0 -1
    outer loop
      vertex -48.4935 -46.3732 -1
      vertex -48.3317 46.3327 -1
      vertex -48.3317 -46.3327 -1
    endloop
  endfacet
  facet normal 0 0 -1
    outer loop
      vertex -48.4935 -46.3732 -1
      vertex -48.4935 46.3732 -1
      vertex -48.3317 46.3327 -1
    endloop
  endfacet
  facet normal 0 0 -1
    outer loop
      vertex -48.6506 -46.4294 -1
      vertex -48.4935 46.3732 -1
      vertex -48.4935 -46.3732 -1
    endloop
  endfacet
  facet normal 0 0 -1
    outer loop
      vertex -48.6506 -46.4294 -1
      vertex -48.6506 46.4294 -1
      vertex -48.4935 46.3732 -1
    endloop
  endfacet
  facet normal 0 0 -1
    outer loop
      vertex -48.8014 -46.5007 -1
      vertex -48.6506 46.4294 -1
      vertex -48.6506 -46.4294 -1
    endloop
  endfacet
  facet normal 0 0 -1
    outer loop
      vertex -48.8014 -46.5007 -1
      vertex -48.8014 46.5007 -1
      vertex -48.6506 46.4294 -1
    endloop
  endfacet
  facet normal 0 0 -1
    outer loop
      vertex -50.3 -47.3 -1
      vertex -48.8014 -46.5007 -1
      vertex -48.9445 -46.5865 -1
    endloop
  endfacet
  facet normal -0 0 -1
    outer loop
      vertex -48.8014 -46.5007 -1
      vertex -50.3 -47.3 -1
      vertex -48.8014 46.5007 -1
    endloop
  endfacet
  facet normal 0 0 -1
    outer loop
      vertex -50.3 -47.3 -1
      vertex -48.9445 -46.5865 -1
      vertex -49.0785 -46.6859 -1
    endloop
  endfacet
  facet normal 0 0 -1
    outer loop
      vertex -50.3 47.3 -1
      vertex -48.8014 46.5007 -1
      vertex -50.3 -47.3 -1
    endloop
  endfacet
  facet normal 0 0 -1
    outer loop
      vertex -50.3 -47.3 -1
      vertex -49.0785 -46.6859 -1
      vertex -49.2021 -46.7979 -1
    endloop
  endfacet
  facet normal 0 0 -1
    outer loop
      vertex -48.8014 46.5007 -1
      vertex -50.3 47.3 -1
      vertex -48.9445 46.5865 -1
    endloop
  endfacet
  facet normal 0 0 -1
    outer loop
      vertex -50.3 -47.3 -1
      vertex -49.2021 -46.7979 -1
      vertex -49.3141 -46.9215 -1
    endloop
  endfacet
  facet normal 0 0 -1
    outer loop
      vertex -48.9445 46.5865 -1
      vertex -50.3 47.3 -1
      vertex -49.0785 46.6859 -1
    endloop
  endfacet
  facet normal 0 0 -1
    outer loop
      vertex -50.3 -47.3 -1
      vertex -49.3141 -46.9215 -1
      vertex -49.4135 -47.0555 -1
    endloop
  endfacet
  facet normal 0 0 -1
    outer loop
      vertex -49.0785 46.6859 -1
      vertex -50.3 47.3 -1
      vertex -49.2021 46.7979 -1
    endloop
  endfacet
  facet normal 0 0 -1
    outer loop
      vertex -50.3 -47.3 -1
      vertex -49.4135 -47.0555 -1
      vertex -49.4993 -47.1986 -1
    endloop
  endfacet
  facet normal 0 0 -1
    outer loop
      vertex -49.2021 46.7979 -1
      vertex -50.3 47.3 -1
      vertex -49.3141 46.9215 -1
    endloop
  endfacet
  facet normal 0 0 -1
    outer loop
      vertex -50.3 -47.3 -1
      vertex -49.4993 -47.1986 -1
      vertex -49.5706 -47.3494 -1
    endloop
  endfacet
  facet normal 0 0 -1
    outer loop
      vertex -49.3141 46.9215 -1
      vertex -50.3 47.3 -1
      vertex -49.4135 47.0555 -1
    endloop
  endfacet
  facet normal 0 0 -1
    outer loop
      vertex -50.3 -47.3 -1
      vertex -49.5706 -47.3494 -1
      vertex -49.6268 -47.5065 -1
    endloop
  endfacet
  facet normal 0 0 -1
    outer loop
      vertex -49.4135 47.0555 -1
      vertex -50.3 47.3 -1
      vertex -49.4993 47.1986 -1
    endloop
  endfacet
  facet normal 0 0 -1
    outer loop
      vertex -50.2856 -47.5941 -1
      vertex -49.6268 -47.5065 -1
      vertex -49.6673 -47.6683 -1
    endloop
  endfacet
  facet normal 0 0 -1
    outer loop
      vertex -49.4993 47.1986 -1
      vertex -50.3 47.3 -1
      vertex -49.5706 47.3494 -1
    endloop
  endfacet
  facet normal 0 0 -1
    outer loop
      vertex -50.2424 -47.8853 -1
      vertex -49.6673 -47.6683 -1
      vertex -49.6918 -47.8334 -1
    endloop
  endfacet
  facet normal -0 0 -1
    outer loop
      vertex -49.5706 47.3494 -1
      vertex -50.3 47.3 -1
      vertex -49.6268 47.5065 -1
    endloop
  endfacet
  facet normal 0 0 -1
    outer loop
      vertex -50.2424 -47.8853 -1
      vertex -49.6918 -47.8334 -1
      vertex -49.7 -48 -1
    endloop
  endfacet
  facet normal 0 -0 -1
    outer loop
      vertex -50.2856 47.5941 -1
      vertex -49.6268 47.5065 -1
      vertex -50.3 47.3 -1
    endloop
  endfacet
  facet normal 0 0 -1
    outer loop
      vertex 50.2856 -47.5941 -1
      vertex 49.6268 -47.5065 -1
      vertex 50.3 -47.3 -1
    endloop
  endfacet
  facet normal 0 0 -1
    outer loop
      vertex 50.3 47.3 -1
      vertex 49.6918 47.8334 -1
      vertex 49.7 48 -1
    endloop
  endfacet
  facet normal 0 0 -1
    outer loop
      vertex 49.5706 -47.3494 -1
      vertex 50.3 -47.3 -1
      vertex 49.6268 -47.5065 -1
    endloop
  endfacet
  facet normal 0 0 -1
    outer loop
      vertex 50.3 47.3 -1
      vertex 49.6673 47.6683 -1
      vertex 49.6918 47.8334 -1
    endloop
  endfacet
  facet normal 0 0 -1
    outer loop
      vertex 49.4993 -47.1986 -1
      vertex 50.3 -47.3 -1
      vertex 49.5706 -47.3494 -1
    endloop
  endfacet
  facet normal 0 0 -1
    outer loop
      vertex 50.3 47.3 -1
      vertex 49.6268 47.5065 -1
      vertex 49.6673 47.6683 -1
    endloop
  endfacet
  facet normal 0 0 -1
    outer loop
      vertex 49.4135 -47.0555 -1
      vertex 50.3 -47.3 -1
      vertex 49.4993 -47.1986 -1
    endloop
  endfacet
  facet normal 0 0 -1
    outer loop
      vertex 50.3 47.3 -1
      vertex 49.5706 47.3494 -1
      vertex 49.6268 47.5065 -1
    endloop
  endfacet
  facet normal 0 0 -1
    outer loop
      vertex 49.3141 -46.9215 -1
      vertex 50.3 -47.3 -1
      vertex 49.4135 -47.0555 -1
    endloop
  endfacet
  facet normal -0 0 -1
    outer loop
      vertex 50.3 47.3 -1
      vertex 49.4993 47.1986 -1
      vertex 49.5706 47.3494 -1
    endloop
  endfacet
  facet normal 0 0 -1
    outer loop
      vertex 49.2021 -46.7979 -1
      vertex 50.3 -47.3 -1
      vertex 49.3141 -46.9215 -1
    endloop
  endfacet
  facet normal 0 0 -1
    outer loop
      vertex 50.3 47.3 -1
      vertex 49.4135 47.0555 -1
      vertex 49.4993 47.1986 -1
    endloop
  endfacet
  facet normal 0 0 -1
    outer loop
      vertex 49.0785 -46.6859 -1
      vertex 50.3 -47.3 -1
      vertex 49.2021 -46.7979 -1
    endloop
  endfacet
  facet normal 0 0 -1
    outer loop
      vertex 50.3 47.3 -1
      vertex 49.3141 46.9215 -1
      vertex 49.4135 47.0555 -1
    endloop
  endfacet
  facet normal 0 0 -1
    outer loop
      vertex 48.9445 -46.5865 -1
      vertex 50.3 -47.3 -1
      vertex 49.0785 -46.6859 -1
    endloop
  endfacet
  facet normal 0 0 -1
    outer loop
      vertex 50.3 47.3 -1
      vertex 49.2021 46.7979 -1
      vertex 49.3141 46.9215 -1
    endloop
  endfacet
  facet normal 0 0 -1
    outer loop
      vertex 48.8014 -46.5007 -1
      vertex 50.3 -47.3 -1
      vertex 48.9445 -46.5865 -1
    endloop
  endfacet
  facet normal 0 0 -1
    outer loop
      vertex 50.3 47.3 -1
      vertex 49.0785 46.6859 -1
      vertex 49.2021 46.7979 -1
    endloop
  endfacet
  facet normal 0 0 -1
    outer loop
      vertex 50.3 -47.3 -1
      vertex 48.8014 -46.5007 -1
      vertex 50.3 47.3 -1
    endloop
  endfacet
  facet normal 0 0 -1
    outer loop
      vertex 50.3 47.3 -1
      vertex 48.9445 46.5865 -1
      vertex 49.0785 46.6859 -1
    endloop
  endfacet
  facet normal 0 0 -1
    outer loop
      vertex 48.8014 46.5007 -1
      vertex 50.3 47.3 -1
      vertex 48.8014 -46.5007 -1
    endloop
  endfacet
  facet normal 0 0 -1
    outer loop
      vertex 50.3 47.3 -1
      vertex 48.8014 46.5007 -1
      vertex 48.9445 46.5865 -1
    endloop
  endfacet
  facet normal 0 0 -1
    outer loop
      vertex 48.6506 -46.4294 -1
      vertex 48.8014 46.5007 -1
      vertex 48.8014 -46.5007 -1
    endloop
  endfacet
  facet normal 0 0 -1
    outer loop
      vertex 48.6506 -46.4294 -1
      vertex 48.6506 46.4294 -1
      vertex 48.8014 46.5007 -1
    endloop
  endfacet
  facet normal 0 0 -1
    outer loop
      vertex 48.4935 -46.3732 -1
      vertex 48.6506 46.4294 -1
      vertex 48.6506 -46.4294 -1
    endloop
  endfacet
  facet normal 0 0 -1
    outer loop
      vertex 48.4935 -46.3732 -1
      vertex 48.4935 46.3732 -1
      vertex 48.6506 46.4294 -1
    endloop
  endfacet
  facet normal 0 0 -1
    outer loop
      vertex 48.3317 -46.3327 -1
      vertex 48.4935 46.3732 -1
      vertex 48.4935 -46.3732 -1
    endloop
  endfacet
  facet normal 0 0 -1
    outer loop
      vertex 48.3317 -46.3327 -1
      vertex 48.3317 46.3327 -1
      vertex 48.4935 46.3732 -1
    endloop
  endfacet
  facet normal 0 0 -1
    outer loop
      vertex 48.1666 -46.3082 -1
      vertex 48.3317 46.3327 -1
      vertex 48.3317 -46.3327 -1
    endloop
  endfacet
  facet normal 0 0 -1
    outer loop
      vertex 48.1666 -46.3082 -1
      vertex 48.1666 46.3082 -1
      vertex 48.3317 46.3327 -1
    endloop
  endfacet
  facet normal 0 0 -1
    outer loop
      vertex 48 -46.3 -1
      vertex 48.1666 46.3082 -1
      vertex 48.1666 -46.3082 -1
    endloop
  endfacet
  facet normal 0 0 -1
    outer loop
      vertex 48 -46.3 -1
      vertex 48 46.3 -1
      vertex 48.1666 46.3082 -1
    endloop
  endfacet
  facet normal 0 0 -1
    outer loop
      vertex 47.8334 -46.3082 -1
      vertex 48 46.3 -1
      vertex 48 -46.3 -1
    endloop
  endfacet
  facet normal 0 0 -1
    outer loop
      vertex 47.8334 -46.3082 -1
      vertex 47.8334 46.3082 -1
      vertex 48 46.3 -1
    endloop
  endfacet
  facet normal 0 0 -1
    outer loop
      vertex 47.6683 -46.3327 -1
      vertex 47.8334 46.3082 -1
      vertex 47.8334 -46.3082 -1
    endloop
  endfacet
  facet normal 0 0 -1
    outer loop
      vertex 47.6683 -46.3327 -1
      vertex 47.6683 46.3327 -1
      vertex 47.8334 46.3082 -1
    endloop
  endfacet
  facet normal 0 0 -1
    outer loop
      vertex 47.5065 -46.3732 -1
      vertex 47.6683 46.3327 -1
      vertex 47.6683 -46.3327 -1
    endloop
  endfacet
  facet normal 0 0 -1
    outer loop
      vertex 47.5065 -46.3732 -1
      vertex 47.5065 46.3732 -1
      vertex 47.6683 46.3327 -1
    endloop
  endfacet
  facet normal 0 0 -1
    outer loop
      vertex 47.3494 -46.4294 -1
      vertex 47.5065 46.3732 -1
      vertex 47.5065 -46.3732 -1
    endloop
  endfacet
  facet normal 0 0 -1
    outer loop
      vertex 47.3494 -46.4294 -1
      vertex 47.3494 46.4294 -1
      vertex 47.5065 46.3732 -1
    endloop
  endfacet
  facet normal 0 0 -1
    outer loop
      vertex 47.1986 -46.5007 -1
      vertex 47.3494 46.4294 -1
      vertex 47.3494 -46.4294 -1
    endloop
  endfacet
  facet normal 0 0 -1
    outer loop
      vertex 47.1986 -46.5007 -1
      vertex 47.1986 46.5007 -1
      vertex 47.3494 46.4294 -1
    endloop
  endfacet
  facet normal 0 0 -1
    outer loop
      vertex 47.0555 -46.5865 -1
      vertex 47.1986 46.5007 -1
      vertex 47.1986 -46.5007 -1
    endloop
  endfacet
  facet normal 0 0 -1
    outer loop
      vertex 47.0555 -46.5865 -1
      vertex 47.0555 46.5865 -1
      vertex 47.1986 46.5007 -1
    endloop
  endfacet
  facet normal 0 0 -1
    outer loop
      vertex 46.9215 -46.6859 -1
      vertex 47.0555 46.5865 -1
      vertex 47.0555 -46.5865 -1
    endloop
  endfacet
  facet normal 0 0 -1
    outer loop
      vertex 46.9215 -46.6859 -1
      vertex 46.9215 46.6859 -1
      vertex 47.0555 46.5865 -1
    endloop
  endfacet
  facet normal 0 0 -1
    outer loop
      vertex 46.7979 -46.7979 -1
      vertex 46.9215 46.6859 -1
      vertex 46.9215 -46.6859 -1
    endloop
  endfacet
  facet normal 0 0 -1
    outer loop
      vertex 46.7979 -46.7979 -1
      vertex 46.7979 46.7979 -1
      vertex 46.9215 46.6859 -1
    endloop
  endfacet
  facet normal 0 0 -1
    outer loop
      vertex -46.4294 -47.3494 -1
      vertex 46.4294 -47.3494 -1
      vertex -46.3732 -47.5065 -1
    endloop
  endfacet
  facet normal 0 0 -1
    outer loop
      vertex 46.4294 -47.3494 -1
      vertex -46.4294 -47.3494 -1
      vertex 46.5007 -47.1986 -1
    endloop
  endfacet
  facet normal 0 0 -1
    outer loop
      vertex 46.3732 -47.5065 -1
      vertex -46.3732 -47.5065 -1
      vertex 46.4294 -47.3494 -1
    endloop
  endfacet
  facet normal 0 0 -1
    outer loop
      vertex -46.5007 -47.1986 -1
      vertex 46.5007 -47.1986 -1
      vertex -46.4294 -47.3494 -1
    endloop
  endfacet
  facet normal 0 0 -1
    outer loop
      vertex -46.3732 -47.5065 -1
      vertex 46.3732 -47.5065 -1
      vertex -46.3327 -47.6683 -1
    endloop
  endfacet
  facet normal 0 0 -1
    outer loop
      vertex 46.7979 46.7979 -1
      vertex -46.3 48 -1
      vertex 46.6859 46.9215 -1
    endloop
  endfacet
  facet normal 0 0 -1
    outer loop
      vertex 46.3327 -47.6683 -1
      vertex -46.3327 -47.6683 -1
      vertex 46.3732 -47.5065 -1
    endloop
  endfacet
  facet normal 0 0 -1
    outer loop
      vertex 46.6859 46.9215 -1
      vertex -46.3 48 -1
      vertex 46.5865 47.0555 -1
    endloop
  endfacet
  facet normal 0 0 -1
    outer loop
      vertex -46.3327 -47.6683 -1
      vertex 46.3327 -47.6683 -1
      vertex -46.3082 -47.8334 -1
    endloop
  endfacet
  facet normal 0 0 -1
    outer loop
      vertex 46.5865 47.0555 -1
      vertex -46.3 48 -1
      vertex 46.5007 47.1986 -1
    endloop
  endfacet
  facet normal 0 0 -1
    outer loop
      vertex 46.3082 -47.8334 -1
      vertex -46.3082 -47.8334 -1
      vertex 46.3327 -47.6683 -1
    endloop
  endfacet
  facet normal 0 0 -1
    outer loop
      vertex 46.5007 47.1986 -1
      vertex -46.3 48 -1
      vertex 46.4294 47.3494 -1
    endloop
  endfacet
  facet normal 0 0 -1
    outer loop
      vertex -46.3082 -47.8334 -1
      vertex 46.3082 -47.8334 -1
      vertex -46.3 -48 -1
    endloop
  endfacet
  facet normal 0 0 -1
    outer loop
      vertex 46.4294 47.3494 -1
      vertex -46.3 48 -1
      vertex 46.3732 47.5065 -1
    endloop
  endfacet
  facet normal 0 0 -1
    outer loop
      vertex -46.3 -48 -1
      vertex 46.3082 -47.8334 -1
      vertex 46.3 -48 -1
    endloop
  endfacet
  facet normal 0 0 -1
    outer loop
      vertex 46.3732 47.5065 -1
      vertex -46.3 48 -1
      vertex 46.3327 47.6683 -1
    endloop
  endfacet
  facet normal 0 0 -1
    outer loop
      vertex 49.6673 -47.6683 -1
      vertex 50.2424 -47.8853 -1
      vertex 49.6918 -47.8334 -1
    endloop
  endfacet
  facet normal 0 0 -1
    outer loop
      vertex 50.2424 -47.8853 -1
      vertex 49.6673 -47.6683 -1
      vertex 50.2856 -47.5941 -1
    endloop
  endfacet
  facet normal 0 0 -1
    outer loop
      vertex 49.6918 -47.8334 -1
      vertex 50.2424 -47.8853 -1
      vertex 49.7 -48 -1
    endloop
  endfacet
  facet normal 0 0 -1
    outer loop
      vertex 49.6268 -47.5065 -1
      vertex 50.2856 -47.5941 -1
      vertex 49.6673 -47.6683 -1
    endloop
  endfacet
  facet normal 0 0 -1
    outer loop
      vertex 49.7 -48 -1
      vertex 50.2424 -47.8853 -1
      vertex 50.1708 -48.1709 -1
    endloop
  endfacet
  facet normal 0 0 -1
    outer loop
      vertex 50.3 47.3 -1
      vertex 49.7 48 -1
      vertex 50.2856 47.5941 -1
    endloop
  endfacet
  facet normal 0 0 -1
    outer loop
      vertex 49.6918 -48.1666 -1
      vertex 50.1708 -48.1709 -1
      vertex 50.0716 -48.4481 -1
    endloop
  endfacet
  facet normal 0 0 -1
    outer loop
      vertex 50.2856 47.5941 -1
      vertex 49.7 48 -1
      vertex 50.2424 47.8853 -1
    endloop
  endfacet
  facet normal 0 0 -1
    outer loop
      vertex 49.6268 -48.4935 -1
      vertex 50.0716 -48.4481 -1
      vertex 49.9458 -48.7142 -1
    endloop
  endfacet
  facet normal 0 0 -1
    outer loop
      vertex 50.2424 47.8853 -1
      vertex 49.7 48 -1
      vertex 50.1708 48.1709 -1
    endloop
  endfacet
  facet normal 0 0 -1
    outer loop
      vertex 49.5706 -48.6506 -1
      vertex 49.9458 -48.7142 -1
      vertex 49.7944 -48.9667 -1
    endloop
  endfacet
  facet normal 0 0 -1
    outer loop
      vertex 49.6918 48.1666 -1
      vertex 50.1708 48.1709 -1
      vertex 49.7 48 -1
    endloop
  endfacet
  facet normal -0 0 -1
    outer loop
      vertex 50.1708 48.1709 -1
      vertex 49.6918 48.1666 -1
      vertex 50.0716 48.4481 -1
    endloop
  endfacet
  facet normal 0 0 -1
    outer loop
      vertex 50.1708 -48.1709 -1
      vertex 49.6918 -48.1666 -1
      vertex 49.7 -48 -1
    endloop
  endfacet
  facet normal 0 0 -1
    outer loop
      vertex 50.0716 -48.4481 -1
      vertex 49.6673 -48.3317 -1
      vertex 49.6918 -48.1666 -1
    endloop
  endfacet
  facet normal -0 0 -1
    outer loop
      vertex 50.0716 -48.4481 -1
      vertex 49.6268 -48.4935 -1
      vertex 49.6673 -48.3317 -1
    endloop
  endfacet
  facet normal 0 0 -1
    outer loop
      vertex 49.4135 -48.9445 -1
      vertex 49.7944 -48.9667 -1
      vertex 49.619 -49.2032 -1
    endloop
  endfacet
  facet normal 0 0 -1
    outer loop
      vertex 49.9458 -48.7142 -1
      vertex 49.5706 -48.6506 -1
      vertex 49.6268 -48.4935 -1
    endloop
  endfacet
  facet normal 0 0 -1
    outer loop
      vertex 49.7944 -48.9667 -1
      vertex 49.4993 -48.8014 -1
      vertex 49.5706 -48.6506 -1
    endloop
  endfacet
  facet normal 0 0 -1
    outer loop
      vertex 49.3141 -49.0785 -1
      vertex 49.619 -49.2032 -1
      vertex 49.4213 -49.4213 -1
    endloop
  endfacet
  facet normal 0 0 -1
    outer loop
      vertex 49.7944 -48.9667 -1
      vertex 49.4135 -48.9445 -1
      vertex 49.4993 -48.8014 -1
    endloop
  endfacet
  facet normal 0 0 -1
    outer loop
      vertex 49.619 -49.2032 -1
      vertex 49.3141 -49.0785 -1
      vertex 49.4135 -48.9445 -1
    endloop
  endfacet
  facet normal 0 0 -1
    outer loop
      vertex 49.0785 -49.3141 -1
      vertex 49.4213 -49.4213 -1
      vertex 49.2032 -49.619 -1
    endloop
  endfacet
  facet normal 0 0 -1
    outer loop
      vertex 49.4213 -49.4213 -1
      vertex 49.2021 -49.2021 -1
      vertex 49.3141 -49.0785 -1
    endloop
  endfacet
  facet normal 0 0 -1
    outer loop
      vertex 49.4213 -49.4213 -1
      vertex 49.0785 -49.3141 -1
      vertex 49.2021 -49.2021 -1
    endloop
  endfacet
  facet normal 0 0 -1
    outer loop
      vertex 48.9445 -49.4135 -1
      vertex 49.2032 -49.619 -1
      vertex 48.9667 -49.7944 -1
    endloop
  endfacet
  facet normal 0 0 -1
    outer loop
      vertex 49.2032 -49.619 -1
      vertex 48.9445 -49.4135 -1
      vertex 49.0785 -49.3141 -1
    endloop
  endfacet
  facet normal 0 0 -1
    outer loop
      vertex 48.9667 -49.7944 -1
      vertex 48.8014 -49.4993 -1
      vertex 48.9445 -49.4135 -1
    endloop
  endfacet
  facet normal 0 0 -1
    outer loop
      vertex 48.6506 -49.5706 -1
      vertex 48.9667 -49.7944 -1
      vertex 48.7142 -49.9458 -1
    endloop
  endfacet
  facet normal 0 0 -1
    outer loop
      vertex 48.9667 -49.7944 -1
      vertex 48.6506 -49.5706 -1
      vertex 48.8014 -49.4993 -1
    endloop
  endfacet
  facet normal 0 0 -1
    outer loop
      vertex 48.7142 -49.9458 -1
      vertex 48.4935 -49.6268 -1
      vertex 48.6506 -49.5706 -1
    endloop
  endfacet
  facet normal 0 0 -1
    outer loop
      vertex 48.4481 -50.0716 -1
      vertex 48.4935 -49.6268 -1
      vertex 48.7142 -49.9458 -1
    endloop
  endfacet
  facet normal 0 0 -1
    outer loop
      vertex 48.4481 -50.0716 -1
      vertex 48.3317 -49.6673 -1
      vertex 48.4935 -49.6268 -1
    endloop
  endfacet
  facet normal 0 0 -1
    outer loop
      vertex 48.1666 -49.6918 -1
      vertex 48.4481 -50.0716 -1
      vertex 48.1709 -50.1708 -1
    endloop
  endfacet
  facet normal 0 0 -1
    outer loop
      vertex 48.4481 -50.0716 -1
      vertex 48.1666 -49.6918 -1
      vertex 48.3317 -49.6673 -1
    endloop
  endfacet
  facet normal 0 0 -1
    outer loop
      vertex 48.1709 -50.1708 -1
      vertex 48 -49.7 -1
      vertex 48.1666 -49.6918 -1
    endloop
  endfacet
  facet normal 0 0 -1
    outer loop
      vertex 47.8853 -50.2424 -1
      vertex 48 -49.7 -1
      vertex 48.1709 -50.1708 -1
    endloop
  endfacet
  facet normal 0 0 -1
    outer loop
      vertex 47.8853 -50.2424 -1
      vertex 47.8334 -49.6918 -1
      vertex 48 -49.7 -1
    endloop
  endfacet
  facet normal 0 0 -1
    outer loop
      vertex 47.8853 -50.2424 -1
      vertex 47.6683 -49.6673 -1
      vertex 47.8334 -49.6918 -1
    endloop
  endfacet
  facet normal 0 0 -1
    outer loop
      vertex 47.5941 -50.2856 -1
      vertex 47.6683 -49.6673 -1
      vertex 47.8853 -50.2424 -1
    endloop
  endfacet
  facet normal 0 0 -1
    outer loop
      vertex 47.5941 -50.2856 -1
      vertex 47.5065 -49.6268 -1
      vertex 47.6683 -49.6673 -1
    endloop
  endfacet
  facet normal 0 0 -1
    outer loop
      vertex 47.3 -50.3 -1
      vertex 47.5065 -49.6268 -1
      vertex 47.5941 -50.2856 -1
    endloop
  endfacet
  facet normal -0 0 -1
    outer loop
      vertex 47.5065 -49.6268 -1
      vertex 47.3 -50.3 -1
      vertex 47.3494 -49.5706 -1
    endloop
  endfacet
  facet normal 0 0 -1
    outer loop
      vertex 47.3 -50.3 -1
      vertex 47.1986 -49.4993 -1
      vertex 47.3494 -49.5706 -1
    endloop
  endfacet
  facet normal 0 0 -1
    outer loop
      vertex 47.3 -50.3 -1
      vertex 47.0555 -49.4135 -1
      vertex 47.1986 -49.4993 -1
    endloop
  endfacet
  facet normal 0 0 -1
    outer loop
      vertex 47.3 -50.3 -1
      vertex 46.9215 -49.3141 -1
      vertex 47.0555 -49.4135 -1
    endloop
  endfacet
  facet normal 0 0 -1
    outer loop
      vertex 47.3 -50.3 -1
      vertex 46.7979 -49.2021 -1
      vertex 46.9215 -49.3141 -1
    endloop
  endfacet
  facet normal 0 0 -1
    outer loop
      vertex 47.3 -50.3 -1
      vertex 46.6859 -49.0785 -1
      vertex 46.7979 -49.2021 -1
    endloop
  endfacet
  facet normal 0 0 -1
    outer loop
      vertex 47.3 -50.3 -1
      vertex 46.5865 -48.9445 -1
      vertex 46.6859 -49.0785 -1
    endloop
  endfacet
  facet normal 0 0 -1
    outer loop
      vertex 47.3 -50.3 -1
      vertex 46.5007 -48.8014 -1
      vertex 46.5865 -48.9445 -1
    endloop
  endfacet
  facet normal 0 0 -1
    outer loop
      vertex 46.3327 47.6683 -1
      vertex -46.3 48 -1
      vertex 46.3082 47.8334 -1
    endloop
  endfacet
  facet normal 0 0 -1
    outer loop
      vertex 46.3082 -48.1666 -1
      vertex -46.3 -48 -1
      vertex 46.3 -48 -1
    endloop
  endfacet
  facet normal 0 0 -1
    outer loop
      vertex -46.3082 -48.1666 -1
      vertex 46.3082 -48.1666 -1
      vertex 46.3327 -48.3317 -1
    endloop
  endfacet
  facet normal 0 0 -1
    outer loop
      vertex -46.3327 -48.3317 -1
      vertex 46.3327 -48.3317 -1
      vertex 46.3732 -48.4935 -1
    endloop
  endfacet
  facet normal 0 0 -1
    outer loop
      vertex -46.3732 -48.4935 -1
      vertex 46.3732 -48.4935 -1
      vertex 46.4294 -48.6506 -1
    endloop
  endfacet
  facet normal 0 0 -1
    outer loop
      vertex -46.4294 -48.6506 -1
      vertex 46.4294 -48.6506 -1
      vertex 46.5007 -48.8014 -1
    endloop
  endfacet
  facet normal 0 0 -1
    outer loop
      vertex -46.5007 -48.8014 -1
      vertex 46.5007 -48.8014 -1
      vertex 47.3 -50.3 -1
    endloop
  endfacet
  facet normal 0 0 -1
    outer loop
      vertex 46.3082 -48.1666 -1
      vertex -46.3082 -48.1666 -1
      vertex -46.3 -48 -1
    endloop
  endfacet
  facet normal 0 0 -1
    outer loop
      vertex 46.3327 -48.3317 -1
      vertex -46.3327 -48.3317 -1
      vertex -46.3082 -48.1666 -1
    endloop
  endfacet
  facet normal 0 0 -1
    outer loop
      vertex 46.3732 -48.4935 -1
      vertex -46.3732 -48.4935 -1
      vertex -46.3327 -48.3317 -1
    endloop
  endfacet
  facet normal 0 0 -1
    outer loop
      vertex 46.4294 -48.6506 -1
      vertex -46.4294 -48.6506 -1
      vertex -46.3732 -48.4935 -1
    endloop
  endfacet
  facet normal 0 0 -1
    outer loop
      vertex 46.5007 -48.8014 -1
      vertex -46.5007 -48.8014 -1
      vertex -46.4294 -48.6506 -1
    endloop
  endfacet
  facet normal 0 0 -1
    outer loop
      vertex -47.3 -50.3 -1
      vertex -46.5007 -48.8014 -1
      vertex 47.3 -50.3 -1
    endloop
  endfacet
  facet normal 0 0 -1
    outer loop
      vertex -46.5007 -48.8014 -1
      vertex -47.3 -50.3 -1
      vertex -46.5865 -48.9445 -1
    endloop
  endfacet
  facet normal 0 0 -1
    outer loop
      vertex -46.5865 -48.9445 -1
      vertex -47.3 -50.3 -1
      vertex -46.6859 -49.0785 -1
    endloop
  endfacet
  facet normal 0 0 -1
    outer loop
      vertex -46.6859 -49.0785 -1
      vertex -47.3 -50.3 -1
      vertex -46.7979 -49.2021 -1
    endloop
  endfacet
  facet normal 0 0 -1
    outer loop
      vertex -46.7979 -49.2021 -1
      vertex -47.3 -50.3 -1
      vertex -46.9215 -49.3141 -1
    endloop
  endfacet
  facet normal 0 0 -1
    outer loop
      vertex -46.9215 -49.3141 -1
      vertex -47.3 -50.3 -1
      vertex -47.0555 -49.4135 -1
    endloop
  endfacet
  facet normal 0 0 -1
    outer loop
      vertex -47.0555 -49.4135 -1
      vertex -47.3 -50.3 -1
      vertex -47.1986 -49.4993 -1
    endloop
  endfacet
  facet normal 0 0 -1
    outer loop
      vertex -47.3 -50.3 -1
      vertex -47.3494 -49.5706 -1
      vertex -47.1986 -49.4993 -1
    endloop
  endfacet
  facet normal 0 0 -1
    outer loop
      vertex -47.3 -50.3 -1
      vertex -47.5065 -49.6268 -1
      vertex -47.3494 -49.5706 -1
    endloop
  endfacet
  facet normal 0 0 -1
    outer loop
      vertex -47.5941 -50.2856 -1
      vertex -47.5065 -49.6268 -1
      vertex -47.3 -50.3 -1
    endloop
  endfacet
  facet normal 0 0 -1
    outer loop
      vertex -47.5941 -50.2856 -1
      vertex -47.6683 -49.6673 -1
      vertex -47.5065 -49.6268 -1
    endloop
  endfacet
  facet normal 0 0 -1
    outer loop
      vertex -47.8853 -50.2424 -1
      vertex -47.6683 -49.6673 -1
      vertex -47.5941 -50.2856 -1
    endloop
  endfacet
  facet normal 0 0 -1
    outer loop
      vertex -47.6683 -49.6673 -1
      vertex -47.8853 -50.2424 -1
      vertex -47.8334 -49.6918 -1
    endloop
  endfacet
  facet normal 0 0 -1
    outer loop
      vertex -47.8853 -50.2424 -1
      vertex -48 -49.7 -1
      vertex -47.8334 -49.6918 -1
    endloop
  endfacet
  facet normal 0 0 -1
    outer loop
      vertex -48.1709 -50.1708 -1
      vertex -48 -49.7 -1
      vertex -47.8853 -50.2424 -1
    endloop
  endfacet
  facet normal -0 0 -1
    outer loop
      vertex -48 -49.7 -1
      vertex -48.1709 -50.1708 -1
      vertex -48.1666 -49.6918 -1
    endloop
  endfacet
  facet normal 0 0 -1
    outer loop
      vertex -48.4481 -50.0716 -1
      vertex -48.1666 -49.6918 -1
      vertex -48.1709 -50.1708 -1
    endloop
  endfacet
  facet normal -0 0 -1
    outer loop
      vertex -48.1666 -49.6918 -1
      vertex -48.4481 -50.0716 -1
      vertex -48.3317 -49.6673 -1
    endloop
  endfacet
  facet normal 0 0 -1
    outer loop
      vertex -48.4481 -50.0716 -1
      vertex -48.4935 -49.6268 -1
      vertex -48.3317 -49.6673 -1
    endloop
  endfacet
  facet normal 0 0 -1
    outer loop
      vertex -48.7142 -49.9458 -1
      vertex -48.4935 -49.6268 -1
      vertex -48.4481 -50.0716 -1
    endloop
  endfacet
  facet normal -0 0 -1
    outer loop
      vertex -48.4935 -49.6268 -1
      vertex -48.7142 -49.9458 -1
      vertex -48.6506 -49.5706 -1
    endloop
  endfacet
  facet normal 0 0 -1
    outer loop
      vertex -48.9667 -49.7944 -1
      vertex -48.6506 -49.5706 -1
      vertex -48.7142 -49.9458 -1
    endloop
  endfacet
  facet normal -0 0 -1
    outer loop
      vertex -48.6506 -49.5706 -1
      vertex -48.9667 -49.7944 -1
      vertex -48.8014 -49.4993 -1
    endloop
  endfacet
  facet normal -0 0 -1
    outer loop
      vertex -48.8014 -49.4993 -1
      vertex -48.9667 -49.7944 -1
      vertex -48.9445 -49.4135 -1
    endloop
  endfacet
  facet normal 0 0 -1
    outer loop
      vertex -49.2032 -49.619 -1
      vertex -48.9445 -49.4135 -1
      vertex -48.9667 -49.7944 -1
    endloop
  endfacet
  facet normal -0 0 -1
    outer loop
      vertex -48.9445 -49.4135 -1
      vertex -49.2032 -49.619 -1
      vertex -49.0785 -49.3141 -1
    endloop
  endfacet
  facet normal 0 0 -1
    outer loop
      vertex -49.4213 -49.4213 -1
      vertex -49.0785 -49.3141 -1
      vertex -49.2032 -49.619 -1
    endloop
  endfacet
  facet normal -0 0 -1
    outer loop
      vertex -49.0785 -49.3141 -1
      vertex -49.4213 -49.4213 -1
      vertex -49.2021 -49.2021 -1
    endloop
  endfacet
  facet normal -0 0 -1
    outer loop
      vertex -49.2021 -49.2021 -1
      vertex -49.4213 -49.4213 -1
      vertex -49.3141 -49.0785 -1
    endloop
  endfacet
  facet normal 0 0 -1
    outer loop
      vertex -49.619 -49.2032 -1
      vertex -49.3141 -49.0785 -1
      vertex -49.4213 -49.4213 -1
    endloop
  endfacet
  facet normal -0 0 -1
    outer loop
      vertex -49.3141 -49.0785 -1
      vertex -49.619 -49.2032 -1
      vertex -49.4135 -48.9445 -1
    endloop
  endfacet
  facet normal 0 0 -1
    outer loop
      vertex -49.7944 -48.9667 -1
      vertex -49.4135 -48.9445 -1
      vertex -49.619 -49.2032 -1
    endloop
  endfacet
  facet normal -0 0 -1
    outer loop
      vertex -49.4135 -48.9445 -1
      vertex -49.7944 -48.9667 -1
      vertex -49.4993 -48.8014 -1
    endloop
  endfacet
  facet normal -0 0 -1
    outer loop
      vertex -49.4993 -48.8014 -1
      vertex -49.7944 -48.9667 -1
      vertex -49.5706 -48.6506 -1
    endloop
  endfacet
  facet normal 0 0 -1
    outer loop
      vertex -49.9458 -48.7142 -1
      vertex -49.5706 -48.6506 -1
      vertex -49.7944 -48.9667 -1
    endloop
  endfacet
  facet normal -0 0 -1
    outer loop
      vertex -49.5706 -48.6506 -1
      vertex -49.9458 -48.7142 -1
      vertex -49.6268 -48.4935 -1
    endloop
  endfacet
  facet normal -0 0 -1
    outer loop
      vertex -49.6673 -48.3317 -1
      vertex -50.0716 -48.4481 -1
      vertex -49.6918 -48.1666 -1
    endloop
  endfacet
  facet normal 0 0 -1
    outer loop
      vertex -49.6268 -48.4935 -1
      vertex -50.0716 -48.4481 -1
      vertex -49.6673 -48.3317 -1
    endloop
  endfacet
  facet normal 0 0 -1
    outer loop
      vertex -50.0716 -48.4481 -1
      vertex -49.6268 -48.4935 -1
      vertex -49.9458 -48.7142 -1
    endloop
  endfacet
  facet normal 0 0 -1
    outer loop
      vertex 49.6673 48.3317 -1
      vertex 50.0716 48.4481 -1
      vertex 49.6918 48.1666 -1
    endloop
  endfacet
  facet normal 0 0 -1
    outer loop
      vertex 49.6268 48.4935 -1
      vertex 50.0716 48.4481 -1
      vertex 49.6673 48.3317 -1
    endloop
  endfacet
  facet normal 0 0 -1
    outer loop
      vertex 50.0716 48.4481 -1
      vertex 49.6268 48.4935 -1
      vertex 49.9458 48.7142 -1
    endloop
  endfacet
  facet normal 0 0 -1
    outer loop
      vertex 49.5706 48.6506 -1
      vertex 49.9458 48.7142 -1
      vertex 49.6268 48.4935 -1
    endloop
  endfacet
  facet normal -0 0 -1
    outer loop
      vertex 49.9458 48.7142 -1
      vertex 49.5706 48.6506 -1
      vertex 49.7944 48.9667 -1
    endloop
  endfacet
  facet normal 0 0 -1
    outer loop
      vertex 49.4993 48.8014 -1
      vertex 49.7944 48.9667 -1
      vertex 49.5706 48.6506 -1
    endloop
  endfacet
  facet normal 0 0 -1
    outer loop
      vertex 49.4135 48.9445 -1
      vertex 49.7944 48.9667 -1
      vertex 49.4993 48.8014 -1
    endloop
  endfacet
  facet normal -0 0 -1
    outer loop
      vertex 49.7944 48.9667 -1
      vertex 49.4135 48.9445 -1
      vertex 49.619 49.2032 -1
    endloop
  endfacet
  facet normal 0 0 -1
    outer loop
      vertex 49.3141 49.0785 -1
      vertex 49.619 49.2032 -1
      vertex 49.4135 48.9445 -1
    endloop
  endfacet
  facet normal -0 0 -1
    outer loop
      vertex 49.619 49.2032 -1
      vertex 49.3141 49.0785 -1
      vertex 49.4213 49.4213 -1
    endloop
  endfacet
  facet normal 0 0 -1
    outer loop
      vertex 49.2021 49.2021 -1
      vertex 49.4213 49.4213 -1
      vertex 49.3141 49.0785 -1
    endloop
  endfacet
  facet normal 0 0 -1
    outer loop
      vertex 49.0785 49.3141 -1
      vertex 49.4213 49.4213 -1
      vertex 49.2021 49.2021 -1
    endloop
  endfacet
  facet normal -0 0 -1
    outer loop
      vertex 49.4213 49.4213 -1
      vertex 49.0785 49.3141 -1
      vertex 49.2032 49.619 -1
    endloop
  endfacet
  facet normal 0 0 -1
    outer loop
      vertex 48.9445 49.4135 -1
      vertex 49.2032 49.619 -1
      vertex 49.0785 49.3141 -1
    endloop
  endfacet
  facet normal -0 0 -1
    outer loop
      vertex 49.2032 49.619 -1
      vertex 48.9445 49.4135 -1
      vertex 48.9667 49.7944 -1
    endloop
  endfacet
  facet normal 0 0 -1
    outer loop
      vertex 48.8014 49.4993 -1
      vertex 48.9667 49.7944 -1
      vertex 48.9445 49.4135 -1
    endloop
  endfacet
  facet normal 0 0 -1
    outer loop
      vertex 48.6506 49.5706 -1
      vertex 48.9667 49.7944 -1
      vertex 48.8014 49.4993 -1
    endloop
  endfacet
  facet normal -0 0 -1
    outer loop
      vertex 48.9667 49.7944 -1
      vertex 48.6506 49.5706 -1
      vertex 48.7142 49.9458 -1
    endloop
  endfacet
  facet normal 0 0 -1
    outer loop
      vertex 48.4935 49.6268 -1
      vertex 48.7142 49.9458 -1
      vertex 48.6506 49.5706 -1
    endloop
  endfacet
  facet normal 0 0 -1
    outer loop
      vertex 48.4935 49.6268 -1
      vertex 48.4481 50.0716 -1
      vertex 48.7142 49.9458 -1
    endloop
  endfacet
  facet normal 0 0 -1
    outer loop
      vertex 48.3317 49.6673 -1
      vertex 48.4481 50.0716 -1
      vertex 48.4935 49.6268 -1
    endloop
  endfacet
  facet normal 0 0 -1
    outer loop
      vertex 48.1666 49.6918 -1
      vertex 48.4481 50.0716 -1
      vertex 48.3317 49.6673 -1
    endloop
  endfacet
  facet normal -0 0 -1
    outer loop
      vertex 48.4481 50.0716 -1
      vertex 48.1666 49.6918 -1
      vertex 48.1709 50.1708 -1
    endloop
  endfacet
  facet normal 0 0 -1
    outer loop
      vertex 48 49.7 -1
      vertex 48.1709 50.1708 -1
      vertex 48.1666 49.6918 -1
    endloop
  endfacet
  facet normal 0 0 -1
    outer loop
      vertex 48 49.7 -1
      vertex 47.8853 50.2424 -1
      vertex 48.1709 50.1708 -1
    endloop
  endfacet
  facet normal 0 0 -1
    outer loop
      vertex 47.8334 49.6918 -1
      vertex 47.8853 50.2424 -1
      vertex 48 49.7 -1
    endloop
  endfacet
  facet normal 0 0 -1
    outer loop
      vertex 47.6683 49.6673 -1
      vertex 47.8853 50.2424 -1
      vertex 47.8334 49.6918 -1
    endloop
  endfacet
  facet normal 0 0 -1
    outer loop
      vertex 47.6683 49.6673 -1
      vertex 47.5941 50.2856 -1
      vertex 47.8853 50.2424 -1
    endloop
  endfacet
  facet normal 0 0 -1
    outer loop
      vertex 47.5065 49.6268 -1
      vertex 47.5941 50.2856 -1
      vertex 47.6683 49.6673 -1
    endloop
  endfacet
  facet normal 0 0 -1
    outer loop
      vertex 47.3 50.3 -1
      vertex 47.5065 49.6268 -1
      vertex 47.3494 49.5706 -1
    endloop
  endfacet
  facet normal 0 0 -1
    outer loop
      vertex 47.5065 49.6268 -1
      vertex 47.3 50.3 -1
      vertex 47.5941 50.2856 -1
    endloop
  endfacet
  facet normal 0 0 -1
    outer loop
      vertex 47.1986 49.4993 -1
      vertex 47.3 50.3 -1
      vertex 47.3494 49.5706 -1
    endloop
  endfacet
  facet normal 0 0 -1
    outer loop
      vertex 47.0555 49.4135 -1
      vertex 47.3 50.3 -1
      vertex 47.1986 49.4993 -1
    endloop
  endfacet
  facet normal 0 0 -1
    outer loop
      vertex 46.9215 49.3141 -1
      vertex 47.3 50.3 -1
      vertex 47.0555 49.4135 -1
    endloop
  endfacet
  facet normal 0 0 -1
    outer loop
      vertex 46.7979 49.2021 -1
      vertex 47.3 50.3 -1
      vertex 46.9215 49.3141 -1
    endloop
  endfacet
  facet normal 0 0 -1
    outer loop
      vertex 46.6859 49.0785 -1
      vertex 47.3 50.3 -1
      vertex 46.7979 49.2021 -1
    endloop
  endfacet
  facet normal 0 0 -1
    outer loop
      vertex 46.5865 48.9445 -1
      vertex 47.3 50.3 -1
      vertex 46.6859 49.0785 -1
    endloop
  endfacet
  facet normal 0 0 -1
    outer loop
      vertex 46.5007 48.8014 -1
      vertex 47.3 50.3 -1
      vertex 46.5865 48.9445 -1
    endloop
  endfacet
  facet normal 0 0 -1
    outer loop
      vertex 46.3082 47.8334 -1
      vertex -46.3 48 -1
      vertex 46.3 48 -1
    endloop
  endfacet
  facet normal 0 0 -1
    outer loop
      vertex 46.3 48 -1
      vertex -46.3 48 -1
      vertex 46.3082 48.1666 -1
    endloop
  endfacet
  facet normal 0 0 -1
    outer loop
      vertex -46.3082 48.1666 -1
      vertex 46.3082 48.1666 -1
      vertex -46.3 48 -1
    endloop
  endfacet
  facet normal 0 0 -1
    outer loop
      vertex 46.3082 48.1666 -1
      vertex -46.3082 48.1666 -1
      vertex 46.3327 48.3317 -1
    endloop
  endfacet
  facet normal 0 0 -1
    outer loop
      vertex -46.3327 48.3317 -1
      vertex 46.3327 48.3317 -1
      vertex -46.3082 48.1666 -1
    endloop
  endfacet
  facet normal 0 0 -1
    outer loop
      vertex 46.3327 48.3317 -1
      vertex -46.3327 48.3317 -1
      vertex 46.3732 48.4935 -1
    endloop
  endfacet
  facet normal 0 0 -1
    outer loop
      vertex -46.3732 48.4935 -1
      vertex 46.3732 48.4935 -1
      vertex -46.3327 48.3317 -1
    endloop
  endfacet
  facet normal 0 0 -1
    outer loop
      vertex 46.3732 48.4935 -1
      vertex -46.3732 48.4935 -1
      vertex 46.4294 48.6506 -1
    endloop
  endfacet
  facet normal 0 0 -1
    outer loop
      vertex -46.4294 48.6506 -1
      vertex 46.4294 48.6506 -1
      vertex -46.3732 48.4935 -1
    endloop
  endfacet
  facet normal 0 0 -1
    outer loop
      vertex 46.4294 48.6506 -1
      vertex -46.4294 48.6506 -1
      vertex 46.5007 48.8014 -1
    endloop
  endfacet
  facet normal 0 0 -1
    outer loop
      vertex -46.5007 48.8014 -1
      vertex 46.5007 48.8014 -1
      vertex -46.4294 48.6506 -1
    endloop
  endfacet
  facet normal 0 0 -1
    outer loop
      vertex 46.5007 48.8014 -1
      vertex -46.5007 48.8014 -1
      vertex 47.3 50.3 -1
    endloop
  endfacet
  facet normal 0 0 -1
    outer loop
      vertex -47.3 50.3 -1
      vertex -46.5007 48.8014 -1
      vertex -46.5865 48.9445 -1
    endloop
  endfacet
  facet normal 0 0 -1
    outer loop
      vertex -47.3 50.3 -1
      vertex -46.5865 48.9445 -1
      vertex -46.6859 49.0785 -1
    endloop
  endfacet
  facet normal 0 0 -1
    outer loop
      vertex -47.3 50.3 -1
      vertex -46.6859 49.0785 -1
      vertex -46.7979 49.2021 -1
    endloop
  endfacet
  facet normal 0 0 -1
    outer loop
      vertex -47.3 50.3 -1
      vertex -46.7979 49.2021 -1
      vertex -46.9215 49.3141 -1
    endloop
  endfacet
  facet normal 0 0 -1
    outer loop
      vertex -47.3 50.3 -1
      vertex -46.9215 49.3141 -1
      vertex -47.0555 49.4135 -1
    endloop
  endfacet
  facet normal 0 0 -1
    outer loop
      vertex -47.3 50.3 -1
      vertex -47.0555 49.4135 -1
      vertex -47.1986 49.4993 -1
    endloop
  endfacet
  facet normal 0 0 -1
    outer loop
      vertex -46.5007 48.8014 -1
      vertex -47.3 50.3 -1
      vertex 47.3 50.3 -1
    endloop
  endfacet
  facet normal 0 0 -1
    outer loop
      vertex -47.3494 49.5706 -1
      vertex -47.3 50.3 -1
      vertex -47.1986 49.4993 -1
    endloop
  endfacet
  facet normal 0 0 -1
    outer loop
      vertex -47.5065 49.6268 -1
      vertex -47.3 50.3 -1
      vertex -47.3494 49.5706 -1
    endloop
  endfacet
  facet normal 0 0 -1
    outer loop
      vertex -47.5065 49.6268 -1
      vertex -47.5941 50.2856 -1
      vertex -47.3 50.3 -1
    endloop
  endfacet
  facet normal 0 0 -1
    outer loop
      vertex -47.6683 49.6673 -1
      vertex -47.5941 50.2856 -1
      vertex -47.5065 49.6268 -1
    endloop
  endfacet
  facet normal 0 0 -1
    outer loop
      vertex -47.8853 50.2424 -1
      vertex -47.6683 49.6673 -1
      vertex -47.8334 49.6918 -1
    endloop
  endfacet
  facet normal 0 0 -1
    outer loop
      vertex -47.6683 49.6673 -1
      vertex -47.8853 50.2424 -1
      vertex -47.5941 50.2856 -1
    endloop
  endfacet
  facet normal 0 0 -1
    outer loop
      vertex -48 49.7 -1
      vertex -47.8853 50.2424 -1
      vertex -47.8334 49.6918 -1
    endloop
  endfacet
  facet normal 0 0 -1
    outer loop
      vertex -48.1709 50.1708 -1
      vertex -48 49.7 -1
      vertex -48.1666 49.6918 -1
    endloop
  endfacet
  facet normal 0 0 -1
    outer loop
      vertex -48 49.7 -1
      vertex -48.1709 50.1708 -1
      vertex -47.8853 50.2424 -1
    endloop
  endfacet
  facet normal 0 0 -1
    outer loop
      vertex -48.4481 50.0716 -1
      vertex -48.1666 49.6918 -1
      vertex -48.3317 49.6673 -1
    endloop
  endfacet
  facet normal 0 0 -1
    outer loop
      vertex -48.1666 49.6918 -1
      vertex -48.4481 50.0716 -1
      vertex -48.1709 50.1708 -1
    endloop
  endfacet
  facet normal 0 0 -1
    outer loop
      vertex -48.4935 49.6268 -1
      vertex -48.4481 50.0716 -1
      vertex -48.3317 49.6673 -1
    endloop
  endfacet
  facet normal 0 0 -1
    outer loop
      vertex -48.7142 49.9458 -1
      vertex -48.4935 49.6268 -1
      vertex -48.6506 49.5706 -1
    endloop
  endfacet
  facet normal 0 0 -1
    outer loop
      vertex -48.4935 49.6268 -1
      vertex -48.7142 49.9458 -1
      vertex -48.4481 50.0716 -1
    endloop
  endfacet
  facet normal 0 0 -1
    outer loop
      vertex -48.9667 49.7944 -1
      vertex -48.6506 49.5706 -1
      vertex -48.8014 49.4993 -1
    endloop
  endfacet
  facet normal 0 0 -1
    outer loop
      vertex -48.9667 49.7944 -1
      vertex -48.8014 49.4993 -1
      vertex -48.9445 49.4135 -1
    endloop
  endfacet
  facet normal 0 0 -1
    outer loop
      vertex -48.6506 49.5706 -1
      vertex -48.9667 49.7944 -1
      vertex -48.7142 49.9458 -1
    endloop
  endfacet
  facet normal 0 0 -1
    outer loop
      vertex -49.2032 49.619 -1
      vertex -48.9445 49.4135 -1
      vertex -49.0785 49.3141 -1
    endloop
  endfacet
  facet normal 0 0 -1
    outer loop
      vertex -49.4213 49.4213 -1
      vertex -49.0785 49.3141 -1
      vertex -49.2021 49.2021 -1
    endloop
  endfacet
  facet normal 0 0 -1
    outer loop
      vertex -48.9445 49.4135 -1
      vertex -49.2032 49.619 -1
      vertex -48.9667 49.7944 -1
    endloop
  endfacet
  facet normal 0 0 -1
    outer loop
      vertex -49.4213 49.4213 -1
      vertex -49.2021 49.2021 -1
      vertex -49.3141 49.0785 -1
    endloop
  endfacet
  facet normal 0 0 -1
    outer loop
      vertex -49.619 49.2032 -1
      vertex -49.3141 49.0785 -1
      vertex -49.4135 48.9445 -1
    endloop
  endfacet
  facet normal 0 0 -1
    outer loop
      vertex -49.0785 49.3141 -1
      vertex -49.4213 49.4213 -1
      vertex -49.2032 49.619 -1
    endloop
  endfacet
  facet normal 0 0 -1
    outer loop
      vertex -49.7944 48.9667 -1
      vertex -49.4135 48.9445 -1
      vertex -49.4993 48.8014 -1
    endloop
  endfacet
  facet normal 0 0 -1
    outer loop
      vertex -49.7944 48.9667 -1
      vertex -49.4993 48.8014 -1
      vertex -49.5706 48.6506 -1
    endloop
  endfacet
  facet normal 0 0 -1
    outer loop
      vertex -49.3141 49.0785 -1
      vertex -49.619 49.2032 -1
      vertex -49.4213 49.4213 -1
    endloop
  endfacet
  facet normal 0 0 -1
    outer loop
      vertex -49.9458 48.7142 -1
      vertex -49.5706 48.6506 -1
      vertex -49.6268 48.4935 -1
    endloop
  endfacet
  facet normal 0 0 -1
    outer loop
      vertex -50.0716 48.4481 -1
      vertex -49.6268 48.4935 -1
      vertex -49.6673 48.3317 -1
    endloop
  endfacet
  facet normal 0 0 -1
    outer loop
      vertex -50.0716 48.4481 -1
      vertex -49.6673 48.3317 -1
      vertex -49.6918 48.1666 -1
    endloop
  endfacet
  facet normal 0 0 -1
    outer loop
      vertex -49.4135 48.9445 -1
      vertex -49.7944 48.9667 -1
      vertex -49.619 49.2032 -1
    endloop
  endfacet
  facet normal 0 0 -1
    outer loop
      vertex -50.1708 48.1709 -1
      vertex -49.6918 48.1666 -1
      vertex -49.7 48 -1
    endloop
  endfacet
  facet normal 0 0 -1
    outer loop
      vertex -49.6268 47.5065 -1
      vertex -50.2856 47.5941 -1
      vertex -49.6673 47.6683 -1
    endloop
  endfacet
  facet normal 0 0 -1
    outer loop
      vertex -50.1708 -48.1709 -1
      vertex -49.6918 -48.1666 -1
      vertex -50.0716 -48.4481 -1
    endloop
  endfacet
  facet normal 0 -0 -1
    outer loop
      vertex -50.2424 47.8853 -1
      vertex -49.6673 47.6683 -1
      vertex -50.2856 47.5941 -1
    endloop
  endfacet
  facet normal -0 0 -1
    outer loop
      vertex -49.6918 -48.1666 -1
      vertex -50.1708 -48.1709 -1
      vertex -49.7 -48 -1
    endloop
  endfacet
  facet normal 0 0 -1
    outer loop
      vertex -49.6673 47.6683 -1
      vertex -50.2424 47.8853 -1
      vertex -49.6918 47.8334 -1
    endloop
  endfacet
  facet normal 0 0 -1
    outer loop
      vertex -50.2424 -47.8853 -1
      vertex -49.7 -48 -1
      vertex -50.1708 -48.1709 -1
    endloop
  endfacet
  facet normal 0 0 -1
    outer loop
      vertex -49.5706 48.6506 -1
      vertex -49.9458 48.7142 -1
      vertex -49.7944 48.9667 -1
    endloop
  endfacet
  facet normal -0 0 -1
    outer loop
      vertex -49.6673 -47.6683 -1
      vertex -50.2424 -47.8853 -1
      vertex -50.2856 -47.5941 -1
    endloop
  endfacet
  facet normal -0 0 -1
    outer loop
      vertex -49.6268 48.4935 -1
      vertex -50.0716 48.4481 -1
      vertex -49.9458 48.7142 -1
    endloop
  endfacet
  facet normal -0 0 -1
    outer loop
      vertex -49.6268 -47.5065 -1
      vertex -50.2856 -47.5941 -1
      vertex -50.3 -47.3 -1
    endloop
  endfacet
  facet normal 0 0 -1
    outer loop
      vertex -49.6918 48.1666 -1
      vertex -50.1708 48.1709 -1
      vertex -50.0716 48.4481 -1
    endloop
  endfacet
  facet normal -0 0 -1
    outer loop
      vertex -49.7 48 -1
      vertex -50.2424 47.8853 -1
      vertex -50.1708 48.1709 -1
    endloop
  endfacet
  facet normal 0 0 -1
    outer loop
      vertex -49.6918 47.8334 -1
      vertex -50.2424 47.8853 -1
      vertex -49.7 48 -1
    endloop
  endfacet
  facet normal -0.0489044 0.998803 0
    outer loop
      vertex -47.3 50.3 -1
      vertex -47.5941 50.2856 0
      vertex -47.3 50.3 0
    endloop
  endfacet
  facet normal -0.0489044 0.998803 0
    outer loop
      vertex -47.5941 50.2856 0
      vertex -47.3 50.3 -1
      vertex -47.5941 50.2856 -1
    endloop
  endfacet
  facet normal -0.0489044 -0.998803 0
    outer loop
      vertex -47.5941 -50.2856 -1
      vertex -47.3 -50.3 0
      vertex -47.5941 -50.2856 0
    endloop
  endfacet
  facet normal -0.0489044 -0.998803 -0
    outer loop
      vertex -47.3 -50.3 0
      vertex -47.5941 -50.2856 -1
      vertex -47.3 -50.3 -1
    endloop
  endfacet
  facet normal -0.146746 -0.989174 0
    outer loop
      vertex -47.8853 -50.2424 -1
      vertex -47.5941 -50.2856 0
      vertex -47.8853 -50.2424 0
    endloop
  endfacet
  facet normal -0.146746 -0.989174 -0
    outer loop
      vertex -47.5941 -50.2856 0
      vertex -47.8853 -50.2424 -1
      vertex -47.5941 -50.2856 -1
    endloop
  endfacet
  facet normal 0.671607 -0.740908 0
    outer loop
      vertex 49.2032 -49.619 -1
      vertex 49.4213 -49.4213 0
      vertex 49.2032 -49.619 0
    endloop
  endfacet
  facet normal 0.671607 -0.740908 0
    outer loop
      vertex 49.4213 -49.4213 0
      vertex 49.2032 -49.619 -1
      vertex 49.4213 -49.4213 -1
    endloop
  endfacet
  facet normal 0.595699 -0.803208 0
    outer loop
      vertex 48.9667 -49.7944 -1
      vertex 49.2032 -49.619 0
      vertex 48.9667 -49.7944 0
    endloop
  endfacet
  facet normal 0.595699 -0.803208 0
    outer loop
      vertex 49.2032 -49.619 0
      vertex 48.9667 -49.7944 -1
      vertex 49.2032 -49.619 -1
    endloop
  endfacet
  facet normal 0.243175 -0.969982 0
    outer loop
      vertex 47.8853 -50.2424 -1
      vertex 48.1709 -50.1708 0
      vertex 47.8853 -50.2424 0
    endloop
  endfacet
  facet normal 0.243175 -0.969982 0
    outer loop
      vertex 48.1709 -50.1708 0
      vertex 47.8853 -50.2424 -1
      vertex 48.1709 -50.1708 -1
    endloop
  endfacet
  facet normal -0.998803 0.0489044 0
    outer loop
      vertex -50.3 47.3 -1
      vertex -50.2856 47.5941 0
      vertex -50.2856 47.5941 -1
    endloop
  endfacet
  facet normal -0.998803 0.0489044 0
    outer loop
      vertex -50.2856 47.5941 0
      vertex -50.3 47.3 -1
      vertex -50.3 47.3 0
    endloop
  endfacet
  facet normal -0.989174 0.146746 0
    outer loop
      vertex -50.2856 47.5941 -1
      vertex -50.2424 47.8853 0
      vertex -50.2424 47.8853 -1
    endloop
  endfacet
  facet normal -0.989174 0.146746 0
    outer loop
      vertex -50.2424 47.8853 0
      vertex -50.2856 47.5941 -1
      vertex -50.2856 47.5941 0
    endloop
  endfacet
  facet normal -0.969982 0.243175 0
    outer loop
      vertex -50.2424 47.8853 -1
      vertex -50.1708 48.1709 0
      vertex -50.1708 48.1709 -1
    endloop
  endfacet
  facet normal -0.969982 0.243175 0
    outer loop
      vertex -50.1708 48.1709 0
      vertex -50.2424 47.8853 -1
      vertex -50.2424 47.8853 0
    endloop
  endfacet
  facet normal -0.857643 0.514246 0
    outer loop
      vertex -49.9458 48.7142 -1
      vertex -49.7944 48.9667 0
      vertex -49.7944 48.9667 -1
    endloop
  endfacet
  facet normal -0.857643 0.514246 0
    outer loop
      vertex -49.7944 48.9667 0
      vertex -49.9458 48.7142 -1
      vertex -49.9458 48.7142 0
    endloop
  endfacet
  facet normal -0.904063 0.4274 0
    outer loop
      vertex -50.0716 48.4481 -1
      vertex -49.9458 48.7142 0
      vertex -49.9458 48.7142 -1
    endloop
  endfacet
  facet normal -0.904063 0.4274 0
    outer loop
      vertex -49.9458 48.7142 0
      vertex -50.0716 48.4481 -1
      vertex -50.0716 48.4481 0
    endloop
  endfacet
  facet normal 0.740908 0.671607 0
    outer loop
      vertex 49.619 49.2032 0
      vertex 49.4213 49.4213 -1
      vertex 49.4213 49.4213 0
    endloop
  endfacet
  facet normal 0.740908 0.671607 0
    outer loop
      vertex 49.4213 49.4213 -1
      vertex 49.619 49.2032 0
      vertex 49.619 49.2032 -1
    endloop
  endfacet
  facet normal 0.803208 0.595699 0
    outer loop
      vertex 49.7944 48.9667 0
      vertex 49.619 49.2032 -1
      vertex 49.619 49.2032 0
    endloop
  endfacet
  facet normal 0.803208 0.595699 0
    outer loop
      vertex 49.619 49.2032 -1
      vertex 49.7944 48.9667 0
      vertex 49.7944 48.9667 -1
    endloop
  endfacet
  facet normal -0.514246 -0.857643 0
    outer loop
      vertex -48.9667 -49.7944 -1
      vertex -48.7142 -49.9458 0
      vertex -48.9667 -49.7944 0
    endloop
  endfacet
  facet normal -0.514246 -0.857643 -0
    outer loop
      vertex -48.7142 -49.9458 0
      vertex -48.9667 -49.7944 -1
      vertex -48.7142 -49.9458 -1
    endloop
  endfacet
  facet normal -0.336939 -0.941527 0
    outer loop
      vertex -48.4481 -50.0716 -1
      vertex -48.1709 -50.1708 0
      vertex -48.4481 -50.0716 0
    endloop
  endfacet
  facet normal -0.336939 -0.941527 -0
    outer loop
      vertex -48.1709 -50.1708 0
      vertex -48.4481 -50.0716 -1
      vertex -48.1709 -50.1708 -1
    endloop
  endfacet
  facet normal -0.941527 -0.336939 0
    outer loop
      vertex -50.0716 -48.4481 -1
      vertex -50.1708 -48.1709 0
      vertex -50.1708 -48.1709 -1
    endloop
  endfacet
  facet normal -0.941527 -0.336939 0
    outer loop
      vertex -50.1708 -48.1709 0
      vertex -50.0716 -48.4481 -1
      vertex -50.0716 -48.4481 0
    endloop
  endfacet
  facet normal -0.857643 -0.514246 0
    outer loop
      vertex -49.7944 -48.9667 -1
      vertex -49.9458 -48.7142 0
      vertex -49.9458 -48.7142 -1
    endloop
  endfacet
  facet normal -0.857643 -0.514246 0
    outer loop
      vertex -49.9458 -48.7142 0
      vertex -49.7944 -48.9667 -1
      vertex -49.7944 -48.9667 0
    endloop
  endfacet
  facet normal -0.989174 -0.146746 0
    outer loop
      vertex -50.2424 -47.8853 -1
      vertex -50.2856 -47.5941 0
      vertex -50.2856 -47.5941 -1
    endloop
  endfacet
  facet normal -0.989174 -0.146746 0
    outer loop
      vertex -50.2856 -47.5941 0
      vertex -50.2424 -47.8853 -1
      vertex -50.2424 -47.8853 0
    endloop
  endfacet
  facet normal 0.4274 -0.904063 0
    outer loop
      vertex 48.4481 -50.0716 -1
      vertex 48.7142 -49.9458 0
      vertex 48.4481 -50.0716 0
    endloop
  endfacet
  facet normal 0.4274 -0.904063 0
    outer loop
      vertex 48.7142 -49.9458 0
      vertex 48.4481 -50.0716 -1
      vertex 48.7142 -49.9458 -1
    endloop
  endfacet
  facet normal 0.336939 -0.941527 0
    outer loop
      vertex 48.1709 -50.1708 -1
      vertex 48.4481 -50.0716 0
      vertex 48.1709 -50.1708 0
    endloop
  endfacet
  facet normal 0.336939 -0.941527 0
    outer loop
      vertex 48.4481 -50.0716 0
      vertex 48.1709 -50.1708 -1
      vertex 48.4481 -50.0716 -1
    endloop
  endfacet
  facet normal 0.857643 -0.514246 0
    outer loop
      vertex 49.7944 -48.9667 0
      vertex 49.9458 -48.7142 -1
      vertex 49.9458 -48.7142 0
    endloop
  endfacet
  facet normal 0.857643 -0.514246 0
    outer loop
      vertex 49.9458 -48.7142 -1
      vertex 49.7944 -48.9667 0
      vertex 49.7944 -48.9667 -1
    endloop
  endfacet
  facet normal 0.803208 -0.595699 0
    outer loop
      vertex 49.619 -49.2032 0
      vertex 49.7944 -48.9667 -1
      vertex 49.7944 -48.9667 0
    endloop
  endfacet
  facet normal 0.803208 -0.595699 0
    outer loop
      vertex 49.7944 -48.9667 -1
      vertex 49.619 -49.2032 0
      vertex 49.619 -49.2032 -1
    endloop
  endfacet
  facet normal 0.740908 -0.671607 0
    outer loop
      vertex 49.4213 -49.4213 0
      vertex 49.619 -49.2032 -1
      vertex 49.619 -49.2032 0
    endloop
  endfacet
  facet normal 0.740908 -0.671607 0
    outer loop
      vertex 49.619 -49.2032 -1
      vertex 49.4213 -49.4213 0
      vertex 49.4213 -49.4213 -1
    endloop
  endfacet
  facet normal -0.941527 0.336939 0
    outer loop
      vertex -50.1708 48.1709 -1
      vertex -50.0716 48.4481 0
      vertex -50.0716 48.4481 -1
    endloop
  endfacet
  facet normal -0.941527 0.336939 0
    outer loop
      vertex -50.0716 48.4481 0
      vertex -50.1708 48.1709 -1
      vertex -50.1708 48.1709 0
    endloop
  endfacet
  facet normal -0.803208 0.595699 0
    outer loop
      vertex -49.7944 48.9667 -1
      vertex -49.619 49.2032 0
      vertex -49.619 49.2032 -1
    endloop
  endfacet
  facet normal -0.803208 0.595699 0
    outer loop
      vertex -49.619 49.2032 0
      vertex -49.7944 48.9667 -1
      vertex -49.7944 48.9667 0
    endloop
  endfacet
  facet normal -0.740908 0.671607 0
    outer loop
      vertex -49.619 49.2032 -1
      vertex -49.4213 49.4213 0
      vertex -49.4213 49.4213 -1
    endloop
  endfacet
  facet normal -0.740908 0.671607 0
    outer loop
      vertex -49.4213 49.4213 0
      vertex -49.619 49.2032 -1
      vertex -49.619 49.2032 0
    endloop
  endfacet
  facet normal 0.989174 -0.146746 0
    outer loop
      vertex 50.2424 -47.8853 0
      vertex 50.2856 -47.5941 -1
      vertex 50.2856 -47.5941 0
    endloop
  endfacet
  facet normal 0.989174 -0.146746 0
    outer loop
      vertex 50.2856 -47.5941 -1
      vertex 50.2424 -47.8853 0
      vertex 50.2424 -47.8853 -1
    endloop
  endfacet
  facet normal 0.969982 -0.243175 0
    outer loop
      vertex 50.1708 -48.1709 0
      vertex 50.2424 -47.8853 -1
      vertex 50.2424 -47.8853 0
    endloop
  endfacet
  facet normal 0.969982 -0.243175 0
    outer loop
      vertex 50.2424 -47.8853 -1
      vertex 50.1708 -48.1709 0
      vertex 50.1708 -48.1709 -1
    endloop
  endfacet
  facet normal -0.671607 0.740908 0
    outer loop
      vertex -49.2032 49.619 -1
      vertex -49.4213 49.4213 0
      vertex -49.2032 49.619 0
    endloop
  endfacet
  facet normal -0.671607 0.740908 0
    outer loop
      vertex -49.4213 49.4213 0
      vertex -49.2032 49.619 -1
      vertex -49.4213 49.4213 -1
    endloop
  endfacet
  facet normal 0.595699 0.803208 -0
    outer loop
      vertex 49.2032 49.619 -1
      vertex 48.9667 49.7944 0
      vertex 49.2032 49.619 0
    endloop
  endfacet
  facet normal 0.595699 0.803208 0
    outer loop
      vertex 48.9667 49.7944 0
      vertex 49.2032 49.619 -1
      vertex 48.9667 49.7944 -1
    endloop
  endfacet
  facet normal 0.243175 0.969982 -0
    outer loop
      vertex 48.1709 50.1708 -1
      vertex 47.8853 50.2424 0
      vertex 48.1709 50.1708 0
    endloop
  endfacet
  facet normal 0.243175 0.969982 0
    outer loop
      vertex 47.8853 50.2424 0
      vertex 48.1709 50.1708 -1
      vertex 47.8853 50.2424 -1
    endloop
  endfacet
  facet normal -0.146746 0.989174 0
    outer loop
      vertex -47.5941 50.2856 -1
      vertex -47.8853 50.2424 0
      vertex -47.5941 50.2856 0
    endloop
  endfacet
  facet normal -0.146746 0.989174 0
    outer loop
      vertex -47.8853 50.2424 0
      vertex -47.5941 50.2856 -1
      vertex -47.8853 50.2424 -1
    endloop
  endfacet
  facet normal -0.4274 0.904063 0
    outer loop
      vertex -48.4481 50.0716 -1
      vertex -48.7142 49.9458 0
      vertex -48.4481 50.0716 0
    endloop
  endfacet
  facet normal -0.4274 0.904063 0
    outer loop
      vertex -48.7142 49.9458 0
      vertex -48.4481 50.0716 -1
      vertex -48.7142 49.9458 -1
    endloop
  endfacet
  facet normal 0.904063 0.4274 0
    outer loop
      vertex 50.0716 48.4481 0
      vertex 49.9458 48.7142 -1
      vertex 49.9458 48.7142 0
    endloop
  endfacet
  facet normal 0.904063 0.4274 0
    outer loop
      vertex 49.9458 48.7142 -1
      vertex 50.0716 48.4481 0
      vertex 50.0716 48.4481 -1
    endloop
  endfacet
  facet normal 0.857643 0.514246 0
    outer loop
      vertex 49.9458 48.7142 0
      vertex 49.7944 48.9667 -1
      vertex 49.7944 48.9667 0
    endloop
  endfacet
  facet normal 0.857643 0.514246 0
    outer loop
      vertex 49.7944 48.9667 -1
      vertex 49.9458 48.7142 0
      vertex 49.9458 48.7142 -1
    endloop
  endfacet
  facet normal 0.989174 0.146746 0
    outer loop
      vertex 50.2856 47.5941 0
      vertex 50.2424 47.8853 -1
      vertex 50.2424 47.8853 0
    endloop
  endfacet
  facet normal 0.989174 0.146746 0
    outer loop
      vertex 50.2424 47.8853 -1
      vertex 50.2856 47.5941 0
      vertex 50.2856 47.5941 -1
    endloop
  endfacet
  facet normal -0.595699 -0.803208 0
    outer loop
      vertex -49.2032 -49.619 -1
      vertex -48.9667 -49.7944 0
      vertex -49.2032 -49.619 0
    endloop
  endfacet
  facet normal -0.595699 -0.803208 -0
    outer loop
      vertex -48.9667 -49.7944 0
      vertex -49.2032 -49.619 -1
      vertex -48.9667 -49.7944 -1
    endloop
  endfacet
  facet normal -0.4274 -0.904063 0
    outer loop
      vertex -48.7142 -49.9458 -1
      vertex -48.4481 -50.0716 0
      vertex -48.7142 -49.9458 0
    endloop
  endfacet
  facet normal -0.4274 -0.904063 -0
    outer loop
      vertex -48.4481 -50.0716 0
      vertex -48.7142 -49.9458 -1
      vertex -48.4481 -50.0716 -1
    endloop
  endfacet
  facet normal -0.243175 -0.969982 0
    outer loop
      vertex -48.1709 -50.1708 -1
      vertex -47.8853 -50.2424 0
      vertex -48.1709 -50.1708 0
    endloop
  endfacet
  facet normal -0.243175 -0.969982 -0
    outer loop
      vertex -47.8853 -50.2424 0
      vertex -48.1709 -50.1708 -1
      vertex -47.8853 -50.2424 -1
    endloop
  endfacet
  facet normal -0.904063 -0.4274 0
    outer loop
      vertex -49.9458 -48.7142 -1
      vertex -50.0716 -48.4481 0
      vertex -50.0716 -48.4481 -1
    endloop
  endfacet
  facet normal -0.904063 -0.4274 0
    outer loop
      vertex -50.0716 -48.4481 0
      vertex -49.9458 -48.7142 -1
      vertex -49.9458 -48.7142 0
    endloop
  endfacet
  facet normal -0.803208 -0.595699 0
    outer loop
      vertex -49.619 -49.2032 -1
      vertex -49.7944 -48.9667 0
      vertex -49.7944 -48.9667 -1
    endloop
  endfacet
  facet normal -0.803208 -0.595699 0
    outer loop
      vertex -49.7944 -48.9667 0
      vertex -49.619 -49.2032 -1
      vertex -49.619 -49.2032 0
    endloop
  endfacet
  facet normal -0.969982 -0.243175 0
    outer loop
      vertex -50.1708 -48.1709 -1
      vertex -50.2424 -47.8853 0
      vertex -50.2424 -47.8853 -1
    endloop
  endfacet
  facet normal -0.969982 -0.243175 0
    outer loop
      vertex -50.2424 -47.8853 0
      vertex -50.1708 -48.1709 -1
      vertex -50.1708 -48.1709 0
    endloop
  endfacet
  facet normal 0.514246 -0.857643 0
    outer loop
      vertex 48.7142 -49.9458 -1
      vertex 48.9667 -49.7944 0
      vertex 48.7142 -49.9458 0
    endloop
  endfacet
  facet normal 0.514246 -0.857643 0
    outer loop
      vertex 48.9667 -49.7944 0
      vertex 48.7142 -49.9458 -1
      vertex 48.9667 -49.7944 -1
    endloop
  endfacet
  facet normal 0.146746 -0.989174 0
    outer loop
      vertex 47.5941 -50.2856 -1
      vertex 47.8853 -50.2424 0
      vertex 47.5941 -50.2856 0
    endloop
  endfacet
  facet normal 0.146746 -0.989174 0
    outer loop
      vertex 47.8853 -50.2424 0
      vertex 47.5941 -50.2856 -1
      vertex 47.8853 -50.2424 -1
    endloop
  endfacet
  facet normal 0.904063 -0.4274 0
    outer loop
      vertex 49.9458 -48.7142 0
      vertex 50.0716 -48.4481 -1
      vertex 50.0716 -48.4481 0
    endloop
  endfacet
  facet normal 0.904063 -0.4274 0
    outer loop
      vertex 50.0716 -48.4481 -1
      vertex 49.9458 -48.7142 0
      vertex 49.9458 -48.7142 -1
    endloop
  endfacet
  facet normal 0.4274 0.904063 -0
    outer loop
      vertex 48.7142 49.9458 -1
      vertex 48.4481 50.0716 0
      vertex 48.7142 49.9458 0
    endloop
  endfacet
  facet normal 0.4274 0.904063 0
    outer loop
      vertex 48.4481 50.0716 0
      vertex 48.7142 49.9458 -1
      vertex 48.4481 50.0716 -1
    endloop
  endfacet
  facet normal 0.514246 0.857643 -0
    outer loop
      vertex 48.9667 49.7944 -1
      vertex 48.7142 49.9458 0
      vertex 48.9667 49.7944 0
    endloop
  endfacet
  facet normal 0.514246 0.857643 0
    outer loop
      vertex 48.7142 49.9458 0
      vertex 48.9667 49.7944 -1
      vertex 48.7142 49.9458 -1
    endloop
  endfacet
  facet normal 0.0489044 0.998803 -0
    outer loop
      vertex 47.5941 50.2856 -1
      vertex 47.3 50.3 0
      vertex 47.5941 50.2856 0
    endloop
  endfacet
  facet normal 0.0489044 0.998803 0
    outer loop
      vertex 47.3 50.3 0
      vertex 47.5941 50.2856 -1
      vertex 47.3 50.3 -1
    endloop
  endfacet
  facet normal 0.146746 0.989174 -0
    outer loop
      vertex 47.8853 50.2424 -1
      vertex 47.5941 50.2856 0
      vertex 47.8853 50.2424 0
    endloop
  endfacet
  facet normal 0.146746 0.989174 0
    outer loop
      vertex 47.5941 50.2856 0
      vertex 47.8853 50.2424 -1
      vertex 47.5941 50.2856 -1
    endloop
  endfacet
  facet normal 0.336939 0.941527 -0
    outer loop
      vertex 48.4481 50.0716 -1
      vertex 48.1709 50.1708 0
      vertex 48.4481 50.0716 0
    endloop
  endfacet
  facet normal 0.336939 0.941527 0
    outer loop
      vertex 48.1709 50.1708 0
      vertex 48.4481 50.0716 -1
      vertex 48.1709 50.1708 -1
    endloop
  endfacet
  facet normal -0.336939 0.941527 0
    outer loop
      vertex -48.1709 50.1708 -1
      vertex -48.4481 50.0716 0
      vertex -48.1709 50.1708 0
    endloop
  endfacet
  facet normal -0.336939 0.941527 0
    outer loop
      vertex -48.4481 50.0716 0
      vertex -48.1709 50.1708 -1
      vertex -48.4481 50.0716 -1
    endloop
  endfacet
  facet normal -0.514246 0.857643 0
    outer loop
      vertex -48.7142 49.9458 -1
      vertex -48.9667 49.7944 0
      vertex -48.7142 49.9458 0
    endloop
  endfacet
  facet normal -0.514246 0.857643 0
    outer loop
      vertex -48.9667 49.7944 0
      vertex -48.7142 49.9458 -1
      vertex -48.9667 49.7944 -1
    endloop
  endfacet
  facet normal 0.941527 0.336939 0
    outer loop
      vertex 50.1708 48.1709 0
      vertex 50.0716 48.4481 -1
      vertex 50.0716 48.4481 0
    endloop
  endfacet
  facet normal 0.941527 0.336939 0
    outer loop
      vertex 50.0716 48.4481 -1
      vertex 50.1708 48.1709 0
      vertex 50.1708 48.1709 -1
    endloop
  endfacet
  facet normal 0.969982 0.243175 0
    outer loop
      vertex 50.2424 47.8853 0
      vertex 50.1708 48.1709 -1
      vertex 50.1708 48.1709 0
    endloop
  endfacet
  facet normal 0.969982 0.243175 0
    outer loop
      vertex 50.1708 48.1709 -1
      vertex 50.2424 47.8853 0
      vertex 50.2424 47.8853 -1
    endloop
  endfacet
  facet normal -0.740908 -0.671607 0
    outer loop
      vertex -49.4213 -49.4213 -1
      vertex -49.619 -49.2032 0
      vertex -49.619 -49.2032 -1
    endloop
  endfacet
  facet normal -0.740908 -0.671607 0
    outer loop
      vertex -49.619 -49.2032 0
      vertex -49.4213 -49.4213 -1
      vertex -49.4213 -49.4213 0
    endloop
  endfacet
  facet normal 0.941527 -0.336939 0
    outer loop
      vertex 50.0716 -48.4481 0
      vertex 50.1708 -48.1709 -1
      vertex 50.1708 -48.1709 0
    endloop
  endfacet
  facet normal 0.941527 -0.336939 0
    outer loop
      vertex 50.1708 -48.1709 -1
      vertex 50.0716 -48.4481 0
      vertex 50.0716 -48.4481 -1
    endloop
  endfacet
  facet normal -0.243175 0.969982 0
    outer loop
      vertex -47.8853 50.2424 -1
      vertex -48.1709 50.1708 0
      vertex -47.8853 50.2424 0
    endloop
  endfacet
  facet normal -0.243175 0.969982 0
    outer loop
      vertex -48.1709 50.1708 0
      vertex -47.8853 50.2424 -1
      vertex -48.1709 50.1708 -1
    endloop
  endfacet
  facet normal -0.595699 0.803208 0
    outer loop
      vertex -48.9667 49.7944 -1
      vertex -49.2032 49.619 0
      vertex -48.9667 49.7944 0
    endloop
  endfacet
  facet normal -0.595699 0.803208 0
    outer loop
      vertex -49.2032 49.619 0
      vertex -48.9667 49.7944 -1
      vertex -49.2032 49.619 -1
    endloop
  endfacet
  facet normal -0.970072 -0.242818 0
    outer loop
      vertex -46.3327 -47.6683 -1
      vertex -46.3732 -47.5065 1.4
      vertex -46.3732 -47.5065 -1
    endloop
  endfacet
  facet normal -0.970072 -0.242818 0
    outer loop
      vertex -46.3732 -47.5065 1.4
      vertex -46.3327 -47.6683 -1
      vertex -46.3327 -47.6683 1.4
    endloop
  endfacet
  facet normal -0.998791 -0.0491602 0
    outer loop
      vertex -46.3 -48 -1
      vertex -46.3082 -47.8334 1.4
      vertex -46.3082 -47.8334 -1
    endloop
  endfacet
  facet normal -0.998791 -0.0491602 0
    outer loop
      vertex -46.3082 -47.8334 1.4
      vertex -46.3 -48 -1
      vertex -46.3 -48 1.4
    endloop
  endfacet
  facet normal 0.998791 -0.0491602 0
    outer loop
      vertex -49.7 -48 1.4
      vertex -49.6918 -47.8334 -1
      vertex -49.6918 -47.8334 1.4
    endloop
  endfacet
  facet normal 0.998791 -0.0491602 0
    outer loop
      vertex -49.6918 -47.8334 -1
      vertex -49.7 -48 1.4
      vertex -49.7 -48 -1
    endloop
  endfacet
  facet normal -0.0491602 -0.998791 0
    outer loop
      vertex -48 -46.3 -1
      vertex -47.8334 -46.3082 1.4
      vertex -48 -46.3 1.4
    endloop
  endfacet
  facet normal -0.0491602 -0.998791 -0
    outer loop
      vertex -47.8334 -46.3082 1.4
      vertex -48 -46.3 -1
      vertex -47.8334 -46.3082 -1
    endloop
  endfacet
  facet normal -0.671478 -0.741024 0
    outer loop
      vertex -46.9215 -46.6859 -1
      vertex -46.7979 -46.7979 1.4
      vertex -46.9215 -46.6859 1.4
    endloop
  endfacet
  facet normal -0.671478 -0.741024 -0
    outer loop
      vertex -46.7979 -46.7979 1.4
      vertex -46.9215 -46.6859 -1
      vertex -46.7979 -46.7979 -1
    endloop
  endfacet
  facet normal 0.671478 -0.741024 0
    outer loop
      vertex -49.2021 -46.7979 -1
      vertex -49.0785 -46.6859 1.4
      vertex -49.2021 -46.7979 1.4
    endloop
  endfacet
  facet normal 0.671478 -0.741024 0
    outer loop
      vertex -49.0785 -46.6859 1.4
      vertex -49.2021 -46.7979 -1
      vertex -49.0785 -46.6859 -1
    endloop
  endfacet
  facet normal 0.33683 -0.941566 0
    outer loop
      vertex -48.6506 -46.4294 -1
      vertex -48.4935 -46.3732 1.4
      vertex -48.6506 -46.4294 1.4
    endloop
  endfacet
  facet normal 0.33683 -0.941566 0
    outer loop
      vertex -48.4935 -46.3732 1.4
      vertex -48.6506 -46.4294 -1
      vertex -48.4935 -46.3732 -1
    endloop
  endfacet
  facet normal 0.803154 0.595772 0
    outer loop
      vertex -49.3141 -49.0785 1.4
      vertex -49.4135 -48.9445 -1
      vertex -49.4135 -48.9445 1.4
    endloop
  endfacet
  facet normal 0.803154 0.595772 0
    outer loop
      vertex -49.4135 -48.9445 -1
      vertex -49.3141 -49.0785 1.4
      vertex -49.3141 -49.0785 -1
    endloop
  endfacet
  facet normal -0.941566 -0.33683 0
    outer loop
      vertex -46.3732 -47.5065 -1
      vertex -46.4294 -47.3494 1.4
      vertex -46.4294 -47.3494 -1
    endloop
  endfacet
  facet normal -0.941566 -0.33683 0
    outer loop
      vertex -46.4294 -47.3494 1.4
      vertex -46.3732 -47.5065 -1
      vertex -46.3732 -47.5065 1.4
    endloop
  endfacet
  facet normal -0.427442 -0.904043 0
    outer loop
      vertex -47.3494 -46.4294 -1
      vertex -47.1986 -46.5007 1.4
      vertex -47.3494 -46.4294 1.4
    endloop
  endfacet
  facet normal -0.427442 -0.904043 -0
    outer loop
      vertex -47.1986 -46.5007 1.4
      vertex -47.3494 -46.4294 -1
      vertex -47.1986 -46.5007 -1
    endloop
  endfacet
  facet normal -0.595772 -0.803154 0
    outer loop
      vertex -47.0555 -46.5865 -1
      vertex -46.9215 -46.6859 1.4
      vertex -47.0555 -46.5865 1.4
    endloop
  endfacet
  facet normal -0.595772 -0.803154 -0
    outer loop
      vertex -46.9215 -46.6859 1.4
      vertex -47.0555 -46.5865 -1
      vertex -46.9215 -46.6859 -1
    endloop
  endfacet
  facet normal 0.857652 -0.514231 0
    outer loop
      vertex -49.4993 -47.1986 1.4
      vertex -49.4135 -47.0555 -1
      vertex -49.4135 -47.0555 1.4
    endloop
  endfacet
  facet normal 0.857652 -0.514231 0
    outer loop
      vertex -49.4135 -47.0555 -1
      vertex -49.4993 -47.1986 1.4
      vertex -49.4993 -47.1986 -1
    endloop
  endfacet
  facet normal 0.803154 -0.595772 0
    outer loop
      vertex -49.4135 -47.0555 1.4
      vertex -49.3141 -46.9215 -1
      vertex -49.3141 -46.9215 1.4
    endloop
  endfacet
  facet normal 0.803154 -0.595772 0
    outer loop
      vertex -49.3141 -46.9215 -1
      vertex -49.4135 -47.0555 1.4
      vertex -49.4135 -47.0555 -1
    endloop
  endfacet
  facet normal -0.904043 0.427442 0
    outer loop
      vertex -46.5007 -48.8014 -1
      vertex -46.4294 -48.6506 1.4
      vertex -46.4294 -48.6506 -1
    endloop
  endfacet
  facet normal -0.904043 0.427442 0
    outer loop
      vertex -46.4294 -48.6506 1.4
      vertex -46.5007 -48.8014 -1
      vertex -46.5007 -48.8014 1.4
    endloop
  endfacet
  facet normal -0.242818 0.970072 0
    outer loop
      vertex -47.5065 -49.6268 -1
      vertex -47.6683 -49.6673 1.4
      vertex -47.5065 -49.6268 1.4
    endloop
  endfacet
  facet normal -0.242818 0.970072 0
    outer loop
      vertex -47.6683 -49.6673 1.4
      vertex -47.5065 -49.6268 -1
      vertex -47.6683 -49.6673 -1
    endloop
  endfacet
  facet normal -0.741024 0.671478 0
    outer loop
      vertex -46.7979 -49.2021 -1
      vertex -46.6859 -49.0785 1.4
      vertex -46.6859 -49.0785 -1
    endloop
  endfacet
  facet normal -0.741024 0.671478 0
    outer loop
      vertex -46.6859 -49.0785 1.4
      vertex -46.7979 -49.2021 -1
      vertex -46.7979 -49.2021 1.4
    endloop
  endfacet
  facet normal -0.970072 0.242818 0
    outer loop
      vertex -46.3732 -48.4935 -1
      vertex -46.3327 -48.3317 1.4
      vertex -46.3327 -48.3317 -1
    endloop
  endfacet
  facet normal -0.970072 0.242818 0
    outer loop
      vertex -46.3327 -48.3317 1.4
      vertex -46.3732 -48.4935 -1
      vertex -46.3732 -48.4935 1.4
    endloop
  endfacet
  facet normal 0.33683 0.941566 -0
    outer loop
      vertex -48.4935 -49.6268 -1
      vertex -48.6506 -49.5706 1.4
      vertex -48.4935 -49.6268 1.4
    endloop
  endfacet
  facet normal 0.33683 0.941566 0
    outer loop
      vertex -48.6506 -49.5706 1.4
      vertex -48.4935 -49.6268 -1
      vertex -48.6506 -49.5706 -1
    endloop
  endfacet
  facet normal 0.514231 0.857652 -0
    outer loop
      vertex -48.8014 -49.4993 -1
      vertex -48.9445 -49.4135 1.4
      vertex -48.8014 -49.4993 1.4
    endloop
  endfacet
  facet normal 0.514231 0.857652 0
    outer loop
      vertex -48.9445 -49.4135 1.4
      vertex -48.8014 -49.4993 -1
      vertex -48.9445 -49.4135 -1
    endloop
  endfacet
  facet normal -0.904043 -0.427442 0
    outer loop
      vertex -46.4294 -47.3494 -1
      vertex -46.5007 -47.1986 1.4
      vertex -46.5007 -47.1986 -1
    endloop
  endfacet
  facet normal -0.904043 -0.427442 0
    outer loop
      vertex -46.5007 -47.1986 1.4
      vertex -46.4294 -47.3494 -1
      vertex -46.4294 -47.3494 1.4
    endloop
  endfacet
  facet normal -0.857652 -0.514231 0
    outer loop
      vertex -46.5007 -47.1986 -1
      vertex -46.5865 -47.0555 1.4
      vertex -46.5865 -47.0555 -1
    endloop
  endfacet
  facet normal -0.857652 -0.514231 0
    outer loop
      vertex -46.5865 -47.0555 1.4
      vertex -46.5007 -47.1986 -1
      vertex -46.5007 -47.1986 1.4
    endloop
  endfacet
  facet normal -0.803154 -0.595772 0
    outer loop
      vertex -46.5865 -47.0555 -1
      vertex -46.6859 -46.9215 1.4
      vertex -46.6859 -46.9215 -1
    endloop
  endfacet
  facet normal -0.803154 -0.595772 0
    outer loop
      vertex -46.6859 -46.9215 1.4
      vertex -46.5865 -47.0555 -1
      vertex -46.5865 -47.0555 1.4
    endloop
  endfacet
  facet normal -0.242818 -0.970072 0
    outer loop
      vertex -47.6683 -46.3327 -1
      vertex -47.5065 -46.3732 1.4
      vertex -47.6683 -46.3327 1.4
    endloop
  endfacet
  facet normal -0.242818 -0.970072 -0
    outer loop
      vertex -47.5065 -46.3732 1.4
      vertex -47.6683 -46.3327 -1
      vertex -47.5065 -46.3732 -1
    endloop
  endfacet
  facet normal -0.514231 -0.857652 0
    outer loop
      vertex -47.1986 -46.5007 -1
      vertex -47.0555 -46.5865 1.4
      vertex -47.1986 -46.5007 1.4
    endloop
  endfacet
  facet normal -0.514231 -0.857652 -0
    outer loop
      vertex -47.0555 -46.5865 1.4
      vertex -47.1986 -46.5007 -1
      vertex -47.0555 -46.5865 -1
    endloop
  endfacet
  facet normal 0.741024 -0.671478 0
    outer loop
      vertex -49.3141 -46.9215 1.4
      vertex -49.2021 -46.7979 -1
      vertex -49.2021 -46.7979 1.4
    endloop
  endfacet
  facet normal 0.741024 -0.671478 0
    outer loop
      vertex -49.2021 -46.7979 -1
      vertex -49.3141 -46.9215 1.4
      vertex -49.3141 -46.9215 -1
    endloop
  endfacet
  facet normal 0.904043 -0.427442 0
    outer loop
      vertex -49.5706 -47.3494 1.4
      vertex -49.4993 -47.1986 -1
      vertex -49.4993 -47.1986 1.4
    endloop
  endfacet
  facet normal 0.904043 -0.427442 0
    outer loop
      vertex -49.4993 -47.1986 -1
      vertex -49.5706 -47.3494 1.4
      vertex -49.5706 -47.3494 -1
    endloop
  endfacet
  facet normal 0.941566 -0.33683 0
    outer loop
      vertex -49.6268 -47.5065 1.4
      vertex -49.5706 -47.3494 -1
      vertex -49.5706 -47.3494 1.4
    endloop
  endfacet
  facet normal 0.941566 -0.33683 0
    outer loop
      vertex -49.5706 -47.3494 -1
      vertex -49.6268 -47.5065 1.4
      vertex -49.6268 -47.5065 -1
    endloop
  endfacet
  facet normal 0.970072 -0.242818 0
    outer loop
      vertex -49.6673 -47.6683 1.4
      vertex -49.6268 -47.5065 -1
      vertex -49.6268 -47.5065 1.4
    endloop
  endfacet
  facet normal 0.970072 -0.242818 0
    outer loop
      vertex -49.6268 -47.5065 -1
      vertex -49.6673 -47.6683 1.4
      vertex -49.6673 -47.6683 -1
    endloop
  endfacet
  facet normal 0.989168 -0.146788 0
    outer loop
      vertex -49.6918 -47.8334 1.4
      vertex -49.6673 -47.6683 -1
      vertex -49.6673 -47.6683 1.4
    endloop
  endfacet
  facet normal 0.989168 -0.146788 0
    outer loop
      vertex -49.6673 -47.6683 -1
      vertex -49.6918 -47.8334 1.4
      vertex -49.6918 -47.8334 -1
    endloop
  endfacet
  facet normal 0.427442 -0.904043 0
    outer loop
      vertex -48.8014 -46.5007 -1
      vertex -48.6506 -46.4294 1.4
      vertex -48.8014 -46.5007 1.4
    endloop
  endfacet
  facet normal 0.427442 -0.904043 0
    outer loop
      vertex -48.6506 -46.4294 1.4
      vertex -48.8014 -46.5007 -1
      vertex -48.6506 -46.4294 -1
    endloop
  endfacet
  facet normal 0.514231 -0.857652 0
    outer loop
      vertex -48.9445 -46.5865 -1
      vertex -48.8014 -46.5007 1.4
      vertex -48.9445 -46.5865 1.4
    endloop
  endfacet
  facet normal 0.514231 -0.857652 0
    outer loop
      vertex -48.8014 -46.5007 1.4
      vertex -48.9445 -46.5865 -1
      vertex -48.8014 -46.5007 -1
    endloop
  endfacet
  facet normal 0.0491602 -0.998791 0
    outer loop
      vertex -48.1666 -46.3082 -1
      vertex -48 -46.3 1.4
      vertex -48.1666 -46.3082 1.4
    endloop
  endfacet
  facet normal 0.0491602 -0.998791 0
    outer loop
      vertex -48 -46.3 1.4
      vertex -48.1666 -46.3082 -1
      vertex -48 -46.3 -1
    endloop
  endfacet
  facet normal 0.146788 -0.989168 0
    outer loop
      vertex -48.3317 -46.3327 -1
      vertex -48.1666 -46.3082 1.4
      vertex -48.3317 -46.3327 1.4
    endloop
  endfacet
  facet normal 0.146788 -0.989168 0
    outer loop
      vertex -48.1666 -46.3082 1.4
      vertex -48.3317 -46.3327 -1
      vertex -48.1666 -46.3082 -1
    endloop
  endfacet
  facet normal -0.0491602 0.998791 0
    outer loop
      vertex -47.8334 -49.6918 -1
      vertex -48 -49.7 1.4
      vertex -47.8334 -49.6918 1.4
    endloop
  endfacet
  facet normal -0.0491602 0.998791 0
    outer loop
      vertex -48 -49.7 1.4
      vertex -47.8334 -49.6918 -1
      vertex -48 -49.7 -1
    endloop
  endfacet
  facet normal -0.146788 0.989168 0
    outer loop
      vertex -47.6683 -49.6673 -1
      vertex -47.8334 -49.6918 1.4
      vertex -47.6683 -49.6673 1.4
    endloop
  endfacet
  facet normal -0.146788 0.989168 0
    outer loop
      vertex -47.8334 -49.6918 1.4
      vertex -47.6683 -49.6673 -1
      vertex -47.8334 -49.6918 -1
    endloop
  endfacet
  facet normal -0.514231 0.857652 0
    outer loop
      vertex -47.0555 -49.4135 -1
      vertex -47.1986 -49.4993 1.4
      vertex -47.0555 -49.4135 1.4
    endloop
  endfacet
  facet normal -0.514231 0.857652 0
    outer loop
      vertex -47.1986 -49.4993 1.4
      vertex -47.0555 -49.4135 -1
      vertex -47.1986 -49.4993 -1
    endloop
  endfacet
  facet normal -0.671478 0.741024 0
    outer loop
      vertex -46.7979 -49.2021 -1
      vertex -46.9215 -49.3141 1.4
      vertex -46.7979 -49.2021 1.4
    endloop
  endfacet
  facet normal -0.671478 0.741024 0
    outer loop
      vertex -46.9215 -49.3141 1.4
      vertex -46.7979 -49.2021 -1
      vertex -46.9215 -49.3141 -1
    endloop
  endfacet
  facet normal -0.595772 0.803154 0
    outer loop
      vertex -46.9215 -49.3141 -1
      vertex -47.0555 -49.4135 1.4
      vertex -46.9215 -49.3141 1.4
    endloop
  endfacet
  facet normal -0.595772 0.803154 0
    outer loop
      vertex -47.0555 -49.4135 1.4
      vertex -46.9215 -49.3141 -1
      vertex -47.0555 -49.4135 -1
    endloop
  endfacet
  facet normal -0.803154 0.595772 0
    outer loop
      vertex -46.6859 -49.0785 -1
      vertex -46.5865 -48.9445 1.4
      vertex -46.5865 -48.9445 -1
    endloop
  endfacet
  facet normal -0.803154 0.595772 0
    outer loop
      vertex -46.5865 -48.9445 1.4
      vertex -46.6859 -49.0785 -1
      vertex -46.6859 -49.0785 1.4
    endloop
  endfacet
  facet normal -0.857652 0.514231 0
    outer loop
      vertex -46.5865 -48.9445 -1
      vertex -46.5007 -48.8014 1.4
      vertex -46.5007 -48.8014 -1
    endloop
  endfacet
  facet normal -0.857652 0.514231 0
    outer loop
      vertex -46.5007 -48.8014 1.4
      vertex -46.5865 -48.9445 -1
      vertex -46.5865 -48.9445 1.4
    endloop
  endfacet
  facet normal 0.146788 0.989168 -0
    outer loop
      vertex -48.1666 -49.6918 -1
      vertex -48.3317 -49.6673 1.4
      vertex -48.1666 -49.6918 1.4
    endloop
  endfacet
  facet normal 0.146788 0.989168 0
    outer loop
      vertex -48.3317 -49.6673 1.4
      vertex -48.1666 -49.6918 -1
      vertex -48.3317 -49.6673 -1
    endloop
  endfacet
  facet normal 0.671478 0.741024 -0
    outer loop
      vertex -49.0785 -49.3141 -1
      vertex -49.2021 -49.2021 1.4
      vertex -49.0785 -49.3141 1.4
    endloop
  endfacet
  facet normal 0.671478 0.741024 0
    outer loop
      vertex -49.2021 -49.2021 1.4
      vertex -49.0785 -49.3141 -1
      vertex -49.2021 -49.2021 -1
    endloop
  endfacet
  facet normal 0.427442 0.904043 -0
    outer loop
      vertex -48.6506 -49.5706 -1
      vertex -48.8014 -49.4993 1.4
      vertex -48.6506 -49.5706 1.4
    endloop
  endfacet
  facet normal 0.427442 0.904043 0
    outer loop
      vertex -48.8014 -49.4993 1.4
      vertex -48.6506 -49.5706 -1
      vertex -48.8014 -49.4993 -1
    endloop
  endfacet
  facet normal 0.0491602 0.998791 -0
    outer loop
      vertex -48 -49.7 -1
      vertex -48.1666 -49.6918 1.4
      vertex -48 -49.7 1.4
    endloop
  endfacet
  facet normal 0.0491602 0.998791 0
    outer loop
      vertex -48.1666 -49.6918 1.4
      vertex -48 -49.7 -1
      vertex -48.1666 -49.6918 -1
    endloop
  endfacet
  facet normal 0.595772 0.803154 -0
    outer loop
      vertex -48.9445 -49.4135 -1
      vertex -49.0785 -49.3141 1.4
      vertex -48.9445 -49.4135 1.4
    endloop
  endfacet
  facet normal 0.595772 0.803154 0
    outer loop
      vertex -49.0785 -49.3141 1.4
      vertex -48.9445 -49.4135 -1
      vertex -49.0785 -49.3141 -1
    endloop
  endfacet
  facet normal 0.741024 0.671478 0
    outer loop
      vertex -49.2021 -49.2021 1.4
      vertex -49.3141 -49.0785 -1
      vertex -49.3141 -49.0785 1.4
    endloop
  endfacet
  facet normal 0.741024 0.671478 0
    outer loop
      vertex -49.3141 -49.0785 -1
      vertex -49.2021 -49.2021 1.4
      vertex -49.2021 -49.2021 -1
    endloop
  endfacet
  facet normal 0.904043 0.427442 0
    outer loop
      vertex -49.4993 -48.8014 1.4
      vertex -49.5706 -48.6506 -1
      vertex -49.5706 -48.6506 1.4
    endloop
  endfacet
  facet normal 0.904043 0.427442 0
    outer loop
      vertex -49.5706 -48.6506 -1
      vertex -49.4993 -48.8014 1.4
      vertex -49.4993 -48.8014 -1
    endloop
  endfacet
  facet normal 0.970072 0.242818 0
    outer loop
      vertex -49.6268 -48.4935 1.4
      vertex -49.6673 -48.3317 -1
      vertex -49.6673 -48.3317 1.4
    endloop
  endfacet
  facet normal 0.970072 0.242818 0
    outer loop
      vertex -49.6673 -48.3317 -1
      vertex -49.6268 -48.4935 1.4
      vertex -49.6268 -48.4935 -1
    endloop
  endfacet
  facet normal 0.998791 0.0491602 0
    outer loop
      vertex -49.6918 -48.1666 1.4
      vertex -49.7 -48 -1
      vertex -49.7 -48 1.4
    endloop
  endfacet
  facet normal 0.998791 0.0491602 0
    outer loop
      vertex -49.7 -48 -1
      vertex -49.6918 -48.1666 1.4
      vertex -49.6918 -48.1666 -1
    endloop
  endfacet
  facet normal 0.941566 0.33683 0
    outer loop
      vertex -49.5706 -48.6506 1.4
      vertex -49.6268 -48.4935 -1
      vertex -49.6268 -48.4935 1.4
    endloop
  endfacet
  facet normal 0.941566 0.33683 0
    outer loop
      vertex -49.6268 -48.4935 -1
      vertex -49.5706 -48.6506 1.4
      vertex -49.5706 -48.6506 -1
    endloop
  endfacet
  facet normal -0.989168 -0.146788 0
    outer loop
      vertex -46.3082 -47.8334 -1
      vertex -46.3327 -47.6683 1.4
      vertex -46.3327 -47.6683 -1
    endloop
  endfacet
  facet normal -0.989168 -0.146788 0
    outer loop
      vertex -46.3327 -47.6683 1.4
      vertex -46.3082 -47.8334 -1
      vertex -46.3082 -47.8334 1.4
    endloop
  endfacet
  facet normal -0.741024 -0.671478 0
    outer loop
      vertex -46.6859 -46.9215 -1
      vertex -46.7979 -46.7979 1.4
      vertex -46.7979 -46.7979 -1
    endloop
  endfacet
  facet normal -0.741024 -0.671478 0
    outer loop
      vertex -46.7979 -46.7979 1.4
      vertex -46.6859 -46.9215 -1
      vertex -46.6859 -46.9215 1.4
    endloop
  endfacet
  facet normal -0.146788 -0.989168 0
    outer loop
      vertex -47.8334 -46.3082 -1
      vertex -47.6683 -46.3327 1.4
      vertex -47.8334 -46.3082 1.4
    endloop
  endfacet
  facet normal -0.146788 -0.989168 -0
    outer loop
      vertex -47.6683 -46.3327 1.4
      vertex -47.8334 -46.3082 -1
      vertex -47.6683 -46.3327 -1
    endloop
  endfacet
  facet normal -0.33683 -0.941566 0
    outer loop
      vertex -47.5065 -46.3732 -1
      vertex -47.3494 -46.4294 1.4
      vertex -47.5065 -46.3732 1.4
    endloop
  endfacet
  facet normal -0.33683 -0.941566 -0
    outer loop
      vertex -47.3494 -46.4294 1.4
      vertex -47.5065 -46.3732 -1
      vertex -47.3494 -46.4294 -1
    endloop
  endfacet
  facet normal 0.595772 -0.803154 0
    outer loop
      vertex -49.0785 -46.6859 -1
      vertex -48.9445 -46.5865 1.4
      vertex -49.0785 -46.6859 1.4
    endloop
  endfacet
  facet normal 0.595772 -0.803154 0
    outer loop
      vertex -48.9445 -46.5865 1.4
      vertex -49.0785 -46.6859 -1
      vertex -48.9445 -46.5865 -1
    endloop
  endfacet
  facet normal 0.242818 -0.970072 0
    outer loop
      vertex -48.4935 -46.3732 -1
      vertex -48.3317 -46.3327 1.4
      vertex -48.4935 -46.3732 1.4
    endloop
  endfacet
  facet normal 0.242818 -0.970072 0
    outer loop
      vertex -48.3317 -46.3327 1.4
      vertex -48.4935 -46.3732 -1
      vertex -48.3317 -46.3327 -1
    endloop
  endfacet
  facet normal -0.427442 0.904043 0
    outer loop
      vertex -47.1986 -49.4993 -1
      vertex -47.3494 -49.5706 1.4
      vertex -47.1986 -49.4993 1.4
    endloop
  endfacet
  facet normal -0.427442 0.904043 0
    outer loop
      vertex -47.3494 -49.5706 1.4
      vertex -47.1986 -49.4993 -1
      vertex -47.3494 -49.5706 -1
    endloop
  endfacet
  facet normal -0.941566 0.33683 0
    outer loop
      vertex -46.4294 -48.6506 -1
      vertex -46.3732 -48.4935 1.4
      vertex -46.3732 -48.4935 -1
    endloop
  endfacet
  facet normal -0.941566 0.33683 0
    outer loop
      vertex -46.3732 -48.4935 1.4
      vertex -46.4294 -48.6506 -1
      vertex -46.4294 -48.6506 1.4
    endloop
  endfacet
  facet normal -0.989168 0.146788 0
    outer loop
      vertex -46.3327 -48.3317 -1
      vertex -46.3082 -48.1666 1.4
      vertex -46.3082 -48.1666 -1
    endloop
  endfacet
  facet normal -0.989168 0.146788 0
    outer loop
      vertex -46.3082 -48.1666 1.4
      vertex -46.3327 -48.3317 -1
      vertex -46.3327 -48.3317 1.4
    endloop
  endfacet
  facet normal -0.998791 0.0491602 0
    outer loop
      vertex -46.3082 -48.1666 -1
      vertex -46.3 -48 1.4
      vertex -46.3 -48 -1
    endloop
  endfacet
  facet normal -0.998791 0.0491602 0
    outer loop
      vertex -46.3 -48 1.4
      vertex -46.3082 -48.1666 -1
      vertex -46.3082 -48.1666 1.4
    endloop
  endfacet
  facet normal 0.242818 0.970072 -0
    outer loop
      vertex -48.3317 -49.6673 -1
      vertex -48.4935 -49.6268 1.4
      vertex -48.3317 -49.6673 1.4
    endloop
  endfacet
  facet normal 0.242818 0.970072 0
    outer loop
      vertex -48.4935 -49.6268 1.4
      vertex -48.3317 -49.6673 -1
      vertex -48.4935 -49.6268 -1
    endloop
  endfacet
  facet normal 0.857652 0.514231 0
    outer loop
      vertex -49.4135 -48.9445 1.4
      vertex -49.4993 -48.8014 -1
      vertex -49.4993 -48.8014 1.4
    endloop
  endfacet
  facet normal 0.857652 0.514231 0
    outer loop
      vertex -49.4993 -48.8014 -1
      vertex -49.4135 -48.9445 1.4
      vertex -49.4135 -48.9445 -1
    endloop
  endfacet
  facet normal 0.989168 0.146788 0
    outer loop
      vertex -49.6673 -48.3317 1.4
      vertex -49.6918 -48.1666 -1
      vertex -49.6918 -48.1666 1.4
    endloop
  endfacet
  facet normal 0.989168 0.146788 0
    outer loop
      vertex -49.6918 -48.1666 -1
      vertex -49.6673 -48.3317 1.4
      vertex -49.6673 -48.3317 -1
    endloop
  endfacet
  facet normal -0.33683 0.941566 0
    outer loop
      vertex -47.3494 -49.5706 -1
      vertex -47.5065 -49.6268 1.4
      vertex -47.3494 -49.5706 1.4
    endloop
  endfacet
  facet normal -0.33683 0.941566 0
    outer loop
      vertex -47.5065 -49.6268 1.4
      vertex -47.3494 -49.5706 -1
      vertex -47.5065 -49.6268 -1
    endloop
  endfacet
  facet normal -0.9988 -0.0489705 0
    outer loop
      vertex -44.9 -48 1.4
      vertex -44.9149 -47.6961 3
      vertex -44.9149 -47.6961 1.4
    endloop
  endfacet
  facet normal -0.9988 -0.0489705 0
    outer loop
      vertex -44.9149 -47.6961 3
      vertex -44.9 -48 1.4
      vertex -44.9 -48 3
    endloop
  endfacet
  facet normal 0.9988 -0.0489705 0
    outer loop
      vertex -51.1 -48 3
      vertex -51.0851 -47.6961 1.4
      vertex -51.0851 -47.6961 3
    endloop
  endfacet
  facet normal 0.9988 -0.0489705 0
    outer loop
      vertex -51.0851 -47.6961 1.4
      vertex -51.1 -48 3
      vertex -51.1 -48 1.4
    endloop
  endfacet
  facet normal 0.0489705 -0.9988 0
    outer loop
      vertex -48.3039 -44.9149 1.4
      vertex -48 -44.9 3
      vertex -48.3039 -44.9149 3
    endloop
  endfacet
  facet normal 0.0489705 -0.9988 0
    outer loop
      vertex -48 -44.9 3
      vertex -48.3039 -44.9149 1.4
      vertex -48 -44.9 1.4
    endloop
  endfacet
  facet normal -0.671576 -0.740936 0
    outer loop
      vertex -46.0334 -45.6037 1.4
      vertex -45.808 -45.808 3
      vertex -46.0334 -45.6037 3
    endloop
  endfacet
  facet normal -0.671576 -0.740936 -0
    outer loop
      vertex -45.808 -45.808 3
      vertex -46.0334 -45.6037 1.4
      vertex -45.808 -45.808 1.4
    endloop
  endfacet
  facet normal 0.671576 -0.740936 0
    outer loop
      vertex -50.192 -45.808 1.4
      vertex -49.9666 -45.6037 3
      vertex -50.192 -45.808 3
    endloop
  endfacet
  facet normal 0.671576 -0.740936 0
    outer loop
      vertex -49.9666 -45.6037 3
      vertex -50.192 -45.808 1.4
      vertex -49.9666 -45.6037 1.4
    endloop
  endfacet
  facet normal 0.336961 -0.941519 0
    outer loop
      vertex -49.1863 -45.136 1.4
      vertex -48.8999 -45.0335 3
      vertex -49.1863 -45.136 3
    endloop
  endfacet
  facet normal 0.336961 -0.941519 0
    outer loop
      vertex -48.8999 -45.0335 3
      vertex -49.1863 -45.136 1.4
      vertex -48.8999 -45.0335 1.4
    endloop
  endfacet
  facet normal -0.904072 -0.42738 0
    outer loop
      vertex -45.136 -46.8137 1.4
      vertex -45.266 -46.5387 3
      vertex -45.266 -46.5387 1.4
    endloop
  endfacet
  facet normal -0.904072 -0.42738 0
    outer loop
      vertex -45.266 -46.5387 3
      vertex -45.136 -46.8137 1.4
      vertex -45.136 -46.8137 3
    endloop
  endfacet
  facet normal -0.336961 -0.941519 0
    outer loop
      vertex -47.1001 -45.0335 1.4
      vertex -46.8137 -45.136 3
      vertex -47.1001 -45.0335 3
    endloop
  endfacet
  facet normal -0.336961 -0.941519 -0
    outer loop
      vertex -46.8137 -45.136 3
      vertex -47.1001 -45.0335 1.4
      vertex -46.8137 -45.136 1.4
    endloop
  endfacet
  facet normal -0.514012 -0.857783 0
    outer loop
      vertex -46.5387 -45.266 1.4
      vertex -46.2777 -45.4224 3
      vertex -46.5387 -45.266 3
    endloop
  endfacet
  facet normal -0.514012 -0.857783 -0
    outer loop
      vertex -46.2777 -45.4224 3
      vertex -46.5387 -45.266 1.4
      vertex -46.2777 -45.4224 1.4
    endloop
  endfacet
  facet normal 0.904072 -0.42738 0
    outer loop
      vertex -50.864 -46.8137 3
      vertex -50.734 -46.5387 1.4
      vertex -50.734 -46.5387 3
    endloop
  endfacet
  facet normal 0.904072 -0.42738 0
    outer loop
      vertex -50.734 -46.5387 1.4
      vertex -50.864 -46.8137 3
      vertex -50.864 -46.8137 1.4
    endloop
  endfacet
  facet normal 0.242922 -0.970046 0
    outer loop
      vertex -48.8999 -45.0335 1.4
      vertex -48.6048 -44.9596 3
      vertex -48.8999 -45.0335 3
    endloop
  endfacet
  facet normal 0.242922 -0.970046 0
    outer loop
      vertex -48.6048 -44.9596 3
      vertex -48.8999 -45.0335 1.4
      vertex -48.6048 -44.9596 1.4
    endloop
  endfacet
  facet normal -0.970046 0.242922 0
    outer loop
      vertex -45.0335 -48.8999 1.4
      vertex -44.9596 -48.6048 3
      vertex -44.9596 -48.6048 1.4
    endloop
  endfacet
  facet normal -0.970046 0.242922 0
    outer loop
      vertex -44.9596 -48.6048 3
      vertex -45.0335 -48.8999 1.4
      vertex -45.0335 -48.8999 3
    endloop
  endfacet
  facet normal 0.0489705 0.9988 -0
    outer loop
      vertex -48 -51.1 1.4
      vertex -48.3039 -51.0851 3
      vertex -48 -51.1 3
    endloop
  endfacet
  facet normal 0.0489705 0.9988 0
    outer loop
      vertex -48.3039 -51.0851 3
      vertex -48 -51.1 1.4
      vertex -48.3039 -51.0851 1.4
    endloop
  endfacet
  facet normal -0.970046 -0.242922 0
    outer loop
      vertex -44.9596 -47.3952 1.4
      vertex -45.0335 -47.1001 3
      vertex -45.0335 -47.1001 1.4
    endloop
  endfacet
  facet normal -0.970046 -0.242922 0
    outer loop
      vertex -45.0335 -47.1001 3
      vertex -44.9596 -47.3952 1.4
      vertex -44.9596 -47.3952 3
    endloop
  endfacet
  facet normal -0.989145 -0.146942 0
    outer loop
      vertex -44.9149 -47.6961 1.4
      vertex -44.9596 -47.3952 3
      vertex -44.9596 -47.3952 1.4
    endloop
  endfacet
  facet normal -0.989145 -0.146942 0
    outer loop
      vertex -44.9596 -47.3952 3
      vertex -44.9149 -47.6961 1.4
      vertex -44.9149 -47.6961 3
    endloop
  endfacet
  facet normal -0.941519 -0.336961 0
    outer loop
      vertex -45.0335 -47.1001 1.4
      vertex -45.136 -46.8137 3
      vertex -45.136 -46.8137 1.4
    endloop
  endfacet
  facet normal -0.941519 -0.336961 0
    outer loop
      vertex -45.136 -46.8137 3
      vertex -45.0335 -47.1001 1.4
      vertex -45.0335 -47.1001 3
    endloop
  endfacet
  facet normal -0.803027 -0.595943 0
    outer loop
      vertex -45.4224 -46.2777 1.4
      vertex -45.6037 -46.0334 3
      vertex -45.6037 -46.0334 1.4
    endloop
  endfacet
  facet normal -0.803027 -0.595943 0
    outer loop
      vertex -45.6037 -46.0334 3
      vertex -45.4224 -46.2777 1.4
      vertex -45.4224 -46.2777 3
    endloop
  endfacet
  facet normal -0.740936 -0.671576 0
    outer loop
      vertex -45.6037 -46.0334 1.4
      vertex -45.808 -45.808 3
      vertex -45.808 -45.808 1.4
    endloop
  endfacet
  facet normal -0.740936 -0.671576 0
    outer loop
      vertex -45.808 -45.808 3
      vertex -45.6037 -46.0334 1.4
      vertex -45.6037 -46.0334 3
    endloop
  endfacet
  facet normal -0.857783 -0.514012 0
    outer loop
      vertex -45.266 -46.5387 1.4
      vertex -45.4224 -46.2777 3
      vertex -45.4224 -46.2777 1.4
    endloop
  endfacet
  facet normal -0.857783 -0.514012 0
    outer loop
      vertex -45.4224 -46.2777 3
      vertex -45.266 -46.5387 1.4
      vertex -45.266 -46.5387 3
    endloop
  endfacet
  facet normal -0.146942 -0.989145 0
    outer loop
      vertex -47.6961 -44.9149 1.4
      vertex -47.3952 -44.9596 3
      vertex -47.6961 -44.9149 3
    endloop
  endfacet
  facet normal -0.146942 -0.989145 -0
    outer loop
      vertex -47.3952 -44.9596 3
      vertex -47.6961 -44.9149 1.4
      vertex -47.3952 -44.9596 1.4
    endloop
  endfacet
  facet normal -0.242922 -0.970046 0
    outer loop
      vertex -47.3952 -44.9596 1.4
      vertex -47.1001 -45.0335 3
      vertex -47.3952 -44.9596 3
    endloop
  endfacet
  facet normal -0.242922 -0.970046 -0
    outer loop
      vertex -47.1001 -45.0335 3
      vertex -47.3952 -44.9596 1.4
      vertex -47.1001 -45.0335 1.4
    endloop
  endfacet
  facet normal -0.0489705 -0.9988 0
    outer loop
      vertex -48 -44.9 1.4
      vertex -47.6961 -44.9149 3
      vertex -48 -44.9 3
    endloop
  endfacet
  facet normal -0.0489705 -0.9988 -0
    outer loop
      vertex -47.6961 -44.9149 3
      vertex -48 -44.9 1.4
      vertex -47.6961 -44.9149 1.4
    endloop
  endfacet
  facet normal -0.42738 -0.904072 0
    outer loop
      vertex -46.8137 -45.136 1.4
      vertex -46.5387 -45.266 3
      vertex -46.8137 -45.136 3
    endloop
  endfacet
  facet normal -0.42738 -0.904072 -0
    outer loop
      vertex -46.5387 -45.266 3
      vertex -46.8137 -45.136 1.4
      vertex -46.5387 -45.266 1.4
    endloop
  endfacet
  facet normal -0.595943 -0.803027 0
    outer loop
      vertex -46.2777 -45.4224 1.4
      vertex -46.0334 -45.6037 3
      vertex -46.2777 -45.4224 3
    endloop
  endfacet
  facet normal -0.595943 -0.803027 -0
    outer loop
      vertex -46.0334 -45.6037 3
      vertex -46.2777 -45.4224 1.4
      vertex -46.0334 -45.6037 1.4
    endloop
  endfacet
  facet normal 0.970046 -0.242922 0
    outer loop
      vertex -51.0404 -47.3952 3
      vertex -50.9665 -47.1001 1.4
      vertex -50.9665 -47.1001 3
    endloop
  endfacet
  facet normal 0.970046 -0.242922 0
    outer loop
      vertex -50.9665 -47.1001 1.4
      vertex -51.0404 -47.3952 3
      vertex -51.0404 -47.3952 1.4
    endloop
  endfacet
  facet normal 0.803027 -0.595943 0
    outer loop
      vertex -50.5776 -46.2777 3
      vertex -50.3963 -46.0334 1.4
      vertex -50.3963 -46.0334 3
    endloop
  endfacet
  facet normal 0.803027 -0.595943 0
    outer loop
      vertex -50.3963 -46.0334 1.4
      vertex -50.5776 -46.2777 3
      vertex -50.5776 -46.2777 1.4
    endloop
  endfacet
  facet normal 0.740936 -0.671576 0
    outer loop
      vertex -50.3963 -46.0334 3
      vertex -50.192 -45.808 1.4
      vertex -50.192 -45.808 3
    endloop
  endfacet
  facet normal 0.740936 -0.671576 0
    outer loop
      vertex -50.192 -45.808 1.4
      vertex -50.3963 -46.0334 3
      vertex -50.3963 -46.0334 1.4
    endloop
  endfacet
  facet normal 0.857783 -0.514012 0
    outer loop
      vertex -50.734 -46.5387 3
      vertex -50.5776 -46.2777 1.4
      vertex -50.5776 -46.2777 3
    endloop
  endfacet
  facet normal 0.857783 -0.514012 0
    outer loop
      vertex -50.5776 -46.2777 1.4
      vertex -50.734 -46.5387 3
      vertex -50.734 -46.5387 1.4
    endloop
  endfacet
  facet normal 0.941519 -0.336961 0
    outer loop
      vertex -50.9665 -47.1001 3
      vertex -50.864 -46.8137 1.4
      vertex -50.864 -46.8137 3
    endloop
  endfacet
  facet normal 0.941519 -0.336961 0
    outer loop
      vertex -50.864 -46.8137 1.4
      vertex -50.9665 -47.1001 3
      vertex -50.9665 -47.1001 1.4
    endloop
  endfacet
  facet normal 0.989145 -0.146942 0
    outer loop
      vertex -51.0851 -47.6961 3
      vertex -51.0404 -47.3952 1.4
      vertex -51.0404 -47.3952 3
    endloop
  endfacet
  facet normal 0.989145 -0.146942 0
    outer loop
      vertex -51.0404 -47.3952 1.4
      vertex -51.0851 -47.6961 3
      vertex -51.0851 -47.6961 1.4
    endloop
  endfacet
  facet normal 0.514012 -0.857783 0
    outer loop
      vertex -49.7223 -45.4224 1.4
      vertex -49.4613 -45.266 3
      vertex -49.7223 -45.4224 3
    endloop
  endfacet
  facet normal 0.514012 -0.857783 0
    outer loop
      vertex -49.4613 -45.266 3
      vertex -49.7223 -45.4224 1.4
      vertex -49.4613 -45.266 1.4
    endloop
  endfacet
  facet normal 0.42738 -0.904072 0
    outer loop
      vertex -49.4613 -45.266 1.4
      vertex -49.1863 -45.136 3
      vertex -49.4613 -45.266 3
    endloop
  endfacet
  facet normal 0.42738 -0.904072 0
    outer loop
      vertex -49.1863 -45.136 3
      vertex -49.4613 -45.266 1.4
      vertex -49.1863 -45.136 1.4
    endloop
  endfacet
  facet normal 0.595943 -0.803027 0
    outer loop
      vertex -49.9666 -45.6037 1.4
      vertex -49.7223 -45.4224 3
      vertex -49.9666 -45.6037 3
    endloop
  endfacet
  facet normal 0.595943 -0.803027 0
    outer loop
      vertex -49.7223 -45.4224 3
      vertex -49.9666 -45.6037 1.4
      vertex -49.7223 -45.4224 1.4
    endloop
  endfacet
  facet normal 0.146942 -0.989145 0
    outer loop
      vertex -48.6048 -44.9596 1.4
      vertex -48.3039 -44.9149 3
      vertex -48.6048 -44.9596 3
    endloop
  endfacet
  facet normal 0.146942 -0.989145 0
    outer loop
      vertex -48.3039 -44.9149 3
      vertex -48.6048 -44.9596 1.4
      vertex -48.3039 -44.9149 1.4
    endloop
  endfacet
  facet normal -0.514012 0.857783 0
    outer loop
      vertex -46.2777 -50.5776 1.4
      vertex -46.5387 -50.734 3
      vertex -46.2777 -50.5776 3
    endloop
  endfacet
  facet normal -0.514012 0.857783 0
    outer loop
      vertex -46.5387 -50.734 3
      vertex -46.2777 -50.5776 1.4
      vertex -46.5387 -50.734 1.4
    endloop
  endfacet
  facet normal 0.904072 0.42738 0
    outer loop
      vertex -50.734 -49.4613 3
      vertex -50.864 -49.1863 1.4
      vertex -50.864 -49.1863 3
    endloop
  endfacet
  facet normal 0.904072 0.42738 0
    outer loop
      vertex -50.864 -49.1863 1.4
      vertex -50.734 -49.4613 3
      vertex -50.734 -49.4613 1.4
    endloop
  endfacet
  facet normal -0.941519 0.336961 0
    outer loop
      vertex -45.136 -49.1863 1.4
      vertex -45.0335 -48.8999 3
      vertex -45.0335 -48.8999 1.4
    endloop
  endfacet
  facet normal -0.941519 0.336961 0
    outer loop
      vertex -45.0335 -48.8999 3
      vertex -45.136 -49.1863 1.4
      vertex -45.136 -49.1863 3
    endloop
  endfacet
  facet normal -0.989145 0.146942 0
    outer loop
      vertex -44.9596 -48.6048 1.4
      vertex -44.9149 -48.3039 3
      vertex -44.9149 -48.3039 1.4
    endloop
  endfacet
  facet normal -0.989145 0.146942 0
    outer loop
      vertex -44.9149 -48.3039 3
      vertex -44.9596 -48.6048 1.4
      vertex -44.9596 -48.6048 3
    endloop
  endfacet
  facet normal -0.9988 0.0489705 0
    outer loop
      vertex -44.9149 -48.3039 1.4
      vertex -44.9 -48 3
      vertex -44.9 -48 1.4
    endloop
  endfacet
  facet normal -0.9988 0.0489705 0
    outer loop
      vertex -44.9 -48 3
      vertex -44.9149 -48.3039 1.4
      vertex -44.9149 -48.3039 3
    endloop
  endfacet
  facet normal -0.740936 0.671576 0
    outer loop
      vertex -45.808 -50.192 1.4
      vertex -45.6037 -49.9666 3
      vertex -45.6037 -49.9666 1.4
    endloop
  endfacet
  facet normal -0.740936 0.671576 0
    outer loop
      vertex -45.6037 -49.9666 3
      vertex -45.808 -50.192 1.4
      vertex -45.808 -50.192 3
    endloop
  endfacet
  facet normal -0.595943 0.803027 0
    outer loop
      vertex -46.0334 -50.3963 1.4
      vertex -46.2777 -50.5776 3
      vertex -46.0334 -50.3963 3
    endloop
  endfacet
  facet normal -0.595943 0.803027 0
    outer loop
      vertex -46.2777 -50.5776 3
      vertex -46.0334 -50.3963 1.4
      vertex -46.2777 -50.5776 1.4
    endloop
  endfacet
  facet normal -0.904072 0.42738 0
    outer loop
      vertex -45.266 -49.4613 1.4
      vertex -45.136 -49.1863 3
      vertex -45.136 -49.1863 1.4
    endloop
  endfacet
  facet normal -0.904072 0.42738 0
    outer loop
      vertex -45.136 -49.1863 3
      vertex -45.266 -49.4613 1.4
      vertex -45.266 -49.4613 3
    endloop
  endfacet
  facet normal 0.970046 0.242922 0
    outer loop
      vertex -50.9665 -48.8999 3
      vertex -51.0404 -48.6048 1.4
      vertex -51.0404 -48.6048 3
    endloop
  endfacet
  facet normal 0.970046 0.242922 0
    outer loop
      vertex -51.0404 -48.6048 1.4
      vertex -50.9665 -48.8999 3
      vertex -50.9665 -48.8999 1.4
    endloop
  endfacet
  facet normal 0.9988 0.0489705 0
    outer loop
      vertex -51.0851 -48.3039 3
      vertex -51.1 -48 1.4
      vertex -51.1 -48 3
    endloop
  endfacet
  facet normal 0.9988 0.0489705 0
    outer loop
      vertex -51.1 -48 1.4
      vertex -51.0851 -48.3039 3
      vertex -51.0851 -48.3039 1.4
    endloop
  endfacet
  facet normal 0.989145 0.146942 0
    outer loop
      vertex -51.0404 -48.6048 3
      vertex -51.0851 -48.3039 1.4
      vertex -51.0851 -48.3039 3
    endloop
  endfacet
  facet normal 0.989145 0.146942 0
    outer loop
      vertex -51.0851 -48.3039 1.4
      vertex -51.0404 -48.6048 3
      vertex -51.0404 -48.6048 1.4
    endloop
  endfacet
  facet normal -0.146942 0.989145 0
    outer loop
      vertex -47.3952 -51.0404 1.4
      vertex -47.6961 -51.0851 3
      vertex -47.3952 -51.0404 3
    endloop
  endfacet
  facet normal -0.146942 0.989145 0
    outer loop
      vertex -47.6961 -51.0851 3
      vertex -47.3952 -51.0404 1.4
      vertex -47.6961 -51.0851 1.4
    endloop
  endfacet
  facet normal -0.42738 0.904072 0
    outer loop
      vertex -46.5387 -50.734 1.4
      vertex -46.8137 -50.864 3
      vertex -46.5387 -50.734 3
    endloop
  endfacet
  facet normal -0.42738 0.904072 0
    outer loop
      vertex -46.8137 -50.864 3
      vertex -46.5387 -50.734 1.4
      vertex -46.8137 -50.864 1.4
    endloop
  endfacet
  facet normal -0.336961 0.941519 0
    outer loop
      vertex -46.8137 -50.864 1.4
      vertex -47.1001 -50.9665 3
      vertex -46.8137 -50.864 3
    endloop
  endfacet
  facet normal -0.336961 0.941519 0
    outer loop
      vertex -47.1001 -50.9665 3
      vertex -46.8137 -50.864 1.4
      vertex -47.1001 -50.9665 1.4
    endloop
  endfacet
  facet normal -0.857783 0.514012 0
    outer loop
      vertex -45.4224 -49.7223 1.4
      vertex -45.266 -49.4613 3
      vertex -45.266 -49.4613 1.4
    endloop
  endfacet
  facet normal -0.857783 0.514012 0
    outer loop
      vertex -45.266 -49.4613 3
      vertex -45.4224 -49.7223 1.4
      vertex -45.4224 -49.7223 3
    endloop
  endfacet
  facet normal -0.803027 0.595943 0
    outer loop
      vertex -45.6037 -49.9666 1.4
      vertex -45.4224 -49.7223 3
      vertex -45.4224 -49.7223 1.4
    endloop
  endfacet
  facet normal -0.803027 0.595943 0
    outer loop
      vertex -45.4224 -49.7223 3
      vertex -45.6037 -49.9666 1.4
      vertex -45.6037 -49.9666 3
    endloop
  endfacet
  facet normal -0.671576 0.740936 0
    outer loop
      vertex -45.808 -50.192 1.4
      vertex -46.0334 -50.3963 3
      vertex -45.808 -50.192 3
    endloop
  endfacet
  facet normal -0.671576 0.740936 0
    outer loop
      vertex -46.0334 -50.3963 3
      vertex -45.808 -50.192 1.4
      vertex -46.0334 -50.3963 1.4
    endloop
  endfacet
  facet normal -0.0489705 0.9988 0
    outer loop
      vertex -47.6961 -51.0851 1.4
      vertex -48 -51.1 3
      vertex -47.6961 -51.0851 3
    endloop
  endfacet
  facet normal -0.0489705 0.9988 0
    outer loop
      vertex -48 -51.1 3
      vertex -47.6961 -51.0851 1.4
      vertex -48 -51.1 1.4
    endloop
  endfacet
  facet normal 0.146942 0.989145 -0
    outer loop
      vertex -48.3039 -51.0851 1.4
      vertex -48.6048 -51.0404 3
      vertex -48.3039 -51.0851 3
    endloop
  endfacet
  facet normal 0.146942 0.989145 0
    outer loop
      vertex -48.6048 -51.0404 3
      vertex -48.3039 -51.0851 1.4
      vertex -48.6048 -51.0404 1.4
    endloop
  endfacet
  facet normal 0.857783 0.514012 0
    outer loop
      vertex -50.5776 -49.7223 3
      vertex -50.734 -49.4613 1.4
      vertex -50.734 -49.4613 3
    endloop
  endfacet
  facet normal 0.857783 0.514012 0
    outer loop
      vertex -50.734 -49.4613 1.4
      vertex -50.5776 -49.7223 3
      vertex -50.5776 -49.7223 1.4
    endloop
  endfacet
  facet normal 0.740936 0.671576 0
    outer loop
      vertex -50.192 -50.192 3
      vertex -50.3963 -49.9666 1.4
      vertex -50.3963 -49.9666 3
    endloop
  endfacet
  facet normal 0.740936 0.671576 0
    outer loop
      vertex -50.3963 -49.9666 1.4
      vertex -50.192 -50.192 3
      vertex -50.192 -50.192 1.4
    endloop
  endfacet
  facet normal 0.803027 0.595943 0
    outer loop
      vertex -50.3963 -49.9666 3
      vertex -50.5776 -49.7223 1.4
      vertex -50.5776 -49.7223 3
    endloop
  endfacet
  facet normal 0.803027 0.595943 0
    outer loop
      vertex -50.5776 -49.7223 1.4
      vertex -50.3963 -49.9666 3
      vertex -50.3963 -49.9666 1.4
    endloop
  endfacet
  facet normal 0.941519 0.336961 0
    outer loop
      vertex -50.864 -49.1863 3
      vertex -50.9665 -48.8999 1.4
      vertex -50.9665 -48.8999 3
    endloop
  endfacet
  facet normal 0.941519 0.336961 0
    outer loop
      vertex -50.9665 -48.8999 1.4
      vertex -50.864 -49.1863 3
      vertex -50.864 -49.1863 1.4
    endloop
  endfacet
  facet normal 0 0 1
    outer loop
      vertex -46.3 -48 1.4
      vertex -44.9 -48 1.4
      vertex -44.9149 -47.6961 1.4
    endloop
  endfacet
  facet normal 0 0 1
    outer loop
      vertex -46.3082 -47.8334 1.4
      vertex -44.9149 -47.6961 1.4
      vertex -44.9596 -47.3952 1.4
    endloop
  endfacet
  facet normal 0 0 1
    outer loop
      vertex -44.9 -48 1.4
      vertex -46.3 -48 1.4
      vertex -44.9149 -48.3039 1.4
    endloop
  endfacet
  facet normal 0 0 1
    outer loop
      vertex -46.3327 -47.6683 1.4
      vertex -44.9596 -47.3952 1.4
      vertex -45.0335 -47.1001 1.4
    endloop
  endfacet
  facet normal -0 0 1
    outer loop
      vertex -46.3082 -48.1666 1.4
      vertex -44.9149 -48.3039 1.4
      vertex -46.3 -48 1.4
    endloop
  endfacet
  facet normal 0 0 1
    outer loop
      vertex -46.3732 -47.5065 1.4
      vertex -45.0335 -47.1001 1.4
      vertex -45.136 -46.8137 1.4
    endloop
  endfacet
  facet normal 0 0 1
    outer loop
      vertex -44.9149 -48.3039 1.4
      vertex -46.3082 -48.1666 1.4
      vertex -44.9596 -48.6048 1.4
    endloop
  endfacet
  facet normal 0 0 1
    outer loop
      vertex -46.4294 -47.3494 1.4
      vertex -45.136 -46.8137 1.4
      vertex -45.266 -46.5387 1.4
    endloop
  endfacet
  facet normal -0 0 1
    outer loop
      vertex -46.3327 -48.3317 1.4
      vertex -44.9596 -48.6048 1.4
      vertex -46.3082 -48.1666 1.4
    endloop
  endfacet
  facet normal 0 0 1
    outer loop
      vertex -46.5007 -47.1986 1.4
      vertex -45.266 -46.5387 1.4
      vertex -45.4224 -46.2777 1.4
    endloop
  endfacet
  facet normal 0 0 1
    outer loop
      vertex -44.9596 -48.6048 1.4
      vertex -46.3327 -48.3317 1.4
      vertex -45.0335 -48.8999 1.4
    endloop
  endfacet
  facet normal 0 0 1
    outer loop
      vertex -46.5865 -47.0555 1.4
      vertex -45.4224 -46.2777 1.4
      vertex -45.6037 -46.0334 1.4
    endloop
  endfacet
  facet normal -0 0 1
    outer loop
      vertex -46.3732 -48.4935 1.4
      vertex -45.0335 -48.8999 1.4
      vertex -46.3327 -48.3317 1.4
    endloop
  endfacet
  facet normal 0 0 1
    outer loop
      vertex -46.6859 -46.9215 1.4
      vertex -45.6037 -46.0334 1.4
      vertex -45.808 -45.808 1.4
    endloop
  endfacet
  facet normal 0 0 1
    outer loop
      vertex -45.0335 -48.8999 1.4
      vertex -46.3732 -48.4935 1.4
      vertex -45.136 -49.1863 1.4
    endloop
  endfacet
  facet normal 0 0 1
    outer loop
      vertex -46.7979 -46.7979 1.4
      vertex -45.808 -45.808 1.4
      vertex -46.0334 -45.6037 1.4
    endloop
  endfacet
  facet normal -0 0 1
    outer loop
      vertex -46.4294 -48.6506 1.4
      vertex -45.136 -49.1863 1.4
      vertex -46.3732 -48.4935 1.4
    endloop
  endfacet
  facet normal 0 0 1
    outer loop
      vertex -46.9215 -46.6859 1.4
      vertex -46.0334 -45.6037 1.4
      vertex -46.2777 -45.4224 1.4
    endloop
  endfacet
  facet normal 0 0 1
    outer loop
      vertex -45.136 -49.1863 1.4
      vertex -46.4294 -48.6506 1.4
      vertex -45.266 -49.4613 1.4
    endloop
  endfacet
  facet normal -0 0 1
    outer loop
      vertex -46.5007 -48.8014 1.4
      vertex -45.266 -49.4613 1.4
      vertex -46.4294 -48.6506 1.4
    endloop
  endfacet
  facet normal 0 0 1
    outer loop
      vertex -44.9149 -47.6961 1.4
      vertex -46.3082 -47.8334 1.4
      vertex -46.3 -48 1.4
    endloop
  endfacet
  facet normal 0 0 1
    outer loop
      vertex -44.9596 -47.3952 1.4
      vertex -46.3327 -47.6683 1.4
      vertex -46.3082 -47.8334 1.4
    endloop
  endfacet
  facet normal 0 0 1
    outer loop
      vertex -45.0335 -47.1001 1.4
      vertex -46.3732 -47.5065 1.4
      vertex -46.3327 -47.6683 1.4
    endloop
  endfacet
  facet normal 0 0 1
    outer loop
      vertex -45.136 -46.8137 1.4
      vertex -46.4294 -47.3494 1.4
      vertex -46.3732 -47.5065 1.4
    endloop
  endfacet
  facet normal 0 0 1
    outer loop
      vertex -45.266 -46.5387 1.4
      vertex -46.5007 -47.1986 1.4
      vertex -46.4294 -47.3494 1.4
    endloop
  endfacet
  facet normal 0 0 1
    outer loop
      vertex -47.0555 -46.5865 1.4
      vertex -46.2777 -45.4224 1.4
      vertex -46.5387 -45.266 1.4
    endloop
  endfacet
  facet normal 0 0 1
    outer loop
      vertex -45.4224 -46.2777 1.4
      vertex -46.5865 -47.0555 1.4
      vertex -46.5007 -47.1986 1.4
    endloop
  endfacet
  facet normal 0 0 1
    outer loop
      vertex -45.6037 -46.0334 1.4
      vertex -46.6859 -46.9215 1.4
      vertex -46.5865 -47.0555 1.4
    endloop
  endfacet
  facet normal 0 0 1
    outer loop
      vertex -45.808 -45.808 1.4
      vertex -46.7979 -46.7979 1.4
      vertex -46.6859 -46.9215 1.4
    endloop
  endfacet
  facet normal 0 0 1
    outer loop
      vertex -47.1986 -46.5007 1.4
      vertex -46.5387 -45.266 1.4
      vertex -46.8137 -45.136 1.4
    endloop
  endfacet
  facet normal 0 0 1
    outer loop
      vertex -46.0334 -45.6037 1.4
      vertex -46.9215 -46.6859 1.4
      vertex -46.7979 -46.7979 1.4
    endloop
  endfacet
  facet normal 0 0 1
    outer loop
      vertex -46.2777 -45.4224 1.4
      vertex -47.0555 -46.5865 1.4
      vertex -46.9215 -46.6859 1.4
    endloop
  endfacet
  facet normal 0 0 1
    outer loop
      vertex -47.3494 -46.4294 1.4
      vertex -46.8137 -45.136 1.4
      vertex -47.1001 -45.0335 1.4
    endloop
  endfacet
  facet normal 0 0 1
    outer loop
      vertex -46.5387 -45.266 1.4
      vertex -47.1986 -46.5007 1.4
      vertex -47.0555 -46.5865 1.4
    endloop
  endfacet
  facet normal 0 0 1
    outer loop
      vertex -46.8137 -45.136 1.4
      vertex -47.3494 -46.4294 1.4
      vertex -47.1986 -46.5007 1.4
    endloop
  endfacet
  facet normal 0 0 1
    outer loop
      vertex -47.5065 -46.3732 1.4
      vertex -47.1001 -45.0335 1.4
      vertex -47.3952 -44.9596 1.4
    endloop
  endfacet
  facet normal 0 0 1
    outer loop
      vertex -47.1001 -45.0335 1.4
      vertex -47.5065 -46.3732 1.4
      vertex -47.3494 -46.4294 1.4
    endloop
  endfacet
  facet normal 0 0 1
    outer loop
      vertex -47.3952 -44.9596 1.4
      vertex -47.6683 -46.3327 1.4
      vertex -47.5065 -46.3732 1.4
    endloop
  endfacet
  facet normal 0 0 1
    outer loop
      vertex -47.6961 -44.9149 1.4
      vertex -47.6683 -46.3327 1.4
      vertex -47.3952 -44.9596 1.4
    endloop
  endfacet
  facet normal 0 0 1
    outer loop
      vertex -47.6961 -44.9149 1.4
      vertex -47.8334 -46.3082 1.4
      vertex -47.6683 -46.3327 1.4
    endloop
  endfacet
  facet normal 0 0 1
    outer loop
      vertex -48 -44.9 1.4
      vertex -47.8334 -46.3082 1.4
      vertex -47.6961 -44.9149 1.4
    endloop
  endfacet
  facet normal 0 0 1
    outer loop
      vertex -48 -44.9 1.4
      vertex -48 -46.3 1.4
      vertex -47.8334 -46.3082 1.4
    endloop
  endfacet
  facet normal 0 0 1
    outer loop
      vertex -48 -44.9 1.4
      vertex -48.1666 -46.3082 1.4
      vertex -48 -46.3 1.4
    endloop
  endfacet
  facet normal -0 0 1
    outer loop
      vertex -48.3039 -44.9149 1.4
      vertex -48.1666 -46.3082 1.4
      vertex -48 -44.9 1.4
    endloop
  endfacet
  facet normal 0 0 1
    outer loop
      vertex -48.3039 -44.9149 1.4
      vertex -48.3317 -46.3327 1.4
      vertex -48.1666 -46.3082 1.4
    endloop
  endfacet
  facet normal -0 0 1
    outer loop
      vertex -48.6048 -44.9596 1.4
      vertex -48.3317 -46.3327 1.4
      vertex -48.3039 -44.9149 1.4
    endloop
  endfacet
  facet normal 0 0 1
    outer loop
      vertex -48.3317 -46.3327 1.4
      vertex -48.6048 -44.9596 1.4
      vertex -48.4935 -46.3732 1.4
    endloop
  endfacet
  facet normal -0 0 1
    outer loop
      vertex -48.8999 -45.0335 1.4
      vertex -48.4935 -46.3732 1.4
      vertex -48.6048 -44.9596 1.4
    endloop
  endfacet
  facet normal 0 0 1
    outer loop
      vertex -48.4935 -46.3732 1.4
      vertex -48.8999 -45.0335 1.4
      vertex -48.6506 -46.4294 1.4
    endloop
  endfacet
  facet normal -0 0 1
    outer loop
      vertex -49.1863 -45.136 1.4
      vertex -48.6506 -46.4294 1.4
      vertex -48.8999 -45.0335 1.4
    endloop
  endfacet
  facet normal 0 0 1
    outer loop
      vertex -48.6506 -46.4294 1.4
      vertex -49.1863 -45.136 1.4
      vertex -48.8014 -46.5007 1.4
    endloop
  endfacet
  facet normal -0 0 1
    outer loop
      vertex -49.4613 -45.266 1.4
      vertex -48.8014 -46.5007 1.4
      vertex -49.1863 -45.136 1.4
    endloop
  endfacet
  facet normal 0 0 1
    outer loop
      vertex -48.8014 -46.5007 1.4
      vertex -49.4613 -45.266 1.4
      vertex -48.9445 -46.5865 1.4
    endloop
  endfacet
  facet normal -0 0 1
    outer loop
      vertex -49.7223 -45.4224 1.4
      vertex -48.9445 -46.5865 1.4
      vertex -49.4613 -45.266 1.4
    endloop
  endfacet
  facet normal 0 0 1
    outer loop
      vertex -48.9445 -46.5865 1.4
      vertex -49.7223 -45.4224 1.4
      vertex -49.0785 -46.6859 1.4
    endloop
  endfacet
  facet normal -0 0 1
    outer loop
      vertex -49.9666 -45.6037 1.4
      vertex -49.0785 -46.6859 1.4
      vertex -49.7223 -45.4224 1.4
    endloop
  endfacet
  facet normal 0 0 1
    outer loop
      vertex -49.0785 -46.6859 1.4
      vertex -49.9666 -45.6037 1.4
      vertex -49.2021 -46.7979 1.4
    endloop
  endfacet
  facet normal -0 0 1
    outer loop
      vertex -50.192 -45.808 1.4
      vertex -49.2021 -46.7979 1.4
      vertex -49.9666 -45.6037 1.4
    endloop
  endfacet
  facet normal 0 0 1
    outer loop
      vertex -49.2021 -46.7979 1.4
      vertex -50.192 -45.808 1.4
      vertex -49.3141 -46.9215 1.4
    endloop
  endfacet
  facet normal -0 0 1
    outer loop
      vertex -50.3963 -46.0334 1.4
      vertex -49.3141 -46.9215 1.4
      vertex -50.192 -45.808 1.4
    endloop
  endfacet
  facet normal 0 0 1
    outer loop
      vertex -49.3141 -46.9215 1.4
      vertex -50.3963 -46.0334 1.4
      vertex -49.4135 -47.0555 1.4
    endloop
  endfacet
  facet normal -0 0 1
    outer loop
      vertex -50.5776 -46.2777 1.4
      vertex -49.4135 -47.0555 1.4
      vertex -50.3963 -46.0334 1.4
    endloop
  endfacet
  facet normal -0 0 1
    outer loop
      vertex -50.734 -46.5387 1.4
      vertex -49.4993 -47.1986 1.4
      vertex -50.5776 -46.2777 1.4
    endloop
  endfacet
  facet normal 0 0 1
    outer loop
      vertex -49.4135 -47.0555 1.4
      vertex -50.5776 -46.2777 1.4
      vertex -49.4993 -47.1986 1.4
    endloop
  endfacet
  facet normal 0 0 1
    outer loop
      vertex -45.266 -49.4613 1.4
      vertex -46.5007 -48.8014 1.4
      vertex -45.4224 -49.7223 1.4
    endloop
  endfacet
  facet normal -0 0 1
    outer loop
      vertex -46.5865 -48.9445 1.4
      vertex -45.4224 -49.7223 1.4
      vertex -46.5007 -48.8014 1.4
    endloop
  endfacet
  facet normal 0 0 1
    outer loop
      vertex -45.4224 -49.7223 1.4
      vertex -46.5865 -48.9445 1.4
      vertex -45.6037 -49.9666 1.4
    endloop
  endfacet
  facet normal -0 0 1
    outer loop
      vertex -46.6859 -49.0785 1.4
      vertex -45.6037 -49.9666 1.4
      vertex -46.5865 -48.9445 1.4
    endloop
  endfacet
  facet normal 0 0 1
    outer loop
      vertex -45.6037 -49.9666 1.4
      vertex -46.6859 -49.0785 1.4
      vertex -45.808 -50.192 1.4
    endloop
  endfacet
  facet normal -0 0 1
    outer loop
      vertex -46.7979 -49.2021 1.4
      vertex -45.808 -50.192 1.4
      vertex -46.6859 -49.0785 1.4
    endloop
  endfacet
  facet normal 0 0 1
    outer loop
      vertex -45.808 -50.192 1.4
      vertex -46.7979 -49.2021 1.4
      vertex -46.0334 -50.3963 1.4
    endloop
  endfacet
  facet normal -0 0 1
    outer loop
      vertex -46.9215 -49.3141 1.4
      vertex -46.0334 -50.3963 1.4
      vertex -46.7979 -49.2021 1.4
    endloop
  endfacet
  facet normal 0 0 1
    outer loop
      vertex -46.0334 -50.3963 1.4
      vertex -46.9215 -49.3141 1.4
      vertex -46.2777 -50.5776 1.4
    endloop
  endfacet
  facet normal -0 0 1
    outer loop
      vertex -47.0555 -49.4135 1.4
      vertex -46.2777 -50.5776 1.4
      vertex -46.9215 -49.3141 1.4
    endloop
  endfacet
  facet normal 0 0 1
    outer loop
      vertex -46.2777 -50.5776 1.4
      vertex -47.0555 -49.4135 1.4
      vertex -46.5387 -50.734 1.4
    endloop
  endfacet
  facet normal -0 0 1
    outer loop
      vertex -47.1986 -49.4993 1.4
      vertex -46.5387 -50.734 1.4
      vertex -47.0555 -49.4135 1.4
    endloop
  endfacet
  facet normal 0 0 1
    outer loop
      vertex -46.5387 -50.734 1.4
      vertex -47.1986 -49.4993 1.4
      vertex -46.8137 -50.864 1.4
    endloop
  endfacet
  facet normal -0 0 1
    outer loop
      vertex -47.3494 -49.5706 1.4
      vertex -46.8137 -50.864 1.4
      vertex -47.1986 -49.4993 1.4
    endloop
  endfacet
  facet normal 0 0 1
    outer loop
      vertex -46.8137 -50.864 1.4
      vertex -47.3494 -49.5706 1.4
      vertex -47.1001 -50.9665 1.4
    endloop
  endfacet
  facet normal -0 0 1
    outer loop
      vertex -47.5065 -49.6268 1.4
      vertex -47.1001 -50.9665 1.4
      vertex -47.3494 -49.5706 1.4
    endloop
  endfacet
  facet normal 0 0 1
    outer loop
      vertex -47.1001 -50.9665 1.4
      vertex -47.5065 -49.6268 1.4
      vertex -47.3952 -51.0404 1.4
    endloop
  endfacet
  facet normal -0 0 1
    outer loop
      vertex -47.6683 -49.6673 1.4
      vertex -47.3952 -51.0404 1.4
      vertex -47.5065 -49.6268 1.4
    endloop
  endfacet
  facet normal 0 0 1
    outer loop
      vertex -47.6683 -49.6673 1.4
      vertex -47.6961 -51.0851 1.4
      vertex -47.3952 -51.0404 1.4
    endloop
  endfacet
  facet normal -0 0 1
    outer loop
      vertex -47.8334 -49.6918 1.4
      vertex -47.6961 -51.0851 1.4
      vertex -47.6683 -49.6673 1.4
    endloop
  endfacet
  facet normal -0 0 1
    outer loop
      vertex -48 -49.7 1.4
      vertex -47.6961 -51.0851 1.4
      vertex -47.8334 -49.6918 1.4
    endloop
  endfacet
  facet normal 0 0 1
    outer loop
      vertex -48 -49.7 1.4
      vertex -48 -51.1 1.4
      vertex -47.6961 -51.0851 1.4
    endloop
  endfacet
  facet normal 0 0 1
    outer loop
      vertex -48.1666 -49.6918 1.4
      vertex -48 -51.1 1.4
      vertex -48 -49.7 1.4
    endloop
  endfacet
  facet normal 0 0 1
    outer loop
      vertex -48.1666 -49.6918 1.4
      vertex -48.3039 -51.0851 1.4
      vertex -48 -51.1 1.4
    endloop
  endfacet
  facet normal 0 0 1
    outer loop
      vertex -48.3317 -49.6673 1.4
      vertex -48.3039 -51.0851 1.4
      vertex -48.1666 -49.6918 1.4
    endloop
  endfacet
  facet normal 0 0 1
    outer loop
      vertex -48.6048 -51.0404 1.4
      vertex -48.3317 -49.6673 1.4
      vertex -48.4935 -49.6268 1.4
    endloop
  endfacet
  facet normal 0 0 1
    outer loop
      vertex -48.3317 -49.6673 1.4
      vertex -48.6048 -51.0404 1.4
      vertex -48.3039 -51.0851 1.4
    endloop
  endfacet
  facet normal 0 0 1
    outer loop
      vertex -48.8999 -50.9665 1.4
      vertex -48.4935 -49.6268 1.4
      vertex -48.6506 -49.5706 1.4
    endloop
  endfacet
  facet normal 0 0 1
    outer loop
      vertex -49.1863 -50.864 1.4
      vertex -48.6506 -49.5706 1.4
      vertex -48.8014 -49.4993 1.4
    endloop
  endfacet
  facet normal 0 0 1
    outer loop
      vertex -48.4935 -49.6268 1.4
      vertex -48.8999 -50.9665 1.4
      vertex -48.6048 -51.0404 1.4
    endloop
  endfacet
  facet normal 0 0 1
    outer loop
      vertex -49.4613 -50.734 1.4
      vertex -48.8014 -49.4993 1.4
      vertex -48.9445 -49.4135 1.4
    endloop
  endfacet
  facet normal 0 0 1
    outer loop
      vertex -49.7223 -50.5776 1.4
      vertex -48.9445 -49.4135 1.4
      vertex -49.0785 -49.3141 1.4
    endloop
  endfacet
  facet normal 0 0 1
    outer loop
      vertex -48.6506 -49.5706 1.4
      vertex -49.1863 -50.864 1.4
      vertex -48.8999 -50.9665 1.4
    endloop
  endfacet
  facet normal 0 0 1
    outer loop
      vertex -49.9666 -50.3963 1.4
      vertex -49.0785 -49.3141 1.4
      vertex -49.2021 -49.2021 1.4
    endloop
  endfacet
  facet normal 0 0 1
    outer loop
      vertex -50.192 -50.192 1.4
      vertex -49.2021 -49.2021 1.4
      vertex -49.3141 -49.0785 1.4
    endloop
  endfacet
  facet normal 0 0 1
    outer loop
      vertex -50.3963 -49.9666 1.4
      vertex -49.3141 -49.0785 1.4
      vertex -49.4135 -48.9445 1.4
    endloop
  endfacet
  facet normal 0 0 1
    outer loop
      vertex -48.8014 -49.4993 1.4
      vertex -49.4613 -50.734 1.4
      vertex -49.1863 -50.864 1.4
    endloop
  endfacet
  facet normal 0 0 1
    outer loop
      vertex -50.5776 -49.7223 1.4
      vertex -49.4135 -48.9445 1.4
      vertex -49.4993 -48.8014 1.4
    endloop
  endfacet
  facet normal 0 0 1
    outer loop
      vertex -50.734 -49.4613 1.4
      vertex -49.4993 -48.8014 1.4
      vertex -49.5706 -48.6506 1.4
    endloop
  endfacet
  facet normal 0 0 1
    outer loop
      vertex -50.864 -49.1863 1.4
      vertex -49.5706 -48.6506 1.4
      vertex -49.6268 -48.4935 1.4
    endloop
  endfacet
  facet normal 0 0 1
    outer loop
      vertex -50.9665 -48.8999 1.4
      vertex -49.6268 -48.4935 1.4
      vertex -49.6673 -48.3317 1.4
    endloop
  endfacet
  facet normal 0 0 1
    outer loop
      vertex -51.0404 -48.6048 1.4
      vertex -49.6673 -48.3317 1.4
      vertex -49.6918 -48.1666 1.4
    endloop
  endfacet
  facet normal 0 0 1
    outer loop
      vertex -48.9445 -49.4135 1.4
      vertex -49.7223 -50.5776 1.4
      vertex -49.4613 -50.734 1.4
    endloop
  endfacet
  facet normal 0 0 1
    outer loop
      vertex -51.0851 -48.3039 1.4
      vertex -49.6918 -48.1666 1.4
      vertex -49.7 -48 1.4
    endloop
  endfacet
  facet normal 0 0 1
    outer loop
      vertex -49.4993 -47.1986 1.4
      vertex -50.734 -46.5387 1.4
      vertex -49.5706 -47.3494 1.4
    endloop
  endfacet
  facet normal -0 0 1
    outer loop
      vertex -50.864 -46.8137 1.4
      vertex -49.5706 -47.3494 1.4
      vertex -50.734 -46.5387 1.4
    endloop
  endfacet
  facet normal 0 0 1
    outer loop
      vertex -49.0785 -49.3141 1.4
      vertex -49.9666 -50.3963 1.4
      vertex -49.7223 -50.5776 1.4
    endloop
  endfacet
  facet normal 0 0 1
    outer loop
      vertex -49.5706 -47.3494 1.4
      vertex -50.864 -46.8137 1.4
      vertex -49.6268 -47.5065 1.4
    endloop
  endfacet
  facet normal 0 0 1
    outer loop
      vertex -49.2021 -49.2021 1.4
      vertex -50.192 -50.192 1.4
      vertex -49.9666 -50.3963 1.4
    endloop
  endfacet
  facet normal -0 0 1
    outer loop
      vertex -50.9665 -47.1001 1.4
      vertex -49.6268 -47.5065 1.4
      vertex -50.864 -46.8137 1.4
    endloop
  endfacet
  facet normal 0 0 1
    outer loop
      vertex -49.3141 -49.0785 1.4
      vertex -50.3963 -49.9666 1.4
      vertex -50.192 -50.192 1.4
    endloop
  endfacet
  facet normal 0 0 1
    outer loop
      vertex -49.6268 -47.5065 1.4
      vertex -50.9665 -47.1001 1.4
      vertex -49.6673 -47.6683 1.4
    endloop
  endfacet
  facet normal 0 0 1
    outer loop
      vertex -49.4135 -48.9445 1.4
      vertex -50.5776 -49.7223 1.4
      vertex -50.3963 -49.9666 1.4
    endloop
  endfacet
  facet normal -0 0 1
    outer loop
      vertex -51.0404 -47.3952 1.4
      vertex -49.6673 -47.6683 1.4
      vertex -50.9665 -47.1001 1.4
    endloop
  endfacet
  facet normal 0 0 1
    outer loop
      vertex -49.4993 -48.8014 1.4
      vertex -50.734 -49.4613 1.4
      vertex -50.5776 -49.7223 1.4
    endloop
  endfacet
  facet normal 0 0 1
    outer loop
      vertex -49.6673 -47.6683 1.4
      vertex -51.0404 -47.3952 1.4
      vertex -49.6918 -47.8334 1.4
    endloop
  endfacet
  facet normal 0 0 1
    outer loop
      vertex -49.5706 -48.6506 1.4
      vertex -50.864 -49.1863 1.4
      vertex -50.734 -49.4613 1.4
    endloop
  endfacet
  facet normal -0 0 1
    outer loop
      vertex -51.0851 -47.6961 1.4
      vertex -49.6918 -47.8334 1.4
      vertex -51.0404 -47.3952 1.4
    endloop
  endfacet
  facet normal 0 0 1
    outer loop
      vertex -49.6268 -48.4935 1.4
      vertex -50.9665 -48.8999 1.4
      vertex -50.864 -49.1863 1.4
    endloop
  endfacet
  facet normal 0 0 1
    outer loop
      vertex -49.6918 -47.8334 1.4
      vertex -51.0851 -47.6961 1.4
      vertex -49.7 -48 1.4
    endloop
  endfacet
  facet normal 0 0 1
    outer loop
      vertex -49.6673 -48.3317 1.4
      vertex -51.0404 -48.6048 1.4
      vertex -50.9665 -48.8999 1.4
    endloop
  endfacet
  facet normal 0 0 1
    outer loop
      vertex -51.1 -48 1.4
      vertex -49.7 -48 1.4
      vertex -51.0851 -47.6961 1.4
    endloop
  endfacet
  facet normal 0 0 1
    outer loop
      vertex -49.6918 -48.1666 1.4
      vertex -51.0851 -48.3039 1.4
      vertex -51.0404 -48.6048 1.4
    endloop
  endfacet
  facet normal 0 0 1
    outer loop
      vertex -49.7 -48 1.4
      vertex -51.1 -48 1.4
      vertex -51.0851 -48.3039 1.4
    endloop
  endfacet
  facet normal -0.242922 0.970046 0
    outer loop
      vertex -47.1001 -50.9665 1.4
      vertex -47.3952 -51.0404 3
      vertex -47.1001 -50.9665 3
    endloop
  endfacet
  facet normal -0.242922 0.970046 0
    outer loop
      vertex -47.3952 -51.0404 3
      vertex -47.1001 -50.9665 1.4
      vertex -47.3952 -51.0404 1.4
    endloop
  endfacet
  facet normal 0.242922 0.970046 -0
    outer loop
      vertex -48.6048 -51.0404 1.4
      vertex -48.8999 -50.9665 3
      vertex -48.6048 -51.0404 3
    endloop
  endfacet
  facet normal 0.242922 0.970046 0
    outer loop
      vertex -48.8999 -50.9665 3
      vertex -48.6048 -51.0404 1.4
      vertex -48.8999 -50.9665 1.4
    endloop
  endfacet
  facet normal 0.671576 0.740936 -0
    outer loop
      vertex -49.9666 -50.3963 1.4
      vertex -50.192 -50.192 3
      vertex -49.9666 -50.3963 3
    endloop
  endfacet
  facet normal 0.671576 0.740936 0
    outer loop
      vertex -50.192 -50.192 3
      vertex -49.9666 -50.3963 1.4
      vertex -50.192 -50.192 1.4
    endloop
  endfacet
  facet normal 0.514012 0.857783 -0
    outer loop
      vertex -49.4613 -50.734 1.4
      vertex -49.7223 -50.5776 3
      vertex -49.4613 -50.734 3
    endloop
  endfacet
  facet normal 0.514012 0.857783 0
    outer loop
      vertex -49.7223 -50.5776 3
      vertex -49.4613 -50.734 1.4
      vertex -49.7223 -50.5776 1.4
    endloop
  endfacet
  facet normal 0.595943 0.803027 -0
    outer loop
      vertex -49.7223 -50.5776 1.4
      vertex -49.9666 -50.3963 3
      vertex -49.7223 -50.5776 3
    endloop
  endfacet
  facet normal 0.595943 0.803027 0
    outer loop
      vertex -49.9666 -50.3963 3
      vertex -49.7223 -50.5776 1.4
      vertex -49.9666 -50.3963 1.4
    endloop
  endfacet
  facet normal 0.42738 0.904072 -0
    outer loop
      vertex -49.1863 -50.864 1.4
      vertex -49.4613 -50.734 3
      vertex -49.1863 -50.864 3
    endloop
  endfacet
  facet normal 0.42738 0.904072 0
    outer loop
      vertex -49.4613 -50.734 3
      vertex -49.1863 -50.864 1.4
      vertex -49.4613 -50.734 1.4
    endloop
  endfacet
  facet normal 0.336961 0.941519 -0
    outer loop
      vertex -48.8999 -50.9665 1.4
      vertex -49.1863 -50.864 3
      vertex -48.8999 -50.9665 3
    endloop
  endfacet
  facet normal 0.336961 0.941519 0
    outer loop
      vertex -49.1863 -50.864 3
      vertex -48.8999 -50.9665 1.4
      vertex -49.1863 -50.864 1.4
    endloop
  endfacet
  facet normal -0.998791 -0.0491602 0
    outer loop
      vertex -46.3 48 -1
      vertex -46.3082 48.1666 1.4
      vertex -46.3082 48.1666 -1
    endloop
  endfacet
  facet normal -0.998791 -0.0491602 0
    outer loop
      vertex -46.3082 48.1666 1.4
      vertex -46.3 48 -1
      vertex -46.3 48 1.4
    endloop
  endfacet
  facet normal 0.0491602 -0.998791 0
    outer loop
      vertex -48.1666 49.6918 -1
      vertex -48 49.7 1.4
      vertex -48.1666 49.6918 1.4
    endloop
  endfacet
  facet normal 0.0491602 -0.998791 0
    outer loop
      vertex -48 49.7 1.4
      vertex -48.1666 49.6918 -1
      vertex -48 49.7 -1
    endloop
  endfacet
  facet normal -0.0491602 0.998791 0
    outer loop
      vertex -47.8334 46.3082 -1
      vertex -48 46.3 1.4
      vertex -47.8334 46.3082 1.4
    endloop
  endfacet
  facet normal -0.0491602 0.998791 0
    outer loop
      vertex -48 46.3 1.4
      vertex -47.8334 46.3082 -1
      vertex -48 46.3 -1
    endloop
  endfacet
  facet normal -0.671478 -0.741024 0
    outer loop
      vertex -46.9215 49.3141 -1
      vertex -46.7979 49.2021 1.4
      vertex -46.9215 49.3141 1.4
    endloop
  endfacet
  facet normal -0.671478 -0.741024 -0
    outer loop
      vertex -46.7979 49.2021 1.4
      vertex -46.9215 49.3141 -1
      vertex -46.7979 49.2021 -1
    endloop
  endfacet
  facet normal 0.741024 -0.671478 0
    outer loop
      vertex -49.3141 49.0785 1.4
      vertex -49.2021 49.2021 -1
      vertex -49.2021 49.2021 1.4
    endloop
  endfacet
  facet normal 0.741024 -0.671478 0
    outer loop
      vertex -49.2021 49.2021 -1
      vertex -49.3141 49.0785 1.4
      vertex -49.3141 49.0785 -1
    endloop
  endfacet
  facet normal 0.427442 -0.904043 0
    outer loop
      vertex -48.8014 49.4993 -1
      vertex -48.6506 49.5706 1.4
      vertex -48.8014 49.4993 1.4
    endloop
  endfacet
  facet normal 0.427442 -0.904043 0
    outer loop
      vertex -48.6506 49.5706 1.4
      vertex -48.8014 49.4993 -1
      vertex -48.6506 49.5706 -1
    endloop
  endfacet
  facet normal -0.857652 0.514231 0
    outer loop
      vertex -46.5865 47.0555 -1
      vertex -46.5007 47.1986 1.4
      vertex -46.5007 47.1986 -1
    endloop
  endfacet
  facet normal -0.857652 0.514231 0
    outer loop
      vertex -46.5007 47.1986 1.4
      vertex -46.5865 47.0555 -1
      vertex -46.5865 47.0555 1.4
    endloop
  endfacet
  facet normal -0.904043 -0.427442 0
    outer loop
      vertex -46.4294 48.6506 -1
      vertex -46.5007 48.8014 1.4
      vertex -46.5007 48.8014 -1
    endloop
  endfacet
  facet normal -0.904043 -0.427442 0
    outer loop
      vertex -46.5007 48.8014 1.4
      vertex -46.4294 48.6506 -1
      vertex -46.4294 48.6506 1.4
    endloop
  endfacet
  facet normal -0.33683 -0.941566 0
    outer loop
      vertex -47.5065 49.6268 -1
      vertex -47.3494 49.5706 1.4
      vertex -47.5065 49.6268 1.4
    endloop
  endfacet
  facet normal -0.33683 -0.941566 -0
    outer loop
      vertex -47.3494 49.5706 1.4
      vertex -47.5065 49.6268 -1
      vertex -47.3494 49.5706 -1
    endloop
  endfacet
  facet normal -0.514231 -0.857652 0
    outer loop
      vertex -47.1986 49.4993 -1
      vertex -47.0555 49.4135 1.4
      vertex -47.1986 49.4993 1.4
    endloop
  endfacet
  facet normal -0.514231 -0.857652 -0
    outer loop
      vertex -47.0555 49.4135 1.4
      vertex -47.1986 49.4993 -1
      vertex -47.0555 49.4135 -1
    endloop
  endfacet
  facet normal 0.941566 -0.33683 0
    outer loop
      vertex -49.6268 48.4935 1.4
      vertex -49.5706 48.6506 -1
      vertex -49.5706 48.6506 1.4
    endloop
  endfacet
  facet normal 0.941566 -0.33683 0
    outer loop
      vertex -49.5706 48.6506 -1
      vertex -49.6268 48.4935 1.4
      vertex -49.6268 48.4935 -1
    endloop
  endfacet
  facet normal 0.242818 -0.970072 0
    outer loop
      vertex -48.4935 49.6268 -1
      vertex -48.3317 49.6673 1.4
      vertex -48.4935 49.6268 1.4
    endloop
  endfacet
  facet normal 0.242818 -0.970072 0
    outer loop
      vertex -48.3317 49.6673 1.4
      vertex -48.4935 49.6268 -1
      vertex -48.3317 49.6673 -1
    endloop
  endfacet
  facet normal -0.989168 0.146788 0
    outer loop
      vertex -46.3327 47.6683 -1
      vertex -46.3082 47.8334 1.4
      vertex -46.3082 47.8334 -1
    endloop
  endfacet
  facet normal -0.989168 0.146788 0
    outer loop
      vertex -46.3082 47.8334 1.4
      vertex -46.3327 47.6683 -1
      vertex -46.3327 47.6683 1.4
    endloop
  endfacet
  facet normal -0.146788 0.989168 0
    outer loop
      vertex -47.6683 46.3327 -1
      vertex -47.8334 46.3082 1.4
      vertex -47.6683 46.3327 1.4
    endloop
  endfacet
  facet normal -0.146788 0.989168 0
    outer loop
      vertex -47.8334 46.3082 1.4
      vertex -47.6683 46.3327 -1
      vertex -47.8334 46.3082 -1
    endloop
  endfacet
  facet normal -0.970072 -0.242818 0
    outer loop
      vertex -46.3327 48.3317 -1
      vertex -46.3732 48.4935 1.4
      vertex -46.3732 48.4935 -1
    endloop
  endfacet
  facet normal -0.970072 -0.242818 0
    outer loop
      vertex -46.3732 48.4935 1.4
      vertex -46.3327 48.3317 -1
      vertex -46.3327 48.3317 1.4
    endloop
  endfacet
  facet normal -0.989168 -0.146788 0
    outer loop
      vertex -46.3082 48.1666 -1
      vertex -46.3327 48.3317 1.4
      vertex -46.3327 48.3317 -1
    endloop
  endfacet
  facet normal -0.989168 -0.146788 0
    outer loop
      vertex -46.3327 48.3317 1.4
      vertex -46.3082 48.1666 -1
      vertex -46.3082 48.1666 1.4
    endloop
  endfacet
  facet normal -0.941566 -0.33683 0
    outer loop
      vertex -46.3732 48.4935 -1
      vertex -46.4294 48.6506 1.4
      vertex -46.4294 48.6506 -1
    endloop
  endfacet
  facet normal -0.941566 -0.33683 0
    outer loop
      vertex -46.4294 48.6506 1.4
      vertex -46.3732 48.4935 -1
      vertex -46.3732 48.4935 1.4
    endloop
  endfacet
  facet normal -0.803154 -0.595772 0
    outer loop
      vertex -46.5865 48.9445 -1
      vertex -46.6859 49.0785 1.4
      vertex -46.6859 49.0785 -1
    endloop
  endfacet
  facet normal -0.803154 -0.595772 0
    outer loop
      vertex -46.6859 49.0785 1.4
      vertex -46.5865 48.9445 -1
      vertex -46.5865 48.9445 1.4
    endloop
  endfacet
  facet normal -0.741024 -0.671478 0
    outer loop
      vertex -46.6859 49.0785 -1
      vertex -46.7979 49.2021 1.4
      vertex -46.7979 49.2021 -1
    endloop
  endfacet
  facet normal -0.741024 -0.671478 0
    outer loop
      vertex -46.7979 49.2021 1.4
      vertex -46.6859 49.0785 -1
      vertex -46.6859 49.0785 1.4
    endloop
  endfacet
  facet normal -0.857652 -0.514231 0
    outer loop
      vertex -46.5007 48.8014 -1
      vertex -46.5865 48.9445 1.4
      vertex -46.5865 48.9445 -1
    endloop
  endfacet
  facet normal -0.857652 -0.514231 0
    outer loop
      vertex -46.5865 48.9445 1.4
      vertex -46.5007 48.8014 -1
      vertex -46.5007 48.8014 1.4
    endloop
  endfacet
  facet normal -0.146788 -0.989168 0
    outer loop
      vertex -47.8334 49.6918 -1
      vertex -47.6683 49.6673 1.4
      vertex -47.8334 49.6918 1.4
    endloop
  endfacet
  facet normal -0.146788 -0.989168 -0
    outer loop
      vertex -47.6683 49.6673 1.4
      vertex -47.8334 49.6918 -1
      vertex -47.6683 49.6673 -1
    endloop
  endfacet
  facet normal -0.242818 -0.970072 0
    outer loop
      vertex -47.6683 49.6673 -1
      vertex -47.5065 49.6268 1.4
      vertex -47.6683 49.6673 1.4
    endloop
  endfacet
  facet normal -0.242818 -0.970072 -0
    outer loop
      vertex -47.5065 49.6268 1.4
      vertex -47.6683 49.6673 -1
      vertex -47.5065 49.6268 -1
    endloop
  endfacet
  facet normal -0.0491602 -0.998791 0
    outer loop
      vertex -48 49.7 -1
      vertex -47.8334 49.6918 1.4
      vertex -48 49.7 1.4
    endloop
  endfacet
  facet normal -0.0491602 -0.998791 -0
    outer loop
      vertex -47.8334 49.6918 1.4
      vertex -48 49.7 -1
      vertex -47.8334 49.6918 -1
    endloop
  endfacet
  facet normal -0.427442 -0.904043 0
    outer loop
      vertex -47.3494 49.5706 -1
      vertex -47.1986 49.4993 1.4
      vertex -47.3494 49.5706 1.4
    endloop
  endfacet
  facet normal -0.427442 -0.904043 -0
    outer loop
      vertex -47.1986 49.4993 1.4
      vertex -47.3494 49.5706 -1
      vertex -47.1986 49.4993 -1
    endloop
  endfacet
  facet normal -0.595772 -0.803154 0
    outer loop
      vertex -47.0555 49.4135 -1
      vertex -46.9215 49.3141 1.4
      vertex -47.0555 49.4135 1.4
    endloop
  endfacet
  facet normal -0.595772 -0.803154 -0
    outer loop
      vertex -46.9215 49.3141 1.4
      vertex -47.0555 49.4135 -1
      vertex -46.9215 49.3141 -1
    endloop
  endfacet
  facet normal 0.989168 -0.146788 0
    outer loop
      vertex -49.6918 48.1666 1.4
      vertex -49.6673 48.3317 -1
      vertex -49.6673 48.3317 1.4
    endloop
  endfacet
  facet normal 0.989168 -0.146788 0
    outer loop
      vertex -49.6673 48.3317 -1
      vertex -49.6918 48.1666 1.4
      vertex -49.6918 48.1666 -1
    endloop
  endfacet
  facet normal 0.857652 -0.514231 0
    outer loop
      vertex -49.4993 48.8014 1.4
      vertex -49.4135 48.9445 -1
      vertex -49.4135 48.9445 1.4
    endloop
  endfacet
  facet normal 0.857652 -0.514231 0
    outer loop
      vertex -49.4135 48.9445 -1
      vertex -49.4993 48.8014 1.4
      vertex -49.4993 48.8014 -1
    endloop
  endfacet
  facet normal 0.803154 -0.595772 0
    outer loop
      vertex -49.4135 48.9445 1.4
      vertex -49.3141 49.0785 -1
      vertex -49.3141 49.0785 1.4
    endloop
  endfacet
  facet normal 0.803154 -0.595772 0
    outer loop
      vertex -49.3141 49.0785 -1
      vertex -49.4135 48.9445 1.4
      vertex -49.4135 48.9445 -1
    endloop
  endfacet
  facet normal 0.904043 -0.427442 0
    outer loop
      vertex -49.5706 48.6506 1.4
      vertex -49.4993 48.8014 -1
      vertex -49.4993 48.8014 1.4
    endloop
  endfacet
  facet normal 0.904043 -0.427442 0
    outer loop
      vertex -49.4993 48.8014 -1
      vertex -49.5706 48.6506 1.4
      vertex -49.5706 48.6506 -1
    endloop
  endfacet
  facet normal 0.970072 -0.242818 0
    outer loop
      vertex -49.6673 48.3317 1.4
      vertex -49.6268 48.4935 -1
      vertex -49.6268 48.4935 1.4
    endloop
  endfacet
  facet normal 0.970072 -0.242818 0
    outer loop
      vertex -49.6268 48.4935 -1
      vertex -49.6673 48.3317 1.4
      vertex -49.6673 48.3317 -1
    endloop
  endfacet
  facet normal 0.998791 -0.0491602 0
    outer loop
      vertex -49.7 48 1.4
      vertex -49.6918 48.1666 -1
      vertex -49.6918 48.1666 1.4
    endloop
  endfacet
  facet normal 0.998791 -0.0491602 0
    outer loop
      vertex -49.6918 48.1666 -1
      vertex -49.7 48 1.4
      vertex -49.7 48 -1
    endloop
  endfacet
  facet normal 0.595772 -0.803154 0
    outer loop
      vertex -49.0785 49.3141 -1
      vertex -48.9445 49.4135 1.4
      vertex -49.0785 49.3141 1.4
    endloop
  endfacet
  facet normal 0.595772 -0.803154 0
    outer loop
      vertex -48.9445 49.4135 1.4
      vertex -49.0785 49.3141 -1
      vertex -48.9445 49.4135 -1
    endloop
  endfacet
  facet normal 0.514231 -0.857652 0
    outer loop
      vertex -48.9445 49.4135 -1
      vertex -48.8014 49.4993 1.4
      vertex -48.9445 49.4135 1.4
    endloop
  endfacet
  facet normal 0.514231 -0.857652 0
    outer loop
      vertex -48.8014 49.4993 1.4
      vertex -48.9445 49.4135 -1
      vertex -48.8014 49.4993 -1
    endloop
  endfacet
  facet normal 0.671478 -0.741024 0
    outer loop
      vertex -49.2021 49.2021 -1
      vertex -49.0785 49.3141 1.4
      vertex -49.2021 49.2021 1.4
    endloop
  endfacet
  facet normal 0.671478 -0.741024 0
    outer loop
      vertex -49.0785 49.3141 1.4
      vertex -49.2021 49.2021 -1
      vertex -49.0785 49.3141 -1
    endloop
  endfacet
  facet normal 0.33683 -0.941566 0
    outer loop
      vertex -48.6506 49.5706 -1
      vertex -48.4935 49.6268 1.4
      vertex -48.6506 49.5706 1.4
    endloop
  endfacet
  facet normal 0.33683 -0.941566 0
    outer loop
      vertex -48.4935 49.6268 1.4
      vertex -48.6506 49.5706 -1
      vertex -48.4935 49.6268 -1
    endloop
  endfacet
  facet normal 0.146788 -0.989168 0
    outer loop
      vertex -48.3317 49.6673 -1
      vertex -48.1666 49.6918 1.4
      vertex -48.3317 49.6673 1.4
    endloop
  endfacet
  facet normal 0.146788 -0.989168 0
    outer loop
      vertex -48.1666 49.6918 1.4
      vertex -48.3317 49.6673 -1
      vertex -48.1666 49.6918 -1
    endloop
  endfacet
  facet normal -0.998791 0.0491602 0
    outer loop
      vertex -46.3082 47.8334 -1
      vertex -46.3 48 1.4
      vertex -46.3 48 -1
    endloop
  endfacet
  facet normal -0.998791 0.0491602 0
    outer loop
      vertex -46.3 48 1.4
      vertex -46.3082 47.8334 -1
      vertex -46.3082 47.8334 1.4
    endloop
  endfacet
  facet normal -0.741024 0.671478 0
    outer loop
      vertex -46.7979 46.7979 -1
      vertex -46.6859 46.9215 1.4
      vertex -46.6859 46.9215 -1
    endloop
  endfacet
  facet normal -0.741024 0.671478 0
    outer loop
      vertex -46.6859 46.9215 1.4
      vertex -46.7979 46.7979 -1
      vertex -46.7979 46.7979 1.4
    endloop
  endfacet
  facet normal 0.595772 0.803154 -0
    outer loop
      vertex -48.9445 46.5865 -1
      vertex -49.0785 46.6859 1.4
      vertex -48.9445 46.5865 1.4
    endloop
  endfacet
  facet normal 0.595772 0.803154 0
    outer loop
      vertex -49.0785 46.6859 1.4
      vertex -48.9445 46.5865 -1
      vertex -49.0785 46.6859 -1
    endloop
  endfacet
  facet normal 0.857652 0.514231 0
    outer loop
      vertex -49.4135 47.0555 1.4
      vertex -49.4993 47.1986 -1
      vertex -49.4993 47.1986 1.4
    endloop
  endfacet
  facet normal 0.857652 0.514231 0
    outer loop
      vertex -49.4993 47.1986 -1
      vertex -49.4135 47.0555 1.4
      vertex -49.4135 47.0555 -1
    endloop
  endfacet
  facet normal 0.741024 0.671478 0
    outer loop
      vertex -49.2021 46.7979 1.4
      vertex -49.3141 46.9215 -1
      vertex -49.3141 46.9215 1.4
    endloop
  endfacet
  facet normal 0.741024 0.671478 0
    outer loop
      vertex -49.3141 46.9215 -1
      vertex -49.2021 46.7979 1.4
      vertex -49.2021 46.7979 -1
    endloop
  endfacet
  facet normal 0.998791 0.0491602 0
    outer loop
      vertex -49.6918 47.8334 1.4
      vertex -49.7 48 -1
      vertex -49.7 48 1.4
    endloop
  endfacet
  facet normal 0.998791 0.0491602 0
    outer loop
      vertex -49.7 48 -1
      vertex -49.6918 47.8334 1.4
      vertex -49.6918 47.8334 -1
    endloop
  endfacet
  facet normal -0.970072 0.242818 0
    outer loop
      vertex -46.3732 47.5065 -1
      vertex -46.3327 47.6683 1.4
      vertex -46.3327 47.6683 -1
    endloop
  endfacet
  facet normal -0.970072 0.242818 0
    outer loop
      vertex -46.3327 47.6683 1.4
      vertex -46.3732 47.5065 -1
      vertex -46.3732 47.5065 1.4
    endloop
  endfacet
  facet normal -0.514231 0.857652 0
    outer loop
      vertex -47.0555 46.5865 -1
      vertex -47.1986 46.5007 1.4
      vertex -47.0555 46.5865 1.4
    endloop
  endfacet
  facet normal -0.514231 0.857652 0
    outer loop
      vertex -47.1986 46.5007 1.4
      vertex -47.0555 46.5865 -1
      vertex -47.1986 46.5007 -1
    endloop
  endfacet
  facet normal -0.671478 0.741024 0
    outer loop
      vertex -46.7979 46.7979 -1
      vertex -46.9215 46.6859 1.4
      vertex -46.7979 46.7979 1.4
    endloop
  endfacet
  facet normal -0.671478 0.741024 0
    outer loop
      vertex -46.9215 46.6859 1.4
      vertex -46.7979 46.7979 -1
      vertex -46.9215 46.6859 -1
    endloop
  endfacet
  facet normal -0.904043 0.427442 0
    outer loop
      vertex -46.5007 47.1986 -1
      vertex -46.4294 47.3494 1.4
      vertex -46.4294 47.3494 -1
    endloop
  endfacet
  facet normal -0.904043 0.427442 0
    outer loop
      vertex -46.4294 47.3494 1.4
      vertex -46.5007 47.1986 -1
      vertex -46.5007 47.1986 1.4
    endloop
  endfacet
  facet normal -0.803154 0.595772 0
    outer loop
      vertex -46.6859 46.9215 -1
      vertex -46.5865 47.0555 1.4
      vertex -46.5865 47.0555 -1
    endloop
  endfacet
  facet normal -0.803154 0.595772 0
    outer loop
      vertex -46.5865 47.0555 1.4
      vertex -46.6859 46.9215 -1
      vertex -46.6859 46.9215 1.4
    endloop
  endfacet
  facet normal 0.242818 0.970072 -0
    outer loop
      vertex -48.3317 46.3327 -1
      vertex -48.4935 46.3732 1.4
      vertex -48.3317 46.3327 1.4
    endloop
  endfacet
  facet normal 0.242818 0.970072 0
    outer loop
      vertex -48.4935 46.3732 1.4
      vertex -48.3317 46.3327 -1
      vertex -48.4935 46.3732 -1
    endloop
  endfacet
  facet normal 0.671478 0.741024 -0
    outer loop
      vertex -49.0785 46.6859 -1
      vertex -49.2021 46.7979 1.4
      vertex -49.0785 46.6859 1.4
    endloop
  endfacet
  facet normal 0.671478 0.741024 0
    outer loop
      vertex -49.2021 46.7979 1.4
      vertex -49.0785 46.6859 -1
      vertex -49.2021 46.7979 -1
    endloop
  endfacet
  facet normal 0.941566 0.33683 0
    outer loop
      vertex -49.5706 47.3494 1.4
      vertex -49.6268 47.5065 -1
      vertex -49.6268 47.5065 1.4
    endloop
  endfacet
  facet normal 0.941566 0.33683 0
    outer loop
      vertex -49.6268 47.5065 -1
      vertex -49.5706 47.3494 1.4
      vertex -49.5706 47.3494 -1
    endloop
  endfacet
  facet normal 0.904043 0.427442 0
    outer loop
      vertex -49.4993 47.1986 1.4
      vertex -49.5706 47.3494 -1
      vertex -49.5706 47.3494 1.4
    endloop
  endfacet
  facet normal 0.904043 0.427442 0
    outer loop
      vertex -49.5706 47.3494 -1
      vertex -49.4993 47.1986 1.4
      vertex -49.4993 47.1986 -1
    endloop
  endfacet
  facet normal -0.242818 0.970072 0
    outer loop
      vertex -47.5065 46.3732 -1
      vertex -47.6683 46.3327 1.4
      vertex -47.5065 46.3732 1.4
    endloop
  endfacet
  facet normal -0.242818 0.970072 0
    outer loop
      vertex -47.6683 46.3327 1.4
      vertex -47.5065 46.3732 -1
      vertex -47.6683 46.3327 -1
    endloop
  endfacet
  facet normal -0.427442 0.904043 0
    outer loop
      vertex -47.1986 46.5007 -1
      vertex -47.3494 46.4294 1.4
      vertex -47.1986 46.5007 1.4
    endloop
  endfacet
  facet normal -0.427442 0.904043 0
    outer loop
      vertex -47.3494 46.4294 1.4
      vertex -47.1986 46.5007 -1
      vertex -47.3494 46.4294 -1
    endloop
  endfacet
  facet normal -0.33683 0.941566 0
    outer loop
      vertex -47.3494 46.4294 -1
      vertex -47.5065 46.3732 1.4
      vertex -47.3494 46.4294 1.4
    endloop
  endfacet
  facet normal -0.33683 0.941566 0
    outer loop
      vertex -47.5065 46.3732 1.4
      vertex -47.3494 46.4294 -1
      vertex -47.5065 46.3732 -1
    endloop
  endfacet
  facet normal -0.941566 0.33683 0
    outer loop
      vertex -46.4294 47.3494 -1
      vertex -46.3732 47.5065 1.4
      vertex -46.3732 47.5065 -1
    endloop
  endfacet
  facet normal -0.941566 0.33683 0
    outer loop
      vertex -46.3732 47.5065 1.4
      vertex -46.4294 47.3494 -1
      vertex -46.4294 47.3494 1.4
    endloop
  endfacet
  facet normal 0.0491602 0.998791 -0
    outer loop
      vertex -48 46.3 -1
      vertex -48.1666 46.3082 1.4
      vertex -48 46.3 1.4
    endloop
  endfacet
  facet normal 0.0491602 0.998791 0
    outer loop
      vertex -48.1666 46.3082 1.4
      vertex -48 46.3 -1
      vertex -48.1666 46.3082 -1
    endloop
  endfacet
  facet normal 0.33683 0.941566 -0
    outer loop
      vertex -48.4935 46.3732 -1
      vertex -48.6506 46.4294 1.4
      vertex -48.4935 46.3732 1.4
    endloop
  endfacet
  facet normal 0.33683 0.941566 0
    outer loop
      vertex -48.6506 46.4294 1.4
      vertex -48.4935 46.3732 -1
      vertex -48.6506 46.4294 -1
    endloop
  endfacet
  facet normal 0.803154 0.595772 0
    outer loop
      vertex -49.3141 46.9215 1.4
      vertex -49.4135 47.0555 -1
      vertex -49.4135 47.0555 1.4
    endloop
  endfacet
  facet normal 0.803154 0.595772 0
    outer loop
      vertex -49.4135 47.0555 -1
      vertex -49.3141 46.9215 1.4
      vertex -49.3141 46.9215 -1
    endloop
  endfacet
  facet normal 0.970072 0.242818 0
    outer loop
      vertex -49.6268 47.5065 1.4
      vertex -49.6673 47.6683 -1
      vertex -49.6673 47.6683 1.4
    endloop
  endfacet
  facet normal 0.970072 0.242818 0
    outer loop
      vertex -49.6673 47.6683 -1
      vertex -49.6268 47.5065 1.4
      vertex -49.6268 47.5065 -1
    endloop
  endfacet
  facet normal 0.989168 0.146788 0
    outer loop
      vertex -49.6673 47.6683 1.4
      vertex -49.6918 47.8334 -1
      vertex -49.6918 47.8334 1.4
    endloop
  endfacet
  facet normal 0.989168 0.146788 0
    outer loop
      vertex -49.6918 47.8334 -1
      vertex -49.6673 47.6683 1.4
      vertex -49.6673 47.6683 -1
    endloop
  endfacet
  facet normal -0.595772 0.803154 0
    outer loop
      vertex -46.9215 46.6859 -1
      vertex -47.0555 46.5865 1.4
      vertex -46.9215 46.6859 1.4
    endloop
  endfacet
  facet normal -0.595772 0.803154 0
    outer loop
      vertex -47.0555 46.5865 1.4
      vertex -46.9215 46.6859 -1
      vertex -47.0555 46.5865 -1
    endloop
  endfacet
  facet normal 0.427442 0.904043 -0
    outer loop
      vertex -48.6506 46.4294 -1
      vertex -48.8014 46.5007 1.4
      vertex -48.6506 46.4294 1.4
    endloop
  endfacet
  facet normal 0.427442 0.904043 0
    outer loop
      vertex -48.8014 46.5007 1.4
      vertex -48.6506 46.4294 -1
      vertex -48.8014 46.5007 -1
    endloop
  endfacet
  facet normal 0.146788 0.989168 -0
    outer loop
      vertex -48.1666 46.3082 -1
      vertex -48.3317 46.3327 1.4
      vertex -48.1666 46.3082 1.4
    endloop
  endfacet
  facet normal 0.146788 0.989168 0
    outer loop
      vertex -48.3317 46.3327 1.4
      vertex -48.1666 46.3082 -1
      vertex -48.3317 46.3327 -1
    endloop
  endfacet
  facet normal 0.514231 0.857652 -0
    outer loop
      vertex -48.8014 46.5007 -1
      vertex -48.9445 46.5865 1.4
      vertex -48.8014 46.5007 1.4
    endloop
  endfacet
  facet normal 0.514231 0.857652 0
    outer loop
      vertex -48.9445 46.5865 1.4
      vertex -48.8014 46.5007 -1
      vertex -48.9445 46.5865 -1
    endloop
  endfacet
  facet normal -0.595943 -0.803027 0
    outer loop
      vertex -46.2777 50.5776 1.4
      vertex -46.0334 50.3963 3
      vertex -46.2777 50.5776 3
    endloop
  endfacet
  facet normal -0.595943 -0.803027 -0
    outer loop
      vertex -46.0334 50.3963 3
      vertex -46.2777 50.5776 1.4
      vertex -46.0334 50.3963 1.4
    endloop
  endfacet
  facet normal 0.42738 -0.904072 0
    outer loop
      vertex -49.4613 50.734 1.4
      vertex -49.1863 50.864 3
      vertex -49.4613 50.734 3
    endloop
  endfacet
  facet normal 0.42738 -0.904072 0
    outer loop
      vertex -49.1863 50.864 3
      vertex -49.4613 50.734 1.4
      vertex -49.1863 50.864 1.4
    endloop
  endfacet
  facet normal 0.941519 -0.336961 0
    outer loop
      vertex -50.9665 48.8999 3
      vertex -50.864 49.1863 1.4
      vertex -50.864 49.1863 3
    endloop
  endfacet
  facet normal 0.941519 -0.336961 0
    outer loop
      vertex -50.864 49.1863 1.4
      vertex -50.9665 48.8999 3
      vertex -50.9665 48.8999 1.4
    endloop
  endfacet
  facet normal -0.904072 -0.42738 0
    outer loop
      vertex -45.136 49.1863 1.4
      vertex -45.266 49.4613 3
      vertex -45.266 49.4613 1.4
    endloop
  endfacet
  facet normal -0.904072 -0.42738 0
    outer loop
      vertex -45.266 49.4613 3
      vertex -45.136 49.1863 1.4
      vertex -45.136 49.1863 3
    endloop
  endfacet
  facet normal -0.857783 -0.514012 0
    outer loop
      vertex -45.266 49.4613 1.4
      vertex -45.4224 49.7223 3
      vertex -45.4224 49.7223 1.4
    endloop
  endfacet
  facet normal -0.857783 -0.514012 0
    outer loop
      vertex -45.4224 49.7223 3
      vertex -45.266 49.4613 1.4
      vertex -45.266 49.4613 3
    endloop
  endfacet
  facet normal -0.336961 -0.941519 0
    outer loop
      vertex -47.1001 50.9665 1.4
      vertex -46.8137 50.864 3
      vertex -47.1001 50.9665 3
    endloop
  endfacet
  facet normal -0.336961 -0.941519 -0
    outer loop
      vertex -46.8137 50.864 3
      vertex -47.1001 50.9665 1.4
      vertex -46.8137 50.864 1.4
    endloop
  endfacet
  facet normal -0.0489705 -0.9988 0
    outer loop
      vertex -48 51.1 1.4
      vertex -47.6961 51.0851 3
      vertex -48 51.1 3
    endloop
  endfacet
  facet normal -0.0489705 -0.9988 -0
    outer loop
      vertex -47.6961 51.0851 3
      vertex -48 51.1 1.4
      vertex -47.6961 51.0851 1.4
    endloop
  endfacet
  facet normal 0 0 1
    outer loop
      vertex -46.3 48 1.4
      vertex -44.9 48 1.4
      vertex -44.9149 48.3039 1.4
    endloop
  endfacet
  facet normal 0 0 1
    outer loop
      vertex -46.3082 48.1666 1.4
      vertex -44.9149 48.3039 1.4
      vertex -44.9596 48.6048 1.4
    endloop
  endfacet
  facet normal 0 0 1
    outer loop
      vertex -44.9 48 1.4
      vertex -46.3 48 1.4
      vertex -44.9149 47.6961 1.4
    endloop
  endfacet
  facet normal 0 0 1
    outer loop
      vertex -46.3327 48.3317 1.4
      vertex -44.9596 48.6048 1.4
      vertex -45.0335 48.8999 1.4
    endloop
  endfacet
  facet normal -0 0 1
    outer loop
      vertex -46.3082 47.8334 1.4
      vertex -44.9149 47.6961 1.4
      vertex -46.3 48 1.4
    endloop
  endfacet
  facet normal 0 0 1
    outer loop
      vertex -46.3732 48.4935 1.4
      vertex -45.0335 48.8999 1.4
      vertex -45.136 49.1863 1.4
    endloop
  endfacet
  facet normal 0 0 1
    outer loop
      vertex -44.9149 47.6961 1.4
      vertex -46.3082 47.8334 1.4
      vertex -44.9596 47.3952 1.4
    endloop
  endfacet
  facet normal 0 0 1
    outer loop
      vertex -46.4294 48.6506 1.4
      vertex -45.136 49.1863 1.4
      vertex -45.266 49.4613 1.4
    endloop
  endfacet
  facet normal -0 0 1
    outer loop
      vertex -46.3327 47.6683 1.4
      vertex -44.9596 47.3952 1.4
      vertex -46.3082 47.8334 1.4
    endloop
  endfacet
  facet normal 0 0 1
    outer loop
      vertex -46.5007 48.8014 1.4
      vertex -45.266 49.4613 1.4
      vertex -45.4224 49.7223 1.4
    endloop
  endfacet
  facet normal 0 0 1
    outer loop
      vertex -44.9596 47.3952 1.4
      vertex -46.3327 47.6683 1.4
      vertex -45.0335 47.1001 1.4
    endloop
  endfacet
  facet normal 0 0 1
    outer loop
      vertex -46.5865 48.9445 1.4
      vertex -45.4224 49.7223 1.4
      vertex -45.6037 49.9666 1.4
    endloop
  endfacet
  facet normal -0 0 1
    outer loop
      vertex -46.3732 47.5065 1.4
      vertex -45.0335 47.1001 1.4
      vertex -46.3327 47.6683 1.4
    endloop
  endfacet
  facet normal 0 0 1
    outer loop
      vertex -46.6859 49.0785 1.4
      vertex -45.6037 49.9666 1.4
      vertex -45.808 50.192 1.4
    endloop
  endfacet
  facet normal 0 0 1
    outer loop
      vertex -45.0335 47.1001 1.4
      vertex -46.3732 47.5065 1.4
      vertex -45.136 46.8137 1.4
    endloop
  endfacet
  facet normal 0 0 1
    outer loop
      vertex -46.7979 49.2021 1.4
      vertex -45.808 50.192 1.4
      vertex -46.0334 50.3963 1.4
    endloop
  endfacet
  facet normal -0 0 1
    outer loop
      vertex -46.4294 47.3494 1.4
      vertex -45.136 46.8137 1.4
      vertex -46.3732 47.5065 1.4
    endloop
  endfacet
  facet normal 0 0 1
    outer loop
      vertex -46.9215 49.3141 1.4
      vertex -46.0334 50.3963 1.4
      vertex -46.2777 50.5776 1.4
    endloop
  endfacet
  facet normal 0 0 1
    outer loop
      vertex -45.136 46.8137 1.4
      vertex -46.4294 47.3494 1.4
      vertex -45.266 46.5387 1.4
    endloop
  endfacet
  facet normal -0 0 1
    outer loop
      vertex -46.5007 47.1986 1.4
      vertex -45.266 46.5387 1.4
      vertex -46.4294 47.3494 1.4
    endloop
  endfacet
  facet normal 0 0 1
    outer loop
      vertex -44.9149 48.3039 1.4
      vertex -46.3082 48.1666 1.4
      vertex -46.3 48 1.4
    endloop
  endfacet
  facet normal 0 0 1
    outer loop
      vertex -44.9596 48.6048 1.4
      vertex -46.3327 48.3317 1.4
      vertex -46.3082 48.1666 1.4
    endloop
  endfacet
  facet normal 0 0 1
    outer loop
      vertex -45.0335 48.8999 1.4
      vertex -46.3732 48.4935 1.4
      vertex -46.3327 48.3317 1.4
    endloop
  endfacet
  facet normal 0 0 1
    outer loop
      vertex -45.136 49.1863 1.4
      vertex -46.4294 48.6506 1.4
      vertex -46.3732 48.4935 1.4
    endloop
  endfacet
  facet normal 0 0 1
    outer loop
      vertex -45.266 49.4613 1.4
      vertex -46.5007 48.8014 1.4
      vertex -46.4294 48.6506 1.4
    endloop
  endfacet
  facet normal 0 0 1
    outer loop
      vertex -47.0555 49.4135 1.4
      vertex -46.2777 50.5776 1.4
      vertex -46.5387 50.734 1.4
    endloop
  endfacet
  facet normal 0 0 1
    outer loop
      vertex -45.4224 49.7223 1.4
      vertex -46.5865 48.9445 1.4
      vertex -46.5007 48.8014 1.4
    endloop
  endfacet
  facet normal 0 0 1
    outer loop
      vertex -45.6037 49.9666 1.4
      vertex -46.6859 49.0785 1.4
      vertex -46.5865 48.9445 1.4
    endloop
  endfacet
  facet normal 0 0 1
    outer loop
      vertex -45.808 50.192 1.4
      vertex -46.7979 49.2021 1.4
      vertex -46.6859 49.0785 1.4
    endloop
  endfacet
  facet normal 0 0 1
    outer loop
      vertex -47.1986 49.4993 1.4
      vertex -46.5387 50.734 1.4
      vertex -46.8137 50.864 1.4
    endloop
  endfacet
  facet normal 0 0 1
    outer loop
      vertex -46.0334 50.3963 1.4
      vertex -46.9215 49.3141 1.4
      vertex -46.7979 49.2021 1.4
    endloop
  endfacet
  facet normal 0 0 1
    outer loop
      vertex -46.2777 50.5776 1.4
      vertex -47.0555 49.4135 1.4
      vertex -46.9215 49.3141 1.4
    endloop
  endfacet
  facet normal 0 0 1
    outer loop
      vertex -47.3494 49.5706 1.4
      vertex -46.8137 50.864 1.4
      vertex -47.1001 50.9665 1.4
    endloop
  endfacet
  facet normal 0 0 1
    outer loop
      vertex -46.5387 50.734 1.4
      vertex -47.1986 49.4993 1.4
      vertex -47.0555 49.4135 1.4
    endloop
  endfacet
  facet normal 0 0 1
    outer loop
      vertex -46.8137 50.864 1.4
      vertex -47.3494 49.5706 1.4
      vertex -47.1986 49.4993 1.4
    endloop
  endfacet
  facet normal 0 0 1
    outer loop
      vertex -47.5065 49.6268 1.4
      vertex -47.1001 50.9665 1.4
      vertex -47.3952 51.0404 1.4
    endloop
  endfacet
  facet normal 0 0 1
    outer loop
      vertex -47.1001 50.9665 1.4
      vertex -47.5065 49.6268 1.4
      vertex -47.3494 49.5706 1.4
    endloop
  endfacet
  facet normal 0 0 1
    outer loop
      vertex -47.3952 51.0404 1.4
      vertex -47.6683 49.6673 1.4
      vertex -47.5065 49.6268 1.4
    endloop
  endfacet
  facet normal 0 0 1
    outer loop
      vertex -47.6961 51.0851 1.4
      vertex -47.6683 49.6673 1.4
      vertex -47.3952 51.0404 1.4
    endloop
  endfacet
  facet normal 0 0 1
    outer loop
      vertex -47.6961 51.0851 1.4
      vertex -47.8334 49.6918 1.4
      vertex -47.6683 49.6673 1.4
    endloop
  endfacet
  facet normal 0 0 1
    outer loop
      vertex -48 51.1 1.4
      vertex -47.8334 49.6918 1.4
      vertex -47.6961 51.0851 1.4
    endloop
  endfacet
  facet normal 0 0 1
    outer loop
      vertex -48 51.1 1.4
      vertex -48 49.7 1.4
      vertex -47.8334 49.6918 1.4
    endloop
  endfacet
  facet normal 0 0 1
    outer loop
      vertex -48 51.1 1.4
      vertex -48.1666 49.6918 1.4
      vertex -48 49.7 1.4
    endloop
  endfacet
  facet normal -0 0 1
    outer loop
      vertex -48.3039 51.0851 1.4
      vertex -48.1666 49.6918 1.4
      vertex -48 51.1 1.4
    endloop
  endfacet
  facet normal 0 0 1
    outer loop
      vertex -48.3039 51.0851 1.4
      vertex -48.3317 49.6673 1.4
      vertex -48.1666 49.6918 1.4
    endloop
  endfacet
  facet normal -0 0 1
    outer loop
      vertex -48.6048 51.0404 1.4
      vertex -48.3317 49.6673 1.4
      vertex -48.3039 51.0851 1.4
    endloop
  endfacet
  facet normal 0 0 1
    outer loop
      vertex -48.3317 49.6673 1.4
      vertex -48.6048 51.0404 1.4
      vertex -48.4935 49.6268 1.4
    endloop
  endfacet
  facet normal -0 0 1
    outer loop
      vertex -48.8999 50.9665 1.4
      vertex -48.4935 49.6268 1.4
      vertex -48.6048 51.0404 1.4
    endloop
  endfacet
  facet normal 0 0 1
    outer loop
      vertex -48.4935 49.6268 1.4
      vertex -48.8999 50.9665 1.4
      vertex -48.6506 49.5706 1.4
    endloop
  endfacet
  facet normal -0 0 1
    outer loop
      vertex -49.1863 50.864 1.4
      vertex -48.6506 49.5706 1.4
      vertex -48.8999 50.9665 1.4
    endloop
  endfacet
  facet normal 0 0 1
    outer loop
      vertex -48.6506 49.5706 1.4
      vertex -49.1863 50.864 1.4
      vertex -48.8014 49.4993 1.4
    endloop
  endfacet
  facet normal -0 0 1
    outer loop
      vertex -49.4613 50.734 1.4
      vertex -48.8014 49.4993 1.4
      vertex -49.1863 50.864 1.4
    endloop
  endfacet
  facet normal 0 0 1
    outer loop
      vertex -48.8014 49.4993 1.4
      vertex -49.4613 50.734 1.4
      vertex -48.9445 49.4135 1.4
    endloop
  endfacet
  facet normal -0 0 1
    outer loop
      vertex -49.7223 50.5776 1.4
      vertex -48.9445 49.4135 1.4
      vertex -49.4613 50.734 1.4
    endloop
  endfacet
  facet normal 0 0 1
    outer loop
      vertex -48.9445 49.4135 1.4
      vertex -49.7223 50.5776 1.4
      vertex -49.0785 49.3141 1.4
    endloop
  endfacet
  facet normal -0 0 1
    outer loop
      vertex -49.9666 50.3963 1.4
      vertex -49.0785 49.3141 1.4
      vertex -49.7223 50.5776 1.4
    endloop
  endfacet
  facet normal 0 0 1
    outer loop
      vertex -49.0785 49.3141 1.4
      vertex -49.9666 50.3963 1.4
      vertex -49.2021 49.2021 1.4
    endloop
  endfacet
  facet normal -0 0 1
    outer loop
      vertex -50.192 50.192 1.4
      vertex -49.2021 49.2021 1.4
      vertex -49.9666 50.3963 1.4
    endloop
  endfacet
  facet normal 0 0 1
    outer loop
      vertex -49.2021 49.2021 1.4
      vertex -50.192 50.192 1.4
      vertex -49.3141 49.0785 1.4
    endloop
  endfacet
  facet normal -0 0 1
    outer loop
      vertex -50.3963 49.9666 1.4
      vertex -49.3141 49.0785 1.4
      vertex -50.192 50.192 1.4
    endloop
  endfacet
  facet normal 0 0 1
    outer loop
      vertex -49.3141 49.0785 1.4
      vertex -50.3963 49.9666 1.4
      vertex -49.4135 48.9445 1.4
    endloop
  endfacet
  facet normal -0 0 1
    outer loop
      vertex -50.5776 49.7223 1.4
      vertex -49.4135 48.9445 1.4
      vertex -50.3963 49.9666 1.4
    endloop
  endfacet
  facet normal -0 0 1
    outer loop
      vertex -50.734 49.4613 1.4
      vertex -49.4993 48.8014 1.4
      vertex -50.5776 49.7223 1.4
    endloop
  endfacet
  facet normal 0 0 1
    outer loop
      vertex -49.4135 48.9445 1.4
      vertex -50.5776 49.7223 1.4
      vertex -49.4993 48.8014 1.4
    endloop
  endfacet
  facet normal 0 0 1
    outer loop
      vertex -45.266 46.5387 1.4
      vertex -46.5007 47.1986 1.4
      vertex -45.4224 46.2777 1.4
    endloop
  endfacet
  facet normal -0 0 1
    outer loop
      vertex -46.5865 47.0555 1.4
      vertex -45.4224 46.2777 1.4
      vertex -46.5007 47.1986 1.4
    endloop
  endfacet
  facet normal 0 0 1
    outer loop
      vertex -45.4224 46.2777 1.4
      vertex -46.5865 47.0555 1.4
      vertex -45.6037 46.0334 1.4
    endloop
  endfacet
  facet normal -0 0 1
    outer loop
      vertex -46.6859 46.9215 1.4
      vertex -45.6037 46.0334 1.4
      vertex -46.5865 47.0555 1.4
    endloop
  endfacet
  facet normal 0 0 1
    outer loop
      vertex -45.6037 46.0334 1.4
      vertex -46.6859 46.9215 1.4
      vertex -45.808 45.808 1.4
    endloop
  endfacet
  facet normal -0 0 1
    outer loop
      vertex -46.7979 46.7979 1.4
      vertex -45.808 45.808 1.4
      vertex -46.6859 46.9215 1.4
    endloop
  endfacet
  facet normal 0 0 1
    outer loop
      vertex -45.808 45.808 1.4
      vertex -46.7979 46.7979 1.4
      vertex -46.0334 45.6037 1.4
    endloop
  endfacet
  facet normal -0 0 1
    outer loop
      vertex -46.9215 46.6859 1.4
      vertex -46.0334 45.6037 1.4
      vertex -46.7979 46.7979 1.4
    endloop
  endfacet
  facet normal 0 0 1
    outer loop
      vertex -46.0334 45.6037 1.4
      vertex -46.9215 46.6859 1.4
      vertex -46.2777 45.4224 1.4
    endloop
  endfacet
  facet normal -0 0 1
    outer loop
      vertex -47.0555 46.5865 1.4
      vertex -46.2777 45.4224 1.4
      vertex -46.9215 46.6859 1.4
    endloop
  endfacet
  facet normal 0 0 1
    outer loop
      vertex -46.2777 45.4224 1.4
      vertex -47.0555 46.5865 1.4
      vertex -46.5387 45.266 1.4
    endloop
  endfacet
  facet normal -0 0 1
    outer loop
      vertex -47.1986 46.5007 1.4
      vertex -46.5387 45.266 1.4
      vertex -47.0555 46.5865 1.4
    endloop
  endfacet
  facet normal 0 0 1
    outer loop
      vertex -46.5387 45.266 1.4
      vertex -47.1986 46.5007 1.4
      vertex -46.8137 45.136 1.4
    endloop
  endfacet
  facet normal -0 0 1
    outer loop
      vertex -47.3494 46.4294 1.4
      vertex -46.8137 45.136 1.4
      vertex -47.1986 46.5007 1.4
    endloop
  endfacet
  facet normal 0 0 1
    outer loop
      vertex -46.8137 45.136 1.4
      vertex -47.3494 46.4294 1.4
      vertex -47.1001 45.0335 1.4
    endloop
  endfacet
  facet normal -0 0 1
    outer loop
      vertex -47.5065 46.3732 1.4
      vertex -47.1001 45.0335 1.4
      vertex -47.3494 46.4294 1.4
    endloop
  endfacet
  facet normal 0 0 1
    outer loop
      vertex -47.1001 45.0335 1.4
      vertex -47.5065 46.3732 1.4
      vertex -47.3952 44.9596 1.4
    endloop
  endfacet
  facet normal -0 0 1
    outer loop
      vertex -47.6683 46.3327 1.4
      vertex -47.3952 44.9596 1.4
      vertex -47.5065 46.3732 1.4
    endloop
  endfacet
  facet normal 0 0 1
    outer loop
      vertex -47.6683 46.3327 1.4
      vertex -47.6961 44.9149 1.4
      vertex -47.3952 44.9596 1.4
    endloop
  endfacet
  facet normal -0 0 1
    outer loop
      vertex -47.8334 46.3082 1.4
      vertex -47.6961 44.9149 1.4
      vertex -47.6683 46.3327 1.4
    endloop
  endfacet
  facet normal -0 0 1
    outer loop
      vertex -48 46.3 1.4
      vertex -47.6961 44.9149 1.4
      vertex -47.8334 46.3082 1.4
    endloop
  endfacet
  facet normal 0 0 1
    outer loop
      vertex -48 46.3 1.4
      vertex -48 44.9 1.4
      vertex -47.6961 44.9149 1.4
    endloop
  endfacet
  facet normal 0 0 1
    outer loop
      vertex -48.1666 46.3082 1.4
      vertex -48 44.9 1.4
      vertex -48 46.3 1.4
    endloop
  endfacet
  facet normal 0 0 1
    outer loop
      vertex -48.1666 46.3082 1.4
      vertex -48.3039 44.9149 1.4
      vertex -48 44.9 1.4
    endloop
  endfacet
  facet normal 0 0 1
    outer loop
      vertex -48.3317 46.3327 1.4
      vertex -48.3039 44.9149 1.4
      vertex -48.1666 46.3082 1.4
    endloop
  endfacet
  facet normal 0 0 1
    outer loop
      vertex -48.6048 44.9596 1.4
      vertex -48.3317 46.3327 1.4
      vertex -48.4935 46.3732 1.4
    endloop
  endfacet
  facet normal 0 0 1
    outer loop
      vertex -48.3317 46.3327 1.4
      vertex -48.6048 44.9596 1.4
      vertex -48.3039 44.9149 1.4
    endloop
  endfacet
  facet normal 0 0 1
    outer loop
      vertex -48.8999 45.0335 1.4
      vertex -48.4935 46.3732 1.4
      vertex -48.6506 46.4294 1.4
    endloop
  endfacet
  facet normal 0 0 1
    outer loop
      vertex -49.1863 45.136 1.4
      vertex -48.6506 46.4294 1.4
      vertex -48.8014 46.5007 1.4
    endloop
  endfacet
  facet normal 0 0 1
    outer loop
      vertex -48.4935 46.3732 1.4
      vertex -48.8999 45.0335 1.4
      vertex -48.6048 44.9596 1.4
    endloop
  endfacet
  facet normal 0 0 1
    outer loop
      vertex -49.4613 45.266 1.4
      vertex -48.8014 46.5007 1.4
      vertex -48.9445 46.5865 1.4
    endloop
  endfacet
  facet normal 0 0 1
    outer loop
      vertex -49.7223 45.4224 1.4
      vertex -48.9445 46.5865 1.4
      vertex -49.0785 46.6859 1.4
    endloop
  endfacet
  facet normal 0 0 1
    outer loop
      vertex -48.6506 46.4294 1.4
      vertex -49.1863 45.136 1.4
      vertex -48.8999 45.0335 1.4
    endloop
  endfacet
  facet normal 0 0 1
    outer loop
      vertex -49.9666 45.6037 1.4
      vertex -49.0785 46.6859 1.4
      vertex -49.2021 46.7979 1.4
    endloop
  endfacet
  facet normal 0 0 1
    outer loop
      vertex -50.192 45.808 1.4
      vertex -49.2021 46.7979 1.4
      vertex -49.3141 46.9215 1.4
    endloop
  endfacet
  facet normal 0 0 1
    outer loop
      vertex -50.3963 46.0334 1.4
      vertex -49.3141 46.9215 1.4
      vertex -49.4135 47.0555 1.4
    endloop
  endfacet
  facet normal 0 0 1
    outer loop
      vertex -48.8014 46.5007 1.4
      vertex -49.4613 45.266 1.4
      vertex -49.1863 45.136 1.4
    endloop
  endfacet
  facet normal 0 0 1
    outer loop
      vertex -50.5776 46.2777 1.4
      vertex -49.4135 47.0555 1.4
      vertex -49.4993 47.1986 1.4
    endloop
  endfacet
  facet normal 0 0 1
    outer loop
      vertex -50.734 46.5387 1.4
      vertex -49.4993 47.1986 1.4
      vertex -49.5706 47.3494 1.4
    endloop
  endfacet
  facet normal 0 0 1
    outer loop
      vertex -50.864 46.8137 1.4
      vertex -49.5706 47.3494 1.4
      vertex -49.6268 47.5065 1.4
    endloop
  endfacet
  facet normal 0 0 1
    outer loop
      vertex -50.9665 47.1001 1.4
      vertex -49.6268 47.5065 1.4
      vertex -49.6673 47.6683 1.4
    endloop
  endfacet
  facet normal 0 0 1
    outer loop
      vertex -51.0404 47.3952 1.4
      vertex -49.6673 47.6683 1.4
      vertex -49.6918 47.8334 1.4
    endloop
  endfacet
  facet normal 0 0 1
    outer loop
      vertex -48.9445 46.5865 1.4
      vertex -49.7223 45.4224 1.4
      vertex -49.4613 45.266 1.4
    endloop
  endfacet
  facet normal 0 0 1
    outer loop
      vertex -51.0851 47.6961 1.4
      vertex -49.6918 47.8334 1.4
      vertex -49.7 48 1.4
    endloop
  endfacet
  facet normal 0 0 1
    outer loop
      vertex -49.4993 48.8014 1.4
      vertex -50.734 49.4613 1.4
      vertex -49.5706 48.6506 1.4
    endloop
  endfacet
  facet normal -0 0 1
    outer loop
      vertex -50.864 49.1863 1.4
      vertex -49.5706 48.6506 1.4
      vertex -50.734 49.4613 1.4
    endloop
  endfacet
  facet normal 0 0 1
    outer loop
      vertex -49.0785 46.6859 1.4
      vertex -49.9666 45.6037 1.4
      vertex -49.7223 45.4224 1.4
    endloop
  endfacet
  facet normal 0 0 1
    outer loop
      vertex -49.5706 48.6506 1.4
      vertex -50.864 49.1863 1.4
      vertex -49.6268 48.4935 1.4
    endloop
  endfacet
  facet normal 0 0 1
    outer loop
      vertex -49.2021 46.7979 1.4
      vertex -50.192 45.808 1.4
      vertex -49.9666 45.6037 1.4
    endloop
  endfacet
  facet normal -0 0 1
    outer loop
      vertex -50.9665 48.8999 1.4
      vertex -49.6268 48.4935 1.4
      vertex -50.864 49.1863 1.4
    endloop
  endfacet
  facet normal 0 0 1
    outer loop
      vertex -49.3141 46.9215 1.4
      vertex -50.3963 46.0334 1.4
      vertex -50.192 45.808 1.4
    endloop
  endfacet
  facet normal 0 0 1
    outer loop
      vertex -49.6268 48.4935 1.4
      vertex -50.9665 48.8999 1.4
      vertex -49.6673 48.3317 1.4
    endloop
  endfacet
  facet normal 0 0 1
    outer loop
      vertex -49.4135 47.0555 1.4
      vertex -50.5776 46.2777 1.4
      vertex -50.3963 46.0334 1.4
    endloop
  endfacet
  facet normal -0 0 1
    outer loop
      vertex -51.0404 48.6048 1.4
      vertex -49.6673 48.3317 1.4
      vertex -50.9665 48.8999 1.4
    endloop
  endfacet
  facet normal 0 0 1
    outer loop
      vertex -49.4993 47.1986 1.4
      vertex -50.734 46.5387 1.4
      vertex -50.5776 46.2777 1.4
    endloop
  endfacet
  facet normal 0 0 1
    outer loop
      vertex -49.6673 48.3317 1.4
      vertex -51.0404 48.6048 1.4
      vertex -49.6918 48.1666 1.4
    endloop
  endfacet
  facet normal 0 0 1
    outer loop
      vertex -49.5706 47.3494 1.4
      vertex -50.864 46.8137 1.4
      vertex -50.734 46.5387 1.4
    endloop
  endfacet
  facet normal -0 0 1
    outer loop
      vertex -51.0851 48.3039 1.4
      vertex -49.6918 48.1666 1.4
      vertex -51.0404 48.6048 1.4
    endloop
  endfacet
  facet normal 0 0 1
    outer loop
      vertex -49.6268 47.5065 1.4
      vertex -50.9665 47.1001 1.4
      vertex -50.864 46.8137 1.4
    endloop
  endfacet
  facet normal 0 0 1
    outer loop
      vertex -49.6918 48.1666 1.4
      vertex -51.0851 48.3039 1.4
      vertex -49.7 48 1.4
    endloop
  endfacet
  facet normal 0 0 1
    outer loop
      vertex -49.6673 47.6683 1.4
      vertex -51.0404 47.3952 1.4
      vertex -50.9665 47.1001 1.4
    endloop
  endfacet
  facet normal 0 0 1
    outer loop
      vertex -51.1 48 1.4
      vertex -49.7 48 1.4
      vertex -51.0851 48.3039 1.4
    endloop
  endfacet
  facet normal 0 0 1
    outer loop
      vertex -49.6918 47.8334 1.4
      vertex -51.0851 47.6961 1.4
      vertex -51.0404 47.3952 1.4
    endloop
  endfacet
  facet normal 0 0 1
    outer loop
      vertex -49.7 48 1.4
      vertex -51.1 48 1.4
      vertex -51.0851 47.6961 1.4
    endloop
  endfacet
  facet normal 0.9988 -0.0489705 0
    outer loop
      vertex -51.1 48 3
      vertex -51.0851 48.3039 1.4
      vertex -51.0851 48.3039 3
    endloop
  endfacet
  facet normal 0.9988 -0.0489705 0
    outer loop
      vertex -51.0851 48.3039 1.4
      vertex -51.1 48 3
      vertex -51.1 48 1.4
    endloop
  endfacet
  facet normal 0.803027 -0.595943 0
    outer loop
      vertex -50.5776 49.7223 3
      vertex -50.3963 49.9666 1.4
      vertex -50.3963 49.9666 3
    endloop
  endfacet
  facet normal 0.803027 -0.595943 0
    outer loop
      vertex -50.3963 49.9666 1.4
      vertex -50.5776 49.7223 3
      vertex -50.5776 49.7223 1.4
    endloop
  endfacet
  facet normal 0.242922 -0.970046 0
    outer loop
      vertex -48.8999 50.9665 1.4
      vertex -48.6048 51.0404 3
      vertex -48.8999 50.9665 3
    endloop
  endfacet
  facet normal 0.242922 -0.970046 0
    outer loop
      vertex -48.6048 51.0404 3
      vertex -48.8999 50.9665 1.4
      vertex -48.6048 51.0404 1.4
    endloop
  endfacet
  facet normal -0.9988 0.0489705 0
    outer loop
      vertex -44.9149 47.6961 1.4
      vertex -44.9 48 3
      vertex -44.9 48 1.4
    endloop
  endfacet
  facet normal -0.9988 0.0489705 0
    outer loop
      vertex -44.9 48 3
      vertex -44.9149 47.6961 1.4
      vertex -44.9149 47.6961 3
    endloop
  endfacet
  facet normal -0.803027 0.595943 0
    outer loop
      vertex -45.6037 46.0334 1.4
      vertex -45.4224 46.2777 3
      vertex -45.4224 46.2777 1.4
    endloop
  endfacet
  facet normal -0.803027 0.595943 0
    outer loop
      vertex -45.4224 46.2777 3
      vertex -45.6037 46.0334 1.4
      vertex -45.6037 46.0334 3
    endloop
  endfacet
  facet normal 0.0489705 0.9988 -0
    outer loop
      vertex -48 44.9 1.4
      vertex -48.3039 44.9149 3
      vertex -48 44.9 3
    endloop
  endfacet
  facet normal 0.0489705 0.9988 0
    outer loop
      vertex -48.3039 44.9149 3
      vertex -48 44.9 1.4
      vertex -48.3039 44.9149 1.4
    endloop
  endfacet
  facet normal 0.595943 0.803027 -0
    outer loop
      vertex -49.7223 45.4224 1.4
      vertex -49.9666 45.6037 3
      vertex -49.7223 45.4224 3
    endloop
  endfacet
  facet normal 0.595943 0.803027 0
    outer loop
      vertex -49.9666 45.6037 3
      vertex -49.7223 45.4224 1.4
      vertex -49.9666 45.6037 1.4
    endloop
  endfacet
  facet normal 0.904072 0.42738 0
    outer loop
      vertex -50.734 46.5387 3
      vertex -50.864 46.8137 1.4
      vertex -50.864 46.8137 3
    endloop
  endfacet
  facet normal 0.904072 0.42738 0
    outer loop
      vertex -50.864 46.8137 1.4
      vertex -50.734 46.5387 3
      vertex -50.734 46.5387 1.4
    endloop
  endfacet
  facet normal -0.989145 -0.146942 0
    outer loop
      vertex -44.9149 48.3039 1.4
      vertex -44.9596 48.6048 3
      vertex -44.9596 48.6048 1.4
    endloop
  endfacet
  facet normal -0.989145 -0.146942 0
    outer loop
      vertex -44.9596 48.6048 3
      vertex -44.9149 48.3039 1.4
      vertex -44.9149 48.3039 3
    endloop
  endfacet
  facet normal -0.970046 -0.242922 0
    outer loop
      vertex -44.9596 48.6048 1.4
      vertex -45.0335 48.8999 3
      vertex -45.0335 48.8999 1.4
    endloop
  endfacet
  facet normal -0.970046 -0.242922 0
    outer loop
      vertex -45.0335 48.8999 3
      vertex -44.9596 48.6048 1.4
      vertex -44.9596 48.6048 3
    endloop
  endfacet
  facet normal -0.941519 -0.336961 0
    outer loop
      vertex -45.0335 48.8999 1.4
      vertex -45.136 49.1863 3
      vertex -45.136 49.1863 1.4
    endloop
  endfacet
  facet normal -0.941519 -0.336961 0
    outer loop
      vertex -45.136 49.1863 3
      vertex -45.0335 48.8999 1.4
      vertex -45.0335 48.8999 3
    endloop
  endfacet
  facet normal -0.740936 -0.671576 0
    outer loop
      vertex -45.6037 49.9666 1.4
      vertex -45.808 50.192 3
      vertex -45.808 50.192 1.4
    endloop
  endfacet
  facet normal -0.740936 -0.671576 0
    outer loop
      vertex -45.808 50.192 3
      vertex -45.6037 49.9666 1.4
      vertex -45.6037 49.9666 3
    endloop
  endfacet
  facet normal -0.803027 -0.595943 0
    outer loop
      vertex -45.4224 49.7223 1.4
      vertex -45.6037 49.9666 3
      vertex -45.6037 49.9666 1.4
    endloop
  endfacet
  facet normal -0.803027 -0.595943 0
    outer loop
      vertex -45.6037 49.9666 3
      vertex -45.4224 49.7223 1.4
      vertex -45.4224 49.7223 3
    endloop
  endfacet
  facet normal -0.671576 -0.740936 0
    outer loop
      vertex -46.0334 50.3963 1.4
      vertex -45.808 50.192 3
      vertex -46.0334 50.3963 3
    endloop
  endfacet
  facet normal -0.671576 -0.740936 -0
    outer loop
      vertex -45.808 50.192 3
      vertex -46.0334 50.3963 1.4
      vertex -45.808 50.192 1.4
    endloop
  endfacet
  facet normal -0.514012 -0.857783 0
    outer loop
      vertex -46.5387 50.734 1.4
      vertex -46.2777 50.5776 3
      vertex -46.5387 50.734 3
    endloop
  endfacet
  facet normal -0.514012 -0.857783 -0
    outer loop
      vertex -46.2777 50.5776 3
      vertex -46.5387 50.734 1.4
      vertex -46.2777 50.5776 1.4
    endloop
  endfacet
  facet normal 0.0489705 -0.9988 0
    outer loop
      vertex -48.3039 51.0851 1.4
      vertex -48 51.1 3
      vertex -48.3039 51.0851 3
    endloop
  endfacet
  facet normal 0.0489705 -0.9988 0
    outer loop
      vertex -48 51.1 3
      vertex -48.3039 51.0851 1.4
      vertex -48 51.1 1.4
    endloop
  endfacet
  facet normal -0.42738 -0.904072 0
    outer loop
      vertex -46.8137 50.864 1.4
      vertex -46.5387 50.734 3
      vertex -46.8137 50.864 3
    endloop
  endfacet
  facet normal -0.42738 -0.904072 -0
    outer loop
      vertex -46.5387 50.734 3
      vertex -46.8137 50.864 1.4
      vertex -46.5387 50.734 1.4
    endloop
  endfacet
  facet normal -0.242922 -0.970046 0
    outer loop
      vertex -47.3952 51.0404 1.4
      vertex -47.1001 50.9665 3
      vertex -47.3952 51.0404 3
    endloop
  endfacet
  facet normal -0.242922 -0.970046 -0
    outer loop
      vertex -47.1001 50.9665 3
      vertex -47.3952 51.0404 1.4
      vertex -47.1001 50.9665 1.4
    endloop
  endfacet
  facet normal -0.146942 -0.989145 0
    outer loop
      vertex -47.6961 51.0851 1.4
      vertex -47.3952 51.0404 3
      vertex -47.6961 51.0851 3
    endloop
  endfacet
  facet normal -0.146942 -0.989145 -0
    outer loop
      vertex -47.3952 51.0404 3
      vertex -47.6961 51.0851 1.4
      vertex -47.3952 51.0404 1.4
    endloop
  endfacet
  facet normal 0.970046 -0.242922 0
    outer loop
      vertex -51.0404 48.6048 3
      vertex -50.9665 48.8999 1.4
      vertex -50.9665 48.8999 3
    endloop
  endfacet
  facet normal 0.970046 -0.242922 0
    outer loop
      vertex -50.9665 48.8999 1.4
      vertex -51.0404 48.6048 3
      vertex -51.0404 48.6048 1.4
    endloop
  endfacet
  facet normal 0.989145 -0.146942 0
    outer loop
      vertex -51.0851 48.3039 3
      vertex -51.0404 48.6048 1.4
      vertex -51.0404 48.6048 3
    endloop
  endfacet
  facet normal 0.989145 -0.146942 0
    outer loop
      vertex -51.0404 48.6048 1.4
      vertex -51.0851 48.3039 3
      vertex -51.0851 48.3039 1.4
    endloop
  endfacet
  facet normal 0.904072 -0.42738 0
    outer loop
      vertex -50.864 49.1863 3
      vertex -50.734 49.4613 1.4
      vertex -50.734 49.4613 3
    endloop
  endfacet
  facet normal 0.904072 -0.42738 0
    outer loop
      vertex -50.734 49.4613 1.4
      vertex -50.864 49.1863 3
      vertex -50.864 49.1863 1.4
    endloop
  endfacet
  facet normal 0.857783 -0.514012 0
    outer loop
      vertex -50.734 49.4613 3
      vertex -50.5776 49.7223 1.4
      vertex -50.5776 49.7223 3
    endloop
  endfacet
  facet normal 0.857783 -0.514012 0
    outer loop
      vertex -50.5776 49.7223 1.4
      vertex -50.734 49.4613 3
      vertex -50.734 49.4613 1.4
    endloop
  endfacet
  facet normal 0.336961 -0.941519 0
    outer loop
      vertex -49.1863 50.864 1.4
      vertex -48.8999 50.9665 3
      vertex -49.1863 50.864 3
    endloop
  endfacet
  facet normal 0.336961 -0.941519 0
    outer loop
      vertex -48.8999 50.9665 3
      vertex -49.1863 50.864 1.4
      vertex -48.8999 50.9665 1.4
    endloop
  endfacet
  facet normal 0.146942 -0.989145 0
    outer loop
      vertex -48.6048 51.0404 1.4
      vertex -48.3039 51.0851 3
      vertex -48.6048 51.0404 3
    endloop
  endfacet
  facet normal 0.146942 -0.989145 0
    outer loop
      vertex -48.3039 51.0851 3
      vertex -48.6048 51.0404 1.4
      vertex -48.3039 51.0851 1.4
    endloop
  endfacet
  facet normal 0.595943 -0.803027 0
    outer loop
      vertex -49.9666 50.3963 1.4
      vertex -49.7223 50.5776 3
      vertex -49.9666 50.3963 3
    endloop
  endfacet
  facet normal 0.595943 -0.803027 0
    outer loop
      vertex -49.7223 50.5776 3
      vertex -49.9666 50.3963 1.4
      vertex -49.7223 50.5776 1.4
    endloop
  endfacet
  facet normal 0.671576 -0.740936 0
    outer loop
      vertex -50.192 50.192 1.4
      vertex -49.9666 50.3963 3
      vertex -50.192 50.192 3
    endloop
  endfacet
  facet normal 0.671576 -0.740936 0
    outer loop
      vertex -49.9666 50.3963 3
      vertex -50.192 50.192 1.4
      vertex -49.9666 50.3963 1.4
    endloop
  endfacet
  facet normal 0.514012 -0.857783 0
    outer loop
      vertex -49.7223 50.5776 1.4
      vertex -49.4613 50.734 3
      vertex -49.7223 50.5776 3
    endloop
  endfacet
  facet normal 0.514012 -0.857783 0
    outer loop
      vertex -49.4613 50.734 3
      vertex -49.7223 50.5776 1.4
      vertex -49.4613 50.734 1.4
    endloop
  endfacet
  facet normal 0.740936 -0.671576 0
    outer loop
      vertex -50.3963 49.9666 3
      vertex -50.192 50.192 1.4
      vertex -50.192 50.192 3
    endloop
  endfacet
  facet normal 0.740936 -0.671576 0
    outer loop
      vertex -50.192 50.192 1.4
      vertex -50.3963 49.9666 3
      vertex -50.3963 49.9666 1.4
    endloop
  endfacet
  facet normal -0.9988 -0.0489705 0
    outer loop
      vertex -44.9 48 1.4
      vertex -44.9149 48.3039 3
      vertex -44.9149 48.3039 1.4
    endloop
  endfacet
  facet normal -0.9988 -0.0489705 0
    outer loop
      vertex -44.9149 48.3039 3
      vertex -44.9 48 1.4
      vertex -44.9 48 3
    endloop
  endfacet
  facet normal -0.146942 0.989145 0
    outer loop
      vertex -47.3952 44.9596 1.4
      vertex -47.6961 44.9149 3
      vertex -47.3952 44.9596 3
    endloop
  endfacet
  facet normal -0.146942 0.989145 0
    outer loop
      vertex -47.6961 44.9149 3
      vertex -47.3952 44.9596 1.4
      vertex -47.6961 44.9149 1.4
    endloop
  endfacet
  facet normal -0.970046 0.242922 0
    outer loop
      vertex -45.0335 47.1001 1.4
      vertex -44.9596 47.3952 3
      vertex -44.9596 47.3952 1.4
    endloop
  endfacet
  facet normal -0.970046 0.242922 0
    outer loop
      vertex -44.9596 47.3952 3
      vertex -45.0335 47.1001 1.4
      vertex -45.0335 47.1001 3
    endloop
  endfacet
  facet normal -0.336961 0.941519 0
    outer loop
      vertex -46.8137 45.136 1.4
      vertex -47.1001 45.0335 3
      vertex -46.8137 45.136 3
    endloop
  endfacet
  facet normal -0.336961 0.941519 0
    outer loop
      vertex -47.1001 45.0335 3
      vertex -46.8137 45.136 1.4
      vertex -47.1001 45.0335 1.4
    endloop
  endfacet
  facet normal -0.671576 0.740936 0
    outer loop
      vertex -45.808 45.808 1.4
      vertex -46.0334 45.6037 3
      vertex -45.808 45.808 3
    endloop
  endfacet
  facet normal -0.671576 0.740936 0
    outer loop
      vertex -46.0334 45.6037 3
      vertex -45.808 45.808 1.4
      vertex -46.0334 45.6037 1.4
    endloop
  endfacet
  facet normal -0.514012 0.857783 0
    outer loop
      vertex -46.2777 45.4224 1.4
      vertex -46.5387 45.266 3
      vertex -46.2777 45.4224 3
    endloop
  endfacet
  facet normal -0.514012 0.857783 0
    outer loop
      vertex -46.5387 45.266 3
      vertex -46.2777 45.4224 1.4
      vertex -46.5387 45.266 1.4
    endloop
  endfacet
  facet normal -0.904072 0.42738 0
    outer loop
      vertex -45.266 46.5387 1.4
      vertex -45.136 46.8137 3
      vertex -45.136 46.8137 1.4
    endloop
  endfacet
  facet normal -0.904072 0.42738 0
    outer loop
      vertex -45.136 46.8137 3
      vertex -45.266 46.5387 1.4
      vertex -45.266 46.5387 3
    endloop
  endfacet
  facet normal 0.242922 0.970046 -0
    outer loop
      vertex -48.6048 44.9596 1.4
      vertex -48.8999 45.0335 3
      vertex -48.6048 44.9596 3
    endloop
  endfacet
  facet normal 0.242922 0.970046 0
    outer loop
      vertex -48.8999 45.0335 3
      vertex -48.6048 44.9596 1.4
      vertex -48.8999 45.0335 1.4
    endloop
  endfacet
  facet normal 0.42738 0.904072 -0
    outer loop
      vertex -49.1863 45.136 1.4
      vertex -49.4613 45.266 3
      vertex -49.1863 45.136 3
    endloop
  endfacet
  facet normal 0.42738 0.904072 0
    outer loop
      vertex -49.4613 45.266 3
      vertex -49.1863 45.136 1.4
      vertex -49.4613 45.266 1.4
    endloop
  endfacet
  facet normal 0.989145 0.146942 0
    outer loop
      vertex -51.0404 47.3952 3
      vertex -51.0851 47.6961 1.4
      vertex -51.0851 47.6961 3
    endloop
  endfacet
  facet normal 0.989145 0.146942 0
    outer loop
      vertex -51.0851 47.6961 1.4
      vertex -51.0404 47.3952 3
      vertex -51.0404 47.3952 1.4
    endloop
  endfacet
  facet normal 0.941519 0.336961 0
    outer loop
      vertex -50.864 46.8137 3
      vertex -50.9665 47.1001 1.4
      vertex -50.9665 47.1001 3
    endloop
  endfacet
  facet normal 0.941519 0.336961 0
    outer loop
      vertex -50.9665 47.1001 1.4
      vertex -50.864 46.8137 3
      vertex -50.864 46.8137 1.4
    endloop
  endfacet
  facet normal 0.970046 0.242922 0
    outer loop
      vertex -50.9665 47.1001 3
      vertex -51.0404 47.3952 1.4
      vertex -51.0404 47.3952 3
    endloop
  endfacet
  facet normal 0.970046 0.242922 0
    outer loop
      vertex -51.0404 47.3952 1.4
      vertex -50.9665 47.1001 3
      vertex -50.9665 47.1001 1.4
    endloop
  endfacet
  facet normal 0.740936 0.671576 0
    outer loop
      vertex -50.192 45.808 3
      vertex -50.3963 46.0334 1.4
      vertex -50.3963 46.0334 3
    endloop
  endfacet
  facet normal 0.740936 0.671576 0
    outer loop
      vertex -50.3963 46.0334 1.4
      vertex -50.192 45.808 3
      vertex -50.192 45.808 1.4
    endloop
  endfacet
  facet normal 0.857783 0.514012 0
    outer loop
      vertex -50.5776 46.2777 3
      vertex -50.734 46.5387 1.4
      vertex -50.734 46.5387 3
    endloop
  endfacet
  facet normal 0.857783 0.514012 0
    outer loop
      vertex -50.734 46.5387 1.4
      vertex -50.5776 46.2777 3
      vertex -50.5776 46.2777 1.4
    endloop
  endfacet
  facet normal 0.671576 0.740936 -0
    outer loop
      vertex -49.9666 45.6037 1.4
      vertex -50.192 45.808 3
      vertex -49.9666 45.6037 3
    endloop
  endfacet
  facet normal 0.671576 0.740936 0
    outer loop
      vertex -50.192 45.808 3
      vertex -49.9666 45.6037 1.4
      vertex -50.192 45.808 1.4
    endloop
  endfacet
  facet normal 0.9988 0.0489705 0
    outer loop
      vertex -51.0851 47.6961 3
      vertex -51.1 48 1.4
      vertex -51.1 48 3
    endloop
  endfacet
  facet normal 0.9988 0.0489705 0
    outer loop
      vertex -51.1 48 1.4
      vertex -51.0851 47.6961 3
      vertex -51.0851 47.6961 1.4
    endloop
  endfacet
  facet normal -0.989145 0.146942 0
    outer loop
      vertex -44.9596 47.3952 1.4
      vertex -44.9149 47.6961 3
      vertex -44.9149 47.6961 1.4
    endloop
  endfacet
  facet normal -0.989145 0.146942 0
    outer loop
      vertex -44.9149 47.6961 3
      vertex -44.9596 47.3952 1.4
      vertex -44.9596 47.3952 3
    endloop
  endfacet
  facet normal -0.242922 0.970046 0
    outer loop
      vertex -47.1001 45.0335 1.4
      vertex -47.3952 44.9596 3
      vertex -47.1001 45.0335 3
    endloop
  endfacet
  facet normal -0.242922 0.970046 0
    outer loop
      vertex -47.3952 44.9596 3
      vertex -47.1001 45.0335 1.4
      vertex -47.3952 44.9596 1.4
    endloop
  endfacet
  facet normal -0.42738 0.904072 0
    outer loop
      vertex -46.5387 45.266 1.4
      vertex -46.8137 45.136 3
      vertex -46.5387 45.266 3
    endloop
  endfacet
  facet normal -0.42738 0.904072 0
    outer loop
      vertex -46.8137 45.136 3
      vertex -46.5387 45.266 1.4
      vertex -46.8137 45.136 1.4
    endloop
  endfacet
  facet normal -0.740936 0.671576 0
    outer loop
      vertex -45.808 45.808 1.4
      vertex -45.6037 46.0334 3
      vertex -45.6037 46.0334 1.4
    endloop
  endfacet
  facet normal -0.740936 0.671576 0
    outer loop
      vertex -45.6037 46.0334 3
      vertex -45.808 45.808 1.4
      vertex -45.808 45.808 3
    endloop
  endfacet
  facet normal -0.595943 0.803027 0
    outer loop
      vertex -46.0334 45.6037 1.4
      vertex -46.2777 45.4224 3
      vertex -46.0334 45.6037 3
    endloop
  endfacet
  facet normal -0.595943 0.803027 0
    outer loop
      vertex -46.2777 45.4224 3
      vertex -46.0334 45.6037 1.4
      vertex -46.2777 45.4224 1.4
    endloop
  endfacet
  facet normal -0.941519 0.336961 0
    outer loop
      vertex -45.136 46.8137 1.4
      vertex -45.0335 47.1001 3
      vertex -45.0335 47.1001 1.4
    endloop
  endfacet
  facet normal -0.941519 0.336961 0
    outer loop
      vertex -45.0335 47.1001 3
      vertex -45.136 46.8137 1.4
      vertex -45.136 46.8137 3
    endloop
  endfacet
  facet normal -0.857783 0.514012 0
    outer loop
      vertex -45.4224 46.2777 1.4
      vertex -45.266 46.5387 3
      vertex -45.266 46.5387 1.4
    endloop
  endfacet
  facet normal -0.857783 0.514012 0
    outer loop
      vertex -45.266 46.5387 3
      vertex -45.4224 46.2777 1.4
      vertex -45.4224 46.2777 3
    endloop
  endfacet
  facet normal -0.0489705 0.9988 0
    outer loop
      vertex -47.6961 44.9149 1.4
      vertex -48 44.9 3
      vertex -47.6961 44.9149 3
    endloop
  endfacet
  facet normal -0.0489705 0.9988 0
    outer loop
      vertex -48 44.9 3
      vertex -47.6961 44.9149 1.4
      vertex -48 44.9 1.4
    endloop
  endfacet
  facet normal 0.146942 0.989145 -0
    outer loop
      vertex -48.3039 44.9149 1.4
      vertex -48.6048 44.9596 3
      vertex -48.3039 44.9149 3
    endloop
  endfacet
  facet normal 0.146942 0.989145 0
    outer loop
      vertex -48.6048 44.9596 3
      vertex -48.3039 44.9149 1.4
      vertex -48.6048 44.9596 1.4
    endloop
  endfacet
  facet normal 0.336961 0.941519 -0
    outer loop
      vertex -48.8999 45.0335 1.4
      vertex -49.1863 45.136 3
      vertex -48.8999 45.0335 3
    endloop
  endfacet
  facet normal 0.336961 0.941519 0
    outer loop
      vertex -49.1863 45.136 3
      vertex -48.8999 45.0335 1.4
      vertex -49.1863 45.136 1.4
    endloop
  endfacet
  facet normal 0.514012 0.857783 -0
    outer loop
      vertex -49.4613 45.266 1.4
      vertex -49.7223 45.4224 3
      vertex -49.4613 45.266 3
    endloop
  endfacet
  facet normal 0.514012 0.857783 0
    outer loop
      vertex -49.7223 45.4224 3
      vertex -49.4613 45.266 1.4
      vertex -49.7223 45.4224 1.4
    endloop
  endfacet
  facet normal 0.803027 0.595943 0
    outer loop
      vertex -50.3963 46.0334 3
      vertex -50.5776 46.2777 1.4
      vertex -50.5776 46.2777 3
    endloop
  endfacet
  facet normal 0.803027 0.595943 0
    outer loop
      vertex -50.5776 46.2777 1.4
      vertex -50.3963 46.0334 3
      vertex -50.3963 46.0334 1.4
    endloop
  endfacet
  facet normal -0.595772 -0.803154 0
    outer loop
      vertex 48.9445 -46.5865 -1
      vertex 49.0785 -46.6859 1.4
      vertex 48.9445 -46.5865 1.4
    endloop
  endfacet
  facet normal -0.595772 -0.803154 -0
    outer loop
      vertex 49.0785 -46.6859 1.4
      vertex 48.9445 -46.5865 -1
      vertex 49.0785 -46.6859 -1
    endloop
  endfacet
  facet normal 0.33683 -0.941566 0
    outer loop
      vertex 47.3494 -46.4294 -1
      vertex 47.5065 -46.3732 1.4
      vertex 47.3494 -46.4294 1.4
    endloop
  endfacet
  facet normal 0.33683 -0.941566 0
    outer loop
      vertex 47.5065 -46.3732 1.4
      vertex 47.3494 -46.4294 -1
      vertex 47.5065 -46.3732 -1
    endloop
  endfacet
  facet normal 0.904043 -0.427442 0
    outer loop
      vertex 46.4294 -47.3494 1.4
      vertex 46.5007 -47.1986 -1
      vertex 46.5007 -47.1986 1.4
    endloop
  endfacet
  facet normal 0.904043 -0.427442 0
    outer loop
      vertex 46.5007 -47.1986 -1
      vertex 46.4294 -47.3494 1.4
      vertex 46.4294 -47.3494 -1
    endloop
  endfacet
  facet normal -0.998791 0.0491602 0
    outer loop
      vertex 49.6918 -48.1666 -1
      vertex 49.7 -48 1.4
      vertex 49.7 -48 -1
    endloop
  endfacet
  facet normal -0.998791 0.0491602 0
    outer loop
      vertex 49.7 -48 1.4
      vertex 49.6918 -48.1666 -1
      vertex 49.6918 -48.1666 1.4
    endloop
  endfacet
  facet normal -0.904043 -0.427442 0
    outer loop
      vertex 49.5706 -47.3494 -1
      vertex 49.4993 -47.1986 1.4
      vertex 49.4993 -47.1986 -1
    endloop
  endfacet
  facet normal -0.904043 -0.427442 0
    outer loop
      vertex 49.4993 -47.1986 1.4
      vertex 49.5706 -47.3494 -1
      vertex 49.5706 -47.3494 1.4
    endloop
  endfacet
  facet normal -0.857652 -0.514231 0
    outer loop
      vertex 49.4993 -47.1986 -1
      vertex 49.4135 -47.0555 1.4
      vertex 49.4135 -47.0555 -1
    endloop
  endfacet
  facet normal -0.857652 -0.514231 0
    outer loop
      vertex 49.4135 -47.0555 1.4
      vertex 49.4993 -47.1986 -1
      vertex 49.4993 -47.1986 1.4
    endloop
  endfacet
  facet normal -0.427442 -0.904043 0
    outer loop
      vertex 48.6506 -46.4294 -1
      vertex 48.8014 -46.5007 1.4
      vertex 48.6506 -46.4294 1.4
    endloop
  endfacet
  facet normal -0.427442 -0.904043 -0
    outer loop
      vertex 48.8014 -46.5007 1.4
      vertex 48.6506 -46.4294 -1
      vertex 48.8014 -46.5007 -1
    endloop
  endfacet
  facet normal -0.146788 -0.989168 0
    outer loop
      vertex 48.1666 -46.3082 -1
      vertex 48.3317 -46.3327 1.4
      vertex 48.1666 -46.3082 1.4
    endloop
  endfacet
  facet normal -0.146788 -0.989168 -0
    outer loop
      vertex 48.3317 -46.3327 1.4
      vertex 48.1666 -46.3082 -1
      vertex 48.3317 -46.3327 -1
    endloop
  endfacet
  facet normal 0.989168 -0.146788 0
    outer loop
      vertex 46.3082 -47.8334 1.4
      vertex 46.3327 -47.6683 -1
      vertex 46.3327 -47.6683 1.4
    endloop
  endfacet
  facet normal 0.989168 -0.146788 0
    outer loop
      vertex 46.3327 -47.6683 -1
      vertex 46.3082 -47.8334 1.4
      vertex 46.3082 -47.8334 -1
    endloop
  endfacet
  facet normal 0.741024 -0.671478 0
    outer loop
      vertex 46.6859 -46.9215 1.4
      vertex 46.7979 -46.7979 -1
      vertex 46.7979 -46.7979 1.4
    endloop
  endfacet
  facet normal 0.741024 -0.671478 0
    outer loop
      vertex 46.7979 -46.7979 -1
      vertex 46.6859 -46.9215 1.4
      vertex 46.6859 -46.9215 -1
    endloop
  endfacet
  facet normal 0.146788 -0.989168 0
    outer loop
      vertex 47.6683 -46.3327 -1
      vertex 47.8334 -46.3082 1.4
      vertex 47.6683 -46.3327 1.4
    endloop
  endfacet
  facet normal 0.146788 -0.989168 0
    outer loop
      vertex 47.8334 -46.3082 1.4
      vertex 47.6683 -46.3327 -1
      vertex 47.8334 -46.3082 -1
    endloop
  endfacet
  facet normal 0.146788 0.989168 -0
    outer loop
      vertex 47.8334 -49.6918 -1
      vertex 47.6683 -49.6673 1.4
      vertex 47.8334 -49.6918 1.4
    endloop
  endfacet
  facet normal 0.146788 0.989168 0
    outer loop
      vertex 47.6683 -49.6673 1.4
      vertex 47.8334 -49.6918 -1
      vertex 47.6683 -49.6673 -1
    endloop
  endfacet
  facet normal 0.671478 0.741024 -0
    outer loop
      vertex 46.9215 -49.3141 -1
      vertex 46.7979 -49.2021 1.4
      vertex 46.9215 -49.3141 1.4
    endloop
  endfacet
  facet normal 0.671478 0.741024 0
    outer loop
      vertex 46.7979 -49.2021 1.4
      vertex 46.9215 -49.3141 -1
      vertex 46.7979 -49.2021 -1
    endloop
  endfacet
  facet normal 0.741024 0.671478 0
    outer loop
      vertex 46.7979 -49.2021 1.4
      vertex 46.6859 -49.0785 -1
      vertex 46.6859 -49.0785 1.4
    endloop
  endfacet
  facet normal 0.741024 0.671478 0
    outer loop
      vertex 46.6859 -49.0785 -1
      vertex 46.7979 -49.2021 1.4
      vertex 46.7979 -49.2021 -1
    endloop
  endfacet
  facet normal -0.989168 -0.146788 0
    outer loop
      vertex 49.6918 -47.8334 -1
      vertex 49.6673 -47.6683 1.4
      vertex 49.6673 -47.6683 -1
    endloop
  endfacet
  facet normal -0.989168 -0.146788 0
    outer loop
      vertex 49.6673 -47.6683 1.4
      vertex 49.6918 -47.8334 -1
      vertex 49.6918 -47.8334 1.4
    endloop
  endfacet
  facet normal -0.970072 -0.242818 0
    outer loop
      vertex 49.6673 -47.6683 -1
      vertex 49.6268 -47.5065 1.4
      vertex 49.6268 -47.5065 -1
    endloop
  endfacet
  facet normal -0.970072 -0.242818 0
    outer loop
      vertex 49.6268 -47.5065 1.4
      vertex 49.6673 -47.6683 -1
      vertex 49.6673 -47.6683 1.4
    endloop
  endfacet
  facet normal -0.941566 -0.33683 0
    outer loop
      vertex 49.6268 -47.5065 -1
      vertex 49.5706 -47.3494 1.4
      vertex 49.5706 -47.3494 -1
    endloop
  endfacet
  facet normal -0.941566 -0.33683 0
    outer loop
      vertex 49.5706 -47.3494 1.4
      vertex 49.6268 -47.5065 -1
      vertex 49.6268 -47.5065 1.4
    endloop
  endfacet
  facet normal -0.741024 -0.671478 0
    outer loop
      vertex 49.3141 -46.9215 -1
      vertex 49.2021 -46.7979 1.4
      vertex 49.2021 -46.7979 -1
    endloop
  endfacet
  facet normal -0.741024 -0.671478 0
    outer loop
      vertex 49.2021 -46.7979 1.4
      vertex 49.3141 -46.9215 -1
      vertex 49.3141 -46.9215 1.4
    endloop
  endfacet
  facet normal -0.803154 -0.595772 0
    outer loop
      vertex 49.4135 -47.0555 -1
      vertex 49.3141 -46.9215 1.4
      vertex 49.3141 -46.9215 -1
    endloop
  endfacet
  facet normal -0.803154 -0.595772 0
    outer loop
      vertex 49.3141 -46.9215 1.4
      vertex 49.4135 -47.0555 -1
      vertex 49.4135 -47.0555 1.4
    endloop
  endfacet
  facet normal -0.671478 -0.741024 0
    outer loop
      vertex 49.0785 -46.6859 -1
      vertex 49.2021 -46.7979 1.4
      vertex 49.0785 -46.6859 1.4
    endloop
  endfacet
  facet normal -0.671478 -0.741024 -0
    outer loop
      vertex 49.2021 -46.7979 1.4
      vertex 49.0785 -46.6859 -1
      vertex 49.2021 -46.7979 -1
    endloop
  endfacet
  facet normal -0.514231 -0.857652 0
    outer loop
      vertex 48.8014 -46.5007 -1
      vertex 48.9445 -46.5865 1.4
      vertex 48.8014 -46.5007 1.4
    endloop
  endfacet
  facet normal -0.514231 -0.857652 -0
    outer loop
      vertex 48.9445 -46.5865 1.4
      vertex 48.8014 -46.5007 -1
      vertex 48.9445 -46.5865 -1
    endloop
  endfacet
  facet normal -0.0491602 -0.998791 0
    outer loop
      vertex 48 -46.3 -1
      vertex 48.1666 -46.3082 1.4
      vertex 48 -46.3 1.4
    endloop
  endfacet
  facet normal -0.0491602 -0.998791 -0
    outer loop
      vertex 48.1666 -46.3082 1.4
      vertex 48 -46.3 -1
      vertex 48.1666 -46.3082 -1
    endloop
  endfacet
  facet normal -0.33683 -0.941566 0
    outer loop
      vertex 48.4935 -46.3732 -1
      vertex 48.6506 -46.4294 1.4
      vertex 48.4935 -46.3732 1.4
    endloop
  endfacet
  facet normal -0.33683 -0.941566 -0
    outer loop
      vertex 48.6506 -46.4294 1.4
      vertex 48.4935 -46.3732 -1
      vertex 48.6506 -46.4294 -1
    endloop
  endfacet
  facet normal -0.242818 -0.970072 0
    outer loop
      vertex 48.3317 -46.3327 -1
      vertex 48.4935 -46.3732 1.4
      vertex 48.3317 -46.3327 1.4
    endloop
  endfacet
  facet normal -0.242818 -0.970072 -0
    outer loop
      vertex 48.4935 -46.3732 1.4
      vertex 48.3317 -46.3327 -1
      vertex 48.4935 -46.3732 -1
    endloop
  endfacet
  facet normal 0.998791 -0.0491602 0
    outer loop
      vertex 46.3 -48 1.4
      vertex 46.3082 -47.8334 -1
      vertex 46.3082 -47.8334 1.4
    endloop
  endfacet
  facet normal 0.998791 -0.0491602 0
    outer loop
      vertex 46.3082 -47.8334 -1
      vertex 46.3 -48 1.4
      vertex 46.3 -48 -1
    endloop
  endfacet
  facet normal 0.941566 -0.33683 0
    outer loop
      vertex 46.3732 -47.5065 1.4
      vertex 46.4294 -47.3494 -1
      vertex 46.4294 -47.3494 1.4
    endloop
  endfacet
  facet normal 0.941566 -0.33683 0
    outer loop
      vertex 46.4294 -47.3494 -1
      vertex 46.3732 -47.5065 1.4
      vertex 46.3732 -47.5065 -1
    endloop
  endfacet
  facet normal 0.970072 -0.242818 0
    outer loop
      vertex 46.3327 -47.6683 1.4
      vertex 46.3732 -47.5065 -1
      vertex 46.3732 -47.5065 1.4
    endloop
  endfacet
  facet normal 0.970072 -0.242818 0
    outer loop
      vertex 46.3732 -47.5065 -1
      vertex 46.3327 -47.6683 1.4
      vertex 46.3327 -47.6683 -1
    endloop
  endfacet
  facet normal 0.857652 -0.514231 0
    outer loop
      vertex 46.5007 -47.1986 1.4
      vertex 46.5865 -47.0555 -1
      vertex 46.5865 -47.0555 1.4
    endloop
  endfacet
  facet normal 0.857652 -0.514231 0
    outer loop
      vertex 46.5865 -47.0555 -1
      vertex 46.5007 -47.1986 1.4
      vertex 46.5007 -47.1986 -1
    endloop
  endfacet
  facet normal 0.803154 -0.595772 0
    outer loop
      vertex 46.5865 -47.0555 1.4
      vertex 46.6859 -46.9215 -1
      vertex 46.6859 -46.9215 1.4
    endloop
  endfacet
  facet normal 0.803154 -0.595772 0
    outer loop
      vertex 46.6859 -46.9215 -1
      vertex 46.5865 -47.0555 1.4
      vertex 46.5865 -47.0555 -1
    endloop
  endfacet
  facet normal 0.242818 -0.970072 0
    outer loop
      vertex 47.5065 -46.3732 -1
      vertex 47.6683 -46.3327 1.4
      vertex 47.5065 -46.3732 1.4
    endloop
  endfacet
  facet normal 0.242818 -0.970072 0
    outer loop
      vertex 47.6683 -46.3327 1.4
      vertex 47.5065 -46.3732 -1
      vertex 47.6683 -46.3327 -1
    endloop
  endfacet
  facet normal 0.0491602 -0.998791 0
    outer loop
      vertex 47.8334 -46.3082 -1
      vertex 48 -46.3 1.4
      vertex 47.8334 -46.3082 1.4
    endloop
  endfacet
  facet normal 0.0491602 -0.998791 0
    outer loop
      vertex 48 -46.3 1.4
      vertex 47.8334 -46.3082 -1
      vertex 48 -46.3 -1
    endloop
  endfacet
  facet normal 0.514231 -0.857652 0
    outer loop
      vertex 47.0555 -46.5865 -1
      vertex 47.1986 -46.5007 1.4
      vertex 47.0555 -46.5865 1.4
    endloop
  endfacet
  facet normal 0.514231 -0.857652 0
    outer loop
      vertex 47.1986 -46.5007 1.4
      vertex 47.0555 -46.5865 -1
      vertex 47.1986 -46.5007 -1
    endloop
  endfacet
  facet normal 0.595772 -0.803154 0
    outer loop
      vertex 46.9215 -46.6859 -1
      vertex 47.0555 -46.5865 1.4
      vertex 46.9215 -46.6859 1.4
    endloop
  endfacet
  facet normal 0.595772 -0.803154 0
    outer loop
      vertex 47.0555 -46.5865 1.4
      vertex 46.9215 -46.6859 -1
      vertex 47.0555 -46.5865 -1
    endloop
  endfacet
  facet normal 0.427442 -0.904043 0
    outer loop
      vertex 47.1986 -46.5007 -1
      vertex 47.3494 -46.4294 1.4
      vertex 47.1986 -46.5007 1.4
    endloop
  endfacet
  facet normal 0.427442 -0.904043 0
    outer loop
      vertex 47.3494 -46.4294 1.4
      vertex 47.1986 -46.5007 -1
      vertex 47.3494 -46.4294 -1
    endloop
  endfacet
  facet normal 0.671478 -0.741024 0
    outer loop
      vertex 46.7979 -46.7979 -1
      vertex 46.9215 -46.6859 1.4
      vertex 46.7979 -46.7979 1.4
    endloop
  endfacet
  facet normal 0.671478 -0.741024 0
    outer loop
      vertex 46.9215 -46.6859 1.4
      vertex 46.7979 -46.7979 -1
      vertex 46.9215 -46.6859 -1
    endloop
  endfacet
  facet normal -0.998791 -0.0491602 0
    outer loop
      vertex 49.7 -48 -1
      vertex 49.6918 -47.8334 1.4
      vertex 49.6918 -47.8334 -1
    endloop
  endfacet
  facet normal -0.998791 -0.0491602 0
    outer loop
      vertex 49.6918 -47.8334 1.4
      vertex 49.7 -48 -1
      vertex 49.7 -48 1.4
    endloop
  endfacet
  facet normal -0.0491602 0.998791 0
    outer loop
      vertex 48.1666 -49.6918 -1
      vertex 48 -49.7 1.4
      vertex 48.1666 -49.6918 1.4
    endloop
  endfacet
  facet normal -0.0491602 0.998791 0
    outer loop
      vertex 48 -49.7 1.4
      vertex 48.1666 -49.6918 -1
      vertex 48 -49.7 -1
    endloop
  endfacet
  facet normal -0.970072 0.242818 0
    outer loop
      vertex 49.6268 -48.4935 -1
      vertex 49.6673 -48.3317 1.4
      vertex 49.6673 -48.3317 -1
    endloop
  endfacet
  facet normal -0.970072 0.242818 0
    outer loop
      vertex 49.6673 -48.3317 1.4
      vertex 49.6268 -48.4935 -1
      vertex 49.6268 -48.4935 1.4
    endloop
  endfacet
  facet normal -0.904043 0.427442 0
    outer loop
      vertex 49.4993 -48.8014 -1
      vertex 49.5706 -48.6506 1.4
      vertex 49.5706 -48.6506 -1
    endloop
  endfacet
  facet normal -0.904043 0.427442 0
    outer loop
      vertex 49.5706 -48.6506 1.4
      vertex 49.4993 -48.8014 -1
      vertex 49.4993 -48.8014 1.4
    endloop
  endfacet
  facet normal -0.146788 0.989168 0
    outer loop
      vertex 48.3317 -49.6673 -1
      vertex 48.1666 -49.6918 1.4
      vertex 48.3317 -49.6673 1.4
    endloop
  endfacet
  facet normal -0.146788 0.989168 0
    outer loop
      vertex 48.1666 -49.6918 1.4
      vertex 48.3317 -49.6673 -1
      vertex 48.1666 -49.6918 -1
    endloop
  endfacet
  facet normal -0.671478 0.741024 0
    outer loop
      vertex 49.2021 -49.2021 -1
      vertex 49.0785 -49.3141 1.4
      vertex 49.2021 -49.2021 1.4
    endloop
  endfacet
  facet normal -0.671478 0.741024 0
    outer loop
      vertex 49.0785 -49.3141 1.4
      vertex 49.2021 -49.2021 -1
      vertex 49.0785 -49.3141 -1
    endloop
  endfacet
  facet normal -0.514231 0.857652 0
    outer loop
      vertex 48.9445 -49.4135 -1
      vertex 48.8014 -49.4993 1.4
      vertex 48.9445 -49.4135 1.4
    endloop
  endfacet
  facet normal -0.514231 0.857652 0
    outer loop
      vertex 48.8014 -49.4993 1.4
      vertex 48.9445 -49.4135 -1
      vertex 48.8014 -49.4993 -1
    endloop
  endfacet
  facet normal 0.0491602 0.998791 -0
    outer loop
      vertex 48 -49.7 -1
      vertex 47.8334 -49.6918 1.4
      vertex 48 -49.7 1.4
    endloop
  endfacet
  facet normal 0.0491602 0.998791 0
    outer loop
      vertex 47.8334 -49.6918 1.4
      vertex 48 -49.7 -1
      vertex 47.8334 -49.6918 -1
    endloop
  endfacet
  facet normal 0.33683 0.941566 -0
    outer loop
      vertex 47.5065 -49.6268 -1
      vertex 47.3494 -49.5706 1.4
      vertex 47.5065 -49.6268 1.4
    endloop
  endfacet
  facet normal 0.33683 0.941566 0
    outer loop
      vertex 47.3494 -49.5706 1.4
      vertex 47.5065 -49.6268 -1
      vertex 47.3494 -49.5706 -1
    endloop
  endfacet
  facet normal 0.514231 0.857652 -0
    outer loop
      vertex 47.1986 -49.4993 -1
      vertex 47.0555 -49.4135 1.4
      vertex 47.1986 -49.4993 1.4
    endloop
  endfacet
  facet normal 0.514231 0.857652 0
    outer loop
      vertex 47.0555 -49.4135 1.4
      vertex 47.1986 -49.4993 -1
      vertex 47.0555 -49.4135 -1
    endloop
  endfacet
  facet normal 0.970072 0.242818 0
    outer loop
      vertex 46.3732 -48.4935 1.4
      vertex 46.3327 -48.3317 -1
      vertex 46.3327 -48.3317 1.4
    endloop
  endfacet
  facet normal 0.970072 0.242818 0
    outer loop
      vertex 46.3327 -48.3317 -1
      vertex 46.3732 -48.4935 1.4
      vertex 46.3732 -48.4935 -1
    endloop
  endfacet
  facet normal 0.998791 0.0491602 0
    outer loop
      vertex 46.3082 -48.1666 1.4
      vertex 46.3 -48 -1
      vertex 46.3 -48 1.4
    endloop
  endfacet
  facet normal 0.998791 0.0491602 0
    outer loop
      vertex 46.3 -48 -1
      vertex 46.3082 -48.1666 1.4
      vertex 46.3082 -48.1666 -1
    endloop
  endfacet
  facet normal 0.803154 0.595772 0
    outer loop
      vertex 46.6859 -49.0785 1.4
      vertex 46.5865 -48.9445 -1
      vertex 46.5865 -48.9445 1.4
    endloop
  endfacet
  facet normal 0.803154 0.595772 0
    outer loop
      vertex 46.5865 -48.9445 -1
      vertex 46.6859 -49.0785 1.4
      vertex 46.6859 -49.0785 -1
    endloop
  endfacet
  facet normal 0.857652 0.514231 0
    outer loop
      vertex 46.5865 -48.9445 1.4
      vertex 46.5007 -48.8014 -1
      vertex 46.5007 -48.8014 1.4
    endloop
  endfacet
  facet normal 0.857652 0.514231 0
    outer loop
      vertex 46.5007 -48.8014 -1
      vertex 46.5865 -48.9445 1.4
      vertex 46.5865 -48.9445 -1
    endloop
  endfacet
  facet normal 0.904043 0.427442 0
    outer loop
      vertex 46.5007 -48.8014 1.4
      vertex 46.4294 -48.6506 -1
      vertex 46.4294 -48.6506 1.4
    endloop
  endfacet
  facet normal 0.904043 0.427442 0
    outer loop
      vertex 46.4294 -48.6506 -1
      vertex 46.5007 -48.8014 1.4
      vertex 46.5007 -48.8014 -1
    endloop
  endfacet
  facet normal -0.989168 0.146788 0
    outer loop
      vertex 49.6673 -48.3317 -1
      vertex 49.6918 -48.1666 1.4
      vertex 49.6918 -48.1666 -1
    endloop
  endfacet
  facet normal -0.989168 0.146788 0
    outer loop
      vertex 49.6918 -48.1666 1.4
      vertex 49.6673 -48.3317 -1
      vertex 49.6673 -48.3317 1.4
    endloop
  endfacet
  facet normal -0.803154 0.595772 0
    outer loop
      vertex 49.3141 -49.0785 -1
      vertex 49.4135 -48.9445 1.4
      vertex 49.4135 -48.9445 -1
    endloop
  endfacet
  facet normal -0.803154 0.595772 0
    outer loop
      vertex 49.4135 -48.9445 1.4
      vertex 49.3141 -49.0785 -1
      vertex 49.3141 -49.0785 1.4
    endloop
  endfacet
  facet normal -0.857652 0.514231 0
    outer loop
      vertex 49.4135 -48.9445 -1
      vertex 49.4993 -48.8014 1.4
      vertex 49.4993 -48.8014 -1
    endloop
  endfacet
  facet normal -0.857652 0.514231 0
    outer loop
      vertex 49.4993 -48.8014 1.4
      vertex 49.4135 -48.9445 -1
      vertex 49.4135 -48.9445 1.4
    endloop
  endfacet
  facet normal -0.242818 0.970072 0
    outer loop
      vertex 48.4935 -49.6268 -1
      vertex 48.3317 -49.6673 1.4
      vertex 48.4935 -49.6268 1.4
    endloop
  endfacet
  facet normal -0.242818 0.970072 0
    outer loop
      vertex 48.3317 -49.6673 1.4
      vertex 48.4935 -49.6268 -1
      vertex 48.3317 -49.6673 -1
    endloop
  endfacet
  facet normal -0.427442 0.904043 0
    outer loop
      vertex 48.8014 -49.4993 -1
      vertex 48.6506 -49.5706 1.4
      vertex 48.8014 -49.4993 1.4
    endloop
  endfacet
  facet normal -0.427442 0.904043 0
    outer loop
      vertex 48.6506 -49.5706 1.4
      vertex 48.8014 -49.4993 -1
      vertex 48.6506 -49.5706 -1
    endloop
  endfacet
  facet normal -0.33683 0.941566 0
    outer loop
      vertex 48.6506 -49.5706 -1
      vertex 48.4935 -49.6268 1.4
      vertex 48.6506 -49.5706 1.4
    endloop
  endfacet
  facet normal -0.33683 0.941566 0
    outer loop
      vertex 48.4935 -49.6268 1.4
      vertex 48.6506 -49.5706 -1
      vertex 48.4935 -49.6268 -1
    endloop
  endfacet
  facet normal -0.741024 0.671478 0
    outer loop
      vertex 49.2021 -49.2021 -1
      vertex 49.3141 -49.0785 1.4
      vertex 49.3141 -49.0785 -1
    endloop
  endfacet
  facet normal -0.741024 0.671478 0
    outer loop
      vertex 49.3141 -49.0785 1.4
      vertex 49.2021 -49.2021 -1
      vertex 49.2021 -49.2021 1.4
    endloop
  endfacet
  facet normal -0.595772 0.803154 0
    outer loop
      vertex 49.0785 -49.3141 -1
      vertex 48.9445 -49.4135 1.4
      vertex 49.0785 -49.3141 1.4
    endloop
  endfacet
  facet normal -0.595772 0.803154 0
    outer loop
      vertex 48.9445 -49.4135 1.4
      vertex 49.0785 -49.3141 -1
      vertex 48.9445 -49.4135 -1
    endloop
  endfacet
  facet normal 0.242818 0.970072 -0
    outer loop
      vertex 47.6683 -49.6673 -1
      vertex 47.5065 -49.6268 1.4
      vertex 47.6683 -49.6673 1.4
    endloop
  endfacet
  facet normal 0.242818 0.970072 0
    outer loop
      vertex 47.5065 -49.6268 1.4
      vertex 47.6683 -49.6673 -1
      vertex 47.5065 -49.6268 -1
    endloop
  endfacet
  facet normal 0.427442 0.904043 -0
    outer loop
      vertex 47.3494 -49.5706 -1
      vertex 47.1986 -49.4993 1.4
      vertex 47.3494 -49.5706 1.4
    endloop
  endfacet
  facet normal 0.427442 0.904043 0
    outer loop
      vertex 47.1986 -49.4993 1.4
      vertex 47.3494 -49.5706 -1
      vertex 47.1986 -49.4993 -1
    endloop
  endfacet
  facet normal 0.595772 0.803154 -0
    outer loop
      vertex 47.0555 -49.4135 -1
      vertex 46.9215 -49.3141 1.4
      vertex 47.0555 -49.4135 1.4
    endloop
  endfacet
  facet normal 0.595772 0.803154 0
    outer loop
      vertex 46.9215 -49.3141 1.4
      vertex 47.0555 -49.4135 -1
      vertex 46.9215 -49.3141 -1
    endloop
  endfacet
  facet normal 0.941566 0.33683 0
    outer loop
      vertex 46.4294 -48.6506 1.4
      vertex 46.3732 -48.4935 -1
      vertex 46.3732 -48.4935 1.4
    endloop
  endfacet
  facet normal 0.941566 0.33683 0
    outer loop
      vertex 46.3732 -48.4935 -1
      vertex 46.4294 -48.6506 1.4
      vertex 46.4294 -48.6506 -1
    endloop
  endfacet
  facet normal 0.989168 0.146788 0
    outer loop
      vertex 46.3327 -48.3317 1.4
      vertex 46.3082 -48.1666 -1
      vertex 46.3082 -48.1666 1.4
    endloop
  endfacet
  facet normal 0.989168 0.146788 0
    outer loop
      vertex 46.3082 -48.1666 -1
      vertex 46.3327 -48.3317 1.4
      vertex 46.3327 -48.3317 -1
    endloop
  endfacet
  facet normal -0.941566 0.33683 0
    outer loop
      vertex 49.5706 -48.6506 -1
      vertex 49.6268 -48.4935 1.4
      vertex 49.6268 -48.4935 -1
    endloop
  endfacet
  facet normal -0.941566 0.33683 0
    outer loop
      vertex 49.6268 -48.4935 1.4
      vertex 49.5706 -48.6506 -1
      vertex 49.5706 -48.6506 1.4
    endloop
  endfacet
  facet normal -0.857783 -0.514012 0
    outer loop
      vertex 50.734 -46.5387 1.4
      vertex 50.5776 -46.2777 3
      vertex 50.5776 -46.2777 1.4
    endloop
  endfacet
  facet normal -0.857783 -0.514012 0
    outer loop
      vertex 50.5776 -46.2777 3
      vertex 50.734 -46.5387 1.4
      vertex 50.734 -46.5387 3
    endloop
  endfacet
  facet normal -0.336961 -0.941519 0
    outer loop
      vertex 48.8999 -45.0335 1.4
      vertex 49.1863 -45.136 3
      vertex 48.8999 -45.0335 3
    endloop
  endfacet
  facet normal -0.336961 -0.941519 -0
    outer loop
      vertex 49.1863 -45.136 3
      vertex 48.8999 -45.0335 1.4
      vertex 49.1863 -45.136 1.4
    endloop
  endfacet
  facet normal 0.336961 -0.941519 0
    outer loop
      vertex 46.8137 -45.136 1.4
      vertex 47.1001 -45.0335 3
      vertex 46.8137 -45.136 3
    endloop
  endfacet
  facet normal 0.336961 -0.941519 0
    outer loop
      vertex 47.1001 -45.0335 3
      vertex 46.8137 -45.136 1.4
      vertex 47.1001 -45.0335 1.4
    endloop
  endfacet
  facet normal 0.904072 -0.42738 0
    outer loop
      vertex 45.136 -46.8137 3
      vertex 45.266 -46.5387 1.4
      vertex 45.266 -46.5387 3
    endloop
  endfacet
  facet normal 0.904072 -0.42738 0
    outer loop
      vertex 45.266 -46.5387 1.4
      vertex 45.136 -46.8137 3
      vertex 45.136 -46.8137 1.4
    endloop
  endfacet
  facet normal -0.9988 0.0489705 0
    outer loop
      vertex 51.0851 -48.3039 1.4
      vertex 51.1 -48 3
      vertex 51.1 -48 1.4
    endloop
  endfacet
  facet normal -0.9988 0.0489705 0
    outer loop
      vertex 51.1 -48 3
      vertex 51.0851 -48.3039 1.4
      vertex 51.0851 -48.3039 3
    endloop
  endfacet
  facet normal -0.514012 -0.857783 0
    outer loop
      vertex 49.4613 -45.266 1.4
      vertex 49.7223 -45.4224 3
      vertex 49.4613 -45.266 3
    endloop
  endfacet
  facet normal -0.514012 -0.857783 -0
    outer loop
      vertex 49.7223 -45.4224 3
      vertex 49.4613 -45.266 1.4
      vertex 49.7223 -45.4224 1.4
    endloop
  endfacet
  facet normal 0.989145 -0.146942 0
    outer loop
      vertex 44.9149 -47.6961 3
      vertex 44.9596 -47.3952 1.4
      vertex 44.9596 -47.3952 3
    endloop
  endfacet
  facet normal 0.989145 -0.146942 0
    outer loop
      vertex 44.9596 -47.3952 1.4
      vertex 44.9149 -47.6961 3
      vertex 44.9149 -47.6961 1.4
    endloop
  endfacet
  facet normal 0.740936 -0.671576 0
    outer loop
      vertex 45.6037 -46.0334 3
      vertex 45.808 -45.808 1.4
      vertex 45.808 -45.808 3
    endloop
  endfacet
  facet normal 0.740936 -0.671576 0
    outer loop
      vertex 45.808 -45.808 1.4
      vertex 45.6037 -46.0334 3
      vertex 45.6037 -46.0334 1.4
    endloop
  endfacet
  facet normal 0.242922 -0.970046 0
    outer loop
      vertex 47.1001 -45.0335 1.4
      vertex 47.3952 -44.9596 3
      vertex 47.1001 -45.0335 3
    endloop
  endfacet
  facet normal 0.242922 -0.970046 0
    outer loop
      vertex 47.3952 -44.9596 3
      vertex 47.1001 -45.0335 1.4
      vertex 47.3952 -44.9596 1.4
    endloop
  endfacet
  facet normal -0.514012 0.857783 0
    outer loop
      vertex 49.7223 -50.5776 1.4
      vertex 49.4613 -50.734 3
      vertex 49.7223 -50.5776 3
    endloop
  endfacet
  facet normal -0.514012 0.857783 0
    outer loop
      vertex 49.4613 -50.734 3
      vertex 49.7223 -50.5776 1.4
      vertex 49.4613 -50.734 1.4
    endloop
  endfacet
  facet normal 0.904072 0.42738 0
    outer loop
      vertex 45.266 -49.4613 3
      vertex 45.136 -49.1863 1.4
      vertex 45.136 -49.1863 3
    endloop
  endfacet
  facet normal 0.904072 0.42738 0
    outer loop
      vertex 45.136 -49.1863 1.4
      vertex 45.266 -49.4613 3
      vertex 45.266 -49.4613 1.4
    endloop
  endfacet
  facet normal -0.989145 -0.146942 0
    outer loop
      vertex 51.0851 -47.6961 1.4
      vertex 51.0404 -47.3952 3
      vertex 51.0404 -47.3952 1.4
    endloop
  endfacet
  facet normal -0.989145 -0.146942 0
    outer loop
      vertex 51.0404 -47.3952 3
      vertex 51.0851 -47.6961 1.4
      vertex 51.0851 -47.6961 3
    endloop
  endfacet
  facet normal -0.803027 -0.595943 0
    outer loop
      vertex 50.5776 -46.2777 1.4
      vertex 50.3963 -46.0334 3
      vertex 50.3963 -46.0334 1.4
    endloop
  endfacet
  facet normal -0.803027 -0.595943 0
    outer loop
      vertex 50.3963 -46.0334 3
      vertex 50.5776 -46.2777 1.4
      vertex 50.5776 -46.2777 3
    endloop
  endfacet
  facet normal -0.671576 -0.740936 0
    outer loop
      vertex 49.9666 -45.6037 1.4
      vertex 50.192 -45.808 3
      vertex 49.9666 -45.6037 3
    endloop
  endfacet
  facet normal -0.671576 -0.740936 -0
    outer loop
      vertex 50.192 -45.808 3
      vertex 49.9666 -45.6037 1.4
      vertex 50.192 -45.808 1.4
    endloop
  endfacet
  facet normal 0.0489705 -0.9988 0
    outer loop
      vertex 47.6961 -44.9149 1.4
      vertex 48 -44.9 3
      vertex 47.6961 -44.9149 3
    endloop
  endfacet
  facet normal 0.0489705 -0.9988 0
    outer loop
      vertex 48 -44.9 3
      vertex 47.6961 -44.9149 1.4
      vertex 48 -44.9 1.4
    endloop
  endfacet
  facet normal -0.242922 -0.970046 0
    outer loop
      vertex 48.6048 -44.9596 1.4
      vertex 48.8999 -45.0335 3
      vertex 48.6048 -44.9596 3
    endloop
  endfacet
  facet normal -0.242922 -0.970046 -0
    outer loop
      vertex 48.8999 -45.0335 3
      vertex 48.6048 -44.9596 1.4
      vertex 48.8999 -45.0335 1.4
    endloop
  endfacet
  facet normal -0.146942 -0.989145 0
    outer loop
      vertex 48.3039 -44.9149 1.4
      vertex 48.6048 -44.9596 3
      vertex 48.3039 -44.9149 3
    endloop
  endfacet
  facet normal -0.146942 -0.989145 -0
    outer loop
      vertex 48.6048 -44.9596 3
      vertex 48.3039 -44.9149 1.4
      vertex 48.6048 -44.9596 1.4
    endloop
  endfacet
  facet normal -0.42738 -0.904072 0
    outer loop
      vertex 49.1863 -45.136 1.4
      vertex 49.4613 -45.266 3
      vertex 49.1863 -45.136 3
    endloop
  endfacet
  facet normal -0.42738 -0.904072 -0
    outer loop
      vertex 49.4613 -45.266 3
      vertex 49.1863 -45.136 1.4
      vertex 49.4613 -45.266 1.4
    endloop
  endfacet
  facet normal -0.595943 -0.803027 0
    outer loop
      vertex 49.7223 -45.4224 1.4
      vertex 49.9666 -45.6037 3
      vertex 49.7223 -45.4224 3
    endloop
  endfacet
  facet normal -0.595943 -0.803027 -0
    outer loop
      vertex 49.9666 -45.6037 3
      vertex 49.7223 -45.4224 1.4
      vertex 49.9666 -45.6037 1.4
    endloop
  endfacet
  facet normal 0.9988 -0.0489705 0
    outer loop
      vertex 44.9 -48 3
      vertex 44.9149 -47.6961 1.4
      vertex 44.9149 -47.6961 3
    endloop
  endfacet
  facet normal 0.9988 -0.0489705 0
    outer loop
      vertex 44.9149 -47.6961 1.4
      vertex 44.9 -48 3
      vertex 44.9 -48 1.4
    endloop
  endfacet
  facet normal 0.941519 -0.336961 0
    outer loop
      vertex 45.0335 -47.1001 3
      vertex 45.136 -46.8137 1.4
      vertex 45.136 -46.8137 3
    endloop
  endfacet
  facet normal 0.941519 -0.336961 0
    outer loop
      vertex 45.136 -46.8137 1.4
      vertex 45.0335 -47.1001 3
      vertex 45.0335 -47.1001 1.4
    endloop
  endfacet
  facet normal 0.970046 -0.242922 0
    outer loop
      vertex 44.9596 -47.3952 3
      vertex 45.0335 -47.1001 1.4
      vertex 45.0335 -47.1001 3
    endloop
  endfacet
  facet normal 0.970046 -0.242922 0
    outer loop
      vertex 45.0335 -47.1001 1.4
      vertex 44.9596 -47.3952 3
      vertex 44.9596 -47.3952 1.4
    endloop
  endfacet
  facet normal 0.857783 -0.514012 0
    outer loop
      vertex 45.266 -46.5387 3
      vertex 45.4224 -46.2777 1.4
      vertex 45.4224 -46.2777 3
    endloop
  endfacet
  facet normal 0.857783 -0.514012 0
    outer loop
      vertex 45.4224 -46.2777 1.4
      vertex 45.266 -46.5387 3
      vertex 45.266 -46.5387 1.4
    endloop
  endfacet
  facet normal 0.803027 -0.595943 0
    outer loop
      vertex 45.4224 -46.2777 3
      vertex 45.6037 -46.0334 1.4
      vertex 45.6037 -46.0334 3
    endloop
  endfacet
  facet normal 0.803027 -0.595943 0
    outer loop
      vertex 45.6037 -46.0334 1.4
      vertex 45.4224 -46.2777 3
      vertex 45.4224 -46.2777 1.4
    endloop
  endfacet
  facet normal 0.146942 -0.989145 0
    outer loop
      vertex 47.3952 -44.9596 1.4
      vertex 47.6961 -44.9149 3
      vertex 47.3952 -44.9596 3
    endloop
  endfacet
  facet normal 0.146942 -0.989145 0
    outer loop
      vertex 47.6961 -44.9149 3
      vertex 47.3952 -44.9596 1.4
      vertex 47.6961 -44.9149 1.4
    endloop
  endfacet
  facet normal 0.514012 -0.857783 0
    outer loop
      vertex 46.2777 -45.4224 1.4
      vertex 46.5387 -45.266 3
      vertex 46.2777 -45.4224 3
    endloop
  endfacet
  facet normal 0.514012 -0.857783 0
    outer loop
      vertex 46.5387 -45.266 3
      vertex 46.2777 -45.4224 1.4
      vertex 46.5387 -45.266 1.4
    endloop
  endfacet
  facet normal 0.595943 -0.803027 0
    outer loop
      vertex 46.0334 -45.6037 1.4
      vertex 46.2777 -45.4224 3
      vertex 46.0334 -45.6037 3
    endloop
  endfacet
  facet normal 0.595943 -0.803027 0
    outer loop
      vertex 46.2777 -45.4224 3
      vertex 46.0334 -45.6037 1.4
      vertex 46.2777 -45.4224 1.4
    endloop
  endfacet
  facet normal 0.42738 -0.904072 0
    outer loop
      vertex 46.5387 -45.266 1.4
      vertex 46.8137 -45.136 3
      vertex 46.5387 -45.266 3
    endloop
  endfacet
  facet normal 0.42738 -0.904072 0
    outer loop
      vertex 46.8137 -45.136 3
      vertex 46.5387 -45.266 1.4
      vertex 46.8137 -45.136 1.4
    endloop
  endfacet
  facet normal 0.671576 -0.740936 0
    outer loop
      vertex 45.808 -45.808 1.4
      vertex 46.0334 -45.6037 3
      vertex 45.808 -45.808 3
    endloop
  endfacet
  facet normal 0.671576 -0.740936 0
    outer loop
      vertex 46.0334 -45.6037 3
      vertex 45.808 -45.808 1.4
      vertex 46.0334 -45.6037 1.4
    endloop
  endfacet
  facet normal -0.9988 -0.0489705 0
    outer loop
      vertex 51.1 -48 1.4
      vertex 51.0851 -47.6961 3
      vertex 51.0851 -47.6961 1.4
    endloop
  endfacet
  facet normal -0.9988 -0.0489705 0
    outer loop
      vertex 51.0851 -47.6961 3
      vertex 51.1 -48 1.4
      vertex 51.1 -48 3
    endloop
  endfacet
  facet normal -0.970046 0.242922 0
    outer loop
      vertex 50.9665 -48.8999 1.4
      vertex 51.0404 -48.6048 3
      vertex 51.0404 -48.6048 1.4
    endloop
  endfacet
  facet normal -0.970046 0.242922 0
    outer loop
      vertex 51.0404 -48.6048 3
      vertex 50.9665 -48.8999 1.4
      vertex 50.9665 -48.8999 3
    endloop
  endfacet
  facet normal -0.42738 0.904072 0
    outer loop
      vertex 49.4613 -50.734 1.4
      vertex 49.1863 -50.864 3
      vertex 49.4613 -50.734 3
    endloop
  endfacet
  facet normal -0.42738 0.904072 0
    outer loop
      vertex 49.1863 -50.864 3
      vertex 49.4613 -50.734 1.4
      vertex 49.1863 -50.864 1.4
    endloop
  endfacet
  facet normal -0.904072 -0.42738 0
    outer loop
      vertex 50.864 -46.8137 1.4
      vertex 50.734 -46.5387 3
      vertex 50.734 -46.5387 1.4
    endloop
  endfacet
  facet normal -0.904072 -0.42738 0
    outer loop
      vertex 50.734 -46.5387 3
      vertex 50.864 -46.8137 1.4
      vertex 50.864 -46.8137 3
    endloop
  endfacet
  facet normal -0.941519 -0.336961 0
    outer loop
      vertex 50.9665 -47.1001 1.4
      vertex 50.864 -46.8137 3
      vertex 50.864 -46.8137 1.4
    endloop
  endfacet
  facet normal -0.941519 -0.336961 0
    outer loop
      vertex 50.864 -46.8137 3
      vertex 50.9665 -47.1001 1.4
      vertex 50.9665 -47.1001 3
    endloop
  endfacet
  facet normal -0.970046 -0.242922 0
    outer loop
      vertex 51.0404 -47.3952 1.4
      vertex 50.9665 -47.1001 3
      vertex 50.9665 -47.1001 1.4
    endloop
  endfacet
  facet normal -0.970046 -0.242922 0
    outer loop
      vertex 50.9665 -47.1001 3
      vertex 51.0404 -47.3952 1.4
      vertex 51.0404 -47.3952 3
    endloop
  endfacet
  facet normal -0.740936 -0.671576 0
    outer loop
      vertex 50.3963 -46.0334 1.4
      vertex 50.192 -45.808 3
      vertex 50.192 -45.808 1.4
    endloop
  endfacet
  facet normal -0.740936 -0.671576 0
    outer loop
      vertex 50.192 -45.808 3
      vertex 50.3963 -46.0334 1.4
      vertex 50.3963 -46.0334 3
    endloop
  endfacet
  facet normal -0.0489705 -0.9988 0
    outer loop
      vertex 48 -44.9 1.4
      vertex 48.3039 -44.9149 3
      vertex 48 -44.9 3
    endloop
  endfacet
  facet normal -0.0489705 -0.9988 -0
    outer loop
      vertex 48.3039 -44.9149 3
      vertex 48 -44.9 1.4
      vertex 48.3039 -44.9149 1.4
    endloop
  endfacet
  facet normal -0.989145 0.146942 0
    outer loop
      vertex 51.0404 -48.6048 1.4
      vertex 51.0851 -48.3039 3
      vertex 51.0851 -48.3039 1.4
    endloop
  endfacet
  facet normal -0.989145 0.146942 0
    outer loop
      vertex 51.0851 -48.3039 3
      vertex 51.0404 -48.6048 1.4
      vertex 51.0404 -48.6048 3
    endloop
  endfacet
  facet normal -0.941519 0.336961 0
    outer loop
      vertex 50.864 -49.1863 1.4
      vertex 50.9665 -48.8999 3
      vertex 50.9665 -48.8999 1.4
    endloop
  endfacet
  facet normal -0.941519 0.336961 0
    outer loop
      vertex 50.9665 -48.8999 3
      vertex 50.864 -49.1863 1.4
      vertex 50.864 -49.1863 3
    endloop
  endfacet
  facet normal -0.740936 0.671576 0
    outer loop
      vertex 50.192 -50.192 1.4
      vertex 50.3963 -49.9666 3
      vertex 50.3963 -49.9666 1.4
    endloop
  endfacet
  facet normal -0.740936 0.671576 0
    outer loop
      vertex 50.3963 -49.9666 3
      vertex 50.192 -50.192 1.4
      vertex 50.192 -50.192 3
    endloop
  endfacet
  facet normal -0.671576 0.740936 0
    outer loop
      vertex 50.192 -50.192 1.4
      vertex 49.9666 -50.3963 3
      vertex 50.192 -50.192 3
    endloop
  endfacet
  facet normal -0.671576 0.740936 0
    outer loop
      vertex 49.9666 -50.3963 3
      vertex 50.192 -50.192 1.4
      vertex 49.9666 -50.3963 1.4
    endloop
  endfacet
  facet normal -0.904072 0.42738 0
    outer loop
      vertex 50.734 -49.4613 1.4
      vertex 50.864 -49.1863 3
      vertex 50.864 -49.1863 1.4
    endloop
  endfacet
  facet normal -0.904072 0.42738 0
    outer loop
      vertex 50.864 -49.1863 3
      vertex 50.734 -49.4613 1.4
      vertex 50.734 -49.4613 3
    endloop
  endfacet
  facet normal 0.0489705 0.9988 -0
    outer loop
      vertex 48 -51.1 1.4
      vertex 47.6961 -51.0851 3
      vertex 48 -51.1 3
    endloop
  endfacet
  facet normal 0.0489705 0.9988 0
    outer loop
      vertex 47.6961 -51.0851 3
      vertex 48 -51.1 1.4
      vertex 47.6961 -51.0851 1.4
    endloop
  endfacet
  facet normal 0.9988 0.0489705 0
    outer loop
      vertex 44.9149 -48.3039 3
      vertex 44.9 -48 1.4
      vertex 44.9 -48 3
    endloop
  endfacet
  facet normal 0.9988 0.0489705 0
    outer loop
      vertex 44.9 -48 1.4
      vertex 44.9149 -48.3039 3
      vertex 44.9149 -48.3039 1.4
    endloop
  endfacet
  facet normal 0.970046 0.242922 0
    outer loop
      vertex 45.0335 -48.8999 3
      vertex 44.9596 -48.6048 1.4
      vertex 44.9596 -48.6048 3
    endloop
  endfacet
  facet normal 0.970046 0.242922 0
    outer loop
      vertex 44.9596 -48.6048 1.4
      vertex 45.0335 -48.8999 3
      vertex 45.0335 -48.8999 1.4
    endloop
  endfacet
  facet normal -0.146942 0.989145 0
    outer loop
      vertex 48.6048 -51.0404 1.4
      vertex 48.3039 -51.0851 3
      vertex 48.6048 -51.0404 3
    endloop
  endfacet
  facet normal -0.146942 0.989145 0
    outer loop
      vertex 48.3039 -51.0851 3
      vertex 48.6048 -51.0404 1.4
      vertex 48.3039 -51.0851 1.4
    endloop
  endfacet
  facet normal -0.336961 0.941519 0
    outer loop
      vertex 49.1863 -50.864 1.4
      vertex 48.8999 -50.9665 3
      vertex 49.1863 -50.864 3
    endloop
  endfacet
  facet normal -0.336961 0.941519 0
    outer loop
      vertex 48.8999 -50.9665 3
      vertex 49.1863 -50.864 1.4
      vertex 48.8999 -50.9665 1.4
    endloop
  endfacet
  facet normal -0.595943 0.803027 0
    outer loop
      vertex 49.9666 -50.3963 1.4
      vertex 49.7223 -50.5776 3
      vertex 49.9666 -50.3963 3
    endloop
  endfacet
  facet normal -0.595943 0.803027 0
    outer loop
      vertex 49.7223 -50.5776 3
      vertex 49.9666 -50.3963 1.4
      vertex 49.7223 -50.5776 1.4
    endloop
  endfacet
  facet normal -0.803027 0.595943 0
    outer loop
      vertex 50.3963 -49.9666 1.4
      vertex 50.5776 -49.7223 3
      vertex 50.5776 -49.7223 1.4
    endloop
  endfacet
  facet normal -0.803027 0.595943 0
    outer loop
      vertex 50.5776 -49.7223 3
      vertex 50.3963 -49.9666 1.4
      vertex 50.3963 -49.9666 3
    endloop
  endfacet
  facet normal -0.857783 0.514012 0
    outer loop
      vertex 50.5776 -49.7223 1.4
      vertex 50.734 -49.4613 3
      vertex 50.734 -49.4613 1.4
    endloop
  endfacet
  facet normal -0.857783 0.514012 0
    outer loop
      vertex 50.734 -49.4613 3
      vertex 50.5776 -49.7223 1.4
      vertex 50.5776 -49.7223 3
    endloop
  endfacet
  facet normal 0.671576 0.740936 -0
    outer loop
      vertex 46.0334 -50.3963 1.4
      vertex 45.808 -50.192 3
      vertex 46.0334 -50.3963 3
    endloop
  endfacet
  facet normal 0.671576 0.740936 0
    outer loop
      vertex 45.808 -50.192 3
      vertex 46.0334 -50.3963 1.4
      vertex 45.808 -50.192 1.4
    endloop
  endfacet
  facet normal -0.0489705 0.9988 0
    outer loop
      vertex 48.3039 -51.0851 1.4
      vertex 48 -51.1 3
      vertex 48.3039 -51.0851 3
    endloop
  endfacet
  facet normal -0.0489705 0.9988 0
    outer loop
      vertex 48 -51.1 3
      vertex 48.3039 -51.0851 1.4
      vertex 48 -51.1 1.4
    endloop
  endfacet
  facet normal 0.336961 0.941519 -0
    outer loop
      vertex 47.1001 -50.9665 1.4
      vertex 46.8137 -50.864 3
      vertex 47.1001 -50.9665 3
    endloop
  endfacet
  facet normal 0.336961 0.941519 0
    outer loop
      vertex 46.8137 -50.864 3
      vertex 47.1001 -50.9665 1.4
      vertex 46.8137 -50.864 1.4
    endloop
  endfacet
  facet normal 0.242922 0.970046 -0
    outer loop
      vertex 47.3952 -51.0404 1.4
      vertex 47.1001 -50.9665 3
      vertex 47.3952 -51.0404 3
    endloop
  endfacet
  facet normal 0.242922 0.970046 0
    outer loop
      vertex 47.1001 -50.9665 3
      vertex 47.3952 -51.0404 1.4
      vertex 47.1001 -50.9665 1.4
    endloop
  endfacet
  facet normal 0.595943 0.803027 -0
    outer loop
      vertex 46.2777 -50.5776 1.4
      vertex 46.0334 -50.3963 3
      vertex 46.2777 -50.5776 3
    endloop
  endfacet
  facet normal 0.595943 0.803027 0
    outer loop
      vertex 46.0334 -50.3963 3
      vertex 46.2777 -50.5776 1.4
      vertex 46.0334 -50.3963 1.4
    endloop
  endfacet
  facet normal 0 0 1
    outer loop
      vertex 49.7 -48 1.4
      vertex 51.1 -48 1.4
      vertex 51.0851 -47.6961 1.4
    endloop
  endfacet
  facet normal 0 0 1
    outer loop
      vertex 49.6918 -47.8334 1.4
      vertex 51.0851 -47.6961 1.4
      vertex 51.0404 -47.3952 1.4
    endloop
  endfacet
  facet normal 0 0 1
    outer loop
      vertex 51.1 -48 1.4
      vertex 49.7 -48 1.4
      vertex 51.0851 -48.3039 1.4
    endloop
  endfacet
  facet normal 0 0 1
    outer loop
      vertex 49.6673 -47.6683 1.4
      vertex 51.0404 -47.3952 1.4
      vertex 50.9665 -47.1001 1.4
    endloop
  endfacet
  facet normal -0 0 1
    outer loop
      vertex 49.6918 -48.1666 1.4
      vertex 51.0851 -48.3039 1.4
      vertex 49.7 -48 1.4
    endloop
  endfacet
  facet normal 0 0 1
    outer loop
      vertex 49.6268 -47.5065 1.4
      vertex 50.9665 -47.1001 1.4
      vertex 50.864 -46.8137 1.4
    endloop
  endfacet
  facet normal 0 0 1
    outer loop
      vertex 51.0851 -48.3039 1.4
      vertex 49.6918 -48.1666 1.4
      vertex 51.0404 -48.6048 1.4
    endloop
  endfacet
  facet normal 0 0 1
    outer loop
      vertex 49.5706 -47.3494 1.4
      vertex 50.864 -46.8137 1.4
      vertex 50.734 -46.5387 1.4
    endloop
  endfacet
  facet normal -0 0 1
    outer loop
      vertex 49.6673 -48.3317 1.4
      vertex 51.0404 -48.6048 1.4
      vertex 49.6918 -48.1666 1.4
    endloop
  endfacet
  facet normal 0 0 1
    outer loop
      vertex 49.4993 -47.1986 1.4
      vertex 50.734 -46.5387 1.4
      vertex 50.5776 -46.2777 1.4
    endloop
  endfacet
  facet normal 0 0 1
    outer loop
      vertex 51.0404 -48.6048 1.4
      vertex 49.6673 -48.3317 1.4
      vertex 50.9665 -48.8999 1.4
    endloop
  endfacet
  facet normal 0 0 1
    outer loop
      vertex 49.4135 -47.0555 1.4
      vertex 50.5776 -46.2777 1.4
      vertex 50.3963 -46.0334 1.4
    endloop
  endfacet
  facet normal -0 0 1
    outer loop
      vertex 49.6268 -48.4935 1.4
      vertex 50.9665 -48.8999 1.4
      vertex 49.6673 -48.3317 1.4
    endloop
  endfacet
  facet normal 0 0 1
    outer loop
      vertex 49.3141 -46.9215 1.4
      vertex 50.3963 -46.0334 1.4
      vertex 50.192 -45.808 1.4
    endloop
  endfacet
  facet normal 0 0 1
    outer loop
      vertex 50.9665 -48.8999 1.4
      vertex 49.6268 -48.4935 1.4
      vertex 50.864 -49.1863 1.4
    endloop
  endfacet
  facet normal 0 0 1
    outer loop
      vertex 49.2021 -46.7979 1.4
      vertex 50.192 -45.808 1.4
      vertex 49.9666 -45.6037 1.4
    endloop
  endfacet
  facet normal -0 0 1
    outer loop
      vertex 49.5706 -48.6506 1.4
      vertex 50.864 -49.1863 1.4
      vertex 49.6268 -48.4935 1.4
    endloop
  endfacet
  facet normal 0 0 1
    outer loop
      vertex 49.0785 -46.6859 1.4
      vertex 49.9666 -45.6037 1.4
      vertex 49.7223 -45.4224 1.4
    endloop
  endfacet
  facet normal 0 0 1
    outer loop
      vertex 50.864 -49.1863 1.4
      vertex 49.5706 -48.6506 1.4
      vertex 50.734 -49.4613 1.4
    endloop
  endfacet
  facet normal -0 0 1
    outer loop
      vertex 49.4993 -48.8014 1.4
      vertex 50.734 -49.4613 1.4
      vertex 49.5706 -48.6506 1.4
    endloop
  endfacet
  facet normal 0 0 1
    outer loop
      vertex 51.0851 -47.6961 1.4
      vertex 49.6918 -47.8334 1.4
      vertex 49.7 -48 1.4
    endloop
  endfacet
  facet normal 0 0 1
    outer loop
      vertex 51.0404 -47.3952 1.4
      vertex 49.6673 -47.6683 1.4
      vertex 49.6918 -47.8334 1.4
    endloop
  endfacet
  facet normal 0 0 1
    outer loop
      vertex 50.9665 -47.1001 1.4
      vertex 49.6268 -47.5065 1.4
      vertex 49.6673 -47.6683 1.4
    endloop
  endfacet
  facet normal 0 0 1
    outer loop
      vertex 50.864 -46.8137 1.4
      vertex 49.5706 -47.3494 1.4
      vertex 49.6268 -47.5065 1.4
    endloop
  endfacet
  facet normal 0 0 1
    outer loop
      vertex 50.734 -46.5387 1.4
      vertex 49.4993 -47.1986 1.4
      vertex 49.5706 -47.3494 1.4
    endloop
  endfacet
  facet normal 0 0 1
    outer loop
      vertex 48.9445 -46.5865 1.4
      vertex 49.7223 -45.4224 1.4
      vertex 49.4613 -45.266 1.4
    endloop
  endfacet
  facet normal 0 0 1
    outer loop
      vertex 50.5776 -46.2777 1.4
      vertex 49.4135 -47.0555 1.4
      vertex 49.4993 -47.1986 1.4
    endloop
  endfacet
  facet normal 0 0 1
    outer loop
      vertex 50.3963 -46.0334 1.4
      vertex 49.3141 -46.9215 1.4
      vertex 49.4135 -47.0555 1.4
    endloop
  endfacet
  facet normal 0 0 1
    outer loop
      vertex 50.192 -45.808 1.4
      vertex 49.2021 -46.7979 1.4
      vertex 49.3141 -46.9215 1.4
    endloop
  endfacet
  facet normal 0 0 1
    outer loop
      vertex 48.8014 -46.5007 1.4
      vertex 49.4613 -45.266 1.4
      vertex 49.1863 -45.136 1.4
    endloop
  endfacet
  facet normal 0 0 1
    outer loop
      vertex 49.9666 -45.6037 1.4
      vertex 49.0785 -46.6859 1.4
      vertex 49.2021 -46.7979 1.4
    endloop
  endfacet
  facet normal 0 0 1
    outer loop
      vertex 49.7223 -45.4224 1.4
      vertex 48.9445 -46.5865 1.4
      vertex 49.0785 -46.6859 1.4
    endloop
  endfacet
  facet normal 0 0 1
    outer loop
      vertex 48.6506 -46.4294 1.4
      vertex 49.1863 -45.136 1.4
      vertex 48.8999 -45.0335 1.4
    endloop
  endfacet
  facet normal 0 0 1
    outer loop
      vertex 49.4613 -45.266 1.4
      vertex 48.8014 -46.5007 1.4
      vertex 48.9445 -46.5865 1.4
    endloop
  endfacet
  facet normal 0 0 1
    outer loop
      vertex 49.1863 -45.136 1.4
      vertex 48.6506 -46.4294 1.4
      vertex 48.8014 -46.5007 1.4
    endloop
  endfacet
  facet normal 0 0 1
    outer loop
      vertex 48.4935 -46.3732 1.4
      vertex 48.8999 -45.0335 1.4
      vertex 48.6048 -44.9596 1.4
    endloop
  endfacet
  facet normal 0 0 1
    outer loop
      vertex 48.8999 -45.0335 1.4
      vertex 48.4935 -46.3732 1.4
      vertex 48.6506 -46.4294 1.4
    endloop
  endfacet
  facet normal 0 0 1
    outer loop
      vertex 48.6048 -44.9596 1.4
      vertex 48.3317 -46.3327 1.4
      vertex 48.4935 -46.3732 1.4
    endloop
  endfacet
  facet normal 0 0 1
    outer loop
      vertex 48.3039 -44.9149 1.4
      vertex 48.3317 -46.3327 1.4
      vertex 48.6048 -44.9596 1.4
    endloop
  endfacet
  facet normal 0 0 1
    outer loop
      vertex 48.3039 -44.9149 1.4
      vertex 48.1666 -46.3082 1.4
      vertex 48.3317 -46.3327 1.4
    endloop
  endfacet
  facet normal 0 0 1
    outer loop
      vertex 48 -44.9 1.4
      vertex 48.1666 -46.3082 1.4
      vertex 48.3039 -44.9149 1.4
    endloop
  endfacet
  facet normal 0 0 1
    outer loop
      vertex 48 -44.9 1.4
      vertex 48 -46.3 1.4
      vertex 48.1666 -46.3082 1.4
    endloop
  endfacet
  facet normal 0 0 1
    outer loop
      vertex 48 -44.9 1.4
      vertex 47.8334 -46.3082 1.4
      vertex 48 -46.3 1.4
    endloop
  endfacet
  facet normal -0 0 1
    outer loop
      vertex 47.6961 -44.9149 1.4
      vertex 47.8334 -46.3082 1.4
      vertex 48 -44.9 1.4
    endloop
  endfacet
  facet normal 0 0 1
    outer loop
      vertex 47.6961 -44.9149 1.4
      vertex 47.6683 -46.3327 1.4
      vertex 47.8334 -46.3082 1.4
    endloop
  endfacet
  facet normal -0 0 1
    outer loop
      vertex 47.3952 -44.9596 1.4
      vertex 47.6683 -46.3327 1.4
      vertex 47.6961 -44.9149 1.4
    endloop
  endfacet
  facet normal 0 0 1
    outer loop
      vertex 47.6683 -46.3327 1.4
      vertex 47.3952 -44.9596 1.4
      vertex 47.5065 -46.3732 1.4
    endloop
  endfacet
  facet normal -0 0 1
    outer loop
      vertex 47.1001 -45.0335 1.4
      vertex 47.5065 -46.3732 1.4
      vertex 47.3952 -44.9596 1.4
    endloop
  endfacet
  facet normal 0 0 1
    outer loop
      vertex 47.5065 -46.3732 1.4
      vertex 47.1001 -45.0335 1.4
      vertex 47.3494 -46.4294 1.4
    endloop
  endfacet
  facet normal -0 0 1
    outer loop
      vertex 46.8137 -45.136 1.4
      vertex 47.3494 -46.4294 1.4
      vertex 47.1001 -45.0335 1.4
    endloop
  endfacet
  facet normal 0 0 1
    outer loop
      vertex 47.3494 -46.4294 1.4
      vertex 46.8137 -45.136 1.4
      vertex 47.1986 -46.5007 1.4
    endloop
  endfacet
  facet normal -0 0 1
    outer loop
      vertex 46.5387 -45.266 1.4
      vertex 47.1986 -46.5007 1.4
      vertex 46.8137 -45.136 1.4
    endloop
  endfacet
  facet normal 0 0 1
    outer loop
      vertex 47.1986 -46.5007 1.4
      vertex 46.5387 -45.266 1.4
      vertex 47.0555 -46.5865 1.4
    endloop
  endfacet
  facet normal -0 0 1
    outer loop
      vertex 46.2777 -45.4224 1.4
      vertex 47.0555 -46.5865 1.4
      vertex 46.5387 -45.266 1.4
    endloop
  endfacet
  facet normal 0 0 1
    outer loop
      vertex 47.0555 -46.5865 1.4
      vertex 46.2777 -45.4224 1.4
      vertex 46.9215 -46.6859 1.4
    endloop
  endfacet
  facet normal -0 0 1
    outer loop
      vertex 46.0334 -45.6037 1.4
      vertex 46.9215 -46.6859 1.4
      vertex 46.2777 -45.4224 1.4
    endloop
  endfacet
  facet normal 0 0 1
    outer loop
      vertex 46.9215 -46.6859 1.4
      vertex 46.0334 -45.6037 1.4
      vertex 46.7979 -46.7979 1.4
    endloop
  endfacet
  facet normal -0 0 1
    outer loop
      vertex 45.808 -45.808 1.4
      vertex 46.7979 -46.7979 1.4
      vertex 46.0334 -45.6037 1.4
    endloop
  endfacet
  facet normal 0 0 1
    outer loop
      vertex 46.7979 -46.7979 1.4
      vertex 45.808 -45.808 1.4
      vertex 46.6859 -46.9215 1.4
    endloop
  endfacet
  facet normal -0 0 1
    outer loop
      vertex 45.6037 -46.0334 1.4
      vertex 46.6859 -46.9215 1.4
      vertex 45.808 -45.808 1.4
    endloop
  endfacet
  facet normal 0 0 1
    outer loop
      vertex 46.6859 -46.9215 1.4
      vertex 45.6037 -46.0334 1.4
      vertex 46.5865 -47.0555 1.4
    endloop
  endfacet
  facet normal -0 0 1
    outer loop
      vertex 45.4224 -46.2777 1.4
      vertex 46.5865 -47.0555 1.4
      vertex 45.6037 -46.0334 1.4
    endloop
  endfacet
  facet normal -0 0 1
    outer loop
      vertex 45.266 -46.5387 1.4
      vertex 46.5007 -47.1986 1.4
      vertex 45.4224 -46.2777 1.4
    endloop
  endfacet
  facet normal 0 0 1
    outer loop
      vertex 46.5865 -47.0555 1.4
      vertex 45.4224 -46.2777 1.4
      vertex 46.5007 -47.1986 1.4
    endloop
  endfacet
  facet normal 0 0 1
    outer loop
      vertex 50.734 -49.4613 1.4
      vertex 49.4993 -48.8014 1.4
      vertex 50.5776 -49.7223 1.4
    endloop
  endfacet
  facet normal -0 0 1
    outer loop
      vertex 49.4135 -48.9445 1.4
      vertex 50.5776 -49.7223 1.4
      vertex 49.4993 -48.8014 1.4
    endloop
  endfacet
  facet normal 0 0 1
    outer loop
      vertex 50.5776 -49.7223 1.4
      vertex 49.4135 -48.9445 1.4
      vertex 50.3963 -49.9666 1.4
    endloop
  endfacet
  facet normal -0 0 1
    outer loop
      vertex 49.3141 -49.0785 1.4
      vertex 50.3963 -49.9666 1.4
      vertex 49.4135 -48.9445 1.4
    endloop
  endfacet
  facet normal 0 0 1
    outer loop
      vertex 50.3963 -49.9666 1.4
      vertex 49.3141 -49.0785 1.4
      vertex 50.192 -50.192 1.4
    endloop
  endfacet
  facet normal -0 0 1
    outer loop
      vertex 49.2021 -49.2021 1.4
      vertex 50.192 -50.192 1.4
      vertex 49.3141 -49.0785 1.4
    endloop
  endfacet
  facet normal 0 0 1
    outer loop
      vertex 50.192 -50.192 1.4
      vertex 49.2021 -49.2021 1.4
      vertex 49.9666 -50.3963 1.4
    endloop
  endfacet
  facet normal -0 0 1
    outer loop
      vertex 49.0785 -49.3141 1.4
      vertex 49.9666 -50.3963 1.4
      vertex 49.2021 -49.2021 1.4
    endloop
  endfacet
  facet normal 0 0 1
    outer loop
      vertex 49.9666 -50.3963 1.4
      vertex 49.0785 -49.3141 1.4
      vertex 49.7223 -50.5776 1.4
    endloop
  endfacet
  facet normal -0 0 1
    outer loop
      vertex 48.9445 -49.4135 1.4
      vertex 49.7223 -50.5776 1.4
      vertex 49.0785 -49.3141 1.4
    endloop
  endfacet
  facet normal 0 0 1
    outer loop
      vertex 49.7223 -50.5776 1.4
      vertex 48.9445 -49.4135 1.4
      vertex 49.4613 -50.734 1.4
    endloop
  endfacet
  facet normal -0 0 1
    outer loop
      vertex 48.8014 -49.4993 1.4
      vertex 49.4613 -50.734 1.4
      vertex 48.9445 -49.4135 1.4
    endloop
  endfacet
  facet normal 0 0 1
    outer loop
      vertex 49.4613 -50.734 1.4
      vertex 48.8014 -49.4993 1.4
      vertex 49.1863 -50.864 1.4
    endloop
  endfacet
  facet normal -0 0 1
    outer loop
      vertex 48.6506 -49.5706 1.4
      vertex 49.1863 -50.864 1.4
      vertex 48.8014 -49.4993 1.4
    endloop
  endfacet
  facet normal 0 0 1
    outer loop
      vertex 49.1863 -50.864 1.4
      vertex 48.6506 -49.5706 1.4
      vertex 48.8999 -50.9665 1.4
    endloop
  endfacet
  facet normal -0 0 1
    outer loop
      vertex 48.4935 -49.6268 1.4
      vertex 48.8999 -50.9665 1.4
      vertex 48.6506 -49.5706 1.4
    endloop
  endfacet
  facet normal 0 0 1
    outer loop
      vertex 48.8999 -50.9665 1.4
      vertex 48.4935 -49.6268 1.4
      vertex 48.6048 -51.0404 1.4
    endloop
  endfacet
  facet normal -0 0 1
    outer loop
      vertex 48.3317 -49.6673 1.4
      vertex 48.6048 -51.0404 1.4
      vertex 48.4935 -49.6268 1.4
    endloop
  endfacet
  facet normal 0 0 1
    outer loop
      vertex 48.3317 -49.6673 1.4
      vertex 48.3039 -51.0851 1.4
      vertex 48.6048 -51.0404 1.4
    endloop
  endfacet
  facet normal -0 0 1
    outer loop
      vertex 48.1666 -49.6918 1.4
      vertex 48.3039 -51.0851 1.4
      vertex 48.3317 -49.6673 1.4
    endloop
  endfacet
  facet normal -0 0 1
    outer loop
      vertex 48 -49.7 1.4
      vertex 48.3039 -51.0851 1.4
      vertex 48.1666 -49.6918 1.4
    endloop
  endfacet
  facet normal 0 0 1
    outer loop
      vertex 48 -49.7 1.4
      vertex 48 -51.1 1.4
      vertex 48.3039 -51.0851 1.4
    endloop
  endfacet
  facet normal 0 0 1
    outer loop
      vertex 47.8334 -49.6918 1.4
      vertex 48 -51.1 1.4
      vertex 48 -49.7 1.4
    endloop
  endfacet
  facet normal 0 0 1
    outer loop
      vertex 47.8334 -49.6918 1.4
      vertex 47.6961 -51.0851 1.4
      vertex 48 -51.1 1.4
    endloop
  endfacet
  facet normal 0 0 1
    outer loop
      vertex 47.6683 -49.6673 1.4
      vertex 47.6961 -51.0851 1.4
      vertex 47.8334 -49.6918 1.4
    endloop
  endfacet
  facet normal 0 0 1
    outer loop
      vertex 47.3952 -51.0404 1.4
      vertex 47.6683 -49.6673 1.4
      vertex 47.5065 -49.6268 1.4
    endloop
  endfacet
  facet normal 0 0 1
    outer loop
      vertex 47.6683 -49.6673 1.4
      vertex 47.3952 -51.0404 1.4
      vertex 47.6961 -51.0851 1.4
    endloop
  endfacet
  facet normal 0 0 1
    outer loop
      vertex 47.1001 -50.9665 1.4
      vertex 47.5065 -49.6268 1.4
      vertex 47.3494 -49.5706 1.4
    endloop
  endfacet
  facet normal 0 0 1
    outer loop
      vertex 46.8137 -50.864 1.4
      vertex 47.3494 -49.5706 1.4
      vertex 47.1986 -49.4993 1.4
    endloop
  endfacet
  facet normal 0 0 1
    outer loop
      vertex 47.5065 -49.6268 1.4
      vertex 47.1001 -50.9665 1.4
      vertex 47.3952 -51.0404 1.4
    endloop
  endfacet
  facet normal 0 0 1
    outer loop
      vertex 46.5387 -50.734 1.4
      vertex 47.1986 -49.4993 1.4
      vertex 47.0555 -49.4135 1.4
    endloop
  endfacet
  facet normal 0 0 1
    outer loop
      vertex 46.2777 -50.5776 1.4
      vertex 47.0555 -49.4135 1.4
      vertex 46.9215 -49.3141 1.4
    endloop
  endfacet
  facet normal 0 0 1
    outer loop
      vertex 47.3494 -49.5706 1.4
      vertex 46.8137 -50.864 1.4
      vertex 47.1001 -50.9665 1.4
    endloop
  endfacet
  facet normal 0 0 1
    outer loop
      vertex 46.0334 -50.3963 1.4
      vertex 46.9215 -49.3141 1.4
      vertex 46.7979 -49.2021 1.4
    endloop
  endfacet
  facet normal 0 0 1
    outer loop
      vertex 45.808 -50.192 1.4
      vertex 46.7979 -49.2021 1.4
      vertex 46.6859 -49.0785 1.4
    endloop
  endfacet
  facet normal 0 0 1
    outer loop
      vertex 45.6037 -49.9666 1.4
      vertex 46.6859 -49.0785 1.4
      vertex 46.5865 -48.9445 1.4
    endloop
  endfacet
  facet normal 0 0 1
    outer loop
      vertex 47.1986 -49.4993 1.4
      vertex 46.5387 -50.734 1.4
      vertex 46.8137 -50.864 1.4
    endloop
  endfacet
  facet normal 0 0 1
    outer loop
      vertex 45.4224 -49.7223 1.4
      vertex 46.5865 -48.9445 1.4
      vertex 46.5007 -48.8014 1.4
    endloop
  endfacet
  facet normal 0 0 1
    outer loop
      vertex 45.266 -49.4613 1.4
      vertex 46.5007 -48.8014 1.4
      vertex 46.4294 -48.6506 1.4
    endloop
  endfacet
  facet normal 0 0 1
    outer loop
      vertex 45.136 -49.1863 1.4
      vertex 46.4294 -48.6506 1.4
      vertex 46.3732 -48.4935 1.4
    endloop
  endfacet
  facet normal 0 0 1
    outer loop
      vertex 45.0335 -48.8999 1.4
      vertex 46.3732 -48.4935 1.4
      vertex 46.3327 -48.3317 1.4
    endloop
  endfacet
  facet normal 0 0 1
    outer loop
      vertex 44.9596 -48.6048 1.4
      vertex 46.3327 -48.3317 1.4
      vertex 46.3082 -48.1666 1.4
    endloop
  endfacet
  facet normal 0 0 1
    outer loop
      vertex 47.0555 -49.4135 1.4
      vertex 46.2777 -50.5776 1.4
      vertex 46.5387 -50.734 1.4
    endloop
  endfacet
  facet normal 0 0 1
    outer loop
      vertex 44.9149 -48.3039 1.4
      vertex 46.3082 -48.1666 1.4
      vertex 46.3 -48 1.4
    endloop
  endfacet
  facet normal 0 0 1
    outer loop
      vertex 46.5007 -47.1986 1.4
      vertex 45.266 -46.5387 1.4
      vertex 46.4294 -47.3494 1.4
    endloop
  endfacet
  facet normal -0 0 1
    outer loop
      vertex 45.136 -46.8137 1.4
      vertex 46.4294 -47.3494 1.4
      vertex 45.266 -46.5387 1.4
    endloop
  endfacet
  facet normal 0 0 1
    outer loop
      vertex 46.9215 -49.3141 1.4
      vertex 46.0334 -50.3963 1.4
      vertex 46.2777 -50.5776 1.4
    endloop
  endfacet
  facet normal 0 0 1
    outer loop
      vertex 46.4294 -47.3494 1.4
      vertex 45.136 -46.8137 1.4
      vertex 46.3732 -47.5065 1.4
    endloop
  endfacet
  facet normal 0 0 1
    outer loop
      vertex 46.7979 -49.2021 1.4
      vertex 45.808 -50.192 1.4
      vertex 46.0334 -50.3963 1.4
    endloop
  endfacet
  facet normal -0 0 1
    outer loop
      vertex 45.0335 -47.1001 1.4
      vertex 46.3732 -47.5065 1.4
      vertex 45.136 -46.8137 1.4
    endloop
  endfacet
  facet normal 0 0 1
    outer loop
      vertex 46.6859 -49.0785 1.4
      vertex 45.6037 -49.9666 1.4
      vertex 45.808 -50.192 1.4
    endloop
  endfacet
  facet normal 0 0 1
    outer loop
      vertex 46.3732 -47.5065 1.4
      vertex 45.0335 -47.1001 1.4
      vertex 46.3327 -47.6683 1.4
    endloop
  endfacet
  facet normal 0 0 1
    outer loop
      vertex 46.5865 -48.9445 1.4
      vertex 45.4224 -49.7223 1.4
      vertex 45.6037 -49.9666 1.4
    endloop
  endfacet
  facet normal -0 0 1
    outer loop
      vertex 44.9596 -47.3952 1.4
      vertex 46.3327 -47.6683 1.4
      vertex 45.0335 -47.1001 1.4
    endloop
  endfacet
  facet normal 0 0 1
    outer loop
      vertex 46.5007 -48.8014 1.4
      vertex 45.266 -49.4613 1.4
      vertex 45.4224 -49.7223 1.4
    endloop
  endfacet
  facet normal 0 0 1
    outer loop
      vertex 46.3327 -47.6683 1.4
      vertex 44.9596 -47.3952 1.4
      vertex 46.3082 -47.8334 1.4
    endloop
  endfacet
  facet normal 0 0 1
    outer loop
      vertex 46.4294 -48.6506 1.4
      vertex 45.136 -49.1863 1.4
      vertex 45.266 -49.4613 1.4
    endloop
  endfacet
  facet normal -0 0 1
    outer loop
      vertex 44.9149 -47.6961 1.4
      vertex 46.3082 -47.8334 1.4
      vertex 44.9596 -47.3952 1.4
    endloop
  endfacet
  facet normal 0 0 1
    outer loop
      vertex 46.3732 -48.4935 1.4
      vertex 45.0335 -48.8999 1.4
      vertex 45.136 -49.1863 1.4
    endloop
  endfacet
  facet normal 0 0 1
    outer loop
      vertex 46.3082 -47.8334 1.4
      vertex 44.9149 -47.6961 1.4
      vertex 46.3 -48 1.4
    endloop
  endfacet
  facet normal 0 0 1
    outer loop
      vertex 46.3327 -48.3317 1.4
      vertex 44.9596 -48.6048 1.4
      vertex 45.0335 -48.8999 1.4
    endloop
  endfacet
  facet normal 0 0 1
    outer loop
      vertex 44.9 -48 1.4
      vertex 46.3 -48 1.4
      vertex 44.9149 -47.6961 1.4
    endloop
  endfacet
  facet normal 0 0 1
    outer loop
      vertex 46.3082 -48.1666 1.4
      vertex 44.9149 -48.3039 1.4
      vertex 44.9596 -48.6048 1.4
    endloop
  endfacet
  facet normal 0 0 1
    outer loop
      vertex 46.3 -48 1.4
      vertex 44.9 -48 1.4
      vertex 44.9149 -48.3039 1.4
    endloop
  endfacet
  facet normal 0.989145 0.146942 0
    outer loop
      vertex 44.9596 -48.6048 3
      vertex 44.9149 -48.3039 1.4
      vertex 44.9149 -48.3039 3
    endloop
  endfacet
  facet normal 0.989145 0.146942 0
    outer loop
      vertex 44.9149 -48.3039 1.4
      vertex 44.9596 -48.6048 3
      vertex 44.9596 -48.6048 1.4
    endloop
  endfacet
  facet normal 0.941519 0.336961 0
    outer loop
      vertex 45.136 -49.1863 3
      vertex 45.0335 -48.8999 1.4
      vertex 45.0335 -48.8999 3
    endloop
  endfacet
  facet normal 0.941519 0.336961 0
    outer loop
      vertex 45.0335 -48.8999 1.4
      vertex 45.136 -49.1863 3
      vertex 45.136 -49.1863 1.4
    endloop
  endfacet
  facet normal 0.857783 0.514012 0
    outer loop
      vertex 45.4224 -49.7223 3
      vertex 45.266 -49.4613 1.4
      vertex 45.266 -49.4613 3
    endloop
  endfacet
  facet normal 0.857783 0.514012 0
    outer loop
      vertex 45.266 -49.4613 1.4
      vertex 45.4224 -49.7223 3
      vertex 45.4224 -49.7223 1.4
    endloop
  endfacet
  facet normal 0.740936 0.671576 0
    outer loop
      vertex 45.808 -50.192 3
      vertex 45.6037 -49.9666 1.4
      vertex 45.6037 -49.9666 3
    endloop
  endfacet
  facet normal 0.740936 0.671576 0
    outer loop
      vertex 45.6037 -49.9666 1.4
      vertex 45.808 -50.192 3
      vertex 45.808 -50.192 1.4
    endloop
  endfacet
  facet normal 0.803027 0.595943 0
    outer loop
      vertex 45.6037 -49.9666 3
      vertex 45.4224 -49.7223 1.4
      vertex 45.4224 -49.7223 3
    endloop
  endfacet
  facet normal 0.803027 0.595943 0
    outer loop
      vertex 45.4224 -49.7223 1.4
      vertex 45.6037 -49.9666 3
      vertex 45.6037 -49.9666 1.4
    endloop
  endfacet
  facet normal -0.242922 0.970046 0
    outer loop
      vertex 48.8999 -50.9665 1.4
      vertex 48.6048 -51.0404 3
      vertex 48.8999 -50.9665 3
    endloop
  endfacet
  facet normal -0.242922 0.970046 0
    outer loop
      vertex 48.6048 -51.0404 3
      vertex 48.8999 -50.9665 1.4
      vertex 48.6048 -51.0404 1.4
    endloop
  endfacet
  facet normal 0.146942 0.989145 -0
    outer loop
      vertex 47.6961 -51.0851 1.4
      vertex 47.3952 -51.0404 3
      vertex 47.6961 -51.0851 3
    endloop
  endfacet
  facet normal 0.146942 0.989145 0
    outer loop
      vertex 47.3952 -51.0404 3
      vertex 47.6961 -51.0851 1.4
      vertex 47.3952 -51.0404 1.4
    endloop
  endfacet
  facet normal 0.514012 0.857783 -0
    outer loop
      vertex 46.5387 -50.734 1.4
      vertex 46.2777 -50.5776 3
      vertex 46.5387 -50.734 3
    endloop
  endfacet
  facet normal 0.514012 0.857783 0
    outer loop
      vertex 46.2777 -50.5776 3
      vertex 46.5387 -50.734 1.4
      vertex 46.2777 -50.5776 1.4
    endloop
  endfacet
  facet normal 0.42738 0.904072 -0
    outer loop
      vertex 46.8137 -50.864 1.4
      vertex 46.5387 -50.734 3
      vertex 46.8137 -50.864 3
    endloop
  endfacet
  facet normal 0.42738 0.904072 0
    outer loop
      vertex 46.5387 -50.734 3
      vertex 46.8137 -50.864 1.4
      vertex 46.5387 -50.734 1.4
    endloop
  endfacet
  facet normal -0.857652 -0.514231 0
    outer loop
      vertex 49.4993 48.8014 -1
      vertex 49.4135 48.9445 1.4
      vertex 49.4135 48.9445 -1
    endloop
  endfacet
  facet normal -0.857652 -0.514231 0
    outer loop
      vertex 49.4135 48.9445 1.4
      vertex 49.4993 48.8014 -1
      vertex 49.4993 48.8014 1.4
    endloop
  endfacet
  facet normal -0.33683 -0.941566 0
    outer loop
      vertex 48.4935 49.6268 -1
      vertex 48.6506 49.5706 1.4
      vertex 48.4935 49.6268 1.4
    endloop
  endfacet
  facet normal -0.33683 -0.941566 -0
    outer loop
      vertex 48.6506 49.5706 1.4
      vertex 48.4935 49.6268 -1
      vertex 48.6506 49.5706 -1
    endloop
  endfacet
  facet normal 0.427442 -0.904043 0
    outer loop
      vertex 47.1986 49.4993 -1
      vertex 47.3494 49.5706 1.4
      vertex 47.1986 49.4993 1.4
    endloop
  endfacet
  facet normal 0.427442 -0.904043 0
    outer loop
      vertex 47.3494 49.5706 1.4
      vertex 47.1986 49.4993 -1
      vertex 47.3494 49.5706 -1
    endloop
  endfacet
  facet normal 0.941566 -0.33683 0
    outer loop
      vertex 46.3732 48.4935 1.4
      vertex 46.4294 48.6506 -1
      vertex 46.4294 48.6506 1.4
    endloop
  endfacet
  facet normal 0.941566 -0.33683 0
    outer loop
      vertex 46.4294 48.6506 -1
      vertex 46.3732 48.4935 1.4
      vertex 46.3732 48.4935 -1
    endloop
  endfacet
  facet normal -0.998791 0.0491602 0
    outer loop
      vertex 49.6918 47.8334 -1
      vertex 49.7 48 1.4
      vertex 49.7 48 -1
    endloop
  endfacet
  facet normal -0.998791 0.0491602 0
    outer loop
      vertex 49.7 48 1.4
      vertex 49.6918 47.8334 -1
      vertex 49.6918 47.8334 1.4
    endloop
  endfacet
  facet normal -0.427442 0.904043 0
    outer loop
      vertex 48.8014 46.5007 -1
      vertex 48.6506 46.4294 1.4
      vertex 48.8014 46.5007 1.4
    endloop
  endfacet
  facet normal -0.427442 0.904043 0
    outer loop
      vertex 48.6506 46.4294 1.4
      vertex 48.8014 46.5007 -1
      vertex 48.6506 46.4294 -1
    endloop
  endfacet
  facet normal 0.998791 0.0491602 0
    outer loop
      vertex 46.3082 47.8334 1.4
      vertex 46.3 48 -1
      vertex 46.3 48 1.4
    endloop
  endfacet
  facet normal 0.998791 0.0491602 0
    outer loop
      vertex 46.3 48 -1
      vertex 46.3082 47.8334 1.4
      vertex 46.3082 47.8334 -1
    endloop
  endfacet
  facet normal 0.671478 -0.741024 0
    outer loop
      vertex 46.7979 49.2021 -1
      vertex 46.9215 49.3141 1.4
      vertex 46.7979 49.2021 1.4
    endloop
  endfacet
  facet normal 0.671478 -0.741024 0
    outer loop
      vertex 46.9215 49.3141 1.4
      vertex 46.7979 49.2021 -1
      vertex 46.9215 49.3141 -1
    endloop
  endfacet
  facet normal 0.0491602 0.998791 -0
    outer loop
      vertex 48 46.3 -1
      vertex 47.8334 46.3082 1.4
      vertex 48 46.3 1.4
    endloop
  endfacet
  facet normal 0.0491602 0.998791 0
    outer loop
      vertex 47.8334 46.3082 1.4
      vertex 48 46.3 -1
      vertex 47.8334 46.3082 -1
    endloop
  endfacet
  facet normal -0.989168 -0.146788 0
    outer loop
      vertex 49.6918 48.1666 -1
      vertex 49.6673 48.3317 1.4
      vertex 49.6673 48.3317 -1
    endloop
  endfacet
  facet normal -0.989168 -0.146788 0
    outer loop
      vertex 49.6673 48.3317 1.4
      vertex 49.6918 48.1666 -1
      vertex 49.6918 48.1666 1.4
    endloop
  endfacet
  facet normal -0.803154 -0.595772 0
    outer loop
      vertex 49.4135 48.9445 -1
      vertex 49.3141 49.0785 1.4
      vertex 49.3141 49.0785 -1
    endloop
  endfacet
  facet normal -0.803154 -0.595772 0
    outer loop
      vertex 49.3141 49.0785 1.4
      vertex 49.4135 48.9445 -1
      vertex 49.4135 48.9445 1.4
    endloop
  endfacet
  facet normal -0.671478 -0.741024 0
    outer loop
      vertex 49.0785 49.3141 -1
      vertex 49.2021 49.2021 1.4
      vertex 49.0785 49.3141 1.4
    endloop
  endfacet
  facet normal -0.671478 -0.741024 -0
    outer loop
      vertex 49.2021 49.2021 1.4
      vertex 49.0785 49.3141 -1
      vertex 49.2021 49.2021 -1
    endloop
  endfacet
  facet normal -0.741024 -0.671478 0
    outer loop
      vertex 49.3141 49.0785 -1
      vertex 49.2021 49.2021 1.4
      vertex 49.2021 49.2021 -1
    endloop
  endfacet
  facet normal -0.741024 -0.671478 0
    outer loop
      vertex 49.2021 49.2021 1.4
      vertex 49.3141 49.0785 -1
      vertex 49.3141 49.0785 1.4
    endloop
  endfacet
  facet normal 0.0491602 -0.998791 0
    outer loop
      vertex 47.8334 49.6918 -1
      vertex 48 49.7 1.4
      vertex 47.8334 49.6918 1.4
    endloop
  endfacet
  facet normal 0.0491602 -0.998791 0
    outer loop
      vertex 48 49.7 1.4
      vertex 47.8334 49.6918 -1
      vertex 48 49.7 -1
    endloop
  endfacet
  facet normal -0.146788 -0.989168 0
    outer loop
      vertex 48.1666 49.6918 -1
      vertex 48.3317 49.6673 1.4
      vertex 48.1666 49.6918 1.4
    endloop
  endfacet
  facet normal -0.146788 -0.989168 -0
    outer loop
      vertex 48.3317 49.6673 1.4
      vertex 48.1666 49.6918 -1
      vertex 48.3317 49.6673 -1
    endloop
  endfacet
  facet normal -0.595772 -0.803154 0
    outer loop
      vertex 48.9445 49.4135 -1
      vertex 49.0785 49.3141 1.4
      vertex 48.9445 49.4135 1.4
    endloop
  endfacet
  facet normal -0.595772 -0.803154 -0
    outer loop
      vertex 49.0785 49.3141 1.4
      vertex 48.9445 49.4135 -1
      vertex 49.0785 49.3141 -1
    endloop
  endfacet
  facet normal -0.514231 -0.857652 0
    outer loop
      vertex 48.8014 49.4993 -1
      vertex 48.9445 49.4135 1.4
      vertex 48.8014 49.4993 1.4
    endloop
  endfacet
  facet normal -0.514231 -0.857652 -0
    outer loop
      vertex 48.9445 49.4135 1.4
      vertex 48.8014 49.4993 -1
      vertex 48.9445 49.4135 -1
    endloop
  endfacet
  facet normal 0.989168 -0.146788 0
    outer loop
      vertex 46.3082 48.1666 1.4
      vertex 46.3327 48.3317 -1
      vertex 46.3327 48.3317 1.4
    endloop
  endfacet
  facet normal 0.989168 -0.146788 0
    outer loop
      vertex 46.3327 48.3317 -1
      vertex 46.3082 48.1666 1.4
      vertex 46.3082 48.1666 -1
    endloop
  endfacet
  facet normal 0.803154 -0.595772 0
    outer loop
      vertex 46.5865 48.9445 1.4
      vertex 46.6859 49.0785 -1
      vertex 46.6859 49.0785 1.4
    endloop
  endfacet
  facet normal 0.803154 -0.595772 0
    outer loop
      vertex 46.6859 49.0785 -1
      vertex 46.5865 48.9445 1.4
      vertex 46.5865 48.9445 -1
    endloop
  endfacet
  facet normal 0.857652 -0.514231 0
    outer loop
      vertex 46.5007 48.8014 1.4
      vertex 46.5865 48.9445 -1
      vertex 46.5865 48.9445 1.4
    endloop
  endfacet
  facet normal 0.857652 -0.514231 0
    outer loop
      vertex 46.5865 48.9445 -1
      vertex 46.5007 48.8014 1.4
      vertex 46.5007 48.8014 -1
    endloop
  endfacet
  facet normal 0.146788 -0.989168 0
    outer loop
      vertex 47.6683 49.6673 -1
      vertex 47.8334 49.6918 1.4
      vertex 47.6683 49.6673 1.4
    endloop
  endfacet
  facet normal 0.146788 -0.989168 0
    outer loop
      vertex 47.8334 49.6918 1.4
      vertex 47.6683 49.6673 -1
      vertex 47.8334 49.6918 -1
    endloop
  endfacet
  facet normal 0.242818 -0.970072 0
    outer loop
      vertex 47.5065 49.6268 -1
      vertex 47.6683 49.6673 1.4
      vertex 47.5065 49.6268 1.4
    endloop
  endfacet
  facet normal 0.242818 -0.970072 0
    outer loop
      vertex 47.6683 49.6673 1.4
      vertex 47.5065 49.6268 -1
      vertex 47.6683 49.6673 -1
    endloop
  endfacet
  facet normal 0.514231 -0.857652 0
    outer loop
      vertex 47.0555 49.4135 -1
      vertex 47.1986 49.4993 1.4
      vertex 47.0555 49.4135 1.4
    endloop
  endfacet
  facet normal 0.514231 -0.857652 0
    outer loop
      vertex 47.1986 49.4993 1.4
      vertex 47.0555 49.4135 -1
      vertex 47.1986 49.4993 -1
    endloop
  endfacet
  facet normal 0.595772 -0.803154 0
    outer loop
      vertex 46.9215 49.3141 -1
      vertex 47.0555 49.4135 1.4
      vertex 46.9215 49.3141 1.4
    endloop
  endfacet
  facet normal 0.595772 -0.803154 0
    outer loop
      vertex 47.0555 49.4135 1.4
      vertex 46.9215 49.3141 -1
      vertex 47.0555 49.4135 -1
    endloop
  endfacet
  facet normal 0.741024 -0.671478 0
    outer loop
      vertex 46.6859 49.0785 1.4
      vertex 46.7979 49.2021 -1
      vertex 46.7979 49.2021 1.4
    endloop
  endfacet
  facet normal 0.741024 -0.671478 0
    outer loop
      vertex 46.7979 49.2021 -1
      vertex 46.6859 49.0785 1.4
      vertex 46.6859 49.0785 -1
    endloop
  endfacet
  facet normal -0.998791 -0.0491602 0
    outer loop
      vertex 49.7 48 -1
      vertex 49.6918 48.1666 1.4
      vertex 49.6918 48.1666 -1
    endloop
  endfacet
  facet normal -0.998791 -0.0491602 0
    outer loop
      vertex 49.6918 48.1666 1.4
      vertex 49.7 48 -1
      vertex 49.7 48 1.4
    endloop
  endfacet
  facet normal 0.741024 0.671478 0
    outer loop
      vertex 46.7979 46.7979 1.4
      vertex 46.6859 46.9215 -1
      vertex 46.6859 46.9215 1.4
    endloop
  endfacet
  facet normal 0.741024 0.671478 0
    outer loop
      vertex 46.6859 46.9215 -1
      vertex 46.7979 46.7979 1.4
      vertex 46.7979 46.7979 -1
    endloop
  endfacet
  facet normal 0.941566 0.33683 0
    outer loop
      vertex 46.4294 47.3494 1.4
      vertex 46.3732 47.5065 -1
      vertex 46.3732 47.5065 1.4
    endloop
  endfacet
  facet normal 0.941566 0.33683 0
    outer loop
      vertex 46.3732 47.5065 -1
      vertex 46.4294 47.3494 1.4
      vertex 46.4294 47.3494 -1
    endloop
  endfacet
  facet normal -0.146788 0.989168 0
    outer loop
      vertex 48.3317 46.3327 -1
      vertex 48.1666 46.3082 1.4
      vertex 48.3317 46.3327 1.4
    endloop
  endfacet
  facet normal -0.146788 0.989168 0
    outer loop
      vertex 48.1666 46.3082 1.4
      vertex 48.3317 46.3327 -1
      vertex 48.1666 46.3082 -1
    endloop
  endfacet
  facet normal -0.904043 -0.427442 0
    outer loop
      vertex 49.5706 48.6506 -1
      vertex 49.4993 48.8014 1.4
      vertex 49.4993 48.8014 -1
    endloop
  endfacet
  facet normal -0.904043 -0.427442 0
    outer loop
      vertex 49.4993 48.8014 1.4
      vertex 49.5706 48.6506 -1
      vertex 49.5706 48.6506 1.4
    endloop
  endfacet
  facet normal -0.941566 -0.33683 0
    outer loop
      vertex 49.6268 48.4935 -1
      vertex 49.5706 48.6506 1.4
      vertex 49.5706 48.6506 -1
    endloop
  endfacet
  facet normal -0.941566 -0.33683 0
    outer loop
      vertex 49.5706 48.6506 1.4
      vertex 49.6268 48.4935 -1
      vertex 49.6268 48.4935 1.4
    endloop
  endfacet
  facet normal -0.970072 -0.242818 0
    outer loop
      vertex 49.6673 48.3317 -1
      vertex 49.6268 48.4935 1.4
      vertex 49.6268 48.4935 -1
    endloop
  endfacet
  facet normal -0.970072 -0.242818 0
    outer loop
      vertex 49.6268 48.4935 1.4
      vertex 49.6673 48.3317 -1
      vertex 49.6673 48.3317 1.4
    endloop
  endfacet
  facet normal -0.0491602 -0.998791 0
    outer loop
      vertex 48 49.7 -1
      vertex 48.1666 49.6918 1.4
      vertex 48 49.7 1.4
    endloop
  endfacet
  facet normal -0.0491602 -0.998791 -0
    outer loop
      vertex 48.1666 49.6918 1.4
      vertex 48 49.7 -1
      vertex 48.1666 49.6918 -1
    endloop
  endfacet
  facet normal -0.242818 -0.970072 0
    outer loop
      vertex 48.3317 49.6673 -1
      vertex 48.4935 49.6268 1.4
      vertex 48.3317 49.6673 1.4
    endloop
  endfacet
  facet normal -0.242818 -0.970072 -0
    outer loop
      vertex 48.4935 49.6268 1.4
      vertex 48.3317 49.6673 -1
      vertex 48.4935 49.6268 -1
    endloop
  endfacet
  facet normal -0.427442 -0.904043 0
    outer loop
      vertex 48.6506 49.5706 -1
      vertex 48.8014 49.4993 1.4
      vertex 48.6506 49.5706 1.4
    endloop
  endfacet
  facet normal -0.427442 -0.904043 -0
    outer loop
      vertex 48.8014 49.4993 1.4
      vertex 48.6506 49.5706 -1
      vertex 48.8014 49.4993 -1
    endloop
  endfacet
  facet normal 0.998791 -0.0491602 0
    outer loop
      vertex 46.3 48 1.4
      vertex 46.3082 48.1666 -1
      vertex 46.3082 48.1666 1.4
    endloop
  endfacet
  facet normal 0.998791 -0.0491602 0
    outer loop
      vertex 46.3082 48.1666 -1
      vertex 46.3 48 1.4
      vertex 46.3 48 -1
    endloop
  endfacet
  facet normal 0.970072 -0.242818 0
    outer loop
      vertex 46.3327 48.3317 1.4
      vertex 46.3732 48.4935 -1
      vertex 46.3732 48.4935 1.4
    endloop
  endfacet
  facet normal 0.970072 -0.242818 0
    outer loop
      vertex 46.3732 48.4935 -1
      vertex 46.3327 48.3317 1.4
      vertex 46.3327 48.3317 -1
    endloop
  endfacet
  facet normal 0.904043 -0.427442 0
    outer loop
      vertex 46.4294 48.6506 1.4
      vertex 46.5007 48.8014 -1
      vertex 46.5007 48.8014 1.4
    endloop
  endfacet
  facet normal 0.904043 -0.427442 0
    outer loop
      vertex 46.5007 48.8014 -1
      vertex 46.4294 48.6506 1.4
      vertex 46.4294 48.6506 -1
    endloop
  endfacet
  facet normal 0.33683 -0.941566 0
    outer loop
      vertex 47.3494 49.5706 -1
      vertex 47.5065 49.6268 1.4
      vertex 47.3494 49.5706 1.4
    endloop
  endfacet
  facet normal 0.33683 -0.941566 0
    outer loop
      vertex 47.5065 49.6268 1.4
      vertex 47.3494 49.5706 -1
      vertex 47.5065 49.6268 -1
    endloop
  endfacet
  facet normal -0.970072 0.242818 0
    outer loop
      vertex 49.6268 47.5065 -1
      vertex 49.6673 47.6683 1.4
      vertex 49.6673 47.6683 -1
    endloop
  endfacet
  facet normal -0.970072 0.242818 0
    outer loop
      vertex 49.6673 47.6683 1.4
      vertex 49.6268 47.5065 -1
      vertex 49.6268 47.5065 1.4
    endloop
  endfacet
  facet normal -0.671478 0.741024 0
    outer loop
      vertex 49.2021 46.7979 -1
      vertex 49.0785 46.6859 1.4
      vertex 49.2021 46.7979 1.4
    endloop
  endfacet
  facet normal -0.671478 0.741024 0
    outer loop
      vertex 49.0785 46.6859 1.4
      vertex 49.2021 46.7979 -1
      vertex 49.0785 46.6859 -1
    endloop
  endfacet
  facet normal -0.904043 0.427442 0
    outer loop
      vertex 49.4993 47.1986 -1
      vertex 49.5706 47.3494 1.4
      vertex 49.5706 47.3494 -1
    endloop
  endfacet
  facet normal -0.904043 0.427442 0
    outer loop
      vertex 49.5706 47.3494 1.4
      vertex 49.4993 47.1986 -1
      vertex 49.4993 47.1986 1.4
    endloop
  endfacet
  facet normal -0.803154 0.595772 0
    outer loop
      vertex 49.3141 46.9215 -1
      vertex 49.4135 47.0555 1.4
      vertex 49.4135 47.0555 -1
    endloop
  endfacet
  facet normal -0.803154 0.595772 0
    outer loop
      vertex 49.4135 47.0555 1.4
      vertex 49.3141 46.9215 -1
      vertex 49.3141 46.9215 1.4
    endloop
  endfacet
  facet normal 0.33683 0.941566 -0
    outer loop
      vertex 47.5065 46.3732 -1
      vertex 47.3494 46.4294 1.4
      vertex 47.5065 46.3732 1.4
    endloop
  endfacet
  facet normal 0.33683 0.941566 0
    outer loop
      vertex 47.3494 46.4294 1.4
      vertex 47.5065 46.3732 -1
      vertex 47.3494 46.4294 -1
    endloop
  endfacet
  facet normal 0.989168 0.146788 0
    outer loop
      vertex 46.3327 47.6683 1.4
      vertex 46.3082 47.8334 -1
      vertex 46.3082 47.8334 1.4
    endloop
  endfacet
  facet normal 0.989168 0.146788 0
    outer loop
      vertex 46.3082 47.8334 -1
      vertex 46.3327 47.6683 1.4
      vertex 46.3327 47.6683 -1
    endloop
  endfacet
  facet normal 0.904043 0.427442 0
    outer loop
      vertex 46.5007 47.1986 1.4
      vertex 46.4294 47.3494 -1
      vertex 46.4294 47.3494 1.4
    endloop
  endfacet
  facet normal 0.904043 0.427442 0
    outer loop
      vertex 46.4294 47.3494 -1
      vertex 46.5007 47.1986 1.4
      vertex 46.5007 47.1986 -1
    endloop
  endfacet
  facet normal 0.857652 0.514231 0
    outer loop
      vertex 46.5865 47.0555 1.4
      vertex 46.5007 47.1986 -1
      vertex 46.5007 47.1986 1.4
    endloop
  endfacet
  facet normal 0.857652 0.514231 0
    outer loop
      vertex 46.5007 47.1986 -1
      vertex 46.5865 47.0555 1.4
      vertex 46.5865 47.0555 -1
    endloop
  endfacet
  facet normal -0.989168 0.146788 0
    outer loop
      vertex 49.6673 47.6683 -1
      vertex 49.6918 47.8334 1.4
      vertex 49.6918 47.8334 -1
    endloop
  endfacet
  facet normal -0.989168 0.146788 0
    outer loop
      vertex 49.6918 47.8334 1.4
      vertex 49.6673 47.6683 -1
      vertex 49.6673 47.6683 1.4
    endloop
  endfacet
  facet normal -0.514231 0.857652 0
    outer loop
      vertex 48.9445 46.5865 -1
      vertex 48.8014 46.5007 1.4
      vertex 48.9445 46.5865 1.4
    endloop
  endfacet
  facet normal -0.514231 0.857652 0
    outer loop
      vertex 48.8014 46.5007 1.4
      vertex 48.9445 46.5865 -1
      vertex 48.8014 46.5007 -1
    endloop
  endfacet
  facet normal -0.941566 0.33683 0
    outer loop
      vertex 49.5706 47.3494 -1
      vertex 49.6268 47.5065 1.4
      vertex 49.6268 47.5065 -1
    endloop
  endfacet
  facet normal -0.941566 0.33683 0
    outer loop
      vertex 49.6268 47.5065 1.4
      vertex 49.5706 47.3494 -1
      vertex 49.5706 47.3494 1.4
    endloop
  endfacet
  facet normal -0.857652 0.514231 0
    outer loop
      vertex 49.4135 47.0555 -1
      vertex 49.4993 47.1986 1.4
      vertex 49.4993 47.1986 -1
    endloop
  endfacet
  facet normal -0.857652 0.514231 0
    outer loop
      vertex 49.4993 47.1986 1.4
      vertex 49.4135 47.0555 -1
      vertex 49.4135 47.0555 1.4
    endloop
  endfacet
  facet normal 0.595772 0.803154 -0
    outer loop
      vertex 47.0555 46.5865 -1
      vertex 46.9215 46.6859 1.4
      vertex 47.0555 46.5865 1.4
    endloop
  endfacet
  facet normal 0.595772 0.803154 0
    outer loop
      vertex 46.9215 46.6859 1.4
      vertex 47.0555 46.5865 -1
      vertex 46.9215 46.6859 -1
    endloop
  endfacet
  facet normal -0.0491602 0.998791 0
    outer loop
      vertex 48.1666 46.3082 -1
      vertex 48 46.3 1.4
      vertex 48.1666 46.3082 1.4
    endloop
  endfacet
  facet normal -0.0491602 0.998791 0
    outer loop
      vertex 48 46.3 1.4
      vertex 48.1666 46.3082 -1
      vertex 48 46.3 -1
    endloop
  endfacet
  facet normal 0.242818 0.970072 -0
    outer loop
      vertex 47.6683 46.3327 -1
      vertex 47.5065 46.3732 1.4
      vertex 47.6683 46.3327 1.4
    endloop
  endfacet
  facet normal 0.242818 0.970072 0
    outer loop
      vertex 47.5065 46.3732 1.4
      vertex 47.6683 46.3327 -1
      vertex 47.5065 46.3732 -1
    endloop
  endfacet
  facet normal 0.514231 0.857652 -0
    outer loop
      vertex 47.1986 46.5007 -1
      vertex 47.0555 46.5865 1.4
      vertex 47.1986 46.5007 1.4
    endloop
  endfacet
  facet normal 0.514231 0.857652 0
    outer loop
      vertex 47.0555 46.5865 1.4
      vertex 47.1986 46.5007 -1
      vertex 47.0555 46.5865 -1
    endloop
  endfacet
  facet normal 0.427442 0.904043 -0
    outer loop
      vertex 47.3494 46.4294 -1
      vertex 47.1986 46.5007 1.4
      vertex 47.3494 46.4294 1.4
    endloop
  endfacet
  facet normal 0.427442 0.904043 0
    outer loop
      vertex 47.1986 46.5007 1.4
      vertex 47.3494 46.4294 -1
      vertex 47.1986 46.5007 -1
    endloop
  endfacet
  facet normal 0.970072 0.242818 0
    outer loop
      vertex 46.3732 47.5065 1.4
      vertex 46.3327 47.6683 -1
      vertex 46.3327 47.6683 1.4
    endloop
  endfacet
  facet normal 0.970072 0.242818 0
    outer loop
      vertex 46.3327 47.6683 -1
      vertex 46.3732 47.5065 1.4
      vertex 46.3732 47.5065 -1
    endloop
  endfacet
  facet normal 0.671478 0.741024 -0
    outer loop
      vertex 46.9215 46.6859 -1
      vertex 46.7979 46.7979 1.4
      vertex 46.9215 46.6859 1.4
    endloop
  endfacet
  facet normal 0.671478 0.741024 0
    outer loop
      vertex 46.7979 46.7979 1.4
      vertex 46.9215 46.6859 -1
      vertex 46.7979 46.7979 -1
    endloop
  endfacet
  facet normal 0.803154 0.595772 0
    outer loop
      vertex 46.6859 46.9215 1.4
      vertex 46.5865 47.0555 -1
      vertex 46.5865 47.0555 1.4
    endloop
  endfacet
  facet normal 0.803154 0.595772 0
    outer loop
      vertex 46.5865 47.0555 -1
      vertex 46.6859 46.9215 1.4
      vertex 46.6859 46.9215 -1
    endloop
  endfacet
  facet normal -0.242818 0.970072 0
    outer loop
      vertex 48.4935 46.3732 -1
      vertex 48.3317 46.3327 1.4
      vertex 48.4935 46.3732 1.4
    endloop
  endfacet
  facet normal -0.242818 0.970072 0
    outer loop
      vertex 48.3317 46.3327 1.4
      vertex 48.4935 46.3732 -1
      vertex 48.3317 46.3327 -1
    endloop
  endfacet
  facet normal -0.33683 0.941566 0
    outer loop
      vertex 48.6506 46.4294 -1
      vertex 48.4935 46.3732 1.4
      vertex 48.6506 46.4294 1.4
    endloop
  endfacet
  facet normal -0.33683 0.941566 0
    outer loop
      vertex 48.4935 46.3732 1.4
      vertex 48.6506 46.4294 -1
      vertex 48.4935 46.3732 -1
    endloop
  endfacet
  facet normal -0.595772 0.803154 0
    outer loop
      vertex 49.0785 46.6859 -1
      vertex 48.9445 46.5865 1.4
      vertex 49.0785 46.6859 1.4
    endloop
  endfacet
  facet normal -0.595772 0.803154 0
    outer loop
      vertex 48.9445 46.5865 1.4
      vertex 49.0785 46.6859 -1
      vertex 48.9445 46.5865 -1
    endloop
  endfacet
  facet normal -0.741024 0.671478 0
    outer loop
      vertex 49.2021 46.7979 -1
      vertex 49.3141 46.9215 1.4
      vertex 49.3141 46.9215 -1
    endloop
  endfacet
  facet normal -0.741024 0.671478 0
    outer loop
      vertex 49.3141 46.9215 1.4
      vertex 49.2021 46.7979 -1
      vertex 49.2021 46.7979 1.4
    endloop
  endfacet
  facet normal 0.146788 0.989168 -0
    outer loop
      vertex 47.8334 46.3082 -1
      vertex 47.6683 46.3327 1.4
      vertex 47.8334 46.3082 1.4
    endloop
  endfacet
  facet normal 0.146788 0.989168 0
    outer loop
      vertex 47.6683 46.3327 1.4
      vertex 47.8334 46.3082 -1
      vertex 47.6683 46.3327 -1
    endloop
  endfacet
  facet normal -0.9988 -0.0489705 0
    outer loop
      vertex 51.1 48 1.4
      vertex 51.0851 48.3039 3
      vertex 51.0851 48.3039 1.4
    endloop
  endfacet
  facet normal -0.9988 -0.0489705 0
    outer loop
      vertex 51.0851 48.3039 3
      vertex 51.1 48 1.4
      vertex 51.1 48 3
    endloop
  endfacet
  facet normal 0.0489705 -0.9988 0
    outer loop
      vertex 47.6961 51.0851 1.4
      vertex 48 51.1 3
      vertex 47.6961 51.0851 3
    endloop
  endfacet
  facet normal 0.0489705 -0.9988 0
    outer loop
      vertex 48 51.1 3
      vertex 47.6961 51.0851 1.4
      vertex 48 51.1 1.4
    endloop
  endfacet
  facet normal -0.671576 -0.740936 0
    outer loop
      vertex 49.9666 50.3963 1.4
      vertex 50.192 50.192 3
      vertex 49.9666 50.3963 3
    endloop
  endfacet
  facet normal -0.671576 -0.740936 -0
    outer loop
      vertex 50.192 50.192 3
      vertex 49.9666 50.3963 1.4
      vertex 50.192 50.192 1.4
    endloop
  endfacet
  facet normal 0.740936 -0.671576 0
    outer loop
      vertex 45.6037 49.9666 3
      vertex 45.808 50.192 1.4
      vertex 45.808 50.192 3
    endloop
  endfacet
  facet normal 0.740936 -0.671576 0
    outer loop
      vertex 45.808 50.192 1.4
      vertex 45.6037 49.9666 3
      vertex 45.6037 49.9666 1.4
    endloop
  endfacet
  facet normal 0.42738 -0.904072 0
    outer loop
      vertex 46.5387 50.734 1.4
      vertex 46.8137 50.864 3
      vertex 46.5387 50.734 3
    endloop
  endfacet
  facet normal 0.42738 -0.904072 0
    outer loop
      vertex 46.8137 50.864 3
      vertex 46.5387 50.734 1.4
      vertex 46.8137 50.864 1.4
    endloop
  endfacet
  facet normal -0.904072 -0.42738 0
    outer loop
      vertex 50.864 49.1863 1.4
      vertex 50.734 49.4613 3
      vertex 50.734 49.4613 1.4
    endloop
  endfacet
  facet normal -0.904072 -0.42738 0
    outer loop
      vertex 50.734 49.4613 3
      vertex 50.864 49.1863 1.4
      vertex 50.864 49.1863 3
    endloop
  endfacet
  facet normal -0.336961 -0.941519 0
    outer loop
      vertex 48.8999 50.9665 1.4
      vertex 49.1863 50.864 3
      vertex 48.8999 50.9665 3
    endloop
  endfacet
  facet normal -0.336961 -0.941519 -0
    outer loop
      vertex 49.1863 50.864 3
      vertex 48.8999 50.9665 1.4
      vertex 49.1863 50.864 1.4
    endloop
  endfacet
  facet normal -0.514012 -0.857783 0
    outer loop
      vertex 49.4613 50.734 1.4
      vertex 49.7223 50.5776 3
      vertex 49.4613 50.734 3
    endloop
  endfacet
  facet normal -0.514012 -0.857783 -0
    outer loop
      vertex 49.7223 50.5776 3
      vertex 49.4613 50.734 1.4
      vertex 49.7223 50.5776 1.4
    endloop
  endfacet
  facet normal 0.941519 -0.336961 0
    outer loop
      vertex 45.0335 48.8999 3
      vertex 45.136 49.1863 1.4
      vertex 45.136 49.1863 3
    endloop
  endfacet
  facet normal 0.941519 -0.336961 0
    outer loop
      vertex 45.136 49.1863 1.4
      vertex 45.0335 48.8999 3
      vertex 45.0335 48.8999 1.4
    endloop
  endfacet
  facet normal 0.242922 -0.970046 0
    outer loop
      vertex 47.1001 50.9665 1.4
      vertex 47.3952 51.0404 3
      vertex 47.1001 50.9665 3
    endloop
  endfacet
  facet normal 0.242922 -0.970046 0
    outer loop
      vertex 47.3952 51.0404 3
      vertex 47.1001 50.9665 1.4
      vertex 47.3952 51.0404 1.4
    endloop
  endfacet
  facet normal 0.671576 0.740936 -0
    outer loop
      vertex 46.0334 45.6037 1.4
      vertex 45.808 45.808 3
      vertex 46.0334 45.6037 3
    endloop
  endfacet
  facet normal 0.671576 0.740936 0
    outer loop
      vertex 45.808 45.808 3
      vertex 46.0334 45.6037 1.4
      vertex 45.808 45.808 1.4
    endloop
  endfacet
  facet normal 0.904072 0.42738 0
    outer loop
      vertex 45.266 46.5387 3
      vertex 45.136 46.8137 1.4
      vertex 45.136 46.8137 3
    endloop
  endfacet
  facet normal 0.904072 0.42738 0
    outer loop
      vertex 45.136 46.8137 1.4
      vertex 45.266 46.5387 3
      vertex 45.266 46.5387 1.4
    endloop
  endfacet
  facet normal -0.970046 -0.242922 0
    outer loop
      vertex 51.0404 48.6048 1.4
      vertex 50.9665 48.8999 3
      vertex 50.9665 48.8999 1.4
    endloop
  endfacet
  facet normal -0.970046 -0.242922 0
    outer loop
      vertex 50.9665 48.8999 3
      vertex 51.0404 48.6048 1.4
      vertex 51.0404 48.6048 3
    endloop
  endfacet
  facet normal -0.989145 -0.146942 0
    outer loop
      vertex 51.0851 48.3039 1.4
      vertex 51.0404 48.6048 3
      vertex 51.0404 48.6048 1.4
    endloop
  endfacet
  facet normal -0.989145 -0.146942 0
    outer loop
      vertex 51.0404 48.6048 3
      vertex 51.0851 48.3039 1.4
      vertex 51.0851 48.3039 3
    endloop
  endfacet
  facet normal -0.941519 -0.336961 0
    outer loop
      vertex 50.9665 48.8999 1.4
      vertex 50.864 49.1863 3
      vertex 50.864 49.1863 1.4
    endloop
  endfacet
  facet normal -0.941519 -0.336961 0
    outer loop
      vertex 50.864 49.1863 3
      vertex 50.9665 48.8999 1.4
      vertex 50.9665 48.8999 3
    endloop
  endfacet
  facet normal -0.803027 -0.595943 0
    outer loop
      vertex 50.5776 49.7223 1.4
      vertex 50.3963 49.9666 3
      vertex 50.3963 49.9666 1.4
    endloop
  endfacet
  facet normal -0.803027 -0.595943 0
    outer loop
      vertex 50.3963 49.9666 3
      vertex 50.5776 49.7223 1.4
      vertex 50.5776 49.7223 3
    endloop
  endfacet
  facet normal -0.740936 -0.671576 0
    outer loop
      vertex 50.3963 49.9666 1.4
      vertex 50.192 50.192 3
      vertex 50.192 50.192 1.4
    endloop
  endfacet
  facet normal -0.740936 -0.671576 0
    outer loop
      vertex 50.192 50.192 3
      vertex 50.3963 49.9666 1.4
      vertex 50.3963 49.9666 3
    endloop
  endfacet
  facet normal -0.857783 -0.514012 0
    outer loop
      vertex 50.734 49.4613 1.4
      vertex 50.5776 49.7223 3
      vertex 50.5776 49.7223 1.4
    endloop
  endfacet
  facet normal -0.857783 -0.514012 0
    outer loop
      vertex 50.5776 49.7223 3
      vertex 50.734 49.4613 1.4
      vertex 50.734 49.4613 3
    endloop
  endfacet
  facet normal -0.146942 -0.989145 0
    outer loop
      vertex 48.3039 51.0851 1.4
      vertex 48.6048 51.0404 3
      vertex 48.3039 51.0851 3
    endloop
  endfacet
  facet normal -0.146942 -0.989145 -0
    outer loop
      vertex 48.6048 51.0404 3
      vertex 48.3039 51.0851 1.4
      vertex 48.6048 51.0404 1.4
    endloop
  endfacet
  facet normal -0.242922 -0.970046 0
    outer loop
      vertex 48.6048 51.0404 1.4
      vertex 48.8999 50.9665 3
      vertex 48.6048 51.0404 3
    endloop
  endfacet
  facet normal -0.242922 -0.970046 -0
    outer loop
      vertex 48.8999 50.9665 3
      vertex 48.6048 51.0404 1.4
      vertex 48.8999 50.9665 1.4
    endloop
  endfacet
  facet normal -0.0489705 -0.9988 0
    outer loop
      vertex 48 51.1 1.4
      vertex 48.3039 51.0851 3
      vertex 48 51.1 3
    endloop
  endfacet
  facet normal -0.0489705 -0.9988 -0
    outer loop
      vertex 48.3039 51.0851 3
      vertex 48 51.1 1.4
      vertex 48.3039 51.0851 1.4
    endloop
  endfacet
  facet normal -0.42738 -0.904072 0
    outer loop
      vertex 49.1863 50.864 1.4
      vertex 49.4613 50.734 3
      vertex 49.1863 50.864 3
    endloop
  endfacet
  facet normal -0.42738 -0.904072 -0
    outer loop
      vertex 49.4613 50.734 3
      vertex 49.1863 50.864 1.4
      vertex 49.4613 50.734 1.4
    endloop
  endfacet
  facet normal -0.595943 -0.803027 0
    outer loop
      vertex 49.7223 50.5776 1.4
      vertex 49.9666 50.3963 3
      vertex 49.7223 50.5776 3
    endloop
  endfacet
  facet normal -0.595943 -0.803027 -0
    outer loop
      vertex 49.9666 50.3963 3
      vertex 49.7223 50.5776 1.4
      vertex 49.9666 50.3963 1.4
    endloop
  endfacet
  facet normal 0.989145 -0.146942 0
    outer loop
      vertex 44.9149 48.3039 3
      vertex 44.9596 48.6048 1.4
      vertex 44.9596 48.6048 3
    endloop
  endfacet
  facet normal 0.989145 -0.146942 0
    outer loop
      vertex 44.9596 48.6048 1.4
      vertex 44.9149 48.3039 3
      vertex 44.9149 48.3039 1.4
    endloop
  endfacet
  facet normal 0 0 1
    outer loop
      vertex 49.7 48 1.4
      vertex 51.1 48 1.4
      vertex 51.0851 48.3039 1.4
    endloop
  endfacet
  facet normal 0 0 1
    outer loop
      vertex 49.6918 48.1666 1.4
      vertex 51.0851 48.3039 1.4
      vertex 51.0404 48.6048 1.4
    endloop
  endfacet
  facet normal 0 0 1
    outer loop
      vertex 51.1 48 1.4
      vertex 49.7 48 1.4
      vertex 51.0851 47.6961 1.4
    endloop
  endfacet
  facet normal 0 0 1
    outer loop
      vertex 49.6673 48.3317 1.4
      vertex 51.0404 48.6048 1.4
      vertex 50.9665 48.8999 1.4
    endloop
  endfacet
  facet normal -0 0 1
    outer loop
      vertex 49.6918 47.8334 1.4
      vertex 51.0851 47.6961 1.4
      vertex 49.7 48 1.4
    endloop
  endfacet
  facet normal 0 0 1
    outer loop
      vertex 49.6268 48.4935 1.4
      vertex 50.9665 48.8999 1.4
      vertex 50.864 49.1863 1.4
    endloop
  endfacet
  facet normal 0 0 1
    outer loop
      vertex 51.0851 47.6961 1.4
      vertex 49.6918 47.8334 1.4
      vertex 51.0404 47.3952 1.4
    endloop
  endfacet
  facet normal 0 0 1
    outer loop
      vertex 49.5706 48.6506 1.4
      vertex 50.864 49.1863 1.4
      vertex 50.734 49.4613 1.4
    endloop
  endfacet
  facet normal -0 0 1
    outer loop
      vertex 49.6673 47.6683 1.4
      vertex 51.0404 47.3952 1.4
      vertex 49.6918 47.8334 1.4
    endloop
  endfacet
  facet normal 0 0 1
    outer loop
      vertex 49.4993 48.8014 1.4
      vertex 50.734 49.4613 1.4
      vertex 50.5776 49.7223 1.4
    endloop
  endfacet
  facet normal 0 0 1
    outer loop
      vertex 51.0404 47.3952 1.4
      vertex 49.6673 47.6683 1.4
      vertex 50.9665 47.1001 1.4
    endloop
  endfacet
  facet normal 0 0 1
    outer loop
      vertex 49.4135 48.9445 1.4
      vertex 50.5776 49.7223 1.4
      vertex 50.3963 49.9666 1.4
    endloop
  endfacet
  facet normal -0 0 1
    outer loop
      vertex 49.6268 47.5065 1.4
      vertex 50.9665 47.1001 1.4
      vertex 49.6673 47.6683 1.4
    endloop
  endfacet
  facet normal 0 0 1
    outer loop
      vertex 49.3141 49.0785 1.4
      vertex 50.3963 49.9666 1.4
      vertex 50.192 50.192 1.4
    endloop
  endfacet
  facet normal 0 0 1
    outer loop
      vertex 50.9665 47.1001 1.4
      vertex 49.6268 47.5065 1.4
      vertex 50.864 46.8137 1.4
    endloop
  endfacet
  facet normal 0 0 1
    outer loop
      vertex 49.2021 49.2021 1.4
      vertex 50.192 50.192 1.4
      vertex 49.9666 50.3963 1.4
    endloop
  endfacet
  facet normal -0 0 1
    outer loop
      vertex 49.5706 47.3494 1.4
      vertex 50.864 46.8137 1.4
      vertex 49.6268 47.5065 1.4
    endloop
  endfacet
  facet normal 0 0 1
    outer loop
      vertex 49.0785 49.3141 1.4
      vertex 49.9666 50.3963 1.4
      vertex 49.7223 50.5776 1.4
    endloop
  endfacet
  facet normal 0 0 1
    outer loop
      vertex 50.864 46.8137 1.4
      vertex 49.5706 47.3494 1.4
      vertex 50.734 46.5387 1.4
    endloop
  endfacet
  facet normal -0 0 1
    outer loop
      vertex 49.4993 47.1986 1.4
      vertex 50.734 46.5387 1.4
      vertex 49.5706 47.3494 1.4
    endloop
  endfacet
  facet normal 0 0 1
    outer loop
      vertex 51.0851 48.3039 1.4
      vertex 49.6918 48.1666 1.4
      vertex 49.7 48 1.4
    endloop
  endfacet
  facet normal 0 0 1
    outer loop
      vertex 51.0404 48.6048 1.4
      vertex 49.6673 48.3317 1.4
      vertex 49.6918 48.1666 1.4
    endloop
  endfacet
  facet normal 0 0 1
    outer loop
      vertex 50.9665 48.8999 1.4
      vertex 49.6268 48.4935 1.4
      vertex 49.6673 48.3317 1.4
    endloop
  endfacet
  facet normal 0 0 1
    outer loop
      vertex 50.864 49.1863 1.4
      vertex 49.5706 48.6506 1.4
      vertex 49.6268 48.4935 1.4
    endloop
  endfacet
  facet normal 0 0 1
    outer loop
      vertex 50.734 49.4613 1.4
      vertex 49.4993 48.8014 1.4
      vertex 49.5706 48.6506 1.4
    endloop
  endfacet
  facet normal 0 0 1
    outer loop
      vertex 48.9445 49.4135 1.4
      vertex 49.7223 50.5776 1.4
      vertex 49.4613 50.734 1.4
    endloop
  endfacet
  facet normal 0 0 1
    outer loop
      vertex 50.5776 49.7223 1.4
      vertex 49.4135 48.9445 1.4
      vertex 49.4993 48.8014 1.4
    endloop
  endfacet
  facet normal 0 0 1
    outer loop
      vertex 50.3963 49.9666 1.4
      vertex 49.3141 49.0785 1.4
      vertex 49.4135 48.9445 1.4
    endloop
  endfacet
  facet normal 0 0 1
    outer loop
      vertex 50.192 50.192 1.4
      vertex 49.2021 49.2021 1.4
      vertex 49.3141 49.0785 1.4
    endloop
  endfacet
  facet normal 0 0 1
    outer loop
      vertex 48.8014 49.4993 1.4
      vertex 49.4613 50.734 1.4
      vertex 49.1863 50.864 1.4
    endloop
  endfacet
  facet normal 0 0 1
    outer loop
      vertex 49.9666 50.3963 1.4
      vertex 49.0785 49.3141 1.4
      vertex 49.2021 49.2021 1.4
    endloop
  endfacet
  facet normal 0 0 1
    outer loop
      vertex 49.7223 50.5776 1.4
      vertex 48.9445 49.4135 1.4
      vertex 49.0785 49.3141 1.4
    endloop
  endfacet
  facet normal 0 0 1
    outer loop
      vertex 48.6506 49.5706 1.4
      vertex 49.1863 50.864 1.4
      vertex 48.8999 50.9665 1.4
    endloop
  endfacet
  facet normal 0 0 1
    outer loop
      vertex 49.4613 50.734 1.4
      vertex 48.8014 49.4993 1.4
      vertex 48.9445 49.4135 1.4
    endloop
  endfacet
  facet normal 0 0 1
    outer loop
      vertex 49.1863 50.864 1.4
      vertex 48.6506 49.5706 1.4
      vertex 48.8014 49.4993 1.4
    endloop
  endfacet
  facet normal 0 0 1
    outer loop
      vertex 48.4935 49.6268 1.4
      vertex 48.8999 50.9665 1.4
      vertex 48.6048 51.0404 1.4
    endloop
  endfacet
  facet normal 0 0 1
    outer loop
      vertex 48.8999 50.9665 1.4
      vertex 48.4935 49.6268 1.4
      vertex 48.6506 49.5706 1.4
    endloop
  endfacet
  facet normal 0 0 1
    outer loop
      vertex 48.6048 51.0404 1.4
      vertex 48.3317 49.6673 1.4
      vertex 48.4935 49.6268 1.4
    endloop
  endfacet
  facet normal 0 0 1
    outer loop
      vertex 48.3039 51.0851 1.4
      vertex 48.3317 49.6673 1.4
      vertex 48.6048 51.0404 1.4
    endloop
  endfacet
  facet normal 0 0 1
    outer loop
      vertex 48.3039 51.0851 1.4
      vertex 48.1666 49.6918 1.4
      vertex 48.3317 49.6673 1.4
    endloop
  endfacet
  facet normal 0 0 1
    outer loop
      vertex 48 51.1 1.4
      vertex 48.1666 49.6918 1.4
      vertex 48.3039 51.0851 1.4
    endloop
  endfacet
  facet normal 0 0 1
    outer loop
      vertex 48 51.1 1.4
      vertex 48 49.7 1.4
      vertex 48.1666 49.6918 1.4
    endloop
  endfacet
  facet normal 0 0 1
    outer loop
      vertex 48 51.1 1.4
      vertex 47.8334 49.6918 1.4
      vertex 48 49.7 1.4
    endloop
  endfacet
  facet normal -0 0 1
    outer loop
      vertex 47.6961 51.0851 1.4
      vertex 47.8334 49.6918 1.4
      vertex 48 51.1 1.4
    endloop
  endfacet
  facet normal 0 0 1
    outer loop
      vertex 47.6961 51.0851 1.4
      vertex 47.6683 49.6673 1.4
      vertex 47.8334 49.6918 1.4
    endloop
  endfacet
  facet normal -0 0 1
    outer loop
      vertex 47.3952 51.0404 1.4
      vertex 47.6683 49.6673 1.4
      vertex 47.6961 51.0851 1.4
    endloop
  endfacet
  facet normal 0 0 1
    outer loop
      vertex 47.6683 49.6673 1.4
      vertex 47.3952 51.0404 1.4
      vertex 47.5065 49.6268 1.4
    endloop
  endfacet
  facet normal -0 0 1
    outer loop
      vertex 47.1001 50.9665 1.4
      vertex 47.5065 49.6268 1.4
      vertex 47.3952 51.0404 1.4
    endloop
  endfacet
  facet normal 0 0 1
    outer loop
      vertex 47.5065 49.6268 1.4
      vertex 47.1001 50.9665 1.4
      vertex 47.3494 49.5706 1.4
    endloop
  endfacet
  facet normal -0 0 1
    outer loop
      vertex 46.8137 50.864 1.4
      vertex 47.3494 49.5706 1.4
      vertex 47.1001 50.9665 1.4
    endloop
  endfacet
  facet normal 0 0 1
    outer loop
      vertex 47.3494 49.5706 1.4
      vertex 46.8137 50.864 1.4
      vertex 47.1986 49.4993 1.4
    endloop
  endfacet
  facet normal -0 0 1
    outer loop
      vertex 46.5387 50.734 1.4
      vertex 47.1986 49.4993 1.4
      vertex 46.8137 50.864 1.4
    endloop
  endfacet
  facet normal 0 0 1
    outer loop
      vertex 47.1986 49.4993 1.4
      vertex 46.5387 50.734 1.4
      vertex 47.0555 49.4135 1.4
    endloop
  endfacet
  facet normal -0 0 1
    outer loop
      vertex 46.2777 50.5776 1.4
      vertex 47.0555 49.4135 1.4
      vertex 46.5387 50.734 1.4
    endloop
  endfacet
  facet normal 0 0 1
    outer loop
      vertex 47.0555 49.4135 1.4
      vertex 46.2777 50.5776 1.4
      vertex 46.9215 49.3141 1.4
    endloop
  endfacet
  facet normal -0 0 1
    outer loop
      vertex 46.0334 50.3963 1.4
      vertex 46.9215 49.3141 1.4
      vertex 46.2777 50.5776 1.4
    endloop
  endfacet
  facet normal 0 0 1
    outer loop
      vertex 46.9215 49.3141 1.4
      vertex 46.0334 50.3963 1.4
      vertex 46.7979 49.2021 1.4
    endloop
  endfacet
  facet normal -0 0 1
    outer loop
      vertex 45.808 50.192 1.4
      vertex 46.7979 49.2021 1.4
      vertex 46.0334 50.3963 1.4
    endloop
  endfacet
  facet normal 0 0 1
    outer loop
      vertex 46.7979 49.2021 1.4
      vertex 45.808 50.192 1.4
      vertex 46.6859 49.0785 1.4
    endloop
  endfacet
  facet normal -0 0 1
    outer loop
      vertex 45.6037 49.9666 1.4
      vertex 46.6859 49.0785 1.4
      vertex 45.808 50.192 1.4
    endloop
  endfacet
  facet normal 0 0 1
    outer loop
      vertex 46.6859 49.0785 1.4
      vertex 45.6037 49.9666 1.4
      vertex 46.5865 48.9445 1.4
    endloop
  endfacet
  facet normal -0 0 1
    outer loop
      vertex 45.4224 49.7223 1.4
      vertex 46.5865 48.9445 1.4
      vertex 45.6037 49.9666 1.4
    endloop
  endfacet
  facet normal -0 0 1
    outer loop
      vertex 45.266 49.4613 1.4
      vertex 46.5007 48.8014 1.4
      vertex 45.4224 49.7223 1.4
    endloop
  endfacet
  facet normal 0 0 1
    outer loop
      vertex 46.5865 48.9445 1.4
      vertex 45.4224 49.7223 1.4
      vertex 46.5007 48.8014 1.4
    endloop
  endfacet
  facet normal 0 0 1
    outer loop
      vertex 50.734 46.5387 1.4
      vertex 49.4993 47.1986 1.4
      vertex 50.5776 46.2777 1.4
    endloop
  endfacet
  facet normal -0 0 1
    outer loop
      vertex 49.4135 47.0555 1.4
      vertex 50.5776 46.2777 1.4
      vertex 49.4993 47.1986 1.4
    endloop
  endfacet
  facet normal 0 0 1
    outer loop
      vertex 50.5776 46.2777 1.4
      vertex 49.4135 47.0555 1.4
      vertex 50.3963 46.0334 1.4
    endloop
  endfacet
  facet normal -0 0 1
    outer loop
      vertex 49.3141 46.9215 1.4
      vertex 50.3963 46.0334 1.4
      vertex 49.4135 47.0555 1.4
    endloop
  endfacet
  facet normal 0 0 1
    outer loop
      vertex 50.3963 46.0334 1.4
      vertex 49.3141 46.9215 1.4
      vertex 50.192 45.808 1.4
    endloop
  endfacet
  facet normal -0 0 1
    outer loop
      vertex 49.2021 46.7979 1.4
      vertex 50.192 45.808 1.4
      vertex 49.3141 46.9215 1.4
    endloop
  endfacet
  facet normal 0 0 1
    outer loop
      vertex 50.192 45.808 1.4
      vertex 49.2021 46.7979 1.4
      vertex 49.9666 45.6037 1.4
    endloop
  endfacet
  facet normal -0 0 1
    outer loop
      vertex 49.0785 46.6859 1.4
      vertex 49.9666 45.6037 1.4
      vertex 49.2021 46.7979 1.4
    endloop
  endfacet
  facet normal 0 0 1
    outer loop
      vertex 49.9666 45.6037 1.4
      vertex 49.0785 46.6859 1.4
      vertex 49.7223 45.4224 1.4
    endloop
  endfacet
  facet normal -0 0 1
    outer loop
      vertex 48.9445 46.5865 1.4
      vertex 49.7223 45.4224 1.4
      vertex 49.0785 46.6859 1.4
    endloop
  endfacet
  facet normal 0 0 1
    outer loop
      vertex 49.7223 45.4224 1.4
      vertex 48.9445 46.5865 1.4
      vertex 49.4613 45.266 1.4
    endloop
  endfacet
  facet normal -0 0 1
    outer loop
      vertex 48.8014 46.5007 1.4
      vertex 49.4613 45.266 1.4
      vertex 48.9445 46.5865 1.4
    endloop
  endfacet
  facet normal 0 0 1
    outer loop
      vertex 49.4613 45.266 1.4
      vertex 48.8014 46.5007 1.4
      vertex 49.1863 45.136 1.4
    endloop
  endfacet
  facet normal -0 0 1
    outer loop
      vertex 48.6506 46.4294 1.4
      vertex 49.1863 45.136 1.4
      vertex 48.8014 46.5007 1.4
    endloop
  endfacet
  facet normal 0 0 1
    outer loop
      vertex 49.1863 45.136 1.4
      vertex 48.6506 46.4294 1.4
      vertex 48.8999 45.0335 1.4
    endloop
  endfacet
  facet normal -0 0 1
    outer loop
      vertex 48.4935 46.3732 1.4
      vertex 48.8999 45.0335 1.4
      vertex 48.6506 46.4294 1.4
    endloop
  endfacet
  facet normal 0 0 1
    outer loop
      vertex 48.8999 45.0335 1.4
      vertex 48.4935 46.3732 1.4
      vertex 48.6048 44.9596 1.4
    endloop
  endfacet
  facet normal -0 0 1
    outer loop
      vertex 48.3317 46.3327 1.4
      vertex 48.6048 44.9596 1.4
      vertex 48.4935 46.3732 1.4
    endloop
  endfacet
  facet normal 0 0 1
    outer loop
      vertex 48.3317 46.3327 1.4
      vertex 48.3039 44.9149 1.4
      vertex 48.6048 44.9596 1.4
    endloop
  endfacet
  facet normal -0 0 1
    outer loop
      vertex 48.1666 46.3082 1.4
      vertex 48.3039 44.9149 1.4
      vertex 48.3317 46.3327 1.4
    endloop
  endfacet
  facet normal -0 0 1
    outer loop
      vertex 48 46.3 1.4
      vertex 48.3039 44.9149 1.4
      vertex 48.1666 46.3082 1.4
    endloop
  endfacet
  facet normal 0 0 1
    outer loop
      vertex 48 46.3 1.4
      vertex 48 44.9 1.4
      vertex 48.3039 44.9149 1.4
    endloop
  endfacet
  facet normal 0 0 1
    outer loop
      vertex 47.8334 46.3082 1.4
      vertex 48 44.9 1.4
      vertex 48 46.3 1.4
    endloop
  endfacet
  facet normal 0 0 1
    outer loop
      vertex 47.8334 46.3082 1.4
      vertex 47.6961 44.9149 1.4
      vertex 48 44.9 1.4
    endloop
  endfacet
  facet normal 0 0 1
    outer loop
      vertex 47.6683 46.3327 1.4
      vertex 47.6961 44.9149 1.4
      vertex 47.8334 46.3082 1.4
    endloop
  endfacet
  facet normal 0 0 1
    outer loop
      vertex 47.3952 44.9596 1.4
      vertex 47.6683 46.3327 1.4
      vertex 47.5065 46.3732 1.4
    endloop
  endfacet
  facet normal 0 0 1
    outer loop
      vertex 47.6683 46.3327 1.4
      vertex 47.3952 44.9596 1.4
      vertex 47.6961 44.9149 1.4
    endloop
  endfacet
  facet normal 0 0 1
    outer loop
      vertex 47.1001 45.0335 1.4
      vertex 47.5065 46.3732 1.4
      vertex 47.3494 46.4294 1.4
    endloop
  endfacet
  facet normal 0 0 1
    outer loop
      vertex 46.8137 45.136 1.4
      vertex 47.3494 46.4294 1.4
      vertex 47.1986 46.5007 1.4
    endloop
  endfacet
  facet normal 0 0 1
    outer loop
      vertex 47.5065 46.3732 1.4
      vertex 47.1001 45.0335 1.4
      vertex 47.3952 44.9596 1.4
    endloop
  endfacet
  facet normal 0 0 1
    outer loop
      vertex 46.5387 45.266 1.4
      vertex 47.1986 46.5007 1.4
      vertex 47.0555 46.5865 1.4
    endloop
  endfacet
  facet normal 0 0 1
    outer loop
      vertex 46.2777 45.4224 1.4
      vertex 47.0555 46.5865 1.4
      vertex 46.9215 46.6859 1.4
    endloop
  endfacet
  facet normal 0 0 1
    outer loop
      vertex 47.3494 46.4294 1.4
      vertex 46.8137 45.136 1.4
      vertex 47.1001 45.0335 1.4
    endloop
  endfacet
  facet normal 0 0 1
    outer loop
      vertex 46.0334 45.6037 1.4
      vertex 46.9215 46.6859 1.4
      vertex 46.7979 46.7979 1.4
    endloop
  endfacet
  facet normal 0 0 1
    outer loop
      vertex 45.808 45.808 1.4
      vertex 46.7979 46.7979 1.4
      vertex 46.6859 46.9215 1.4
    endloop
  endfacet
  facet normal 0 0 1
    outer loop
      vertex 45.6037 46.0334 1.4
      vertex 46.6859 46.9215 1.4
      vertex 46.5865 47.0555 1.4
    endloop
  endfacet
  facet normal 0 0 1
    outer loop
      vertex 47.1986 46.5007 1.4
      vertex 46.5387 45.266 1.4
      vertex 46.8137 45.136 1.4
    endloop
  endfacet
  facet normal 0 0 1
    outer loop
      vertex 45.4224 46.2777 1.4
      vertex 46.5865 47.0555 1.4
      vertex 46.5007 47.1986 1.4
    endloop
  endfacet
  facet normal 0 0 1
    outer loop
      vertex 45.266 46.5387 1.4
      vertex 46.5007 47.1986 1.4
      vertex 46.4294 47.3494 1.4
    endloop
  endfacet
  facet normal 0 0 1
    outer loop
      vertex 45.136 46.8137 1.4
      vertex 46.4294 47.3494 1.4
      vertex 46.3732 47.5065 1.4
    endloop
  endfacet
  facet normal 0 0 1
    outer loop
      vertex 45.0335 47.1001 1.4
      vertex 46.3732 47.5065 1.4
      vertex 46.3327 47.6683 1.4
    endloop
  endfacet
  facet normal 0 0 1
    outer loop
      vertex 44.9596 47.3952 1.4
      vertex 46.3327 47.6683 1.4
      vertex 46.3082 47.8334 1.4
    endloop
  endfacet
  facet normal 0 0 1
    outer loop
      vertex 47.0555 46.5865 1.4
      vertex 46.2777 45.4224 1.4
      vertex 46.5387 45.266 1.4
    endloop
  endfacet
  facet normal 0 0 1
    outer loop
      vertex 44.9149 47.6961 1.4
      vertex 46.3082 47.8334 1.4
      vertex 46.3 48 1.4
    endloop
  endfacet
  facet normal 0 0 1
    outer loop
      vertex 46.5007 48.8014 1.4
      vertex 45.266 49.4613 1.4
      vertex 46.4294 48.6506 1.4
    endloop
  endfacet
  facet normal -0 0 1
    outer loop
      vertex 45.136 49.1863 1.4
      vertex 46.4294 48.6506 1.4
      vertex 45.266 49.4613 1.4
    endloop
  endfacet
  facet normal 0 0 1
    outer loop
      vertex 46.9215 46.6859 1.4
      vertex 46.0334 45.6037 1.4
      vertex 46.2777 45.4224 1.4
    endloop
  endfacet
  facet normal 0 0 1
    outer loop
      vertex 46.4294 48.6506 1.4
      vertex 45.136 49.1863 1.4
      vertex 46.3732 48.4935 1.4
    endloop
  endfacet
  facet normal 0 0 1
    outer loop
      vertex 46.7979 46.7979 1.4
      vertex 45.808 45.808 1.4
      vertex 46.0334 45.6037 1.4
    endloop
  endfacet
  facet normal -0 0 1
    outer loop
      vertex 45.0335 48.8999 1.4
      vertex 46.3732 48.4935 1.4
      vertex 45.136 49.1863 1.4
    endloop
  endfacet
  facet normal 0 0 1
    outer loop
      vertex 46.6859 46.9215 1.4
      vertex 45.6037 46.0334 1.4
      vertex 45.808 45.808 1.4
    endloop
  endfacet
  facet normal 0 0 1
    outer loop
      vertex 46.3732 48.4935 1.4
      vertex 45.0335 48.8999 1.4
      vertex 46.3327 48.3317 1.4
    endloop
  endfacet
  facet normal 0 0 1
    outer loop
      vertex 46.5865 47.0555 1.4
      vertex 45.4224 46.2777 1.4
      vertex 45.6037 46.0334 1.4
    endloop
  endfacet
  facet normal -0 0 1
    outer loop
      vertex 44.9596 48.6048 1.4
      vertex 46.3327 48.3317 1.4
      vertex 45.0335 48.8999 1.4
    endloop
  endfacet
  facet normal 0 0 1
    outer loop
      vertex 46.5007 47.1986 1.4
      vertex 45.266 46.5387 1.4
      vertex 45.4224 46.2777 1.4
    endloop
  endfacet
  facet normal 0 0 1
    outer loop
      vertex 46.3327 48.3317 1.4
      vertex 44.9596 48.6048 1.4
      vertex 46.3082 48.1666 1.4
    endloop
  endfacet
  facet normal 0 0 1
    outer loop
      vertex 46.4294 47.3494 1.4
      vertex 45.136 46.8137 1.4
      vertex 45.266 46.5387 1.4
    endloop
  endfacet
  facet normal -0 0 1
    outer loop
      vertex 44.9149 48.3039 1.4
      vertex 46.3082 48.1666 1.4
      vertex 44.9596 48.6048 1.4
    endloop
  endfacet
  facet normal 0 0 1
    outer loop
      vertex 46.3732 47.5065 1.4
      vertex 45.0335 47.1001 1.4
      vertex 45.136 46.8137 1.4
    endloop
  endfacet
  facet normal 0 0 1
    outer loop
      vertex 46.3082 48.1666 1.4
      vertex 44.9149 48.3039 1.4
      vertex 46.3 48 1.4
    endloop
  endfacet
  facet normal 0 0 1
    outer loop
      vertex 46.3327 47.6683 1.4
      vertex 44.9596 47.3952 1.4
      vertex 45.0335 47.1001 1.4
    endloop
  endfacet
  facet normal 0 0 1
    outer loop
      vertex 44.9 48 1.4
      vertex 46.3 48 1.4
      vertex 44.9149 48.3039 1.4
    endloop
  endfacet
  facet normal 0 0 1
    outer loop
      vertex 46.3082 47.8334 1.4
      vertex 44.9149 47.6961 1.4
      vertex 44.9596 47.3952 1.4
    endloop
  endfacet
  facet normal 0 0 1
    outer loop
      vertex 46.3 48 1.4
      vertex 44.9 48 1.4
      vertex 44.9149 47.6961 1.4
    endloop
  endfacet
  facet normal 0.857783 -0.514012 0
    outer loop
      vertex 45.266 49.4613 3
      vertex 45.4224 49.7223 1.4
      vertex 45.4224 49.7223 3
    endloop
  endfacet
  facet normal 0.857783 -0.514012 0
    outer loop
      vertex 45.4224 49.7223 1.4
      vertex 45.266 49.4613 3
      vertex 45.266 49.4613 1.4
    endloop
  endfacet
  facet normal 0.803027 -0.595943 0
    outer loop
      vertex 45.4224 49.7223 3
      vertex 45.6037 49.9666 1.4
      vertex 45.6037 49.9666 3
    endloop
  endfacet
  facet normal 0.803027 -0.595943 0
    outer loop
      vertex 45.6037 49.9666 1.4
      vertex 45.4224 49.7223 3
      vertex 45.4224 49.7223 1.4
    endloop
  endfacet
  facet normal 0.904072 -0.42738 0
    outer loop
      vertex 45.136 49.1863 3
      vertex 45.266 49.4613 1.4
      vertex 45.266 49.4613 3
    endloop
  endfacet
  facet normal 0.904072 -0.42738 0
    outer loop
      vertex 45.266 49.4613 1.4
      vertex 45.136 49.1863 3
      vertex 45.136 49.1863 1.4
    endloop
  endfacet
  facet normal 0.970046 -0.242922 0
    outer loop
      vertex 44.9596 48.6048 3
      vertex 45.0335 48.8999 1.4
      vertex 45.0335 48.8999 3
    endloop
  endfacet
  facet normal 0.970046 -0.242922 0
    outer loop
      vertex 45.0335 48.8999 1.4
      vertex 44.9596 48.6048 3
      vertex 44.9596 48.6048 1.4
    endloop
  endfacet
  facet normal 0.9988 -0.0489705 0
    outer loop
      vertex 44.9 48 3
      vertex 44.9149 48.3039 1.4
      vertex 44.9149 48.3039 3
    endloop
  endfacet
  facet normal 0.9988 -0.0489705 0
    outer loop
      vertex 44.9149 48.3039 1.4
      vertex 44.9 48 3
      vertex 44.9 48 1.4
    endloop
  endfacet
  facet normal 0.595943 -0.803027 0
    outer loop
      vertex 46.0334 50.3963 1.4
      vertex 46.2777 50.5776 3
      vertex 46.0334 50.3963 3
    endloop
  endfacet
  facet normal 0.595943 -0.803027 0
    outer loop
      vertex 46.2777 50.5776 3
      vertex 46.0334 50.3963 1.4
      vertex 46.2777 50.5776 1.4
    endloop
  endfacet
  facet normal 0.514012 -0.857783 0
    outer loop
      vertex 46.2777 50.5776 1.4
      vertex 46.5387 50.734 3
      vertex 46.2777 50.5776 3
    endloop
  endfacet
  facet normal 0.514012 -0.857783 0
    outer loop
      vertex 46.5387 50.734 3
      vertex 46.2777 50.5776 1.4
      vertex 46.5387 50.734 1.4
    endloop
  endfacet
  facet normal 0.671576 -0.740936 0
    outer loop
      vertex 45.808 50.192 1.4
      vertex 46.0334 50.3963 3
      vertex 45.808 50.192 3
    endloop
  endfacet
  facet normal 0.671576 -0.740936 0
    outer loop
      vertex 46.0334 50.3963 3
      vertex 45.808 50.192 1.4
      vertex 46.0334 50.3963 1.4
    endloop
  endfacet
  facet normal 0.336961 -0.941519 0
    outer loop
      vertex 46.8137 50.864 1.4
      vertex 47.1001 50.9665 3
      vertex 46.8137 50.864 3
    endloop
  endfacet
  facet normal 0.336961 -0.941519 0
    outer loop
      vertex 47.1001 50.9665 3
      vertex 46.8137 50.864 1.4
      vertex 47.1001 50.9665 1.4
    endloop
  endfacet
  facet normal 0.146942 -0.989145 0
    outer loop
      vertex 47.3952 51.0404 1.4
      vertex 47.6961 51.0851 3
      vertex 47.3952 51.0404 3
    endloop
  endfacet
  facet normal 0.146942 -0.989145 0
    outer loop
      vertex 47.6961 51.0851 3
      vertex 47.3952 51.0404 1.4
      vertex 47.6961 51.0851 1.4
    endloop
  endfacet
  facet normal -0.9988 0.0489705 0
    outer loop
      vertex 51.0851 47.6961 1.4
      vertex 51.1 48 3
      vertex 51.1 48 1.4
    endloop
  endfacet
  facet normal -0.9988 0.0489705 0
    outer loop
      vertex 51.1 48 3
      vertex 51.0851 47.6961 1.4
      vertex 51.0851 47.6961 3
    endloop
  endfacet
  facet normal -0.146942 0.989145 0
    outer loop
      vertex 48.6048 44.9596 1.4
      vertex 48.3039 44.9149 3
      vertex 48.6048 44.9596 3
    endloop
  endfacet
  facet normal -0.146942 0.989145 0
    outer loop
      vertex 48.3039 44.9149 3
      vertex 48.6048 44.9596 1.4
      vertex 48.3039 44.9149 1.4
    endloop
  endfacet
  facet normal -0.336961 0.941519 0
    outer loop
      vertex 49.1863 45.136 1.4
      vertex 48.8999 45.0335 3
      vertex 49.1863 45.136 3
    endloop
  endfacet
  facet normal -0.336961 0.941519 0
    outer loop
      vertex 48.8999 45.0335 3
      vertex 49.1863 45.136 1.4
      vertex 48.8999 45.0335 1.4
    endloop
  endfacet
  facet normal -0.671576 0.740936 0
    outer loop
      vertex 50.192 45.808 1.4
      vertex 49.9666 45.6037 3
      vertex 50.192 45.808 3
    endloop
  endfacet
  facet normal -0.671576 0.740936 0
    outer loop
      vertex 49.9666 45.6037 3
      vertex 50.192 45.808 1.4
      vertex 49.9666 45.6037 1.4
    endloop
  endfacet
  facet normal -0.514012 0.857783 0
    outer loop
      vertex 49.7223 45.4224 1.4
      vertex 49.4613 45.266 3
      vertex 49.7223 45.4224 3
    endloop
  endfacet
  facet normal -0.514012 0.857783 0
    outer loop
      vertex 49.4613 45.266 3
      vertex 49.7223 45.4224 1.4
      vertex 49.4613 45.266 1.4
    endloop
  endfacet
  facet normal -0.803027 0.595943 0
    outer loop
      vertex 50.3963 46.0334 1.4
      vertex 50.5776 46.2777 3
      vertex 50.5776 46.2777 1.4
    endloop
  endfacet
  facet normal -0.803027 0.595943 0
    outer loop
      vertex 50.5776 46.2777 3
      vertex 50.3963 46.0334 1.4
      vertex 50.3963 46.0334 3
    endloop
  endfacet
  facet normal -0.904072 0.42738 0
    outer loop
      vertex 50.734 46.5387 1.4
      vertex 50.864 46.8137 3
      vertex 50.864 46.8137 1.4
    endloop
  endfacet
  facet normal -0.904072 0.42738 0
    outer loop
      vertex 50.864 46.8137 3
      vertex 50.734 46.5387 1.4
      vertex 50.734 46.5387 3
    endloop
  endfacet
  facet normal -0.970046 0.242922 0
    outer loop
      vertex 50.9665 47.1001 1.4
      vertex 51.0404 47.3952 3
      vertex 51.0404 47.3952 1.4
    endloop
  endfacet
  facet normal -0.970046 0.242922 0
    outer loop
      vertex 51.0404 47.3952 3
      vertex 50.9665 47.1001 1.4
      vertex 50.9665 47.1001 3
    endloop
  endfacet
  facet normal 0.595943 0.803027 -0
    outer loop
      vertex 46.2777 45.4224 1.4
      vertex 46.0334 45.6037 3
      vertex 46.2777 45.4224 3
    endloop
  endfacet
  facet normal 0.595943 0.803027 0
    outer loop
      vertex 46.0334 45.6037 3
      vertex 46.2777 45.4224 1.4
      vertex 46.0334 45.6037 1.4
    endloop
  endfacet
  facet normal 0.42738 0.904072 -0
    outer loop
      vertex 46.8137 45.136 1.4
      vertex 46.5387 45.266 3
      vertex 46.8137 45.136 3
    endloop
  endfacet
  facet normal 0.42738 0.904072 0
    outer loop
      vertex 46.5387 45.266 3
      vertex 46.8137 45.136 1.4
      vertex 46.5387 45.266 1.4
    endloop
  endfacet
  facet normal 0.242922 0.970046 -0
    outer loop
      vertex 47.3952 44.9596 1.4
      vertex 47.1001 45.0335 3
      vertex 47.3952 44.9596 3
    endloop
  endfacet
  facet normal 0.242922 0.970046 0
    outer loop
      vertex 47.1001 45.0335 3
      vertex 47.3952 44.9596 1.4
      vertex 47.1001 45.0335 1.4
    endloop
  endfacet
  facet normal 0.0489705 0.9988 -0
    outer loop
      vertex 48 44.9 1.4
      vertex 47.6961 44.9149 3
      vertex 48 44.9 3
    endloop
  endfacet
  facet normal 0.0489705 0.9988 0
    outer loop
      vertex 47.6961 44.9149 3
      vertex 48 44.9 1.4
      vertex 47.6961 44.9149 1.4
    endloop
  endfacet
  facet normal 0.803027 0.595943 0
    outer loop
      vertex 45.6037 46.0334 3
      vertex 45.4224 46.2777 1.4
      vertex 45.4224 46.2777 3
    endloop
  endfacet
  facet normal 0.803027 0.595943 0
    outer loop
      vertex 45.4224 46.2777 1.4
      vertex 45.6037 46.0334 3
      vertex 45.6037 46.0334 1.4
    endloop
  endfacet
  facet normal 0.857783 0.514012 0
    outer loop
      vertex 45.4224 46.2777 3
      vertex 45.266 46.5387 1.4
      vertex 45.266 46.5387 3
    endloop
  endfacet
  facet normal 0.857783 0.514012 0
    outer loop
      vertex 45.266 46.5387 1.4
      vertex 45.4224 46.2777 3
      vertex 45.4224 46.2777 1.4
    endloop
  endfacet
  facet normal 0.740936 0.671576 0
    outer loop
      vertex 45.808 45.808 3
      vertex 45.6037 46.0334 1.4
      vertex 45.6037 46.0334 3
    endloop
  endfacet
  facet normal 0.740936 0.671576 0
    outer loop
      vertex 45.6037 46.0334 1.4
      vertex 45.808 45.808 3
      vertex 45.808 45.808 1.4
    endloop
  endfacet
  facet normal 0.989145 0.146942 0
    outer loop
      vertex 44.9596 47.3952 3
      vertex 44.9149 47.6961 1.4
      vertex 44.9149 47.6961 3
    endloop
  endfacet
  facet normal 0.989145 0.146942 0
    outer loop
      vertex 44.9149 47.6961 1.4
      vertex 44.9596 47.3952 3
      vertex 44.9596 47.3952 1.4
    endloop
  endfacet
  facet normal 0.941519 0.336961 0
    outer loop
      vertex 45.136 46.8137 3
      vertex 45.0335 47.1001 1.4
      vertex 45.0335 47.1001 3
    endloop
  endfacet
  facet normal 0.941519 0.336961 0
    outer loop
      vertex 45.0335 47.1001 1.4
      vertex 45.136 46.8137 3
      vertex 45.136 46.8137 1.4
    endloop
  endfacet
  facet normal 0.9988 0.0489705 0
    outer loop
      vertex 44.9149 47.6961 3
      vertex 44.9 48 1.4
      vertex 44.9 48 3
    endloop
  endfacet
  facet normal 0.9988 0.0489705 0
    outer loop
      vertex 44.9 48 1.4
      vertex 44.9149 47.6961 3
      vertex 44.9149 47.6961 1.4
    endloop
  endfacet
  facet normal -0.242922 0.970046 0
    outer loop
      vertex 48.8999 45.0335 1.4
      vertex 48.6048 44.9596 3
      vertex 48.8999 45.0335 3
    endloop
  endfacet
  facet normal -0.242922 0.970046 0
    outer loop
      vertex 48.6048 44.9596 3
      vertex 48.8999 45.0335 1.4
      vertex 48.6048 44.9596 1.4
    endloop
  endfacet
  facet normal -0.42738 0.904072 0
    outer loop
      vertex 49.4613 45.266 1.4
      vertex 49.1863 45.136 3
      vertex 49.4613 45.266 3
    endloop
  endfacet
  facet normal -0.42738 0.904072 0
    outer loop
      vertex 49.1863 45.136 3
      vertex 49.4613 45.266 1.4
      vertex 49.1863 45.136 1.4
    endloop
  endfacet
  facet normal -0.740936 0.671576 0
    outer loop
      vertex 50.192 45.808 1.4
      vertex 50.3963 46.0334 3
      vertex 50.3963 46.0334 1.4
    endloop
  endfacet
  facet normal -0.740936 0.671576 0
    outer loop
      vertex 50.3963 46.0334 3
      vertex 50.192 45.808 1.4
      vertex 50.192 45.808 3
    endloop
  endfacet
  facet normal -0.595943 0.803027 0
    outer loop
      vertex 49.9666 45.6037 1.4
      vertex 49.7223 45.4224 3
      vertex 49.9666 45.6037 3
    endloop
  endfacet
  facet normal -0.595943 0.803027 0
    outer loop
      vertex 49.7223 45.4224 3
      vertex 49.9666 45.6037 1.4
      vertex 49.7223 45.4224 1.4
    endloop
  endfacet
  facet normal -0.857783 0.514012 0
    outer loop
      vertex 50.5776 46.2777 1.4
      vertex 50.734 46.5387 3
      vertex 50.734 46.5387 1.4
    endloop
  endfacet
  facet normal -0.857783 0.514012 0
    outer loop
      vertex 50.734 46.5387 3
      vertex 50.5776 46.2777 1.4
      vertex 50.5776 46.2777 3
    endloop
  endfacet
  facet normal -0.941519 0.336961 0
    outer loop
      vertex 50.864 46.8137 1.4
      vertex 50.9665 47.1001 3
      vertex 50.9665 47.1001 1.4
    endloop
  endfacet
  facet normal -0.941519 0.336961 0
    outer loop
      vertex 50.9665 47.1001 3
      vertex 50.864 46.8137 1.4
      vertex 50.864 46.8137 3
    endloop
  endfacet
  facet normal -0.989145 0.146942 0
    outer loop
      vertex 51.0404 47.3952 1.4
      vertex 51.0851 47.6961 3
      vertex 51.0851 47.6961 1.4
    endloop
  endfacet
  facet normal -0.989145 0.146942 0
    outer loop
      vertex 51.0851 47.6961 3
      vertex 51.0404 47.3952 1.4
      vertex 51.0404 47.3952 3
    endloop
  endfacet
  facet normal 0.514012 0.857783 -0
    outer loop
      vertex 46.5387 45.266 1.4
      vertex 46.2777 45.4224 3
      vertex 46.5387 45.266 3
    endloop
  endfacet
  facet normal 0.514012 0.857783 0
    outer loop
      vertex 46.2777 45.4224 3
      vertex 46.5387 45.266 1.4
      vertex 46.2777 45.4224 1.4
    endloop
  endfacet
  facet normal 0.336961 0.941519 -0
    outer loop
      vertex 47.1001 45.0335 1.4
      vertex 46.8137 45.136 3
      vertex 47.1001 45.0335 3
    endloop
  endfacet
  facet normal 0.336961 0.941519 0
    outer loop
      vertex 46.8137 45.136 3
      vertex 47.1001 45.0335 1.4
      vertex 46.8137 45.136 1.4
    endloop
  endfacet
  facet normal 0.146942 0.989145 -0
    outer loop
      vertex 47.6961 44.9149 1.4
      vertex 47.3952 44.9596 3
      vertex 47.6961 44.9149 3
    endloop
  endfacet
  facet normal 0.146942 0.989145 0
    outer loop
      vertex 47.3952 44.9596 3
      vertex 47.6961 44.9149 1.4
      vertex 47.3952 44.9596 1.4
    endloop
  endfacet
  facet normal -0.0489705 0.9988 0
    outer loop
      vertex 48.3039 44.9149 1.4
      vertex 48 44.9 3
      vertex 48.3039 44.9149 3
    endloop
  endfacet
  facet normal -0.0489705 0.9988 0
    outer loop
      vertex 48 44.9 3
      vertex 48.3039 44.9149 1.4
      vertex 48 44.9 1.4
    endloop
  endfacet
  facet normal 0.970046 0.242922 0
    outer loop
      vertex 45.0335 47.1001 3
      vertex 44.9596 47.3952 1.4
      vertex 44.9596 47.3952 3
    endloop
  endfacet
  facet normal 0.970046 0.242922 0
    outer loop
      vertex 44.9596 47.3952 1.4
      vertex 45.0335 47.1001 3
      vertex 45.0335 47.1001 1.4
    endloop
  endfacet
endsolid OpenSCAD_Model
