solid OpenSCAD_Model
  facet normal 0 0 1
    outer loop
      vertex 50.5 50.5 62
      vertex 53.5 49.5 62
      vertex 53.4807 49.8921 62
    endloop
  endfacet
  facet normal 0 0 1
    outer loop
      vertex 53.5 49.5 62
      vertex 50.5 50.5 62
      vertex 53.5 -49.5 62
    endloop
  endfacet
  facet normal 0 0 1
    outer loop
      vertex 50.5 50.5 62
      vertex 53.4807 49.8921 62
      vertex 53.4231 50.2804 62
    endloop
  endfacet
  facet normal 0 0 1
    outer loop
      vertex 50.5 -50.5 62
      vertex 53.5 -49.5 62
      vertex 50.5 50.5 62
    endloop
  endfacet
  facet normal -0 0 1
    outer loop
      vertex 50.5 50.5 62
      vertex 53.4231 50.2804 62
      vertex 53.3278 50.6611 62
    endloop
  endfacet
  facet normal 0 0 1
    outer loop
      vertex 53.5 -49.5 62
      vertex 50.5 -50.5 62
      vertex 53.4807 -49.8921 62
    endloop
  endfacet
  facet normal 0 0 1
    outer loop
      vertex 50.5 50.5 62
      vertex 53.3278 50.6611 62
      vertex 53.1955 51.0307 62
    endloop
  endfacet
  facet normal 0 0 1
    outer loop
      vertex 53.4807 -49.8921 62
      vertex 50.5 -50.5 62
      vertex 53.4231 -50.2804 62
    endloop
  endfacet
  facet normal 0 0 1
    outer loop
      vertex 50.5 50.5 62
      vertex 53.1955 51.0307 62
      vertex 53.0277 51.3856 62
    endloop
  endfacet
  facet normal 0 0 1
    outer loop
      vertex 53.4231 -50.2804 62
      vertex 50.5 -50.5 62
      vertex 53.3278 -50.6611 62
    endloop
  endfacet
  facet normal 0 0 1
    outer loop
      vertex 50.5 50.5 62
      vertex 53.0277 51.3856 62
      vertex 52.8259 51.7223 62
    endloop
  endfacet
  facet normal 0 0 1
    outer loop
      vertex 53.3278 -50.6611 62
      vertex 50.5 -50.5 62
      vertex 53.1955 -51.0307 62
    endloop
  endfacet
  facet normal 0 0 1
    outer loop
      vertex 50.5 50.5 62
      vertex 52.8259 51.7223 62
      vertex 52.592 52.0376 62
    endloop
  endfacet
  facet normal 0 0 1
    outer loop
      vertex 53.1955 -51.0307 62
      vertex 50.5 -50.5 62
      vertex 53.0277 -51.3856 62
    endloop
  endfacet
  facet normal 0 0 1
    outer loop
      vertex 50.5 50.5 62
      vertex 52.592 52.0376 62
      vertex 52.3284 52.3284 62
    endloop
  endfacet
  facet normal 0 0 1
    outer loop
      vertex 53.0277 -51.3856 62
      vertex 50.5 -50.5 62
      vertex 52.8259 -51.7223 62
    endloop
  endfacet
  facet normal 0 0 1
    outer loop
      vertex 50.5 50.5 62
      vertex 52.3284 52.3284 62
      vertex 52.0376 52.592 62
    endloop
  endfacet
  facet normal 0 0 1
    outer loop
      vertex 52.8259 -51.7223 62
      vertex 50.5 -50.5 62
      vertex 52.592 -52.0376 62
    endloop
  endfacet
  facet normal 0 0 1
    outer loop
      vertex 50.5 50.5 62
      vertex 52.0376 52.592 62
      vertex 51.7223 52.8259 62
    endloop
  endfacet
  facet normal 0 0 1
    outer loop
      vertex 52.592 -52.0376 62
      vertex 50.5 -50.5 62
      vertex 52.3284 -52.3284 62
    endloop
  endfacet
  facet normal 0 0 1
    outer loop
      vertex 50.5 50.5 62
      vertex 51.7223 52.8259 62
      vertex 51.3856 53.0277 62
    endloop
  endfacet
  facet normal 0 0 1
    outer loop
      vertex 52.3284 -52.3284 62
      vertex 50.5 -50.5 62
      vertex 52.0376 -52.592 62
    endloop
  endfacet
  facet normal 0 0 1
    outer loop
      vertex 50.5 50.5 62
      vertex 51.3856 53.0277 62
      vertex 51.0307 53.1955 62
    endloop
  endfacet
  facet normal 0 0 1
    outer loop
      vertex 52.0376 -52.592 62
      vertex 50.5 -50.5 62
      vertex 51.7223 -52.8259 62
    endloop
  endfacet
  facet normal 0 0 1
    outer loop
      vertex 50.5 50.5 62
      vertex 51.0307 53.1955 62
      vertex 50.6611 53.3278 62
    endloop
  endfacet
  facet normal 0 0 1
    outer loop
      vertex 51.7223 -52.8259 62
      vertex 50.5 -50.5 62
      vertex 51.3856 -53.0277 62
    endloop
  endfacet
  facet normal 0 0 1
    outer loop
      vertex 51.3856 -53.0277 62
      vertex 50.5 -50.5 62
      vertex 51.0307 -53.1955 62
    endloop
  endfacet
  facet normal 0 0 1
    outer loop
      vertex 50.2804 53.4231 62
      vertex 50.5 50.5 62
      vertex 50.6611 53.3278 62
    endloop
  endfacet
  facet normal 0 0 1
    outer loop
      vertex 49.8921 53.4807 62
      vertex 50.5 50.5 62
      vertex 50.2804 53.4231 62
    endloop
  endfacet
  facet normal 0 0 1
    outer loop
      vertex 49.5 53.5 62
      vertex 50.5 50.5 62
      vertex 49.8921 53.4807 62
    endloop
  endfacet
  facet normal -0 0 1
    outer loop
      vertex -49.5 53.5 62
      vertex 50.5 50.5 62
      vertex 49.5 53.5 62
    endloop
  endfacet
  facet normal 0 0 1
    outer loop
      vertex -50.5 50.5 62
      vertex -49.5 53.5 62
      vertex -49.8921 53.4807 62
    endloop
  endfacet
  facet normal 0 0 1
    outer loop
      vertex -50.5 50.5 62
      vertex -49.8921 53.4807 62
      vertex -50.2804 53.4231 62
    endloop
  endfacet
  facet normal 0 0 1
    outer loop
      vertex -49.5 53.5 62
      vertex -50.5 50.5 62
      vertex 50.5 50.5 62
    endloop
  endfacet
  facet normal -0 0 1
    outer loop
      vertex -51.0307 53.1955 62
      vertex -50.5 50.5 62
      vertex -50.6611 53.3278 62
    endloop
  endfacet
  facet normal -0 0 1
    outer loop
      vertex -50.6611 53.3278 62
      vertex -50.5 50.5 62
      vertex -50.2804 53.4231 62
    endloop
  endfacet
  facet normal 0 0 1
    outer loop
      vertex 51.0307 -53.1955 62
      vertex 50.5 -50.5 62
      vertex 50.6611 -53.3278 62
    endloop
  endfacet
  facet normal 0 0 1
    outer loop
      vertex 50.5 -50.5 62
      vertex 50.2804 -53.4231 62
      vertex 50.6611 -53.3278 62
    endloop
  endfacet
  facet normal 0 0 1
    outer loop
      vertex 50.5 -50.5 62
      vertex 49.8921 -53.4807 62
      vertex 50.2804 -53.4231 62
    endloop
  endfacet
  facet normal 0 0 1
    outer loop
      vertex 50.5 -50.5 62
      vertex 49.5 -53.5 62
      vertex 49.8921 -53.4807 62
    endloop
  endfacet
  facet normal 0 0 1
    outer loop
      vertex 50.5 -50.5 62
      vertex -49.5 -53.5 62
      vertex 49.5 -53.5 62
    endloop
  endfacet
  facet normal -0 0 1
    outer loop
      vertex -50.5 -50.5 62
      vertex -49.5 -53.5 62
      vertex 50.5 -50.5 62
    endloop
  endfacet
  facet normal 0 0 1
    outer loop
      vertex -49.5 -53.5 62
      vertex -50.5 -50.5 62
      vertex -49.8921 -53.4807 62
    endloop
  endfacet
  facet normal 0 0 1
    outer loop
      vertex -49.8921 -53.4807 62
      vertex -50.5 -50.5 62
      vertex -50.2804 -53.4231 62
    endloop
  endfacet
  facet normal 0 0 1
    outer loop
      vertex -50.5 -50.5 62
      vertex -50.6611 -53.3278 62
      vertex -50.2804 -53.4231 62
    endloop
  endfacet
  facet normal 0 0 1
    outer loop
      vertex -50.5 50.5 62
      vertex -53.5 49.5 62
      vertex -50.5 -50.5 62
    endloop
  endfacet
  facet normal -0 0 1
    outer loop
      vertex -51.3856 53.0277 62
      vertex -50.5 50.5 62
      vertex -51.0307 53.1955 62
    endloop
  endfacet
  facet normal -0 0 1
    outer loop
      vertex -53.5 -49.5 62
      vertex -50.5 -50.5 62
      vertex -53.5 49.5 62
    endloop
  endfacet
  facet normal -0 0 1
    outer loop
      vertex -51.7223 52.8259 62
      vertex -50.5 50.5 62
      vertex -51.3856 53.0277 62
    endloop
  endfacet
  facet normal -0 -0 1
    outer loop
      vertex -53.4807 -49.8921 62
      vertex -50.5 -50.5 62
      vertex -53.5 -49.5 62
    endloop
  endfacet
  facet normal -0 0 1
    outer loop
      vertex -52.0376 52.592 62
      vertex -50.5 50.5 62
      vertex -51.7223 52.8259 62
    endloop
  endfacet
  facet normal 0 0 1
    outer loop
      vertex -50.5 -50.5 62
      vertex -51.0307 -53.1955 62
      vertex -50.6611 -53.3278 62
    endloop
  endfacet
  facet normal -0 0 1
    outer loop
      vertex -52.3284 52.3284 62
      vertex -50.5 50.5 62
      vertex -52.0376 52.592 62
    endloop
  endfacet
  facet normal 0 0 1
    outer loop
      vertex -50.5 -50.5 62
      vertex -51.3856 -53.0277 62
      vertex -51.0307 -53.1955 62
    endloop
  endfacet
  facet normal -0 0 1
    outer loop
      vertex -52.592 52.0376 62
      vertex -50.5 50.5 62
      vertex -52.3284 52.3284 62
    endloop
  endfacet
  facet normal 0 0 1
    outer loop
      vertex -50.5 -50.5 62
      vertex -51.7223 -52.8259 62
      vertex -51.3856 -53.0277 62
    endloop
  endfacet
  facet normal -0 0 1
    outer loop
      vertex -52.8259 51.7223 62
      vertex -50.5 50.5 62
      vertex -52.592 52.0376 62
    endloop
  endfacet
  facet normal 0 0 1
    outer loop
      vertex -50.5 -50.5 62
      vertex -52.0376 -52.592 62
      vertex -51.7223 -52.8259 62
    endloop
  endfacet
  facet normal -0 0 1
    outer loop
      vertex -53.0277 51.3856 62
      vertex -50.5 50.5 62
      vertex -52.8259 51.7223 62
    endloop
  endfacet
  facet normal 0 0 1
    outer loop
      vertex -50.5 -50.5 62
      vertex -52.3284 -52.3284 62
      vertex -52.0376 -52.592 62
    endloop
  endfacet
  facet normal -0 0 1
    outer loop
      vertex -53.1955 51.0307 62
      vertex -50.5 50.5 62
      vertex -53.0277 51.3856 62
    endloop
  endfacet
  facet normal 0 0 1
    outer loop
      vertex -50.5 -50.5 62
      vertex -52.592 -52.0376 62
      vertex -52.3284 -52.3284 62
    endloop
  endfacet
  facet normal -0 0 1
    outer loop
      vertex -53.3278 50.6611 62
      vertex -50.5 50.5 62
      vertex -53.1955 51.0307 62
    endloop
  endfacet
  facet normal 0 0 1
    outer loop
      vertex -50.5 -50.5 62
      vertex -52.8259 -51.7223 62
      vertex -52.592 -52.0376 62
    endloop
  endfacet
  facet normal 0 0 1
    outer loop
      vertex -53.4231 50.2804 62
      vertex -50.5 50.5 62
      vertex -53.3278 50.6611 62
    endloop
  endfacet
  facet normal 0 0 1
    outer loop
      vertex -50.5 -50.5 62
      vertex -53.0277 -51.3856 62
      vertex -52.8259 -51.7223 62
    endloop
  endfacet
  facet normal 0 0 1
    outer loop
      vertex -53.4807 49.8921 62
      vertex -50.5 50.5 62
      vertex -53.4231 50.2804 62
    endloop
  endfacet
  facet normal 0 0 1
    outer loop
      vertex -50.5 -50.5 62
      vertex -53.1955 -51.0307 62
      vertex -53.0277 -51.3856 62
    endloop
  endfacet
  facet normal 0 0 1
    outer loop
      vertex -50.5 50.5 62
      vertex -53.4807 49.8921 62
      vertex -53.5 49.5 62
    endloop
  endfacet
  facet normal 0 0 1
    outer loop
      vertex -50.5 -50.5 62
      vertex -53.3278 -50.6611 62
      vertex -53.1955 -51.0307 62
    endloop
  endfacet
  facet normal 0 0 1
    outer loop
      vertex -50.5 -50.5 62
      vertex -53.4231 -50.2804 62
      vertex -53.3278 -50.6611 62
    endloop
  endfacet
  facet normal 0 0 1
    outer loop
      vertex -50.5 -50.5 62
      vertex -53.4807 -49.8921 62
      vertex -53.4231 -50.2804 62
    endloop
  endfacet
  facet normal -0.0491626 -0.998791 0
    outer loop
      vertex -49.8921 -53.4807 0
      vertex -49.5 -53.5 62
      vertex -49.8921 -53.4807 62
    endloop
  endfacet
  facet normal -0.0491626 -0.998791 -0
    outer loop
      vertex -49.5 -53.5 62
      vertex -49.8921 -53.4807 0
      vertex -49.5 -53.5 0
    endloop
  endfacet
  facet normal 0 -1 0
    outer loop
      vertex 49.5 -53.5 62
      vertex 24.8285 -53.5 33.7416
      vertex 25 -53.5 33.75
    endloop
  endfacet
  facet normal 0 -1 0
    outer loop
      vertex -21.882 -53.5 34.0834
      vertex 24.6586 -53.5 33.7164
      vertex 24.8285 -53.5 33.7416
    endloop
  endfacet
  facet normal 0 -1 0
    outer loop
      vertex -21.882 -53.5 34.0834
      vertex 24.492 -53.5 33.6746
      vertex 24.6586 -53.5 33.7164
    endloop
  endfacet
  facet normal 0 -1 0
    outer loop
      vertex -21.882 -53.5 34.0834
      vertex 24.3303 -53.5 33.6168
      vertex 24.492 -53.5 33.6746
    endloop
  endfacet
  facet normal 0 -1 0
    outer loop
      vertex -21.882 -53.5 34.0834
      vertex 24.1751 -53.5 33.5434
      vertex 24.3303 -53.5 33.6168
    endloop
  endfacet
  facet normal 0 -1 0
    outer loop
      vertex -21.882 -53.5 34.0834
      vertex 24.0278 -53.5 33.4551
      vertex 24.1751 -53.5 33.5434
    endloop
  endfacet
  facet normal 0 -1 0
    outer loop
      vertex 23.4566 -53.5 32.8249
      vertex -21.6928 -53.5 33.7677
      vertex -21.5354 -53.5 33.4351
    endloop
  endfacet
  facet normal 0 -1 0
    outer loop
      vertex -21.882 -53.5 34.0834
      vertex 23.8898 -53.5 33.3528
      vertex 24.0278 -53.5 33.4551
    endloop
  endfacet
  facet normal 0 -1 0
    outer loop
      vertex -21.882 -53.5 34.0834
      vertex 23.7626 -53.5 33.2374
      vertex 23.8898 -53.5 33.3528
    endloop
  endfacet
  facet normal 0 -1 0
    outer loop
      vertex -21.882 -53.5 34.0834
      vertex 23.6472 -53.5 33.1102
      vertex 23.7626 -53.5 33.2374
    endloop
  endfacet
  facet normal 0 -1 0
    outer loop
      vertex 23.3832 -53.5 32.6697
      vertex -21.5354 -53.5 33.4351
      vertex -21.4115 -53.5 33.0886
    endloop
  endfacet
  facet normal 0 -1 0
    outer loop
      vertex -21.882 -53.5 34.0834
      vertex 23.5449 -53.5 32.9722
      vertex 23.6472 -53.5 33.1102
    endloop
  endfacet
  facet normal 0 -1 0
    outer loop
      vertex -21.6928 -53.5 33.7677
      vertex 23.4566 -53.5 32.8249
      vertex 23.5449 -53.5 32.9722
    endloop
  endfacet
  facet normal 0 -1 0
    outer loop
      vertex 23.3254 -53.5 32.508
      vertex -21.4115 -53.5 33.0886
      vertex -21.3221 -53.5 32.7316
    endloop
  endfacet
  facet normal 0 -1 0
    outer loop
      vertex -21.5354 -53.5 33.4351
      vertex 23.3832 -53.5 32.6697
      vertex 23.4566 -53.5 32.8249
    endloop
  endfacet
  facet normal 0 -1 0
    outer loop
      vertex -21.4115 -53.5 33.0886
      vertex 23.3254 -53.5 32.508
      vertex 23.3832 -53.5 32.6697
    endloop
  endfacet
  facet normal 0 -1 0
    outer loop
      vertex 23.2836 -53.5 32.3414
      vertex -21.3221 -53.5 32.7316
      vertex -21.2681 -53.5 32.3676
    endloop
  endfacet
  facet normal 0 -1 0
    outer loop
      vertex -21.3221 -53.5 32.7316
      vertex 23.2836 -53.5 32.3414
      vertex 23.3254 -53.5 32.508
    endloop
  endfacet
  facet normal 0 -1 0
    outer loop
      vertex -21.2681 -53.5 32.3676
      vertex 23.2584 -53.5 32.1715
      vertex 23.2836 -53.5 32.3414
    endloop
  endfacet
  facet normal 0 -1 0
    outer loop
      vertex -21.25 -53.5 32
      vertex 23.2584 -53.5 32.1715
      vertex -21.2681 -53.5 32.3676
    endloop
  endfacet
  facet normal 0 -1 0
    outer loop
      vertex -21.25 -53.5 32
      vertex 23.25 -53.5 32
      vertex 23.2584 -53.5 32.1715
    endloop
  endfacet
  facet normal 0 -1 0
    outer loop
      vertex -21.25 -53.5 32
      vertex 23.2584 -53.5 31.8285
      vertex 23.25 -53.5 32
    endloop
  endfacet
  facet normal 0 -1 0
    outer loop
      vertex -21.2681 -53.5 31.6324
      vertex 23.2584 -53.5 31.8285
      vertex -21.25 -53.5 32
    endloop
  endfacet
  facet normal 0 -1 -0
    outer loop
      vertex 23.2584 -53.5 31.8285
      vertex -21.2681 -53.5 31.6324
      vertex 23.2836 -53.5 31.6586
    endloop
  endfacet
  facet normal 0 -1 0
    outer loop
      vertex -21.3221 -53.5 31.2684
      vertex 23.2836 -53.5 31.6586
      vertex -21.2681 -53.5 31.6324
    endloop
  endfacet
  facet normal 0 -1 -0
    outer loop
      vertex 23.2836 -53.5 31.6586
      vertex -21.3221 -53.5 31.2684
      vertex 23.3254 -53.5 31.492
    endloop
  endfacet
  facet normal 0 -1 0
    outer loop
      vertex -21.4115 -53.5 30.9114
      vertex 23.3254 -53.5 31.492
      vertex -21.3221 -53.5 31.2684
    endloop
  endfacet
  facet normal 0 -1 -0
    outer loop
      vertex 23.3254 -53.5 31.492
      vertex -21.4115 -53.5 30.9114
      vertex 23.3832 -53.5 31.3303
    endloop
  endfacet
  facet normal 0 -1 0
    outer loop
      vertex -21.5354 -53.5 30.5649
      vertex 23.3832 -53.5 31.3303
      vertex -21.4115 -53.5 30.9114
    endloop
  endfacet
  facet normal 0 -1 -0
    outer loop
      vertex 23.3832 -53.5 31.3303
      vertex -21.5354 -53.5 30.5649
      vertex 23.4566 -53.5 31.1751
    endloop
  endfacet
  facet normal 0 -1 0
    outer loop
      vertex -21.6928 -53.5 30.2323
      vertex 23.4566 -53.5 31.1751
      vertex -21.5354 -53.5 30.5649
    endloop
  endfacet
  facet normal 0 -1 -0
    outer loop
      vertex 23.4566 -53.5 31.1751
      vertex -21.6928 -53.5 30.2323
      vertex 23.5449 -53.5 31.0278
    endloop
  endfacet
  facet normal 0 -1 0
    outer loop
      vertex -21.882 -53.5 29.9166
      vertex 23.5449 -53.5 31.0278
      vertex -21.6928 -53.5 30.2323
    endloop
  endfacet
  facet normal 0 -1 -0
    outer loop
      vertex 23.5449 -53.5 31.0278
      vertex -21.882 -53.5 29.9166
      vertex 23.6472 -53.5 30.8898
    endloop
  endfacet
  facet normal 0 -1 0
    outer loop
      vertex -22.1012 -53.5 29.621
      vertex 23.6472 -53.5 30.8898
      vertex -21.882 -53.5 29.9166
    endloop
  endfacet
  facet normal 0 -1 -0
    outer loop
      vertex 23.6472 -53.5 30.8898
      vertex -22.1012 -53.5 29.621
      vertex 23.7626 -53.5 30.7626
    endloop
  endfacet
  facet normal 0 -1 0
    outer loop
      vertex -22.3483 -53.5 29.3483
      vertex 23.7626 -53.5 30.7626
      vertex -22.1012 -53.5 29.621
    endloop
  endfacet
  facet normal 0 -1 -0
    outer loop
      vertex 23.7626 -53.5 30.7626
      vertex -22.3483 -53.5 29.3483
      vertex 23.8898 -53.5 30.6472
    endloop
  endfacet
  facet normal 0 -1 0
    outer loop
      vertex -22.621 -53.5 29.1012
      vertex 23.8898 -53.5 30.6472
      vertex -22.3483 -53.5 29.3483
    endloop
  endfacet
  facet normal 0 -1 -0
    outer loop
      vertex 23.8898 -53.5 30.6472
      vertex -22.621 -53.5 29.1012
      vertex 24.0278 -53.5 30.5449
    endloop
  endfacet
  facet normal 0 -1 0
    outer loop
      vertex -22.9166 -53.5 28.882
      vertex 24.0278 -53.5 30.5449
      vertex -22.621 -53.5 29.1012
    endloop
  endfacet
  facet normal 0 -1 -0
    outer loop
      vertex 24.0278 -53.5 30.5449
      vertex -22.9166 -53.5 28.882
      vertex 24.1751 -53.5 30.4566
    endloop
  endfacet
  facet normal 0 -1 0
    outer loop
      vertex -24.6324 -53.5 35.7319
      vertex -49.5 -53.5 62
      vertex -25 -53.5 35.75
    endloop
  endfacet
  facet normal 0 -1 0
    outer loop
      vertex -49.5 -53.5 62
      vertex -25.3676 -53.5 35.7319
      vertex -25 -53.5 35.75
    endloop
  endfacet
  facet normal 0 -1 0
    outer loop
      vertex -49.5 -53.5 62
      vertex -25.7316 -53.5 35.6779
      vertex -25.3676 -53.5 35.7319
    endloop
  endfacet
  facet normal 0 -1 0
    outer loop
      vertex -49.5 -53.5 62
      vertex -26.0886 -53.5 35.5885
      vertex -25.7316 -53.5 35.6779
    endloop
  endfacet
  facet normal 0 -1 0
    outer loop
      vertex -49.5 -53.5 62
      vertex -26.4351 -53.5 35.4645
      vertex -26.0886 -53.5 35.5885
    endloop
  endfacet
  facet normal 0 -1 0
    outer loop
      vertex -49.5 -53.5 62
      vertex -26.7677 -53.5 35.3072
      vertex -26.4351 -53.5 35.4645
    endloop
  endfacet
  facet normal 0 -1 0
    outer loop
      vertex -49.5 -53.5 62
      vertex -27.0834 -53.5 35.118
      vertex -26.7677 -53.5 35.3072
    endloop
  endfacet
  facet normal 0 -1 0
    outer loop
      vertex -49.5 -53.5 62
      vertex -27.379 -53.5 34.8988
      vertex -27.0834 -53.5 35.118
    endloop
  endfacet
  facet normal 0 -1 0
    outer loop
      vertex -49.5 -53.5 62
      vertex -27.6516 -53.5 34.6516
      vertex -27.379 -53.5 34.8988
    endloop
  endfacet
  facet normal 0 -1 0
    outer loop
      vertex -49.5 -53.5 62
      vertex -27.8988 -53.5 34.379
      vertex -27.6516 -53.5 34.6516
    endloop
  endfacet
  facet normal 0 -1 0
    outer loop
      vertex -49.5 -53.5 62
      vertex -28.118 -53.5 34.0834
      vertex -27.8988 -53.5 34.379
    endloop
  endfacet
  facet normal 0 -1 0
    outer loop
      vertex -49.5 -53.5 62
      vertex -28.3072 -53.5 33.7677
      vertex -28.118 -53.5 34.0834
    endloop
  endfacet
  facet normal 0 -1 0
    outer loop
      vertex -49.5 -53.5 62
      vertex -28.4645 -53.5 33.4351
      vertex -28.3072 -53.5 33.7677
    endloop
  endfacet
  facet normal 0 -1 0
    outer loop
      vertex -49.5 -53.5 62
      vertex -28.5885 -53.5 33.0886
      vertex -28.4645 -53.5 33.4351
    endloop
  endfacet
  facet normal 0 -1 0
    outer loop
      vertex -49.5 -53.5 62
      vertex -28.6779 -53.5 32.7316
      vertex -28.5885 -53.5 33.0886
    endloop
  endfacet
  facet normal 0 -1 0
    outer loop
      vertex -49.5 -53.5 62
      vertex -28.7319 -53.5 32.3676
      vertex -28.6779 -53.5 32.7316
    endloop
  endfacet
  facet normal 0 -1 0
    outer loop
      vertex -49.5 -53.5 62
      vertex -28.75 -53.5 32
      vertex -28.7319 -53.5 32.3676
    endloop
  endfacet
  facet normal 0 -1 0
    outer loop
      vertex -49.5 -53.5 0
      vertex -28.75 -53.5 32
      vertex -49.5 -53.5 62
    endloop
  endfacet
  facet normal 0 -1 -0
    outer loop
      vertex -28.75 -53.5 32
      vertex -49.5 -53.5 0
      vertex -28.7319 -53.5 31.6324
    endloop
  endfacet
  facet normal 0 -1 -0
    outer loop
      vertex -28.7319 -53.5 31.6324
      vertex -49.5 -53.5 0
      vertex -28.6779 -53.5 31.2684
    endloop
  endfacet
  facet normal 0 -1 -0
    outer loop
      vertex -28.6779 -53.5 31.2684
      vertex -49.5 -53.5 0
      vertex -28.5885 -53.5 30.9114
    endloop
  endfacet
  facet normal 0 -1 -0
    outer loop
      vertex -28.5885 -53.5 30.9114
      vertex -49.5 -53.5 0
      vertex -28.4645 -53.5 30.5649
    endloop
  endfacet
  facet normal 0 -1 -0
    outer loop
      vertex -28.4645 -53.5 30.5649
      vertex -49.5 -53.5 0
      vertex -28.3072 -53.5 30.2323
    endloop
  endfacet
  facet normal 0 -1 -0
    outer loop
      vertex -25.3676 -53.5 28.2681
      vertex -49.5 -53.5 0
      vertex -25 -53.5 28.25
    endloop
  endfacet
  facet normal 0 -1 -0
    outer loop
      vertex -25.7316 -53.5 28.3221
      vertex -49.5 -53.5 0
      vertex -25.3676 -53.5 28.2681
    endloop
  endfacet
  facet normal 0 -1 -0
    outer loop
      vertex -26.0886 -53.5 28.4115
      vertex -49.5 -53.5 0
      vertex -25.7316 -53.5 28.3221
    endloop
  endfacet
  facet normal 0 -1 -0
    outer loop
      vertex -26.4351 -53.5 28.5354
      vertex -49.5 -53.5 0
      vertex -26.0886 -53.5 28.4115
    endloop
  endfacet
  facet normal 0 -1 -0
    outer loop
      vertex -26.7677 -53.5 28.6928
      vertex -49.5 -53.5 0
      vertex -26.4351 -53.5 28.5354
    endloop
  endfacet
  facet normal 0 -1 -0
    outer loop
      vertex -27.0834 -53.5 28.882
      vertex -49.5 -53.5 0
      vertex -26.7677 -53.5 28.6928
    endloop
  endfacet
  facet normal 0 -1 -0
    outer loop
      vertex -27.379 -53.5 29.1012
      vertex -49.5 -53.5 0
      vertex -27.0834 -53.5 28.882
    endloop
  endfacet
  facet normal 0 -1 -0
    outer loop
      vertex -27.6516 -53.5 29.3483
      vertex -49.5 -53.5 0
      vertex -27.379 -53.5 29.1012
    endloop
  endfacet
  facet normal 0 -1 -0
    outer loop
      vertex -27.8988 -53.5 29.621
      vertex -49.5 -53.5 0
      vertex -27.6516 -53.5 29.3483
    endloop
  endfacet
  facet normal 0 -1 -0
    outer loop
      vertex -28.118 -53.5 29.9166
      vertex -49.5 -53.5 0
      vertex -27.8988 -53.5 29.621
    endloop
  endfacet
  facet normal 0 -1 -0
    outer loop
      vertex -28.3072 -53.5 30.2323
      vertex -49.5 -53.5 0
      vertex -28.118 -53.5 29.9166
    endloop
  endfacet
  facet normal 0 -1 0
    outer loop
      vertex -24.2684 -53.5 35.6779
      vertex -49.5 -53.5 62
      vertex -24.6324 -53.5 35.7319
    endloop
  endfacet
  facet normal 0 -1 0
    outer loop
      vertex -23.9114 -53.5 35.5885
      vertex -49.5 -53.5 62
      vertex -24.2684 -53.5 35.6779
    endloop
  endfacet
  facet normal 0 -1 0
    outer loop
      vertex -23.5649 -53.5 35.4645
      vertex -49.5 -53.5 62
      vertex -23.9114 -53.5 35.5885
    endloop
  endfacet
  facet normal 0 -1 0
    outer loop
      vertex -49.5 -53.5 62
      vertex -23.5649 -53.5 35.4645
      vertex 49.5 -53.5 62
    endloop
  endfacet
  facet normal 0 -1 0
    outer loop
      vertex -23.2323 -53.5 35.3072
      vertex 49.5 -53.5 62
      vertex -23.5649 -53.5 35.4645
    endloop
  endfacet
  facet normal 0 -1 0
    outer loop
      vertex -22.9166 -53.5 35.118
      vertex 49.5 -53.5 62
      vertex -23.2323 -53.5 35.3072
    endloop
  endfacet
  facet normal 0 -1 0
    outer loop
      vertex 24.8285 -53.5 33.7416
      vertex -22.9166 -53.5 35.118
      vertex -22.621 -53.5 34.8988
    endloop
  endfacet
  facet normal 0 -1 0
    outer loop
      vertex 24.8285 -53.5 33.7416
      vertex -22.621 -53.5 34.8988
      vertex -22.3483 -53.5 34.6516
    endloop
  endfacet
  facet normal 0 -1 0
    outer loop
      vertex 24.8285 -53.5 33.7416
      vertex -22.3483 -53.5 34.6516
      vertex -22.1012 -53.5 34.379
    endloop
  endfacet
  facet normal 0 -1 0
    outer loop
      vertex 24.8285 -53.5 33.7416
      vertex -22.1012 -53.5 34.379
      vertex -21.882 -53.5 34.0834
    endloop
  endfacet
  facet normal 0 -1 0
    outer loop
      vertex 23.5449 -53.5 32.9722
      vertex -21.882 -53.5 34.0834
      vertex -21.6928 -53.5 33.7677
    endloop
  endfacet
  facet normal 0 -1 0
    outer loop
      vertex 24.8285 -53.5 33.7416
      vertex 49.5 -53.5 62
      vertex -22.9166 -53.5 35.118
    endloop
  endfacet
  facet normal 0 -1 0
    outer loop
      vertex 25.1715 -53.5 33.7416
      vertex 49.5 -53.5 62
      vertex 25 -53.5 33.75
    endloop
  endfacet
  facet normal 0 -1 0
    outer loop
      vertex 25.3414 -53.5 33.7164
      vertex 49.5 -53.5 62
      vertex 25.1715 -53.5 33.7416
    endloop
  endfacet
  facet normal 0 -1 0
    outer loop
      vertex 25.508 -53.5 33.6746
      vertex 49.5 -53.5 62
      vertex 25.3414 -53.5 33.7164
    endloop
  endfacet
  facet normal 0 -1 0
    outer loop
      vertex 25.6697 -53.5 33.6168
      vertex 49.5 -53.5 62
      vertex 25.508 -53.5 33.6746
    endloop
  endfacet
  facet normal 0 -1 0
    outer loop
      vertex 25.8249 -53.5 33.5434
      vertex 49.5 -53.5 62
      vertex 25.6697 -53.5 33.6168
    endloop
  endfacet
  facet normal 0 -1 0
    outer loop
      vertex 25.9722 -53.5 33.4551
      vertex 49.5 -53.5 62
      vertex 25.8249 -53.5 33.5434
    endloop
  endfacet
  facet normal 0 -1 0
    outer loop
      vertex 26.1102 -53.5 33.3528
      vertex 49.5 -53.5 62
      vertex 25.9722 -53.5 33.4551
    endloop
  endfacet
  facet normal 0 -1 0
    outer loop
      vertex 26.2374 -53.5 33.2374
      vertex 49.5 -53.5 62
      vertex 26.1102 -53.5 33.3528
    endloop
  endfacet
  facet normal 0 -1 0
    outer loop
      vertex 26.3528 -53.5 33.1102
      vertex 49.5 -53.5 62
      vertex 26.2374 -53.5 33.2374
    endloop
  endfacet
  facet normal 0 -1 0
    outer loop
      vertex 26.4551 -53.5 32.9722
      vertex 49.5 -53.5 62
      vertex 26.3528 -53.5 33.1102
    endloop
  endfacet
  facet normal 0 -1 0
    outer loop
      vertex 26.5434 -53.5 32.8249
      vertex 49.5 -53.5 62
      vertex 26.4551 -53.5 32.9722
    endloop
  endfacet
  facet normal 0 -1 0
    outer loop
      vertex 26.6168 -53.5 32.6697
      vertex 49.5 -53.5 62
      vertex 26.5434 -53.5 32.8249
    endloop
  endfacet
  facet normal 0 -1 0
    outer loop
      vertex 26.6746 -53.5 32.508
      vertex 49.5 -53.5 62
      vertex 26.6168 -53.5 32.6697
    endloop
  endfacet
  facet normal 0 -1 0
    outer loop
      vertex 26.7164 -53.5 32.3414
      vertex 49.5 -53.5 62
      vertex 26.6746 -53.5 32.508
    endloop
  endfacet
  facet normal 0 -1 0
    outer loop
      vertex 26.7416 -53.5 32.1715
      vertex 49.5 -53.5 62
      vertex 26.7164 -53.5 32.3414
    endloop
  endfacet
  facet normal 0 -1 0
    outer loop
      vertex 26.75 -53.5 32
      vertex 49.5 -53.5 62
      vertex 26.7416 -53.5 32.1715
    endloop
  endfacet
  facet normal 0 -1 0
    outer loop
      vertex 49.5 -53.5 0
      vertex 26.75 -53.5 32
      vertex 26.7416 -53.5 31.8285
    endloop
  endfacet
  facet normal 0 -1 0
    outer loop
      vertex 49.5 -53.5 0
      vertex 26.7416 -53.5 31.8285
      vertex 26.7164 -53.5 31.6586
    endloop
  endfacet
  facet normal 0 -1 0
    outer loop
      vertex 49.5 -53.5 0
      vertex 26.7164 -53.5 31.6586
      vertex 26.6746 -53.5 31.492
    endloop
  endfacet
  facet normal 0 -1 0
    outer loop
      vertex 49.5 -53.5 0
      vertex 26.6746 -53.5 31.492
      vertex 26.6168 -53.5 31.3303
    endloop
  endfacet
  facet normal 0 -1 0
    outer loop
      vertex 49.5 -53.5 0
      vertex 26.6168 -53.5 31.3303
      vertex 26.5434 -53.5 31.1751
    endloop
  endfacet
  facet normal 0 -1 0
    outer loop
      vertex 49.5 -53.5 0
      vertex 26.5434 -53.5 31.1751
      vertex 26.4551 -53.5 31.0278
    endloop
  endfacet
  facet normal 0 -1 0
    outer loop
      vertex 49.5 -53.5 0
      vertex 26.4551 -53.5 31.0278
      vertex 26.3528 -53.5 30.8898
    endloop
  endfacet
  facet normal 0 -1 0
    outer loop
      vertex -23.2323 -53.5 28.6928
      vertex 24.1751 -53.5 30.4566
      vertex -22.9166 -53.5 28.882
    endloop
  endfacet
  facet normal 0 -1 0
    outer loop
      vertex 49.5 -53.5 0
      vertex 24.1751 -53.5 30.4566
      vertex -23.2323 -53.5 28.6928
    endloop
  endfacet
  facet normal 0 -1 0
    outer loop
      vertex 24.1751 -53.5 30.4566
      vertex 49.5 -53.5 0
      vertex 24.3303 -53.5 30.3832
    endloop
  endfacet
  facet normal 0 -1 0
    outer loop
      vertex 24.3303 -53.5 30.3832
      vertex 49.5 -53.5 0
      vertex 24.492 -53.5 30.3254
    endloop
  endfacet
  facet normal 0 -1 0
    outer loop
      vertex 24.492 -53.5 30.3254
      vertex 49.5 -53.5 0
      vertex 24.6586 -53.5 30.2836
    endloop
  endfacet
  facet normal 0 -1 0
    outer loop
      vertex 24.6586 -53.5 30.2836
      vertex 49.5 -53.5 0
      vertex 24.8285 -53.5 30.2584
    endloop
  endfacet
  facet normal 0 -1 0
    outer loop
      vertex -49.5 -53.5 0
      vertex -23.2323 -53.5 28.6928
      vertex -23.5649 -53.5 28.5354
    endloop
  endfacet
  facet normal 0 -1 0
    outer loop
      vertex -49.5 -53.5 0
      vertex -23.5649 -53.5 28.5354
      vertex -23.9114 -53.5 28.4115
    endloop
  endfacet
  facet normal 0 -1 0
    outer loop
      vertex -49.5 -53.5 0
      vertex -23.9114 -53.5 28.4115
      vertex -24.2684 -53.5 28.3221
    endloop
  endfacet
  facet normal 0 -1 0
    outer loop
      vertex -49.5 -53.5 0
      vertex -24.2684 -53.5 28.3221
      vertex -24.6324 -53.5 28.2681
    endloop
  endfacet
  facet normal 0 -1 0
    outer loop
      vertex -49.5 -53.5 0
      vertex -24.6324 -53.5 28.2681
      vertex -25 -53.5 28.25
    endloop
  endfacet
  facet normal 0 -1 -0
    outer loop
      vertex -23.2323 -53.5 28.6928
      vertex -49.5 -53.5 0
      vertex 49.5 -53.5 0
    endloop
  endfacet
  facet normal 0 -1 0
    outer loop
      vertex 24.8285 -53.5 30.2584
      vertex 49.5 -53.5 0
      vertex 25 -53.5 30.25
    endloop
  endfacet
  facet normal 0 -1 0
    outer loop
      vertex 25 -53.5 30.25
      vertex 49.5 -53.5 0
      vertex 25.1715 -53.5 30.2584
    endloop
  endfacet
  facet normal 0 -1 0
    outer loop
      vertex 25.1715 -53.5 30.2584
      vertex 49.5 -53.5 0
      vertex 25.3414 -53.5 30.2836
    endloop
  endfacet
  facet normal 0 -1 0
    outer loop
      vertex 25.3414 -53.5 30.2836
      vertex 49.5 -53.5 0
      vertex 25.508 -53.5 30.3254
    endloop
  endfacet
  facet normal 0 -1 0
    outer loop
      vertex 26.75 -53.5 32
      vertex 49.5 -53.5 0
      vertex 49.5 -53.5 62
    endloop
  endfacet
  facet normal 0 -1 0
    outer loop
      vertex 26.2374 -53.5 30.7626
      vertex 49.5 -53.5 0
      vertex 26.3528 -53.5 30.8898
    endloop
  endfacet
  facet normal 0 -1 0
    outer loop
      vertex 26.1102 -53.5 30.6472
      vertex 49.5 -53.5 0
      vertex 26.2374 -53.5 30.7626
    endloop
  endfacet
  facet normal 0 -1 0
    outer loop
      vertex 25.9722 -53.5 30.5449
      vertex 49.5 -53.5 0
      vertex 26.1102 -53.5 30.6472
    endloop
  endfacet
  facet normal 0 -1 0
    outer loop
      vertex 25.8249 -53.5 30.4566
      vertex 49.5 -53.5 0
      vertex 25.9722 -53.5 30.5449
    endloop
  endfacet
  facet normal 0 -1 0
    outer loop
      vertex 25.6697 -53.5 30.3832
      vertex 49.5 -53.5 0
      vertex 25.8249 -53.5 30.4566
    endloop
  endfacet
  facet normal 0 -1 0
    outer loop
      vertex 25.508 -53.5 30.3254
      vertex 49.5 -53.5 0
      vertex 25.6697 -53.5 30.3832
    endloop
  endfacet
  facet normal -0.671607 -0.740908 0
    outer loop
      vertex -52.3284 -52.3284 0
      vertex -52.0376 -52.592 62
      vertex -52.3284 -52.3284 62
    endloop
  endfacet
  facet normal -0.671607 -0.740908 -0
    outer loop
      vertex -52.0376 -52.592 62
      vertex -52.3284 -52.3284 0
      vertex -52.0376 -52.592 0
    endloop
  endfacet
  facet normal 1 0 0
    outer loop
      vertex 53.5 44.9759 37.5099
      vertex 53.5 49.5 62
      vertex 53.5 45 38
    endloop
  endfacet
  facet normal 1 0 0
    outer loop
      vertex 53.5 49.5 62
      vertex 53.5 44.9759 38.4901
      vertex 53.5 45 38
    endloop
  endfacet
  facet normal 1 0 0
    outer loop
      vertex 53.5 49.5 62
      vertex 53.5 44.9039 38.9755
      vertex 53.5 44.9759 38.4901
    endloop
  endfacet
  facet normal 1 0 0
    outer loop
      vertex 53.5 49.5 62
      vertex 53.5 44.7847 39.4514
      vertex 53.5 44.9039 38.9755
    endloop
  endfacet
  facet normal 1 0 0
    outer loop
      vertex 53.5 49.5 62
      vertex 53.5 44.6194 39.9134
      vertex 53.5 44.7847 39.4514
    endloop
  endfacet
  facet normal 1 0 0
    outer loop
      vertex 53.5 49.5 62
      vertex 53.5 44.4096 40.357
      vertex 53.5 44.6194 39.9134
    endloop
  endfacet
  facet normal 1 0 0
    outer loop
      vertex 53.5 49.5 62
      vertex 53.5 44.1573 40.7779
      vertex 53.5 44.4096 40.357
    endloop
  endfacet
  facet normal 1 0 0
    outer loop
      vertex 53.5 49.5 62
      vertex 53.5 43.8651 41.172
      vertex 53.5 44.1573 40.7779
    endloop
  endfacet
  facet normal 1 0 0
    outer loop
      vertex 53.5 49.5 62
      vertex 53.5 43.5355 41.5355
      vertex 53.5 43.8651 41.172
    endloop
  endfacet
  facet normal 1 0 0
    outer loop
      vertex 53.5 49.5 62
      vertex 53.5 43.172 41.8651
      vertex 53.5 43.5355 41.5355
    endloop
  endfacet
  facet normal 1 0 0
    outer loop
      vertex 53.5 49.5 62
      vertex 53.5 42.7779 42.1573
      vertex 53.5 43.172 41.8651
    endloop
  endfacet
  facet normal 1 0 0
    outer loop
      vertex 53.5 49.5 62
      vertex 53.5 42.357 42.4096
      vertex 53.5 42.7779 42.1573
    endloop
  endfacet
  facet normal 1 0 0
    outer loop
      vertex 53.5 49.5 62
      vertex 53.5 41.9134 42.6194
      vertex 53.5 42.357 42.4096
    endloop
  endfacet
  facet normal 1 0 0
    outer loop
      vertex 53.5 49.5 62
      vertex 53.5 41.4514 42.7847
      vertex 53.5 41.9134 42.6194
    endloop
  endfacet
  facet normal 1 0 0
    outer loop
      vertex 53.5 49.5 62
      vertex 53.5 40.9755 42.9039
      vertex 53.5 41.4514 42.7847
    endloop
  endfacet
  facet normal 1 0 0
    outer loop
      vertex 53.5 49.5 62
      vertex 53.5 40.4901 42.9759
      vertex 53.5 40.9755 42.9039
    endloop
  endfacet
  facet normal 1 0 0
    outer loop
      vertex 53.5 49.5 62
      vertex 53.5 40 43
      vertex 53.5 40.4901 42.9759
    endloop
  endfacet
  facet normal 1 0 0
    outer loop
      vertex 53.5 49.5 62
      vertex 53.5 39.5099 42.9759
      vertex 53.5 40 43
    endloop
  endfacet
  facet normal 1 0 0
    outer loop
      vertex 53.5 49.5 62
      vertex 53.5 39.0245 42.9039
      vertex 53.5 39.5099 42.9759
    endloop
  endfacet
  facet normal 1 0 0
    outer loop
      vertex 53.5 49.5 62
      vertex 53.5 38.5486 42.7847
      vertex 53.5 39.0245 42.9039
    endloop
  endfacet
  facet normal 1 0 0
    outer loop
      vertex 53.5 49.5 62
      vertex 53.5 38.0866 42.6194
      vertex 53.5 38.5486 42.7847
    endloop
  endfacet
  facet normal 1 0 0
    outer loop
      vertex 53.5 49.5 62
      vertex 53.5 37.643 42.4096
      vertex 53.5 38.0866 42.6194
    endloop
  endfacet
  facet normal 1 0 0
    outer loop
      vertex 53.5 49.5 62
      vertex 53.5 37.2221 42.1573
      vertex 53.5 37.643 42.4096
    endloop
  endfacet
  facet normal 1 0 0
    outer loop
      vertex 53.5 49.5 62
      vertex 53.5 36.828 41.8651
      vertex 53.5 37.2221 42.1573
    endloop
  endfacet
  facet normal 1 0 0
    outer loop
      vertex 53.5 8.63404 35.1876
      vertex 53.5 36.828 41.8651
      vertex 53.5 49.5 62
    endloop
  endfacet
  facet normal 1 0 -0
    outer loop
      vertex 53.5 8.94343 35.1101
      vertex 53.5 36.828 41.8651
      vertex 53.5 8.63404 35.1876
    endloop
  endfacet
  facet normal 1 0 0
    outer loop
      vertex 53.5 36.828 41.8651
      vertex 53.5 8.94343 35.1101
      vertex 53.5 36.4645 41.5355
    endloop
  endfacet
  facet normal 1 0 0
    outer loop
      vertex 53.5 25.9755 30.9039
      vertex 53.5 35 38
      vertex 53.5 35.0241 38.4901
    endloop
  endfacet
  facet normal 1 0 0
    outer loop
      vertex 53.5 25.4901 30.9759
      vertex 53.5 35.0241 38.4901
      vertex 53.5 35.0961 38.9755
    endloop
  endfacet
  facet normal 1 0 0
    outer loop
      vertex 53.5 25 31
      vertex 53.5 35.0961 38.9755
      vertex 53.5 35.2153 39.4514
    endloop
  endfacet
  facet normal 1 0 0
    outer loop
      vertex 53.5 24.5099 30.9759
      vertex 53.5 35.2153 39.4514
      vertex 53.5 35.3806 39.9134
    endloop
  endfacet
  facet normal 1 0 0
    outer loop
      vertex 53.5 35 38
      vertex 53.5 29.9759 26.4901
      vertex 53.5 30 26
    endloop
  endfacet
  facet normal 1 0 0
    outer loop
      vertex 53.5 35 38
      vertex 53.5 29.9039 26.9755
      vertex 53.5 29.9759 26.4901
    endloop
  endfacet
  facet normal 1 0 0
    outer loop
      vertex 53.5 35 38
      vertex 53.5 29.7847 27.4514
      vertex 53.5 29.9039 26.9755
    endloop
  endfacet
  facet normal 1 0 0
    outer loop
      vertex 53.5 35 38
      vertex 53.5 29.6194 27.9134
      vertex 53.5 29.7847 27.4514
    endloop
  endfacet
  facet normal 1 0 0
    outer loop
      vertex 53.5 10.0618 34.5123
      vertex 53.5 35.3806 39.9134
      vertex 53.5 35.5904 40.357
    endloop
  endfacet
  facet normal 1 0 0
    outer loop
      vertex 53.5 35 38
      vertex 53.5 29.4096 28.357
      vertex 53.5 29.6194 27.9134
    endloop
  endfacet
  facet normal 1 0 0
    outer loop
      vertex 53.5 35 38
      vertex 53.5 29.1573 28.7779
      vertex 53.5 29.4096 28.357
    endloop
  endfacet
  facet normal 1 0 0
    outer loop
      vertex 53.5 35 38
      vertex 53.5 28.8651 29.172
      vertex 53.5 29.1573 28.7779
    endloop
  endfacet
  facet normal 1 0 0
    outer loop
      vertex 53.5 9.8056 34.7023
      vertex 53.5 35.5904 40.357
      vertex 53.5 35.8427 40.7779
    endloop
  endfacet
  facet normal 1 0 0
    outer loop
      vertex 53.5 35 38
      vertex 53.5 28.5355 29.5355
      vertex 53.5 28.8651 29.172
    endloop
  endfacet
  facet normal 1 0 -0
    outer loop
      vertex 53.5 9.24372 35.0026
      vertex 53.5 36.4645 41.5355
      vertex 53.5 8.94343 35.1101
    endloop
  endfacet
  facet normal 1 0 0
    outer loop
      vertex 53.5 35 38
      vertex 53.5 28.172 29.8651
      vertex 53.5 28.5355 29.5355
    endloop
  endfacet
  facet normal 1 0 0
    outer loop
      vertex 53.5 35 38
      vertex 53.5 27.7779 30.1573
      vertex 53.5 28.172 29.8651
    endloop
  endfacet
  facet normal 1 0 0
    outer loop
      vertex 53.5 35 38
      vertex 53.5 27.357 30.4096
      vertex 53.5 27.7779 30.1573
    endloop
  endfacet
  facet normal 1 0 0
    outer loop
      vertex 53.5 35 38
      vertex 53.5 26.9134 30.6194
      vertex 53.5 27.357 30.4096
    endloop
  endfacet
  facet normal 1 0 0
    outer loop
      vertex 53.5 35 38
      vertex 53.5 26.4514 30.7847
      vertex 53.5 26.9134 30.6194
    endloop
  endfacet
  facet normal 1 0 0
    outer loop
      vertex 53.5 35 38
      vertex 53.5 25.9755 30.9039
      vertex 53.5 26.4514 30.7847
    endloop
  endfacet
  facet normal 1 0 0
    outer loop
      vertex 53.5 35.0241 38.4901
      vertex 53.5 25.4901 30.9759
      vertex 53.5 25.9755 30.9039
    endloop
  endfacet
  facet normal 1 0 0
    outer loop
      vertex 53.5 35.0961 38.9755
      vertex 53.5 25 31
      vertex 53.5 25.4901 30.9759
    endloop
  endfacet
  facet normal 1 0 0
    outer loop
      vertex 53.5 35.2153 39.4514
      vertex 53.5 24.5099 30.9759
      vertex 53.5 25 31
    endloop
  endfacet
  facet normal 1 0 0
    outer loop
      vertex 53.5 35.5904 40.357
      vertex 53.5 9.8056 34.7023
      vertex 53.5 10.0618 34.5123
    endloop
  endfacet
  facet normal 1 0 0
    outer loop
      vertex 53.5 35.3806 39.9134
      vertex 53.5 10.0618 34.5123
      vertex 53.5 24.0245 30.9039
    endloop
  endfacet
  facet normal 1 0 0
    outer loop
      vertex 53.5 35.3806 39.9134
      vertex 53.5 24.0245 30.9039
      vertex 53.5 24.5099 30.9759
    endloop
  endfacet
  facet normal 1 -0 -0
    outer loop
      vertex 53.5 10.2981 34.2981
      vertex 53.5 24.0245 30.9039
      vertex 53.5 10.0618 34.5123
    endloop
  endfacet
  facet normal 1 0 0
    outer loop
      vertex 53.5 24.0245 30.9039
      vertex 53.5 10.2981 34.2981
      vertex 53.5 23.5486 30.7847
    endloop
  endfacet
  facet normal 1 -0 -0
    outer loop
      vertex 53.5 10.5123 34.0618
      vertex 53.5 23.5486 30.7847
      vertex 53.5 10.2981 34.2981
    endloop
  endfacet
  facet normal 1 -0 -0
    outer loop
      vertex 53.5 10.7023 33.8056
      vertex 53.5 23.0866 30.6194
      vertex 53.5 10.5123 34.0618
    endloop
  endfacet
  facet normal 1 0 0
    outer loop
      vertex 53.5 23.0866 30.6194
      vertex 53.5 10.7023 33.8056
      vertex 53.5 22.643 30.4096
    endloop
  endfacet
  facet normal 1 0 0
    outer loop
      vertex 53.5 20.3806 27.9134
      vertex 53.5 11.1101 31.0566
      vertex 53.5 20.2153 27.4514
    endloop
  endfacet
  facet normal 1 -0 0
    outer loop
      vertex 53.5 11.1101 31.0566
      vertex 53.5 20.3806 27.9134
      vertex 53.5 11.1876 31.366
    endloop
  endfacet
  facet normal 1 0 0
    outer loop
      vertex 53.5 20.5904 28.357
      vertex 53.5 11.1876 31.366
      vertex 53.5 20.3806 27.9134
    endloop
  endfacet
  facet normal 1 -0 0
    outer loop
      vertex 53.5 11.1876 31.366
      vertex 53.5 20.5904 28.357
      vertex 53.5 11.2344 31.6814
    endloop
  endfacet
  facet normal 1 0 0
    outer loop
      vertex 53.5 20.8427 28.7779
      vertex 53.5 11.2344 31.6814
      vertex 53.5 20.5904 28.357
    endloop
  endfacet
  facet normal 1 -0 0
    outer loop
      vertex 53.5 11.2344 31.6814
      vertex 53.5 20.8427 28.7779
      vertex 53.5 11.25 32
    endloop
  endfacet
  facet normal 1 0 0
    outer loop
      vertex 53.5 21.1349 29.172
      vertex 53.5 11.25 32
      vertex 53.5 20.8427 28.7779
    endloop
  endfacet
  facet normal 1 -0 -0
    outer loop
      vertex 53.5 10.8662 33.532
      vertex 53.5 22.643 30.4096
      vertex 53.5 10.7023 33.8056
    endloop
  endfacet
  facet normal 1 0 0
    outer loop
      vertex 53.5 21.1349 29.172
      vertex 53.5 11.2344 32.3186
      vertex 53.5 11.25 32
    endloop
  endfacet
  facet normal 1 0 0
    outer loop
      vertex 53.5 21.4645 29.5355
      vertex 53.5 11.2344 32.3186
      vertex 53.5 21.1349 29.172
    endloop
  endfacet
  facet normal 1 -0 -0
    outer loop
      vertex 53.5 11.2344 32.3186
      vertex 53.5 21.4645 29.5355
      vertex 53.5 11.1876 32.634
    endloop
  endfacet
  facet normal 1 -0 -0
    outer loop
      vertex 53.5 11.1876 32.634
      vertex 53.5 21.4645 29.5355
      vertex 53.5 11.1101 32.9434
    endloop
  endfacet
  facet normal 1 0 0
    outer loop
      vertex 53.5 21.828 29.8651
      vertex 53.5 11.1101 32.9434
      vertex 53.5 21.4645 29.5355
    endloop
  endfacet
  facet normal 1 -0 -0
    outer loop
      vertex 53.5 11.1101 32.9434
      vertex 53.5 21.828 29.8651
      vertex 53.5 11.0026 33.2437
    endloop
  endfacet
  facet normal 1 0 0
    outer loop
      vertex 53.5 22.2221 30.1573
      vertex 53.5 11.0026 33.2437
      vertex 53.5 21.828 29.8651
    endloop
  endfacet
  facet normal 1 -0 -0
    outer loop
      vertex 53.5 11.0026 33.2437
      vertex 53.5 22.2221 30.1573
      vertex 53.5 10.8662 33.532
    endloop
  endfacet
  facet normal 1 0 0
    outer loop
      vertex 53.5 22.643 30.4096
      vertex 53.5 10.8662 33.532
      vertex 53.5 22.2221 30.1573
    endloop
  endfacet
  facet normal 1 0 0
    outer loop
      vertex 53.5 23.5486 30.7847
      vertex 53.5 10.5123 34.0618
      vertex 53.5 23.0866 30.6194
    endloop
  endfacet
  facet normal 1 0 0
    outer loop
      vertex 53.5 35.8427 40.7779
      vertex 53.5 9.53204 34.8662
      vertex 53.5 9.8056 34.7023
    endloop
  endfacet
  facet normal 1 0 0
    outer loop
      vertex 53.5 36.1349 41.172
      vertex 53.5 9.53204 34.8662
      vertex 53.5 35.8427 40.7779
    endloop
  endfacet
  facet normal 1 0 -0
    outer loop
      vertex 53.5 9.53204 34.8662
      vertex 53.5 36.1349 41.172
      vertex 53.5 9.24372 35.0026
    endloop
  endfacet
  facet normal 1 0 0
    outer loop
      vertex 53.5 36.4645 41.5355
      vertex 53.5 9.24372 35.0026
      vertex 53.5 36.1349 41.172
    endloop
  endfacet
  facet normal 1 0 0
    outer loop
      vertex 53.5 49.5 62
      vertex 53.5 8.31855 35.2344
      vertex 53.5 8.63404 35.1876
    endloop
  endfacet
  facet normal 1 0 0
    outer loop
      vertex 53.5 49.5 62
      vertex 53.5 8 35.25
      vertex 53.5 8.31855 35.2344
    endloop
  endfacet
  facet normal 1 0 0
    outer loop
      vertex 53.5 49.5 62
      vertex 53.5 7.68144 35.2344
      vertex 53.5 8 35.25
    endloop
  endfacet
  facet normal 1 -0 0
    outer loop
      vertex 53.5 -49.5 62
      vertex 53.5 7.68144 35.2344
      vertex 53.5 49.5 62
    endloop
  endfacet
  facet normal 1 0 0
    outer loop
      vertex 53.5 7.68144 35.2344
      vertex 53.5 -49.5 62
      vertex 53.5 7.36596 35.1876
    endloop
  endfacet
  facet normal 1 0 0
    outer loop
      vertex 53.5 7.36596 35.1876
      vertex 53.5 -49.5 62
      vertex 53.5 7.05657 35.1101
    endloop
  endfacet
  facet normal 1 0 0
    outer loop
      vertex 53.5 7.05657 35.1101
      vertex 53.5 -49.5 62
      vertex 53.5 6.75628 35.0026
    endloop
  endfacet
  facet normal 1 0 0
    outer loop
      vertex 53.5 6.75628 35.0026
      vertex 53.5 -49.5 62
      vertex 53.5 6.46796 34.8662
    endloop
  endfacet
  facet normal 1 0 0
    outer loop
      vertex 53.5 4.76565 32.3186
      vertex 53.5 -49.5 62
      vertex 53.5 4.75 32
    endloop
  endfacet
  facet normal 1 0 0
    outer loop
      vertex 53.5 4.81245 32.634
      vertex 53.5 -49.5 62
      vertex 53.5 4.76565 32.3186
    endloop
  endfacet
  facet normal 1 0 0
    outer loop
      vertex 53.5 4.88994 32.9434
      vertex 53.5 -49.5 62
      vertex 53.5 4.81245 32.634
    endloop
  endfacet
  facet normal 1 0 0
    outer loop
      vertex 53.5 4.99739 33.2437
      vertex 53.5 -49.5 62
      vertex 53.5 4.88994 32.9434
    endloop
  endfacet
  facet normal 1 0 0
    outer loop
      vertex 53.5 5.13376 33.532
      vertex 53.5 -49.5 62
      vertex 53.5 4.99739 33.2437
    endloop
  endfacet
  facet normal 1 0 0
    outer loop
      vertex 53.5 5.29772 33.8056
      vertex 53.5 -49.5 62
      vertex 53.5 5.13376 33.532
    endloop
  endfacet
  facet normal 1 0 0
    outer loop
      vertex 53.5 5.48772 34.0618
      vertex 53.5 -49.5 62
      vertex 53.5 5.29772 33.8056
    endloop
  endfacet
  facet normal 1 0 0
    outer loop
      vertex 53.5 5.7019 34.2981
      vertex 53.5 -49.5 62
      vertex 53.5 5.48772 34.0618
    endloop
  endfacet
  facet normal 1 0 0
    outer loop
      vertex 53.5 5.93822 34.5123
      vertex 53.5 -49.5 62
      vertex 53.5 5.7019 34.2981
    endloop
  endfacet
  facet normal 1 0 0
    outer loop
      vertex 53.5 6.1944 34.7023
      vertex 53.5 -49.5 62
      vertex 53.5 5.93822 34.5123
    endloop
  endfacet
  facet normal 1 0 0
    outer loop
      vertex 53.5 6.46796 34.8662
      vertex 53.5 -49.5 62
      vertex 53.5 6.1944 34.7023
    endloop
  endfacet
  facet normal 1 0 0
    outer loop
      vertex 53.5 49.5 62
      vertex 53.5 44.9759 37.5099
      vertex 53.5 49.5 0
    endloop
  endfacet
  facet normal 1 -0 0
    outer loop
      vertex 53.5 44.9039 37.0245
      vertex 53.5 49.5 0
      vertex 53.5 44.9759 37.5099
    endloop
  endfacet
  facet normal 1 -0 0
    outer loop
      vertex 53.5 44.7847 36.5486
      vertex 53.5 49.5 0
      vertex 53.5 44.9039 37.0245
    endloop
  endfacet
  facet normal 1 -0 0
    outer loop
      vertex 53.5 44.6194 36.0866
      vertex 53.5 49.5 0
      vertex 53.5 44.7847 36.5486
    endloop
  endfacet
  facet normal 1 -0 0
    outer loop
      vertex 53.5 44.4096 35.643
      vertex 53.5 49.5 0
      vertex 53.5 44.6194 36.0866
    endloop
  endfacet
  facet normal 1 -0 0
    outer loop
      vertex 53.5 44.1573 35.2221
      vertex 53.5 49.5 0
      vertex 53.5 44.4096 35.643
    endloop
  endfacet
  facet normal 1 -0 0
    outer loop
      vertex 53.5 43.8651 34.828
      vertex 53.5 49.5 0
      vertex 53.5 44.1573 35.2221
    endloop
  endfacet
  facet normal 1 -0 0
    outer loop
      vertex 53.5 43.5355 34.4645
      vertex 53.5 49.5 0
      vertex 53.5 43.8651 34.828
    endloop
  endfacet
  facet normal 1 -0 0
    outer loop
      vertex 53.5 43.172 34.1349
      vertex 53.5 49.5 0
      vertex 53.5 43.5355 34.4645
    endloop
  endfacet
  facet normal 1 -0 0
    outer loop
      vertex 53.5 42.7779 33.8427
      vertex 53.5 49.5 0
      vertex 53.5 43.172 34.1349
    endloop
  endfacet
  facet normal 1 -0 0
    outer loop
      vertex 53.5 42.357 33.5904
      vertex 53.5 49.5 0
      vertex 53.5 42.7779 33.8427
    endloop
  endfacet
  facet normal 1 -0 0
    outer loop
      vertex 53.5 41.9134 33.3806
      vertex 53.5 49.5 0
      vertex 53.5 42.357 33.5904
    endloop
  endfacet
  facet normal 1 -0 0
    outer loop
      vertex 53.5 41.4514 33.2153
      vertex 53.5 49.5 0
      vertex 53.5 41.9134 33.3806
    endloop
  endfacet
  facet normal 1 -0 0
    outer loop
      vertex 53.5 40.9755 33.0961
      vertex 53.5 49.5 0
      vertex 53.5 41.4514 33.2153
    endloop
  endfacet
  facet normal 1 0 0
    outer loop
      vertex 53.5 29.6194 24.0866
      vertex 53.5 40.9755 33.0961
      vertex 53.5 40.4901 33.0241
    endloop
  endfacet
  facet normal 1 0 0
    outer loop
      vertex 53.5 29.7847 24.5486
      vertex 53.5 40.4901 33.0241
      vertex 53.5 40 33
    endloop
  endfacet
  facet normal 1 0 0
    outer loop
      vertex 53.5 29.9039 25.0245
      vertex 53.5 40 33
      vertex 53.5 39.5099 33.0241
    endloop
  endfacet
  facet normal 1 0 0
    outer loop
      vertex 53.5 29.9759 25.5099
      vertex 53.5 39.5099 33.0241
      vertex 53.5 39.0245 33.0961
    endloop
  endfacet
  facet normal 1 0 0
    outer loop
      vertex 53.5 30 26
      vertex 53.5 39.0245 33.0961
      vertex 53.5 38.5486 33.2153
    endloop
  endfacet
  facet normal 1 0 0
    outer loop
      vertex 53.5 30 26
      vertex 53.5 38.5486 33.2153
      vertex 53.5 38.0866 33.3806
    endloop
  endfacet
  facet normal 1 0 0
    outer loop
      vertex 53.5 30 26
      vertex 53.5 38.0866 33.3806
      vertex 53.5 37.643 33.5904
    endloop
  endfacet
  facet normal 1 0 0
    outer loop
      vertex 53.5 30 26
      vertex 53.5 37.643 33.5904
      vertex 53.5 37.2221 33.8427
    endloop
  endfacet
  facet normal 1 0 0
    outer loop
      vertex 53.5 30 26
      vertex 53.5 37.2221 33.8427
      vertex 53.5 36.828 34.1349
    endloop
  endfacet
  facet normal 1 0 0
    outer loop
      vertex 53.5 30 26
      vertex 53.5 36.828 34.1349
      vertex 53.5 36.4645 34.4645
    endloop
  endfacet
  facet normal 1 0 0
    outer loop
      vertex 53.5 30 26
      vertex 53.5 36.4645 34.4645
      vertex 53.5 36.1349 34.828
    endloop
  endfacet
  facet normal 1 0 0
    outer loop
      vertex 53.5 30 26
      vertex 53.5 36.1349 34.828
      vertex 53.5 35.8427 35.2221
    endloop
  endfacet
  facet normal 1 0 0
    outer loop
      vertex 53.5 30 26
      vertex 53.5 35.8427 35.2221
      vertex 53.5 35.5904 35.643
    endloop
  endfacet
  facet normal 1 0 0
    outer loop
      vertex 53.5 30 26
      vertex 53.5 35.5904 35.643
      vertex 53.5 35.3806 36.0866
    endloop
  endfacet
  facet normal 1 0 0
    outer loop
      vertex 53.5 30 26
      vertex 53.5 35.0241 37.5099
      vertex 53.5 35 38
    endloop
  endfacet
  facet normal 1 0 0
    outer loop
      vertex 53.5 30 26
      vertex 53.5 35.0961 37.0245
      vertex 53.5 35.0241 37.5099
    endloop
  endfacet
  facet normal 1 0 0
    outer loop
      vertex 53.5 30 26
      vertex 53.5 35.2153 36.5486
      vertex 53.5 35.0961 37.0245
    endloop
  endfacet
  facet normal 1 0 0
    outer loop
      vertex 53.5 30 26
      vertex 53.5 35.3806 36.0866
      vertex 53.5 35.2153 36.5486
    endloop
  endfacet
  facet normal 1 0 0
    outer loop
      vertex 53.5 39.0245 33.0961
      vertex 53.5 30 26
      vertex 53.5 29.9759 25.5099
    endloop
  endfacet
  facet normal 1 0 0
    outer loop
      vertex 53.5 39.5099 33.0241
      vertex 53.5 29.9759 25.5099
      vertex 53.5 29.9039 25.0245
    endloop
  endfacet
  facet normal 1 0 0
    outer loop
      vertex 53.5 40 33
      vertex 53.5 29.9039 25.0245
      vertex 53.5 29.7847 24.5486
    endloop
  endfacet
  facet normal 1 0 0
    outer loop
      vertex 53.5 40.4901 33.0241
      vertex 53.5 29.7847 24.5486
      vertex 53.5 29.6194 24.0866
    endloop
  endfacet
  facet normal 1 0 0
    outer loop
      vertex 53.5 40.9755 33.0961
      vertex 53.5 29.6194 24.0866
      vertex 53.5 49.5 0
    endloop
  endfacet
  facet normal 1 -0 0
    outer loop
      vertex 53.5 29.4096 23.643
      vertex 53.5 49.5 0
      vertex 53.5 29.6194 24.0866
    endloop
  endfacet
  facet normal 1 -0 0
    outer loop
      vertex 53.5 29.1573 23.2221
      vertex 53.5 49.5 0
      vertex 53.5 29.4096 23.643
    endloop
  endfacet
  facet normal 1 -0 0
    outer loop
      vertex 53.5 28.8651 22.828
      vertex 53.5 49.5 0
      vertex 53.5 29.1573 23.2221
    endloop
  endfacet
  facet normal 1 -0 0
    outer loop
      vertex 53.5 28.5355 22.4645
      vertex 53.5 49.5 0
      vertex 53.5 28.8651 22.828
    endloop
  endfacet
  facet normal 1 -0 0
    outer loop
      vertex 53.5 28.172 22.1349
      vertex 53.5 49.5 0
      vertex 53.5 28.5355 22.4645
    endloop
  endfacet
  facet normal 1 -0 0
    outer loop
      vertex 53.5 27.7779 21.8427
      vertex 53.5 49.5 0
      vertex 53.5 28.172 22.1349
    endloop
  endfacet
  facet normal 1 -0 0
    outer loop
      vertex 53.5 27.357 21.5904
      vertex 53.5 49.5 0
      vertex 53.5 27.7779 21.8427
    endloop
  endfacet
  facet normal 1 -0 0
    outer loop
      vertex 53.5 26.9134 21.3806
      vertex 53.5 49.5 0
      vertex 53.5 27.357 21.5904
    endloop
  endfacet
  facet normal 1 -0 0
    outer loop
      vertex 53.5 26.4514 21.2153
      vertex 53.5 49.5 0
      vertex 53.5 26.9134 21.3806
    endloop
  endfacet
  facet normal 1 -0 0
    outer loop
      vertex 53.5 25.9755 21.0961
      vertex 53.5 49.5 0
      vertex 53.5 26.4514 21.2153
    endloop
  endfacet
  facet normal 1 -0 0
    outer loop
      vertex 53.5 25.4901 21.0241
      vertex 53.5 49.5 0
      vertex 53.5 25.9755 21.0961
    endloop
  endfacet
  facet normal 1 -0 0
    outer loop
      vertex 53.5 25 21
      vertex 53.5 49.5 0
      vertex 53.5 25.4901 21.0241
    endloop
  endfacet
  facet normal 1 0 0
    outer loop
      vertex 53.5 24.5099 21.0241
      vertex 53.5 49.5 0
      vertex 53.5 25 21
    endloop
  endfacet
  facet normal 1 0 0
    outer loop
      vertex 53.5 24.0245 21.0961
      vertex 53.5 49.5 0
      vertex 53.5 24.5099 21.0241
    endloop
  endfacet
  facet normal 1 0 0
    outer loop
      vertex 53.5 23.5486 21.2153
      vertex 53.5 49.5 0
      vertex 53.5 24.0245 21.0961
    endloop
  endfacet
  facet normal 1 0 0
    outer loop
      vertex 53.5 23.0866 21.3806
      vertex 53.5 49.5 0
      vertex 53.5 23.5486 21.2153
    endloop
  endfacet
  facet normal 1 0 0
    outer loop
      vertex 53.5 -49.5 0
      vertex 53.5 23.0866 21.3806
      vertex 53.5 22.643 21.5904
    endloop
  endfacet
  facet normal 1 0 0
    outer loop
      vertex 53.5 -49.5 0
      vertex 53.5 22.643 21.5904
      vertex 53.5 22.2221 21.8427
    endloop
  endfacet
  facet normal 1 0 0
    outer loop
      vertex 53.5 7.36596 28.8124
      vertex 53.5 22.2221 21.8427
      vertex 53.5 21.828 22.1349
    endloop
  endfacet
  facet normal 1 -0 0
    outer loop
      vertex 53.5 11.0026 30.7563
      vertex 53.5 20.2153 27.4514
      vertex 53.5 11.1101 31.0566
    endloop
  endfacet
  facet normal 1 -0 0
    outer loop
      vertex 53.5 10.8662 30.468
      vertex 53.5 20.2153 27.4514
      vertex 53.5 11.0026 30.7563
    endloop
  endfacet
  facet normal 1 0 0
    outer loop
      vertex 53.5 20.2153 27.4514
      vertex 53.5 10.8662 30.468
      vertex 53.5 20.0961 26.9755
    endloop
  endfacet
  facet normal 1 -0 0
    outer loop
      vertex 53.5 10.7023 30.1944
      vertex 53.5 20.0961 26.9755
      vertex 53.5 10.8662 30.468
    endloop
  endfacet
  facet normal 1 0 0
    outer loop
      vertex 53.5 20.0961 26.9755
      vertex 53.5 10.7023 30.1944
      vertex 53.5 20.0241 26.4901
    endloop
  endfacet
  facet normal 1 -0 0
    outer loop
      vertex 53.5 10.5123 29.9382
      vertex 53.5 20.0241 26.4901
      vertex 53.5 10.7023 30.1944
    endloop
  endfacet
  facet normal 1 0 0
    outer loop
      vertex 53.5 20.0241 26.4901
      vertex 53.5 10.5123 29.9382
      vertex 53.5 20 26
    endloop
  endfacet
  facet normal 1 -0 0
    outer loop
      vertex 53.5 10.2981 29.7019
      vertex 53.5 20 26
      vertex 53.5 10.5123 29.9382
    endloop
  endfacet
  facet normal 1 0 0
    outer loop
      vertex 53.5 20 26
      vertex 53.5 10.2981 29.7019
      vertex 53.5 20.0241 25.5099
    endloop
  endfacet
  facet normal 1 -0 0
    outer loop
      vertex 53.5 10.0618 29.4877
      vertex 53.5 20.0241 25.5099
      vertex 53.5 10.2981 29.7019
    endloop
  endfacet
  facet normal 1 0 0
    outer loop
      vertex 53.5 20.0241 25.5099
      vertex 53.5 10.0618 29.4877
      vertex 53.5 20.0961 25.0245
    endloop
  endfacet
  facet normal 1 -0 0
    outer loop
      vertex 53.5 9.8056 29.2977
      vertex 53.5 20.0961 25.0245
      vertex 53.5 10.0618 29.4877
    endloop
  endfacet
  facet normal 1 -0 0
    outer loop
      vertex 53.5 9.53204 29.1338
      vertex 53.5 20.0961 25.0245
      vertex 53.5 9.8056 29.2977
    endloop
  endfacet
  facet normal 1 0 0
    outer loop
      vertex 53.5 20.0961 25.0245
      vertex 53.5 9.53204 29.1338
      vertex 53.5 20.2153 24.5486
    endloop
  endfacet
  facet normal 1 -0 0
    outer loop
      vertex 53.5 9.24372 28.9974
      vertex 53.5 20.2153 24.5486
      vertex 53.5 9.53204 29.1338
    endloop
  endfacet
  facet normal 1 0 0
    outer loop
      vertex 53.5 20.2153 24.5486
      vertex 53.5 9.24372 28.9974
      vertex 53.5 20.3806 24.0866
    endloop
  endfacet
  facet normal 1 -0 0
    outer loop
      vertex 53.5 8.94343 28.8899
      vertex 53.5 20.3806 24.0866
      vertex 53.5 9.24372 28.9974
    endloop
  endfacet
  facet normal 1 0 0
    outer loop
      vertex 53.5 20.3806 24.0866
      vertex 53.5 8.94343 28.8899
      vertex 53.5 20.5904 23.643
    endloop
  endfacet
  facet normal 1 -0 0
    outer loop
      vertex 53.5 8.63404 28.8124
      vertex 53.5 20.5904 23.643
      vertex 53.5 8.94343 28.8899
    endloop
  endfacet
  facet normal 1 0 0
    outer loop
      vertex 53.5 20.5904 23.643
      vertex 53.5 8.63404 28.8124
      vertex 53.5 20.8427 23.2221
    endloop
  endfacet
  facet normal 1 -0 0
    outer loop
      vertex 53.5 8.31855 28.7656
      vertex 53.5 20.8427 23.2221
      vertex 53.5 8.63404 28.8124
    endloop
  endfacet
  facet normal 1 0 0
    outer loop
      vertex 53.5 20.8427 23.2221
      vertex 53.5 8.31855 28.7656
      vertex 53.5 21.1349 22.828
    endloop
  endfacet
  facet normal 1 -0 0
    outer loop
      vertex 53.5 8 28.75
      vertex 53.5 21.1349 22.828
      vertex 53.5 8.31855 28.7656
    endloop
  endfacet
  facet normal 1 0 0
    outer loop
      vertex 53.5 21.1349 22.828
      vertex 53.5 8 28.75
      vertex 53.5 21.4645 22.4645
    endloop
  endfacet
  facet normal 1 0 0
    outer loop
      vertex 53.5 7.68144 28.7656
      vertex 53.5 21.4645 22.4645
      vertex 53.5 8 28.75
    endloop
  endfacet
  facet normal 1 0 0
    outer loop
      vertex 53.5 21.4645 22.4645
      vertex 53.5 7.68144 28.7656
      vertex 53.5 21.828 22.1349
    endloop
  endfacet
  facet normal 1 0 0
    outer loop
      vertex 53.5 7.36596 28.8124
      vertex 53.5 21.828 22.1349
      vertex 53.5 7.68144 28.7656
    endloop
  endfacet
  facet normal 1 0 0
    outer loop
      vertex 53.5 22.2221 21.8427
      vertex 53.5 7.36596 28.8124
      vertex 53.5 7.05657 28.8899
    endloop
  endfacet
  facet normal 1 0 0
    outer loop
      vertex 53.5 22.2221 21.8427
      vertex 53.5 7.05657 28.8899
      vertex 53.5 -49.5 0
    endloop
  endfacet
  facet normal 1 0 0
    outer loop
      vertex 53.5 -49.5 0
      vertex 53.5 7.05657 28.8899
      vertex 53.5 6.75628 28.9974
    endloop
  endfacet
  facet normal 1 0 0
    outer loop
      vertex 53.5 -49.5 0
      vertex 53.5 6.75628 28.9974
      vertex 53.5 6.46796 29.1338
    endloop
  endfacet
  facet normal 1 0 0
    outer loop
      vertex 53.5 -49.5 0
      vertex 53.5 6.46796 29.1338
      vertex 53.5 6.1944 29.2977
    endloop
  endfacet
  facet normal 1 0 0
    outer loop
      vertex 53.5 -49.5 0
      vertex 53.5 4.75 32
      vertex 53.5 -49.5 62
    endloop
  endfacet
  facet normal 1 0 0
    outer loop
      vertex 53.5 4.75 32
      vertex 53.5 -49.5 0
      vertex 53.5 4.76565 31.6814
    endloop
  endfacet
  facet normal 1 0 0
    outer loop
      vertex 53.5 4.76565 31.6814
      vertex 53.5 -49.5 0
      vertex 53.5 4.81245 31.366
    endloop
  endfacet
  facet normal 1 0 0
    outer loop
      vertex 53.5 4.81245 31.366
      vertex 53.5 -49.5 0
      vertex 53.5 4.88994 31.0566
    endloop
  endfacet
  facet normal 1 0 0
    outer loop
      vertex 53.5 4.88994 31.0566
      vertex 53.5 -49.5 0
      vertex 53.5 4.99739 30.7563
    endloop
  endfacet
  facet normal 1 0 0
    outer loop
      vertex 53.5 4.99739 30.7563
      vertex 53.5 -49.5 0
      vertex 53.5 5.13376 30.468
    endloop
  endfacet
  facet normal 1 0 0
    outer loop
      vertex 53.5 5.13376 30.468
      vertex 53.5 -49.5 0
      vertex 53.5 5.29772 30.1944
    endloop
  endfacet
  facet normal 1 0 0
    outer loop
      vertex 53.5 5.29772 30.1944
      vertex 53.5 -49.5 0
      vertex 53.5 5.48772 29.9382
    endloop
  endfacet
  facet normal 1 0 0
    outer loop
      vertex 53.5 5.48772 29.9382
      vertex 53.5 -49.5 0
      vertex 53.5 5.7019 29.7019
    endloop
  endfacet
  facet normal 1 0 0
    outer loop
      vertex 53.5 5.7019 29.7019
      vertex 53.5 -49.5 0
      vertex 53.5 5.93822 29.4877
    endloop
  endfacet
  facet normal 1 0 0
    outer loop
      vertex 53.5 5.93822 29.4877
      vertex 53.5 -49.5 0
      vertex 53.5 6.1944 29.2977
    endloop
  endfacet
  facet normal 1 0 0
    outer loop
      vertex 53.5 23.0866 21.3806
      vertex 53.5 -49.5 0
      vertex 53.5 49.5 0
    endloop
  endfacet
  facet normal -0.998791 -0.0491626 0
    outer loop
      vertex -53.4807 -49.8921 0
      vertex -53.5 -49.5 62
      vertex -53.5 -49.5 0
    endloop
  endfacet
  facet normal -0.998791 -0.0491626 0
    outer loop
      vertex -53.5 -49.5 62
      vertex -53.4807 -49.8921 0
      vertex -53.4807 -49.8921 62
    endloop
  endfacet
  facet normal -1 0 0
    outer loop
      vertex -53.5 -49.5 0
      vertex -53.5 49.5 62
      vertex -53.5 49.5 0
    endloop
  endfacet
  facet normal -1 -0 0
    outer loop
      vertex -53.5 49.5 62
      vertex -53.5 -49.5 0
      vertex -53.5 -49.5 62
    endloop
  endfacet
  facet normal -0.146733 -0.989176 0
    outer loop
      vertex -50.2804 -53.4231 0
      vertex -49.8921 -53.4807 62
      vertex -50.2804 -53.4231 62
    endloop
  endfacet
  facet normal -0.146733 -0.989176 -0
    outer loop
      vertex -49.8921 -53.4807 62
      vertex -50.2804 -53.4231 0
      vertex -49.8921 -53.4807 0
    endloop
  endfacet
  facet normal -0.740908 0.671607 0
    outer loop
      vertex -52.592 52.0376 0
      vertex -52.3284 52.3284 62
      vertex -52.3284 52.3284 0
    endloop
  endfacet
  facet normal -0.740908 0.671607 0
    outer loop
      vertex -52.3284 52.3284 62
      vertex -52.592 52.0376 0
      vertex -52.592 52.0376 62
    endloop
  endfacet
  facet normal 0 1 0
    outer loop
      vertex 49.5 53.5 62
      vertex 2.22 53.5 53
      vertex -49.5 53.5 62
    endloop
  endfacet
  facet normal 0 1 0
    outer loop
      vertex 49.5 53.5 62
      vertex 2.71008 53.5 52.9759
      vertex 2.22 53.5 53
    endloop
  endfacet
  facet normal 0 1 0
    outer loop
      vertex 49.5 53.5 62
      vertex 3.19545 53.5 52.9039
      vertex 2.71008 53.5 52.9759
    endloop
  endfacet
  facet normal 0 1 0
    outer loop
      vertex 49.5 53.5 62
      vertex 3.67142 53.5 52.7847
      vertex 3.19545 53.5 52.9039
    endloop
  endfacet
  facet normal 0 1 0
    outer loop
      vertex 49.5 53.5 62
      vertex 4.13342 53.5 52.6194
      vertex 3.67142 53.5 52.7847
    endloop
  endfacet
  facet normal 0 1 0
    outer loop
      vertex 49.5 53.5 62
      vertex 4.57698 53.5 52.4096
      vertex 4.13342 53.5 52.6194
    endloop
  endfacet
  facet normal 0 1 0
    outer loop
      vertex 49.5 53.5 62
      vertex 4.99785 53.5 52.1573
      vertex 4.57698 53.5 52.4096
    endloop
  endfacet
  facet normal 0 1 0
    outer loop
      vertex 49.5 53.5 62
      vertex 5.39197 53.5 51.8651
      vertex 4.99785 53.5 52.1573
    endloop
  endfacet
  facet normal 0 1 0
    outer loop
      vertex 49.5 53.5 62
      vertex 5.75553 53.5 51.5355
      vertex 5.39197 53.5 51.8651
    endloop
  endfacet
  facet normal 0 1 0
    outer loop
      vertex 49.5 53.5 62
      vertex 6.08505 53.5 51.172
      vertex 5.75553 53.5 51.5355
    endloop
  endfacet
  facet normal 0 1 0
    outer loop
      vertex 49.5 53.5 62
      vertex 6.37735 53.5 50.7779
      vertex 6.08505 53.5 51.172
    endloop
  endfacet
  facet normal 0 1 0
    outer loop
      vertex 49.5 53.5 62
      vertex 6.62961 53.5 50.357
      vertex 6.37735 53.5 50.7779
    endloop
  endfacet
  facet normal 0 1 0
    outer loop
      vertex 49.5 53.5 62
      vertex 6.8394 53.5 49.9134
      vertex 6.62961 53.5 50.357
    endloop
  endfacet
  facet normal 0 1 0
    outer loop
      vertex 49.5 53.5 62
      vertex 7.0047 53.5 49.4514
      vertex 6.8394 53.5 49.9134
    endloop
  endfacet
  facet normal 0 1 0
    outer loop
      vertex 49.5 53.5 62
      vertex 7.12393 53.5 48.9755
      vertex 7.0047 53.5 49.4514
    endloop
  endfacet
  facet normal 0 1 0
    outer loop
      vertex 49.5 53.5 62
      vertex 7.19592 53.5 48.4901
      vertex 7.12393 53.5 48.9755
    endloop
  endfacet
  facet normal 0 1 0
    outer loop
      vertex 49.5 53.5 62
      vertex 7.22 53.5 48
      vertex 7.19592 53.5 48.4901
    endloop
  endfacet
  facet normal 0 1 0
    outer loop
      vertex 49.5 53.5 62
      vertex 7.19592 53.5 47.5099
      vertex 7.22 53.5 48
    endloop
  endfacet
  facet normal 0 1 0
    outer loop
      vertex 49.5 53.5 62
      vertex 7.12393 53.5 47.0245
      vertex 7.19592 53.5 47.5099
    endloop
  endfacet
  facet normal 0 1 -0
    outer loop
      vertex 26.2337 53.5 16.067
      vertex 7.12393 53.5 47.0245
      vertex 49.5 53.5 62
    endloop
  endfacet
  facet normal -0 1 -0
    outer loop
      vertex 25.8291 53.5 16.1683
      vertex 7.12393 53.5 47.0245
      vertex 26.2337 53.5 16.067
    endloop
  endfacet
  facet normal 0 1 0
    outer loop
      vertex 7.12393 53.5 47.0245
      vertex 25.8291 53.5 16.1683
      vertex 7.0047 53.5 46.5486
    endloop
  endfacet
  facet normal -0 1 -0
    outer loop
      vertex 25.4166 53.5 16.2295
      vertex 7.0047 53.5 46.5486
      vertex 25.8291 53.5 16.1683
    endloop
  endfacet
  facet normal -0 1 -0
    outer loop
      vertex 25 53.5 16.25
      vertex 6.8394 53.5 46.0866
      vertex 25.4166 53.5 16.2295
    endloop
  endfacet
  facet normal 0 1 0
    outer loop
      vertex 6.8394 53.5 46.0866
      vertex 25 53.5 16.25
      vertex 6.62961 53.5 45.643
    endloop
  endfacet
  facet normal 0 1 -0
    outer loop
      vertex 24.5834 53.5 16.2295
      vertex 6.62961 53.5 45.643
      vertex 25 53.5 16.25
    endloop
  endfacet
  facet normal 0 1 0
    outer loop
      vertex 6.62961 53.5 45.643
      vertex 24.5834 53.5 16.2295
      vertex 6.37735 53.5 45.2221
    endloop
  endfacet
  facet normal 0 1 -0
    outer loop
      vertex 24.1709 53.5 16.1683
      vertex 6.37735 53.5 45.2221
      vertex 24.5834 53.5 16.2295
    endloop
  endfacet
  facet normal 0 1 0
    outer loop
      vertex 6.37735 53.5 45.2221
      vertex 24.1709 53.5 16.1683
      vertex 6.08505 53.5 44.828
    endloop
  endfacet
  facet normal 0 1 0
    outer loop
      vertex 4.99785 53.5 43.8427
      vertex 22.6388 53.5 15.5337
      vertex 4.57698 53.5 43.5904
    endloop
  endfacet
  facet normal 0 1 -0
    outer loop
      vertex 22.6388 53.5 15.5337
      vertex 4.99785 53.5 43.8427
      vertex 22.9966 53.5 15.7482
    endloop
  endfacet
  facet normal 0 1 0
    outer loop
      vertex 5.39197 53.5 44.1349
      vertex 22.9966 53.5 15.7482
      vertex 4.99785 53.5 43.8427
    endloop
  endfacet
  facet normal 0 1 -0
    outer loop
      vertex 22.9966 53.5 15.7482
      vertex 5.39197 53.5 44.1349
      vertex 23.3736 53.5 15.9265
    endloop
  endfacet
  facet normal 0 1 0
    outer loop
      vertex 5.75553 53.5 44.4645
      vertex 23.3736 53.5 15.9265
      vertex 5.39197 53.5 44.1349
    endloop
  endfacet
  facet normal 0 1 -0
    outer loop
      vertex 23.7663 53.5 16.067
      vertex 6.08505 53.5 44.828
      vertex 24.1709 53.5 16.1683
    endloop
  endfacet
  facet normal 0 1 -0
    outer loop
      vertex 23.3736 53.5 15.9265
      vertex 5.75553 53.5 44.4645
      vertex 23.7663 53.5 16.067
    endloop
  endfacet
  facet normal 0 1 0
    outer loop
      vertex 6.08505 53.5 44.828
      vertex 23.7663 53.5 16.067
      vertex 5.75553 53.5 44.4645
    endloop
  endfacet
  facet normal 0 1 0
    outer loop
      vertex 7.0047 53.5 46.5486
      vertex 25.4166 53.5 16.2295
      vertex 6.8394 53.5 46.0866
    endloop
  endfacet
  facet normal 0 1 0
    outer loop
      vertex 49.5 53.5 62
      vertex 26.6264 53.5 15.9265
      vertex 26.2337 53.5 16.067
    endloop
  endfacet
  facet normal 0 1 0
    outer loop
      vertex 49.5 53.5 62
      vertex 27.0034 53.5 15.7482
      vertex 26.6264 53.5 15.9265
    endloop
  endfacet
  facet normal 0 1 0
    outer loop
      vertex 49.5 53.5 62
      vertex 27.3612 53.5 15.5337
      vertex 27.0034 53.5 15.7482
    endloop
  endfacet
  facet normal 0 1 0
    outer loop
      vertex 49.5 53.5 62
      vertex 27.6962 53.5 15.2853
      vertex 27.3612 53.5 15.5337
    endloop
  endfacet
  facet normal 0 1 0
    outer loop
      vertex 49.5 53.5 62
      vertex 28.0052 53.5 15.0052
      vertex 27.6962 53.5 15.2853
    endloop
  endfacet
  facet normal 0 1 0
    outer loop
      vertex 49.5 53.5 62
      vertex 28.2853 53.5 14.6962
      vertex 28.0052 53.5 15.0052
    endloop
  endfacet
  facet normal 0 1 0
    outer loop
      vertex 49.5 53.5 62
      vertex 28.5337 53.5 14.3612
      vertex 28.2853 53.5 14.6962
    endloop
  endfacet
  facet normal 0 1 -0
    outer loop
      vertex 49.5 53.5 0
      vertex 28.5337 53.5 14.3612
      vertex 49.5 53.5 62
    endloop
  endfacet
  facet normal 0 1 0
    outer loop
      vertex 28.5337 53.5 14.3612
      vertex 49.5 53.5 0
      vertex 28.7482 53.5 14.0034
    endloop
  endfacet
  facet normal 0 1 0
    outer loop
      vertex 28.7482 53.5 14.0034
      vertex 49.5 53.5 0
      vertex 28.9265 53.5 13.6264
    endloop
  endfacet
  facet normal 0 1 0
    outer loop
      vertex 28.9265 53.5 13.6264
      vertex 49.5 53.5 0
      vertex 29.067 53.5 13.2337
    endloop
  endfacet
  facet normal 0 1 0
    outer loop
      vertex 29.067 53.5 13.2337
      vertex 49.5 53.5 0
      vertex 29.1683 53.5 12.8291
    endloop
  endfacet
  facet normal 0 1 0
    outer loop
      vertex 29.1683 53.5 12.8291
      vertex 49.5 53.5 0
      vertex 29.2295 53.5 12.4166
    endloop
  endfacet
  facet normal 0 1 0
    outer loop
      vertex 29.2295 53.5 12.4166
      vertex 49.5 53.5 0
      vertex 29.25 53.5 12
    endloop
  endfacet
  facet normal 0 1 0
    outer loop
      vertex 29.25 53.5 12
      vertex 49.5 53.5 0
      vertex 29.2295 53.5 11.5834
    endloop
  endfacet
  facet normal 0 1 0
    outer loop
      vertex 29.2295 53.5 11.5834
      vertex 49.5 53.5 0
      vertex 29.1683 53.5 11.1709
    endloop
  endfacet
  facet normal 0 1 0
    outer loop
      vertex 29.1683 53.5 11.1709
      vertex 49.5 53.5 0
      vertex 29.067 53.5 10.7663
    endloop
  endfacet
  facet normal 0 1 0
    outer loop
      vertex 25.4166 53.5 7.77046
      vertex 49.5 53.5 0
      vertex 25 53.5 7.75
    endloop
  endfacet
  facet normal 0 1 0
    outer loop
      vertex 25.8291 53.5 7.83166
      vertex 49.5 53.5 0
      vertex 25.4166 53.5 7.77046
    endloop
  endfacet
  facet normal 0 1 0
    outer loop
      vertex 26.2337 53.5 7.933
      vertex 49.5 53.5 0
      vertex 25.8291 53.5 7.83166
    endloop
  endfacet
  facet normal 0 1 0
    outer loop
      vertex 26.6264 53.5 8.07351
      vertex 49.5 53.5 0
      vertex 26.2337 53.5 7.933
    endloop
  endfacet
  facet normal 0 1 0
    outer loop
      vertex 27.0034 53.5 8.25183
      vertex 49.5 53.5 0
      vertex 26.6264 53.5 8.07351
    endloop
  endfacet
  facet normal 0 1 0
    outer loop
      vertex 27.3612 53.5 8.46625
      vertex 49.5 53.5 0
      vertex 27.0034 53.5 8.25183
    endloop
  endfacet
  facet normal 0 1 0
    outer loop
      vertex 27.6962 53.5 8.71471
      vertex 49.5 53.5 0
      vertex 27.3612 53.5 8.46625
    endloop
  endfacet
  facet normal 0 1 0
    outer loop
      vertex 28.0052 53.5 8.9948
      vertex 49.5 53.5 0
      vertex 27.6962 53.5 8.71471
    endloop
  endfacet
  facet normal 0 1 0
    outer loop
      vertex 28.2853 53.5 9.30383
      vertex 49.5 53.5 0
      vertex 28.0052 53.5 8.9948
    endloop
  endfacet
  facet normal 0 1 0
    outer loop
      vertex 28.5337 53.5 9.63883
      vertex 49.5 53.5 0
      vertex 28.2853 53.5 9.30383
    endloop
  endfacet
  facet normal 0 1 0
    outer loop
      vertex 28.7482 53.5 9.99656
      vertex 49.5 53.5 0
      vertex 28.5337 53.5 9.63883
    endloop
  endfacet
  facet normal 0 1 0
    outer loop
      vertex 28.9265 53.5 10.3736
      vertex 49.5 53.5 0
      vertex 28.7482 53.5 9.99656
    endloop
  endfacet
  facet normal 0 1 0
    outer loop
      vertex 29.067 53.5 10.7663
      vertex 49.5 53.5 0
      vertex 28.9265 53.5 10.3736
    endloop
  endfacet
  facet normal 0 1 -0
    outer loop
      vertex -21.78 53.5 53
      vertex -49.5 53.5 62
      vertex 2.22 53.5 53
    endloop
  endfacet
  facet normal 0 1 -0
    outer loop
      vertex -22.2701 53.5 52.9759
      vertex -49.5 53.5 62
      vertex -21.78 53.5 53
    endloop
  endfacet
  facet normal 0 1 -0
    outer loop
      vertex -22.7555 53.5 52.9039
      vertex -49.5 53.5 62
      vertex -22.2701 53.5 52.9759
    endloop
  endfacet
  facet normal 0 1 -0
    outer loop
      vertex -23.2314 53.5 52.7847
      vertex -49.5 53.5 62
      vertex -22.7555 53.5 52.9039
    endloop
  endfacet
  facet normal 0 1 -0
    outer loop
      vertex -23.6934 53.5 52.6194
      vertex -49.5 53.5 62
      vertex -23.2314 53.5 52.7847
    endloop
  endfacet
  facet normal 0 1 -0
    outer loop
      vertex -24.137 53.5 52.4096
      vertex -49.5 53.5 62
      vertex -23.6934 53.5 52.6194
    endloop
  endfacet
  facet normal 0 1 -0
    outer loop
      vertex -24.5578 53.5 52.1573
      vertex -49.5 53.5 62
      vertex -24.137 53.5 52.4096
    endloop
  endfacet
  facet normal 0 1 -0
    outer loop
      vertex -24.952 53.5 51.8651
      vertex -49.5 53.5 62
      vertex -24.5578 53.5 52.1573
    endloop
  endfacet
  facet normal 0 1 -0
    outer loop
      vertex -25.3155 53.5 51.5355
      vertex -49.5 53.5 62
      vertex -24.952 53.5 51.8651
    endloop
  endfacet
  facet normal 0 1 -0
    outer loop
      vertex -25.6451 53.5 51.172
      vertex -49.5 53.5 62
      vertex -25.3155 53.5 51.5355
    endloop
  endfacet
  facet normal 0 1 -0
    outer loop
      vertex -25.9373 53.5 50.7779
      vertex -49.5 53.5 62
      vertex -25.6451 53.5 51.172
    endloop
  endfacet
  facet normal 0 1 -0
    outer loop
      vertex -26.1896 53.5 50.357
      vertex -49.5 53.5 62
      vertex -25.9373 53.5 50.7779
    endloop
  endfacet
  facet normal 0 1 -0
    outer loop
      vertex -26.3994 53.5 49.9134
      vertex -49.5 53.5 62
      vertex -26.1896 53.5 50.357
    endloop
  endfacet
  facet normal 0 1 -0
    outer loop
      vertex -26.5647 53.5 49.4514
      vertex -49.5 53.5 62
      vertex -26.3994 53.5 49.9134
    endloop
  endfacet
  facet normal 0 1 -0
    outer loop
      vertex -26.6839 53.5 48.9755
      vertex -49.5 53.5 62
      vertex -26.5647 53.5 49.4514
    endloop
  endfacet
  facet normal 0 1 -0
    outer loop
      vertex -26.7559 53.5 48.4901
      vertex -49.5 53.5 62
      vertex -26.6839 53.5 48.9755
    endloop
  endfacet
  facet normal 0 1 -0
    outer loop
      vertex -26.78 53.5 48
      vertex -49.5 53.5 62
      vertex -26.7559 53.5 48.4901
    endloop
  endfacet
  facet normal 0 1 0
    outer loop
      vertex -26.7559 53.5 47.5099
      vertex -49.5 53.5 62
      vertex -26.78 53.5 48
    endloop
  endfacet
  facet normal 0 1 0
    outer loop
      vertex -26.6839 53.5 47.0245
      vertex -49.5 53.5 62
      vertex -26.7559 53.5 47.5099
    endloop
  endfacet
  facet normal 0 1 0
    outer loop
      vertex -26.5647 53.5 46.5486
      vertex -49.5 53.5 62
      vertex -26.6839 53.5 47.0245
    endloop
  endfacet
  facet normal 0 1 0
    outer loop
      vertex -26.3994 53.5 46.0866
      vertex -49.5 53.5 62
      vertex -26.5647 53.5 46.5486
    endloop
  endfacet
  facet normal 0 1 0
    outer loop
      vertex -26.1896 53.5 45.643
      vertex -49.5 53.5 62
      vertex -26.3994 53.5 46.0866
    endloop
  endfacet
  facet normal 0 1 0
    outer loop
      vertex -49.5 53.5 0
      vertex -26.1896 53.5 45.643
      vertex -25.9373 53.5 45.2221
    endloop
  endfacet
  facet normal 0 1 0
    outer loop
      vertex -49.5 53.5 0
      vertex -25.9373 53.5 45.2221
      vertex -25.6451 53.5 44.828
    endloop
  endfacet
  facet normal 0 1 0
    outer loop
      vertex -49.5 53.5 0
      vertex -25.6451 53.5 44.828
      vertex -25.3155 53.5 44.4645
    endloop
  endfacet
  facet normal 0 1 0
    outer loop
      vertex -49.5 53.5 0
      vertex -25.3155 53.5 44.4645
      vertex -24.952 53.5 44.1349
    endloop
  endfacet
  facet normal 0 1 0
    outer loop
      vertex -49.5 53.5 0
      vertex -24.952 53.5 44.1349
      vertex -24.5578 53.5 43.8427
    endloop
  endfacet
  facet normal 0 1 -0
    outer loop
      vertex 22.3038 53.5 15.2853
      vertex 4.57698 53.5 43.5904
      vertex 22.6388 53.5 15.5337
    endloop
  endfacet
  facet normal 0 1 0
    outer loop
      vertex 4.57698 53.5 43.5904
      vertex 22.3038 53.5 15.2853
      vertex 4.13342 53.5 43.3806
    endloop
  endfacet
  facet normal 0 1 -0
    outer loop
      vertex 21.9948 53.5 15.0052
      vertex 4.13342 53.5 43.3806
      vertex 22.3038 53.5 15.2853
    endloop
  endfacet
  facet normal 0 1 0
    outer loop
      vertex 4.13342 53.5 43.3806
      vertex 21.9948 53.5 15.0052
      vertex 3.67142 53.5 43.2153
    endloop
  endfacet
  facet normal 0 1 -0
    outer loop
      vertex 21.7147 53.5 14.6962
      vertex 3.67142 53.5 43.2153
      vertex 21.9948 53.5 15.0052
    endloop
  endfacet
  facet normal 0 1 0
    outer loop
      vertex 3.67142 53.5 43.2153
      vertex 21.7147 53.5 14.6962
      vertex 3.19545 53.5 43.0961
    endloop
  endfacet
  facet normal 0 1 -0
    outer loop
      vertex 21.4663 53.5 14.3612
      vertex 3.19545 53.5 43.0961
      vertex 21.7147 53.5 14.6962
    endloop
  endfacet
  facet normal 0 1 0
    outer loop
      vertex 3.19545 53.5 43.0961
      vertex 21.4663 53.5 14.3612
      vertex 2.71008 53.5 43.0241
    endloop
  endfacet
  facet normal 0 1 -0
    outer loop
      vertex 21.2518 53.5 14.0034
      vertex 2.71008 53.5 43.0241
      vertex 21.4663 53.5 14.3612
    endloop
  endfacet
  facet normal 0 1 0
    outer loop
      vertex 2.71008 53.5 43.0241
      vertex 21.2518 53.5 14.0034
      vertex 2.22 53.5 43
    endloop
  endfacet
  facet normal 0 1 -0
    outer loop
      vertex 21.0735 53.5 13.6264
      vertex 2.22 53.5 43
      vertex 21.2518 53.5 14.0034
    endloop
  endfacet
  facet normal 0 1 -0
    outer loop
      vertex 20.933 53.5 13.2337
      vertex 2.22 53.5 43
      vertex 21.0735 53.5 13.6264
    endloop
  endfacet
  facet normal 0 1 -0
    outer loop
      vertex 20.8317 53.5 12.8291
      vertex 2.22 53.5 43
      vertex 20.933 53.5 13.2337
    endloop
  endfacet
  facet normal 0 1 -0
    outer loop
      vertex 20.7705 53.5 12.4166
      vertex 2.22 53.5 43
      vertex 20.8317 53.5 12.8291
    endloop
  endfacet
  facet normal 0 1 0
    outer loop
      vertex 2.22 53.5 43
      vertex 20.7705 53.5 12.4166
      vertex -21.78 53.5 43
    endloop
  endfacet
  facet normal 0 1 -0
    outer loop
      vertex 20.75 53.5 12
      vertex -21.78 53.5 43
      vertex 20.7705 53.5 12.4166
    endloop
  endfacet
  facet normal 0 1 0
    outer loop
      vertex 20.7705 53.5 11.5834
      vertex -21.78 53.5 43
      vertex 20.75 53.5 12
    endloop
  endfacet
  facet normal 0 1 0
    outer loop
      vertex -49.5 53.5 0
      vertex -21.78 53.5 43
      vertex 20.7705 53.5 11.5834
    endloop
  endfacet
  facet normal 0 1 0
    outer loop
      vertex -21.78 53.5 43
      vertex -49.5 53.5 0
      vertex -22.2701 53.5 43.0241
    endloop
  endfacet
  facet normal 0 1 0
    outer loop
      vertex -22.2701 53.5 43.0241
      vertex -49.5 53.5 0
      vertex -22.7555 53.5 43.0961
    endloop
  endfacet
  facet normal 0 1 0
    outer loop
      vertex -22.7555 53.5 43.0961
      vertex -49.5 53.5 0
      vertex -23.2314 53.5 43.2153
    endloop
  endfacet
  facet normal 0 1 0
    outer loop
      vertex -23.2314 53.5 43.2153
      vertex -49.5 53.5 0
      vertex -23.6934 53.5 43.3806
    endloop
  endfacet
  facet normal 0 1 0
    outer loop
      vertex -23.6934 53.5 43.3806
      vertex -49.5 53.5 0
      vertex -24.137 53.5 43.5904
    endloop
  endfacet
  facet normal 0 1 0
    outer loop
      vertex -49.5 53.5 0
      vertex 20.7705 53.5 11.5834
      vertex 20.8317 53.5 11.1709
    endloop
  endfacet
  facet normal 0 1 0
    outer loop
      vertex -49.5 53.5 0
      vertex 20.8317 53.5 11.1709
      vertex 20.933 53.5 10.7663
    endloop
  endfacet
  facet normal 0 1 0
    outer loop
      vertex -49.5 53.5 0
      vertex 20.933 53.5 10.7663
      vertex 21.0735 53.5 10.3736
    endloop
  endfacet
  facet normal 0 1 0
    outer loop
      vertex -24.137 53.5 43.5904
      vertex -49.5 53.5 0
      vertex -24.5578 53.5 43.8427
    endloop
  endfacet
  facet normal 0 1 0
    outer loop
      vertex -49.5 53.5 0
      vertex 21.0735 53.5 10.3736
      vertex 21.2518 53.5 9.99656
    endloop
  endfacet
  facet normal 0 1 0
    outer loop
      vertex -49.5 53.5 0
      vertex 21.2518 53.5 9.99656
      vertex 21.4663 53.5 9.63883
    endloop
  endfacet
  facet normal 0 1 0
    outer loop
      vertex -49.5 53.5 0
      vertex 21.4663 53.5 9.63883
      vertex 21.7147 53.5 9.30383
    endloop
  endfacet
  facet normal 0 1 0
    outer loop
      vertex -49.5 53.5 0
      vertex 21.7147 53.5 9.30383
      vertex 21.9948 53.5 8.9948
    endloop
  endfacet
  facet normal 0 1 0
    outer loop
      vertex -49.5 53.5 0
      vertex 21.9948 53.5 8.9948
      vertex 22.3038 53.5 8.71471
    endloop
  endfacet
  facet normal 0 1 0
    outer loop
      vertex 49.5 53.5 0
      vertex 24.5834 53.5 7.77046
      vertex 25 53.5 7.75
    endloop
  endfacet
  facet normal 0 1 0
    outer loop
      vertex 49.5 53.5 0
      vertex 24.1709 53.5 7.83166
      vertex 24.5834 53.5 7.77046
    endloop
  endfacet
  facet normal 0 1 0
    outer loop
      vertex -49.5 53.5 0
      vertex 24.1709 53.5 7.83166
      vertex 49.5 53.5 0
    endloop
  endfacet
  facet normal 0 1 0
    outer loop
      vertex -26.1896 53.5 45.643
      vertex -49.5 53.5 0
      vertex -49.5 53.5 62
    endloop
  endfacet
  facet normal 0 1 0
    outer loop
      vertex 22.6388 53.5 8.46625
      vertex -49.5 53.5 0
      vertex 22.3038 53.5 8.71471
    endloop
  endfacet
  facet normal 0 1 0
    outer loop
      vertex 22.9966 53.5 8.25183
      vertex -49.5 53.5 0
      vertex 22.6388 53.5 8.46625
    endloop
  endfacet
  facet normal 0 1 0
    outer loop
      vertex 23.3736 53.5 8.07351
      vertex -49.5 53.5 0
      vertex 22.9966 53.5 8.25183
    endloop
  endfacet
  facet normal 0 1 0
    outer loop
      vertex 23.7663 53.5 7.933
      vertex -49.5 53.5 0
      vertex 23.3736 53.5 8.07351
    endloop
  endfacet
  facet normal 0 1 0
    outer loop
      vertex 24.1709 53.5 7.83166
      vertex -49.5 53.5 0
      vertex 23.7663 53.5 7.933
    endloop
  endfacet
  facet normal 0.42744 0.904044 -0
    outer loop
      vertex 51.3856 53.0277 0
      vertex 51.0307 53.1955 62
      vertex 51.3856 53.0277 62
    endloop
  endfacet
  facet normal 0.42744 0.904044 0
    outer loop
      vertex 51.0307 53.1955 62
      vertex 51.3856 53.0277 0
      vertex 51.0307 53.1955 0
    endloop
  endfacet
  facet normal -0.42744 0.904044 0
    outer loop
      vertex -51.0307 53.1955 0
      vertex -51.3856 53.0277 62
      vertex -51.0307 53.1955 62
    endloop
  endfacet
  facet normal -0.42744 0.904044 0
    outer loop
      vertex -51.3856 53.0277 62
      vertex -51.0307 53.1955 0
      vertex -51.3856 53.0277 0
    endloop
  endfacet
  facet normal -0.42744 -0.904044 0
    outer loop
      vertex -51.3856 -53.0277 0
      vertex -51.0307 -53.1955 62
      vertex -51.3856 -53.0277 62
    endloop
  endfacet
  facet normal -0.42744 -0.904044 -0
    outer loop
      vertex -51.0307 -53.1955 62
      vertex -51.3856 -53.0277 0
      vertex -51.0307 -53.1955 0
    endloop
  endfacet
  facet normal -0.85774 0.514084 0
    outer loop
      vertex -53.0277 51.3856 0
      vertex -52.8259 51.7223 62
      vertex -52.8259 51.7223 0
    endloop
  endfacet
  facet normal -0.85774 0.514084 0
    outer loop
      vertex -52.8259 51.7223 62
      vertex -53.0277 51.3856 0
      vertex -53.0277 51.3856 62
    endloop
  endfacet
  facet normal -0.998791 0.0491626 0
    outer loop
      vertex -53.5 49.5 0
      vertex -53.4807 49.8921 62
      vertex -53.4807 49.8921 0
    endloop
  endfacet
  facet normal -0.998791 0.0491626 0
    outer loop
      vertex -53.4807 49.8921 62
      vertex -53.5 49.5 0
      vertex -53.5 49.5 62
    endloop
  endfacet
  facet normal -0.989176 0.146733 0
    outer loop
      vertex -53.4807 49.8921 0
      vertex -53.4231 50.2804 62
      vertex -53.4231 50.2804 0
    endloop
  endfacet
  facet normal -0.989176 0.146733 0
    outer loop
      vertex -53.4231 50.2804 62
      vertex -53.4807 49.8921 0
      vertex -53.4807 49.8921 62
    endloop
  endfacet
  facet normal -0.970068 0.242835 0
    outer loop
      vertex -53.4231 50.2804 0
      vertex -53.3278 50.6611 62
      vertex -53.3278 50.6611 0
    endloop
  endfacet
  facet normal -0.970068 0.242835 0
    outer loop
      vertex -53.3278 50.6611 62
      vertex -53.4231 50.2804 0
      vertex -53.4231 50.2804 62
    endloop
  endfacet
  facet normal -0.803137 0.595794 0
    outer loop
      vertex -52.8259 51.7223 0
      vertex -52.592 52.0376 62
      vertex -52.592 52.0376 0
    endloop
  endfacet
  facet normal -0.803137 0.595794 0
    outer loop
      vertex -52.592 52.0376 62
      vertex -52.8259 51.7223 0
      vertex -52.8259 51.7223 62
    endloop
  endfacet
  facet normal 0.9415 0.337014 0
    outer loop
      vertex 53.3278 50.6611 62
      vertex 53.1955 51.0307 0
      vertex 53.1955 51.0307 62
    endloop
  endfacet
  facet normal 0.9415 0.337014 0
    outer loop
      vertex 53.1955 51.0307 0
      vertex 53.3278 50.6611 62
      vertex 53.3278 50.6611 0
    endloop
  endfacet
  facet normal 0.85774 0.514084 0
    outer loop
      vertex 53.0277 51.3856 62
      vertex 52.8259 51.7223 0
      vertex 52.8259 51.7223 62
    endloop
  endfacet
  facet normal 0.85774 0.514084 0
    outer loop
      vertex 52.8259 51.7223 0
      vertex 53.0277 51.3856 62
      vertex 53.0277 51.3856 0
    endloop
  endfacet
  facet normal -0.146733 0.989176 0
    outer loop
      vertex -49.8921 53.4807 0
      vertex -50.2804 53.4231 62
      vertex -49.8921 53.4807 62
    endloop
  endfacet
  facet normal -0.146733 0.989176 0
    outer loop
      vertex -50.2804 53.4231 62
      vertex -49.8921 53.4807 0
      vertex -50.2804 53.4231 0
    endloop
  endfacet
  facet normal 0.337014 -0.9415 0
    outer loop
      vertex 50.6611 -53.3278 0
      vertex 51.0307 -53.1955 62
      vertex 50.6611 -53.3278 62
    endloop
  endfacet
  facet normal 0.337014 -0.9415 0
    outer loop
      vertex 51.0307 -53.1955 62
      vertex 50.6611 -53.3278 0
      vertex 51.0307 -53.1955 0
    endloop
  endfacet
  facet normal 0.0491626 -0.998791 0
    outer loop
      vertex 49.5 -53.5 0
      vertex 49.8921 -53.4807 62
      vertex 49.5 -53.5 62
    endloop
  endfacet
  facet normal 0.0491626 -0.998791 0
    outer loop
      vertex 49.8921 -53.4807 62
      vertex 49.5 -53.5 0
      vertex 49.8921 -53.4807 0
    endloop
  endfacet
  facet normal 0.242835 -0.970068 0
    outer loop
      vertex 50.2804 -53.4231 0
      vertex 50.6611 -53.3278 62
      vertex 50.2804 -53.4231 62
    endloop
  endfacet
  facet normal 0.242835 -0.970068 0
    outer loop
      vertex 50.6611 -53.3278 62
      vertex 50.2804 -53.4231 0
      vertex 50.6611 -53.3278 0
    endloop
  endfacet
  facet normal 0.514084 -0.85774 0
    outer loop
      vertex 51.3856 -53.0277 0
      vertex 51.7223 -52.8259 62
      vertex 51.3856 -53.0277 62
    endloop
  endfacet
  facet normal 0.514084 -0.85774 0
    outer loop
      vertex 51.7223 -52.8259 62
      vertex 51.3856 -53.0277 0
      vertex 51.7223 -52.8259 0
    endloop
  endfacet
  facet normal 0.671607 -0.740908 0
    outer loop
      vertex 52.0376 -52.592 0
      vertex 52.3284 -52.3284 62
      vertex 52.0376 -52.592 62
    endloop
  endfacet
  facet normal 0.671607 -0.740908 0
    outer loop
      vertex 52.3284 -52.3284 62
      vertex 52.0376 -52.592 0
      vertex 52.3284 -52.3284 0
    endloop
  endfacet
  facet normal -0.242835 -0.970068 0
    outer loop
      vertex -50.6611 -53.3278 0
      vertex -50.2804 -53.4231 62
      vertex -50.6611 -53.3278 62
    endloop
  endfacet
  facet normal -0.242835 -0.970068 -0
    outer loop
      vertex -50.2804 -53.4231 62
      vertex -50.6611 -53.3278 0
      vertex -50.2804 -53.4231 0
    endloop
  endfacet
  facet normal -0.337014 -0.9415 0
    outer loop
      vertex -51.0307 -53.1955 0
      vertex -50.6611 -53.3278 62
      vertex -51.0307 -53.1955 62
    endloop
  endfacet
  facet normal -0.337014 -0.9415 -0
    outer loop
      vertex -50.6611 -53.3278 62
      vertex -51.0307 -53.1955 0
      vertex -50.6611 -53.3278 0
    endloop
  endfacet
  facet normal -0.595794 -0.803137 0
    outer loop
      vertex -52.0376 -52.592 0
      vertex -51.7223 -52.8259 62
      vertex -52.0376 -52.592 62
    endloop
  endfacet
  facet normal -0.595794 -0.803137 -0
    outer loop
      vertex -51.7223 -52.8259 62
      vertex -52.0376 -52.592 0
      vertex -51.7223 -52.8259 0
    endloop
  endfacet
  facet normal -0.9415 -0.337014 0
    outer loop
      vertex -53.1955 -51.0307 0
      vertex -53.3278 -50.6611 62
      vertex -53.3278 -50.6611 0
    endloop
  endfacet
  facet normal -0.9415 -0.337014 0
    outer loop
      vertex -53.3278 -50.6611 62
      vertex -53.1955 -51.0307 0
      vertex -53.1955 -51.0307 62
    endloop
  endfacet
  facet normal -0.740908 -0.671607 0
    outer loop
      vertex -52.3284 -52.3284 0
      vertex -52.592 -52.0376 62
      vertex -52.592 -52.0376 0
    endloop
  endfacet
  facet normal -0.740908 -0.671607 0
    outer loop
      vertex -52.592 -52.0376 62
      vertex -52.3284 -52.3284 0
      vertex -52.3284 -52.3284 62
    endloop
  endfacet
  facet normal -0.9415 0.337014 0
    outer loop
      vertex -53.3278 50.6611 0
      vertex -53.1955 51.0307 62
      vertex -53.1955 51.0307 0
    endloop
  endfacet
  facet normal -0.9415 0.337014 0
    outer loop
      vertex -53.1955 51.0307 62
      vertex -53.3278 50.6611 0
      vertex -53.3278 50.6611 62
    endloop
  endfacet
  facet normal -0.904044 0.42744 0
    outer loop
      vertex -53.1955 51.0307 0
      vertex -53.0277 51.3856 62
      vertex -53.0277 51.3856 0
    endloop
  endfacet
  facet normal -0.904044 0.42744 0
    outer loop
      vertex -53.0277 51.3856 62
      vertex -53.1955 51.0307 0
      vertex -53.1955 51.0307 62
    endloop
  endfacet
  facet normal 0.740908 0.671607 0
    outer loop
      vertex 52.592 52.0376 62
      vertex 52.3284 52.3284 0
      vertex 52.3284 52.3284 62
    endloop
  endfacet
  facet normal 0.740908 0.671607 0
    outer loop
      vertex 52.3284 52.3284 0
      vertex 52.592 52.0376 62
      vertex 52.592 52.0376 0
    endloop
  endfacet
  facet normal 0.998791 0.0491626 0
    outer loop
      vertex 53.5 49.5 62
      vertex 53.4807 49.8921 0
      vertex 53.4807 49.8921 62
    endloop
  endfacet
  facet normal 0.998791 0.0491626 0
    outer loop
      vertex 53.4807 49.8921 0
      vertex 53.5 49.5 62
      vertex 53.5 49.5 0
    endloop
  endfacet
  facet normal 0.989176 0.146733 0
    outer loop
      vertex 53.4807 49.8921 62
      vertex 53.4231 50.2804 0
      vertex 53.4231 50.2804 62
    endloop
  endfacet
  facet normal 0.989176 0.146733 0
    outer loop
      vertex 53.4231 50.2804 0
      vertex 53.4807 49.8921 62
      vertex 53.4807 49.8921 0
    endloop
  endfacet
  facet normal 0.970068 0.242835 0
    outer loop
      vertex 53.4231 50.2804 62
      vertex 53.3278 50.6611 0
      vertex 53.3278 50.6611 62
    endloop
  endfacet
  facet normal 0.970068 0.242835 0
    outer loop
      vertex 53.3278 50.6611 0
      vertex 53.4231 50.2804 62
      vertex 53.4231 50.2804 0
    endloop
  endfacet
  facet normal 0.904044 0.42744 0
    outer loop
      vertex 53.1955 51.0307 62
      vertex 53.0277 51.3856 0
      vertex 53.0277 51.3856 62
    endloop
  endfacet
  facet normal 0.904044 0.42744 0
    outer loop
      vertex 53.0277 51.3856 0
      vertex 53.1955 51.0307 62
      vertex 53.1955 51.0307 0
    endloop
  endfacet
  facet normal 0.998791 -0.0491626 0
    outer loop
      vertex 53.4807 -49.8921 62
      vertex 53.5 -49.5 0
      vertex 53.5 -49.5 62
    endloop
  endfacet
  facet normal 0.998791 -0.0491626 0
    outer loop
      vertex 53.5 -49.5 0
      vertex 53.4807 -49.8921 62
      vertex 53.4807 -49.8921 0
    endloop
  endfacet
  facet normal 0.85774 -0.514084 0
    outer loop
      vertex 52.8259 -51.7223 62
      vertex 53.0277 -51.3856 0
      vertex 53.0277 -51.3856 62
    endloop
  endfacet
  facet normal 0.85774 -0.514084 0
    outer loop
      vertex 53.0277 -51.3856 0
      vertex 52.8259 -51.7223 62
      vertex 52.8259 -51.7223 0
    endloop
  endfacet
  facet normal 0.595794 0.803137 -0
    outer loop
      vertex 52.0376 52.592 0
      vertex 51.7223 52.8259 62
      vertex 52.0376 52.592 62
    endloop
  endfacet
  facet normal 0.595794 0.803137 0
    outer loop
      vertex 51.7223 52.8259 62
      vertex 52.0376 52.592 0
      vertex 51.7223 52.8259 0
    endloop
  endfacet
  facet normal -0.242835 0.970068 0
    outer loop
      vertex -50.2804 53.4231 0
      vertex -50.6611 53.3278 62
      vertex -50.2804 53.4231 62
    endloop
  endfacet
  facet normal -0.242835 0.970068 0
    outer loop
      vertex -50.6611 53.3278 62
      vertex -50.2804 53.4231 0
      vertex -50.6611 53.3278 0
    endloop
  endfacet
  facet normal -0.0491626 0.998791 0
    outer loop
      vertex -49.5 53.5 0
      vertex -49.8921 53.4807 62
      vertex -49.5 53.5 62
    endloop
  endfacet
  facet normal -0.0491626 0.998791 0
    outer loop
      vertex -49.8921 53.4807 62
      vertex -49.5 53.5 0
      vertex -49.8921 53.4807 0
    endloop
  endfacet
  facet normal -0.337014 0.9415 0
    outer loop
      vertex -50.6611 53.3278 0
      vertex -51.0307 53.1955 62
      vertex -50.6611 53.3278 62
    endloop
  endfacet
  facet normal -0.337014 0.9415 0
    outer loop
      vertex -51.0307 53.1955 62
      vertex -50.6611 53.3278 0
      vertex -51.0307 53.1955 0
    endloop
  endfacet
  facet normal -0.514084 0.85774 0
    outer loop
      vertex -51.3856 53.0277 0
      vertex -51.7223 52.8259 62
      vertex -51.3856 53.0277 62
    endloop
  endfacet
  facet normal -0.514084 0.85774 0
    outer loop
      vertex -51.7223 52.8259 62
      vertex -51.3856 53.0277 0
      vertex -51.7223 52.8259 0
    endloop
  endfacet
  facet normal -0.671607 0.740908 0
    outer loop
      vertex -52.0376 52.592 0
      vertex -52.3284 52.3284 62
      vertex -52.0376 52.592 62
    endloop
  endfacet
  facet normal -0.671607 0.740908 0
    outer loop
      vertex -52.3284 52.3284 62
      vertex -52.0376 52.592 0
      vertex -52.3284 52.3284 0
    endloop
  endfacet
  facet normal -0.595794 0.803137 0
    outer loop
      vertex -51.7223 52.8259 0
      vertex -52.0376 52.592 62
      vertex -51.7223 52.8259 62
    endloop
  endfacet
  facet normal -0.595794 0.803137 0
    outer loop
      vertex -52.0376 52.592 62
      vertex -51.7223 52.8259 0
      vertex -52.0376 52.592 0
    endloop
  endfacet
  facet normal 0.42744 -0.904044 0
    outer loop
      vertex 51.0307 -53.1955 0
      vertex 51.3856 -53.0277 62
      vertex 51.0307 -53.1955 62
    endloop
  endfacet
  facet normal 0.42744 -0.904044 0
    outer loop
      vertex 51.3856 -53.0277 62
      vertex 51.0307 -53.1955 0
      vertex 51.3856 -53.0277 0
    endloop
  endfacet
  facet normal 0.146733 -0.989176 0
    outer loop
      vertex 49.8921 -53.4807 0
      vertex 50.2804 -53.4231 62
      vertex 49.8921 -53.4807 62
    endloop
  endfacet
  facet normal 0.146733 -0.989176 0
    outer loop
      vertex 50.2804 -53.4231 62
      vertex 49.8921 -53.4807 0
      vertex 50.2804 -53.4231 0
    endloop
  endfacet
  facet normal 0.803137 -0.595794 0
    outer loop
      vertex 52.592 -52.0376 62
      vertex 52.8259 -51.7223 0
      vertex 52.8259 -51.7223 62
    endloop
  endfacet
  facet normal 0.803137 -0.595794 0
    outer loop
      vertex 52.8259 -51.7223 0
      vertex 52.592 -52.0376 62
      vertex 52.592 -52.0376 0
    endloop
  endfacet
  facet normal 0.740908 -0.671607 0
    outer loop
      vertex 52.3284 -52.3284 62
      vertex 52.592 -52.0376 0
      vertex 52.592 -52.0376 62
    endloop
  endfacet
  facet normal 0.740908 -0.671607 0
    outer loop
      vertex 52.592 -52.0376 0
      vertex 52.3284 -52.3284 62
      vertex 52.3284 -52.3284 0
    endloop
  endfacet
  facet normal 0.595794 -0.803137 0
    outer loop
      vertex 51.7223 -52.8259 0
      vertex 52.0376 -52.592 62
      vertex 51.7223 -52.8259 62
    endloop
  endfacet
  facet normal 0.595794 -0.803137 0
    outer loop
      vertex 52.0376 -52.592 62
      vertex 51.7223 -52.8259 0
      vertex 52.0376 -52.592 0
    endloop
  endfacet
  facet normal -0.514084 -0.85774 0
    outer loop
      vertex -51.7223 -52.8259 0
      vertex -51.3856 -53.0277 62
      vertex -51.7223 -52.8259 62
    endloop
  endfacet
  facet normal -0.514084 -0.85774 -0
    outer loop
      vertex -51.3856 -53.0277 62
      vertex -51.7223 -52.8259 0
      vertex -51.3856 -53.0277 0
    endloop
  endfacet
  facet normal 0 0 -1
    outer loop
      vertex 41.3542 -42.5858 0
      vertex -41.3542 -42.5858 0
      vertex 41.5056 -42.3333 0
    endloop
  endfacet
  facet normal 0 0 -1
    outer loop
      vertex 41.8787 41.8787 0
      vertex -41.0144 43.7059 0
      vertex -41 44 0
    endloop
  endfacet
  facet normal 0 0 -1
    outer loop
      vertex -41.5056 -42.3333 0
      vertex 41.5056 -42.3333 0
      vertex -41.3542 -42.5858 0
    endloop
  endfacet
  facet normal 0 0 -1
    outer loop
      vertex 41.8787 41.8787 0
      vertex -41.0576 43.4147 0
      vertex -41.0144 43.7059 0
    endloop
  endfacet
  facet normal 0 0 -1
    outer loop
      vertex 41.5056 -42.3333 0
      vertex -41.5056 -42.3333 0
      vertex 41.681 -42.0968 0
    endloop
  endfacet
  facet normal 0 0 -1
    outer loop
      vertex 41.8787 41.8787 0
      vertex -41.1292 43.1291 0
      vertex -41.0576 43.4147 0
    endloop
  endfacet
  facet normal 0 0 -1
    outer loop
      vertex -41.681 -42.0968 0
      vertex 41.681 -42.0968 0
      vertex -41.5056 -42.3333 0
    endloop
  endfacet
  facet normal 0 0 -1
    outer loop
      vertex 41.8787 41.8787 0
      vertex -41.2284 42.852 0
      vertex -41.1292 43.1291 0
    endloop
  endfacet
  facet normal 0 0 -1
    outer loop
      vertex 41.681 -42.0968 0
      vertex -41.681 -42.0968 0
      vertex 41.8787 -41.8787 0
    endloop
  endfacet
  facet normal 0 0 -1
    outer loop
      vertex 41.8787 41.8787 0
      vertex -41.3542 42.5858 0
      vertex -41.2284 42.852 0
    endloop
  endfacet
  facet normal 0 0 -1
    outer loop
      vertex -41.8787 -41.8787 0
      vertex 41.8787 -41.8787 0
      vertex -41.681 -42.0968 0
    endloop
  endfacet
  facet normal 0 0 -1
    outer loop
      vertex 41.8787 41.8787 0
      vertex -41.5056 42.3333 0
      vertex -41.3542 42.5858 0
    endloop
  endfacet
  facet normal 0 0 -1
    outer loop
      vertex 41.8787 -41.8787 0
      vertex -41.8787 -41.8787 0
      vertex 41.8787 41.8787 0
    endloop
  endfacet
  facet normal 0 0 -1
    outer loop
      vertex 41.8787 41.8787 0
      vertex -41.681 42.0968 0
      vertex -41.5056 42.3333 0
    endloop
  endfacet
  facet normal 0 0 -1
    outer loop
      vertex -41.8787 41.8787 0
      vertex 41.8787 41.8787 0
      vertex -41.8787 -41.8787 0
    endloop
  endfacet
  facet normal 0 0 -1
    outer loop
      vertex 41.8787 41.8787 0
      vertex -41.8787 41.8787 0
      vertex -41.681 42.0968 0
    endloop
  endfacet
  facet normal 0 0 -1
    outer loop
      vertex -42.0968 -41.681 0
      vertex -41.8787 41.8787 0
      vertex -41.8787 -41.8787 0
    endloop
  endfacet
  facet normal 0 0 -1
    outer loop
      vertex -42.0968 -41.681 0
      vertex -42.0968 41.681 0
      vertex -41.8787 41.8787 0
    endloop
  endfacet
  facet normal 0 0 -1
    outer loop
      vertex -42.3333 -41.5056 0
      vertex -42.0968 41.681 0
      vertex -42.0968 -41.681 0
    endloop
  endfacet
  facet normal 0 0 -1
    outer loop
      vertex -42.3333 -41.5056 0
      vertex -42.3333 41.5056 0
      vertex -42.0968 41.681 0
    endloop
  endfacet
  facet normal 0 0 -1
    outer loop
      vertex -42.5858 -41.3542 0
      vertex -42.3333 41.5056 0
      vertex -42.3333 -41.5056 0
    endloop
  endfacet
  facet normal 0 0 -1
    outer loop
      vertex -42.5858 -41.3542 0
      vertex -42.5858 41.3542 0
      vertex -42.3333 41.5056 0
    endloop
  endfacet
  facet normal 0 0 -1
    outer loop
      vertex -42.852 -41.2284 0
      vertex -42.5858 41.3542 0
      vertex -42.5858 -41.3542 0
    endloop
  endfacet
  facet normal 0 0 -1
    outer loop
      vertex -42.852 -41.2284 0
      vertex -42.852 41.2284 0
      vertex -42.5858 41.3542 0
    endloop
  endfacet
  facet normal 0 0 -1
    outer loop
      vertex -43.1291 -41.1292 0
      vertex -42.852 41.2284 0
      vertex -42.852 -41.2284 0
    endloop
  endfacet
  facet normal 0 0 -1
    outer loop
      vertex -43.1291 -41.1292 0
      vertex -43.1291 41.1292 0
      vertex -42.852 41.2284 0
    endloop
  endfacet
  facet normal 0 0 -1
    outer loop
      vertex -43.4147 -41.0576 0
      vertex -43.1291 41.1292 0
      vertex -43.1291 -41.1292 0
    endloop
  endfacet
  facet normal 0 0 -1
    outer loop
      vertex -43.4147 -41.0576 0
      vertex -43.4147 41.0576 0
      vertex -43.1291 41.1292 0
    endloop
  endfacet
  facet normal 0 0 -1
    outer loop
      vertex -43.7059 -41.0144 0
      vertex -43.4147 41.0576 0
      vertex -43.4147 -41.0576 0
    endloop
  endfacet
  facet normal 0 0 -1
    outer loop
      vertex -43.7059 -41.0144 0
      vertex -43.7059 41.0144 0
      vertex -43.4147 41.0576 0
    endloop
  endfacet
  facet normal 0 0 -1
    outer loop
      vertex -44 -41 0
      vertex -43.7059 41.0144 0
      vertex -43.7059 -41.0144 0
    endloop
  endfacet
  facet normal 0 0 -1
    outer loop
      vertex -44 -41 0
      vertex -44 41 0
      vertex -43.7059 41.0144 0
    endloop
  endfacet
  facet normal 0 0 -1
    outer loop
      vertex -44.2941 -41.0144 0
      vertex -44 41 0
      vertex -44 -41 0
    endloop
  endfacet
  facet normal 0 0 -1
    outer loop
      vertex -44.2941 -41.0144 0
      vertex -44.2941 41.0144 0
      vertex -44 41 0
    endloop
  endfacet
  facet normal 0 0 -1
    outer loop
      vertex -44.5853 -41.0576 0
      vertex -44.2941 41.0144 0
      vertex -44.2941 -41.0144 0
    endloop
  endfacet
  facet normal 0 0 -1
    outer loop
      vertex -44.5853 -41.0576 0
      vertex -44.5853 41.0576 0
      vertex -44.2941 41.0144 0
    endloop
  endfacet
  facet normal 0 0 -1
    outer loop
      vertex -44.8709 -41.1292 0
      vertex -44.5853 41.0576 0
      vertex -44.5853 -41.0576 0
    endloop
  endfacet
  facet normal 0 0 -1
    outer loop
      vertex -44.8709 -41.1292 0
      vertex -44.8709 41.1292 0
      vertex -44.5853 41.0576 0
    endloop
  endfacet
  facet normal 0 0 -1
    outer loop
      vertex -45.148 -41.2284 0
      vertex -44.8709 41.1292 0
      vertex -44.8709 -41.1292 0
    endloop
  endfacet
  facet normal 0 0 -1
    outer loop
      vertex -45.148 -41.2284 0
      vertex -45.148 41.2284 0
      vertex -44.8709 41.1292 0
    endloop
  endfacet
  facet normal 0 0 -1
    outer loop
      vertex -45.4142 -41.3542 0
      vertex -45.148 41.2284 0
      vertex -45.148 -41.2284 0
    endloop
  endfacet
  facet normal 0 0 -1
    outer loop
      vertex -45.4142 -41.3542 0
      vertex -45.4142 41.3542 0
      vertex -45.148 41.2284 0
    endloop
  endfacet
  facet normal 0 0 -1
    outer loop
      vertex -45.6667 -41.5056 0
      vertex -45.4142 41.3542 0
      vertex -45.4142 -41.3542 0
    endloop
  endfacet
  facet normal 0 0 -1
    outer loop
      vertex -45.6667 -41.5056 0
      vertex -45.6667 41.5056 0
      vertex -45.4142 41.3542 0
    endloop
  endfacet
  facet normal 0 0 -1
    outer loop
      vertex -45.9032 -41.681 0
      vertex -45.6667 41.5056 0
      vertex -45.6667 -41.5056 0
    endloop
  endfacet
  facet normal 0 0 -1
    outer loop
      vertex -45.9032 -41.681 0
      vertex -45.9032 41.681 0
      vertex -45.6667 41.5056 0
    endloop
  endfacet
  facet normal 0 0 -1
    outer loop
      vertex -46.1213 -41.8787 0
      vertex -45.9032 41.681 0
      vertex -45.9032 -41.681 0
    endloop
  endfacet
  facet normal 0 0 -1
    outer loop
      vertex -46.1213 -41.8787 0
      vertex -46.1213 41.8787 0
      vertex -45.9032 41.681 0
    endloop
  endfacet
  facet normal 0 0 -1
    outer loop
      vertex -46.319 -42.0968 0
      vertex -46.1213 41.8787 0
      vertex -46.1213 -41.8787 0
    endloop
  endfacet
  facet normal 0 0 -1
    outer loop
      vertex -46.319 -42.0968 0
      vertex -46.319 42.0968 0
      vertex -46.1213 41.8787 0
    endloop
  endfacet
  facet normal 0 0 -1
    outer loop
      vertex -53.5 -49.5 0
      vertex -46.319 -42.0968 0
      vertex -46.4944 -42.3333 0
    endloop
  endfacet
  facet normal -0 0 -1
    outer loop
      vertex -46.319 -42.0968 0
      vertex -53.5 -49.5 0
      vertex -46.319 42.0968 0
    endloop
  endfacet
  facet normal 0 0 -1
    outer loop
      vertex -53.5 -49.5 0
      vertex -46.4944 -42.3333 0
      vertex -46.6458 -42.5858 0
    endloop
  endfacet
  facet normal 0 0 -1
    outer loop
      vertex -53.5 49.5 0
      vertex -46.319 42.0968 0
      vertex -53.5 -49.5 0
    endloop
  endfacet
  facet normal 0 0 -1
    outer loop
      vertex -53.5 -49.5 0
      vertex -46.6458 -42.5858 0
      vertex -46.7716 -42.852 0
    endloop
  endfacet
  facet normal 0 0 -1
    outer loop
      vertex -46.319 42.0968 0
      vertex -53.5 49.5 0
      vertex -46.4944 42.3333 0
    endloop
  endfacet
  facet normal 0 0 -1
    outer loop
      vertex -53.5 -49.5 0
      vertex -46.7716 -42.852 0
      vertex -46.8708 -43.1291 0
    endloop
  endfacet
  facet normal 0 0 -1
    outer loop
      vertex -46.4944 42.3333 0
      vertex -53.5 49.5 0
      vertex -46.6458 42.5858 0
    endloop
  endfacet
  facet normal 0 0 -1
    outer loop
      vertex -53.5 -49.5 0
      vertex -46.8708 -43.1291 0
      vertex -46.9424 -43.4147 0
    endloop
  endfacet
  facet normal 0 0 -1
    outer loop
      vertex -46.6458 42.5858 0
      vertex -53.5 49.5 0
      vertex -46.7716 42.852 0
    endloop
  endfacet
  facet normal 0 0 -1
    outer loop
      vertex -53.5 -49.5 0
      vertex -46.9424 -43.4147 0
      vertex -46.9856 -43.7059 0
    endloop
  endfacet
  facet normal 0 0 -1
    outer loop
      vertex -46.7716 42.852 0
      vertex -53.5 49.5 0
      vertex -46.8708 43.1291 0
    endloop
  endfacet
  facet normal 0 0 -1
    outer loop
      vertex -53.5 -49.5 0
      vertex -46.9856 -43.7059 0
      vertex -47 -44 0
    endloop
  endfacet
  facet normal 0 0 -1
    outer loop
      vertex -46.8708 43.1291 0
      vertex -53.5 49.5 0
      vertex -46.9424 43.4147 0
    endloop
  endfacet
  facet normal 0 0 -1
    outer loop
      vertex 46.8708 -43.1291 0
      vertex 53.5 -49.5 0
      vertex 46.9424 -43.4147 0
    endloop
  endfacet
  facet normal 0 0 -1
    outer loop
      vertex 53.5 49.5 0
      vertex 46.9856 43.7059 0
      vertex 47 44 0
    endloop
  endfacet
  facet normal 0 0 -1
    outer loop
      vertex 46.7716 -42.852 0
      vertex 53.5 -49.5 0
      vertex 46.8708 -43.1291 0
    endloop
  endfacet
  facet normal 0 0 -1
    outer loop
      vertex 53.5 49.5 0
      vertex 46.9424 43.4147 0
      vertex 46.9856 43.7059 0
    endloop
  endfacet
  facet normal 0 0 -1
    outer loop
      vertex 46.6458 -42.5858 0
      vertex 53.5 -49.5 0
      vertex 46.7716 -42.852 0
    endloop
  endfacet
  facet normal 0 0 -1
    outer loop
      vertex 53.5 49.5 0
      vertex 46.8708 43.1291 0
      vertex 46.9424 43.4147 0
    endloop
  endfacet
  facet normal 0 0 -1
    outer loop
      vertex 46.4944 -42.3333 0
      vertex 53.5 -49.5 0
      vertex 46.6458 -42.5858 0
    endloop
  endfacet
  facet normal 0 0 -1
    outer loop
      vertex 53.5 49.5 0
      vertex 46.7716 42.852 0
      vertex 46.8708 43.1291 0
    endloop
  endfacet
  facet normal 0 0 -1
    outer loop
      vertex 46.319 -42.0968 0
      vertex 53.5 -49.5 0
      vertex 46.4944 -42.3333 0
    endloop
  endfacet
  facet normal 0 0 -1
    outer loop
      vertex 53.5 49.5 0
      vertex 46.6458 42.5858 0
      vertex 46.7716 42.852 0
    endloop
  endfacet
  facet normal 0 0 -1
    outer loop
      vertex 53.5 -49.5 0
      vertex 46.319 -42.0968 0
      vertex 53.5 49.5 0
    endloop
  endfacet
  facet normal 0 0 -1
    outer loop
      vertex 53.5 49.5 0
      vertex 46.4944 42.3333 0
      vertex 46.6458 42.5858 0
    endloop
  endfacet
  facet normal 0 0 -1
    outer loop
      vertex 46.319 42.0968 0
      vertex 53.5 49.5 0
      vertex 46.319 -42.0968 0
    endloop
  endfacet
  facet normal 0 0 -1
    outer loop
      vertex 53.5 49.5 0
      vertex 46.319 42.0968 0
      vertex 46.4944 42.3333 0
    endloop
  endfacet
  facet normal 0 0 -1
    outer loop
      vertex 46.1213 -41.8787 0
      vertex 46.319 42.0968 0
      vertex 46.319 -42.0968 0
    endloop
  endfacet
  facet normal 0 0 -1
    outer loop
      vertex 46.1213 -41.8787 0
      vertex 46.1213 41.8787 0
      vertex 46.319 42.0968 0
    endloop
  endfacet
  facet normal 0 0 -1
    outer loop
      vertex 45.9032 -41.681 0
      vertex 46.1213 41.8787 0
      vertex 46.1213 -41.8787 0
    endloop
  endfacet
  facet normal 0 0 -1
    outer loop
      vertex 45.9032 -41.681 0
      vertex 45.9032 41.681 0
      vertex 46.1213 41.8787 0
    endloop
  endfacet
  facet normal 0 0 -1
    outer loop
      vertex 45.6667 -41.5056 0
      vertex 45.9032 41.681 0
      vertex 45.9032 -41.681 0
    endloop
  endfacet
  facet normal 0 0 -1
    outer loop
      vertex 45.6667 -41.5056 0
      vertex 45.6667 41.5056 0
      vertex 45.9032 41.681 0
    endloop
  endfacet
  facet normal 0 0 -1
    outer loop
      vertex 45.4142 -41.3542 0
      vertex 45.6667 41.5056 0
      vertex 45.6667 -41.5056 0
    endloop
  endfacet
  facet normal 0 0 -1
    outer loop
      vertex 45.4142 -41.3542 0
      vertex 45.4142 41.3542 0
      vertex 45.6667 41.5056 0
    endloop
  endfacet
  facet normal 0 0 -1
    outer loop
      vertex 45.148 -41.2284 0
      vertex 45.4142 41.3542 0
      vertex 45.4142 -41.3542 0
    endloop
  endfacet
  facet normal 0 0 -1
    outer loop
      vertex 45.148 -41.2284 0
      vertex 45.148 41.2284 0
      vertex 45.4142 41.3542 0
    endloop
  endfacet
  facet normal 0 0 -1
    outer loop
      vertex 44.8709 -41.1292 0
      vertex 45.148 41.2284 0
      vertex 45.148 -41.2284 0
    endloop
  endfacet
  facet normal 0 0 -1
    outer loop
      vertex 44.8709 -41.1292 0
      vertex 44.8709 41.1292 0
      vertex 45.148 41.2284 0
    endloop
  endfacet
  facet normal 0 0 -1
    outer loop
      vertex 44.5853 -41.0576 0
      vertex 44.8709 41.1292 0
      vertex 44.8709 -41.1292 0
    endloop
  endfacet
  facet normal 0 0 -1
    outer loop
      vertex 44.5853 -41.0576 0
      vertex 44.5853 41.0576 0
      vertex 44.8709 41.1292 0
    endloop
  endfacet
  facet normal 0 0 -1
    outer loop
      vertex 44.2941 -41.0144 0
      vertex 44.5853 41.0576 0
      vertex 44.5853 -41.0576 0
    endloop
  endfacet
  facet normal 0 0 -1
    outer loop
      vertex 44.2941 -41.0144 0
      vertex 44.2941 41.0144 0
      vertex 44.5853 41.0576 0
    endloop
  endfacet
  facet normal 0 0 -1
    outer loop
      vertex 44 -41 0
      vertex 44.2941 41.0144 0
      vertex 44.2941 -41.0144 0
    endloop
  endfacet
  facet normal 0 0 -1
    outer loop
      vertex 44 -41 0
      vertex 44 41 0
      vertex 44.2941 41.0144 0
    endloop
  endfacet
  facet normal 0 0 -1
    outer loop
      vertex 43.7059 -41.0144 0
      vertex 44 41 0
      vertex 44 -41 0
    endloop
  endfacet
  facet normal 0 0 -1
    outer loop
      vertex 43.7059 -41.0144 0
      vertex 43.7059 41.0144 0
      vertex 44 41 0
    endloop
  endfacet
  facet normal 0 0 -1
    outer loop
      vertex 43.4147 -41.0576 0
      vertex 43.7059 41.0144 0
      vertex 43.7059 -41.0144 0
    endloop
  endfacet
  facet normal 0 0 -1
    outer loop
      vertex 43.4147 -41.0576 0
      vertex 43.4147 41.0576 0
      vertex 43.7059 41.0144 0
    endloop
  endfacet
  facet normal 0 0 -1
    outer loop
      vertex 43.1291 -41.1292 0
      vertex 43.4147 41.0576 0
      vertex 43.4147 -41.0576 0
    endloop
  endfacet
  facet normal 0 0 -1
    outer loop
      vertex 43.1291 -41.1292 0
      vertex 43.1291 41.1292 0
      vertex 43.4147 41.0576 0
    endloop
  endfacet
  facet normal 0 0 -1
    outer loop
      vertex 42.852 -41.2284 0
      vertex 43.1291 41.1292 0
      vertex 43.1291 -41.1292 0
    endloop
  endfacet
  facet normal 0 0 -1
    outer loop
      vertex 42.852 -41.2284 0
      vertex 42.852 41.2284 0
      vertex 43.1291 41.1292 0
    endloop
  endfacet
  facet normal 0 0 -1
    outer loop
      vertex 42.5858 -41.3542 0
      vertex 42.852 41.2284 0
      vertex 42.852 -41.2284 0
    endloop
  endfacet
  facet normal 0 0 -1
    outer loop
      vertex 42.5858 -41.3542 0
      vertex 42.5858 41.3542 0
      vertex 42.852 41.2284 0
    endloop
  endfacet
  facet normal 0 0 -1
    outer loop
      vertex 42.3333 -41.5056 0
      vertex 42.5858 41.3542 0
      vertex 42.5858 -41.3542 0
    endloop
  endfacet
  facet normal 0 0 -1
    outer loop
      vertex 42.3333 -41.5056 0
      vertex 42.3333 41.5056 0
      vertex 42.5858 41.3542 0
    endloop
  endfacet
  facet normal 0 0 -1
    outer loop
      vertex 42.0968 -41.681 0
      vertex 42.3333 41.5056 0
      vertex 42.3333 -41.5056 0
    endloop
  endfacet
  facet normal 0 0 -1
    outer loop
      vertex 42.0968 -41.681 0
      vertex 42.0968 41.681 0
      vertex 42.3333 41.5056 0
    endloop
  endfacet
  facet normal 0 0 -1
    outer loop
      vertex 41.8787 -41.8787 0
      vertex 42.0968 41.681 0
      vertex 42.0968 -41.681 0
    endloop
  endfacet
  facet normal 0 0 -1
    outer loop
      vertex 41.8787 -41.8787 0
      vertex 41.8787 41.8787 0
      vertex 42.0968 41.681 0
    endloop
  endfacet
  facet normal 0 0 -1
    outer loop
      vertex -41.2284 -42.852 0
      vertex 41.2284 -42.852 0
      vertex -41.1292 -43.1291 0
    endloop
  endfacet
  facet normal 0 0 -1
    outer loop
      vertex 41.2284 -42.852 0
      vertex -41.2284 -42.852 0
      vertex 41.3542 -42.5858 0
    endloop
  endfacet
  facet normal 0 0 -1
    outer loop
      vertex 41.1292 -43.1291 0
      vertex -41.1292 -43.1291 0
      vertex 41.2284 -42.852 0
    endloop
  endfacet
  facet normal 0 0 -1
    outer loop
      vertex -41.3542 -42.5858 0
      vertex 41.3542 -42.5858 0
      vertex -41.2284 -42.852 0
    endloop
  endfacet
  facet normal 0 0 -1
    outer loop
      vertex -41.1292 -43.1291 0
      vertex 41.1292 -43.1291 0
      vertex -41.0576 -43.4147 0
    endloop
  endfacet
  facet normal 0 0 -1
    outer loop
      vertex 41.8787 41.8787 0
      vertex -41 44 0
      vertex 41.681 42.0968 0
    endloop
  endfacet
  facet normal 0 0 -1
    outer loop
      vertex 41.0576 -43.4147 0
      vertex -41.0576 -43.4147 0
      vertex 41.1292 -43.1291 0
    endloop
  endfacet
  facet normal 0 0 -1
    outer loop
      vertex 41.681 42.0968 0
      vertex -41 44 0
      vertex 41.5056 42.3333 0
    endloop
  endfacet
  facet normal 0 0 -1
    outer loop
      vertex -41.0576 -43.4147 0
      vertex 41.0576 -43.4147 0
      vertex -41.0144 -43.7059 0
    endloop
  endfacet
  facet normal 0 0 -1
    outer loop
      vertex 41.5056 42.3333 0
      vertex -41 44 0
      vertex 41.3542 42.5858 0
    endloop
  endfacet
  facet normal 0 0 -1
    outer loop
      vertex 41.0144 -43.7059 0
      vertex -41.0144 -43.7059 0
      vertex 41.0576 -43.4147 0
    endloop
  endfacet
  facet normal 0 0 -1
    outer loop
      vertex 41.3542 42.5858 0
      vertex -41 44 0
      vertex 41.2284 42.852 0
    endloop
  endfacet
  facet normal 0 0 -1
    outer loop
      vertex -41.0144 -43.7059 0
      vertex 41.0144 -43.7059 0
      vertex -41 -44 0
    endloop
  endfacet
  facet normal 0 0 -1
    outer loop
      vertex 41.2284 42.852 0
      vertex -41 44 0
      vertex 41.1292 43.1291 0
    endloop
  endfacet
  facet normal 0 0 -1
    outer loop
      vertex -41 -44 0
      vertex 41.0144 -43.7059 0
      vertex 41 -44 0
    endloop
  endfacet
  facet normal 0 0 -1
    outer loop
      vertex 41.1292 43.1291 0
      vertex -41 44 0
      vertex 41.0576 43.4147 0
    endloop
  endfacet
  facet normal 0 0 -1
    outer loop
      vertex 46.1213 -46.1213 0
      vertex 53.5 -49.5 0
      vertex 53.4807 -49.8921 0
    endloop
  endfacet
  facet normal 0 0 -1
    outer loop
      vertex 46.9856 -43.7059 0
      vertex 53.5 -49.5 0
      vertex 47 -44 0
    endloop
  endfacet
  facet normal 0 0 -1
    outer loop
      vertex 46.1213 -46.1213 0
      vertex 53.4807 -49.8921 0
      vertex 53.4231 -50.2804 0
    endloop
  endfacet
  facet normal 0 0 -1
    outer loop
      vertex 46.9424 -43.4147 0
      vertex 53.5 -49.5 0
      vertex 46.9856 -43.7059 0
    endloop
  endfacet
  facet normal 0 0 -1
    outer loop
      vertex 46.1213 -46.1213 0
      vertex 53.4231 -50.2804 0
      vertex 53.3278 -50.6611 0
    endloop
  endfacet
  facet normal 0 0 -1
    outer loop
      vertex 46.9856 44.2941 0
      vertex 53.5 49.5 0
      vertex 47 44 0
    endloop
  endfacet
  facet normal 0 0 -1
    outer loop
      vertex 46.1213 -46.1213 0
      vertex 53.3278 -50.6611 0
      vertex 53.1955 -51.0307 0
    endloop
  endfacet
  facet normal 0 0 -1
    outer loop
      vertex 46.9424 44.5853 0
      vertex 53.5 49.5 0
      vertex 46.9856 44.2941 0
    endloop
  endfacet
  facet normal 0 0 -1
    outer loop
      vertex 46.1213 -46.1213 0
      vertex 53.1955 -51.0307 0
      vertex 53.0277 -51.3856 0
    endloop
  endfacet
  facet normal 0 0 -1
    outer loop
      vertex 46.8708 44.8709 0
      vertex 53.5 49.5 0
      vertex 46.9424 44.5853 0
    endloop
  endfacet
  facet normal 0 0 -1
    outer loop
      vertex 46.1213 -46.1213 0
      vertex 53.0277 -51.3856 0
      vertex 52.8259 -51.7223 0
    endloop
  endfacet
  facet normal 0 0 -1
    outer loop
      vertex 46.7716 45.148 0
      vertex 53.5 49.5 0
      vertex 46.8708 44.8709 0
    endloop
  endfacet
  facet normal 0 0 -1
    outer loop
      vertex 46.1213 -46.1213 0
      vertex 52.8259 -51.7223 0
      vertex 52.592 -52.0376 0
    endloop
  endfacet
  facet normal 0 0 -1
    outer loop
      vertex 46.6458 45.4142 0
      vertex 53.5 49.5 0
      vertex 46.7716 45.148 0
    endloop
  endfacet
  facet normal 0 0 -1
    outer loop
      vertex 46.1213 -46.1213 0
      vertex 52.592 -52.0376 0
      vertex 52.3284 -52.3284 0
    endloop
  endfacet
  facet normal 0 0 -1
    outer loop
      vertex 46.4944 45.6667 0
      vertex 53.5 49.5 0
      vertex 46.6458 45.4142 0
    endloop
  endfacet
  facet normal 0 0 -1
    outer loop
      vertex 46.1213 -46.1213 0
      vertex 52.3284 -52.3284 0
      vertex 52.0376 -52.592 0
    endloop
  endfacet
  facet normal 0 0 -1
    outer loop
      vertex 46.319 45.9032 0
      vertex 53.5 49.5 0
      vertex 46.4944 45.6667 0
    endloop
  endfacet
  facet normal 0 0 -1
    outer loop
      vertex 46.1213 -46.1213 0
      vertex 52.0376 -52.592 0
      vertex 51.7223 -52.8259 0
    endloop
  endfacet
  facet normal 0 0 -1
    outer loop
      vertex 46.1213 46.1213 0
      vertex 53.5 49.5 0
      vertex 46.319 45.9032 0
    endloop
  endfacet
  facet normal 0 0 -1
    outer loop
      vertex 46.1213 -46.1213 0
      vertex 51.7223 -52.8259 0
      vertex 51.3856 -53.0277 0
    endloop
  endfacet
  facet normal -0 0 -1
    outer loop
      vertex 53.5 49.5 0
      vertex 46.1213 46.1213 0
      vertex 53.4807 49.8921 0
    endloop
  endfacet
  facet normal 0 0 -1
    outer loop
      vertex 46.1213 -46.1213 0
      vertex 51.3856 -53.0277 0
      vertex 51.0307 -53.1955 0
    endloop
  endfacet
  facet normal -0 0 -1
    outer loop
      vertex 53.4807 49.8921 0
      vertex 46.1213 46.1213 0
      vertex 53.4231 50.2804 0
    endloop
  endfacet
  facet normal 0 0 -1
    outer loop
      vertex 46.1213 -46.1213 0
      vertex 51.0307 -53.1955 0
      vertex 50.6611 -53.3278 0
    endloop
  endfacet
  facet normal -0 0 -1
    outer loop
      vertex 53.4231 50.2804 0
      vertex 46.1213 46.1213 0
      vertex 53.3278 50.6611 0
    endloop
  endfacet
  facet normal 0 0 -1
    outer loop
      vertex 46.1213 -46.1213 0
      vertex 50.6611 -53.3278 0
      vertex 50.2804 -53.4231 0
    endloop
  endfacet
  facet normal -0 0 -1
    outer loop
      vertex 53.3278 50.6611 0
      vertex 46.1213 46.1213 0
      vertex 53.1955 51.0307 0
    endloop
  endfacet
  facet normal 0 0 -1
    outer loop
      vertex 46.1213 -46.1213 0
      vertex 50.2804 -53.4231 0
      vertex 49.8921 -53.4807 0
    endloop
  endfacet
  facet normal -0 0 -1
    outer loop
      vertex 53.1955 51.0307 0
      vertex 46.1213 46.1213 0
      vertex 53.0277 51.3856 0
    endloop
  endfacet
  facet normal 0 0 -1
    outer loop
      vertex 46.1213 -46.1213 0
      vertex 49.8921 -53.4807 0
      vertex 49.5 -53.5 0
    endloop
  endfacet
  facet normal -0 0 -1
    outer loop
      vertex 53.0277 51.3856 0
      vertex 46.1213 46.1213 0
      vertex 52.8259 51.7223 0
    endloop
  endfacet
  facet normal -0 0 -1
    outer loop
      vertex 52.8259 51.7223 0
      vertex 46.1213 46.1213 0
      vertex 52.592 52.0376 0
    endloop
  endfacet
  facet normal 0 0 -1
    outer loop
      vertex 53.5 -49.5 0
      vertex 46.9856 -44.2941 0
      vertex 47 -44 0
    endloop
  endfacet
  facet normal 0 0 -1
    outer loop
      vertex 53.5 -49.5 0
      vertex 46.9424 -44.5853 0
      vertex 46.9856 -44.2941 0
    endloop
  endfacet
  facet normal 0 0 -1
    outer loop
      vertex 53.5 -49.5 0
      vertex 46.8708 -44.8709 0
      vertex 46.9424 -44.5853 0
    endloop
  endfacet
  facet normal 0 0 -1
    outer loop
      vertex 53.5 -49.5 0
      vertex 46.7716 -45.148 0
      vertex 46.8708 -44.8709 0
    endloop
  endfacet
  facet normal 0 0 -1
    outer loop
      vertex 53.5 -49.5 0
      vertex 46.6458 -45.4142 0
      vertex 46.7716 -45.148 0
    endloop
  endfacet
  facet normal 0 0 -1
    outer loop
      vertex 53.5 -49.5 0
      vertex 46.4944 -45.6667 0
      vertex 46.6458 -45.4142 0
    endloop
  endfacet
  facet normal 0 0 -1
    outer loop
      vertex 53.5 -49.5 0
      vertex 46.319 -45.9032 0
      vertex 46.4944 -45.6667 0
    endloop
  endfacet
  facet normal 0 0 -1
    outer loop
      vertex 53.5 -49.5 0
      vertex 46.1213 -46.1213 0
      vertex 46.319 -45.9032 0
    endloop
  endfacet
  facet normal 0 0 -1
    outer loop
      vertex 49.5 -53.5 0
      vertex 45.9032 -46.319 0
      vertex 46.1213 -46.1213 0
    endloop
  endfacet
  facet normal 0 0 -1
    outer loop
      vertex 49.5 -53.5 0
      vertex 45.6667 -46.4944 0
      vertex 45.9032 -46.319 0
    endloop
  endfacet
  facet normal 0 0 -1
    outer loop
      vertex 49.5 -53.5 0
      vertex 45.4142 -46.6458 0
      vertex 45.6667 -46.4944 0
    endloop
  endfacet
  facet normal 0 0 -1
    outer loop
      vertex 49.5 -53.5 0
      vertex 45.148 -46.7716 0
      vertex 45.4142 -46.6458 0
    endloop
  endfacet
  facet normal 0 0 -1
    outer loop
      vertex 49.5 -53.5 0
      vertex 44.8709 -46.8708 0
      vertex 45.148 -46.7716 0
    endloop
  endfacet
  facet normal 0 0 -1
    outer loop
      vertex 49.5 -53.5 0
      vertex 44.5853 -46.9424 0
      vertex 44.8709 -46.8708 0
    endloop
  endfacet
  facet normal 0 0 -1
    outer loop
      vertex 49.5 -53.5 0
      vertex 44.2941 -46.9856 0
      vertex 44.5853 -46.9424 0
    endloop
  endfacet
  facet normal 0 0 -1
    outer loop
      vertex 49.5 -53.5 0
      vertex 44 -47 0
      vertex 44.2941 -46.9856 0
    endloop
  endfacet
  facet normal 0 0 -1
    outer loop
      vertex 49.5 -53.5 0
      vertex 43.7059 -46.9856 0
      vertex 44 -47 0
    endloop
  endfacet
  facet normal 0 0 -1
    outer loop
      vertex 49.5 -53.5 0
      vertex 43.4147 -46.9424 0
      vertex 43.7059 -46.9856 0
    endloop
  endfacet
  facet normal 0 0 -1
    outer loop
      vertex 49.5 -53.5 0
      vertex 43.1291 -46.8708 0
      vertex 43.4147 -46.9424 0
    endloop
  endfacet
  facet normal 0 0 -1
    outer loop
      vertex 49.5 -53.5 0
      vertex 42.852 -46.7716 0
      vertex 43.1291 -46.8708 0
    endloop
  endfacet
  facet normal 0 0 -1
    outer loop
      vertex 49.5 -53.5 0
      vertex 42.5858 -46.6458 0
      vertex 42.852 -46.7716 0
    endloop
  endfacet
  facet normal 0 0 -1
    outer loop
      vertex 49.5 -53.5 0
      vertex 42.3333 -46.4944 0
      vertex 42.5858 -46.6458 0
    endloop
  endfacet
  facet normal 0 0 -1
    outer loop
      vertex 49.5 -53.5 0
      vertex 42.0968 -46.319 0
      vertex 42.3333 -46.4944 0
    endloop
  endfacet
  facet normal 0 0 -1
    outer loop
      vertex -42.0968 -46.319 0
      vertex 42.0968 -46.319 0
      vertex 49.5 -53.5 0
    endloop
  endfacet
  facet normal 0 0 -1
    outer loop
      vertex 41.0576 43.4147 0
      vertex -41 44 0
      vertex 41.0144 43.7059 0
    endloop
  endfacet
  facet normal 0 0 -1
    outer loop
      vertex 41.0144 -44.2941 0
      vertex -41 -44 0
      vertex 41 -44 0
    endloop
  endfacet
  facet normal 0 0 -1
    outer loop
      vertex -41.0144 -44.2941 0
      vertex 41.0144 -44.2941 0
      vertex 41.0576 -44.5853 0
    endloop
  endfacet
  facet normal 0 0 -1
    outer loop
      vertex -41.0576 -44.5853 0
      vertex 41.0576 -44.5853 0
      vertex 41.1292 -44.8709 0
    endloop
  endfacet
  facet normal 0 0 -1
    outer loop
      vertex -41.1292 -44.8709 0
      vertex 41.1292 -44.8709 0
      vertex 41.2284 -45.148 0
    endloop
  endfacet
  facet normal 0 0 -1
    outer loop
      vertex -41.2284 -45.148 0
      vertex 41.2284 -45.148 0
      vertex 41.3542 -45.4142 0
    endloop
  endfacet
  facet normal 0 0 -1
    outer loop
      vertex -41.3542 -45.4142 0
      vertex 41.3542 -45.4142 0
      vertex 41.5056 -45.6667 0
    endloop
  endfacet
  facet normal 0 0 -1
    outer loop
      vertex -41.5056 -45.6667 0
      vertex 41.5056 -45.6667 0
      vertex 41.681 -45.9032 0
    endloop
  endfacet
  facet normal 0 0 -1
    outer loop
      vertex -41.681 -45.9032 0
      vertex 41.681 -45.9032 0
      vertex 41.8787 -46.1213 0
    endloop
  endfacet
  facet normal 0 0 -1
    outer loop
      vertex 42.0968 -46.319 0
      vertex -42.0968 -46.319 0
      vertex 41.8787 -46.1213 0
    endloop
  endfacet
  facet normal 0 0 -1
    outer loop
      vertex 41.0144 -44.2941 0
      vertex -41.0144 -44.2941 0
      vertex -41 -44 0
    endloop
  endfacet
  facet normal 0 0 -1
    outer loop
      vertex 41.0576 -44.5853 0
      vertex -41.0576 -44.5853 0
      vertex -41.0144 -44.2941 0
    endloop
  endfacet
  facet normal 0 0 -1
    outer loop
      vertex 41.1292 -44.8709 0
      vertex -41.1292 -44.8709 0
      vertex -41.0576 -44.5853 0
    endloop
  endfacet
  facet normal 0 0 -1
    outer loop
      vertex 41.2284 -45.148 0
      vertex -41.2284 -45.148 0
      vertex -41.1292 -44.8709 0
    endloop
  endfacet
  facet normal 0 0 -1
    outer loop
      vertex 41.3542 -45.4142 0
      vertex -41.3542 -45.4142 0
      vertex -41.2284 -45.148 0
    endloop
  endfacet
  facet normal 0 0 -1
    outer loop
      vertex 41.5056 -45.6667 0
      vertex -41.5056 -45.6667 0
      vertex -41.3542 -45.4142 0
    endloop
  endfacet
  facet normal 0 0 -1
    outer loop
      vertex 41.681 -45.9032 0
      vertex -41.681 -45.9032 0
      vertex -41.5056 -45.6667 0
    endloop
  endfacet
  facet normal 0 0 -1
    outer loop
      vertex 41.8787 -46.1213 0
      vertex -41.8787 -46.1213 0
      vertex -41.681 -45.9032 0
    endloop
  endfacet
  facet normal -0 0 -1
    outer loop
      vertex 41.8787 -46.1213 0
      vertex -42.0968 -46.319 0
      vertex -41.8787 -46.1213 0
    endloop
  endfacet
  facet normal 0 0 -1
    outer loop
      vertex -49.5 -53.5 0
      vertex -42.0968 -46.319 0
      vertex 49.5 -53.5 0
    endloop
  endfacet
  facet normal 0 0 -1
    outer loop
      vertex -42.0968 -46.319 0
      vertex -49.5 -53.5 0
      vertex -42.3333 -46.4944 0
    endloop
  endfacet
  facet normal 0 0 -1
    outer loop
      vertex -42.3333 -46.4944 0
      vertex -49.5 -53.5 0
      vertex -42.5858 -46.6458 0
    endloop
  endfacet
  facet normal 0 0 -1
    outer loop
      vertex -42.5858 -46.6458 0
      vertex -49.5 -53.5 0
      vertex -42.852 -46.7716 0
    endloop
  endfacet
  facet normal 0 0 -1
    outer loop
      vertex -42.852 -46.7716 0
      vertex -49.5 -53.5 0
      vertex -43.1291 -46.8708 0
    endloop
  endfacet
  facet normal 0 0 -1
    outer loop
      vertex -43.1291 -46.8708 0
      vertex -49.5 -53.5 0
      vertex -43.4147 -46.9424 0
    endloop
  endfacet
  facet normal 0 0 -1
    outer loop
      vertex -43.4147 -46.9424 0
      vertex -49.5 -53.5 0
      vertex -43.7059 -46.9856 0
    endloop
  endfacet
  facet normal 0 0 -1
    outer loop
      vertex -43.7059 -46.9856 0
      vertex -49.5 -53.5 0
      vertex -44 -47 0
    endloop
  endfacet
  facet normal -0 0 -1
    outer loop
      vertex -46.9856 -44.2941 0
      vertex -53.5 -49.5 0
      vertex -47 -44 0
    endloop
  endfacet
  facet normal -0 0 -1
    outer loop
      vertex -46.9424 -44.5853 0
      vertex -53.5 -49.5 0
      vertex -46.9856 -44.2941 0
    endloop
  endfacet
  facet normal -0 0 -1
    outer loop
      vertex -46.8708 -44.8709 0
      vertex -53.5 -49.5 0
      vertex -46.9424 -44.5853 0
    endloop
  endfacet
  facet normal -0 0 -1
    outer loop
      vertex -46.7716 -45.148 0
      vertex -53.5 -49.5 0
      vertex -46.8708 -44.8709 0
    endloop
  endfacet
  facet normal -0 0 -1
    outer loop
      vertex -46.6458 -45.4142 0
      vertex -53.5 -49.5 0
      vertex -46.7716 -45.148 0
    endloop
  endfacet
  facet normal -0 0 -1
    outer loop
      vertex -46.4944 -45.6667 0
      vertex -53.5 -49.5 0
      vertex -46.6458 -45.4142 0
    endloop
  endfacet
  facet normal -0 0 -1
    outer loop
      vertex -46.319 -45.9032 0
      vertex -53.5 -49.5 0
      vertex -46.4944 -45.6667 0
    endloop
  endfacet
  facet normal -0 0 -1
    outer loop
      vertex -46.1213 -46.1213 0
      vertex -53.5 -49.5 0
      vertex -46.319 -45.9032 0
    endloop
  endfacet
  facet normal 0 0 -1
    outer loop
      vertex -53.5 -49.5 0
      vertex -46.1213 -46.1213 0
      vertex -49.5 -53.5 0
    endloop
  endfacet
  facet normal -0 0 -1
    outer loop
      vertex -45.9032 -46.319 0
      vertex -49.5 -53.5 0
      vertex -46.1213 -46.1213 0
    endloop
  endfacet
  facet normal -0 0 -1
    outer loop
      vertex -45.6667 -46.4944 0
      vertex -49.5 -53.5 0
      vertex -45.9032 -46.319 0
    endloop
  endfacet
  facet normal -0 0 -1
    outer loop
      vertex -45.4142 -46.6458 0
      vertex -49.5 -53.5 0
      vertex -45.6667 -46.4944 0
    endloop
  endfacet
  facet normal -0 0 -1
    outer loop
      vertex -45.148 -46.7716 0
      vertex -49.5 -53.5 0
      vertex -45.4142 -46.6458 0
    endloop
  endfacet
  facet normal -0 0 -1
    outer loop
      vertex -44.8709 -46.8708 0
      vertex -49.5 -53.5 0
      vertex -45.148 -46.7716 0
    endloop
  endfacet
  facet normal -0 0 -1
    outer loop
      vertex -44.5853 -46.9424 0
      vertex -49.5 -53.5 0
      vertex -44.8709 -46.8708 0
    endloop
  endfacet
  facet normal -0 0 -1
    outer loop
      vertex -44.2941 -46.9856 0
      vertex -49.5 -53.5 0
      vertex -44.5853 -46.9424 0
    endloop
  endfacet
  facet normal -0 0 -1
    outer loop
      vertex -44 -47 0
      vertex -49.5 -53.5 0
      vertex -44.2941 -46.9856 0
    endloop
  endfacet
  facet normal -0 0 -1
    outer loop
      vertex 52.592 52.0376 0
      vertex 46.1213 46.1213 0
      vertex 52.3284 52.3284 0
    endloop
  endfacet
  facet normal -0 0 -1
    outer loop
      vertex 52.3284 52.3284 0
      vertex 46.1213 46.1213 0
      vertex 52.0376 52.592 0
    endloop
  endfacet
  facet normal -0 0 -1
    outer loop
      vertex 52.0376 52.592 0
      vertex 46.1213 46.1213 0
      vertex 51.7223 52.8259 0
    endloop
  endfacet
  facet normal -0 0 -1
    outer loop
      vertex 51.7223 52.8259 0
      vertex 46.1213 46.1213 0
      vertex 51.3856 53.0277 0
    endloop
  endfacet
  facet normal -0 0 -1
    outer loop
      vertex 51.3856 53.0277 0
      vertex 46.1213 46.1213 0
      vertex 51.0307 53.1955 0
    endloop
  endfacet
  facet normal -0 0 -1
    outer loop
      vertex 51.0307 53.1955 0
      vertex 46.1213 46.1213 0
      vertex 50.6611 53.3278 0
    endloop
  endfacet
  facet normal -0 0 -1
    outer loop
      vertex 50.6611 53.3278 0
      vertex 46.1213 46.1213 0
      vertex 50.2804 53.4231 0
    endloop
  endfacet
  facet normal -0 0 -1
    outer loop
      vertex 50.2804 53.4231 0
      vertex 46.1213 46.1213 0
      vertex 49.8921 53.4807 0
    endloop
  endfacet
  facet normal -0 0 -1
    outer loop
      vertex 49.8921 53.4807 0
      vertex 46.1213 46.1213 0
      vertex 49.5 53.5 0
    endloop
  endfacet
  facet normal 0 0 -1
    outer loop
      vertex 45.9032 46.319 0
      vertex 49.5 53.5 0
      vertex 46.1213 46.1213 0
    endloop
  endfacet
  facet normal 0 0 -1
    outer loop
      vertex 45.6667 46.4944 0
      vertex 49.5 53.5 0
      vertex 45.9032 46.319 0
    endloop
  endfacet
  facet normal 0 0 -1
    outer loop
      vertex 45.4142 46.6458 0
      vertex 49.5 53.5 0
      vertex 45.6667 46.4944 0
    endloop
  endfacet
  facet normal 0 0 -1
    outer loop
      vertex 45.148 46.7716 0
      vertex 49.5 53.5 0
      vertex 45.4142 46.6458 0
    endloop
  endfacet
  facet normal 0 0 -1
    outer loop
      vertex 44.8709 46.8708 0
      vertex 49.5 53.5 0
      vertex 45.148 46.7716 0
    endloop
  endfacet
  facet normal 0 0 -1
    outer loop
      vertex 44.5853 46.9424 0
      vertex 49.5 53.5 0
      vertex 44.8709 46.8708 0
    endloop
  endfacet
  facet normal 0 0 -1
    outer loop
      vertex 44.2941 46.9856 0
      vertex 49.5 53.5 0
      vertex 44.5853 46.9424 0
    endloop
  endfacet
  facet normal 0 0 -1
    outer loop
      vertex 44 47 0
      vertex 49.5 53.5 0
      vertex 44.2941 46.9856 0
    endloop
  endfacet
  facet normal 0 0 -1
    outer loop
      vertex 43.7059 46.9856 0
      vertex 49.5 53.5 0
      vertex 44 47 0
    endloop
  endfacet
  facet normal 0 0 -1
    outer loop
      vertex 43.4147 46.9424 0
      vertex 49.5 53.5 0
      vertex 43.7059 46.9856 0
    endloop
  endfacet
  facet normal 0 0 -1
    outer loop
      vertex 43.1291 46.8708 0
      vertex 49.5 53.5 0
      vertex 43.4147 46.9424 0
    endloop
  endfacet
  facet normal 0 0 -1
    outer loop
      vertex 42.852 46.7716 0
      vertex 49.5 53.5 0
      vertex 43.1291 46.8708 0
    endloop
  endfacet
  facet normal 0 0 -1
    outer loop
      vertex 42.5858 46.6458 0
      vertex 49.5 53.5 0
      vertex 42.852 46.7716 0
    endloop
  endfacet
  facet normal 0 0 -1
    outer loop
      vertex 42.3333 46.4944 0
      vertex 49.5 53.5 0
      vertex 42.5858 46.6458 0
    endloop
  endfacet
  facet normal 0 0 -1
    outer loop
      vertex 42.0968 46.319 0
      vertex 49.5 53.5 0
      vertex 42.3333 46.4944 0
    endloop
  endfacet
  facet normal 0 0 -1
    outer loop
      vertex -42.0968 46.319 0
      vertex 42.0968 46.319 0
      vertex 41.8787 46.1213 0
    endloop
  endfacet
  facet normal 0 0 -1
    outer loop
      vertex 41.0144 43.7059 0
      vertex -41 44 0
      vertex 41 44 0
    endloop
  endfacet
  facet normal 0 0 -1
    outer loop
      vertex 41 44 0
      vertex -41 44 0
      vertex 41.0144 44.2941 0
    endloop
  endfacet
  facet normal 0 0 -1
    outer loop
      vertex -41.0144 44.2941 0
      vertex 41.0144 44.2941 0
      vertex -41 44 0
    endloop
  endfacet
  facet normal 0 0 -1
    outer loop
      vertex 41.0144 44.2941 0
      vertex -41.0144 44.2941 0
      vertex 41.0576 44.5853 0
    endloop
  endfacet
  facet normal 0 0 -1
    outer loop
      vertex -41.0576 44.5853 0
      vertex 41.0576 44.5853 0
      vertex -41.0144 44.2941 0
    endloop
  endfacet
  facet normal 0 0 -1
    outer loop
      vertex 41.0576 44.5853 0
      vertex -41.0576 44.5853 0
      vertex 41.1292 44.8709 0
    endloop
  endfacet
  facet normal 0 0 -1
    outer loop
      vertex -41.1292 44.8709 0
      vertex 41.1292 44.8709 0
      vertex -41.0576 44.5853 0
    endloop
  endfacet
  facet normal 0 0 -1
    outer loop
      vertex 41.1292 44.8709 0
      vertex -41.1292 44.8709 0
      vertex 41.2284 45.148 0
    endloop
  endfacet
  facet normal 0 0 -1
    outer loop
      vertex -41.2284 45.148 0
      vertex 41.2284 45.148 0
      vertex -41.1292 44.8709 0
    endloop
  endfacet
  facet normal 0 0 -1
    outer loop
      vertex 41.2284 45.148 0
      vertex -41.2284 45.148 0
      vertex 41.3542 45.4142 0
    endloop
  endfacet
  facet normal 0 0 -1
    outer loop
      vertex -41.3542 45.4142 0
      vertex 41.3542 45.4142 0
      vertex -41.2284 45.148 0
    endloop
  endfacet
  facet normal 0 0 -1
    outer loop
      vertex 41.3542 45.4142 0
      vertex -41.3542 45.4142 0
      vertex 41.5056 45.6667 0
    endloop
  endfacet
  facet normal 0 0 -1
    outer loop
      vertex -41.5056 45.6667 0
      vertex 41.5056 45.6667 0
      vertex -41.3542 45.4142 0
    endloop
  endfacet
  facet normal 0 0 -1
    outer loop
      vertex 41.5056 45.6667 0
      vertex -41.5056 45.6667 0
      vertex 41.681 45.9032 0
    endloop
  endfacet
  facet normal 0 0 -1
    outer loop
      vertex -41.681 45.9032 0
      vertex 41.681 45.9032 0
      vertex -41.5056 45.6667 0
    endloop
  endfacet
  facet normal 0 0 -1
    outer loop
      vertex 41.681 45.9032 0
      vertex -41.681 45.9032 0
      vertex 41.8787 46.1213 0
    endloop
  endfacet
  facet normal 0 0 -1
    outer loop
      vertex -41.8787 46.1213 0
      vertex 41.8787 46.1213 0
      vertex -41.681 45.9032 0
    endloop
  endfacet
  facet normal 0 0 -1
    outer loop
      vertex -42.0968 46.319 0
      vertex 41.8787 46.1213 0
      vertex -41.8787 46.1213 0
    endloop
  endfacet
  facet normal 0 0 -1
    outer loop
      vertex 42.0968 46.319 0
      vertex -42.0968 46.319 0
      vertex 49.5 53.5 0
    endloop
  endfacet
  facet normal 0 0 -1
    outer loop
      vertex -49.5 53.5 0
      vertex -42.0968 46.319 0
      vertex -42.3333 46.4944 0
    endloop
  endfacet
  facet normal 0 0 -1
    outer loop
      vertex -49.5 53.5 0
      vertex -42.3333 46.4944 0
      vertex -42.5858 46.6458 0
    endloop
  endfacet
  facet normal 0 0 -1
    outer loop
      vertex -49.5 53.5 0
      vertex -42.5858 46.6458 0
      vertex -42.852 46.7716 0
    endloop
  endfacet
  facet normal 0 0 -1
    outer loop
      vertex -49.5 53.5 0
      vertex -42.852 46.7716 0
      vertex -43.1291 46.8708 0
    endloop
  endfacet
  facet normal 0 0 -1
    outer loop
      vertex -49.5 53.5 0
      vertex -43.1291 46.8708 0
      vertex -43.4147 46.9424 0
    endloop
  endfacet
  facet normal 0 0 -1
    outer loop
      vertex -49.5 53.5 0
      vertex -43.4147 46.9424 0
      vertex -43.7059 46.9856 0
    endloop
  endfacet
  facet normal 0 0 -1
    outer loop
      vertex -49.5 53.5 0
      vertex -43.7059 46.9856 0
      vertex -44 47 0
    endloop
  endfacet
  facet normal 0 0 -1
    outer loop
      vertex -49.5 53.5 0
      vertex -44 47 0
      vertex -44.2941 46.9856 0
    endloop
  endfacet
  facet normal 0 0 -1
    outer loop
      vertex -42.0968 46.319 0
      vertex -49.5 53.5 0
      vertex 49.5 53.5 0
    endloop
  endfacet
  facet normal 0 0 -1
    outer loop
      vertex -44.5853 46.9424 0
      vertex -49.5 53.5 0
      vertex -44.2941 46.9856 0
    endloop
  endfacet
  facet normal 0 0 -1
    outer loop
      vertex -44.8709 46.8708 0
      vertex -49.5 53.5 0
      vertex -44.5853 46.9424 0
    endloop
  endfacet
  facet normal 0 0 -1
    outer loop
      vertex -45.148 46.7716 0
      vertex -49.5 53.5 0
      vertex -44.8709 46.8708 0
    endloop
  endfacet
  facet normal 0 0 -1
    outer loop
      vertex -45.4142 46.6458 0
      vertex -49.5 53.5 0
      vertex -45.148 46.7716 0
    endloop
  endfacet
  facet normal 0 0 -1
    outer loop
      vertex -45.6667 46.4944 0
      vertex -49.5 53.5 0
      vertex -45.4142 46.6458 0
    endloop
  endfacet
  facet normal 0 0 -1
    outer loop
      vertex -45.9032 46.319 0
      vertex -49.5 53.5 0
      vertex -45.6667 46.4944 0
    endloop
  endfacet
  facet normal 0 0 -1
    outer loop
      vertex -46.1213 46.1213 0
      vertex -49.5 53.5 0
      vertex -45.9032 46.319 0
    endloop
  endfacet
  facet normal 0 0 -1
    outer loop
      vertex -53.5 49.5 0
      vertex -46.1213 46.1213 0
      vertex -46.319 45.9032 0
    endloop
  endfacet
  facet normal 0 0 -1
    outer loop
      vertex -53.5 49.5 0
      vertex -46.319 45.9032 0
      vertex -46.4944 45.6667 0
    endloop
  endfacet
  facet normal 0 0 -1
    outer loop
      vertex -53.5 49.5 0
      vertex -46.4944 45.6667 0
      vertex -46.6458 45.4142 0
    endloop
  endfacet
  facet normal 0 0 -1
    outer loop
      vertex -53.5 49.5 0
      vertex -46.6458 45.4142 0
      vertex -46.7716 45.148 0
    endloop
  endfacet
  facet normal 0 0 -1
    outer loop
      vertex -53.5 49.5 0
      vertex -46.7716 45.148 0
      vertex -46.8708 44.8709 0
    endloop
  endfacet
  facet normal 0 0 -1
    outer loop
      vertex -53.5 49.5 0
      vertex -46.8708 44.8709 0
      vertex -46.9424 44.5853 0
    endloop
  endfacet
  facet normal 0 0 -1
    outer loop
      vertex -53.5 49.5 0
      vertex -46.9424 44.5853 0
      vertex -46.9856 44.2941 0
    endloop
  endfacet
  facet normal 0 0 -1
    outer loop
      vertex -53.5 49.5 0
      vertex -46.9856 44.2941 0
      vertex -47 44 0
    endloop
  endfacet
  facet normal 0 0 -1
    outer loop
      vertex -46.9424 43.4147 0
      vertex -53.5 49.5 0
      vertex -46.9856 43.7059 0
    endloop
  endfacet
  facet normal 0 0 -1
    outer loop
      vertex -53.5 -49.5 0
      vertex -49.5 -53.5 0
      vertex -49.8921 -53.4807 0
    endloop
  endfacet
  facet normal 0 0 -1
    outer loop
      vertex -46.9856 43.7059 0
      vertex -53.5 49.5 0
      vertex -47 44 0
    endloop
  endfacet
  facet normal 0 0 -1
    outer loop
      vertex -53.5 -49.5 0
      vertex -49.8921 -53.4807 0
      vertex -50.2804 -53.4231 0
    endloop
  endfacet
  facet normal 0 0 -1
    outer loop
      vertex -46.1213 46.1213 0
      vertex -53.5 49.5 0
      vertex -49.5 53.5 0
    endloop
  endfacet
  facet normal 0 0 -1
    outer loop
      vertex -53.5 -49.5 0
      vertex -50.2804 -53.4231 0
      vertex -50.6611 -53.3278 0
    endloop
  endfacet
  facet normal 0 0 -1
    outer loop
      vertex -49.5 53.5 0
      vertex -53.5 49.5 0
      vertex -49.8921 53.4807 0
    endloop
  endfacet
  facet normal 0 0 -1
    outer loop
      vertex -53.5 -49.5 0
      vertex -50.6611 -53.3278 0
      vertex -51.0307 -53.1955 0
    endloop
  endfacet
  facet normal 0 0 -1
    outer loop
      vertex -49.8921 53.4807 0
      vertex -53.5 49.5 0
      vertex -50.2804 53.4231 0
    endloop
  endfacet
  facet normal 0 0 -1
    outer loop
      vertex -53.5 -49.5 0
      vertex -51.0307 -53.1955 0
      vertex -51.3856 -53.0277 0
    endloop
  endfacet
  facet normal 0 0 -1
    outer loop
      vertex -50.2804 53.4231 0
      vertex -53.5 49.5 0
      vertex -50.6611 53.3278 0
    endloop
  endfacet
  facet normal 0 0 -1
    outer loop
      vertex -53.5 -49.5 0
      vertex -51.3856 -53.0277 0
      vertex -51.7223 -52.8259 0
    endloop
  endfacet
  facet normal 0 0 -1
    outer loop
      vertex -50.6611 53.3278 0
      vertex -53.5 49.5 0
      vertex -51.0307 53.1955 0
    endloop
  endfacet
  facet normal 0 0 -1
    outer loop
      vertex -53.5 -49.5 0
      vertex -51.7223 -52.8259 0
      vertex -52.0376 -52.592 0
    endloop
  endfacet
  facet normal 0 0 -1
    outer loop
      vertex -51.0307 53.1955 0
      vertex -53.5 49.5 0
      vertex -51.3856 53.0277 0
    endloop
  endfacet
  facet normal 0 0 -1
    outer loop
      vertex -53.5 -49.5 0
      vertex -52.0376 -52.592 0
      vertex -52.3284 -52.3284 0
    endloop
  endfacet
  facet normal 0 0 -1
    outer loop
      vertex -51.3856 53.0277 0
      vertex -53.5 49.5 0
      vertex -51.7223 52.8259 0
    endloop
  endfacet
  facet normal 0 0 -1
    outer loop
      vertex -53.5 -49.5 0
      vertex -52.3284 -52.3284 0
      vertex -52.592 -52.0376 0
    endloop
  endfacet
  facet normal 0 0 -1
    outer loop
      vertex -51.7223 52.8259 0
      vertex -53.5 49.5 0
      vertex -52.0376 52.592 0
    endloop
  endfacet
  facet normal 0 0 -1
    outer loop
      vertex -53.5 -49.5 0
      vertex -52.592 -52.0376 0
      vertex -52.8259 -51.7223 0
    endloop
  endfacet
  facet normal 0 0 -1
    outer loop
      vertex -52.0376 52.592 0
      vertex -53.5 49.5 0
      vertex -52.3284 52.3284 0
    endloop
  endfacet
  facet normal 0 0 -1
    outer loop
      vertex -53.5 -49.5 0
      vertex -52.8259 -51.7223 0
      vertex -53.0277 -51.3856 0
    endloop
  endfacet
  facet normal 0 0 -1
    outer loop
      vertex -52.3284 52.3284 0
      vertex -53.5 49.5 0
      vertex -52.592 52.0376 0
    endloop
  endfacet
  facet normal 0 0 -1
    outer loop
      vertex -53.5 -49.5 0
      vertex -53.0277 -51.3856 0
      vertex -53.1955 -51.0307 0
    endloop
  endfacet
  facet normal 0 0 -1
    outer loop
      vertex -52.592 52.0376 0
      vertex -53.5 49.5 0
      vertex -52.8259 51.7223 0
    endloop
  endfacet
  facet normal 0 0 -1
    outer loop
      vertex -53.5 -49.5 0
      vertex -53.1955 -51.0307 0
      vertex -53.3278 -50.6611 0
    endloop
  endfacet
  facet normal 0 0 -1
    outer loop
      vertex -52.8259 51.7223 0
      vertex -53.5 49.5 0
      vertex -53.0277 51.3856 0
    endloop
  endfacet
  facet normal 0 0 -1
    outer loop
      vertex -53.5 -49.5 0
      vertex -53.3278 -50.6611 0
      vertex -53.4231 -50.2804 0
    endloop
  endfacet
  facet normal 0 0 -1
    outer loop
      vertex -53.0277 51.3856 0
      vertex -53.5 49.5 0
      vertex -53.1955 51.0307 0
    endloop
  endfacet
  facet normal 0 0 -1
    outer loop
      vertex -53.5 -49.5 0
      vertex -53.4231 -50.2804 0
      vertex -53.4807 -49.8921 0
    endloop
  endfacet
  facet normal 0 0 -1
    outer loop
      vertex -53.1955 51.0307 0
      vertex -53.5 49.5 0
      vertex -53.3278 50.6611 0
    endloop
  endfacet
  facet normal 0 0 -1
    outer loop
      vertex -53.3278 50.6611 0
      vertex -53.5 49.5 0
      vertex -53.4231 50.2804 0
    endloop
  endfacet
  facet normal 0 0 -1
    outer loop
      vertex -53.4231 50.2804 0
      vertex -53.5 49.5 0
      vertex -53.4807 49.8921 0
    endloop
  endfacet
  facet normal -0.989176 -0.146733 0
    outer loop
      vertex -53.4231 -50.2804 0
      vertex -53.4807 -49.8921 62
      vertex -53.4807 -49.8921 0
    endloop
  endfacet
  facet normal -0.989176 -0.146733 0
    outer loop
      vertex -53.4807 -49.8921 62
      vertex -53.4231 -50.2804 0
      vertex -53.4231 -50.2804 62
    endloop
  endfacet
  facet normal -0.803137 -0.595794 0
    outer loop
      vertex -52.592 -52.0376 0
      vertex -52.8259 -51.7223 62
      vertex -52.8259 -51.7223 0
    endloop
  endfacet
  facet normal -0.803137 -0.595794 0
    outer loop
      vertex -52.8259 -51.7223 62
      vertex -52.592 -52.0376 0
      vertex -52.592 -52.0376 62
    endloop
  endfacet
  facet normal 0.803137 0.595794 0
    outer loop
      vertex 52.8259 51.7223 62
      vertex 52.592 52.0376 0
      vertex 52.592 52.0376 62
    endloop
  endfacet
  facet normal 0.803137 0.595794 0
    outer loop
      vertex 52.592 52.0376 0
      vertex 52.8259 51.7223 62
      vertex 52.8259 51.7223 0
    endloop
  endfacet
  facet normal 0.970068 -0.242835 0
    outer loop
      vertex 53.3278 -50.6611 62
      vertex 53.4231 -50.2804 0
      vertex 53.4231 -50.2804 62
    endloop
  endfacet
  facet normal 0.970068 -0.242835 0
    outer loop
      vertex 53.4231 -50.2804 0
      vertex 53.3278 -50.6611 62
      vertex 53.3278 -50.6611 0
    endloop
  endfacet
  facet normal 0.904044 -0.42744 0
    outer loop
      vertex 53.0277 -51.3856 62
      vertex 53.1955 -51.0307 0
      vertex 53.1955 -51.0307 62
    endloop
  endfacet
  facet normal 0.904044 -0.42744 0
    outer loop
      vertex 53.1955 -51.0307 0
      vertex 53.0277 -51.3856 62
      vertex 53.0277 -51.3856 0
    endloop
  endfacet
  facet normal 0.514084 0.85774 -0
    outer loop
      vertex 51.7223 52.8259 0
      vertex 51.3856 53.0277 62
      vertex 51.7223 52.8259 62
    endloop
  endfacet
  facet normal 0.514084 0.85774 0
    outer loop
      vertex 51.3856 53.0277 62
      vertex 51.7223 52.8259 0
      vertex 51.3856 53.0277 0
    endloop
  endfacet
  facet normal 0.671607 0.740908 -0
    outer loop
      vertex 52.3284 52.3284 0
      vertex 52.0376 52.592 62
      vertex 52.3284 52.3284 62
    endloop
  endfacet
  facet normal 0.671607 0.740908 0
    outer loop
      vertex 52.0376 52.592 62
      vertex 52.3284 52.3284 0
      vertex 52.0376 52.592 0
    endloop
  endfacet
  facet normal 0.242835 0.970068 -0
    outer loop
      vertex 50.6611 53.3278 0
      vertex 50.2804 53.4231 62
      vertex 50.6611 53.3278 62
    endloop
  endfacet
  facet normal 0.242835 0.970068 0
    outer loop
      vertex 50.2804 53.4231 62
      vertex 50.6611 53.3278 0
      vertex 50.2804 53.4231 0
    endloop
  endfacet
  facet normal 0.146733 0.989176 -0
    outer loop
      vertex 50.2804 53.4231 0
      vertex 49.8921 53.4807 62
      vertex 50.2804 53.4231 62
    endloop
  endfacet
  facet normal 0.146733 0.989176 0
    outer loop
      vertex 49.8921 53.4807 62
      vertex 50.2804 53.4231 0
      vertex 49.8921 53.4807 0
    endloop
  endfacet
  facet normal 0.337014 0.9415 -0
    outer loop
      vertex 51.0307 53.1955 0
      vertex 50.6611 53.3278 62
      vertex 51.0307 53.1955 62
    endloop
  endfacet
  facet normal 0.337014 0.9415 0
    outer loop
      vertex 50.6611 53.3278 62
      vertex 51.0307 53.1955 0
      vertex 50.6611 53.3278 0
    endloop
  endfacet
  facet normal 0.0491626 0.998791 -0
    outer loop
      vertex 49.8921 53.4807 0
      vertex 49.5 53.5 62
      vertex 49.8921 53.4807 62
    endloop
  endfacet
  facet normal 0.0491626 0.998791 0
    outer loop
      vertex 49.5 53.5 62
      vertex 49.8921 53.4807 0
      vertex 49.5 53.5 0
    endloop
  endfacet
  facet normal -0.970068 -0.242835 0
    outer loop
      vertex -53.3278 -50.6611 0
      vertex -53.4231 -50.2804 62
      vertex -53.4231 -50.2804 0
    endloop
  endfacet
  facet normal -0.970068 -0.242835 0
    outer loop
      vertex -53.4231 -50.2804 62
      vertex -53.3278 -50.6611 0
      vertex -53.3278 -50.6611 62
    endloop
  endfacet
  facet normal -0.85774 -0.514084 0
    outer loop
      vertex -52.8259 -51.7223 0
      vertex -53.0277 -51.3856 62
      vertex -53.0277 -51.3856 0
    endloop
  endfacet
  facet normal -0.85774 -0.514084 0
    outer loop
      vertex -53.0277 -51.3856 62
      vertex -52.8259 -51.7223 0
      vertex -52.8259 -51.7223 62
    endloop
  endfacet
  facet normal -0.904044 -0.42744 0
    outer loop
      vertex -53.0277 -51.3856 0
      vertex -53.1955 -51.0307 62
      vertex -53.1955 -51.0307 0
    endloop
  endfacet
  facet normal -0.904044 -0.42744 0
    outer loop
      vertex -53.1955 -51.0307 62
      vertex -53.0277 -51.3856 0
      vertex -53.0277 -51.3856 62
    endloop
  endfacet
  facet normal 0.989176 -0.146733 0
    outer loop
      vertex 53.4231 -50.2804 62
      vertex 53.4807 -49.8921 0
      vertex 53.4807 -49.8921 62
    endloop
  endfacet
  facet normal 0.989176 -0.146733 0
    outer loop
      vertex 53.4807 -49.8921 0
      vertex 53.4231 -50.2804 62
      vertex 53.4231 -50.2804 0
    endloop
  endfacet
  facet normal 0.9415 -0.337014 0
    outer loop
      vertex 53.1955 -51.0307 62
      vertex 53.3278 -50.6611 0
      vertex 53.3278 -50.6611 62
    endloop
  endfacet
  facet normal 0.9415 -0.337014 0
    outer loop
      vertex 53.3278 -50.6611 0
      vertex 53.1955 -51.0307 62
      vertex 53.1955 -51.0307 0
    endloop
  endfacet
  facet normal -0.998789 -0.0492014 0
    outer loop
      vertex -42.55 -44 1.3
      vertex -42.557 -43.8579 3
      vertex -42.557 -43.8579 1.3
    endloop
  endfacet
  facet normal -0.998789 -0.0492014 0
    outer loop
      vertex -42.557 -43.8579 3
      vertex -42.55 -44 1.3
      vertex -42.55 -44 3
    endloop
  endfacet
  facet normal 0.998789 -0.0492014 0
    outer loop
      vertex -45.45 -44 3
      vertex -45.443 -43.8579 1.3
      vertex -45.443 -43.8579 3
    endloop
  endfacet
  facet normal 0.998789 -0.0492014 0
    outer loop
      vertex -45.443 -43.8579 1.3
      vertex -45.45 -44 3
      vertex -45.45 -44 1.3
    endloop
  endfacet
  facet normal -0.0492014 -0.998789 0
    outer loop
      vertex -44 -42.55 1.3
      vertex -43.8579 -42.557 3
      vertex -44 -42.55 3
    endloop
  endfacet
  facet normal -0.0492014 -0.998789 -0
    outer loop
      vertex -43.8579 -42.557 3
      vertex -44 -42.55 1.3
      vertex -43.8579 -42.557 1.3
    endloop
  endfacet
  facet normal 0.0492014 0.998789 -0
    outer loop
      vertex -44 -45.45 1.3
      vertex -44.1421 -45.443 3
      vertex -44 -45.45 3
    endloop
  endfacet
  facet normal 0.0492014 0.998789 0
    outer loop
      vertex -44.1421 -45.443 3
      vertex -44 -45.45 1.3
      vertex -44.1421 -45.443 1.3
    endloop
  endfacet
  facet normal -0.740703 -0.671833 0
    outer loop
      vertex -42.8791 -43.0801 1.3
      vertex -42.9747 -42.9747 3
      vertex -42.9747 -42.9747 1.3
    endloop
  endfacet
  facet normal -0.740703 -0.671833 0
    outer loop
      vertex -42.9747 -42.9747 3
      vertex -42.8791 -43.0801 1.3
      vertex -42.8791 -43.0801 3
    endloop
  endfacet
  facet normal 0.671833 -0.740703 0
    outer loop
      vertex -45.0253 -42.9747 1.3
      vertex -44.9199 -42.8791 3
      vertex -45.0253 -42.9747 3
    endloop
  endfacet
  facet normal 0.671833 -0.740703 0
    outer loop
      vertex -44.9199 -42.8791 3
      vertex -45.0253 -42.9747 1.3
      vertex -44.9199 -42.8791 1.3
    endloop
  endfacet
  facet normal 0.337226 -0.941424 0
    outer loop
      vertex -44.5549 -42.6604 1.3
      vertex -44.4209 -42.6124 3
      vertex -44.5549 -42.6604 3
    endloop
  endfacet
  facet normal 0.337226 -0.941424 0
    outer loop
      vertex -44.4209 -42.6124 3
      vertex -44.5549 -42.6604 1.3
      vertex -44.4209 -42.6124 1.3
    endloop
  endfacet
  facet normal 0.970143 0.242536 0
    outer loop
      vertex -45.3876 -44.4209 3
      vertex -45.4221 -44.2829 1.3
      vertex -45.4221 -44.2829 3
    endloop
  endfacet
  facet normal 0.970143 0.242536 0
    outer loop
      vertex -45.4221 -44.2829 1.3
      vertex -45.3876 -44.4209 3
      vertex -45.3876 -44.4209 1.3
    endloop
  endfacet
  facet normal -0.904053 -0.427421 0
    outer loop
      vertex -42.6604 -43.4451 1.3
      vertex -42.7212 -43.3165 3
      vertex -42.7212 -43.3165 1.3
    endloop
  endfacet
  facet normal -0.904053 -0.427421 0
    outer loop
      vertex -42.7212 -43.3165 3
      vertex -42.6604 -43.4451 1.3
      vertex -42.6604 -43.4451 3
    endloop
  endfacet
  facet normal -0.427421 -0.904053 0
    outer loop
      vertex -43.4451 -42.6604 1.3
      vertex -43.3165 -42.7212 3
      vertex -43.4451 -42.6604 3
    endloop
  endfacet
  facet normal -0.427421 -0.904053 -0
    outer loop
      vertex -43.3165 -42.7212 3
      vertex -43.4451 -42.6604 1.3
      vertex -43.3165 -42.7212 1.3
    endloop
  endfacet
  facet normal 0.857679 -0.514186 0
    outer loop
      vertex -45.2788 -43.3165 3
      vertex -45.2056 -43.1944 1.3
      vertex -45.2056 -43.1944 3
    endloop
  endfacet
  facet normal 0.857679 -0.514186 0
    outer loop
      vertex -45.2056 -43.1944 1.3
      vertex -45.2788 -43.3165 3
      vertex -45.2788 -43.3165 1.3
    endloop
  endfacet
  facet normal 0.803445 -0.595379 0
    outer loop
      vertex -45.2056 -43.1944 3
      vertex -45.1209 -43.0801 1.3
      vertex -45.1209 -43.0801 3
    endloop
  endfacet
  facet normal 0.803445 -0.595379 0
    outer loop
      vertex -45.1209 -43.0801 1.3
      vertex -45.2056 -43.1944 3
      vertex -45.2056 -43.1944 1.3
    endloop
  endfacet
  facet normal 0.146829 -0.989162 0
    outer loop
      vertex -44.2829 -42.5779 1.3
      vertex -44.1421 -42.557 3
      vertex -44.2829 -42.5779 3
    endloop
  endfacet
  facet normal 0.146829 -0.989162 0
    outer loop
      vertex -44.1421 -42.557 3
      vertex -44.2829 -42.5779 1.3
      vertex -44.1421 -42.557 1.3
    endloop
  endfacet
  facet normal -0.242536 0.970143 0
    outer loop
      vertex -43.5791 -45.3876 1.3
      vertex -43.7171 -45.4221 3
      vertex -43.5791 -45.3876 3
    endloop
  endfacet
  facet normal -0.242536 0.970143 0
    outer loop
      vertex -43.7171 -45.4221 3
      vertex -43.5791 -45.3876 1.3
      vertex -43.7171 -45.4221 1.3
    endloop
  endfacet
  facet normal -0.671833 0.740703 0
    outer loop
      vertex -42.9747 -45.0253 1.3
      vertex -43.0801 -45.1209 3
      vertex -42.9747 -45.0253 3
    endloop
  endfacet
  facet normal -0.671833 0.740703 0
    outer loop
      vertex -43.0801 -45.1209 3
      vertex -42.9747 -45.0253 1.3
      vertex -43.0801 -45.1209 1.3
    endloop
  endfacet
  facet normal 0.337226 0.941424 -0
    outer loop
      vertex -44.4209 -45.3876 1.3
      vertex -44.5549 -45.3396 3
      vertex -44.4209 -45.3876 3
    endloop
  endfacet
  facet normal 0.337226 0.941424 0
    outer loop
      vertex -44.5549 -45.3396 3
      vertex -44.4209 -45.3876 1.3
      vertex -44.5549 -45.3396 1.3
    endloop
  endfacet
  facet normal 0.740703 0.671833 0
    outer loop
      vertex -45.0253 -45.0253 3
      vertex -45.1209 -44.9199 1.3
      vertex -45.1209 -44.9199 3
    endloop
  endfacet
  facet normal 0.740703 0.671833 0
    outer loop
      vertex -45.1209 -44.9199 1.3
      vertex -45.0253 -45.0253 3
      vertex -45.0253 -45.0253 1.3
    endloop
  endfacet
  facet normal 0.803445 0.595379 0
    outer loop
      vertex -45.1209 -44.9199 3
      vertex -45.2056 -44.8056 1.3
      vertex -45.2056 -44.8056 3
    endloop
  endfacet
  facet normal 0.803445 0.595379 0
    outer loop
      vertex -45.2056 -44.8056 1.3
      vertex -45.1209 -44.9199 3
      vertex -45.1209 -44.9199 1.3
    endloop
  endfacet
  facet normal -0.970143 -0.242536 0
    outer loop
      vertex -42.5779 -43.7171 1.3
      vertex -42.6124 -43.5791 3
      vertex -42.6124 -43.5791 1.3
    endloop
  endfacet
  facet normal -0.970143 -0.242536 0
    outer loop
      vertex -42.6124 -43.5791 3
      vertex -42.5779 -43.7171 1.3
      vertex -42.5779 -43.7171 3
    endloop
  endfacet
  facet normal -0.989162 -0.146829 0
    outer loop
      vertex -42.557 -43.8579 1.3
      vertex -42.5779 -43.7171 3
      vertex -42.5779 -43.7171 1.3
    endloop
  endfacet
  facet normal -0.989162 -0.146829 0
    outer loop
      vertex -42.5779 -43.7171 3
      vertex -42.557 -43.8579 1.3
      vertex -42.557 -43.8579 3
    endloop
  endfacet
  facet normal -0.941424 -0.337226 0
    outer loop
      vertex -42.6124 -43.5791 1.3
      vertex -42.6604 -43.4451 3
      vertex -42.6604 -43.4451 1.3
    endloop
  endfacet
  facet normal -0.941424 -0.337226 0
    outer loop
      vertex -42.6604 -43.4451 3
      vertex -42.6124 -43.5791 1.3
      vertex -42.6124 -43.5791 3
    endloop
  endfacet
  facet normal -0.803445 -0.595379 0
    outer loop
      vertex -42.7944 -43.1944 1.3
      vertex -42.8791 -43.0801 3
      vertex -42.8791 -43.0801 1.3
    endloop
  endfacet
  facet normal -0.803445 -0.595379 0
    outer loop
      vertex -42.8791 -43.0801 3
      vertex -42.7944 -43.1944 1.3
      vertex -42.7944 -43.1944 3
    endloop
  endfacet
  facet normal -0.857679 -0.514186 0
    outer loop
      vertex -42.7212 -43.3165 1.3
      vertex -42.7944 -43.1944 3
      vertex -42.7944 -43.1944 1.3
    endloop
  endfacet
  facet normal -0.857679 -0.514186 0
    outer loop
      vertex -42.7944 -43.1944 3
      vertex -42.7212 -43.3165 1.3
      vertex -42.7212 -43.3165 3
    endloop
  endfacet
  facet normal -0.242536 -0.970143 0
    outer loop
      vertex -43.7171 -42.5779 1.3
      vertex -43.5791 -42.6124 3
      vertex -43.7171 -42.5779 3
    endloop
  endfacet
  facet normal -0.242536 -0.970143 -0
    outer loop
      vertex -43.5791 -42.6124 3
      vertex -43.7171 -42.5779 1.3
      vertex -43.5791 -42.6124 1.3
    endloop
  endfacet
  facet normal -0.146829 -0.989162 0
    outer loop
      vertex -43.8579 -42.557 1.3
      vertex -43.7171 -42.5779 3
      vertex -43.8579 -42.557 3
    endloop
  endfacet
  facet normal -0.146829 -0.989162 -0
    outer loop
      vertex -43.7171 -42.5779 3
      vertex -43.8579 -42.557 1.3
      vertex -43.7171 -42.5779 1.3
    endloop
  endfacet
  facet normal -0.595379 -0.803445 0
    outer loop
      vertex -43.1944 -42.7944 1.3
      vertex -43.0801 -42.8791 3
      vertex -43.1944 -42.7944 3
    endloop
  endfacet
  facet normal -0.595379 -0.803445 -0
    outer loop
      vertex -43.0801 -42.8791 3
      vertex -43.1944 -42.7944 1.3
      vertex -43.0801 -42.8791 1.3
    endloop
  endfacet
  facet normal -0.671833 -0.740703 0
    outer loop
      vertex -43.0801 -42.8791 1.3
      vertex -42.9747 -42.9747 3
      vertex -43.0801 -42.8791 3
    endloop
  endfacet
  facet normal -0.671833 -0.740703 -0
    outer loop
      vertex -42.9747 -42.9747 3
      vertex -43.0801 -42.8791 1.3
      vertex -42.9747 -42.9747 1.3
    endloop
  endfacet
  facet normal 0.970143 -0.242536 0
    outer loop
      vertex -45.4221 -43.7171 3
      vertex -45.3876 -43.5791 1.3
      vertex -45.3876 -43.5791 3
    endloop
  endfacet
  facet normal 0.970143 -0.242536 0
    outer loop
      vertex -45.3876 -43.5791 1.3
      vertex -45.4221 -43.7171 3
      vertex -45.4221 -43.7171 1.3
    endloop
  endfacet
  facet normal 0.904053 -0.427421 0
    outer loop
      vertex -45.3396 -43.4451 3
      vertex -45.2788 -43.3165 1.3
      vertex -45.2788 -43.3165 3
    endloop
  endfacet
  facet normal 0.904053 -0.427421 0
    outer loop
      vertex -45.2788 -43.3165 1.3
      vertex -45.3396 -43.4451 3
      vertex -45.3396 -43.4451 1.3
    endloop
  endfacet
  facet normal 0.989162 -0.146829 0
    outer loop
      vertex -45.443 -43.8579 3
      vertex -45.4221 -43.7171 1.3
      vertex -45.4221 -43.7171 3
    endloop
  endfacet
  facet normal 0.989162 -0.146829 0
    outer loop
      vertex -45.4221 -43.7171 1.3
      vertex -45.443 -43.8579 3
      vertex -45.443 -43.8579 1.3
    endloop
  endfacet
  facet normal 0.514186 -0.857679 0
    outer loop
      vertex -44.8056 -42.7944 1.3
      vertex -44.6835 -42.7212 3
      vertex -44.8056 -42.7944 3
    endloop
  endfacet
  facet normal 0.514186 -0.857679 0
    outer loop
      vertex -44.6835 -42.7212 3
      vertex -44.8056 -42.7944 1.3
      vertex -44.6835 -42.7212 1.3
    endloop
  endfacet
  facet normal 0.242536 -0.970143 0
    outer loop
      vertex -44.4209 -42.6124 1.3
      vertex -44.2829 -42.5779 3
      vertex -44.4209 -42.6124 3
    endloop
  endfacet
  facet normal 0.242536 -0.970143 0
    outer loop
      vertex -44.2829 -42.5779 3
      vertex -44.4209 -42.6124 1.3
      vertex -44.2829 -42.5779 1.3
    endloop
  endfacet
  facet normal 0.0492014 -0.998789 0
    outer loop
      vertex -44.1421 -42.557 1.3
      vertex -44 -42.55 3
      vertex -44.1421 -42.557 3
    endloop
  endfacet
  facet normal 0.0492014 -0.998789 0
    outer loop
      vertex -44 -42.55 3
      vertex -44.1421 -42.557 1.3
      vertex -44 -42.55 1.3
    endloop
  endfacet
  facet normal -0.998789 0.0492014 0
    outer loop
      vertex -42.557 -44.1421 1.3
      vertex -42.55 -44 3
      vertex -42.55 -44 1.3
    endloop
  endfacet
  facet normal -0.998789 0.0492014 0
    outer loop
      vertex -42.55 -44 3
      vertex -42.557 -44.1421 1.3
      vertex -42.557 -44.1421 3
    endloop
  endfacet
  facet normal -0.0492014 0.998789 0
    outer loop
      vertex -43.8579 -45.443 1.3
      vertex -44 -45.45 3
      vertex -43.8579 -45.443 3
    endloop
  endfacet
  facet normal -0.0492014 0.998789 0
    outer loop
      vertex -44 -45.45 3
      vertex -43.8579 -45.443 1.3
      vertex -44 -45.45 1.3
    endloop
  endfacet
  facet normal -0.427421 0.904053 0
    outer loop
      vertex -43.3165 -45.2788 1.3
      vertex -43.4451 -45.3396 3
      vertex -43.3165 -45.2788 3
    endloop
  endfacet
  facet normal -0.427421 0.904053 0
    outer loop
      vertex -43.4451 -45.3396 3
      vertex -43.3165 -45.2788 1.3
      vertex -43.4451 -45.3396 1.3
    endloop
  endfacet
  facet normal -0.595379 0.803445 0
    outer loop
      vertex -43.0801 -45.1209 1.3
      vertex -43.1944 -45.2056 3
      vertex -43.0801 -45.1209 3
    endloop
  endfacet
  facet normal -0.595379 0.803445 0
    outer loop
      vertex -43.1944 -45.2056 3
      vertex -43.0801 -45.1209 1.3
      vertex -43.1944 -45.2056 1.3
    endloop
  endfacet
  facet normal -0.514186 0.857679 0
    outer loop
      vertex -43.1944 -45.2056 1.3
      vertex -43.3165 -45.2788 3
      vertex -43.1944 -45.2056 3
    endloop
  endfacet
  facet normal -0.514186 0.857679 0
    outer loop
      vertex -43.3165 -45.2788 3
      vertex -43.1944 -45.2056 1.3
      vertex -43.3165 -45.2788 1.3
    endloop
  endfacet
  facet normal -0.740703 0.671833 0
    outer loop
      vertex -42.9747 -45.0253 1.3
      vertex -42.8791 -44.9199 3
      vertex -42.8791 -44.9199 1.3
    endloop
  endfacet
  facet normal -0.740703 0.671833 0
    outer loop
      vertex -42.8791 -44.9199 3
      vertex -42.9747 -45.0253 1.3
      vertex -42.9747 -45.0253 3
    endloop
  endfacet
  facet normal 0.595379 0.803445 -0
    outer loop
      vertex -44.8056 -45.2056 1.3
      vertex -44.9199 -45.1209 3
      vertex -44.8056 -45.2056 3
    endloop
  endfacet
  facet normal 0.595379 0.803445 0
    outer loop
      vertex -44.9199 -45.1209 3
      vertex -44.8056 -45.2056 1.3
      vertex -44.9199 -45.1209 1.3
    endloop
  endfacet
  facet normal 0.671833 0.740703 -0
    outer loop
      vertex -44.9199 -45.1209 1.3
      vertex -45.0253 -45.0253 3
      vertex -44.9199 -45.1209 3
    endloop
  endfacet
  facet normal 0.671833 0.740703 0
    outer loop
      vertex -45.0253 -45.0253 3
      vertex -44.9199 -45.1209 1.3
      vertex -45.0253 -45.0253 1.3
    endloop
  endfacet
  facet normal 0.514186 0.857679 -0
    outer loop
      vertex -44.6835 -45.2788 1.3
      vertex -44.8056 -45.2056 3
      vertex -44.6835 -45.2788 3
    endloop
  endfacet
  facet normal 0.514186 0.857679 0
    outer loop
      vertex -44.8056 -45.2056 3
      vertex -44.6835 -45.2788 1.3
      vertex -44.8056 -45.2056 1.3
    endloop
  endfacet
  facet normal 0.146829 0.989162 -0
    outer loop
      vertex -44.1421 -45.443 1.3
      vertex -44.2829 -45.4221 3
      vertex -44.1421 -45.443 3
    endloop
  endfacet
  facet normal 0.146829 0.989162 0
    outer loop
      vertex -44.2829 -45.4221 3
      vertex -44.1421 -45.443 1.3
      vertex -44.2829 -45.4221 1.3
    endloop
  endfacet
  facet normal 0.904053 0.427421 0
    outer loop
      vertex -45.2788 -44.6835 3
      vertex -45.3396 -44.5549 1.3
      vertex -45.3396 -44.5549 3
    endloop
  endfacet
  facet normal 0.904053 0.427421 0
    outer loop
      vertex -45.3396 -44.5549 1.3
      vertex -45.2788 -44.6835 3
      vertex -45.2788 -44.6835 1.3
    endloop
  endfacet
  facet normal 0.998789 0.0492014 0
    outer loop
      vertex -45.443 -44.1421 3
      vertex -45.45 -44 1.3
      vertex -45.45 -44 3
    endloop
  endfacet
  facet normal 0.998789 0.0492014 0
    outer loop
      vertex -45.45 -44 1.3
      vertex -45.443 -44.1421 3
      vertex -45.443 -44.1421 1.3
    endloop
  endfacet
  facet normal -0.337226 -0.941424 0
    outer loop
      vertex -43.5791 -42.6124 1.3
      vertex -43.4451 -42.6604 3
      vertex -43.5791 -42.6124 3
    endloop
  endfacet
  facet normal -0.337226 -0.941424 -0
    outer loop
      vertex -43.4451 -42.6604 3
      vertex -43.5791 -42.6124 1.3
      vertex -43.4451 -42.6604 1.3
    endloop
  endfacet
  facet normal -0.514186 -0.857679 0
    outer loop
      vertex -43.3165 -42.7212 1.3
      vertex -43.1944 -42.7944 3
      vertex -43.3165 -42.7212 3
    endloop
  endfacet
  facet normal -0.514186 -0.857679 -0
    outer loop
      vertex -43.1944 -42.7944 3
      vertex -43.3165 -42.7212 1.3
      vertex -43.1944 -42.7944 1.3
    endloop
  endfacet
  facet normal 0.740703 -0.671833 0
    outer loop
      vertex -45.1209 -43.0801 3
      vertex -45.0253 -42.9747 1.3
      vertex -45.0253 -42.9747 3
    endloop
  endfacet
  facet normal 0.740703 -0.671833 0
    outer loop
      vertex -45.0253 -42.9747 1.3
      vertex -45.1209 -43.0801 3
      vertex -45.1209 -43.0801 1.3
    endloop
  endfacet
  facet normal 0.941424 -0.337226 0
    outer loop
      vertex -45.3876 -43.5791 3
      vertex -45.3396 -43.4451 1.3
      vertex -45.3396 -43.4451 3
    endloop
  endfacet
  facet normal 0.941424 -0.337226 0
    outer loop
      vertex -45.3396 -43.4451 1.3
      vertex -45.3876 -43.5791 3
      vertex -45.3876 -43.5791 1.3
    endloop
  endfacet
  facet normal 0.595379 -0.803445 0
    outer loop
      vertex -44.9199 -42.8791 1.3
      vertex -44.8056 -42.7944 3
      vertex -44.9199 -42.8791 3
    endloop
  endfacet
  facet normal 0.595379 -0.803445 0
    outer loop
      vertex -44.8056 -42.7944 3
      vertex -44.9199 -42.8791 1.3
      vertex -44.8056 -42.7944 1.3
    endloop
  endfacet
  facet normal 0.427421 -0.904053 0
    outer loop
      vertex -44.6835 -42.7212 1.3
      vertex -44.5549 -42.6604 3
      vertex -44.6835 -42.7212 3
    endloop
  endfacet
  facet normal 0.427421 -0.904053 0
    outer loop
      vertex -44.5549 -42.6604 3
      vertex -44.6835 -42.7212 1.3
      vertex -44.5549 -42.6604 1.3
    endloop
  endfacet
  facet normal -0.904053 0.427421 0
    outer loop
      vertex -42.7212 -44.6835 1.3
      vertex -42.6604 -44.5549 3
      vertex -42.6604 -44.5549 1.3
    endloop
  endfacet
  facet normal -0.904053 0.427421 0
    outer loop
      vertex -42.6604 -44.5549 3
      vertex -42.7212 -44.6835 1.3
      vertex -42.7212 -44.6835 3
    endloop
  endfacet
  facet normal -0.989162 0.146829 0
    outer loop
      vertex -42.5779 -44.2829 1.3
      vertex -42.557 -44.1421 3
      vertex -42.557 -44.1421 1.3
    endloop
  endfacet
  facet normal -0.989162 0.146829 0
    outer loop
      vertex -42.557 -44.1421 3
      vertex -42.5779 -44.2829 1.3
      vertex -42.5779 -44.2829 3
    endloop
  endfacet
  facet normal -0.146829 0.989162 0
    outer loop
      vertex -43.7171 -45.4221 1.3
      vertex -43.8579 -45.443 3
      vertex -43.7171 -45.4221 3
    endloop
  endfacet
  facet normal -0.146829 0.989162 0
    outer loop
      vertex -43.8579 -45.443 3
      vertex -43.7171 -45.4221 1.3
      vertex -43.8579 -45.443 1.3
    endloop
  endfacet
  facet normal -0.337226 0.941424 0
    outer loop
      vertex -43.4451 -45.3396 1.3
      vertex -43.5791 -45.3876 3
      vertex -43.4451 -45.3396 3
    endloop
  endfacet
  facet normal -0.337226 0.941424 0
    outer loop
      vertex -43.5791 -45.3876 3
      vertex -43.4451 -45.3396 1.3
      vertex -43.5791 -45.3876 1.3
    endloop
  endfacet
  facet normal 0.427421 0.904053 -0
    outer loop
      vertex -44.5549 -45.3396 1.3
      vertex -44.6835 -45.2788 3
      vertex -44.5549 -45.3396 3
    endloop
  endfacet
  facet normal 0.427421 0.904053 0
    outer loop
      vertex -44.6835 -45.2788 3
      vertex -44.5549 -45.3396 1.3
      vertex -44.6835 -45.2788 1.3
    endloop
  endfacet
  facet normal 0.242536 0.970143 -0
    outer loop
      vertex -44.2829 -45.4221 1.3
      vertex -44.4209 -45.3876 3
      vertex -44.2829 -45.4221 3
    endloop
  endfacet
  facet normal 0.242536 0.970143 0
    outer loop
      vertex -44.4209 -45.3876 3
      vertex -44.2829 -45.4221 1.3
      vertex -44.4209 -45.3876 1.3
    endloop
  endfacet
  facet normal 0.857679 0.514186 0
    outer loop
      vertex -45.2056 -44.8056 3
      vertex -45.2788 -44.6835 1.3
      vertex -45.2788 -44.6835 3
    endloop
  endfacet
  facet normal 0.857679 0.514186 0
    outer loop
      vertex -45.2788 -44.6835 1.3
      vertex -45.2056 -44.8056 3
      vertex -45.2056 -44.8056 1.3
    endloop
  endfacet
  facet normal 0.941424 0.337226 0
    outer loop
      vertex -45.3396 -44.5549 3
      vertex -45.3876 -44.4209 1.3
      vertex -45.3876 -44.4209 3
    endloop
  endfacet
  facet normal 0.941424 0.337226 0
    outer loop
      vertex -45.3876 -44.4209 1.3
      vertex -45.3396 -44.5549 3
      vertex -45.3396 -44.5549 1.3
    endloop
  endfacet
  facet normal 0.989162 0.146829 0
    outer loop
      vertex -45.4221 -44.2829 3
      vertex -45.443 -44.1421 1.3
      vertex -45.443 -44.1421 3
    endloop
  endfacet
  facet normal 0.989162 0.146829 0
    outer loop
      vertex -45.443 -44.1421 1.3
      vertex -45.4221 -44.2829 3
      vertex -45.4221 -44.2829 1.3
    endloop
  endfacet
  facet normal -0.803445 0.595379 0
    outer loop
      vertex -42.8791 -44.9199 1.3
      vertex -42.7944 -44.8056 3
      vertex -42.7944 -44.8056 1.3
    endloop
  endfacet
  facet normal -0.803445 0.595379 0
    outer loop
      vertex -42.7944 -44.8056 3
      vertex -42.8791 -44.9199 1.3
      vertex -42.8791 -44.9199 3
    endloop
  endfacet
  facet normal -0.857679 0.514186 0
    outer loop
      vertex -42.7944 -44.8056 1.3
      vertex -42.7212 -44.6835 3
      vertex -42.7212 -44.6835 1.3
    endloop
  endfacet
  facet normal -0.857679 0.514186 0
    outer loop
      vertex -42.7212 -44.6835 3
      vertex -42.7944 -44.8056 1.3
      vertex -42.7944 -44.8056 3
    endloop
  endfacet
  facet normal -0.941424 0.337226 0
    outer loop
      vertex -42.6604 -44.5549 1.3
      vertex -42.6124 -44.4209 3
      vertex -42.6124 -44.4209 1.3
    endloop
  endfacet
  facet normal -0.941424 0.337226 0
    outer loop
      vertex -42.6124 -44.4209 3
      vertex -42.6604 -44.5549 1.3
      vertex -42.6604 -44.5549 3
    endloop
  endfacet
  facet normal -0.970143 0.242536 0
    outer loop
      vertex -42.6124 -44.4209 1.3
      vertex -42.5779 -44.2829 3
      vertex -42.5779 -44.2829 1.3
    endloop
  endfacet
  facet normal -0.970143 0.242536 0
    outer loop
      vertex -42.5779 -44.2829 3
      vertex -42.6124 -44.4209 1.3
      vertex -42.6124 -44.4209 3
    endloop
  endfacet
  facet normal -0.595699 -0.803208 0
    outer loop
      vertex -42.3333 -41.5056 0
      vertex -42.0968 -41.681 1.3
      vertex -42.3333 -41.5056 1.3
    endloop
  endfacet
  facet normal -0.595699 -0.803208 -0
    outer loop
      vertex -42.0968 -41.681 1.3
      vertex -42.3333 -41.5056 0
      vertex -42.0968 -41.681 0
    endloop
  endfacet
  facet normal -0.998803 0.0489044 0
    outer loop
      vertex -41.0144 -44.2941 0
      vertex -41 -44 1.3
      vertex -41 -44 0
    endloop
  endfacet
  facet normal -0.998803 0.0489044 0
    outer loop
      vertex -41 -44 1.3
      vertex -41.0144 -44.2941 0
      vertex -41.0144 -44.2941 1.3
    endloop
  endfacet
  facet normal 0.427269 -0.904125 0
    outer loop
      vertex -45.4142 -41.3542 0
      vertex -45.148 -41.2284 1.3
      vertex -45.4142 -41.3542 1.3
    endloop
  endfacet
  facet normal 0.427269 -0.904125 0
    outer loop
      vertex -45.148 -41.2284 1.3
      vertex -45.4142 -41.3542 0
      vertex -45.148 -41.2284 0
    endloop
  endfacet
  facet normal 0.904125 -0.427269 0
    outer loop
      vertex -46.7716 -42.852 1.3
      vertex -46.6458 -42.5858 0
      vertex -46.6458 -42.5858 1.3
    endloop
  endfacet
  facet normal 0.904125 -0.427269 0
    outer loop
      vertex -46.6458 -42.5858 0
      vertex -46.7716 -42.852 1.3
      vertex -46.7716 -42.852 0
    endloop
  endfacet
  facet normal 0.427269 0.904125 -0
    outer loop
      vertex -45.148 -46.7716 0
      vertex -45.4142 -46.6458 1.3
      vertex -45.148 -46.7716 1.3
    endloop
  endfacet
  facet normal 0.427269 0.904125 0
    outer loop
      vertex -45.4142 -46.6458 1.3
      vertex -45.148 -46.7716 0
      vertex -45.4142 -46.6458 0
    endloop
  endfacet
  facet normal -0.904125 -0.427269 0
    outer loop
      vertex -41.2284 -42.852 0
      vertex -41.3542 -42.5858 1.3
      vertex -41.3542 -42.5858 0
    endloop
  endfacet
  facet normal -0.904125 -0.427269 0
    outer loop
      vertex -41.3542 -42.5858 1.3
      vertex -41.2284 -42.852 0
      vertex -41.2284 -42.852 1.3
    endloop
  endfacet
  facet normal -0.857643 -0.514246 0
    outer loop
      vertex -41.3542 -42.5858 0
      vertex -41.5056 -42.3333 1.3
      vertex -41.5056 -42.3333 0
    endloop
  endfacet
  facet normal -0.857643 -0.514246 0
    outer loop
      vertex -41.5056 -42.3333 1.3
      vertex -41.3542 -42.5858 0
      vertex -41.3542 -42.5858 1.3
    endloop
  endfacet
  facet normal -0.337047 -0.941488 0
    outer loop
      vertex -43.1291 -41.1292 0
      vertex -42.852 -41.2284 1.3
      vertex -43.1291 -41.1292 1.3
    endloop
  endfacet
  facet normal -0.337047 -0.941488 -0
    outer loop
      vertex -42.852 -41.2284 1.3
      vertex -43.1291 -41.1292 0
      vertex -42.852 -41.2284 0
    endloop
  endfacet
  facet normal -0.0489044 -0.998803 0
    outer loop
      vertex -44 -41 0
      vertex -43.7059 -41.0144 1.3
      vertex -44 -41 1.3
    endloop
  endfacet
  facet normal -0.0489044 -0.998803 -0
    outer loop
      vertex -43.7059 -41.0144 1.3
      vertex -44 -41 0
      vertex -43.7059 -41.0144 0
    endloop
  endfacet
  facet normal 0.989174 -0.146746 0
    outer loop
      vertex -46.9856 -43.7059 1.3
      vertex -46.9424 -43.4147 0
      vertex -46.9424 -43.4147 1.3
    endloop
  endfacet
  facet normal 0.989174 -0.146746 0
    outer loop
      vertex -46.9424 -43.4147 0
      vertex -46.9856 -43.7059 1.3
      vertex -46.9856 -43.7059 0
    endloop
  endfacet
  facet normal 0.740908 -0.671607 0
    outer loop
      vertex -46.319 -42.0968 1.3
      vertex -46.1213 -41.8787 0
      vertex -46.1213 -41.8787 1.3
    endloop
  endfacet
  facet normal 0.740908 -0.671607 0
    outer loop
      vertex -46.1213 -41.8787 0
      vertex -46.319 -42.0968 1.3
      vertex -46.319 -42.0968 0
    endloop
  endfacet
  facet normal 0.514246 -0.857643 0
    outer loop
      vertex -45.6667 -41.5056 0
      vertex -45.4142 -41.3542 1.3
      vertex -45.6667 -41.5056 1.3
    endloop
  endfacet
  facet normal 0.514246 -0.857643 0
    outer loop
      vertex -45.4142 -41.3542 1.3
      vertex -45.6667 -41.5056 0
      vertex -45.4142 -41.3542 0
    endloop
  endfacet
  facet normal 0.243175 -0.969982 0
    outer loop
      vertex -44.8709 -41.1292 0
      vertex -44.5853 -41.0576 1.3
      vertex -44.8709 -41.1292 1.3
    endloop
  endfacet
  facet normal 0.243175 -0.969982 0
    outer loop
      vertex -44.5853 -41.0576 1.3
      vertex -44.8709 -41.1292 0
      vertex -44.5853 -41.0576 0
    endloop
  endfacet
  facet normal -0.941488 0.337047 0
    outer loop
      vertex -41.2284 -45.148 0
      vertex -41.1292 -44.8709 1.3
      vertex -41.1292 -44.8709 0
    endloop
  endfacet
  facet normal -0.941488 0.337047 0
    outer loop
      vertex -41.1292 -44.8709 1.3
      vertex -41.2284 -45.148 0
      vertex -41.2284 -45.148 1.3
    endloop
  endfacet
  facet normal 0.146746 0.989174 -0
    outer loop
      vertex -44.2941 -46.9856 0
      vertex -44.5853 -46.9424 1.3
      vertex -44.2941 -46.9856 1.3
    endloop
  endfacet
  facet normal 0.146746 0.989174 0
    outer loop
      vertex -44.5853 -46.9424 1.3
      vertex -44.2941 -46.9856 0
      vertex -44.5853 -46.9424 0
    endloop
  endfacet
  facet normal 0.671607 0.740908 -0
    outer loop
      vertex -45.9032 -46.319 0
      vertex -46.1213 -46.1213 1.3
      vertex -45.9032 -46.319 1.3
    endloop
  endfacet
  facet normal 0.671607 0.740908 0
    outer loop
      vertex -46.1213 -46.1213 1.3
      vertex -45.9032 -46.319 0
      vertex -46.1213 -46.1213 0
    endloop
  endfacet
  facet normal -0.989174 -0.146746 0
    outer loop
      vertex -41.0144 -43.7059 0
      vertex -41.0576 -43.4147 1.3
      vertex -41.0576 -43.4147 0
    endloop
  endfacet
  facet normal -0.989174 -0.146746 0
    outer loop
      vertex -41.0576 -43.4147 1.3
      vertex -41.0144 -43.7059 0
      vertex -41.0144 -43.7059 1.3
    endloop
  endfacet
  facet normal -0.969982 -0.243175 0
    outer loop
      vertex -41.0576 -43.4147 0
      vertex -41.1292 -43.1291 1.3
      vertex -41.1292 -43.1291 0
    endloop
  endfacet
  facet normal -0.969982 -0.243175 0
    outer loop
      vertex -41.1292 -43.1291 1.3
      vertex -41.0576 -43.4147 0
      vertex -41.0576 -43.4147 1.3
    endloop
  endfacet
  facet normal -0.941488 -0.337047 0
    outer loop
      vertex -41.1292 -43.1291 0
      vertex -41.2284 -42.852 1.3
      vertex -41.2284 -42.852 0
    endloop
  endfacet
  facet normal -0.941488 -0.337047 0
    outer loop
      vertex -41.2284 -42.852 1.3
      vertex -41.1292 -43.1291 0
      vertex -41.1292 -43.1291 1.3
    endloop
  endfacet
  facet normal -0.740908 -0.671607 0
    outer loop
      vertex -41.681 -42.0968 0
      vertex -41.8787 -41.8787 1.3
      vertex -41.8787 -41.8787 0
    endloop
  endfacet
  facet normal -0.740908 -0.671607 0
    outer loop
      vertex -41.8787 -41.8787 1.3
      vertex -41.681 -42.0968 0
      vertex -41.681 -42.0968 1.3
    endloop
  endfacet
  facet normal -0.803208 -0.595699 0
    outer loop
      vertex -41.5056 -42.3333 0
      vertex -41.681 -42.0968 1.3
      vertex -41.681 -42.0968 0
    endloop
  endfacet
  facet normal -0.803208 -0.595699 0
    outer loop
      vertex -41.681 -42.0968 1.3
      vertex -41.5056 -42.3333 0
      vertex -41.5056 -42.3333 1.3
    endloop
  endfacet
  facet normal -0.671607 -0.740908 0
    outer loop
      vertex -42.0968 -41.681 0
      vertex -41.8787 -41.8787 1.3
      vertex -42.0968 -41.681 1.3
    endloop
  endfacet
  facet normal -0.671607 -0.740908 -0
    outer loop
      vertex -41.8787 -41.8787 1.3
      vertex -42.0968 -41.681 0
      vertex -41.8787 -41.8787 0
    endloop
  endfacet
  facet normal -0.514246 -0.857643 0
    outer loop
      vertex -42.5858 -41.3542 0
      vertex -42.3333 -41.5056 1.3
      vertex -42.5858 -41.3542 1.3
    endloop
  endfacet
  facet normal -0.514246 -0.857643 -0
    outer loop
      vertex -42.3333 -41.5056 1.3
      vertex -42.5858 -41.3542 0
      vertex -42.3333 -41.5056 0
    endloop
  endfacet
  facet normal 0.0489044 -0.998803 0
    outer loop
      vertex -44.2941 -41.0144 0
      vertex -44 -41 1.3
      vertex -44.2941 -41.0144 1.3
    endloop
  endfacet
  facet normal 0.0489044 -0.998803 0
    outer loop
      vertex -44 -41 1.3
      vertex -44.2941 -41.0144 0
      vertex -44 -41 0
    endloop
  endfacet
  facet normal -0.427269 -0.904125 0
    outer loop
      vertex -42.852 -41.2284 0
      vertex -42.5858 -41.3542 1.3
      vertex -42.852 -41.2284 1.3
    endloop
  endfacet
  facet normal -0.427269 -0.904125 -0
    outer loop
      vertex -42.5858 -41.3542 1.3
      vertex -42.852 -41.2284 0
      vertex -42.5858 -41.3542 0
    endloop
  endfacet
  facet normal -0.243175 -0.969982 0
    outer loop
      vertex -43.4147 -41.0576 0
      vertex -43.1291 -41.1292 1.3
      vertex -43.4147 -41.0576 1.3
    endloop
  endfacet
  facet normal -0.243175 -0.969982 -0
    outer loop
      vertex -43.1291 -41.1292 1.3
      vertex -43.4147 -41.0576 0
      vertex -43.1291 -41.1292 0
    endloop
  endfacet
  facet normal -0.146746 -0.989174 0
    outer loop
      vertex -43.7059 -41.0144 0
      vertex -43.4147 -41.0576 1.3
      vertex -43.7059 -41.0144 1.3
    endloop
  endfacet
  facet normal -0.146746 -0.989174 -0
    outer loop
      vertex -43.4147 -41.0576 1.3
      vertex -43.7059 -41.0144 0
      vertex -43.4147 -41.0576 0
    endloop
  endfacet
  facet normal 0.998803 -0.0489044 0
    outer loop
      vertex -47 -44 1.3
      vertex -46.9856 -43.7059 0
      vertex -46.9856 -43.7059 1.3
    endloop
  endfacet
  facet normal 0.998803 -0.0489044 0
    outer loop
      vertex -46.9856 -43.7059 0
      vertex -47 -44 1.3
      vertex -47 -44 0
    endloop
  endfacet
  facet normal 0 0 -1
    outer loop
      vertex -42.55 -44 1.3
      vertex -41 -44 1.3
      vertex -41.0144 -44.2941 1.3
    endloop
  endfacet
  facet normal 0 0 -1
    outer loop
      vertex -42.557 -44.1421 1.3
      vertex -41.0144 -44.2941 1.3
      vertex -41.0576 -44.5853 1.3
    endloop
  endfacet
  facet normal 0 0 -1
    outer loop
      vertex -41 -44 1.3
      vertex -42.55 -44 1.3
      vertex -41.0144 -43.7059 1.3
    endloop
  endfacet
  facet normal 0 0 -1
    outer loop
      vertex -42.5779 -44.2829 1.3
      vertex -41.0576 -44.5853 1.3
      vertex -41.1292 -44.8709 1.3
    endloop
  endfacet
  facet normal 0 0 -1
    outer loop
      vertex -42.557 -43.8579 1.3
      vertex -41.0144 -43.7059 1.3
      vertex -42.55 -44 1.3
    endloop
  endfacet
  facet normal 0 0 -1
    outer loop
      vertex -42.6124 -44.4209 1.3
      vertex -41.1292 -44.8709 1.3
      vertex -41.2284 -45.148 1.3
    endloop
  endfacet
  facet normal -0 0 -1
    outer loop
      vertex -41.0144 -43.7059 1.3
      vertex -42.557 -43.8579 1.3
      vertex -41.0576 -43.4147 1.3
    endloop
  endfacet
  facet normal 0 0 -1
    outer loop
      vertex -42.6604 -44.5549 1.3
      vertex -41.2284 -45.148 1.3
      vertex -41.3542 -45.4142 1.3
    endloop
  endfacet
  facet normal 0 0 -1
    outer loop
      vertex -42.5779 -43.7171 1.3
      vertex -41.0576 -43.4147 1.3
      vertex -42.557 -43.8579 1.3
    endloop
  endfacet
  facet normal 0 0 -1
    outer loop
      vertex -42.7212 -44.6835 1.3
      vertex -41.3542 -45.4142 1.3
      vertex -41.5056 -45.6667 1.3
    endloop
  endfacet
  facet normal -0 0 -1
    outer loop
      vertex -41.0576 -43.4147 1.3
      vertex -42.5779 -43.7171 1.3
      vertex -41.1292 -43.1291 1.3
    endloop
  endfacet
  facet normal 0 0 -1
    outer loop
      vertex -42.7944 -44.8056 1.3
      vertex -41.5056 -45.6667 1.3
      vertex -41.681 -45.9032 1.3
    endloop
  endfacet
  facet normal 0 0 -1
    outer loop
      vertex -42.6124 -43.5791 1.3
      vertex -41.1292 -43.1291 1.3
      vertex -42.5779 -43.7171 1.3
    endloop
  endfacet
  facet normal 0 0 -1
    outer loop
      vertex -42.8791 -44.9199 1.3
      vertex -41.681 -45.9032 1.3
      vertex -41.8787 -46.1213 1.3
    endloop
  endfacet
  facet normal -0 0 -1
    outer loop
      vertex -41.1292 -43.1291 1.3
      vertex -42.6124 -43.5791 1.3
      vertex -41.2284 -42.852 1.3
    endloop
  endfacet
  facet normal 0 0 -1
    outer loop
      vertex -42.9747 -45.0253 1.3
      vertex -41.8787 -46.1213 1.3
      vertex -42.0968 -46.319 1.3
    endloop
  endfacet
  facet normal 0 0 -1
    outer loop
      vertex -42.6604 -43.4451 1.3
      vertex -41.2284 -42.852 1.3
      vertex -42.6124 -43.5791 1.3
    endloop
  endfacet
  facet normal 0 0 -1
    outer loop
      vertex -43.0801 -45.1209 1.3
      vertex -42.0968 -46.319 1.3
      vertex -42.3333 -46.4944 1.3
    endloop
  endfacet
  facet normal -0 0 -1
    outer loop
      vertex -41.2284 -42.852 1.3
      vertex -42.6604 -43.4451 1.3
      vertex -41.3542 -42.5858 1.3
    endloop
  endfacet
  facet normal 0 0 -1
    outer loop
      vertex -42.7212 -43.3165 1.3
      vertex -41.3542 -42.5858 1.3
      vertex -42.6604 -43.4451 1.3
    endloop
  endfacet
  facet normal 0 0 -1
    outer loop
      vertex -41.0144 -44.2941 1.3
      vertex -42.557 -44.1421 1.3
      vertex -42.55 -44 1.3
    endloop
  endfacet
  facet normal 0 0 -1
    outer loop
      vertex -41.0576 -44.5853 1.3
      vertex -42.5779 -44.2829 1.3
      vertex -42.557 -44.1421 1.3
    endloop
  endfacet
  facet normal 0 0 -1
    outer loop
      vertex -43.1944 -45.2056 1.3
      vertex -42.3333 -46.4944 1.3
      vertex -42.5858 -46.6458 1.3
    endloop
  endfacet
  facet normal 0 0 -1
    outer loop
      vertex -41.1292 -44.8709 1.3
      vertex -42.6124 -44.4209 1.3
      vertex -42.5779 -44.2829 1.3
    endloop
  endfacet
  facet normal 0 0 -1
    outer loop
      vertex -41.2284 -45.148 1.3
      vertex -42.6604 -44.5549 1.3
      vertex -42.6124 -44.4209 1.3
    endloop
  endfacet
  facet normal 0 0 -1
    outer loop
      vertex -41.3542 -45.4142 1.3
      vertex -42.7212 -44.6835 1.3
      vertex -42.6604 -44.5549 1.3
    endloop
  endfacet
  facet normal 0 0 -1
    outer loop
      vertex -41.5056 -45.6667 1.3
      vertex -42.7944 -44.8056 1.3
      vertex -42.7212 -44.6835 1.3
    endloop
  endfacet
  facet normal 0 0 -1
    outer loop
      vertex -43.3165 -45.2788 1.3
      vertex -42.5858 -46.6458 1.3
      vertex -42.852 -46.7716 1.3
    endloop
  endfacet
  facet normal 0 0 -1
    outer loop
      vertex -41.681 -45.9032 1.3
      vertex -42.8791 -44.9199 1.3
      vertex -42.7944 -44.8056 1.3
    endloop
  endfacet
  facet normal 0 0 -1
    outer loop
      vertex -41.8787 -46.1213 1.3
      vertex -42.9747 -45.0253 1.3
      vertex -42.8791 -44.9199 1.3
    endloop
  endfacet
  facet normal 0 0 -1
    outer loop
      vertex -42.0968 -46.319 1.3
      vertex -43.0801 -45.1209 1.3
      vertex -42.9747 -45.0253 1.3
    endloop
  endfacet
  facet normal 0 0 -1
    outer loop
      vertex -43.4451 -45.3396 1.3
      vertex -42.852 -46.7716 1.3
      vertex -43.1291 -46.8708 1.3
    endloop
  endfacet
  facet normal 0 0 -1
    outer loop
      vertex -42.3333 -46.4944 1.3
      vertex -43.1944 -45.2056 1.3
      vertex -43.0801 -45.1209 1.3
    endloop
  endfacet
  facet normal 0 0 -1
    outer loop
      vertex -42.5858 -46.6458 1.3
      vertex -43.3165 -45.2788 1.3
      vertex -43.1944 -45.2056 1.3
    endloop
  endfacet
  facet normal 0 0 -1
    outer loop
      vertex -43.5791 -45.3876 1.3
      vertex -43.1291 -46.8708 1.3
      vertex -43.4147 -46.9424 1.3
    endloop
  endfacet
  facet normal 0 0 -1
    outer loop
      vertex -42.852 -46.7716 1.3
      vertex -43.4451 -45.3396 1.3
      vertex -43.3165 -45.2788 1.3
    endloop
  endfacet
  facet normal 0 0 -1
    outer loop
      vertex -43.1291 -46.8708 1.3
      vertex -43.5791 -45.3876 1.3
      vertex -43.4451 -45.3396 1.3
    endloop
  endfacet
  facet normal 0 0 -1
    outer loop
      vertex -43.7171 -45.4221 1.3
      vertex -43.4147 -46.9424 1.3
      vertex -43.7059 -46.9856 1.3
    endloop
  endfacet
  facet normal 0 0 -1
    outer loop
      vertex -43.4147 -46.9424 1.3
      vertex -43.7171 -45.4221 1.3
      vertex -43.5791 -45.3876 1.3
    endloop
  endfacet
  facet normal 0 0 -1
    outer loop
      vertex -43.7059 -46.9856 1.3
      vertex -43.8579 -45.443 1.3
      vertex -43.7171 -45.4221 1.3
    endloop
  endfacet
  facet normal 0 0 -1
    outer loop
      vertex -44 -47 1.3
      vertex -43.8579 -45.443 1.3
      vertex -43.7059 -46.9856 1.3
    endloop
  endfacet
  facet normal 0 0 -1
    outer loop
      vertex -44 -47 1.3
      vertex -44 -45.45 1.3
      vertex -43.8579 -45.443 1.3
    endloop
  endfacet
  facet normal 0 0 -1
    outer loop
      vertex -44 -47 1.3
      vertex -44.1421 -45.443 1.3
      vertex -44 -45.45 1.3
    endloop
  endfacet
  facet normal 0 0 -1
    outer loop
      vertex -44.2941 -46.9856 1.3
      vertex -44.1421 -45.443 1.3
      vertex -44 -47 1.3
    endloop
  endfacet
  facet normal -0 0 -1
    outer loop
      vertex -44.1421 -45.443 1.3
      vertex -44.2941 -46.9856 1.3
      vertex -44.2829 -45.4221 1.3
    endloop
  endfacet
  facet normal 0 0 -1
    outer loop
      vertex -44.5853 -46.9424 1.3
      vertex -44.2829 -45.4221 1.3
      vertex -44.2941 -46.9856 1.3
    endloop
  endfacet
  facet normal -0 0 -1
    outer loop
      vertex -44.2829 -45.4221 1.3
      vertex -44.5853 -46.9424 1.3
      vertex -44.4209 -45.3876 1.3
    endloop
  endfacet
  facet normal 0 0 -1
    outer loop
      vertex -44.8709 -46.8708 1.3
      vertex -44.4209 -45.3876 1.3
      vertex -44.5853 -46.9424 1.3
    endloop
  endfacet
  facet normal -0 0 -1
    outer loop
      vertex -44.4209 -45.3876 1.3
      vertex -44.8709 -46.8708 1.3
      vertex -44.5549 -45.3396 1.3
    endloop
  endfacet
  facet normal 0 0 -1
    outer loop
      vertex -45.148 -46.7716 1.3
      vertex -44.5549 -45.3396 1.3
      vertex -44.8709 -46.8708 1.3
    endloop
  endfacet
  facet normal -0 0 -1
    outer loop
      vertex -44.5549 -45.3396 1.3
      vertex -45.148 -46.7716 1.3
      vertex -44.6835 -45.2788 1.3
    endloop
  endfacet
  facet normal 0 0 -1
    outer loop
      vertex -45.4142 -46.6458 1.3
      vertex -44.6835 -45.2788 1.3
      vertex -45.148 -46.7716 1.3
    endloop
  endfacet
  facet normal -0 0 -1
    outer loop
      vertex -44.6835 -45.2788 1.3
      vertex -45.4142 -46.6458 1.3
      vertex -44.8056 -45.2056 1.3
    endloop
  endfacet
  facet normal 0 0 -1
    outer loop
      vertex -45.6667 -46.4944 1.3
      vertex -44.8056 -45.2056 1.3
      vertex -45.4142 -46.6458 1.3
    endloop
  endfacet
  facet normal -0 0 -1
    outer loop
      vertex -44.8056 -45.2056 1.3
      vertex -45.6667 -46.4944 1.3
      vertex -44.9199 -45.1209 1.3
    endloop
  endfacet
  facet normal 0 0 -1
    outer loop
      vertex -45.9032 -46.319 1.3
      vertex -44.9199 -45.1209 1.3
      vertex -45.6667 -46.4944 1.3
    endloop
  endfacet
  facet normal -0 0 -1
    outer loop
      vertex -44.9199 -45.1209 1.3
      vertex -45.9032 -46.319 1.3
      vertex -45.0253 -45.0253 1.3
    endloop
  endfacet
  facet normal 0 0 -1
    outer loop
      vertex -46.1213 -46.1213 1.3
      vertex -45.0253 -45.0253 1.3
      vertex -45.9032 -46.319 1.3
    endloop
  endfacet
  facet normal -0 0 -1
    outer loop
      vertex -45.0253 -45.0253 1.3
      vertex -46.1213 -46.1213 1.3
      vertex -45.1209 -44.9199 1.3
    endloop
  endfacet
  facet normal 0 0 -1
    outer loop
      vertex -46.319 -45.9032 1.3
      vertex -45.1209 -44.9199 1.3
      vertex -46.1213 -46.1213 1.3
    endloop
  endfacet
  facet normal -0 0 -1
    outer loop
      vertex -45.1209 -44.9199 1.3
      vertex -46.319 -45.9032 1.3
      vertex -45.2056 -44.8056 1.3
    endloop
  endfacet
  facet normal 0 0 -1
    outer loop
      vertex -46.4944 -45.6667 1.3
      vertex -45.2056 -44.8056 1.3
      vertex -46.319 -45.9032 1.3
    endloop
  endfacet
  facet normal -0 0 -1
    outer loop
      vertex -45.2056 -44.8056 1.3
      vertex -46.4944 -45.6667 1.3
      vertex -45.2788 -44.6835 1.3
    endloop
  endfacet
  facet normal 0 0 -1
    outer loop
      vertex -46.6458 -45.4142 1.3
      vertex -45.2788 -44.6835 1.3
      vertex -46.4944 -45.6667 1.3
    endloop
  endfacet
  facet normal -0 0 -1
    outer loop
      vertex -41.3542 -42.5858 1.3
      vertex -42.7212 -43.3165 1.3
      vertex -41.5056 -42.3333 1.3
    endloop
  endfacet
  facet normal 0 0 -1
    outer loop
      vertex -42.7944 -43.1944 1.3
      vertex -41.5056 -42.3333 1.3
      vertex -42.7212 -43.3165 1.3
    endloop
  endfacet
  facet normal -0 0 -1
    outer loop
      vertex -41.5056 -42.3333 1.3
      vertex -42.7944 -43.1944 1.3
      vertex -41.681 -42.0968 1.3
    endloop
  endfacet
  facet normal 0 0 -1
    outer loop
      vertex -42.8791 -43.0801 1.3
      vertex -41.681 -42.0968 1.3
      vertex -42.7944 -43.1944 1.3
    endloop
  endfacet
  facet normal -0 0 -1
    outer loop
      vertex -41.681 -42.0968 1.3
      vertex -42.8791 -43.0801 1.3
      vertex -41.8787 -41.8787 1.3
    endloop
  endfacet
  facet normal 0 0 -1
    outer loop
      vertex -42.9747 -42.9747 1.3
      vertex -41.8787 -41.8787 1.3
      vertex -42.8791 -43.0801 1.3
    endloop
  endfacet
  facet normal -0 0 -1
    outer loop
      vertex -41.8787 -41.8787 1.3
      vertex -42.9747 -42.9747 1.3
      vertex -42.0968 -41.681 1.3
    endloop
  endfacet
  facet normal 0 0 -1
    outer loop
      vertex -43.0801 -42.8791 1.3
      vertex -42.0968 -41.681 1.3
      vertex -42.9747 -42.9747 1.3
    endloop
  endfacet
  facet normal -0 0 -1
    outer loop
      vertex -42.0968 -41.681 1.3
      vertex -43.0801 -42.8791 1.3
      vertex -42.3333 -41.5056 1.3
    endloop
  endfacet
  facet normal 0 0 -1
    outer loop
      vertex -43.1944 -42.7944 1.3
      vertex -42.3333 -41.5056 1.3
      vertex -43.0801 -42.8791 1.3
    endloop
  endfacet
  facet normal -0 0 -1
    outer loop
      vertex -42.3333 -41.5056 1.3
      vertex -43.1944 -42.7944 1.3
      vertex -42.5858 -41.3542 1.3
    endloop
  endfacet
  facet normal 0 0 -1
    outer loop
      vertex -43.3165 -42.7212 1.3
      vertex -42.5858 -41.3542 1.3
      vertex -43.1944 -42.7944 1.3
    endloop
  endfacet
  facet normal -0 0 -1
    outer loop
      vertex -42.5858 -41.3542 1.3
      vertex -43.3165 -42.7212 1.3
      vertex -42.852 -41.2284 1.3
    endloop
  endfacet
  facet normal 0 0 -1
    outer loop
      vertex -43.4451 -42.6604 1.3
      vertex -42.852 -41.2284 1.3
      vertex -43.3165 -42.7212 1.3
    endloop
  endfacet
  facet normal -0 0 -1
    outer loop
      vertex -42.852 -41.2284 1.3
      vertex -43.4451 -42.6604 1.3
      vertex -43.1291 -41.1292 1.3
    endloop
  endfacet
  facet normal 0 0 -1
    outer loop
      vertex -43.5791 -42.6124 1.3
      vertex -43.1291 -41.1292 1.3
      vertex -43.4451 -42.6604 1.3
    endloop
  endfacet
  facet normal -0 0 -1
    outer loop
      vertex -43.1291 -41.1292 1.3
      vertex -43.5791 -42.6124 1.3
      vertex -43.4147 -41.0576 1.3
    endloop
  endfacet
  facet normal 0 0 -1
    outer loop
      vertex -43.7171 -42.5779 1.3
      vertex -43.4147 -41.0576 1.3
      vertex -43.5791 -42.6124 1.3
    endloop
  endfacet
  facet normal -0 0 -1
    outer loop
      vertex -43.4147 -41.0576 1.3
      vertex -43.7171 -42.5779 1.3
      vertex -43.7059 -41.0144 1.3
    endloop
  endfacet
  facet normal 0 0 -1
    outer loop
      vertex -43.8579 -42.557 1.3
      vertex -43.7059 -41.0144 1.3
      vertex -43.7171 -42.5779 1.3
    endloop
  endfacet
  facet normal 0 0 -1
    outer loop
      vertex -44 -42.55 1.3
      vertex -43.7059 -41.0144 1.3
      vertex -43.8579 -42.557 1.3
    endloop
  endfacet
  facet normal 0 0 -1
    outer loop
      vertex -44 -42.55 1.3
      vertex -44 -41 1.3
      vertex -43.7059 -41.0144 1.3
    endloop
  endfacet
  facet normal 0 0 -1
    outer loop
      vertex -44.1421 -42.557 1.3
      vertex -44 -41 1.3
      vertex -44 -42.55 1.3
    endloop
  endfacet
  facet normal 0 0 -1
    outer loop
      vertex -44.2941 -41.0144 1.3
      vertex -44.1421 -42.557 1.3
      vertex -44.2829 -42.5779 1.3
    endloop
  endfacet
  facet normal 0 0 -1
    outer loop
      vertex -44.1421 -42.557 1.3
      vertex -44.2941 -41.0144 1.3
      vertex -44 -41 1.3
    endloop
  endfacet
  facet normal 0 0 -1
    outer loop
      vertex -44.5853 -41.0576 1.3
      vertex -44.2829 -42.5779 1.3
      vertex -44.4209 -42.6124 1.3
    endloop
  endfacet
  facet normal 0 0 -1
    outer loop
      vertex -44.8709 -41.1292 1.3
      vertex -44.4209 -42.6124 1.3
      vertex -44.5549 -42.6604 1.3
    endloop
  endfacet
  facet normal 0 0 -1
    outer loop
      vertex -44.2829 -42.5779 1.3
      vertex -44.5853 -41.0576 1.3
      vertex -44.2941 -41.0144 1.3
    endloop
  endfacet
  facet normal 0 0 -1
    outer loop
      vertex -45.148 -41.2284 1.3
      vertex -44.5549 -42.6604 1.3
      vertex -44.6835 -42.7212 1.3
    endloop
  endfacet
  facet normal 0 0 -1
    outer loop
      vertex -45.4142 -41.3542 1.3
      vertex -44.6835 -42.7212 1.3
      vertex -44.8056 -42.7944 1.3
    endloop
  endfacet
  facet normal 0 0 -1
    outer loop
      vertex -44.4209 -42.6124 1.3
      vertex -44.8709 -41.1292 1.3
      vertex -44.5853 -41.0576 1.3
    endloop
  endfacet
  facet normal 0 0 -1
    outer loop
      vertex -45.6667 -41.5056 1.3
      vertex -44.8056 -42.7944 1.3
      vertex -44.9199 -42.8791 1.3
    endloop
  endfacet
  facet normal 0 0 -1
    outer loop
      vertex -45.9032 -41.681 1.3
      vertex -44.9199 -42.8791 1.3
      vertex -45.0253 -42.9747 1.3
    endloop
  endfacet
  facet normal 0 0 -1
    outer loop
      vertex -46.1213 -41.8787 1.3
      vertex -45.0253 -42.9747 1.3
      vertex -45.1209 -43.0801 1.3
    endloop
  endfacet
  facet normal 0 0 -1
    outer loop
      vertex -44.5549 -42.6604 1.3
      vertex -45.148 -41.2284 1.3
      vertex -44.8709 -41.1292 1.3
    endloop
  endfacet
  facet normal 0 0 -1
    outer loop
      vertex -46.319 -42.0968 1.3
      vertex -45.1209 -43.0801 1.3
      vertex -45.2056 -43.1944 1.3
    endloop
  endfacet
  facet normal 0 0 -1
    outer loop
      vertex -46.4944 -42.3333 1.3
      vertex -45.2056 -43.1944 1.3
      vertex -45.2788 -43.3165 1.3
    endloop
  endfacet
  facet normal 0 0 -1
    outer loop
      vertex -46.6458 -42.5858 1.3
      vertex -45.2788 -43.3165 1.3
      vertex -45.3396 -43.4451 1.3
    endloop
  endfacet
  facet normal 0 0 -1
    outer loop
      vertex -46.7716 -42.852 1.3
      vertex -45.3396 -43.4451 1.3
      vertex -45.3876 -43.5791 1.3
    endloop
  endfacet
  facet normal 0 0 -1
    outer loop
      vertex -44.6835 -42.7212 1.3
      vertex -45.4142 -41.3542 1.3
      vertex -45.148 -41.2284 1.3
    endloop
  endfacet
  facet normal 0 0 -1
    outer loop
      vertex -46.8708 -43.1291 1.3
      vertex -45.3876 -43.5791 1.3
      vertex -45.4221 -43.7171 1.3
    endloop
  endfacet
  facet normal 0 0 -1
    outer loop
      vertex -46.9424 -43.4147 1.3
      vertex -45.4221 -43.7171 1.3
      vertex -45.443 -43.8579 1.3
    endloop
  endfacet
  facet normal 0 0 -1
    outer loop
      vertex -46.9856 -43.7059 1.3
      vertex -45.443 -43.8579 1.3
      vertex -45.45 -44 1.3
    endloop
  endfacet
  facet normal -0 0 -1
    outer loop
      vertex -45.2788 -44.6835 1.3
      vertex -46.6458 -45.4142 1.3
      vertex -45.3396 -44.5549 1.3
    endloop
  endfacet
  facet normal 0 0 -1
    outer loop
      vertex -44.8056 -42.7944 1.3
      vertex -45.6667 -41.5056 1.3
      vertex -45.4142 -41.3542 1.3
    endloop
  endfacet
  facet normal 0 0 -1
    outer loop
      vertex -46.7716 -45.148 1.3
      vertex -45.3396 -44.5549 1.3
      vertex -46.6458 -45.4142 1.3
    endloop
  endfacet
  facet normal 0 0 -1
    outer loop
      vertex -44.9199 -42.8791 1.3
      vertex -45.9032 -41.681 1.3
      vertex -45.6667 -41.5056 1.3
    endloop
  endfacet
  facet normal -0 0 -1
    outer loop
      vertex -45.3396 -44.5549 1.3
      vertex -46.7716 -45.148 1.3
      vertex -45.3876 -44.4209 1.3
    endloop
  endfacet
  facet normal 0 0 -1
    outer loop
      vertex -45.0253 -42.9747 1.3
      vertex -46.1213 -41.8787 1.3
      vertex -45.9032 -41.681 1.3
    endloop
  endfacet
  facet normal 0 0 -1
    outer loop
      vertex -46.8708 -44.8709 1.3
      vertex -45.3876 -44.4209 1.3
      vertex -46.7716 -45.148 1.3
    endloop
  endfacet
  facet normal 0 0 -1
    outer loop
      vertex -45.1209 -43.0801 1.3
      vertex -46.319 -42.0968 1.3
      vertex -46.1213 -41.8787 1.3
    endloop
  endfacet
  facet normal -0 0 -1
    outer loop
      vertex -45.3876 -44.4209 1.3
      vertex -46.8708 -44.8709 1.3
      vertex -45.4221 -44.2829 1.3
    endloop
  endfacet
  facet normal 0 0 -1
    outer loop
      vertex -45.2056 -43.1944 1.3
      vertex -46.4944 -42.3333 1.3
      vertex -46.319 -42.0968 1.3
    endloop
  endfacet
  facet normal 0 0 -1
    outer loop
      vertex -46.9424 -44.5853 1.3
      vertex -45.4221 -44.2829 1.3
      vertex -46.8708 -44.8709 1.3
    endloop
  endfacet
  facet normal 0 0 -1
    outer loop
      vertex -45.2788 -43.3165 1.3
      vertex -46.6458 -42.5858 1.3
      vertex -46.4944 -42.3333 1.3
    endloop
  endfacet
  facet normal -0 0 -1
    outer loop
      vertex -45.4221 -44.2829 1.3
      vertex -46.9424 -44.5853 1.3
      vertex -45.443 -44.1421 1.3
    endloop
  endfacet
  facet normal 0 0 -1
    outer loop
      vertex -45.3396 -43.4451 1.3
      vertex -46.7716 -42.852 1.3
      vertex -46.6458 -42.5858 1.3
    endloop
  endfacet
  facet normal 0 0 -1
    outer loop
      vertex -46.9856 -44.2941 1.3
      vertex -45.443 -44.1421 1.3
      vertex -46.9424 -44.5853 1.3
    endloop
  endfacet
  facet normal 0 0 -1
    outer loop
      vertex -45.3876 -43.5791 1.3
      vertex -46.8708 -43.1291 1.3
      vertex -46.7716 -42.852 1.3
    endloop
  endfacet
  facet normal -0 0 -1
    outer loop
      vertex -45.443 -44.1421 1.3
      vertex -46.9856 -44.2941 1.3
      vertex -45.45 -44 1.3
    endloop
  endfacet
  facet normal 0 0 -1
    outer loop
      vertex -45.4221 -43.7171 1.3
      vertex -46.9424 -43.4147 1.3
      vertex -46.8708 -43.1291 1.3
    endloop
  endfacet
  facet normal 0 0 -1
    outer loop
      vertex -47 -44 1.3
      vertex -45.45 -44 1.3
      vertex -46.9856 -44.2941 1.3
    endloop
  endfacet
  facet normal 0 0 -1
    outer loop
      vertex -45.443 -43.8579 1.3
      vertex -46.9856 -43.7059 1.3
      vertex -46.9424 -43.4147 1.3
    endloop
  endfacet
  facet normal 0 0 -1
    outer loop
      vertex -45.45 -44 1.3
      vertex -47 -44 1.3
      vertex -46.9856 -43.7059 1.3
    endloop
  endfacet
  facet normal 0.941488 -0.337047 0
    outer loop
      vertex -46.8708 -43.1291 1.3
      vertex -46.7716 -42.852 0
      vertex -46.7716 -42.852 1.3
    endloop
  endfacet
  facet normal 0.941488 -0.337047 0
    outer loop
      vertex -46.7716 -42.852 0
      vertex -46.8708 -43.1291 1.3
      vertex -46.8708 -43.1291 0
    endloop
  endfacet
  facet normal 0.969982 -0.243175 0
    outer loop
      vertex -46.9424 -43.4147 1.3
      vertex -46.8708 -43.1291 0
      vertex -46.8708 -43.1291 1.3
    endloop
  endfacet
  facet normal 0.969982 -0.243175 0
    outer loop
      vertex -46.8708 -43.1291 0
      vertex -46.9424 -43.4147 1.3
      vertex -46.9424 -43.4147 0
    endloop
  endfacet
  facet normal 0.857643 -0.514246 0
    outer loop
      vertex -46.6458 -42.5858 1.3
      vertex -46.4944 -42.3333 0
      vertex -46.4944 -42.3333 1.3
    endloop
  endfacet
  facet normal 0.857643 -0.514246 0
    outer loop
      vertex -46.4944 -42.3333 0
      vertex -46.6458 -42.5858 1.3
      vertex -46.6458 -42.5858 0
    endloop
  endfacet
  facet normal 0.803208 -0.595699 0
    outer loop
      vertex -46.4944 -42.3333 1.3
      vertex -46.319 -42.0968 0
      vertex -46.319 -42.0968 1.3
    endloop
  endfacet
  facet normal 0.803208 -0.595699 0
    outer loop
      vertex -46.319 -42.0968 0
      vertex -46.4944 -42.3333 1.3
      vertex -46.4944 -42.3333 0
    endloop
  endfacet
  facet normal 0.337047 -0.941488 0
    outer loop
      vertex -45.148 -41.2284 0
      vertex -44.8709 -41.1292 1.3
      vertex -45.148 -41.2284 1.3
    endloop
  endfacet
  facet normal 0.337047 -0.941488 0
    outer loop
      vertex -44.8709 -41.1292 1.3
      vertex -45.148 -41.2284 0
      vertex -44.8709 -41.1292 0
    endloop
  endfacet
  facet normal 0.146746 -0.989174 0
    outer loop
      vertex -44.5853 -41.0576 0
      vertex -44.2941 -41.0144 1.3
      vertex -44.5853 -41.0576 1.3
    endloop
  endfacet
  facet normal 0.146746 -0.989174 0
    outer loop
      vertex -44.2941 -41.0144 1.3
      vertex -44.5853 -41.0576 0
      vertex -44.2941 -41.0144 0
    endloop
  endfacet
  facet normal 0.595699 -0.803208 0
    outer loop
      vertex -45.9032 -41.681 0
      vertex -45.6667 -41.5056 1.3
      vertex -45.9032 -41.681 1.3
    endloop
  endfacet
  facet normal 0.595699 -0.803208 0
    outer loop
      vertex -45.6667 -41.5056 1.3
      vertex -45.9032 -41.681 0
      vertex -45.6667 -41.5056 0
    endloop
  endfacet
  facet normal 0.671607 -0.740908 0
    outer loop
      vertex -46.1213 -41.8787 0
      vertex -45.9032 -41.681 1.3
      vertex -46.1213 -41.8787 1.3
    endloop
  endfacet
  facet normal 0.671607 -0.740908 0
    outer loop
      vertex -45.9032 -41.681 1.3
      vertex -46.1213 -41.8787 0
      vertex -45.9032 -41.681 0
    endloop
  endfacet
  facet normal -0.998803 -0.0489044 0
    outer loop
      vertex -41 -44 0
      vertex -41.0144 -43.7059 1.3
      vertex -41.0144 -43.7059 0
    endloop
  endfacet
  facet normal -0.998803 -0.0489044 0
    outer loop
      vertex -41.0144 -43.7059 1.3
      vertex -41 -44 0
      vertex -41 -44 1.3
    endloop
  endfacet
  facet normal -0.969982 0.243175 0
    outer loop
      vertex -41.1292 -44.8709 0
      vertex -41.0576 -44.5853 1.3
      vertex -41.0576 -44.5853 0
    endloop
  endfacet
  facet normal -0.969982 0.243175 0
    outer loop
      vertex -41.0576 -44.5853 1.3
      vertex -41.1292 -44.8709 0
      vertex -41.1292 -44.8709 1.3
    endloop
  endfacet
  facet normal -0.0489044 0.998803 0
    outer loop
      vertex -43.7059 -46.9856 0
      vertex -44 -47 1.3
      vertex -43.7059 -46.9856 1.3
    endloop
  endfacet
  facet normal -0.0489044 0.998803 0
    outer loop
      vertex -44 -47 1.3
      vertex -43.7059 -46.9856 0
      vertex -44 -47 0
    endloop
  endfacet
  facet normal -0.740908 0.671607 0
    outer loop
      vertex -41.8787 -46.1213 0
      vertex -41.681 -45.9032 1.3
      vertex -41.681 -45.9032 0
    endloop
  endfacet
  facet normal -0.740908 0.671607 0
    outer loop
      vertex -41.681 -45.9032 1.3
      vertex -41.8787 -46.1213 0
      vertex -41.8787 -46.1213 1.3
    endloop
  endfacet
  facet normal -0.243175 0.969982 0
    outer loop
      vertex -43.1291 -46.8708 0
      vertex -43.4147 -46.9424 1.3
      vertex -43.1291 -46.8708 1.3
    endloop
  endfacet
  facet normal -0.243175 0.969982 0
    outer loop
      vertex -43.4147 -46.9424 1.3
      vertex -43.1291 -46.8708 0
      vertex -43.4147 -46.9424 0
    endloop
  endfacet
  facet normal -0.671607 0.740908 0
    outer loop
      vertex -41.8787 -46.1213 0
      vertex -42.0968 -46.319 1.3
      vertex -41.8787 -46.1213 1.3
    endloop
  endfacet
  facet normal -0.671607 0.740908 0
    outer loop
      vertex -42.0968 -46.319 1.3
      vertex -41.8787 -46.1213 0
      vertex -42.0968 -46.319 0
    endloop
  endfacet
  facet normal -0.595699 0.803208 0
    outer loop
      vertex -42.0968 -46.319 0
      vertex -42.3333 -46.4944 1.3
      vertex -42.0968 -46.319 1.3
    endloop
  endfacet
  facet normal -0.595699 0.803208 0
    outer loop
      vertex -42.3333 -46.4944 1.3
      vertex -42.0968 -46.319 0
      vertex -42.3333 -46.4944 0
    endloop
  endfacet
  facet normal -0.427269 0.904125 0
    outer loop
      vertex -42.5858 -46.6458 0
      vertex -42.852 -46.7716 1.3
      vertex -42.5858 -46.6458 1.3
    endloop
  endfacet
  facet normal -0.427269 0.904125 0
    outer loop
      vertex -42.852 -46.7716 1.3
      vertex -42.5858 -46.6458 0
      vertex -42.852 -46.7716 0
    endloop
  endfacet
  facet normal 0.337047 0.941488 -0
    outer loop
      vertex -44.8709 -46.8708 0
      vertex -45.148 -46.7716 1.3
      vertex -44.8709 -46.8708 1.3
    endloop
  endfacet
  facet normal 0.337047 0.941488 0
    outer loop
      vertex -45.148 -46.7716 1.3
      vertex -44.8709 -46.8708 0
      vertex -45.148 -46.7716 0
    endloop
  endfacet
  facet normal 0.514246 0.857643 -0
    outer loop
      vertex -45.4142 -46.6458 0
      vertex -45.6667 -46.4944 1.3
      vertex -45.4142 -46.6458 1.3
    endloop
  endfacet
  facet normal 0.514246 0.857643 0
    outer loop
      vertex -45.6667 -46.4944 1.3
      vertex -45.4142 -46.6458 0
      vertex -45.6667 -46.4944 0
    endloop
  endfacet
  facet normal 0.969982 0.243175 0
    outer loop
      vertex -46.8708 -44.8709 1.3
      vertex -46.9424 -44.5853 0
      vertex -46.9424 -44.5853 1.3
    endloop
  endfacet
  facet normal 0.969982 0.243175 0
    outer loop
      vertex -46.9424 -44.5853 0
      vertex -46.8708 -44.8709 1.3
      vertex -46.8708 -44.8709 0
    endloop
  endfacet
  facet normal 0.998803 0.0489044 0
    outer loop
      vertex -46.9856 -44.2941 1.3
      vertex -47 -44 0
      vertex -47 -44 1.3
    endloop
  endfacet
  facet normal 0.998803 0.0489044 0
    outer loop
      vertex -47 -44 0
      vertex -46.9856 -44.2941 1.3
      vertex -46.9856 -44.2941 0
    endloop
  endfacet
  facet normal 0.803208 0.595699 0
    outer loop
      vertex -46.319 -45.9032 1.3
      vertex -46.4944 -45.6667 0
      vertex -46.4944 -45.6667 1.3
    endloop
  endfacet
  facet normal 0.803208 0.595699 0
    outer loop
      vertex -46.4944 -45.6667 0
      vertex -46.319 -45.9032 1.3
      vertex -46.319 -45.9032 0
    endloop
  endfacet
  facet normal 0.857643 0.514246 0
    outer loop
      vertex -46.4944 -45.6667 1.3
      vertex -46.6458 -45.4142 0
      vertex -46.6458 -45.4142 1.3
    endloop
  endfacet
  facet normal 0.857643 0.514246 0
    outer loop
      vertex -46.6458 -45.4142 0
      vertex -46.4944 -45.6667 1.3
      vertex -46.4944 -45.6667 0
    endloop
  endfacet
  facet normal 0.904125 0.427269 0
    outer loop
      vertex -46.6458 -45.4142 1.3
      vertex -46.7716 -45.148 0
      vertex -46.7716 -45.148 1.3
    endloop
  endfacet
  facet normal 0.904125 0.427269 0
    outer loop
      vertex -46.7716 -45.148 0
      vertex -46.6458 -45.4142 1.3
      vertex -46.6458 -45.4142 0
    endloop
  endfacet
  facet normal 0.740908 0.671607 0
    outer loop
      vertex -46.1213 -46.1213 1.3
      vertex -46.319 -45.9032 0
      vertex -46.319 -45.9032 1.3
    endloop
  endfacet
  facet normal 0.740908 0.671607 0
    outer loop
      vertex -46.319 -45.9032 0
      vertex -46.1213 -46.1213 1.3
      vertex -46.1213 -46.1213 0
    endloop
  endfacet
  facet normal -0.989174 0.146746 0
    outer loop
      vertex -41.0576 -44.5853 0
      vertex -41.0144 -44.2941 1.3
      vertex -41.0144 -44.2941 0
    endloop
  endfacet
  facet normal -0.989174 0.146746 0
    outer loop
      vertex -41.0144 -44.2941 1.3
      vertex -41.0576 -44.5853 0
      vertex -41.0576 -44.5853 1.3
    endloop
  endfacet
  facet normal -0.857643 0.514246 0
    outer loop
      vertex -41.5056 -45.6667 0
      vertex -41.3542 -45.4142 1.3
      vertex -41.3542 -45.4142 0
    endloop
  endfacet
  facet normal -0.857643 0.514246 0
    outer loop
      vertex -41.3542 -45.4142 1.3
      vertex -41.5056 -45.6667 0
      vertex -41.5056 -45.6667 1.3
    endloop
  endfacet
  facet normal -0.146746 0.989174 0
    outer loop
      vertex -43.4147 -46.9424 0
      vertex -43.7059 -46.9856 1.3
      vertex -43.4147 -46.9424 1.3
    endloop
  endfacet
  facet normal -0.146746 0.989174 0
    outer loop
      vertex -43.7059 -46.9856 1.3
      vertex -43.4147 -46.9424 0
      vertex -43.7059 -46.9856 0
    endloop
  endfacet
  facet normal -0.337047 0.941488 0
    outer loop
      vertex -42.852 -46.7716 0
      vertex -43.1291 -46.8708 1.3
      vertex -42.852 -46.7716 1.3
    endloop
  endfacet
  facet normal -0.337047 0.941488 0
    outer loop
      vertex -43.1291 -46.8708 1.3
      vertex -42.852 -46.7716 0
      vertex -43.1291 -46.8708 0
    endloop
  endfacet
  facet normal -0.514246 0.857643 0
    outer loop
      vertex -42.3333 -46.4944 0
      vertex -42.5858 -46.6458 1.3
      vertex -42.3333 -46.4944 1.3
    endloop
  endfacet
  facet normal -0.514246 0.857643 0
    outer loop
      vertex -42.5858 -46.6458 1.3
      vertex -42.3333 -46.4944 0
      vertex -42.5858 -46.6458 0
    endloop
  endfacet
  facet normal 0.0489044 0.998803 -0
    outer loop
      vertex -44 -47 0
      vertex -44.2941 -46.9856 1.3
      vertex -44 -47 1.3
    endloop
  endfacet
  facet normal 0.0489044 0.998803 0
    outer loop
      vertex -44.2941 -46.9856 1.3
      vertex -44 -47 0
      vertex -44.2941 -46.9856 0
    endloop
  endfacet
  facet normal 0.243175 0.969982 -0
    outer loop
      vertex -44.5853 -46.9424 0
      vertex -44.8709 -46.8708 1.3
      vertex -44.5853 -46.9424 1.3
    endloop
  endfacet
  facet normal 0.243175 0.969982 0
    outer loop
      vertex -44.8709 -46.8708 1.3
      vertex -44.5853 -46.9424 0
      vertex -44.8709 -46.8708 0
    endloop
  endfacet
  facet normal 0.595699 0.803208 -0
    outer loop
      vertex -45.6667 -46.4944 0
      vertex -45.9032 -46.319 1.3
      vertex -45.6667 -46.4944 1.3
    endloop
  endfacet
  facet normal 0.595699 0.803208 0
    outer loop
      vertex -45.9032 -46.319 1.3
      vertex -45.6667 -46.4944 0
      vertex -45.9032 -46.319 0
    endloop
  endfacet
  facet normal 0.941488 0.337047 0
    outer loop
      vertex -46.7716 -45.148 1.3
      vertex -46.8708 -44.8709 0
      vertex -46.8708 -44.8709 1.3
    endloop
  endfacet
  facet normal 0.941488 0.337047 0
    outer loop
      vertex -46.8708 -44.8709 0
      vertex -46.7716 -45.148 1.3
      vertex -46.7716 -45.148 0
    endloop
  endfacet
  facet normal 0.989174 0.146746 0
    outer loop
      vertex -46.9424 -44.5853 1.3
      vertex -46.9856 -44.2941 0
      vertex -46.9856 -44.2941 1.3
    endloop
  endfacet
  facet normal 0.989174 0.146746 0
    outer loop
      vertex -46.9856 -44.2941 0
      vertex -46.9424 -44.5853 1.3
      vertex -46.9424 -44.5853 0
    endloop
  endfacet
  facet normal -0.904125 0.427269 0
    outer loop
      vertex -41.3542 -45.4142 0
      vertex -41.2284 -45.148 1.3
      vertex -41.2284 -45.148 0
    endloop
  endfacet
  facet normal -0.904125 0.427269 0
    outer loop
      vertex -41.2284 -45.148 1.3
      vertex -41.3542 -45.4142 0
      vertex -41.3542 -45.4142 1.3
    endloop
  endfacet
  facet normal -0.803208 0.595699 0
    outer loop
      vertex -41.681 -45.9032 0
      vertex -41.5056 -45.6667 1.3
      vertex -41.5056 -45.6667 0
    endloop
  endfacet
  facet normal -0.803208 0.595699 0
    outer loop
      vertex -41.5056 -45.6667 1.3
      vertex -41.681 -45.9032 0
      vertex -41.681 -45.9032 1.3
    endloop
  endfacet
  facet normal -0.857679 -0.514186 0
    outer loop
      vertex -42.7212 44.6835 1.3
      vertex -42.7944 44.8056 3
      vertex -42.7944 44.8056 1.3
    endloop
  endfacet
  facet normal -0.857679 -0.514186 0
    outer loop
      vertex -42.7944 44.8056 3
      vertex -42.7212 44.6835 1.3
      vertex -42.7212 44.6835 3
    endloop
  endfacet
  facet normal -0.337226 -0.941424 0
    outer loop
      vertex -43.5791 45.3876 1.3
      vertex -43.4451 45.3396 3
      vertex -43.5791 45.3876 3
    endloop
  endfacet
  facet normal -0.337226 -0.941424 -0
    outer loop
      vertex -43.4451 45.3396 3
      vertex -43.5791 45.3876 1.3
      vertex -43.4451 45.3396 1.3
    endloop
  endfacet
  facet normal 0.427421 -0.904053 0
    outer loop
      vertex -44.6835 45.2788 1.3
      vertex -44.5549 45.3396 3
      vertex -44.6835 45.2788 3
    endloop
  endfacet
  facet normal 0.427421 -0.904053 0
    outer loop
      vertex -44.5549 45.3396 3
      vertex -44.6835 45.2788 1.3
      vertex -44.5549 45.3396 1.3
    endloop
  endfacet
  facet normal 0.941424 -0.337226 0
    outer loop
      vertex -45.3876 44.4209 3
      vertex -45.3396 44.5549 1.3
      vertex -45.3396 44.5549 3
    endloop
  endfacet
  facet normal 0.941424 -0.337226 0
    outer loop
      vertex -45.3396 44.5549 1.3
      vertex -45.3876 44.4209 3
      vertex -45.3876 44.4209 1.3
    endloop
  endfacet
  facet normal -0.998789 0.0492014 0
    outer loop
      vertex -42.557 43.8579 1.3
      vertex -42.55 44 3
      vertex -42.55 44 1.3
    endloop
  endfacet
  facet normal -0.998789 0.0492014 0
    outer loop
      vertex -42.55 44 3
      vertex -42.557 43.8579 1.3
      vertex -42.557 43.8579 3
    endloop
  endfacet
  facet normal -0.0492014 -0.998789 0
    outer loop
      vertex -44 45.45 1.3
      vertex -43.8579 45.443 3
      vertex -44 45.45 3
    endloop
  endfacet
  facet normal -0.0492014 -0.998789 -0
    outer loop
      vertex -43.8579 45.443 3
      vertex -44 45.45 1.3
      vertex -43.8579 45.443 1.3
    endloop
  endfacet
  facet normal -0.514186 -0.857679 0
    outer loop
      vertex -43.3165 45.2788 1.3
      vertex -43.1944 45.2056 3
      vertex -43.3165 45.2788 3
    endloop
  endfacet
  facet normal -0.514186 -0.857679 -0
    outer loop
      vertex -43.1944 45.2056 3
      vertex -43.3165 45.2788 1.3
      vertex -43.1944 45.2056 1.3
    endloop
  endfacet
  facet normal 0.998789 -0.0492014 0
    outer loop
      vertex -45.45 44 3
      vertex -45.443 44.1421 1.3
      vertex -45.443 44.1421 3
    endloop
  endfacet
  facet normal 0.998789 -0.0492014 0
    outer loop
      vertex -45.443 44.1421 1.3
      vertex -45.45 44 3
      vertex -45.45 44 1.3
    endloop
  endfacet
  facet normal 0.803445 -0.595379 0
    outer loop
      vertex -45.2056 44.8056 3
      vertex -45.1209 44.9199 1.3
      vertex -45.1209 44.9199 3
    endloop
  endfacet
  facet normal 0.803445 -0.595379 0
    outer loop
      vertex -45.1209 44.9199 1.3
      vertex -45.2056 44.8056 3
      vertex -45.2056 44.8056 1.3
    endloop
  endfacet
  facet normal 0.242536 -0.970143 0
    outer loop
      vertex -44.4209 45.3876 1.3
      vertex -44.2829 45.4221 3
      vertex -44.4209 45.3876 3
    endloop
  endfacet
  facet normal 0.242536 -0.970143 0
    outer loop
      vertex -44.2829 45.4221 3
      vertex -44.4209 45.3876 1.3
      vertex -44.2829 45.4221 1.3
    endloop
  endfacet
  facet normal -0.989162 -0.146829 0
    outer loop
      vertex -42.557 44.1421 1.3
      vertex -42.5779 44.2829 3
      vertex -42.5779 44.2829 1.3
    endloop
  endfacet
  facet normal -0.989162 -0.146829 0
    outer loop
      vertex -42.5779 44.2829 3
      vertex -42.557 44.1421 1.3
      vertex -42.557 44.1421 3
    endloop
  endfacet
  facet normal -0.803445 -0.595379 0
    outer loop
      vertex -42.7944 44.8056 1.3
      vertex -42.8791 44.9199 3
      vertex -42.8791 44.9199 1.3
    endloop
  endfacet
  facet normal -0.803445 -0.595379 0
    outer loop
      vertex -42.8791 44.9199 3
      vertex -42.7944 44.8056 1.3
      vertex -42.7944 44.8056 3
    endloop
  endfacet
  facet normal -0.671833 -0.740703 0
    outer loop
      vertex -43.0801 45.1209 1.3
      vertex -42.9747 45.0253 3
      vertex -43.0801 45.1209 3
    endloop
  endfacet
  facet normal -0.671833 -0.740703 -0
    outer loop
      vertex -42.9747 45.0253 3
      vertex -43.0801 45.1209 1.3
      vertex -42.9747 45.0253 1.3
    endloop
  endfacet
  facet normal -0.740703 -0.671833 0
    outer loop
      vertex -42.8791 44.9199 1.3
      vertex -42.9747 45.0253 3
      vertex -42.9747 45.0253 1.3
    endloop
  endfacet
  facet normal -0.740703 -0.671833 0
    outer loop
      vertex -42.9747 45.0253 3
      vertex -42.8791 44.9199 1.3
      vertex -42.8791 44.9199 3
    endloop
  endfacet
  facet normal 0.0492014 -0.998789 0
    outer loop
      vertex -44.1421 45.443 1.3
      vertex -44 45.45 3
      vertex -44.1421 45.443 3
    endloop
  endfacet
  facet normal 0.0492014 -0.998789 0
    outer loop
      vertex -44 45.45 3
      vertex -44.1421 45.443 1.3
      vertex -44 45.45 1.3
    endloop
  endfacet
  facet normal -0.242536 -0.970143 0
    outer loop
      vertex -43.7171 45.4221 1.3
      vertex -43.5791 45.3876 3
      vertex -43.7171 45.4221 3
    endloop
  endfacet
  facet normal -0.242536 -0.970143 -0
    outer loop
      vertex -43.5791 45.3876 3
      vertex -43.7171 45.4221 1.3
      vertex -43.5791 45.3876 1.3
    endloop
  endfacet
  facet normal -0.146829 -0.989162 0
    outer loop
      vertex -43.8579 45.443 1.3
      vertex -43.7171 45.4221 3
      vertex -43.8579 45.443 3
    endloop
  endfacet
  facet normal -0.146829 -0.989162 -0
    outer loop
      vertex -43.7171 45.4221 3
      vertex -43.8579 45.443 1.3
      vertex -43.7171 45.4221 1.3
    endloop
  endfacet
  facet normal -0.427421 -0.904053 0
    outer loop
      vertex -43.4451 45.3396 1.3
      vertex -43.3165 45.2788 3
      vertex -43.4451 45.3396 3
    endloop
  endfacet
  facet normal -0.427421 -0.904053 -0
    outer loop
      vertex -43.3165 45.2788 3
      vertex -43.4451 45.3396 1.3
      vertex -43.3165 45.2788 1.3
    endloop
  endfacet
  facet normal -0.595379 -0.803445 0
    outer loop
      vertex -43.1944 45.2056 1.3
      vertex -43.0801 45.1209 3
      vertex -43.1944 45.2056 3
    endloop
  endfacet
  facet normal -0.595379 -0.803445 -0
    outer loop
      vertex -43.0801 45.1209 3
      vertex -43.1944 45.2056 1.3
      vertex -43.0801 45.1209 1.3
    endloop
  endfacet
  facet normal 0.970143 -0.242536 0
    outer loop
      vertex -45.4221 44.2829 3
      vertex -45.3876 44.4209 1.3
      vertex -45.3876 44.4209 3
    endloop
  endfacet
  facet normal 0.970143 -0.242536 0
    outer loop
      vertex -45.3876 44.4209 1.3
      vertex -45.4221 44.2829 3
      vertex -45.4221 44.2829 1.3
    endloop
  endfacet
  facet normal 0.989162 -0.146829 0
    outer loop
      vertex -45.443 44.1421 3
      vertex -45.4221 44.2829 1.3
      vertex -45.4221 44.2829 3
    endloop
  endfacet
  facet normal 0.989162 -0.146829 0
    outer loop
      vertex -45.4221 44.2829 1.3
      vertex -45.443 44.1421 3
      vertex -45.443 44.1421 1.3
    endloop
  endfacet
  facet normal 0.904053 -0.427421 0
    outer loop
      vertex -45.3396 44.5549 3
      vertex -45.2788 44.6835 1.3
      vertex -45.2788 44.6835 3
    endloop
  endfacet
  facet normal 0.904053 -0.427421 0
    outer loop
      vertex -45.2788 44.6835 1.3
      vertex -45.3396 44.5549 3
      vertex -45.3396 44.5549 1.3
    endloop
  endfacet
  facet normal 0.857679 -0.514186 0
    outer loop
      vertex -45.2788 44.6835 3
      vertex -45.2056 44.8056 1.3
      vertex -45.2056 44.8056 3
    endloop
  endfacet
  facet normal 0.857679 -0.514186 0
    outer loop
      vertex -45.2056 44.8056 1.3
      vertex -45.2788 44.6835 3
      vertex -45.2788 44.6835 1.3
    endloop
  endfacet
  facet normal 0.337226 -0.941424 0
    outer loop
      vertex -44.5549 45.3396 1.3
      vertex -44.4209 45.3876 3
      vertex -44.5549 45.3396 3
    endloop
  endfacet
  facet normal 0.337226 -0.941424 0
    outer loop
      vertex -44.4209 45.3876 3
      vertex -44.5549 45.3396 1.3
      vertex -44.4209 45.3876 1.3
    endloop
  endfacet
  facet normal 0.146829 -0.989162 0
    outer loop
      vertex -44.2829 45.4221 1.3
      vertex -44.1421 45.443 3
      vertex -44.2829 45.4221 3
    endloop
  endfacet
  facet normal 0.146829 -0.989162 0
    outer loop
      vertex -44.1421 45.443 3
      vertex -44.2829 45.4221 1.3
      vertex -44.1421 45.443 1.3
    endloop
  endfacet
  facet normal 0.595379 -0.803445 0
    outer loop
      vertex -44.9199 45.1209 1.3
      vertex -44.8056 45.2056 3
      vertex -44.9199 45.1209 3
    endloop
  endfacet
  facet normal 0.595379 -0.803445 0
    outer loop
      vertex -44.8056 45.2056 3
      vertex -44.9199 45.1209 1.3
      vertex -44.8056 45.2056 1.3
    endloop
  endfacet
  facet normal 0.671833 -0.740703 0
    outer loop
      vertex -45.0253 45.0253 1.3
      vertex -44.9199 45.1209 3
      vertex -45.0253 45.0253 3
    endloop
  endfacet
  facet normal 0.671833 -0.740703 0
    outer loop
      vertex -44.9199 45.1209 3
      vertex -45.0253 45.0253 1.3
      vertex -44.9199 45.1209 1.3
    endloop
  endfacet
  facet normal 0.514186 -0.857679 0
    outer loop
      vertex -44.8056 45.2056 1.3
      vertex -44.6835 45.2788 3
      vertex -44.8056 45.2056 3
    endloop
  endfacet
  facet normal 0.514186 -0.857679 0
    outer loop
      vertex -44.6835 45.2788 3
      vertex -44.8056 45.2056 1.3
      vertex -44.6835 45.2788 1.3
    endloop
  endfacet
  facet normal 0.740703 -0.671833 0
    outer loop
      vertex -45.1209 44.9199 3
      vertex -45.0253 45.0253 1.3
      vertex -45.0253 45.0253 3
    endloop
  endfacet
  facet normal 0.740703 -0.671833 0
    outer loop
      vertex -45.0253 45.0253 1.3
      vertex -45.1209 44.9199 3
      vertex -45.1209 44.9199 1.3
    endloop
  endfacet
  facet normal -0.998789 -0.0492014 0
    outer loop
      vertex -42.55 44 1.3
      vertex -42.557 44.1421 3
      vertex -42.557 44.1421 1.3
    endloop
  endfacet
  facet normal -0.998789 -0.0492014 0
    outer loop
      vertex -42.557 44.1421 3
      vertex -42.55 44 1.3
      vertex -42.55 44 3
    endloop
  endfacet
  facet normal -0.970143 0.242536 0
    outer loop
      vertex -42.6124 43.5791 1.3
      vertex -42.5779 43.7171 3
      vertex -42.5779 43.7171 1.3
    endloop
  endfacet
  facet normal -0.970143 0.242536 0
    outer loop
      vertex -42.5779 43.7171 3
      vertex -42.6124 43.5791 1.3
      vertex -42.6124 43.5791 3
    endloop
  endfacet
  facet normal 0.857679 0.514186 0
    outer loop
      vertex -45.2056 43.1944 3
      vertex -45.2788 43.3165 1.3
      vertex -45.2788 43.3165 3
    endloop
  endfacet
  facet normal 0.857679 0.514186 0
    outer loop
      vertex -45.2788 43.3165 1.3
      vertex -45.2056 43.1944 3
      vertex -45.2056 43.1944 1.3
    endloop
  endfacet
  facet normal -0.146829 0.989162 0
    outer loop
      vertex -43.7171 42.5779 1.3
      vertex -43.8579 42.557 3
      vertex -43.7171 42.5779 3
    endloop
  endfacet
  facet normal -0.146829 0.989162 0
    outer loop
      vertex -43.8579 42.557 3
      vertex -43.7171 42.5779 1.3
      vertex -43.8579 42.557 1.3
    endloop
  endfacet
  facet normal -0.904053 -0.427421 0
    outer loop
      vertex -42.6604 44.5549 1.3
      vertex -42.7212 44.6835 3
      vertex -42.7212 44.6835 1.3
    endloop
  endfacet
  facet normal -0.904053 -0.427421 0
    outer loop
      vertex -42.7212 44.6835 3
      vertex -42.6604 44.5549 1.3
      vertex -42.6604 44.5549 3
    endloop
  endfacet
  facet normal -0.941424 -0.337226 0
    outer loop
      vertex -42.6124 44.4209 1.3
      vertex -42.6604 44.5549 3
      vertex -42.6604 44.5549 1.3
    endloop
  endfacet
  facet normal -0.941424 -0.337226 0
    outer loop
      vertex -42.6604 44.5549 3
      vertex -42.6124 44.4209 1.3
      vertex -42.6124 44.4209 3
    endloop
  endfacet
  facet normal -0.970143 -0.242536 0
    outer loop
      vertex -42.5779 44.2829 1.3
      vertex -42.6124 44.4209 3
      vertex -42.6124 44.4209 1.3
    endloop
  endfacet
  facet normal -0.970143 -0.242536 0
    outer loop
      vertex -42.6124 44.4209 3
      vertex -42.5779 44.2829 1.3
      vertex -42.5779 44.2829 3
    endloop
  endfacet
  facet normal 0.998789 0.0492014 0
    outer loop
      vertex -45.443 43.8579 3
      vertex -45.45 44 1.3
      vertex -45.45 44 3
    endloop
  endfacet
  facet normal 0.998789 0.0492014 0
    outer loop
      vertex -45.45 44 1.3
      vertex -45.443 43.8579 3
      vertex -45.443 43.8579 1.3
    endloop
  endfacet
  facet normal -0.803445 0.595379 0
    outer loop
      vertex -42.8791 43.0801 1.3
      vertex -42.7944 43.1944 3
      vertex -42.7944 43.1944 1.3
    endloop
  endfacet
  facet normal -0.803445 0.595379 0
    outer loop
      vertex -42.7944 43.1944 3
      vertex -42.8791 43.0801 1.3
      vertex -42.8791 43.0801 3
    endloop
  endfacet
  facet normal -0.904053 0.427421 0
    outer loop
      vertex -42.7212 43.3165 1.3
      vertex -42.6604 43.4451 3
      vertex -42.6604 43.4451 1.3
    endloop
  endfacet
  facet normal -0.904053 0.427421 0
    outer loop
      vertex -42.6604 43.4451 3
      vertex -42.7212 43.3165 1.3
      vertex -42.7212 43.3165 3
    endloop
  endfacet
  facet normal 0.146829 0.989162 -0
    outer loop
      vertex -44.1421 42.557 1.3
      vertex -44.2829 42.5779 3
      vertex -44.1421 42.557 3
    endloop
  endfacet
  facet normal 0.146829 0.989162 0
    outer loop
      vertex -44.2829 42.5779 3
      vertex -44.1421 42.557 1.3
      vertex -44.2829 42.5779 1.3
    endloop
  endfacet
  facet normal 0.989162 0.146829 0
    outer loop
      vertex -45.4221 43.7171 3
      vertex -45.443 43.8579 1.3
      vertex -45.443 43.8579 3
    endloop
  endfacet
  facet normal 0.989162 0.146829 0
    outer loop
      vertex -45.443 43.8579 1.3
      vertex -45.4221 43.7171 3
      vertex -45.4221 43.7171 1.3
    endloop
  endfacet
  facet normal 0.941424 0.337226 0
    outer loop
      vertex -45.3396 43.4451 3
      vertex -45.3876 43.5791 1.3
      vertex -45.3876 43.5791 3
    endloop
  endfacet
  facet normal 0.941424 0.337226 0
    outer loop
      vertex -45.3876 43.5791 1.3
      vertex -45.3396 43.4451 3
      vertex -45.3396 43.4451 1.3
    endloop
  endfacet
  facet normal -0.337226 0.941424 0
    outer loop
      vertex -43.4451 42.6604 1.3
      vertex -43.5791 42.6124 3
      vertex -43.4451 42.6604 3
    endloop
  endfacet
  facet normal -0.337226 0.941424 0
    outer loop
      vertex -43.5791 42.6124 3
      vertex -43.4451 42.6604 1.3
      vertex -43.5791 42.6124 1.3
    endloop
  endfacet
  facet normal -0.242536 0.970143 0
    outer loop
      vertex -43.5791 42.6124 1.3
      vertex -43.7171 42.5779 3
      vertex -43.5791 42.6124 3
    endloop
  endfacet
  facet normal -0.242536 0.970143 0
    outer loop
      vertex -43.7171 42.5779 3
      vertex -43.5791 42.6124 1.3
      vertex -43.7171 42.5779 1.3
    endloop
  endfacet
  facet normal -0.989162 0.146829 0
    outer loop
      vertex -42.5779 43.7171 1.3
      vertex -42.557 43.8579 3
      vertex -42.557 43.8579 1.3
    endloop
  endfacet
  facet normal -0.989162 0.146829 0
    outer loop
      vertex -42.557 43.8579 3
      vertex -42.5779 43.7171 1.3
      vertex -42.5779 43.7171 3
    endloop
  endfacet
  facet normal -0.671833 0.740703 0
    outer loop
      vertex -42.9747 42.9747 1.3
      vertex -43.0801 42.8791 3
      vertex -42.9747 42.9747 3
    endloop
  endfacet
  facet normal -0.671833 0.740703 0
    outer loop
      vertex -43.0801 42.8791 3
      vertex -42.9747 42.9747 1.3
      vertex -43.0801 42.8791 1.3
    endloop
  endfacet
  facet normal -0.941424 0.337226 0
    outer loop
      vertex -42.6604 43.4451 1.3
      vertex -42.6124 43.5791 3
      vertex -42.6124 43.5791 1.3
    endloop
  endfacet
  facet normal -0.941424 0.337226 0
    outer loop
      vertex -42.6124 43.5791 3
      vertex -42.6604 43.4451 1.3
      vertex -42.6604 43.4451 3
    endloop
  endfacet
  facet normal -0.857679 0.514186 0
    outer loop
      vertex -42.7944 43.1944 1.3
      vertex -42.7212 43.3165 3
      vertex -42.7212 43.3165 1.3
    endloop
  endfacet
  facet normal -0.857679 0.514186 0
    outer loop
      vertex -42.7212 43.3165 3
      vertex -42.7944 43.1944 1.3
      vertex -42.7944 43.1944 3
    endloop
  endfacet
  facet normal 0.427421 0.904053 -0
    outer loop
      vertex -44.5549 42.6604 1.3
      vertex -44.6835 42.7212 3
      vertex -44.5549 42.6604 3
    endloop
  endfacet
  facet normal 0.427421 0.904053 0
    outer loop
      vertex -44.6835 42.7212 3
      vertex -44.5549 42.6604 1.3
      vertex -44.6835 42.7212 1.3
    endloop
  endfacet
  facet normal 0.0492014 0.998789 -0
    outer loop
      vertex -44 42.55 1.3
      vertex -44.1421 42.557 3
      vertex -44 42.55 3
    endloop
  endfacet
  facet normal 0.0492014 0.998789 0
    outer loop
      vertex -44.1421 42.557 3
      vertex -44 42.55 1.3
      vertex -44.1421 42.557 1.3
    endloop
  endfacet
  facet normal -0.0492014 0.998789 0
    outer loop
      vertex -43.8579 42.557 1.3
      vertex -44 42.55 3
      vertex -43.8579 42.557 3
    endloop
  endfacet
  facet normal -0.0492014 0.998789 0
    outer loop
      vertex -44 42.55 3
      vertex -43.8579 42.557 1.3
      vertex -44 42.55 1.3
    endloop
  endfacet
  facet normal 0.740703 0.671833 0
    outer loop
      vertex -45.0253 42.9747 3
      vertex -45.1209 43.0801 1.3
      vertex -45.1209 43.0801 3
    endloop
  endfacet
  facet normal 0.740703 0.671833 0
    outer loop
      vertex -45.1209 43.0801 1.3
      vertex -45.0253 42.9747 3
      vertex -45.0253 42.9747 1.3
    endloop
  endfacet
  facet normal 0.671833 0.740703 -0
    outer loop
      vertex -44.9199 42.8791 1.3
      vertex -45.0253 42.9747 3
      vertex -44.9199 42.8791 3
    endloop
  endfacet
  facet normal 0.671833 0.740703 0
    outer loop
      vertex -45.0253 42.9747 3
      vertex -44.9199 42.8791 1.3
      vertex -45.0253 42.9747 1.3
    endloop
  endfacet
  facet normal 0.970143 0.242536 0
    outer loop
      vertex -45.3876 43.5791 3
      vertex -45.4221 43.7171 1.3
      vertex -45.4221 43.7171 3
    endloop
  endfacet
  facet normal 0.970143 0.242536 0
    outer loop
      vertex -45.4221 43.7171 1.3
      vertex -45.3876 43.5791 3
      vertex -45.3876 43.5791 1.3
    endloop
  endfacet
  facet normal 0.904053 0.427421 0
    outer loop
      vertex -45.2788 43.3165 3
      vertex -45.3396 43.4451 1.3
      vertex -45.3396 43.4451 3
    endloop
  endfacet
  facet normal 0.904053 0.427421 0
    outer loop
      vertex -45.3396 43.4451 1.3
      vertex -45.2788 43.3165 3
      vertex -45.2788 43.3165 1.3
    endloop
  endfacet
  facet normal -0.427421 0.904053 0
    outer loop
      vertex -43.3165 42.7212 1.3
      vertex -43.4451 42.6604 3
      vertex -43.3165 42.7212 3
    endloop
  endfacet
  facet normal -0.427421 0.904053 0
    outer loop
      vertex -43.4451 42.6604 3
      vertex -43.3165 42.7212 1.3
      vertex -43.4451 42.6604 1.3
    endloop
  endfacet
  facet normal -0.740703 0.671833 0
    outer loop
      vertex -42.9747 42.9747 1.3
      vertex -42.8791 43.0801 3
      vertex -42.8791 43.0801 1.3
    endloop
  endfacet
  facet normal -0.740703 0.671833 0
    outer loop
      vertex -42.8791 43.0801 3
      vertex -42.9747 42.9747 1.3
      vertex -42.9747 42.9747 3
    endloop
  endfacet
  facet normal -0.595379 0.803445 0
    outer loop
      vertex -43.0801 42.8791 1.3
      vertex -43.1944 42.7944 3
      vertex -43.0801 42.8791 3
    endloop
  endfacet
  facet normal -0.595379 0.803445 0
    outer loop
      vertex -43.1944 42.7944 3
      vertex -43.0801 42.8791 1.3
      vertex -43.1944 42.7944 1.3
    endloop
  endfacet
  facet normal -0.514186 0.857679 0
    outer loop
      vertex -43.1944 42.7944 1.3
      vertex -43.3165 42.7212 3
      vertex -43.1944 42.7944 3
    endloop
  endfacet
  facet normal -0.514186 0.857679 0
    outer loop
      vertex -43.3165 42.7212 3
      vertex -43.1944 42.7944 1.3
      vertex -43.3165 42.7212 1.3
    endloop
  endfacet
  facet normal 0.242536 0.970143 -0
    outer loop
      vertex -44.2829 42.5779 1.3
      vertex -44.4209 42.6124 3
      vertex -44.2829 42.5779 3
    endloop
  endfacet
  facet normal 0.242536 0.970143 0
    outer loop
      vertex -44.4209 42.6124 3
      vertex -44.2829 42.5779 1.3
      vertex -44.4209 42.6124 1.3
    endloop
  endfacet
  facet normal 0.803445 0.595379 0
    outer loop
      vertex -45.1209 43.0801 3
      vertex -45.2056 43.1944 1.3
      vertex -45.2056 43.1944 3
    endloop
  endfacet
  facet normal 0.803445 0.595379 0
    outer loop
      vertex -45.2056 43.1944 1.3
      vertex -45.1209 43.0801 3
      vertex -45.1209 43.0801 1.3
    endloop
  endfacet
  facet normal 0.514186 0.857679 -0
    outer loop
      vertex -44.6835 42.7212 1.3
      vertex -44.8056 42.7944 3
      vertex -44.6835 42.7212 3
    endloop
  endfacet
  facet normal 0.514186 0.857679 0
    outer loop
      vertex -44.8056 42.7944 3
      vertex -44.6835 42.7212 1.3
      vertex -44.8056 42.7944 1.3
    endloop
  endfacet
  facet normal 0.595379 0.803445 -0
    outer loop
      vertex -44.8056 42.7944 1.3
      vertex -44.9199 42.8791 3
      vertex -44.8056 42.7944 3
    endloop
  endfacet
  facet normal 0.595379 0.803445 0
    outer loop
      vertex -44.9199 42.8791 3
      vertex -44.8056 42.7944 1.3
      vertex -44.9199 42.8791 1.3
    endloop
  endfacet
  facet normal 0.337226 0.941424 -0
    outer loop
      vertex -44.4209 42.6124 1.3
      vertex -44.5549 42.6604 3
      vertex -44.4209 42.6124 3
    endloop
  endfacet
  facet normal 0.337226 0.941424 0
    outer loop
      vertex -44.5549 42.6604 3
      vertex -44.4209 42.6124 1.3
      vertex -44.5549 42.6604 1.3
    endloop
  endfacet
  facet normal -0.998803 -0.0489044 0
    outer loop
      vertex -41 44 0
      vertex -41.0144 44.2941 1.3
      vertex -41.0144 44.2941 0
    endloop
  endfacet
  facet normal -0.998803 -0.0489044 0
    outer loop
      vertex -41.0144 44.2941 1.3
      vertex -41 44 0
      vertex -41 44 1.3
    endloop
  endfacet
  facet normal 0.998803 -0.0489044 0
    outer loop
      vertex -47 44 1.3
      vertex -46.9856 44.2941 0
      vertex -46.9856 44.2941 1.3
    endloop
  endfacet
  facet normal 0.998803 -0.0489044 0
    outer loop
      vertex -46.9856 44.2941 0
      vertex -47 44 1.3
      vertex -47 44 0
    endloop
  endfacet
  facet normal -0.0489044 -0.998803 0
    outer loop
      vertex -44 47 0
      vertex -43.7059 46.9856 1.3
      vertex -44 47 1.3
    endloop
  endfacet
  facet normal -0.0489044 -0.998803 -0
    outer loop
      vertex -43.7059 46.9856 1.3
      vertex -44 47 0
      vertex -43.7059 46.9856 0
    endloop
  endfacet
  facet normal -0.740908 -0.671607 0
    outer loop
      vertex -41.681 45.9032 0
      vertex -41.8787 46.1213 1.3
      vertex -41.8787 46.1213 0
    endloop
  endfacet
  facet normal -0.740908 -0.671607 0
    outer loop
      vertex -41.8787 46.1213 1.3
      vertex -41.681 45.9032 0
      vertex -41.681 45.9032 1.3
    endloop
  endfacet
  facet normal 0.671607 -0.740908 0
    outer loop
      vertex -46.1213 46.1213 0
      vertex -45.9032 46.319 1.3
      vertex -46.1213 46.1213 1.3
    endloop
  endfacet
  facet normal 0.671607 -0.740908 0
    outer loop
      vertex -45.9032 46.319 1.3
      vertex -46.1213 46.1213 0
      vertex -45.9032 46.319 0
    endloop
  endfacet
  facet normal 0.337047 -0.941488 0
    outer loop
      vertex -45.148 46.7716 0
      vertex -44.8709 46.8708 1.3
      vertex -45.148 46.7716 1.3
    endloop
  endfacet
  facet normal 0.337047 -0.941488 0
    outer loop
      vertex -44.8709 46.8708 1.3
      vertex -45.148 46.7716 0
      vertex -44.8709 46.8708 0
    endloop
  endfacet
  facet normal -0.803208 0.595699 0
    outer loop
      vertex -41.681 42.0968 0
      vertex -41.5056 42.3333 1.3
      vertex -41.5056 42.3333 0
    endloop
  endfacet
  facet normal -0.803208 0.595699 0
    outer loop
      vertex -41.5056 42.3333 1.3
      vertex -41.681 42.0968 0
      vertex -41.681 42.0968 1.3
    endloop
  endfacet
  facet normal -0.904125 -0.427269 0
    outer loop
      vertex -41.2284 45.148 0
      vertex -41.3542 45.4142 1.3
      vertex -41.3542 45.4142 0
    endloop
  endfacet
  facet normal -0.904125 -0.427269 0
    outer loop
      vertex -41.3542 45.4142 1.3
      vertex -41.2284 45.148 0
      vertex -41.2284 45.148 1.3
    endloop
  endfacet
  facet normal -0.857643 -0.514246 0
    outer loop
      vertex -41.3542 45.4142 0
      vertex -41.5056 45.6667 1.3
      vertex -41.5056 45.6667 0
    endloop
  endfacet
  facet normal -0.857643 -0.514246 0
    outer loop
      vertex -41.5056 45.6667 1.3
      vertex -41.3542 45.4142 0
      vertex -41.3542 45.4142 1.3
    endloop
  endfacet
  facet normal -0.427269 -0.904125 0
    outer loop
      vertex -42.852 46.7716 0
      vertex -42.5858 46.6458 1.3
      vertex -42.852 46.7716 1.3
    endloop
  endfacet
  facet normal -0.427269 -0.904125 -0
    outer loop
      vertex -42.5858 46.6458 1.3
      vertex -42.852 46.7716 0
      vertex -42.5858 46.6458 0
    endloop
  endfacet
  facet normal -0.595699 -0.803208 0
    outer loop
      vertex -42.3333 46.4944 0
      vertex -42.0968 46.319 1.3
      vertex -42.3333 46.4944 1.3
    endloop
  endfacet
  facet normal -0.595699 -0.803208 -0
    outer loop
      vertex -42.0968 46.319 1.3
      vertex -42.3333 46.4944 0
      vertex -42.0968 46.319 0
    endloop
  endfacet
  facet normal 0.904125 -0.427269 0
    outer loop
      vertex -46.7716 45.148 1.3
      vertex -46.6458 45.4142 0
      vertex -46.6458 45.4142 1.3
    endloop
  endfacet
  facet normal 0.904125 -0.427269 0
    outer loop
      vertex -46.6458 45.4142 0
      vertex -46.7716 45.148 1.3
      vertex -46.7716 45.148 0
    endloop
  endfacet
  facet normal 0.146746 -0.989174 0
    outer loop
      vertex -44.5853 46.9424 0
      vertex -44.2941 46.9856 1.3
      vertex -44.5853 46.9424 1.3
    endloop
  endfacet
  facet normal 0.146746 -0.989174 0
    outer loop
      vertex -44.2941 46.9856 1.3
      vertex -44.5853 46.9424 0
      vertex -44.2941 46.9856 0
    endloop
  endfacet
  facet normal -0.969982 0.243175 0
    outer loop
      vertex -41.1292 43.1291 0
      vertex -41.0576 43.4147 1.3
      vertex -41.0576 43.4147 0
    endloop
  endfacet
  facet normal -0.969982 0.243175 0
    outer loop
      vertex -41.0576 43.4147 1.3
      vertex -41.1292 43.1291 0
      vertex -41.1292 43.1291 1.3
    endloop
  endfacet
  facet normal -0.427269 0.904125 0
    outer loop
      vertex -42.5858 41.3542 0
      vertex -42.852 41.2284 1.3
      vertex -42.5858 41.3542 1.3
    endloop
  endfacet
  facet normal -0.427269 0.904125 0
    outer loop
      vertex -42.852 41.2284 1.3
      vertex -42.5858 41.3542 0
      vertex -42.852 41.2284 0
    endloop
  endfacet
  facet normal -0.969982 -0.243175 0
    outer loop
      vertex -41.0576 44.5853 0
      vertex -41.1292 44.8709 1.3
      vertex -41.1292 44.8709 0
    endloop
  endfacet
  facet normal -0.969982 -0.243175 0
    outer loop
      vertex -41.1292 44.8709 1.3
      vertex -41.0576 44.5853 0
      vertex -41.0576 44.5853 1.3
    endloop
  endfacet
  facet normal -0.989174 -0.146746 0
    outer loop
      vertex -41.0144 44.2941 0
      vertex -41.0576 44.5853 1.3
      vertex -41.0576 44.5853 0
    endloop
  endfacet
  facet normal -0.989174 -0.146746 0
    outer loop
      vertex -41.0576 44.5853 1.3
      vertex -41.0144 44.2941 0
      vertex -41.0144 44.2941 1.3
    endloop
  endfacet
  facet normal -0.941488 -0.337047 0
    outer loop
      vertex -41.1292 44.8709 0
      vertex -41.2284 45.148 1.3
      vertex -41.2284 45.148 0
    endloop
  endfacet
  facet normal -0.941488 -0.337047 0
    outer loop
      vertex -41.2284 45.148 1.3
      vertex -41.1292 44.8709 0
      vertex -41.1292 44.8709 1.3
    endloop
  endfacet
  facet normal -0.803208 -0.595699 0
    outer loop
      vertex -41.5056 45.6667 0
      vertex -41.681 45.9032 1.3
      vertex -41.681 45.9032 0
    endloop
  endfacet
  facet normal -0.803208 -0.595699 0
    outer loop
      vertex -41.681 45.9032 1.3
      vertex -41.5056 45.6667 0
      vertex -41.5056 45.6667 1.3
    endloop
  endfacet
  facet normal -0.243175 -0.969982 0
    outer loop
      vertex -43.4147 46.9424 0
      vertex -43.1291 46.8708 1.3
      vertex -43.4147 46.9424 1.3
    endloop
  endfacet
  facet normal -0.243175 -0.969982 -0
    outer loop
      vertex -43.1291 46.8708 1.3
      vertex -43.4147 46.9424 0
      vertex -43.1291 46.8708 0
    endloop
  endfacet
  facet normal -0.337047 -0.941488 0
    outer loop
      vertex -43.1291 46.8708 0
      vertex -42.852 46.7716 1.3
      vertex -43.1291 46.8708 1.3
    endloop
  endfacet
  facet normal -0.337047 -0.941488 -0
    outer loop
      vertex -42.852 46.7716 1.3
      vertex -43.1291 46.8708 0
      vertex -42.852 46.7716 0
    endloop
  endfacet
  facet normal -0.146746 -0.989174 0
    outer loop
      vertex -43.7059 46.9856 0
      vertex -43.4147 46.9424 1.3
      vertex -43.7059 46.9856 1.3
    endloop
  endfacet
  facet normal -0.146746 -0.989174 -0
    outer loop
      vertex -43.4147 46.9424 1.3
      vertex -43.7059 46.9856 0
      vertex -43.4147 46.9424 0
    endloop
  endfacet
  facet normal -0.514246 -0.857643 0
    outer loop
      vertex -42.5858 46.6458 0
      vertex -42.3333 46.4944 1.3
      vertex -42.5858 46.6458 1.3
    endloop
  endfacet
  facet normal -0.514246 -0.857643 -0
    outer loop
      vertex -42.3333 46.4944 1.3
      vertex -42.5858 46.6458 0
      vertex -42.3333 46.4944 0
    endloop
  endfacet
  facet normal -0.671607 -0.740908 0
    outer loop
      vertex -42.0968 46.319 0
      vertex -41.8787 46.1213 1.3
      vertex -42.0968 46.319 1.3
    endloop
  endfacet
  facet normal -0.671607 -0.740908 -0
    outer loop
      vertex -41.8787 46.1213 1.3
      vertex -42.0968 46.319 0
      vertex -41.8787 46.1213 0
    endloop
  endfacet
  facet normal 0.969982 -0.243175 0
    outer loop
      vertex -46.9424 44.5853 1.3
      vertex -46.8708 44.8709 0
      vertex -46.8708 44.8709 1.3
    endloop
  endfacet
  facet normal 0.969982 -0.243175 0
    outer loop
      vertex -46.8708 44.8709 0
      vertex -46.9424 44.5853 1.3
      vertex -46.9424 44.5853 0
    endloop
  endfacet
  facet normal 0.803208 -0.595699 0
    outer loop
      vertex -46.4944 45.6667 1.3
      vertex -46.319 45.9032 0
      vertex -46.319 45.9032 1.3
    endloop
  endfacet
  facet normal 0.803208 -0.595699 0
    outer loop
      vertex -46.319 45.9032 0
      vertex -46.4944 45.6667 1.3
      vertex -46.4944 45.6667 0
    endloop
  endfacet
  facet normal 0.740908 -0.671607 0
    outer loop
      vertex -46.319 45.9032 1.3
      vertex -46.1213 46.1213 0
      vertex -46.1213 46.1213 1.3
    endloop
  endfacet
  facet normal 0.740908 -0.671607 0
    outer loop
      vertex -46.1213 46.1213 0
      vertex -46.319 45.9032 1.3
      vertex -46.319 45.9032 0
    endloop
  endfacet
  facet normal 0.857643 -0.514246 0
    outer loop
      vertex -46.6458 45.4142 1.3
      vertex -46.4944 45.6667 0
      vertex -46.4944 45.6667 1.3
    endloop
  endfacet
  facet normal 0.857643 -0.514246 0
    outer loop
      vertex -46.4944 45.6667 0
      vertex -46.6458 45.4142 1.3
      vertex -46.6458 45.4142 0
    endloop
  endfacet
  facet normal 0.941488 -0.337047 0
    outer loop
      vertex -46.8708 44.8709 1.3
      vertex -46.7716 45.148 0
      vertex -46.7716 45.148 1.3
    endloop
  endfacet
  facet normal 0.941488 -0.337047 0
    outer loop
      vertex -46.7716 45.148 0
      vertex -46.8708 44.8709 1.3
      vertex -46.8708 44.8709 0
    endloop
  endfacet
  facet normal 0.989174 -0.146746 0
    outer loop
      vertex -46.9856 44.2941 1.3
      vertex -46.9424 44.5853 0
      vertex -46.9424 44.5853 1.3
    endloop
  endfacet
  facet normal 0.989174 -0.146746 0
    outer loop
      vertex -46.9424 44.5853 0
      vertex -46.9856 44.2941 1.3
      vertex -46.9856 44.2941 0
    endloop
  endfacet
  facet normal 0 0 -1
    outer loop
      vertex -42.55 44 1.3
      vertex -41 44 1.3
      vertex -41.0144 43.7059 1.3
    endloop
  endfacet
  facet normal 0 0 -1
    outer loop
      vertex -42.557 43.8579 1.3
      vertex -41.0144 43.7059 1.3
      vertex -41.0576 43.4147 1.3
    endloop
  endfacet
  facet normal 0 0 -1
    outer loop
      vertex -41 44 1.3
      vertex -42.55 44 1.3
      vertex -41.0144 44.2941 1.3
    endloop
  endfacet
  facet normal 0 0 -1
    outer loop
      vertex -42.5779 43.7171 1.3
      vertex -41.0576 43.4147 1.3
      vertex -41.1292 43.1291 1.3
    endloop
  endfacet
  facet normal 0 0 -1
    outer loop
      vertex -42.557 44.1421 1.3
      vertex -41.0144 44.2941 1.3
      vertex -42.55 44 1.3
    endloop
  endfacet
  facet normal 0 0 -1
    outer loop
      vertex -42.6124 43.5791 1.3
      vertex -41.1292 43.1291 1.3
      vertex -41.2284 42.852 1.3
    endloop
  endfacet
  facet normal -0 0 -1
    outer loop
      vertex -41.0144 44.2941 1.3
      vertex -42.557 44.1421 1.3
      vertex -41.0576 44.5853 1.3
    endloop
  endfacet
  facet normal 0 0 -1
    outer loop
      vertex -42.6604 43.4451 1.3
      vertex -41.2284 42.852 1.3
      vertex -41.3542 42.5858 1.3
    endloop
  endfacet
  facet normal 0 0 -1
    outer loop
      vertex -42.5779 44.2829 1.3
      vertex -41.0576 44.5853 1.3
      vertex -42.557 44.1421 1.3
    endloop
  endfacet
  facet normal 0 0 -1
    outer loop
      vertex -42.7212 43.3165 1.3
      vertex -41.3542 42.5858 1.3
      vertex -41.5056 42.3333 1.3
    endloop
  endfacet
  facet normal -0 0 -1
    outer loop
      vertex -41.0576 44.5853 1.3
      vertex -42.5779 44.2829 1.3
      vertex -41.1292 44.8709 1.3
    endloop
  endfacet
  facet normal 0 0 -1
    outer loop
      vertex -42.7944 43.1944 1.3
      vertex -41.5056 42.3333 1.3
      vertex -41.681 42.0968 1.3
    endloop
  endfacet
  facet normal 0 0 -1
    outer loop
      vertex -42.6124 44.4209 1.3
      vertex -41.1292 44.8709 1.3
      vertex -42.5779 44.2829 1.3
    endloop
  endfacet
  facet normal 0 0 -1
    outer loop
      vertex -42.8791 43.0801 1.3
      vertex -41.681 42.0968 1.3
      vertex -41.8787 41.8787 1.3
    endloop
  endfacet
  facet normal -0 0 -1
    outer loop
      vertex -41.1292 44.8709 1.3
      vertex -42.6124 44.4209 1.3
      vertex -41.2284 45.148 1.3
    endloop
  endfacet
  facet normal 0 0 -1
    outer loop
      vertex -42.9747 42.9747 1.3
      vertex -41.8787 41.8787 1.3
      vertex -42.0968 41.681 1.3
    endloop
  endfacet
  facet normal 0 0 -1
    outer loop
      vertex -42.6604 44.5549 1.3
      vertex -41.2284 45.148 1.3
      vertex -42.6124 44.4209 1.3
    endloop
  endfacet
  facet normal 0 0 -1
    outer loop
      vertex -43.0801 42.8791 1.3
      vertex -42.0968 41.681 1.3
      vertex -42.3333 41.5056 1.3
    endloop
  endfacet
  facet normal -0 0 -1
    outer loop
      vertex -41.2284 45.148 1.3
      vertex -42.6604 44.5549 1.3
      vertex -41.3542 45.4142 1.3
    endloop
  endfacet
  facet normal 0 0 -1
    outer loop
      vertex -42.7212 44.6835 1.3
      vertex -41.3542 45.4142 1.3
      vertex -42.6604 44.5549 1.3
    endloop
  endfacet
  facet normal 0 0 -1
    outer loop
      vertex -41.0144 43.7059 1.3
      vertex -42.557 43.8579 1.3
      vertex -42.55 44 1.3
    endloop
  endfacet
  facet normal 0 0 -1
    outer loop
      vertex -41.0576 43.4147 1.3
      vertex -42.5779 43.7171 1.3
      vertex -42.557 43.8579 1.3
    endloop
  endfacet
  facet normal 0 0 -1
    outer loop
      vertex -43.1944 42.7944 1.3
      vertex -42.3333 41.5056 1.3
      vertex -42.5858 41.3542 1.3
    endloop
  endfacet
  facet normal 0 0 -1
    outer loop
      vertex -41.1292 43.1291 1.3
      vertex -42.6124 43.5791 1.3
      vertex -42.5779 43.7171 1.3
    endloop
  endfacet
  facet normal 0 0 -1
    outer loop
      vertex -41.2284 42.852 1.3
      vertex -42.6604 43.4451 1.3
      vertex -42.6124 43.5791 1.3
    endloop
  endfacet
  facet normal 0 0 -1
    outer loop
      vertex -41.3542 42.5858 1.3
      vertex -42.7212 43.3165 1.3
      vertex -42.6604 43.4451 1.3
    endloop
  endfacet
  facet normal 0 0 -1
    outer loop
      vertex -41.5056 42.3333 1.3
      vertex -42.7944 43.1944 1.3
      vertex -42.7212 43.3165 1.3
    endloop
  endfacet
  facet normal 0 0 -1
    outer loop
      vertex -43.3165 42.7212 1.3
      vertex -42.5858 41.3542 1.3
      vertex -42.852 41.2284 1.3
    endloop
  endfacet
  facet normal 0 0 -1
    outer loop
      vertex -41.681 42.0968 1.3
      vertex -42.8791 43.0801 1.3
      vertex -42.7944 43.1944 1.3
    endloop
  endfacet
  facet normal 0 0 -1
    outer loop
      vertex -41.8787 41.8787 1.3
      vertex -42.9747 42.9747 1.3
      vertex -42.8791 43.0801 1.3
    endloop
  endfacet
  facet normal 0 0 -1
    outer loop
      vertex -42.0968 41.681 1.3
      vertex -43.0801 42.8791 1.3
      vertex -42.9747 42.9747 1.3
    endloop
  endfacet
  facet normal 0 0 -1
    outer loop
      vertex -43.4451 42.6604 1.3
      vertex -42.852 41.2284 1.3
      vertex -43.1291 41.1292 1.3
    endloop
  endfacet
  facet normal 0 0 -1
    outer loop
      vertex -42.3333 41.5056 1.3
      vertex -43.1944 42.7944 1.3
      vertex -43.0801 42.8791 1.3
    endloop
  endfacet
  facet normal 0 0 -1
    outer loop
      vertex -42.5858 41.3542 1.3
      vertex -43.3165 42.7212 1.3
      vertex -43.1944 42.7944 1.3
    endloop
  endfacet
  facet normal 0 0 -1
    outer loop
      vertex -43.5791 42.6124 1.3
      vertex -43.1291 41.1292 1.3
      vertex -43.4147 41.0576 1.3
    endloop
  endfacet
  facet normal 0 0 -1
    outer loop
      vertex -42.852 41.2284 1.3
      vertex -43.4451 42.6604 1.3
      vertex -43.3165 42.7212 1.3
    endloop
  endfacet
  facet normal 0 0 -1
    outer loop
      vertex -43.1291 41.1292 1.3
      vertex -43.5791 42.6124 1.3
      vertex -43.4451 42.6604 1.3
    endloop
  endfacet
  facet normal 0 0 -1
    outer loop
      vertex -43.7171 42.5779 1.3
      vertex -43.4147 41.0576 1.3
      vertex -43.7059 41.0144 1.3
    endloop
  endfacet
  facet normal 0 0 -1
    outer loop
      vertex -43.4147 41.0576 1.3
      vertex -43.7171 42.5779 1.3
      vertex -43.5791 42.6124 1.3
    endloop
  endfacet
  facet normal 0 0 -1
    outer loop
      vertex -43.7059 41.0144 1.3
      vertex -43.8579 42.557 1.3
      vertex -43.7171 42.5779 1.3
    endloop
  endfacet
  facet normal 0 0 -1
    outer loop
      vertex -44 41 1.3
      vertex -43.8579 42.557 1.3
      vertex -43.7059 41.0144 1.3
    endloop
  endfacet
  facet normal 0 0 -1
    outer loop
      vertex -44 41 1.3
      vertex -44 42.55 1.3
      vertex -43.8579 42.557 1.3
    endloop
  endfacet
  facet normal 0 0 -1
    outer loop
      vertex -44 41 1.3
      vertex -44.1421 42.557 1.3
      vertex -44 42.55 1.3
    endloop
  endfacet
  facet normal 0 0 -1
    outer loop
      vertex -44.2941 41.0144 1.3
      vertex -44.1421 42.557 1.3
      vertex -44 41 1.3
    endloop
  endfacet
  facet normal -0 0 -1
    outer loop
      vertex -44.1421 42.557 1.3
      vertex -44.2941 41.0144 1.3
      vertex -44.2829 42.5779 1.3
    endloop
  endfacet
  facet normal 0 0 -1
    outer loop
      vertex -44.5853 41.0576 1.3
      vertex -44.2829 42.5779 1.3
      vertex -44.2941 41.0144 1.3
    endloop
  endfacet
  facet normal -0 0 -1
    outer loop
      vertex -44.2829 42.5779 1.3
      vertex -44.5853 41.0576 1.3
      vertex -44.4209 42.6124 1.3
    endloop
  endfacet
  facet normal 0 0 -1
    outer loop
      vertex -44.8709 41.1292 1.3
      vertex -44.4209 42.6124 1.3
      vertex -44.5853 41.0576 1.3
    endloop
  endfacet
  facet normal -0 0 -1
    outer loop
      vertex -44.4209 42.6124 1.3
      vertex -44.8709 41.1292 1.3
      vertex -44.5549 42.6604 1.3
    endloop
  endfacet
  facet normal 0 0 -1
    outer loop
      vertex -45.148 41.2284 1.3
      vertex -44.5549 42.6604 1.3
      vertex -44.8709 41.1292 1.3
    endloop
  endfacet
  facet normal -0 0 -1
    outer loop
      vertex -44.5549 42.6604 1.3
      vertex -45.148 41.2284 1.3
      vertex -44.6835 42.7212 1.3
    endloop
  endfacet
  facet normal 0 0 -1
    outer loop
      vertex -45.4142 41.3542 1.3
      vertex -44.6835 42.7212 1.3
      vertex -45.148 41.2284 1.3
    endloop
  endfacet
  facet normal -0 0 -1
    outer loop
      vertex -44.6835 42.7212 1.3
      vertex -45.4142 41.3542 1.3
      vertex -44.8056 42.7944 1.3
    endloop
  endfacet
  facet normal 0 0 -1
    outer loop
      vertex -45.6667 41.5056 1.3
      vertex -44.8056 42.7944 1.3
      vertex -45.4142 41.3542 1.3
    endloop
  endfacet
  facet normal -0 0 -1
    outer loop
      vertex -44.8056 42.7944 1.3
      vertex -45.6667 41.5056 1.3
      vertex -44.9199 42.8791 1.3
    endloop
  endfacet
  facet normal 0 0 -1
    outer loop
      vertex -45.9032 41.681 1.3
      vertex -44.9199 42.8791 1.3
      vertex -45.6667 41.5056 1.3
    endloop
  endfacet
  facet normal -0 0 -1
    outer loop
      vertex -44.9199 42.8791 1.3
      vertex -45.9032 41.681 1.3
      vertex -45.0253 42.9747 1.3
    endloop
  endfacet
  facet normal 0 0 -1
    outer loop
      vertex -46.1213 41.8787 1.3
      vertex -45.0253 42.9747 1.3
      vertex -45.9032 41.681 1.3
    endloop
  endfacet
  facet normal -0 0 -1
    outer loop
      vertex -45.0253 42.9747 1.3
      vertex -46.1213 41.8787 1.3
      vertex -45.1209 43.0801 1.3
    endloop
  endfacet
  facet normal 0 0 -1
    outer loop
      vertex -46.319 42.0968 1.3
      vertex -45.1209 43.0801 1.3
      vertex -46.1213 41.8787 1.3
    endloop
  endfacet
  facet normal -0 0 -1
    outer loop
      vertex -45.1209 43.0801 1.3
      vertex -46.319 42.0968 1.3
      vertex -45.2056 43.1944 1.3
    endloop
  endfacet
  facet normal 0 0 -1
    outer loop
      vertex -46.4944 42.3333 1.3
      vertex -45.2056 43.1944 1.3
      vertex -46.319 42.0968 1.3
    endloop
  endfacet
  facet normal -0 0 -1
    outer loop
      vertex -45.2056 43.1944 1.3
      vertex -46.4944 42.3333 1.3
      vertex -45.2788 43.3165 1.3
    endloop
  endfacet
  facet normal 0 0 -1
    outer loop
      vertex -46.6458 42.5858 1.3
      vertex -45.2788 43.3165 1.3
      vertex -46.4944 42.3333 1.3
    endloop
  endfacet
  facet normal -0 0 -1
    outer loop
      vertex -41.3542 45.4142 1.3
      vertex -42.7212 44.6835 1.3
      vertex -41.5056 45.6667 1.3
    endloop
  endfacet
  facet normal 0 0 -1
    outer loop
      vertex -42.7944 44.8056 1.3
      vertex -41.5056 45.6667 1.3
      vertex -42.7212 44.6835 1.3
    endloop
  endfacet
  facet normal -0 0 -1
    outer loop
      vertex -41.5056 45.6667 1.3
      vertex -42.7944 44.8056 1.3
      vertex -41.681 45.9032 1.3
    endloop
  endfacet
  facet normal 0 0 -1
    outer loop
      vertex -42.8791 44.9199 1.3
      vertex -41.681 45.9032 1.3
      vertex -42.7944 44.8056 1.3
    endloop
  endfacet
  facet normal -0 0 -1
    outer loop
      vertex -41.681 45.9032 1.3
      vertex -42.8791 44.9199 1.3
      vertex -41.8787 46.1213 1.3
    endloop
  endfacet
  facet normal 0 0 -1
    outer loop
      vertex -42.9747 45.0253 1.3
      vertex -41.8787 46.1213 1.3
      vertex -42.8791 44.9199 1.3
    endloop
  endfacet
  facet normal -0 0 -1
    outer loop
      vertex -41.8787 46.1213 1.3
      vertex -42.9747 45.0253 1.3
      vertex -42.0968 46.319 1.3
    endloop
  endfacet
  facet normal 0 0 -1
    outer loop
      vertex -43.0801 45.1209 1.3
      vertex -42.0968 46.319 1.3
      vertex -42.9747 45.0253 1.3
    endloop
  endfacet
  facet normal -0 0 -1
    outer loop
      vertex -42.0968 46.319 1.3
      vertex -43.0801 45.1209 1.3
      vertex -42.3333 46.4944 1.3
    endloop
  endfacet
  facet normal 0 0 -1
    outer loop
      vertex -43.1944 45.2056 1.3
      vertex -42.3333 46.4944 1.3
      vertex -43.0801 45.1209 1.3
    endloop
  endfacet
  facet normal -0 0 -1
    outer loop
      vertex -42.3333 46.4944 1.3
      vertex -43.1944 45.2056 1.3
      vertex -42.5858 46.6458 1.3
    endloop
  endfacet
  facet normal 0 0 -1
    outer loop
      vertex -43.3165 45.2788 1.3
      vertex -42.5858 46.6458 1.3
      vertex -43.1944 45.2056 1.3
    endloop
  endfacet
  facet normal -0 0 -1
    outer loop
      vertex -42.5858 46.6458 1.3
      vertex -43.3165 45.2788 1.3
      vertex -42.852 46.7716 1.3
    endloop
  endfacet
  facet normal 0 0 -1
    outer loop
      vertex -43.4451 45.3396 1.3
      vertex -42.852 46.7716 1.3
      vertex -43.3165 45.2788 1.3
    endloop
  endfacet
  facet normal -0 0 -1
    outer loop
      vertex -42.852 46.7716 1.3
      vertex -43.4451 45.3396 1.3
      vertex -43.1291 46.8708 1.3
    endloop
  endfacet
  facet normal 0 0 -1
    outer loop
      vertex -43.5791 45.3876 1.3
      vertex -43.1291 46.8708 1.3
      vertex -43.4451 45.3396 1.3
    endloop
  endfacet
  facet normal -0 0 -1
    outer loop
      vertex -43.1291 46.8708 1.3
      vertex -43.5791 45.3876 1.3
      vertex -43.4147 46.9424 1.3
    endloop
  endfacet
  facet normal 0 0 -1
    outer loop
      vertex -43.7171 45.4221 1.3
      vertex -43.4147 46.9424 1.3
      vertex -43.5791 45.3876 1.3
    endloop
  endfacet
  facet normal -0 0 -1
    outer loop
      vertex -43.4147 46.9424 1.3
      vertex -43.7171 45.4221 1.3
      vertex -43.7059 46.9856 1.3
    endloop
  endfacet
  facet normal 0 0 -1
    outer loop
      vertex -43.8579 45.443 1.3
      vertex -43.7059 46.9856 1.3
      vertex -43.7171 45.4221 1.3
    endloop
  endfacet
  facet normal 0 0 -1
    outer loop
      vertex -44 45.45 1.3
      vertex -43.7059 46.9856 1.3
      vertex -43.8579 45.443 1.3
    endloop
  endfacet
  facet normal 0 0 -1
    outer loop
      vertex -44 45.45 1.3
      vertex -44 47 1.3
      vertex -43.7059 46.9856 1.3
    endloop
  endfacet
  facet normal 0 0 -1
    outer loop
      vertex -44.1421 45.443 1.3
      vertex -44 47 1.3
      vertex -44 45.45 1.3
    endloop
  endfacet
  facet normal 0 0 -1
    outer loop
      vertex -44.2941 46.9856 1.3
      vertex -44.1421 45.443 1.3
      vertex -44.2829 45.4221 1.3
    endloop
  endfacet
  facet normal 0 0 -1
    outer loop
      vertex -44.1421 45.443 1.3
      vertex -44.2941 46.9856 1.3
      vertex -44 47 1.3
    endloop
  endfacet
  facet normal 0 0 -1
    outer loop
      vertex -44.5853 46.9424 1.3
      vertex -44.2829 45.4221 1.3
      vertex -44.4209 45.3876 1.3
    endloop
  endfacet
  facet normal 0 0 -1
    outer loop
      vertex -44.8709 46.8708 1.3
      vertex -44.4209 45.3876 1.3
      vertex -44.5549 45.3396 1.3
    endloop
  endfacet
  facet normal 0 0 -1
    outer loop
      vertex -44.2829 45.4221 1.3
      vertex -44.5853 46.9424 1.3
      vertex -44.2941 46.9856 1.3
    endloop
  endfacet
  facet normal 0 0 -1
    outer loop
      vertex -45.148 46.7716 1.3
      vertex -44.5549 45.3396 1.3
      vertex -44.6835 45.2788 1.3
    endloop
  endfacet
  facet normal 0 0 -1
    outer loop
      vertex -45.4142 46.6458 1.3
      vertex -44.6835 45.2788 1.3
      vertex -44.8056 45.2056 1.3
    endloop
  endfacet
  facet normal 0 0 -1
    outer loop
      vertex -44.4209 45.3876 1.3
      vertex -44.8709 46.8708 1.3
      vertex -44.5853 46.9424 1.3
    endloop
  endfacet
  facet normal 0 0 -1
    outer loop
      vertex -45.6667 46.4944 1.3
      vertex -44.8056 45.2056 1.3
      vertex -44.9199 45.1209 1.3
    endloop
  endfacet
  facet normal 0 0 -1
    outer loop
      vertex -45.9032 46.319 1.3
      vertex -44.9199 45.1209 1.3
      vertex -45.0253 45.0253 1.3
    endloop
  endfacet
  facet normal 0 0 -1
    outer loop
      vertex -46.1213 46.1213 1.3
      vertex -45.0253 45.0253 1.3
      vertex -45.1209 44.9199 1.3
    endloop
  endfacet
  facet normal 0 0 -1
    outer loop
      vertex -44.5549 45.3396 1.3
      vertex -45.148 46.7716 1.3
      vertex -44.8709 46.8708 1.3
    endloop
  endfacet
  facet normal 0 0 -1
    outer loop
      vertex -46.319 45.9032 1.3
      vertex -45.1209 44.9199 1.3
      vertex -45.2056 44.8056 1.3
    endloop
  endfacet
  facet normal 0 0 -1
    outer loop
      vertex -46.4944 45.6667 1.3
      vertex -45.2056 44.8056 1.3
      vertex -45.2788 44.6835 1.3
    endloop
  endfacet
  facet normal 0 0 -1
    outer loop
      vertex -46.6458 45.4142 1.3
      vertex -45.2788 44.6835 1.3
      vertex -45.3396 44.5549 1.3
    endloop
  endfacet
  facet normal 0 0 -1
    outer loop
      vertex -46.7716 45.148 1.3
      vertex -45.3396 44.5549 1.3
      vertex -45.3876 44.4209 1.3
    endloop
  endfacet
  facet normal 0 0 -1
    outer loop
      vertex -44.6835 45.2788 1.3
      vertex -45.4142 46.6458 1.3
      vertex -45.148 46.7716 1.3
    endloop
  endfacet
  facet normal 0 0 -1
    outer loop
      vertex -46.8708 44.8709 1.3
      vertex -45.3876 44.4209 1.3
      vertex -45.4221 44.2829 1.3
    endloop
  endfacet
  facet normal 0 0 -1
    outer loop
      vertex -46.9424 44.5853 1.3
      vertex -45.4221 44.2829 1.3
      vertex -45.443 44.1421 1.3
    endloop
  endfacet
  facet normal 0 0 -1
    outer loop
      vertex -46.9856 44.2941 1.3
      vertex -45.443 44.1421 1.3
      vertex -45.45 44 1.3
    endloop
  endfacet
  facet normal -0 0 -1
    outer loop
      vertex -45.2788 43.3165 1.3
      vertex -46.6458 42.5858 1.3
      vertex -45.3396 43.4451 1.3
    endloop
  endfacet
  facet normal 0 0 -1
    outer loop
      vertex -44.8056 45.2056 1.3
      vertex -45.6667 46.4944 1.3
      vertex -45.4142 46.6458 1.3
    endloop
  endfacet
  facet normal 0 0 -1
    outer loop
      vertex -46.7716 42.852 1.3
      vertex -45.3396 43.4451 1.3
      vertex -46.6458 42.5858 1.3
    endloop
  endfacet
  facet normal 0 0 -1
    outer loop
      vertex -44.9199 45.1209 1.3
      vertex -45.9032 46.319 1.3
      vertex -45.6667 46.4944 1.3
    endloop
  endfacet
  facet normal -0 0 -1
    outer loop
      vertex -45.3396 43.4451 1.3
      vertex -46.7716 42.852 1.3
      vertex -45.3876 43.5791 1.3
    endloop
  endfacet
  facet normal 0 0 -1
    outer loop
      vertex -45.0253 45.0253 1.3
      vertex -46.1213 46.1213 1.3
      vertex -45.9032 46.319 1.3
    endloop
  endfacet
  facet normal 0 0 -1
    outer loop
      vertex -46.8708 43.1291 1.3
      vertex -45.3876 43.5791 1.3
      vertex -46.7716 42.852 1.3
    endloop
  endfacet
  facet normal 0 0 -1
    outer loop
      vertex -45.1209 44.9199 1.3
      vertex -46.319 45.9032 1.3
      vertex -46.1213 46.1213 1.3
    endloop
  endfacet
  facet normal -0 0 -1
    outer loop
      vertex -45.3876 43.5791 1.3
      vertex -46.8708 43.1291 1.3
      vertex -45.4221 43.7171 1.3
    endloop
  endfacet
  facet normal 0 0 -1
    outer loop
      vertex -45.2056 44.8056 1.3
      vertex -46.4944 45.6667 1.3
      vertex -46.319 45.9032 1.3
    endloop
  endfacet
  facet normal 0 0 -1
    outer loop
      vertex -46.9424 43.4147 1.3
      vertex -45.4221 43.7171 1.3
      vertex -46.8708 43.1291 1.3
    endloop
  endfacet
  facet normal 0 0 -1
    outer loop
      vertex -45.2788 44.6835 1.3
      vertex -46.6458 45.4142 1.3
      vertex -46.4944 45.6667 1.3
    endloop
  endfacet
  facet normal -0 0 -1
    outer loop
      vertex -45.4221 43.7171 1.3
      vertex -46.9424 43.4147 1.3
      vertex -45.443 43.8579 1.3
    endloop
  endfacet
  facet normal 0 0 -1
    outer loop
      vertex -45.3396 44.5549 1.3
      vertex -46.7716 45.148 1.3
      vertex -46.6458 45.4142 1.3
    endloop
  endfacet
  facet normal 0 0 -1
    outer loop
      vertex -46.9856 43.7059 1.3
      vertex -45.443 43.8579 1.3
      vertex -46.9424 43.4147 1.3
    endloop
  endfacet
  facet normal 0 0 -1
    outer loop
      vertex -45.3876 44.4209 1.3
      vertex -46.8708 44.8709 1.3
      vertex -46.7716 45.148 1.3
    endloop
  endfacet
  facet normal -0 0 -1
    outer loop
      vertex -45.443 43.8579 1.3
      vertex -46.9856 43.7059 1.3
      vertex -45.45 44 1.3
    endloop
  endfacet
  facet normal 0 0 -1
    outer loop
      vertex -45.4221 44.2829 1.3
      vertex -46.9424 44.5853 1.3
      vertex -46.8708 44.8709 1.3
    endloop
  endfacet
  facet normal 0 0 -1
    outer loop
      vertex -47 44 1.3
      vertex -45.45 44 1.3
      vertex -46.9856 43.7059 1.3
    endloop
  endfacet
  facet normal 0 0 -1
    outer loop
      vertex -45.443 44.1421 1.3
      vertex -46.9856 44.2941 1.3
      vertex -46.9424 44.5853 1.3
    endloop
  endfacet
  facet normal 0 0 -1
    outer loop
      vertex -45.45 44 1.3
      vertex -47 44 1.3
      vertex -46.9856 44.2941 1.3
    endloop
  endfacet
  facet normal 0.514246 -0.857643 0
    outer loop
      vertex -45.6667 46.4944 0
      vertex -45.4142 46.6458 1.3
      vertex -45.6667 46.4944 1.3
    endloop
  endfacet
  facet normal 0.514246 -0.857643 0
    outer loop
      vertex -45.4142 46.6458 1.3
      vertex -45.6667 46.4944 0
      vertex -45.4142 46.6458 0
    endloop
  endfacet
  facet normal 0.427269 -0.904125 0
    outer loop
      vertex -45.4142 46.6458 0
      vertex -45.148 46.7716 1.3
      vertex -45.4142 46.6458 1.3
    endloop
  endfacet
  facet normal 0.427269 -0.904125 0
    outer loop
      vertex -45.148 46.7716 1.3
      vertex -45.4142 46.6458 0
      vertex -45.148 46.7716 0
    endloop
  endfacet
  facet normal 0.595699 -0.803208 0
    outer loop
      vertex -45.9032 46.319 0
      vertex -45.6667 46.4944 1.3
      vertex -45.9032 46.319 1.3
    endloop
  endfacet
  facet normal 0.595699 -0.803208 0
    outer loop
      vertex -45.6667 46.4944 1.3
      vertex -45.9032 46.319 0
      vertex -45.6667 46.4944 0
    endloop
  endfacet
  facet normal 0.243175 -0.969982 0
    outer loop
      vertex -44.8709 46.8708 0
      vertex -44.5853 46.9424 1.3
      vertex -44.8709 46.8708 1.3
    endloop
  endfacet
  facet normal 0.243175 -0.969982 0
    outer loop
      vertex -44.5853 46.9424 1.3
      vertex -44.8709 46.8708 0
      vertex -44.5853 46.9424 0
    endloop
  endfacet
  facet normal 0.0489044 -0.998803 0
    outer loop
      vertex -44.2941 46.9856 0
      vertex -44 47 1.3
      vertex -44.2941 46.9856 1.3
    endloop
  endfacet
  facet normal 0.0489044 -0.998803 0
    outer loop
      vertex -44 47 1.3
      vertex -44.2941 46.9856 0
      vertex -44 47 0
    endloop
  endfacet
  facet normal -0.998803 0.0489044 0
    outer loop
      vertex -41.0144 43.7059 0
      vertex -41 44 1.3
      vertex -41 44 0
    endloop
  endfacet
  facet normal -0.998803 0.0489044 0
    outer loop
      vertex -41 44 1.3
      vertex -41.0144 43.7059 0
      vertex -41.0144 43.7059 1.3
    endloop
  endfacet
  facet normal 0.904125 0.427269 0
    outer loop
      vertex -46.6458 42.5858 1.3
      vertex -46.7716 42.852 0
      vertex -46.7716 42.852 1.3
    endloop
  endfacet
  facet normal 0.904125 0.427269 0
    outer loop
      vertex -46.7716 42.852 0
      vertex -46.6458 42.5858 1.3
      vertex -46.6458 42.5858 0
    endloop
  endfacet
  facet normal -0.941488 0.337047 0
    outer loop
      vertex -41.2284 42.852 0
      vertex -41.1292 43.1291 1.3
      vertex -41.1292 43.1291 0
    endloop
  endfacet
  facet normal -0.941488 0.337047 0
    outer loop
      vertex -41.1292 43.1291 1.3
      vertex -41.2284 42.852 0
      vertex -41.2284 42.852 1.3
    endloop
  endfacet
  facet normal -0.989174 0.146746 0
    outer loop
      vertex -41.0576 43.4147 0
      vertex -41.0144 43.7059 1.3
      vertex -41.0144 43.7059 0
    endloop
  endfacet
  facet normal -0.989174 0.146746 0
    outer loop
      vertex -41.0144 43.7059 1.3
      vertex -41.0576 43.4147 0
      vertex -41.0576 43.4147 1.3
    endloop
  endfacet
  facet normal -0.514246 0.857643 0
    outer loop
      vertex -42.3333 41.5056 0
      vertex -42.5858 41.3542 1.3
      vertex -42.3333 41.5056 1.3
    endloop
  endfacet
  facet normal -0.514246 0.857643 0
    outer loop
      vertex -42.5858 41.3542 1.3
      vertex -42.3333 41.5056 0
      vertex -42.5858 41.3542 0
    endloop
  endfacet
  facet normal -0.904125 0.427269 0
    outer loop
      vertex -41.3542 42.5858 0
      vertex -41.2284 42.852 1.3
      vertex -41.2284 42.852 0
    endloop
  endfacet
  facet normal -0.904125 0.427269 0
    outer loop
      vertex -41.2284 42.852 1.3
      vertex -41.3542 42.5858 0
      vertex -41.3542 42.5858 1.3
    endloop
  endfacet
  facet normal 0.0489044 0.998803 -0
    outer loop
      vertex -44 41 0
      vertex -44.2941 41.0144 1.3
      vertex -44 41 1.3
    endloop
  endfacet
  facet normal 0.0489044 0.998803 0
    outer loop
      vertex -44.2941 41.0144 1.3
      vertex -44 41 0
      vertex -44.2941 41.0144 0
    endloop
  endfacet
  facet normal 0.803208 0.595699 0
    outer loop
      vertex -46.319 42.0968 1.3
      vertex -46.4944 42.3333 0
      vertex -46.4944 42.3333 1.3
    endloop
  endfacet
  facet normal 0.803208 0.595699 0
    outer loop
      vertex -46.4944 42.3333 0
      vertex -46.319 42.0968 1.3
      vertex -46.319 42.0968 0
    endloop
  endfacet
  facet normal 0.969982 0.243175 0
    outer loop
      vertex -46.8708 43.1291 1.3
      vertex -46.9424 43.4147 0
      vertex -46.9424 43.4147 1.3
    endloop
  endfacet
  facet normal 0.969982 0.243175 0
    outer loop
      vertex -46.9424 43.4147 0
      vertex -46.8708 43.1291 1.3
      vertex -46.8708 43.1291 0
    endloop
  endfacet
  facet normal 0.998803 0.0489044 0
    outer loop
      vertex -46.9856 43.7059 1.3
      vertex -47 44 0
      vertex -47 44 1.3
    endloop
  endfacet
  facet normal 0.998803 0.0489044 0
    outer loop
      vertex -47 44 0
      vertex -46.9856 43.7059 1.3
      vertex -46.9856 43.7059 0
    endloop
  endfacet
  facet normal 0.989174 0.146746 0
    outer loop
      vertex -46.9424 43.4147 1.3
      vertex -46.9856 43.7059 0
      vertex -46.9856 43.7059 1.3
    endloop
  endfacet
  facet normal 0.989174 0.146746 0
    outer loop
      vertex -46.9856 43.7059 0
      vertex -46.9424 43.4147 1.3
      vertex -46.9424 43.4147 0
    endloop
  endfacet
  facet normal -0.146746 0.989174 0
    outer loop
      vertex -43.4147 41.0576 0
      vertex -43.7059 41.0144 1.3
      vertex -43.4147 41.0576 1.3
    endloop
  endfacet
  facet normal -0.146746 0.989174 0
    outer loop
      vertex -43.7059 41.0144 1.3
      vertex -43.4147 41.0576 0
      vertex -43.7059 41.0144 0
    endloop
  endfacet
  facet normal -0.337047 0.941488 0
    outer loop
      vertex -42.852 41.2284 0
      vertex -43.1291 41.1292 1.3
      vertex -42.852 41.2284 1.3
    endloop
  endfacet
  facet normal -0.337047 0.941488 0
    outer loop
      vertex -43.1291 41.1292 1.3
      vertex -42.852 41.2284 0
      vertex -43.1291 41.1292 0
    endloop
  endfacet
  facet normal -0.857643 0.514246 0
    outer loop
      vertex -41.5056 42.3333 0
      vertex -41.3542 42.5858 1.3
      vertex -41.3542 42.5858 0
    endloop
  endfacet
  facet normal -0.857643 0.514246 0
    outer loop
      vertex -41.3542 42.5858 1.3
      vertex -41.5056 42.3333 0
      vertex -41.5056 42.3333 1.3
    endloop
  endfacet
  facet normal -0.0489044 0.998803 0
    outer loop
      vertex -43.7059 41.0144 0
      vertex -44 41 1.3
      vertex -43.7059 41.0144 1.3
    endloop
  endfacet
  facet normal -0.0489044 0.998803 0
    outer loop
      vertex -44 41 1.3
      vertex -43.7059 41.0144 0
      vertex -44 41 0
    endloop
  endfacet
  facet normal 0.146746 0.989174 -0
    outer loop
      vertex -44.2941 41.0144 0
      vertex -44.5853 41.0576 1.3
      vertex -44.2941 41.0144 1.3
    endloop
  endfacet
  facet normal 0.146746 0.989174 0
    outer loop
      vertex -44.5853 41.0576 1.3
      vertex -44.2941 41.0144 0
      vertex -44.5853 41.0576 0
    endloop
  endfacet
  facet normal 0.857643 0.514246 0
    outer loop
      vertex -46.4944 42.3333 1.3
      vertex -46.6458 42.5858 0
      vertex -46.6458 42.5858 1.3
    endloop
  endfacet
  facet normal 0.857643 0.514246 0
    outer loop
      vertex -46.6458 42.5858 0
      vertex -46.4944 42.3333 1.3
      vertex -46.4944 42.3333 0
    endloop
  endfacet
  facet normal 0.740908 0.671607 0
    outer loop
      vertex -46.1213 41.8787 1.3
      vertex -46.319 42.0968 0
      vertex -46.319 42.0968 1.3
    endloop
  endfacet
  facet normal 0.740908 0.671607 0
    outer loop
      vertex -46.319 42.0968 0
      vertex -46.1213 41.8787 1.3
      vertex -46.1213 41.8787 0
    endloop
  endfacet
  facet normal 0.941488 0.337047 0
    outer loop
      vertex -46.7716 42.852 1.3
      vertex -46.8708 43.1291 0
      vertex -46.8708 43.1291 1.3
    endloop
  endfacet
  facet normal 0.941488 0.337047 0
    outer loop
      vertex -46.8708 43.1291 0
      vertex -46.7716 42.852 1.3
      vertex -46.7716 42.852 0
    endloop
  endfacet
  facet normal -0.243175 0.969982 0
    outer loop
      vertex -43.1291 41.1292 0
      vertex -43.4147 41.0576 1.3
      vertex -43.1291 41.1292 1.3
    endloop
  endfacet
  facet normal -0.243175 0.969982 0
    outer loop
      vertex -43.4147 41.0576 1.3
      vertex -43.1291 41.1292 0
      vertex -43.4147 41.0576 0
    endloop
  endfacet
  facet normal -0.595699 0.803208 0
    outer loop
      vertex -42.0968 41.681 0
      vertex -42.3333 41.5056 1.3
      vertex -42.0968 41.681 1.3
    endloop
  endfacet
  facet normal -0.595699 0.803208 0
    outer loop
      vertex -42.3333 41.5056 1.3
      vertex -42.0968 41.681 0
      vertex -42.3333 41.5056 0
    endloop
  endfacet
  facet normal -0.740908 0.671607 0
    outer loop
      vertex -41.8787 41.8787 0
      vertex -41.681 42.0968 1.3
      vertex -41.681 42.0968 0
    endloop
  endfacet
  facet normal -0.740908 0.671607 0
    outer loop
      vertex -41.681 42.0968 1.3
      vertex -41.8787 41.8787 0
      vertex -41.8787 41.8787 1.3
    endloop
  endfacet
  facet normal -0.671607 0.740908 0
    outer loop
      vertex -41.8787 41.8787 0
      vertex -42.0968 41.681 1.3
      vertex -41.8787 41.8787 1.3
    endloop
  endfacet
  facet normal -0.671607 0.740908 0
    outer loop
      vertex -42.0968 41.681 1.3
      vertex -41.8787 41.8787 0
      vertex -42.0968 41.681 0
    endloop
  endfacet
  facet normal 0.243175 0.969982 -0
    outer loop
      vertex -44.5853 41.0576 0
      vertex -44.8709 41.1292 1.3
      vertex -44.5853 41.0576 1.3
    endloop
  endfacet
  facet normal 0.243175 0.969982 0
    outer loop
      vertex -44.8709 41.1292 1.3
      vertex -44.5853 41.0576 0
      vertex -44.8709 41.1292 0
    endloop
  endfacet
  facet normal 0.671607 0.740908 -0
    outer loop
      vertex -45.9032 41.681 0
      vertex -46.1213 41.8787 1.3
      vertex -45.9032 41.681 1.3
    endloop
  endfacet
  facet normal 0.671607 0.740908 0
    outer loop
      vertex -46.1213 41.8787 1.3
      vertex -45.9032 41.681 0
      vertex -46.1213 41.8787 0
    endloop
  endfacet
  facet normal 0.514246 0.857643 -0
    outer loop
      vertex -45.4142 41.3542 0
      vertex -45.6667 41.5056 1.3
      vertex -45.4142 41.3542 1.3
    endloop
  endfacet
  facet normal 0.514246 0.857643 0
    outer loop
      vertex -45.6667 41.5056 1.3
      vertex -45.4142 41.3542 0
      vertex -45.6667 41.5056 0
    endloop
  endfacet
  facet normal 0.595699 0.803208 -0
    outer loop
      vertex -45.6667 41.5056 0
      vertex -45.9032 41.681 1.3
      vertex -45.6667 41.5056 1.3
    endloop
  endfacet
  facet normal 0.595699 0.803208 0
    outer loop
      vertex -45.9032 41.681 1.3
      vertex -45.6667 41.5056 0
      vertex -45.9032 41.681 0
    endloop
  endfacet
  facet normal 0.427269 0.904125 -0
    outer loop
      vertex -45.148 41.2284 0
      vertex -45.4142 41.3542 1.3
      vertex -45.148 41.2284 1.3
    endloop
  endfacet
  facet normal 0.427269 0.904125 0
    outer loop
      vertex -45.4142 41.3542 1.3
      vertex -45.148 41.2284 0
      vertex -45.4142 41.3542 0
    endloop
  endfacet
  facet normal 0.337047 0.941488 -0
    outer loop
      vertex -44.8709 41.1292 0
      vertex -45.148 41.2284 1.3
      vertex -44.8709 41.1292 1.3
    endloop
  endfacet
  facet normal 0.337047 0.941488 0
    outer loop
      vertex -45.148 41.2284 1.3
      vertex -44.8709 41.1292 0
      vertex -45.148 41.2284 0
    endloop
  endfacet
  facet normal -0.998789 -0.0492014 0
    outer loop
      vertex 45.45 -44 1.3
      vertex 45.443 -43.8579 3
      vertex 45.443 -43.8579 1.3
    endloop
  endfacet
  facet normal -0.998789 -0.0492014 0
    outer loop
      vertex 45.443 -43.8579 3
      vertex 45.45 -44 1.3
      vertex 45.45 -44 3
    endloop
  endfacet
  facet normal 0.998789 -0.0492014 0
    outer loop
      vertex 42.55 -44 3
      vertex 42.557 -43.8579 1.3
      vertex 42.557 -43.8579 3
    endloop
  endfacet
  facet normal 0.998789 -0.0492014 0
    outer loop
      vertex 42.557 -43.8579 1.3
      vertex 42.55 -44 3
      vertex 42.55 -44 1.3
    endloop
  endfacet
  facet normal -0.0492014 -0.998789 0
    outer loop
      vertex 44 -42.55 1.3
      vertex 44.1421 -42.557 3
      vertex 44 -42.55 3
    endloop
  endfacet
  facet normal -0.0492014 -0.998789 -0
    outer loop
      vertex 44.1421 -42.557 3
      vertex 44 -42.55 1.3
      vertex 44.1421 -42.557 1.3
    endloop
  endfacet
  facet normal 0.0492014 0.998789 -0
    outer loop
      vertex 44 -45.45 1.3
      vertex 43.8579 -45.443 3
      vertex 44 -45.45 3
    endloop
  endfacet
  facet normal 0.0492014 0.998789 0
    outer loop
      vertex 43.8579 -45.443 3
      vertex 44 -45.45 1.3
      vertex 43.8579 -45.443 1.3
    endloop
  endfacet
  facet normal 0.740703 0.671833 0
    outer loop
      vertex 42.9747 -45.0253 3
      vertex 42.8791 -44.9199 1.3
      vertex 42.8791 -44.9199 3
    endloop
  endfacet
  facet normal 0.740703 0.671833 0
    outer loop
      vertex 42.8791 -44.9199 1.3
      vertex 42.9747 -45.0253 3
      vertex 42.9747 -45.0253 1.3
    endloop
  endfacet
  facet normal -0.740703 -0.671833 0
    outer loop
      vertex 45.1209 -43.0801 1.3
      vertex 45.0253 -42.9747 3
      vertex 45.0253 -42.9747 1.3
    endloop
  endfacet
  facet normal -0.740703 -0.671833 0
    outer loop
      vertex 45.0253 -42.9747 3
      vertex 45.1209 -43.0801 1.3
      vertex 45.1209 -43.0801 3
    endloop
  endfacet
  facet normal 0.671833 -0.740703 0
    outer loop
      vertex 42.9747 -42.9747 1.3
      vertex 43.0801 -42.8791 3
      vertex 42.9747 -42.9747 3
    endloop
  endfacet
  facet normal 0.671833 -0.740703 0
    outer loop
      vertex 43.0801 -42.8791 3
      vertex 42.9747 -42.9747 1.3
      vertex 43.0801 -42.8791 1.3
    endloop
  endfacet
  facet normal 0.337226 -0.941424 0
    outer loop
      vertex 43.4451 -42.6604 1.3
      vertex 43.5791 -42.6124 3
      vertex 43.4451 -42.6604 3
    endloop
  endfacet
  facet normal 0.337226 -0.941424 0
    outer loop
      vertex 43.5791 -42.6124 3
      vertex 43.4451 -42.6604 1.3
      vertex 43.5791 -42.6124 1.3
    endloop
  endfacet
  facet normal -0.904053 -0.427421 0
    outer loop
      vertex 45.3396 -43.4451 1.3
      vertex 45.2788 -43.3165 3
      vertex 45.2788 -43.3165 1.3
    endloop
  endfacet
  facet normal -0.904053 -0.427421 0
    outer loop
      vertex 45.2788 -43.3165 3
      vertex 45.3396 -43.4451 1.3
      vertex 45.3396 -43.4451 3
    endloop
  endfacet
  facet normal -0.427421 -0.904053 0
    outer loop
      vertex 44.5549 -42.6604 1.3
      vertex 44.6835 -42.7212 3
      vertex 44.5549 -42.6604 3
    endloop
  endfacet
  facet normal -0.427421 -0.904053 -0
    outer loop
      vertex 44.6835 -42.7212 3
      vertex 44.5549 -42.6604 1.3
      vertex 44.6835 -42.7212 1.3
    endloop
  endfacet
  facet normal -0.595379 -0.803445 0
    outer loop
      vertex 44.8056 -42.7944 1.3
      vertex 44.9199 -42.8791 3
      vertex 44.8056 -42.7944 3
    endloop
  endfacet
  facet normal -0.595379 -0.803445 -0
    outer loop
      vertex 44.9199 -42.8791 3
      vertex 44.8056 -42.7944 1.3
      vertex 44.9199 -42.8791 1.3
    endloop
  endfacet
  facet normal 0.904053 -0.427421 0
    outer loop
      vertex 42.6604 -43.4451 3
      vertex 42.7212 -43.3165 1.3
      vertex 42.7212 -43.3165 3
    endloop
  endfacet
  facet normal 0.904053 -0.427421 0
    outer loop
      vertex 42.7212 -43.3165 1.3
      vertex 42.6604 -43.4451 3
      vertex 42.6604 -43.4451 1.3
    endloop
  endfacet
  facet normal 0.146829 -0.989162 0
    outer loop
      vertex 43.7171 -42.5779 1.3
      vertex 43.8579 -42.557 3
      vertex 43.7171 -42.5779 3
    endloop
  endfacet
  facet normal 0.146829 -0.989162 0
    outer loop
      vertex 43.8579 -42.557 3
      vertex 43.7171 -42.5779 1.3
      vertex 43.8579 -42.557 1.3
    endloop
  endfacet
  facet normal 0.998789 0.0492014 0
    outer loop
      vertex 42.557 -44.1421 3
      vertex 42.55 -44 1.3
      vertex 42.55 -44 3
    endloop
  endfacet
  facet normal 0.998789 0.0492014 0
    outer loop
      vertex 42.55 -44 1.3
      vertex 42.557 -44.1421 3
      vertex 42.557 -44.1421 1.3
    endloop
  endfacet
  facet normal -0.970143 -0.242536 0
    outer loop
      vertex 45.4221 -43.7171 1.3
      vertex 45.3876 -43.5791 3
      vertex 45.3876 -43.5791 1.3
    endloop
  endfacet
  facet normal -0.970143 -0.242536 0
    outer loop
      vertex 45.3876 -43.5791 3
      vertex 45.4221 -43.7171 1.3
      vertex 45.4221 -43.7171 3
    endloop
  endfacet
  facet normal -0.989162 -0.146829 0
    outer loop
      vertex 45.443 -43.8579 1.3
      vertex 45.4221 -43.7171 3
      vertex 45.4221 -43.7171 1.3
    endloop
  endfacet
  facet normal -0.989162 -0.146829 0
    outer loop
      vertex 45.4221 -43.7171 3
      vertex 45.443 -43.8579 1.3
      vertex 45.443 -43.8579 3
    endloop
  endfacet
  facet normal -0.941424 -0.337226 0
    outer loop
      vertex 45.3876 -43.5791 1.3
      vertex 45.3396 -43.4451 3
      vertex 45.3396 -43.4451 1.3
    endloop
  endfacet
  facet normal -0.941424 -0.337226 0
    outer loop
      vertex 45.3396 -43.4451 3
      vertex 45.3876 -43.5791 1.3
      vertex 45.3876 -43.5791 3
    endloop
  endfacet
  facet normal -0.803445 -0.595379 0
    outer loop
      vertex 45.2056 -43.1944 1.3
      vertex 45.1209 -43.0801 3
      vertex 45.1209 -43.0801 1.3
    endloop
  endfacet
  facet normal -0.803445 -0.595379 0
    outer loop
      vertex 45.1209 -43.0801 3
      vertex 45.2056 -43.1944 1.3
      vertex 45.2056 -43.1944 3
    endloop
  endfacet
  facet normal -0.857679 -0.514186 0
    outer loop
      vertex 45.2788 -43.3165 1.3
      vertex 45.2056 -43.1944 3
      vertex 45.2056 -43.1944 1.3
    endloop
  endfacet
  facet normal -0.857679 -0.514186 0
    outer loop
      vertex 45.2056 -43.1944 3
      vertex 45.2788 -43.3165 1.3
      vertex 45.2788 -43.3165 3
    endloop
  endfacet
  facet normal -0.242536 -0.970143 0
    outer loop
      vertex 44.2829 -42.5779 1.3
      vertex 44.4209 -42.6124 3
      vertex 44.2829 -42.5779 3
    endloop
  endfacet
  facet normal -0.242536 -0.970143 -0
    outer loop
      vertex 44.4209 -42.6124 3
      vertex 44.2829 -42.5779 1.3
      vertex 44.4209 -42.6124 1.3
    endloop
  endfacet
  facet normal -0.337226 -0.941424 0
    outer loop
      vertex 44.4209 -42.6124 1.3
      vertex 44.5549 -42.6604 3
      vertex 44.4209 -42.6124 3
    endloop
  endfacet
  facet normal -0.337226 -0.941424 -0
    outer loop
      vertex 44.5549 -42.6604 3
      vertex 44.4209 -42.6124 1.3
      vertex 44.5549 -42.6604 1.3
    endloop
  endfacet
  facet normal -0.146829 -0.989162 0
    outer loop
      vertex 44.1421 -42.557 1.3
      vertex 44.2829 -42.5779 3
      vertex 44.1421 -42.557 3
    endloop
  endfacet
  facet normal -0.146829 -0.989162 -0
    outer loop
      vertex 44.2829 -42.5779 3
      vertex 44.1421 -42.557 1.3
      vertex 44.2829 -42.5779 1.3
    endloop
  endfacet
  facet normal -0.514186 -0.857679 0
    outer loop
      vertex 44.6835 -42.7212 1.3
      vertex 44.8056 -42.7944 3
      vertex 44.6835 -42.7212 3
    endloop
  endfacet
  facet normal -0.514186 -0.857679 -0
    outer loop
      vertex 44.8056 -42.7944 3
      vertex 44.6835 -42.7212 1.3
      vertex 44.8056 -42.7944 1.3
    endloop
  endfacet
  facet normal -0.671833 -0.740703 0
    outer loop
      vertex 44.9199 -42.8791 1.3
      vertex 45.0253 -42.9747 3
      vertex 44.9199 -42.8791 3
    endloop
  endfacet
  facet normal -0.671833 -0.740703 -0
    outer loop
      vertex 45.0253 -42.9747 3
      vertex 44.9199 -42.8791 1.3
      vertex 45.0253 -42.9747 1.3
    endloop
  endfacet
  facet normal 0.970143 -0.242536 0
    outer loop
      vertex 42.5779 -43.7171 3
      vertex 42.6124 -43.5791 1.3
      vertex 42.6124 -43.5791 3
    endloop
  endfacet
  facet normal 0.970143 -0.242536 0
    outer loop
      vertex 42.6124 -43.5791 1.3
      vertex 42.5779 -43.7171 3
      vertex 42.5779 -43.7171 1.3
    endloop
  endfacet
  facet normal 0.803445 -0.595379 0
    outer loop
      vertex 42.7944 -43.1944 3
      vertex 42.8791 -43.0801 1.3
      vertex 42.8791 -43.0801 3
    endloop
  endfacet
  facet normal 0.803445 -0.595379 0
    outer loop
      vertex 42.8791 -43.0801 1.3
      vertex 42.7944 -43.1944 3
      vertex 42.7944 -43.1944 1.3
    endloop
  endfacet
  facet normal 0.740703 -0.671833 0
    outer loop
      vertex 42.8791 -43.0801 3
      vertex 42.9747 -42.9747 1.3
      vertex 42.9747 -42.9747 3
    endloop
  endfacet
  facet normal 0.740703 -0.671833 0
    outer loop
      vertex 42.9747 -42.9747 1.3
      vertex 42.8791 -43.0801 3
      vertex 42.8791 -43.0801 1.3
    endloop
  endfacet
  facet normal 0.857679 -0.514186 0
    outer loop
      vertex 42.7212 -43.3165 3
      vertex 42.7944 -43.1944 1.3
      vertex 42.7944 -43.1944 3
    endloop
  endfacet
  facet normal 0.857679 -0.514186 0
    outer loop
      vertex 42.7944 -43.1944 1.3
      vertex 42.7212 -43.3165 3
      vertex 42.7212 -43.3165 1.3
    endloop
  endfacet
  facet normal 0.941424 -0.337226 0
    outer loop
      vertex 42.6124 -43.5791 3
      vertex 42.6604 -43.4451 1.3
      vertex 42.6604 -43.4451 3
    endloop
  endfacet
  facet normal 0.941424 -0.337226 0
    outer loop
      vertex 42.6604 -43.4451 1.3
      vertex 42.6124 -43.5791 3
      vertex 42.6124 -43.5791 1.3
    endloop
  endfacet
  facet normal 0.989162 -0.146829 0
    outer loop
      vertex 42.557 -43.8579 3
      vertex 42.5779 -43.7171 1.3
      vertex 42.5779 -43.7171 3
    endloop
  endfacet
  facet normal 0.989162 -0.146829 0
    outer loop
      vertex 42.5779 -43.7171 1.3
      vertex 42.557 -43.8579 3
      vertex 42.557 -43.8579 1.3
    endloop
  endfacet
  facet normal 0.514186 -0.857679 0
    outer loop
      vertex 43.1944 -42.7944 1.3
      vertex 43.3165 -42.7212 3
      vertex 43.1944 -42.7944 3
    endloop
  endfacet
  facet normal 0.514186 -0.857679 0
    outer loop
      vertex 43.3165 -42.7212 3
      vertex 43.1944 -42.7944 1.3
      vertex 43.3165 -42.7212 1.3
    endloop
  endfacet
  facet normal 0.427421 -0.904053 0
    outer loop
      vertex 43.3165 -42.7212 1.3
      vertex 43.4451 -42.6604 3
      vertex 43.3165 -42.7212 3
    endloop
  endfacet
  facet normal 0.427421 -0.904053 0
    outer loop
      vertex 43.4451 -42.6604 3
      vertex 43.3165 -42.7212 1.3
      vertex 43.4451 -42.6604 1.3
    endloop
  endfacet
  facet normal 0.595379 -0.803445 0
    outer loop
      vertex 43.0801 -42.8791 1.3
      vertex 43.1944 -42.7944 3
      vertex 43.0801 -42.8791 3
    endloop
  endfacet
  facet normal 0.595379 -0.803445 0
    outer loop
      vertex 43.1944 -42.7944 3
      vertex 43.0801 -42.8791 1.3
      vertex 43.1944 -42.7944 1.3
    endloop
  endfacet
  facet normal 0.242536 -0.970143 0
    outer loop
      vertex 43.5791 -42.6124 1.3
      vertex 43.7171 -42.5779 3
      vertex 43.5791 -42.6124 3
    endloop
  endfacet
  facet normal 0.242536 -0.970143 0
    outer loop
      vertex 43.7171 -42.5779 3
      vertex 43.5791 -42.6124 1.3
      vertex 43.7171 -42.5779 1.3
    endloop
  endfacet
  facet normal 0.0492014 -0.998789 0
    outer loop
      vertex 43.8579 -42.557 1.3
      vertex 44 -42.55 3
      vertex 43.8579 -42.557 3
    endloop
  endfacet
  facet normal 0.0492014 -0.998789 0
    outer loop
      vertex 44 -42.55 3
      vertex 43.8579 -42.557 1.3
      vertex 44 -42.55 1.3
    endloop
  endfacet
  facet normal -0.998789 0.0492014 0
    outer loop
      vertex 45.443 -44.1421 1.3
      vertex 45.45 -44 3
      vertex 45.45 -44 1.3
    endloop
  endfacet
  facet normal -0.998789 0.0492014 0
    outer loop
      vertex 45.45 -44 3
      vertex 45.443 -44.1421 1.3
      vertex 45.443 -44.1421 3
    endloop
  endfacet
  facet normal -0.0492014 0.998789 0
    outer loop
      vertex 44.1421 -45.443 1.3
      vertex 44 -45.45 3
      vertex 44.1421 -45.443 3
    endloop
  endfacet
  facet normal -0.0492014 0.998789 0
    outer loop
      vertex 44 -45.45 3
      vertex 44.1421 -45.443 1.3
      vertex 44 -45.45 1.3
    endloop
  endfacet
  facet normal -0.242536 0.970143 0
    outer loop
      vertex 44.4209 -45.3876 1.3
      vertex 44.2829 -45.4221 3
      vertex 44.4209 -45.3876 3
    endloop
  endfacet
  facet normal -0.242536 0.970143 0
    outer loop
      vertex 44.2829 -45.4221 3
      vertex 44.4209 -45.3876 1.3
      vertex 44.2829 -45.4221 1.3
    endloop
  endfacet
  facet normal -0.595379 0.803445 0
    outer loop
      vertex 44.9199 -45.1209 1.3
      vertex 44.8056 -45.2056 3
      vertex 44.9199 -45.1209 3
    endloop
  endfacet
  facet normal -0.595379 0.803445 0
    outer loop
      vertex 44.8056 -45.2056 3
      vertex 44.9199 -45.1209 1.3
      vertex 44.8056 -45.2056 1.3
    endloop
  endfacet
  facet normal -0.427421 0.904053 0
    outer loop
      vertex 44.6835 -45.2788 1.3
      vertex 44.5549 -45.3396 3
      vertex 44.6835 -45.2788 3
    endloop
  endfacet
  facet normal -0.427421 0.904053 0
    outer loop
      vertex 44.5549 -45.3396 3
      vertex 44.6835 -45.2788 1.3
      vertex 44.5549 -45.3396 1.3
    endloop
  endfacet
  facet normal -0.740703 0.671833 0
    outer loop
      vertex 45.0253 -45.0253 1.3
      vertex 45.1209 -44.9199 3
      vertex 45.1209 -44.9199 1.3
    endloop
  endfacet
  facet normal -0.740703 0.671833 0
    outer loop
      vertex 45.1209 -44.9199 3
      vertex 45.0253 -45.0253 1.3
      vertex 45.0253 -45.0253 3
    endloop
  endfacet
  facet normal 0.671833 0.740703 -0
    outer loop
      vertex 43.0801 -45.1209 1.3
      vertex 42.9747 -45.0253 3
      vertex 43.0801 -45.1209 3
    endloop
  endfacet
  facet normal 0.671833 0.740703 0
    outer loop
      vertex 42.9747 -45.0253 3
      vertex 43.0801 -45.1209 1.3
      vertex 42.9747 -45.0253 1.3
    endloop
  endfacet
  facet normal 0.514186 0.857679 -0
    outer loop
      vertex 43.3165 -45.2788 1.3
      vertex 43.1944 -45.2056 3
      vertex 43.3165 -45.2788 3
    endloop
  endfacet
  facet normal 0.514186 0.857679 0
    outer loop
      vertex 43.1944 -45.2056 3
      vertex 43.3165 -45.2788 1.3
      vertex 43.1944 -45.2056 1.3
    endloop
  endfacet
  facet normal 0.337226 0.941424 -0
    outer loop
      vertex 43.5791 -45.3876 1.3
      vertex 43.4451 -45.3396 3
      vertex 43.5791 -45.3876 3
    endloop
  endfacet
  facet normal 0.337226 0.941424 0
    outer loop
      vertex 43.4451 -45.3396 3
      vertex 43.5791 -45.3876 1.3
      vertex 43.4451 -45.3396 1.3
    endloop
  endfacet
  facet normal 0.146829 0.989162 -0
    outer loop
      vertex 43.8579 -45.443 1.3
      vertex 43.7171 -45.4221 3
      vertex 43.8579 -45.443 3
    endloop
  endfacet
  facet normal 0.146829 0.989162 0
    outer loop
      vertex 43.7171 -45.4221 3
      vertex 43.8579 -45.443 1.3
      vertex 43.7171 -45.4221 1.3
    endloop
  endfacet
  facet normal 0.904053 0.427421 0
    outer loop
      vertex 42.7212 -44.6835 3
      vertex 42.6604 -44.5549 1.3
      vertex 42.6604 -44.5549 3
    endloop
  endfacet
  facet normal 0.904053 0.427421 0
    outer loop
      vertex 42.6604 -44.5549 1.3
      vertex 42.7212 -44.6835 3
      vertex 42.7212 -44.6835 1.3
    endloop
  endfacet
  facet normal 0.803445 0.595379 0
    outer loop
      vertex 42.8791 -44.9199 3
      vertex 42.7944 -44.8056 1.3
      vertex 42.7944 -44.8056 3
    endloop
  endfacet
  facet normal 0.803445 0.595379 0
    outer loop
      vertex 42.7944 -44.8056 1.3
      vertex 42.8791 -44.9199 3
      vertex 42.8791 -44.9199 1.3
    endloop
  endfacet
  facet normal 0.970143 0.242536 0
    outer loop
      vertex 42.6124 -44.4209 3
      vertex 42.5779 -44.2829 1.3
      vertex 42.5779 -44.2829 3
    endloop
  endfacet
  facet normal 0.970143 0.242536 0
    outer loop
      vertex 42.5779 -44.2829 1.3
      vertex 42.6124 -44.4209 3
      vertex 42.6124 -44.4209 1.3
    endloop
  endfacet
  facet normal -0.904053 0.427421 0
    outer loop
      vertex 45.2788 -44.6835 1.3
      vertex 45.3396 -44.5549 3
      vertex 45.3396 -44.5549 1.3
    endloop
  endfacet
  facet normal -0.904053 0.427421 0
    outer loop
      vertex 45.3396 -44.5549 3
      vertex 45.2788 -44.6835 1.3
      vertex 45.2788 -44.6835 3
    endloop
  endfacet
  facet normal -0.970143 0.242536 0
    outer loop
      vertex 45.3876 -44.4209 1.3
      vertex 45.4221 -44.2829 3
      vertex 45.4221 -44.2829 1.3
    endloop
  endfacet
  facet normal -0.970143 0.242536 0
    outer loop
      vertex 45.4221 -44.2829 3
      vertex 45.3876 -44.4209 1.3
      vertex 45.3876 -44.4209 3
    endloop
  endfacet
  facet normal -0.146829 0.989162 0
    outer loop
      vertex 44.2829 -45.4221 1.3
      vertex 44.1421 -45.443 3
      vertex 44.2829 -45.4221 3
    endloop
  endfacet
  facet normal -0.146829 0.989162 0
    outer loop
      vertex 44.1421 -45.443 3
      vertex 44.2829 -45.4221 1.3
      vertex 44.1421 -45.443 1.3
    endloop
  endfacet
  facet normal -0.337226 0.941424 0
    outer loop
      vertex 44.5549 -45.3396 1.3
      vertex 44.4209 -45.3876 3
      vertex 44.5549 -45.3396 3
    endloop
  endfacet
  facet normal -0.337226 0.941424 0
    outer loop
      vertex 44.4209 -45.3876 3
      vertex 44.5549 -45.3396 1.3
      vertex 44.4209 -45.3876 1.3
    endloop
  endfacet
  facet normal -0.671833 0.740703 0
    outer loop
      vertex 45.0253 -45.0253 1.3
      vertex 44.9199 -45.1209 3
      vertex 45.0253 -45.0253 3
    endloop
  endfacet
  facet normal -0.671833 0.740703 0
    outer loop
      vertex 44.9199 -45.1209 3
      vertex 45.0253 -45.0253 1.3
      vertex 44.9199 -45.1209 1.3
    endloop
  endfacet
  facet normal -0.514186 0.857679 0
    outer loop
      vertex 44.8056 -45.2056 1.3
      vertex 44.6835 -45.2788 3
      vertex 44.8056 -45.2056 3
    endloop
  endfacet
  facet normal -0.514186 0.857679 0
    outer loop
      vertex 44.6835 -45.2788 3
      vertex 44.8056 -45.2056 1.3
      vertex 44.6835 -45.2788 1.3
    endloop
  endfacet
  facet normal 0.595379 0.803445 -0
    outer loop
      vertex 43.1944 -45.2056 1.3
      vertex 43.0801 -45.1209 3
      vertex 43.1944 -45.2056 3
    endloop
  endfacet
  facet normal 0.595379 0.803445 0
    outer loop
      vertex 43.0801 -45.1209 3
      vertex 43.1944 -45.2056 1.3
      vertex 43.0801 -45.1209 1.3
    endloop
  endfacet
  facet normal 0.427421 0.904053 -0
    outer loop
      vertex 43.4451 -45.3396 1.3
      vertex 43.3165 -45.2788 3
      vertex 43.4451 -45.3396 3
    endloop
  endfacet
  facet normal 0.427421 0.904053 0
    outer loop
      vertex 43.3165 -45.2788 3
      vertex 43.4451 -45.3396 1.3
      vertex 43.3165 -45.2788 1.3
    endloop
  endfacet
  facet normal 0.242536 0.970143 -0
    outer loop
      vertex 43.7171 -45.4221 1.3
      vertex 43.5791 -45.3876 3
      vertex 43.7171 -45.4221 3
    endloop
  endfacet
  facet normal 0.242536 0.970143 0
    outer loop
      vertex 43.5791 -45.3876 3
      vertex 43.7171 -45.4221 1.3
      vertex 43.5791 -45.3876 1.3
    endloop
  endfacet
  facet normal 0.857679 0.514186 0
    outer loop
      vertex 42.7944 -44.8056 3
      vertex 42.7212 -44.6835 1.3
      vertex 42.7212 -44.6835 3
    endloop
  endfacet
  facet normal 0.857679 0.514186 0
    outer loop
      vertex 42.7212 -44.6835 1.3
      vertex 42.7944 -44.8056 3
      vertex 42.7944 -44.8056 1.3
    endloop
  endfacet
  facet normal 0.941424 0.337226 0
    outer loop
      vertex 42.6604 -44.5549 3
      vertex 42.6124 -44.4209 1.3
      vertex 42.6124 -44.4209 3
    endloop
  endfacet
  facet normal 0.941424 0.337226 0
    outer loop
      vertex 42.6124 -44.4209 1.3
      vertex 42.6604 -44.5549 3
      vertex 42.6604 -44.5549 1.3
    endloop
  endfacet
  facet normal 0.989162 0.146829 0
    outer loop
      vertex 42.5779 -44.2829 3
      vertex 42.557 -44.1421 1.3
      vertex 42.557 -44.1421 3
    endloop
  endfacet
  facet normal 0.989162 0.146829 0
    outer loop
      vertex 42.557 -44.1421 1.3
      vertex 42.5779 -44.2829 3
      vertex 42.5779 -44.2829 1.3
    endloop
  endfacet
  facet normal -0.989162 0.146829 0
    outer loop
      vertex 45.4221 -44.2829 1.3
      vertex 45.443 -44.1421 3
      vertex 45.443 -44.1421 1.3
    endloop
  endfacet
  facet normal -0.989162 0.146829 0
    outer loop
      vertex 45.443 -44.1421 3
      vertex 45.4221 -44.2829 1.3
      vertex 45.4221 -44.2829 3
    endloop
  endfacet
  facet normal -0.803445 0.595379 0
    outer loop
      vertex 45.1209 -44.9199 1.3
      vertex 45.2056 -44.8056 3
      vertex 45.2056 -44.8056 1.3
    endloop
  endfacet
  facet normal -0.803445 0.595379 0
    outer loop
      vertex 45.2056 -44.8056 3
      vertex 45.1209 -44.9199 1.3
      vertex 45.1209 -44.9199 3
    endloop
  endfacet
  facet normal -0.857679 0.514186 0
    outer loop
      vertex 45.2056 -44.8056 1.3
      vertex 45.2788 -44.6835 3
      vertex 45.2788 -44.6835 1.3
    endloop
  endfacet
  facet normal -0.857679 0.514186 0
    outer loop
      vertex 45.2788 -44.6835 3
      vertex 45.2056 -44.8056 1.3
      vertex 45.2056 -44.8056 3
    endloop
  endfacet
  facet normal -0.941424 0.337226 0
    outer loop
      vertex 45.3396 -44.5549 1.3
      vertex 45.3876 -44.4209 3
      vertex 45.3876 -44.4209 1.3
    endloop
  endfacet
  facet normal -0.941424 0.337226 0
    outer loop
      vertex 45.3876 -44.4209 3
      vertex 45.3396 -44.5549 1.3
      vertex 45.3396 -44.5549 3
    endloop
  endfacet
  facet normal -0.998803 -0.0489044 0
    outer loop
      vertex 47 -44 0
      vertex 46.9856 -43.7059 1.3
      vertex 46.9856 -43.7059 0
    endloop
  endfacet
  facet normal -0.998803 -0.0489044 0
    outer loop
      vertex 46.9856 -43.7059 1.3
      vertex 47 -44 0
      vertex 47 -44 1.3
    endloop
  endfacet
  facet normal 0.0489044 -0.998803 0
    outer loop
      vertex 43.7059 -41.0144 0
      vertex 44 -41 1.3
      vertex 43.7059 -41.0144 1.3
    endloop
  endfacet
  facet normal 0.0489044 -0.998803 0
    outer loop
      vertex 44 -41 1.3
      vertex 43.7059 -41.0144 0
      vertex 44 -41 0
    endloop
  endfacet
  facet normal -0.0489044 0.998803 0
    outer loop
      vertex 44.2941 -46.9856 0
      vertex 44 -47 1.3
      vertex 44.2941 -46.9856 1.3
    endloop
  endfacet
  facet normal -0.0489044 0.998803 0
    outer loop
      vertex 44 -47 1.3
      vertex 44.2941 -46.9856 0
      vertex 44 -47 0
    endloop
  endfacet
  facet normal -0.671607 -0.740908 0
    outer loop
      vertex 45.9032 -41.681 0
      vertex 46.1213 -41.8787 1.3
      vertex 45.9032 -41.681 1.3
    endloop
  endfacet
  facet normal -0.671607 -0.740908 -0
    outer loop
      vertex 46.1213 -41.8787 1.3
      vertex 45.9032 -41.681 0
      vertex 46.1213 -41.8787 0
    endloop
  endfacet
  facet normal 0.740908 -0.671607 0
    outer loop
      vertex 41.681 -42.0968 1.3
      vertex 41.8787 -41.8787 0
      vertex 41.8787 -41.8787 1.3
    endloop
  endfacet
  facet normal 0.740908 -0.671607 0
    outer loop
      vertex 41.8787 -41.8787 0
      vertex 41.681 -42.0968 1.3
      vertex 41.681 -42.0968 0
    endloop
  endfacet
  facet normal 0.427269 -0.904125 0
    outer loop
      vertex 42.5858 -41.3542 0
      vertex 42.852 -41.2284 1.3
      vertex 42.5858 -41.3542 1.3
    endloop
  endfacet
  facet normal 0.427269 -0.904125 0
    outer loop
      vertex 42.852 -41.2284 1.3
      vertex 42.5858 -41.3542 0
      vertex 42.852 -41.2284 0
    endloop
  endfacet
  facet normal -0.904125 -0.427269 0
    outer loop
      vertex 46.7716 -42.852 0
      vertex 46.6458 -42.5858 1.3
      vertex 46.6458 -42.5858 0
    endloop
  endfacet
  facet normal -0.904125 -0.427269 0
    outer loop
      vertex 46.6458 -42.5858 1.3
      vertex 46.7716 -42.852 0
      vertex 46.7716 -42.852 1.3
    endloop
  endfacet
  facet normal -0.337047 -0.941488 0
    outer loop
      vertex 44.8709 -41.1292 0
      vertex 45.148 -41.2284 1.3
      vertex 44.8709 -41.1292 1.3
    endloop
  endfacet
  facet normal -0.337047 -0.941488 -0
    outer loop
      vertex 45.148 -41.2284 1.3
      vertex 44.8709 -41.1292 0
      vertex 45.148 -41.2284 0
    endloop
  endfacet
  facet normal -0.514246 -0.857643 0
    outer loop
      vertex 45.4142 -41.3542 0
      vertex 45.6667 -41.5056 1.3
      vertex 45.4142 -41.3542 1.3
    endloop
  endfacet
  facet normal -0.514246 -0.857643 -0
    outer loop
      vertex 45.6667 -41.5056 1.3
      vertex 45.4142 -41.3542 0
      vertex 45.6667 -41.5056 0
    endloop
  endfacet
  facet normal 0.941488 -0.337047 0
    outer loop
      vertex 41.1292 -43.1291 1.3
      vertex 41.2284 -42.852 0
      vertex 41.2284 -42.852 1.3
    endloop
  endfacet
  facet normal 0.941488 -0.337047 0
    outer loop
      vertex 41.2284 -42.852 0
      vertex 41.1292 -43.1291 1.3
      vertex 41.1292 -43.1291 0
    endloop
  endfacet
  facet normal 0.243175 -0.969982 0
    outer loop
      vertex 43.1291 -41.1292 0
      vertex 43.4147 -41.0576 1.3
      vertex 43.1291 -41.1292 1.3
    endloop
  endfacet
  facet normal 0.243175 -0.969982 0
    outer loop
      vertex 43.4147 -41.0576 1.3
      vertex 43.1291 -41.1292 0
      vertex 43.4147 -41.0576 0
    endloop
  endfacet
  facet normal -0.337047 0.941488 0
    outer loop
      vertex 45.148 -46.7716 0
      vertex 44.8709 -46.8708 1.3
      vertex 45.148 -46.7716 1.3
    endloop
  endfacet
  facet normal -0.337047 0.941488 0
    outer loop
      vertex 44.8709 -46.8708 1.3
      vertex 45.148 -46.7716 0
      vertex 44.8709 -46.8708 0
    endloop
  endfacet
  facet normal -0.427269 0.904125 0
    outer loop
      vertex 45.4142 -46.6458 0
      vertex 45.148 -46.7716 1.3
      vertex 45.4142 -46.6458 1.3
    endloop
  endfacet
  facet normal -0.427269 0.904125 0
    outer loop
      vertex 45.148 -46.7716 1.3
      vertex 45.4142 -46.6458 0
      vertex 45.148 -46.7716 0
    endloop
  endfacet
  facet normal -0.969982 -0.243175 0
    outer loop
      vertex 46.9424 -43.4147 0
      vertex 46.8708 -43.1291 1.3
      vertex 46.8708 -43.1291 0
    endloop
  endfacet
  facet normal -0.969982 -0.243175 0
    outer loop
      vertex 46.8708 -43.1291 1.3
      vertex 46.9424 -43.4147 0
      vertex 46.9424 -43.4147 1.3
    endloop
  endfacet
  facet normal -0.989174 -0.146746 0
    outer loop
      vertex 46.9856 -43.7059 0
      vertex 46.9424 -43.4147 1.3
      vertex 46.9424 -43.4147 0
    endloop
  endfacet
  facet normal -0.989174 -0.146746 0
    outer loop
      vertex 46.9424 -43.4147 1.3
      vertex 46.9856 -43.7059 0
      vertex 46.9856 -43.7059 1.3
    endloop
  endfacet
  facet normal -0.941488 -0.337047 0
    outer loop
      vertex 46.8708 -43.1291 0
      vertex 46.7716 -42.852 1.3
      vertex 46.7716 -42.852 0
    endloop
  endfacet
  facet normal -0.941488 -0.337047 0
    outer loop
      vertex 46.7716 -42.852 1.3
      vertex 46.8708 -43.1291 0
      vertex 46.8708 -43.1291 1.3
    endloop
  endfacet
  facet normal -0.803208 -0.595699 0
    outer loop
      vertex 46.4944 -42.3333 0
      vertex 46.319 -42.0968 1.3
      vertex 46.319 -42.0968 0
    endloop
  endfacet
  facet normal -0.803208 -0.595699 0
    outer loop
      vertex 46.319 -42.0968 1.3
      vertex 46.4944 -42.3333 0
      vertex 46.4944 -42.3333 1.3
    endloop
  endfacet
  facet normal -0.740908 -0.671607 0
    outer loop
      vertex 46.319 -42.0968 0
      vertex 46.1213 -41.8787 1.3
      vertex 46.1213 -41.8787 0
    endloop
  endfacet
  facet normal -0.740908 -0.671607 0
    outer loop
      vertex 46.1213 -41.8787 1.3
      vertex 46.319 -42.0968 0
      vertex 46.319 -42.0968 1.3
    endloop
  endfacet
  facet normal -0.857643 -0.514246 0
    outer loop
      vertex 46.6458 -42.5858 0
      vertex 46.4944 -42.3333 1.3
      vertex 46.4944 -42.3333 0
    endloop
  endfacet
  facet normal -0.857643 -0.514246 0
    outer loop
      vertex 46.4944 -42.3333 1.3
      vertex 46.6458 -42.5858 0
      vertex 46.6458 -42.5858 1.3
    endloop
  endfacet
  facet normal -0.146746 -0.989174 0
    outer loop
      vertex 44.2941 -41.0144 0
      vertex 44.5853 -41.0576 1.3
      vertex 44.2941 -41.0144 1.3
    endloop
  endfacet
  facet normal -0.146746 -0.989174 -0
    outer loop
      vertex 44.5853 -41.0576 1.3
      vertex 44.2941 -41.0144 0
      vertex 44.5853 -41.0576 0
    endloop
  endfacet
  facet normal -0.243175 -0.969982 0
    outer loop
      vertex 44.5853 -41.0576 0
      vertex 44.8709 -41.1292 1.3
      vertex 44.5853 -41.0576 1.3
    endloop
  endfacet
  facet normal -0.243175 -0.969982 -0
    outer loop
      vertex 44.8709 -41.1292 1.3
      vertex 44.5853 -41.0576 0
      vertex 44.8709 -41.1292 0
    endloop
  endfacet
  facet normal -0.0489044 -0.998803 0
    outer loop
      vertex 44 -41 0
      vertex 44.2941 -41.0144 1.3
      vertex 44 -41 1.3
    endloop
  endfacet
  facet normal -0.0489044 -0.998803 -0
    outer loop
      vertex 44.2941 -41.0144 1.3
      vertex 44 -41 0
      vertex 44.2941 -41.0144 0
    endloop
  endfacet
  facet normal -0.427269 -0.904125 0
    outer loop
      vertex 45.148 -41.2284 0
      vertex 45.4142 -41.3542 1.3
      vertex 45.148 -41.2284 1.3
    endloop
  endfacet
  facet normal -0.427269 -0.904125 -0
    outer loop
      vertex 45.4142 -41.3542 1.3
      vertex 45.148 -41.2284 0
      vertex 45.4142 -41.3542 0
    endloop
  endfacet
  facet normal -0.595699 -0.803208 0
    outer loop
      vertex 45.6667 -41.5056 0
      vertex 45.9032 -41.681 1.3
      vertex 45.6667 -41.5056 1.3
    endloop
  endfacet
  facet normal -0.595699 -0.803208 -0
    outer loop
      vertex 45.9032 -41.681 1.3
      vertex 45.6667 -41.5056 0
      vertex 45.9032 -41.681 0
    endloop
  endfacet
  facet normal 0.989174 -0.146746 0
    outer loop
      vertex 41.0144 -43.7059 1.3
      vertex 41.0576 -43.4147 0
      vertex 41.0576 -43.4147 1.3
    endloop
  endfacet
  facet normal 0.989174 -0.146746 0
    outer loop
      vertex 41.0576 -43.4147 0
      vertex 41.0144 -43.7059 1.3
      vertex 41.0144 -43.7059 0
    endloop
  endfacet
  facet normal 0.857643 -0.514246 0
    outer loop
      vertex 41.3542 -42.5858 1.3
      vertex 41.5056 -42.3333 0
      vertex 41.5056 -42.3333 1.3
    endloop
  endfacet
  facet normal 0.857643 -0.514246 0
    outer loop
      vertex 41.5056 -42.3333 0
      vertex 41.3542 -42.5858 1.3
      vertex 41.3542 -42.5858 0
    endloop
  endfacet
  facet normal 0.803208 -0.595699 0
    outer loop
      vertex 41.5056 -42.3333 1.3
      vertex 41.681 -42.0968 0
      vertex 41.681 -42.0968 1.3
    endloop
  endfacet
  facet normal 0.803208 -0.595699 0
    outer loop
      vertex 41.681 -42.0968 0
      vertex 41.5056 -42.3333 1.3
      vertex 41.5056 -42.3333 0
    endloop
  endfacet
  facet normal 0.904125 -0.427269 0
    outer loop
      vertex 41.2284 -42.852 1.3
      vertex 41.3542 -42.5858 0
      vertex 41.3542 -42.5858 1.3
    endloop
  endfacet
  facet normal 0.904125 -0.427269 0
    outer loop
      vertex 41.3542 -42.5858 0
      vertex 41.2284 -42.852 1.3
      vertex 41.2284 -42.852 0
    endloop
  endfacet
  facet normal 0.969982 -0.243175 0
    outer loop
      vertex 41.0576 -43.4147 1.3
      vertex 41.1292 -43.1291 0
      vertex 41.1292 -43.1291 1.3
    endloop
  endfacet
  facet normal 0.969982 -0.243175 0
    outer loop
      vertex 41.1292 -43.1291 0
      vertex 41.0576 -43.4147 1.3
      vertex 41.0576 -43.4147 0
    endloop
  endfacet
  facet normal 0.998803 -0.0489044 0
    outer loop
      vertex 41 -44 1.3
      vertex 41.0144 -43.7059 0
      vertex 41.0144 -43.7059 1.3
    endloop
  endfacet
  facet normal 0.998803 -0.0489044 0
    outer loop
      vertex 41.0144 -43.7059 0
      vertex 41 -44 1.3
      vertex 41 -44 0
    endloop
  endfacet
  facet normal 0 0 -1
    outer loop
      vertex 45.45 -44 1.3
      vertex 47 -44 1.3
      vertex 46.9856 -44.2941 1.3
    endloop
  endfacet
  facet normal 0 0 -1
    outer loop
      vertex 45.443 -44.1421 1.3
      vertex 46.9856 -44.2941 1.3
      vertex 46.9424 -44.5853 1.3
    endloop
  endfacet
  facet normal 0 0 -1
    outer loop
      vertex 47 -44 1.3
      vertex 45.45 -44 1.3
      vertex 46.9856 -43.7059 1.3
    endloop
  endfacet
  facet normal 0 0 -1
    outer loop
      vertex 45.4221 -44.2829 1.3
      vertex 46.9424 -44.5853 1.3
      vertex 46.8708 -44.8709 1.3
    endloop
  endfacet
  facet normal 0 0 -1
    outer loop
      vertex 45.443 -43.8579 1.3
      vertex 46.9856 -43.7059 1.3
      vertex 45.45 -44 1.3
    endloop
  endfacet
  facet normal 0 0 -1
    outer loop
      vertex 45.3876 -44.4209 1.3
      vertex 46.8708 -44.8709 1.3
      vertex 46.7716 -45.148 1.3
    endloop
  endfacet
  facet normal -0 0 -1
    outer loop
      vertex 46.9856 -43.7059 1.3
      vertex 45.443 -43.8579 1.3
      vertex 46.9424 -43.4147 1.3
    endloop
  endfacet
  facet normal 0 0 -1
    outer loop
      vertex 45.3396 -44.5549 1.3
      vertex 46.7716 -45.148 1.3
      vertex 46.6458 -45.4142 1.3
    endloop
  endfacet
  facet normal 0 0 -1
    outer loop
      vertex 45.4221 -43.7171 1.3
      vertex 46.9424 -43.4147 1.3
      vertex 45.443 -43.8579 1.3
    endloop
  endfacet
  facet normal 0 0 -1
    outer loop
      vertex 45.2788 -44.6835 1.3
      vertex 46.6458 -45.4142 1.3
      vertex 46.4944 -45.6667 1.3
    endloop
  endfacet
  facet normal -0 0 -1
    outer loop
      vertex 46.9424 -43.4147 1.3
      vertex 45.4221 -43.7171 1.3
      vertex 46.8708 -43.1291 1.3
    endloop
  endfacet
  facet normal 0 0 -1
    outer loop
      vertex 45.2056 -44.8056 1.3
      vertex 46.4944 -45.6667 1.3
      vertex 46.319 -45.9032 1.3
    endloop
  endfacet
  facet normal 0 0 -1
    outer loop
      vertex 45.3876 -43.5791 1.3
      vertex 46.8708 -43.1291 1.3
      vertex 45.4221 -43.7171 1.3
    endloop
  endfacet
  facet normal 0 0 -1
    outer loop
      vertex 45.1209 -44.9199 1.3
      vertex 46.319 -45.9032 1.3
      vertex 46.1213 -46.1213 1.3
    endloop
  endfacet
  facet normal -0 0 -1
    outer loop
      vertex 46.8708 -43.1291 1.3
      vertex 45.3876 -43.5791 1.3
      vertex 46.7716 -42.852 1.3
    endloop
  endfacet
  facet normal 0 0 -1
    outer loop
      vertex 45.0253 -45.0253 1.3
      vertex 46.1213 -46.1213 1.3
      vertex 45.9032 -46.319 1.3
    endloop
  endfacet
  facet normal 0 0 -1
    outer loop
      vertex 45.3396 -43.4451 1.3
      vertex 46.7716 -42.852 1.3
      vertex 45.3876 -43.5791 1.3
    endloop
  endfacet
  facet normal 0 0 -1
    outer loop
      vertex 44.9199 -45.1209 1.3
      vertex 45.9032 -46.319 1.3
      vertex 45.6667 -46.4944 1.3
    endloop
  endfacet
  facet normal -0 0 -1
    outer loop
      vertex 46.7716 -42.852 1.3
      vertex 45.3396 -43.4451 1.3
      vertex 46.6458 -42.5858 1.3
    endloop
  endfacet
  facet normal 0 0 -1
    outer loop
      vertex 45.2788 -43.3165 1.3
      vertex 46.6458 -42.5858 1.3
      vertex 45.3396 -43.4451 1.3
    endloop
  endfacet
  facet normal 0 0 -1
    outer loop
      vertex 46.9856 -44.2941 1.3
      vertex 45.443 -44.1421 1.3
      vertex 45.45 -44 1.3
    endloop
  endfacet
  facet normal 0 0 -1
    outer loop
      vertex 46.9424 -44.5853 1.3
      vertex 45.4221 -44.2829 1.3
      vertex 45.443 -44.1421 1.3
    endloop
  endfacet
  facet normal 0 0 -1
    outer loop
      vertex 44.8056 -45.2056 1.3
      vertex 45.6667 -46.4944 1.3
      vertex 45.4142 -46.6458 1.3
    endloop
  endfacet
  facet normal 0 0 -1
    outer loop
      vertex 46.8708 -44.8709 1.3
      vertex 45.3876 -44.4209 1.3
      vertex 45.4221 -44.2829 1.3
    endloop
  endfacet
  facet normal 0 0 -1
    outer loop
      vertex 46.7716 -45.148 1.3
      vertex 45.3396 -44.5549 1.3
      vertex 45.3876 -44.4209 1.3
    endloop
  endfacet
  facet normal 0 0 -1
    outer loop
      vertex 46.6458 -45.4142 1.3
      vertex 45.2788 -44.6835 1.3
      vertex 45.3396 -44.5549 1.3
    endloop
  endfacet
  facet normal 0 0 -1
    outer loop
      vertex 46.4944 -45.6667 1.3
      vertex 45.2056 -44.8056 1.3
      vertex 45.2788 -44.6835 1.3
    endloop
  endfacet
  facet normal 0 0 -1
    outer loop
      vertex 44.6835 -45.2788 1.3
      vertex 45.4142 -46.6458 1.3
      vertex 45.148 -46.7716 1.3
    endloop
  endfacet
  facet normal 0 0 -1
    outer loop
      vertex 46.319 -45.9032 1.3
      vertex 45.1209 -44.9199 1.3
      vertex 45.2056 -44.8056 1.3
    endloop
  endfacet
  facet normal 0 0 -1
    outer loop
      vertex 46.1213 -46.1213 1.3
      vertex 45.0253 -45.0253 1.3
      vertex 45.1209 -44.9199 1.3
    endloop
  endfacet
  facet normal 0 0 -1
    outer loop
      vertex 45.9032 -46.319 1.3
      vertex 44.9199 -45.1209 1.3
      vertex 45.0253 -45.0253 1.3
    endloop
  endfacet
  facet normal 0 0 -1
    outer loop
      vertex 44.5549 -45.3396 1.3
      vertex 45.148 -46.7716 1.3
      vertex 44.8709 -46.8708 1.3
    endloop
  endfacet
  facet normal 0 0 -1
    outer loop
      vertex 45.6667 -46.4944 1.3
      vertex 44.8056 -45.2056 1.3
      vertex 44.9199 -45.1209 1.3
    endloop
  endfacet
  facet normal 0 0 -1
    outer loop
      vertex 45.4142 -46.6458 1.3
      vertex 44.6835 -45.2788 1.3
      vertex 44.8056 -45.2056 1.3
    endloop
  endfacet
  facet normal 0 0 -1
    outer loop
      vertex 44.4209 -45.3876 1.3
      vertex 44.8709 -46.8708 1.3
      vertex 44.5853 -46.9424 1.3
    endloop
  endfacet
  facet normal 0 0 -1
    outer loop
      vertex 45.148 -46.7716 1.3
      vertex 44.5549 -45.3396 1.3
      vertex 44.6835 -45.2788 1.3
    endloop
  endfacet
  facet normal 0 0 -1
    outer loop
      vertex 44.8709 -46.8708 1.3
      vertex 44.4209 -45.3876 1.3
      vertex 44.5549 -45.3396 1.3
    endloop
  endfacet
  facet normal 0 0 -1
    outer loop
      vertex 44.2829 -45.4221 1.3
      vertex 44.5853 -46.9424 1.3
      vertex 44.2941 -46.9856 1.3
    endloop
  endfacet
  facet normal 0 0 -1
    outer loop
      vertex 44.5853 -46.9424 1.3
      vertex 44.2829 -45.4221 1.3
      vertex 44.4209 -45.3876 1.3
    endloop
  endfacet
  facet normal 0 0 -1
    outer loop
      vertex 44.2941 -46.9856 1.3
      vertex 44.1421 -45.443 1.3
      vertex 44.2829 -45.4221 1.3
    endloop
  endfacet
  facet normal 0 0 -1
    outer loop
      vertex 44 -47 1.3
      vertex 44.1421 -45.443 1.3
      vertex 44.2941 -46.9856 1.3
    endloop
  endfacet
  facet normal 0 0 -1
    outer loop
      vertex 44 -47 1.3
      vertex 44 -45.45 1.3
      vertex 44.1421 -45.443 1.3
    endloop
  endfacet
  facet normal 0 0 -1
    outer loop
      vertex 44 -47 1.3
      vertex 43.8579 -45.443 1.3
      vertex 44 -45.45 1.3
    endloop
  endfacet
  facet normal 0 0 -1
    outer loop
      vertex 43.7059 -46.9856 1.3
      vertex 43.8579 -45.443 1.3
      vertex 44 -47 1.3
    endloop
  endfacet
  facet normal -0 0 -1
    outer loop
      vertex 43.8579 -45.443 1.3
      vertex 43.7059 -46.9856 1.3
      vertex 43.7171 -45.4221 1.3
    endloop
  endfacet
  facet normal 0 0 -1
    outer loop
      vertex 43.4147 -46.9424 1.3
      vertex 43.7171 -45.4221 1.3
      vertex 43.7059 -46.9856 1.3
    endloop
  endfacet
  facet normal -0 0 -1
    outer loop
      vertex 43.7171 -45.4221 1.3
      vertex 43.4147 -46.9424 1.3
      vertex 43.5791 -45.3876 1.3
    endloop
  endfacet
  facet normal 0 0 -1
    outer loop
      vertex 43.1291 -46.8708 1.3
      vertex 43.5791 -45.3876 1.3
      vertex 43.4147 -46.9424 1.3
    endloop
  endfacet
  facet normal -0 0 -1
    outer loop
      vertex 43.5791 -45.3876 1.3
      vertex 43.1291 -46.8708 1.3
      vertex 43.4451 -45.3396 1.3
    endloop
  endfacet
  facet normal 0 0 -1
    outer loop
      vertex 42.852 -46.7716 1.3
      vertex 43.4451 -45.3396 1.3
      vertex 43.1291 -46.8708 1.3
    endloop
  endfacet
  facet normal -0 0 -1
    outer loop
      vertex 43.4451 -45.3396 1.3
      vertex 42.852 -46.7716 1.3
      vertex 43.3165 -45.2788 1.3
    endloop
  endfacet
  facet normal 0 0 -1
    outer loop
      vertex 42.5858 -46.6458 1.3
      vertex 43.3165 -45.2788 1.3
      vertex 42.852 -46.7716 1.3
    endloop
  endfacet
  facet normal -0 0 -1
    outer loop
      vertex 43.3165 -45.2788 1.3
      vertex 42.5858 -46.6458 1.3
      vertex 43.1944 -45.2056 1.3
    endloop
  endfacet
  facet normal 0 0 -1
    outer loop
      vertex 42.3333 -46.4944 1.3
      vertex 43.1944 -45.2056 1.3
      vertex 42.5858 -46.6458 1.3
    endloop
  endfacet
  facet normal -0 0 -1
    outer loop
      vertex 43.1944 -45.2056 1.3
      vertex 42.3333 -46.4944 1.3
      vertex 43.0801 -45.1209 1.3
    endloop
  endfacet
  facet normal 0 0 -1
    outer loop
      vertex 42.0968 -46.319 1.3
      vertex 43.0801 -45.1209 1.3
      vertex 42.3333 -46.4944 1.3
    endloop
  endfacet
  facet normal -0 0 -1
    outer loop
      vertex 43.0801 -45.1209 1.3
      vertex 42.0968 -46.319 1.3
      vertex 42.9747 -45.0253 1.3
    endloop
  endfacet
  facet normal 0 0 -1
    outer loop
      vertex 41.8787 -46.1213 1.3
      vertex 42.9747 -45.0253 1.3
      vertex 42.0968 -46.319 1.3
    endloop
  endfacet
  facet normal -0 0 -1
    outer loop
      vertex 42.9747 -45.0253 1.3
      vertex 41.8787 -46.1213 1.3
      vertex 42.8791 -44.9199 1.3
    endloop
  endfacet
  facet normal 0 0 -1
    outer loop
      vertex 41.681 -45.9032 1.3
      vertex 42.8791 -44.9199 1.3
      vertex 41.8787 -46.1213 1.3
    endloop
  endfacet
  facet normal -0 0 -1
    outer loop
      vertex 42.8791 -44.9199 1.3
      vertex 41.681 -45.9032 1.3
      vertex 42.7944 -44.8056 1.3
    endloop
  endfacet
  facet normal 0 0 -1
    outer loop
      vertex 41.5056 -45.6667 1.3
      vertex 42.7944 -44.8056 1.3
      vertex 41.681 -45.9032 1.3
    endloop
  endfacet
  facet normal -0 0 -1
    outer loop
      vertex 42.7944 -44.8056 1.3
      vertex 41.5056 -45.6667 1.3
      vertex 42.7212 -44.6835 1.3
    endloop
  endfacet
  facet normal 0 0 -1
    outer loop
      vertex 41.3542 -45.4142 1.3
      vertex 42.7212 -44.6835 1.3
      vertex 41.5056 -45.6667 1.3
    endloop
  endfacet
  facet normal -0 0 -1
    outer loop
      vertex 46.6458 -42.5858 1.3
      vertex 45.2788 -43.3165 1.3
      vertex 46.4944 -42.3333 1.3
    endloop
  endfacet
  facet normal 0 0 -1
    outer loop
      vertex 45.2056 -43.1944 1.3
      vertex 46.4944 -42.3333 1.3
      vertex 45.2788 -43.3165 1.3
    endloop
  endfacet
  facet normal -0 0 -1
    outer loop
      vertex 46.4944 -42.3333 1.3
      vertex 45.2056 -43.1944 1.3
      vertex 46.319 -42.0968 1.3
    endloop
  endfacet
  facet normal 0 0 -1
    outer loop
      vertex 45.1209 -43.0801 1.3
      vertex 46.319 -42.0968 1.3
      vertex 45.2056 -43.1944 1.3
    endloop
  endfacet
  facet normal -0 0 -1
    outer loop
      vertex 46.319 -42.0968 1.3
      vertex 45.1209 -43.0801 1.3
      vertex 46.1213 -41.8787 1.3
    endloop
  endfacet
  facet normal 0 0 -1
    outer loop
      vertex 45.0253 -42.9747 1.3
      vertex 46.1213 -41.8787 1.3
      vertex 45.1209 -43.0801 1.3
    endloop
  endfacet
  facet normal -0 0 -1
    outer loop
      vertex 46.1213 -41.8787 1.3
      vertex 45.0253 -42.9747 1.3
      vertex 45.9032 -41.681 1.3
    endloop
  endfacet
  facet normal 0 0 -1
    outer loop
      vertex 44.9199 -42.8791 1.3
      vertex 45.9032 -41.681 1.3
      vertex 45.0253 -42.9747 1.3
    endloop
  endfacet
  facet normal -0 0 -1
    outer loop
      vertex 45.9032 -41.681 1.3
      vertex 44.9199 -42.8791 1.3
      vertex 45.6667 -41.5056 1.3
    endloop
  endfacet
  facet normal 0 0 -1
    outer loop
      vertex 44.8056 -42.7944 1.3
      vertex 45.6667 -41.5056 1.3
      vertex 44.9199 -42.8791 1.3
    endloop
  endfacet
  facet normal -0 0 -1
    outer loop
      vertex 45.6667 -41.5056 1.3
      vertex 44.8056 -42.7944 1.3
      vertex 45.4142 -41.3542 1.3
    endloop
  endfacet
  facet normal 0 0 -1
    outer loop
      vertex 44.6835 -42.7212 1.3
      vertex 45.4142 -41.3542 1.3
      vertex 44.8056 -42.7944 1.3
    endloop
  endfacet
  facet normal -0 0 -1
    outer loop
      vertex 45.4142 -41.3542 1.3
      vertex 44.6835 -42.7212 1.3
      vertex 45.148 -41.2284 1.3
    endloop
  endfacet
  facet normal 0 0 -1
    outer loop
      vertex 44.5549 -42.6604 1.3
      vertex 45.148 -41.2284 1.3
      vertex 44.6835 -42.7212 1.3
    endloop
  endfacet
  facet normal -0 0 -1
    outer loop
      vertex 45.148 -41.2284 1.3
      vertex 44.5549 -42.6604 1.3
      vertex 44.8709 -41.1292 1.3
    endloop
  endfacet
  facet normal 0 0 -1
    outer loop
      vertex 44.4209 -42.6124 1.3
      vertex 44.8709 -41.1292 1.3
      vertex 44.5549 -42.6604 1.3
    endloop
  endfacet
  facet normal -0 0 -1
    outer loop
      vertex 44.8709 -41.1292 1.3
      vertex 44.4209 -42.6124 1.3
      vertex 44.5853 -41.0576 1.3
    endloop
  endfacet
  facet normal 0 0 -1
    outer loop
      vertex 44.2829 -42.5779 1.3
      vertex 44.5853 -41.0576 1.3
      vertex 44.4209 -42.6124 1.3
    endloop
  endfacet
  facet normal -0 0 -1
    outer loop
      vertex 44.5853 -41.0576 1.3
      vertex 44.2829 -42.5779 1.3
      vertex 44.2941 -41.0144 1.3
    endloop
  endfacet
  facet normal 0 0 -1
    outer loop
      vertex 44.1421 -42.557 1.3
      vertex 44.2941 -41.0144 1.3
      vertex 44.2829 -42.5779 1.3
    endloop
  endfacet
  facet normal 0 0 -1
    outer loop
      vertex 44 -42.55 1.3
      vertex 44.2941 -41.0144 1.3
      vertex 44.1421 -42.557 1.3
    endloop
  endfacet
  facet normal 0 0 -1
    outer loop
      vertex 44 -42.55 1.3
      vertex 44 -41 1.3
      vertex 44.2941 -41.0144 1.3
    endloop
  endfacet
  facet normal 0 0 -1
    outer loop
      vertex 43.8579 -42.557 1.3
      vertex 44 -41 1.3
      vertex 44 -42.55 1.3
    endloop
  endfacet
  facet normal 0 0 -1
    outer loop
      vertex 43.7059 -41.0144 1.3
      vertex 43.8579 -42.557 1.3
      vertex 43.7171 -42.5779 1.3
    endloop
  endfacet
  facet normal 0 0 -1
    outer loop
      vertex 43.8579 -42.557 1.3
      vertex 43.7059 -41.0144 1.3
      vertex 44 -41 1.3
    endloop
  endfacet
  facet normal 0 0 -1
    outer loop
      vertex 43.4147 -41.0576 1.3
      vertex 43.7171 -42.5779 1.3
      vertex 43.5791 -42.6124 1.3
    endloop
  endfacet
  facet normal 0 0 -1
    outer loop
      vertex 43.1291 -41.1292 1.3
      vertex 43.5791 -42.6124 1.3
      vertex 43.4451 -42.6604 1.3
    endloop
  endfacet
  facet normal 0 0 -1
    outer loop
      vertex 43.7171 -42.5779 1.3
      vertex 43.4147 -41.0576 1.3
      vertex 43.7059 -41.0144 1.3
    endloop
  endfacet
  facet normal 0 0 -1
    outer loop
      vertex 42.852 -41.2284 1.3
      vertex 43.4451 -42.6604 1.3
      vertex 43.3165 -42.7212 1.3
    endloop
  endfacet
  facet normal 0 0 -1
    outer loop
      vertex 42.5858 -41.3542 1.3
      vertex 43.3165 -42.7212 1.3
      vertex 43.1944 -42.7944 1.3
    endloop
  endfacet
  facet normal 0 0 -1
    outer loop
      vertex 43.5791 -42.6124 1.3
      vertex 43.1291 -41.1292 1.3
      vertex 43.4147 -41.0576 1.3
    endloop
  endfacet
  facet normal 0 0 -1
    outer loop
      vertex 42.3333 -41.5056 1.3
      vertex 43.1944 -42.7944 1.3
      vertex 43.0801 -42.8791 1.3
    endloop
  endfacet
  facet normal 0 0 -1
    outer loop
      vertex 42.0968 -41.681 1.3
      vertex 43.0801 -42.8791 1.3
      vertex 42.9747 -42.9747 1.3
    endloop
  endfacet
  facet normal 0 0 -1
    outer loop
      vertex 41.8787 -41.8787 1.3
      vertex 42.9747 -42.9747 1.3
      vertex 42.8791 -43.0801 1.3
    endloop
  endfacet
  facet normal 0 0 -1
    outer loop
      vertex 43.4451 -42.6604 1.3
      vertex 42.852 -41.2284 1.3
      vertex 43.1291 -41.1292 1.3
    endloop
  endfacet
  facet normal 0 0 -1
    outer loop
      vertex 41.681 -42.0968 1.3
      vertex 42.8791 -43.0801 1.3
      vertex 42.7944 -43.1944 1.3
    endloop
  endfacet
  facet normal 0 0 -1
    outer loop
      vertex 41.5056 -42.3333 1.3
      vertex 42.7944 -43.1944 1.3
      vertex 42.7212 -43.3165 1.3
    endloop
  endfacet
  facet normal 0 0 -1
    outer loop
      vertex 41.3542 -42.5858 1.3
      vertex 42.7212 -43.3165 1.3
      vertex 42.6604 -43.4451 1.3
    endloop
  endfacet
  facet normal 0 0 -1
    outer loop
      vertex 41.2284 -42.852 1.3
      vertex 42.6604 -43.4451 1.3
      vertex 42.6124 -43.5791 1.3
    endloop
  endfacet
  facet normal 0 0 -1
    outer loop
      vertex 43.3165 -42.7212 1.3
      vertex 42.5858 -41.3542 1.3
      vertex 42.852 -41.2284 1.3
    endloop
  endfacet
  facet normal 0 0 -1
    outer loop
      vertex 41.1292 -43.1291 1.3
      vertex 42.6124 -43.5791 1.3
      vertex 42.5779 -43.7171 1.3
    endloop
  endfacet
  facet normal 0 0 -1
    outer loop
      vertex 41.0576 -43.4147 1.3
      vertex 42.5779 -43.7171 1.3
      vertex 42.557 -43.8579 1.3
    endloop
  endfacet
  facet normal 0 0 -1
    outer loop
      vertex 41.0144 -43.7059 1.3
      vertex 42.557 -43.8579 1.3
      vertex 42.55 -44 1.3
    endloop
  endfacet
  facet normal -0 0 -1
    outer loop
      vertex 42.7212 -44.6835 1.3
      vertex 41.3542 -45.4142 1.3
      vertex 42.6604 -44.5549 1.3
    endloop
  endfacet
  facet normal 0 0 -1
    outer loop
      vertex 43.1944 -42.7944 1.3
      vertex 42.3333 -41.5056 1.3
      vertex 42.5858 -41.3542 1.3
    endloop
  endfacet
  facet normal 0 0 -1
    outer loop
      vertex 41.2284 -45.148 1.3
      vertex 42.6604 -44.5549 1.3
      vertex 41.3542 -45.4142 1.3
    endloop
  endfacet
  facet normal 0 0 -1
    outer loop
      vertex 43.0801 -42.8791 1.3
      vertex 42.0968 -41.681 1.3
      vertex 42.3333 -41.5056 1.3
    endloop
  endfacet
  facet normal -0 0 -1
    outer loop
      vertex 42.6604 -44.5549 1.3
      vertex 41.2284 -45.148 1.3
      vertex 42.6124 -44.4209 1.3
    endloop
  endfacet
  facet normal 0 0 -1
    outer loop
      vertex 42.9747 -42.9747 1.3
      vertex 41.8787 -41.8787 1.3
      vertex 42.0968 -41.681 1.3
    endloop
  endfacet
  facet normal 0 0 -1
    outer loop
      vertex 41.1292 -44.8709 1.3
      vertex 42.6124 -44.4209 1.3
      vertex 41.2284 -45.148 1.3
    endloop
  endfacet
  facet normal 0 0 -1
    outer loop
      vertex 42.8791 -43.0801 1.3
      vertex 41.681 -42.0968 1.3
      vertex 41.8787 -41.8787 1.3
    endloop
  endfacet
  facet normal -0 0 -1
    outer loop
      vertex 42.6124 -44.4209 1.3
      vertex 41.1292 -44.8709 1.3
      vertex 42.5779 -44.2829 1.3
    endloop
  endfacet
  facet normal 0 0 -1
    outer loop
      vertex 42.7944 -43.1944 1.3
      vertex 41.5056 -42.3333 1.3
      vertex 41.681 -42.0968 1.3
    endloop
  endfacet
  facet normal 0 0 -1
    outer loop
      vertex 41.0576 -44.5853 1.3
      vertex 42.5779 -44.2829 1.3
      vertex 41.1292 -44.8709 1.3
    endloop
  endfacet
  facet normal 0 0 -1
    outer loop
      vertex 42.7212 -43.3165 1.3
      vertex 41.3542 -42.5858 1.3
      vertex 41.5056 -42.3333 1.3
    endloop
  endfacet
  facet normal -0 0 -1
    outer loop
      vertex 42.5779 -44.2829 1.3
      vertex 41.0576 -44.5853 1.3
      vertex 42.557 -44.1421 1.3
    endloop
  endfacet
  facet normal 0 0 -1
    outer loop
      vertex 42.6604 -43.4451 1.3
      vertex 41.2284 -42.852 1.3
      vertex 41.3542 -42.5858 1.3
    endloop
  endfacet
  facet normal 0 0 -1
    outer loop
      vertex 41.0144 -44.2941 1.3
      vertex 42.557 -44.1421 1.3
      vertex 41.0576 -44.5853 1.3
    endloop
  endfacet
  facet normal 0 0 -1
    outer loop
      vertex 42.6124 -43.5791 1.3
      vertex 41.1292 -43.1291 1.3
      vertex 41.2284 -42.852 1.3
    endloop
  endfacet
  facet normal -0 0 -1
    outer loop
      vertex 42.557 -44.1421 1.3
      vertex 41.0144 -44.2941 1.3
      vertex 42.55 -44 1.3
    endloop
  endfacet
  facet normal 0 0 -1
    outer loop
      vertex 42.5779 -43.7171 1.3
      vertex 41.0576 -43.4147 1.3
      vertex 41.1292 -43.1291 1.3
    endloop
  endfacet
  facet normal 0 0 -1
    outer loop
      vertex 41 -44 1.3
      vertex 42.55 -44 1.3
      vertex 41.0144 -44.2941 1.3
    endloop
  endfacet
  facet normal 0 0 -1
    outer loop
      vertex 42.557 -43.8579 1.3
      vertex 41.0144 -43.7059 1.3
      vertex 41.0576 -43.4147 1.3
    endloop
  endfacet
  facet normal 0 0 -1
    outer loop
      vertex 42.55 -44 1.3
      vertex 41 -44 1.3
      vertex 41.0144 -43.7059 1.3
    endloop
  endfacet
  facet normal 0.595699 -0.803208 0
    outer loop
      vertex 42.0968 -41.681 0
      vertex 42.3333 -41.5056 1.3
      vertex 42.0968 -41.681 1.3
    endloop
  endfacet
  facet normal 0.595699 -0.803208 0
    outer loop
      vertex 42.3333 -41.5056 1.3
      vertex 42.0968 -41.681 0
      vertex 42.3333 -41.5056 0
    endloop
  endfacet
  facet normal 0.514246 -0.857643 0
    outer loop
      vertex 42.3333 -41.5056 0
      vertex 42.5858 -41.3542 1.3
      vertex 42.3333 -41.5056 1.3
    endloop
  endfacet
  facet normal 0.514246 -0.857643 0
    outer loop
      vertex 42.5858 -41.3542 1.3
      vertex 42.3333 -41.5056 0
      vertex 42.5858 -41.3542 0
    endloop
  endfacet
  facet normal 0.671607 -0.740908 0
    outer loop
      vertex 41.8787 -41.8787 0
      vertex 42.0968 -41.681 1.3
      vertex 41.8787 -41.8787 1.3
    endloop
  endfacet
  facet normal 0.671607 -0.740908 0
    outer loop
      vertex 42.0968 -41.681 1.3
      vertex 41.8787 -41.8787 0
      vertex 42.0968 -41.681 0
    endloop
  endfacet
  facet normal 0.337047 -0.941488 0
    outer loop
      vertex 42.852 -41.2284 0
      vertex 43.1291 -41.1292 1.3
      vertex 42.852 -41.2284 1.3
    endloop
  endfacet
  facet normal 0.337047 -0.941488 0
    outer loop
      vertex 43.1291 -41.1292 1.3
      vertex 42.852 -41.2284 0
      vertex 43.1291 -41.1292 0
    endloop
  endfacet
  facet normal 0.146746 -0.989174 0
    outer loop
      vertex 43.4147 -41.0576 0
      vertex 43.7059 -41.0144 1.3
      vertex 43.4147 -41.0576 1.3
    endloop
  endfacet
  facet normal 0.146746 -0.989174 0
    outer loop
      vertex 43.7059 -41.0144 1.3
      vertex 43.4147 -41.0576 0
      vertex 43.7059 -41.0144 0
    endloop
  endfacet
  facet normal -0.998803 0.0489044 0
    outer loop
      vertex 46.9856 -44.2941 0
      vertex 47 -44 1.3
      vertex 47 -44 0
    endloop
  endfacet
  facet normal -0.998803 0.0489044 0
    outer loop
      vertex 47 -44 1.3
      vertex 46.9856 -44.2941 0
      vertex 46.9856 -44.2941 1.3
    endloop
  endfacet
  facet normal -0.740908 0.671607 0
    outer loop
      vertex 46.1213 -46.1213 0
      vertex 46.319 -45.9032 1.3
      vertex 46.319 -45.9032 0
    endloop
  endfacet
  facet normal -0.740908 0.671607 0
    outer loop
      vertex 46.319 -45.9032 1.3
      vertex 46.1213 -46.1213 0
      vertex 46.1213 -46.1213 1.3
    endloop
  endfacet
  facet normal 0.857643 0.514246 0
    outer loop
      vertex 41.5056 -45.6667 1.3
      vertex 41.3542 -45.4142 0
      vertex 41.3542 -45.4142 1.3
    endloop
  endfacet
  facet normal 0.857643 0.514246 0
    outer loop
      vertex 41.3542 -45.4142 0
      vertex 41.5056 -45.6667 1.3
      vertex 41.5056 -45.6667 0
    endloop
  endfacet
  facet normal 0.998803 0.0489044 0
    outer loop
      vertex 41.0144 -44.2941 1.3
      vertex 41 -44 0
      vertex 41 -44 1.3
    endloop
  endfacet
  facet normal 0.998803 0.0489044 0
    outer loop
      vertex 41 -44 0
      vertex 41.0144 -44.2941 1.3
      vertex 41.0144 -44.2941 0
    endloop
  endfacet
  facet normal -0.969982 0.243175 0
    outer loop
      vertex 46.8708 -44.8709 0
      vertex 46.9424 -44.5853 1.3
      vertex 46.9424 -44.5853 0
    endloop
  endfacet
  facet normal -0.969982 0.243175 0
    outer loop
      vertex 46.9424 -44.5853 1.3
      vertex 46.8708 -44.8709 0
      vertex 46.8708 -44.8709 1.3
    endloop
  endfacet
  facet normal -0.803208 0.595699 0
    outer loop
      vertex 46.319 -45.9032 0
      vertex 46.4944 -45.6667 1.3
      vertex 46.4944 -45.6667 0
    endloop
  endfacet
  facet normal -0.803208 0.595699 0
    outer loop
      vertex 46.4944 -45.6667 1.3
      vertex 46.319 -45.9032 0
      vertex 46.319 -45.9032 1.3
    endloop
  endfacet
  facet normal -0.904125 0.427269 0
    outer loop
      vertex 46.6458 -45.4142 0
      vertex 46.7716 -45.148 1.3
      vertex 46.7716 -45.148 0
    endloop
  endfacet
  facet normal -0.904125 0.427269 0
    outer loop
      vertex 46.7716 -45.148 1.3
      vertex 46.6458 -45.4142 0
      vertex 46.6458 -45.4142 1.3
    endloop
  endfacet
  facet normal 0.740908 0.671607 0
    outer loop
      vertex 41.8787 -46.1213 1.3
      vertex 41.681 -45.9032 0
      vertex 41.681 -45.9032 1.3
    endloop
  endfacet
  facet normal 0.740908 0.671607 0
    outer loop
      vertex 41.681 -45.9032 0
      vertex 41.8787 -46.1213 1.3
      vertex 41.8787 -46.1213 0
    endloop
  endfacet
  facet normal 0.941488 0.337047 0
    outer loop
      vertex 41.2284 -45.148 1.3
      vertex 41.1292 -44.8709 0
      vertex 41.1292 -44.8709 1.3
    endloop
  endfacet
  facet normal 0.941488 0.337047 0
    outer loop
      vertex 41.1292 -44.8709 0
      vertex 41.2284 -45.148 1.3
      vertex 41.2284 -45.148 0
    endloop
  endfacet
  facet normal -0.989174 0.146746 0
    outer loop
      vertex 46.9424 -44.5853 0
      vertex 46.9856 -44.2941 1.3
      vertex 46.9856 -44.2941 0
    endloop
  endfacet
  facet normal -0.989174 0.146746 0
    outer loop
      vertex 46.9856 -44.2941 1.3
      vertex 46.9424 -44.5853 0
      vertex 46.9424 -44.5853 1.3
    endloop
  endfacet
  facet normal -0.857643 0.514246 0
    outer loop
      vertex 46.4944 -45.6667 0
      vertex 46.6458 -45.4142 1.3
      vertex 46.6458 -45.4142 0
    endloop
  endfacet
  facet normal -0.857643 0.514246 0
    outer loop
      vertex 46.6458 -45.4142 1.3
      vertex 46.4944 -45.6667 0
      vertex 46.4944 -45.6667 1.3
    endloop
  endfacet
  facet normal -0.941488 0.337047 0
    outer loop
      vertex 46.7716 -45.148 0
      vertex 46.8708 -44.8709 1.3
      vertex 46.8708 -44.8709 0
    endloop
  endfacet
  facet normal -0.941488 0.337047 0
    outer loop
      vertex 46.8708 -44.8709 1.3
      vertex 46.7716 -45.148 0
      vertex 46.7716 -45.148 1.3
    endloop
  endfacet
  facet normal 0.0489044 0.998803 -0
    outer loop
      vertex 44 -47 0
      vertex 43.7059 -46.9856 1.3
      vertex 44 -47 1.3
    endloop
  endfacet
  facet normal 0.0489044 0.998803 0
    outer loop
      vertex 43.7059 -46.9856 1.3
      vertex 44 -47 0
      vertex 43.7059 -46.9856 0
    endloop
  endfacet
  facet normal 0.427269 0.904125 -0
    outer loop
      vertex 42.852 -46.7716 0
      vertex 42.5858 -46.6458 1.3
      vertex 42.852 -46.7716 1.3
    endloop
  endfacet
  facet normal 0.427269 0.904125 0
    outer loop
      vertex 42.5858 -46.6458 1.3
      vertex 42.852 -46.7716 0
      vertex 42.5858 -46.6458 0
    endloop
  endfacet
  facet normal 0.803208 0.595699 0
    outer loop
      vertex 41.681 -45.9032 1.3
      vertex 41.5056 -45.6667 0
      vertex 41.5056 -45.6667 1.3
    endloop
  endfacet
  facet normal 0.803208 0.595699 0
    outer loop
      vertex 41.5056 -45.6667 0
      vertex 41.681 -45.9032 1.3
      vertex 41.681 -45.9032 0
    endloop
  endfacet
  facet normal 0.671607 0.740908 -0
    outer loop
      vertex 42.0968 -46.319 0
      vertex 41.8787 -46.1213 1.3
      vertex 42.0968 -46.319 1.3
    endloop
  endfacet
  facet normal 0.671607 0.740908 0
    outer loop
      vertex 41.8787 -46.1213 1.3
      vertex 42.0968 -46.319 0
      vertex 41.8787 -46.1213 0
    endloop
  endfacet
  facet normal 0.904125 0.427269 0
    outer loop
      vertex 41.3542 -45.4142 1.3
      vertex 41.2284 -45.148 0
      vertex 41.2284 -45.148 1.3
    endloop
  endfacet
  facet normal 0.904125 0.427269 0
    outer loop
      vertex 41.2284 -45.148 0
      vertex 41.3542 -45.4142 1.3
      vertex 41.3542 -45.4142 0
    endloop
  endfacet
  facet normal 0.969982 0.243175 0
    outer loop
      vertex 41.1292 -44.8709 1.3
      vertex 41.0576 -44.5853 0
      vertex 41.0576 -44.5853 1.3
    endloop
  endfacet
  facet normal 0.969982 0.243175 0
    outer loop
      vertex 41.0576 -44.5853 0
      vertex 41.1292 -44.8709 1.3
      vertex 41.1292 -44.8709 0
    endloop
  endfacet
  facet normal 0.989174 0.146746 0
    outer loop
      vertex 41.0576 -44.5853 1.3
      vertex 41.0144 -44.2941 0
      vertex 41.0144 -44.2941 1.3
    endloop
  endfacet
  facet normal 0.989174 0.146746 0
    outer loop
      vertex 41.0144 -44.2941 0
      vertex 41.0576 -44.5853 1.3
      vertex 41.0576 -44.5853 0
    endloop
  endfacet
  facet normal -0.243175 0.969982 0
    outer loop
      vertex 44.8709 -46.8708 0
      vertex 44.5853 -46.9424 1.3
      vertex 44.8709 -46.8708 1.3
    endloop
  endfacet
  facet normal -0.243175 0.969982 0
    outer loop
      vertex 44.5853 -46.9424 1.3
      vertex 44.8709 -46.8708 0
      vertex 44.5853 -46.9424 0
    endloop
  endfacet
  facet normal -0.146746 0.989174 0
    outer loop
      vertex 44.5853 -46.9424 0
      vertex 44.2941 -46.9856 1.3
      vertex 44.5853 -46.9424 1.3
    endloop
  endfacet
  facet normal -0.146746 0.989174 0
    outer loop
      vertex 44.2941 -46.9856 1.3
      vertex 44.5853 -46.9424 0
      vertex 44.2941 -46.9856 0
    endloop
  endfacet
  facet normal -0.671607 0.740908 0
    outer loop
      vertex 46.1213 -46.1213 0
      vertex 45.9032 -46.319 1.3
      vertex 46.1213 -46.1213 1.3
    endloop
  endfacet
  facet normal -0.671607 0.740908 0
    outer loop
      vertex 45.9032 -46.319 1.3
      vertex 46.1213 -46.1213 0
      vertex 45.9032 -46.319 0
    endloop
  endfacet
  facet normal -0.595699 0.803208 0
    outer loop
      vertex 45.9032 -46.319 0
      vertex 45.6667 -46.4944 1.3
      vertex 45.9032 -46.319 1.3
    endloop
  endfacet
  facet normal -0.595699 0.803208 0
    outer loop
      vertex 45.6667 -46.4944 1.3
      vertex 45.9032 -46.319 0
      vertex 45.6667 -46.4944 0
    endloop
  endfacet
  facet normal -0.514246 0.857643 0
    outer loop
      vertex 45.6667 -46.4944 0
      vertex 45.4142 -46.6458 1.3
      vertex 45.6667 -46.4944 1.3
    endloop
  endfacet
  facet normal -0.514246 0.857643 0
    outer loop
      vertex 45.4142 -46.6458 1.3
      vertex 45.6667 -46.4944 0
      vertex 45.4142 -46.6458 0
    endloop
  endfacet
  facet normal 0.243175 0.969982 -0
    outer loop
      vertex 43.4147 -46.9424 0
      vertex 43.1291 -46.8708 1.3
      vertex 43.4147 -46.9424 1.3
    endloop
  endfacet
  facet normal 0.243175 0.969982 0
    outer loop
      vertex 43.1291 -46.8708 1.3
      vertex 43.4147 -46.9424 0
      vertex 43.1291 -46.8708 0
    endloop
  endfacet
  facet normal 0.595699 0.803208 -0
    outer loop
      vertex 42.3333 -46.4944 0
      vertex 42.0968 -46.319 1.3
      vertex 42.3333 -46.4944 1.3
    endloop
  endfacet
  facet normal 0.595699 0.803208 0
    outer loop
      vertex 42.0968 -46.319 1.3
      vertex 42.3333 -46.4944 0
      vertex 42.0968 -46.319 0
    endloop
  endfacet
  facet normal 0.146746 0.989174 -0
    outer loop
      vertex 43.7059 -46.9856 0
      vertex 43.4147 -46.9424 1.3
      vertex 43.7059 -46.9856 1.3
    endloop
  endfacet
  facet normal 0.146746 0.989174 0
    outer loop
      vertex 43.4147 -46.9424 1.3
      vertex 43.7059 -46.9856 0
      vertex 43.4147 -46.9424 0
    endloop
  endfacet
  facet normal 0.337047 0.941488 -0
    outer loop
      vertex 43.1291 -46.8708 0
      vertex 42.852 -46.7716 1.3
      vertex 43.1291 -46.8708 1.3
    endloop
  endfacet
  facet normal 0.337047 0.941488 0
    outer loop
      vertex 42.852 -46.7716 1.3
      vertex 43.1291 -46.8708 0
      vertex 42.852 -46.7716 0
    endloop
  endfacet
  facet normal 0.514246 0.857643 -0
    outer loop
      vertex 42.5858 -46.6458 0
      vertex 42.3333 -46.4944 1.3
      vertex 42.5858 -46.6458 1.3
    endloop
  endfacet
  facet normal 0.514246 0.857643 0
    outer loop
      vertex 42.3333 -46.4944 1.3
      vertex 42.5858 -46.6458 0
      vertex 42.3333 -46.4944 0
    endloop
  endfacet
  facet normal -0.998789 -0.0492014 0
    outer loop
      vertex 45.45 44 1.3
      vertex 45.443 44.1421 3
      vertex 45.443 44.1421 1.3
    endloop
  endfacet
  facet normal -0.998789 -0.0492014 0
    outer loop
      vertex 45.443 44.1421 3
      vertex 45.45 44 1.3
      vertex 45.45 44 3
    endloop
  endfacet
  facet normal 0.0492014 -0.998789 0
    outer loop
      vertex 43.8579 45.443 1.3
      vertex 44 45.45 3
      vertex 43.8579 45.443 3
    endloop
  endfacet
  facet normal 0.0492014 -0.998789 0
    outer loop
      vertex 44 45.45 3
      vertex 43.8579 45.443 1.3
      vertex 44 45.45 1.3
    endloop
  endfacet
  facet normal -0.0492014 0.998789 0
    outer loop
      vertex 44.1421 42.557 1.3
      vertex 44 42.55 3
      vertex 44.1421 42.557 3
    endloop
  endfacet
  facet normal -0.0492014 0.998789 0
    outer loop
      vertex 44 42.55 3
      vertex 44.1421 42.557 1.3
      vertex 44 42.55 1.3
    endloop
  endfacet
  facet normal -0.671833 -0.740703 0
    outer loop
      vertex 44.9199 45.1209 1.3
      vertex 45.0253 45.0253 3
      vertex 44.9199 45.1209 3
    endloop
  endfacet
  facet normal -0.671833 -0.740703 -0
    outer loop
      vertex 45.0253 45.0253 3
      vertex 44.9199 45.1209 1.3
      vertex 45.0253 45.0253 1.3
    endloop
  endfacet
  facet normal 0.740703 -0.671833 0
    outer loop
      vertex 42.8791 44.9199 3
      vertex 42.9747 45.0253 1.3
      vertex 42.9747 45.0253 3
    endloop
  endfacet
  facet normal 0.740703 -0.671833 0
    outer loop
      vertex 42.9747 45.0253 1.3
      vertex 42.8791 44.9199 3
      vertex 42.8791 44.9199 1.3
    endloop
  endfacet
  facet normal 0.427421 -0.904053 0
    outer loop
      vertex 43.3165 45.2788 1.3
      vertex 43.4451 45.3396 3
      vertex 43.3165 45.2788 3
    endloop
  endfacet
  facet normal 0.427421 -0.904053 0
    outer loop
      vertex 43.4451 45.3396 3
      vertex 43.3165 45.2788 1.3
      vertex 43.4451 45.3396 1.3
    endloop
  endfacet
  facet normal -0.904053 -0.427421 0
    outer loop
      vertex 45.3396 44.5549 1.3
      vertex 45.2788 44.6835 3
      vertex 45.2788 44.6835 1.3
    endloop
  endfacet
  facet normal -0.904053 -0.427421 0
    outer loop
      vertex 45.2788 44.6835 3
      vertex 45.3396 44.5549 1.3
      vertex 45.3396 44.5549 3
    endloop
  endfacet
  facet normal -0.337226 -0.941424 0
    outer loop
      vertex 44.4209 45.3876 1.3
      vertex 44.5549 45.3396 3
      vertex 44.4209 45.3876 3
    endloop
  endfacet
  facet normal -0.337226 -0.941424 -0
    outer loop
      vertex 44.5549 45.3396 3
      vertex 44.4209 45.3876 1.3
      vertex 44.5549 45.3396 1.3
    endloop
  endfacet
  facet normal -0.514186 -0.857679 0
    outer loop
      vertex 44.6835 45.2788 1.3
      vertex 44.8056 45.2056 3
      vertex 44.6835 45.2788 3
    endloop
  endfacet
  facet normal -0.514186 -0.857679 -0
    outer loop
      vertex 44.8056 45.2056 3
      vertex 44.6835 45.2788 1.3
      vertex 44.8056 45.2056 1.3
    endloop
  endfacet
  facet normal 0.904053 -0.427421 0
    outer loop
      vertex 42.6604 44.5549 3
      vertex 42.7212 44.6835 1.3
      vertex 42.7212 44.6835 3
    endloop
  endfacet
  facet normal 0.904053 -0.427421 0
    outer loop
      vertex 42.7212 44.6835 1.3
      vertex 42.6604 44.5549 3
      vertex 42.6604 44.5549 1.3
    endloop
  endfacet
  facet normal 0.857679 -0.514186 0
    outer loop
      vertex 42.7212 44.6835 3
      vertex 42.7944 44.8056 1.3
      vertex 42.7944 44.8056 3
    endloop
  endfacet
  facet normal 0.857679 -0.514186 0
    outer loop
      vertex 42.7944 44.8056 1.3
      vertex 42.7212 44.6835 3
      vertex 42.7212 44.6835 1.3
    endloop
  endfacet
  facet normal 0.242536 -0.970143 0
    outer loop
      vertex 43.5791 45.3876 1.3
      vertex 43.7171 45.4221 3
      vertex 43.5791 45.3876 3
    endloop
  endfacet
  facet normal 0.242536 -0.970143 0
    outer loop
      vertex 43.7171 45.4221 3
      vertex 43.5791 45.3876 1.3
      vertex 43.7171 45.4221 1.3
    endloop
  endfacet
  facet normal -0.146829 0.989162 0
    outer loop
      vertex 44.2829 42.5779 1.3
      vertex 44.1421 42.557 3
      vertex 44.2829 42.5779 3
    endloop
  endfacet
  facet normal -0.146829 0.989162 0
    outer loop
      vertex 44.1421 42.557 3
      vertex 44.2829 42.5779 1.3
      vertex 44.1421 42.557 1.3
    endloop
  endfacet
  facet normal -0.970143 -0.242536 0
    outer loop
      vertex 45.4221 44.2829 1.3
      vertex 45.3876 44.4209 3
      vertex 45.3876 44.4209 1.3
    endloop
  endfacet
  facet normal -0.970143 -0.242536 0
    outer loop
      vertex 45.3876 44.4209 3
      vertex 45.4221 44.2829 1.3
      vertex 45.4221 44.2829 3
    endloop
  endfacet
  facet normal -0.989162 -0.146829 0
    outer loop
      vertex 45.443 44.1421 1.3
      vertex 45.4221 44.2829 3
      vertex 45.4221 44.2829 1.3
    endloop
  endfacet
  facet normal -0.989162 -0.146829 0
    outer loop
      vertex 45.4221 44.2829 3
      vertex 45.443 44.1421 1.3
      vertex 45.443 44.1421 3
    endloop
  endfacet
  facet normal -0.941424 -0.337226 0
    outer loop
      vertex 45.3876 44.4209 1.3
      vertex 45.3396 44.5549 3
      vertex 45.3396 44.5549 1.3
    endloop
  endfacet
  facet normal -0.941424 -0.337226 0
    outer loop
      vertex 45.3396 44.5549 3
      vertex 45.3876 44.4209 1.3
      vertex 45.3876 44.4209 3
    endloop
  endfacet
  facet normal -0.803445 -0.595379 0
    outer loop
      vertex 45.2056 44.8056 1.3
      vertex 45.1209 44.9199 3
      vertex 45.1209 44.9199 1.3
    endloop
  endfacet
  facet normal -0.803445 -0.595379 0
    outer loop
      vertex 45.1209 44.9199 3
      vertex 45.2056 44.8056 1.3
      vertex 45.2056 44.8056 3
    endloop
  endfacet
  facet normal -0.740703 -0.671833 0
    outer loop
      vertex 45.1209 44.9199 1.3
      vertex 45.0253 45.0253 3
      vertex 45.0253 45.0253 1.3
    endloop
  endfacet
  facet normal -0.740703 -0.671833 0
    outer loop
      vertex 45.0253 45.0253 3
      vertex 45.1209 44.9199 1.3
      vertex 45.1209 44.9199 3
    endloop
  endfacet
  facet normal -0.857679 -0.514186 0
    outer loop
      vertex 45.2788 44.6835 1.3
      vertex 45.2056 44.8056 3
      vertex 45.2056 44.8056 1.3
    endloop
  endfacet
  facet normal -0.857679 -0.514186 0
    outer loop
      vertex 45.2056 44.8056 3
      vertex 45.2788 44.6835 1.3
      vertex 45.2788 44.6835 3
    endloop
  endfacet
  facet normal -0.146829 -0.989162 0
    outer loop
      vertex 44.1421 45.443 1.3
      vertex 44.2829 45.4221 3
      vertex 44.1421 45.443 3
    endloop
  endfacet
  facet normal -0.146829 -0.989162 -0
    outer loop
      vertex 44.2829 45.4221 3
      vertex 44.1421 45.443 1.3
      vertex 44.2829 45.4221 1.3
    endloop
  endfacet
  facet normal -0.242536 -0.970143 0
    outer loop
      vertex 44.2829 45.4221 1.3
      vertex 44.4209 45.3876 3
      vertex 44.2829 45.4221 3
    endloop
  endfacet
  facet normal -0.242536 -0.970143 -0
    outer loop
      vertex 44.4209 45.3876 3
      vertex 44.2829 45.4221 1.3
      vertex 44.4209 45.3876 1.3
    endloop
  endfacet
  facet normal -0.0492014 -0.998789 0
    outer loop
      vertex 44 45.45 1.3
      vertex 44.1421 45.443 3
      vertex 44 45.45 3
    endloop
  endfacet
  facet normal -0.0492014 -0.998789 -0
    outer loop
      vertex 44.1421 45.443 3
      vertex 44 45.45 1.3
      vertex 44.1421 45.443 1.3
    endloop
  endfacet
  facet normal -0.427421 -0.904053 0
    outer loop
      vertex 44.5549 45.3396 1.3
      vertex 44.6835 45.2788 3
      vertex 44.5549 45.3396 3
    endloop
  endfacet
  facet normal -0.427421 -0.904053 -0
    outer loop
      vertex 44.6835 45.2788 3
      vertex 44.5549 45.3396 1.3
      vertex 44.6835 45.2788 1.3
    endloop
  endfacet
  facet normal -0.595379 -0.803445 0
    outer loop
      vertex 44.8056 45.2056 1.3
      vertex 44.9199 45.1209 3
      vertex 44.8056 45.2056 3
    endloop
  endfacet
  facet normal -0.595379 -0.803445 -0
    outer loop
      vertex 44.9199 45.1209 3
      vertex 44.8056 45.2056 1.3
      vertex 44.9199 45.1209 1.3
    endloop
  endfacet
  facet normal 0.989162 -0.146829 0
    outer loop
      vertex 42.557 44.1421 3
      vertex 42.5779 44.2829 1.3
      vertex 42.5779 44.2829 3
    endloop
  endfacet
  facet normal 0.989162 -0.146829 0
    outer loop
      vertex 42.5779 44.2829 1.3
      vertex 42.557 44.1421 3
      vertex 42.557 44.1421 1.3
    endloop
  endfacet
  facet normal 0.803445 -0.595379 0
    outer loop
      vertex 42.7944 44.8056 3
      vertex 42.8791 44.9199 1.3
      vertex 42.8791 44.9199 3
    endloop
  endfacet
  facet normal 0.803445 -0.595379 0
    outer loop
      vertex 42.8791 44.9199 1.3
      vertex 42.7944 44.8056 3
      vertex 42.7944 44.8056 1.3
    endloop
  endfacet
  facet normal 0.941424 -0.337226 0
    outer loop
      vertex 42.6124 44.4209 3
      vertex 42.6604 44.5549 1.3
      vertex 42.6604 44.5549 3
    endloop
  endfacet
  facet normal 0.941424 -0.337226 0
    outer loop
      vertex 42.6604 44.5549 1.3
      vertex 42.6124 44.4209 3
      vertex 42.6124 44.4209 1.3
    endloop
  endfacet
  facet normal 0.970143 -0.242536 0
    outer loop
      vertex 42.5779 44.2829 3
      vertex 42.6124 44.4209 1.3
      vertex 42.6124 44.4209 3
    endloop
  endfacet
  facet normal 0.970143 -0.242536 0
    outer loop
      vertex 42.6124 44.4209 1.3
      vertex 42.5779 44.2829 3
      vertex 42.5779 44.2829 1.3
    endloop
  endfacet
  facet normal 0.998789 -0.0492014 0
    outer loop
      vertex 42.55 44 3
      vertex 42.557 44.1421 1.3
      vertex 42.557 44.1421 3
    endloop
  endfacet
  facet normal 0.998789 -0.0492014 0
    outer loop
      vertex 42.557 44.1421 1.3
      vertex 42.55 44 3
      vertex 42.55 44 1.3
    endloop
  endfacet
  facet normal 0.514186 -0.857679 0
    outer loop
      vertex 43.1944 45.2056 1.3
      vertex 43.3165 45.2788 3
      vertex 43.1944 45.2056 3
    endloop
  endfacet
  facet normal 0.514186 -0.857679 0
    outer loop
      vertex 43.3165 45.2788 3
      vertex 43.1944 45.2056 1.3
      vertex 43.3165 45.2788 1.3
    endloop
  endfacet
  facet normal 0.595379 -0.803445 0
    outer loop
      vertex 43.0801 45.1209 1.3
      vertex 43.1944 45.2056 3
      vertex 43.0801 45.1209 3
    endloop
  endfacet
  facet normal 0.595379 -0.803445 0
    outer loop
      vertex 43.1944 45.2056 3
      vertex 43.0801 45.1209 1.3
      vertex 43.1944 45.2056 1.3
    endloop
  endfacet
  facet normal 0.671833 -0.740703 0
    outer loop
      vertex 42.9747 45.0253 1.3
      vertex 43.0801 45.1209 3
      vertex 42.9747 45.0253 3
    endloop
  endfacet
  facet normal 0.671833 -0.740703 0
    outer loop
      vertex 43.0801 45.1209 3
      vertex 42.9747 45.0253 1.3
      vertex 43.0801 45.1209 1.3
    endloop
  endfacet
  facet normal 0.337226 -0.941424 0
    outer loop
      vertex 43.4451 45.3396 1.3
      vertex 43.5791 45.3876 3
      vertex 43.4451 45.3396 3
    endloop
  endfacet
  facet normal 0.337226 -0.941424 0
    outer loop
      vertex 43.5791 45.3876 3
      vertex 43.4451 45.3396 1.3
      vertex 43.5791 45.3876 1.3
    endloop
  endfacet
  facet normal 0.146829 -0.989162 0
    outer loop
      vertex 43.7171 45.4221 1.3
      vertex 43.8579 45.443 3
      vertex 43.7171 45.4221 3
    endloop
  endfacet
  facet normal 0.146829 -0.989162 0
    outer loop
      vertex 43.8579 45.443 3
      vertex 43.7171 45.4221 1.3
      vertex 43.8579 45.443 1.3
    endloop
  endfacet
  facet normal -0.998789 0.0492014 0
    outer loop
      vertex 45.443 43.8579 1.3
      vertex 45.45 44 3
      vertex 45.45 44 1.3
    endloop
  endfacet
  facet normal -0.998789 0.0492014 0
    outer loop
      vertex 45.45 44 3
      vertex 45.443 43.8579 1.3
      vertex 45.443 43.8579 3
    endloop
  endfacet
  facet normal -0.740703 0.671833 0
    outer loop
      vertex 45.0253 42.9747 1.3
      vertex 45.1209 43.0801 3
      vertex 45.1209 43.0801 1.3
    endloop
  endfacet
  facet normal -0.740703 0.671833 0
    outer loop
      vertex 45.1209 43.0801 3
      vertex 45.0253 42.9747 1.3
      vertex 45.0253 42.9747 3
    endloop
  endfacet
  facet normal 0.337226 0.941424 -0
    outer loop
      vertex 43.5791 42.6124 1.3
      vertex 43.4451 42.6604 3
      vertex 43.5791 42.6124 3
    endloop
  endfacet
  facet normal 0.337226 0.941424 0
    outer loop
      vertex 43.4451 42.6604 3
      vertex 43.5791 42.6124 1.3
      vertex 43.4451 42.6604 1.3
    endloop
  endfacet
  facet normal -0.337226 0.941424 0
    outer loop
      vertex 44.5549 42.6604 1.3
      vertex 44.4209 42.6124 3
      vertex 44.5549 42.6604 3
    endloop
  endfacet
  facet normal -0.337226 0.941424 0
    outer loop
      vertex 44.4209 42.6124 3
      vertex 44.5549 42.6604 1.3
      vertex 44.4209 42.6124 1.3
    endloop
  endfacet
  facet normal 0.998789 0.0492014 0
    outer loop
      vertex 42.557 43.8579 3
      vertex 42.55 44 1.3
      vertex 42.55 44 3
    endloop
  endfacet
  facet normal 0.998789 0.0492014 0
    outer loop
      vertex 42.55 44 1.3
      vertex 42.557 43.8579 3
      vertex 42.557 43.8579 1.3
    endloop
  endfacet
  facet normal -0.970143 0.242536 0
    outer loop
      vertex 45.3876 43.5791 1.3
      vertex 45.4221 43.7171 3
      vertex 45.4221 43.7171 1.3
    endloop
  endfacet
  facet normal -0.970143 0.242536 0
    outer loop
      vertex 45.4221 43.7171 3
      vertex 45.3876 43.5791 1.3
      vertex 45.3876 43.5791 3
    endloop
  endfacet
  facet normal -0.671833 0.740703 0
    outer loop
      vertex 45.0253 42.9747 1.3
      vertex 44.9199 42.8791 3
      vertex 45.0253 42.9747 3
    endloop
  endfacet
  facet normal -0.671833 0.740703 0
    outer loop
      vertex 44.9199 42.8791 3
      vertex 45.0253 42.9747 1.3
      vertex 44.9199 42.8791 1.3
    endloop
  endfacet
  facet normal -0.904053 0.427421 0
    outer loop
      vertex 45.2788 43.3165 1.3
      vertex 45.3396 43.4451 3
      vertex 45.3396 43.4451 1.3
    endloop
  endfacet
  facet normal -0.904053 0.427421 0
    outer loop
      vertex 45.3396 43.4451 3
      vertex 45.2788 43.3165 1.3
      vertex 45.2788 43.3165 3
    endloop
  endfacet
  facet normal -0.803445 0.595379 0
    outer loop
      vertex 45.1209 43.0801 1.3
      vertex 45.2056 43.1944 3
      vertex 45.2056 43.1944 1.3
    endloop
  endfacet
  facet normal -0.803445 0.595379 0
    outer loop
      vertex 45.2056 43.1944 3
      vertex 45.1209 43.0801 1.3
      vertex 45.1209 43.0801 3
    endloop
  endfacet
  facet normal 0.740703 0.671833 0
    outer loop
      vertex 42.9747 42.9747 3
      vertex 42.8791 43.0801 1.3
      vertex 42.8791 43.0801 3
    endloop
  endfacet
  facet normal 0.740703 0.671833 0
    outer loop
      vertex 42.8791 43.0801 1.3
      vertex 42.9747 42.9747 3
      vertex 42.9747 42.9747 1.3
    endloop
  endfacet
  facet normal 0.941424 0.337226 0
    outer loop
      vertex 42.6604 43.4451 3
      vertex 42.6124 43.5791 1.3
      vertex 42.6124 43.5791 3
    endloop
  endfacet
  facet normal 0.941424 0.337226 0
    outer loop
      vertex 42.6124 43.5791 1.3
      vertex 42.6604 43.4451 3
      vertex 42.6604 43.4451 1.3
    endloop
  endfacet
  facet normal 0.904053 0.427421 0
    outer loop
      vertex 42.7212 43.3165 3
      vertex 42.6604 43.4451 1.3
      vertex 42.6604 43.4451 3
    endloop
  endfacet
  facet normal 0.904053 0.427421 0
    outer loop
      vertex 42.6604 43.4451 1.3
      vertex 42.7212 43.3165 3
      vertex 42.7212 43.3165 1.3
    endloop
  endfacet
  facet normal 0.989162 0.146829 0
    outer loop
      vertex 42.5779 43.7171 3
      vertex 42.557 43.8579 1.3
      vertex 42.557 43.8579 3
    endloop
  endfacet
  facet normal 0.989162 0.146829 0
    outer loop
      vertex 42.557 43.8579 1.3
      vertex 42.5779 43.7171 3
      vertex 42.5779 43.7171 1.3
    endloop
  endfacet
  facet normal -0.427421 0.904053 0
    outer loop
      vertex 44.6835 42.7212 1.3
      vertex 44.5549 42.6604 3
      vertex 44.6835 42.7212 3
    endloop
  endfacet
  facet normal -0.427421 0.904053 0
    outer loop
      vertex 44.5549 42.6604 3
      vertex 44.6835 42.7212 1.3
      vertex 44.5549 42.6604 1.3
    endloop
  endfacet
  facet normal -0.242536 0.970143 0
    outer loop
      vertex 44.4209 42.6124 1.3
      vertex 44.2829 42.5779 3
      vertex 44.4209 42.6124 3
    endloop
  endfacet
  facet normal -0.242536 0.970143 0
    outer loop
      vertex 44.2829 42.5779 3
      vertex 44.4209 42.6124 1.3
      vertex 44.2829 42.5779 1.3
    endloop
  endfacet
  facet normal -0.989162 0.146829 0
    outer loop
      vertex 45.4221 43.7171 1.3
      vertex 45.443 43.8579 3
      vertex 45.443 43.8579 1.3
    endloop
  endfacet
  facet normal -0.989162 0.146829 0
    outer loop
      vertex 45.443 43.8579 3
      vertex 45.4221 43.7171 1.3
      vertex 45.4221 43.7171 3
    endloop
  endfacet
  facet normal -0.514186 0.857679 0
    outer loop
      vertex 44.8056 42.7944 1.3
      vertex 44.6835 42.7212 3
      vertex 44.8056 42.7944 3
    endloop
  endfacet
  facet normal -0.514186 0.857679 0
    outer loop
      vertex 44.6835 42.7212 3
      vertex 44.8056 42.7944 1.3
      vertex 44.6835 42.7212 1.3
    endloop
  endfacet
  facet normal -0.595379 0.803445 0
    outer loop
      vertex 44.9199 42.8791 1.3
      vertex 44.8056 42.7944 3
      vertex 44.9199 42.8791 3
    endloop
  endfacet
  facet normal -0.595379 0.803445 0
    outer loop
      vertex 44.8056 42.7944 3
      vertex 44.9199 42.8791 1.3
      vertex 44.8056 42.7944 1.3
    endloop
  endfacet
  facet normal -0.941424 0.337226 0
    outer loop
      vertex 45.3396 43.4451 1.3
      vertex 45.3876 43.5791 3
      vertex 45.3876 43.5791 1.3
    endloop
  endfacet
  facet normal -0.941424 0.337226 0
    outer loop
      vertex 45.3876 43.5791 3
      vertex 45.3396 43.4451 1.3
      vertex 45.3396 43.4451 3
    endloop
  endfacet
  facet normal -0.857679 0.514186 0
    outer loop
      vertex 45.2056 43.1944 1.3
      vertex 45.2788 43.3165 3
      vertex 45.2788 43.3165 1.3
    endloop
  endfacet
  facet normal -0.857679 0.514186 0
    outer loop
      vertex 45.2788 43.3165 3
      vertex 45.2056 43.1944 1.3
      vertex 45.2056 43.1944 3
    endloop
  endfacet
  facet normal 0.0492014 0.998789 -0
    outer loop
      vertex 44 42.55 1.3
      vertex 43.8579 42.557 3
      vertex 44 42.55 3
    endloop
  endfacet
  facet normal 0.0492014 0.998789 0
    outer loop
      vertex 43.8579 42.557 3
      vertex 44 42.55 1.3
      vertex 43.8579 42.557 1.3
    endloop
  endfacet
  facet normal 0.671833 0.740703 -0
    outer loop
      vertex 43.0801 42.8791 1.3
      vertex 42.9747 42.9747 3
      vertex 43.0801 42.8791 3
    endloop
  endfacet
  facet normal 0.671833 0.740703 0
    outer loop
      vertex 42.9747 42.9747 3
      vertex 43.0801 42.8791 1.3
      vertex 42.9747 42.9747 1.3
    endloop
  endfacet
  facet normal 0.803445 0.595379 0
    outer loop
      vertex 42.8791 43.0801 3
      vertex 42.7944 43.1944 1.3
      vertex 42.7944 43.1944 3
    endloop
  endfacet
  facet normal 0.803445 0.595379 0
    outer loop
      vertex 42.7944 43.1944 1.3
      vertex 42.8791 43.0801 3
      vertex 42.8791 43.0801 1.3
    endloop
  endfacet
  facet normal 0.857679 0.514186 0
    outer loop
      vertex 42.7944 43.1944 3
      vertex 42.7212 43.3165 1.3
      vertex 42.7212 43.3165 3
    endloop
  endfacet
  facet normal 0.857679 0.514186 0
    outer loop
      vertex 42.7212 43.3165 1.3
      vertex 42.7944 43.1944 3
      vertex 42.7944 43.1944 1.3
    endloop
  endfacet
  facet normal 0.970143 0.242536 0
    outer loop
      vertex 42.6124 43.5791 3
      vertex 42.5779 43.7171 1.3
      vertex 42.5779 43.7171 3
    endloop
  endfacet
  facet normal 0.970143 0.242536 0
    outer loop
      vertex 42.5779 43.7171 1.3
      vertex 42.6124 43.5791 3
      vertex 42.6124 43.5791 1.3
    endloop
  endfacet
  facet normal 0.242536 0.970143 -0
    outer loop
      vertex 43.7171 42.5779 1.3
      vertex 43.5791 42.6124 3
      vertex 43.7171 42.5779 3
    endloop
  endfacet
  facet normal 0.242536 0.970143 0
    outer loop
      vertex 43.5791 42.6124 3
      vertex 43.7171 42.5779 1.3
      vertex 43.5791 42.6124 1.3
    endloop
  endfacet
  facet normal 0.595379 0.803445 -0
    outer loop
      vertex 43.1944 42.7944 1.3
      vertex 43.0801 42.8791 3
      vertex 43.1944 42.7944 3
    endloop
  endfacet
  facet normal 0.595379 0.803445 0
    outer loop
      vertex 43.0801 42.8791 3
      vertex 43.1944 42.7944 1.3
      vertex 43.0801 42.8791 1.3
    endloop
  endfacet
  facet normal 0.146829 0.989162 -0
    outer loop
      vertex 43.8579 42.557 1.3
      vertex 43.7171 42.5779 3
      vertex 43.8579 42.557 3
    endloop
  endfacet
  facet normal 0.146829 0.989162 0
    outer loop
      vertex 43.7171 42.5779 3
      vertex 43.8579 42.557 1.3
      vertex 43.7171 42.5779 1.3
    endloop
  endfacet
  facet normal 0.427421 0.904053 -0
    outer loop
      vertex 43.4451 42.6604 1.3
      vertex 43.3165 42.7212 3
      vertex 43.4451 42.6604 3
    endloop
  endfacet
  facet normal 0.427421 0.904053 0
    outer loop
      vertex 43.3165 42.7212 3
      vertex 43.4451 42.6604 1.3
      vertex 43.3165 42.7212 1.3
    endloop
  endfacet
  facet normal 0.514186 0.857679 -0
    outer loop
      vertex 43.3165 42.7212 1.3
      vertex 43.1944 42.7944 3
      vertex 43.3165 42.7212 3
    endloop
  endfacet
  facet normal 0.514186 0.857679 0
    outer loop
      vertex 43.1944 42.7944 3
      vertex 43.3165 42.7212 1.3
      vertex 43.1944 42.7944 1.3
    endloop
  endfacet
  facet normal -0.998803 -0.0489044 0
    outer loop
      vertex 47 44 0
      vertex 46.9856 44.2941 1.3
      vertex 46.9856 44.2941 0
    endloop
  endfacet
  facet normal -0.998803 -0.0489044 0
    outer loop
      vertex 46.9856 44.2941 1.3
      vertex 47 44 0
      vertex 47 44 1.3
    endloop
  endfacet
  facet normal 0.0489044 -0.998803 0
    outer loop
      vertex 43.7059 46.9856 0
      vertex 44 47 1.3
      vertex 43.7059 46.9856 1.3
    endloop
  endfacet
  facet normal 0.0489044 -0.998803 0
    outer loop
      vertex 44 47 1.3
      vertex 43.7059 46.9856 0
      vertex 44 47 0
    endloop
  endfacet
  facet normal -0.0489044 0.998803 0
    outer loop
      vertex 44.2941 41.0144 0
      vertex 44 41 1.3
      vertex 44.2941 41.0144 1.3
    endloop
  endfacet
  facet normal -0.0489044 0.998803 0
    outer loop
      vertex 44 41 1.3
      vertex 44.2941 41.0144 0
      vertex 44 41 0
    endloop
  endfacet
  facet normal -0.671607 -0.740908 0
    outer loop
      vertex 45.9032 46.319 0
      vertex 46.1213 46.1213 1.3
      vertex 45.9032 46.319 1.3
    endloop
  endfacet
  facet normal -0.671607 -0.740908 -0
    outer loop
      vertex 46.1213 46.1213 1.3
      vertex 45.9032 46.319 0
      vertex 46.1213 46.1213 0
    endloop
  endfacet
  facet normal 0.740908 -0.671607 0
    outer loop
      vertex 41.681 45.9032 1.3
      vertex 41.8787 46.1213 0
      vertex 41.8787 46.1213 1.3
    endloop
  endfacet
  facet normal 0.740908 -0.671607 0
    outer loop
      vertex 41.8787 46.1213 0
      vertex 41.681 45.9032 1.3
      vertex 41.681 45.9032 0
    endloop
  endfacet
  facet normal 0.427269 -0.904125 0
    outer loop
      vertex 42.5858 46.6458 0
      vertex 42.852 46.7716 1.3
      vertex 42.5858 46.6458 1.3
    endloop
  endfacet
  facet normal 0.427269 -0.904125 0
    outer loop
      vertex 42.852 46.7716 1.3
      vertex 42.5858 46.6458 0
      vertex 42.852 46.7716 0
    endloop
  endfacet
  facet normal 0.941488 0.337047 0
    outer loop
      vertex 41.2284 42.852 1.3
      vertex 41.1292 43.1291 0
      vertex 41.1292 43.1291 1.3
    endloop
  endfacet
  facet normal 0.941488 0.337047 0
    outer loop
      vertex 41.1292 43.1291 0
      vertex 41.2284 42.852 1.3
      vertex 41.2284 42.852 0
    endloop
  endfacet
  facet normal -0.904125 -0.427269 0
    outer loop
      vertex 46.7716 45.148 0
      vertex 46.6458 45.4142 1.3
      vertex 46.6458 45.4142 0
    endloop
  endfacet
  facet normal -0.904125 -0.427269 0
    outer loop
      vertex 46.6458 45.4142 1.3
      vertex 46.7716 45.148 0
      vertex 46.7716 45.148 1.3
    endloop
  endfacet
  facet normal -0.337047 -0.941488 0
    outer loop
      vertex 44.8709 46.8708 0
      vertex 45.148 46.7716 1.3
      vertex 44.8709 46.8708 1.3
    endloop
  endfacet
  facet normal -0.337047 -0.941488 -0
    outer loop
      vertex 45.148 46.7716 1.3
      vertex 44.8709 46.8708 0
      vertex 45.148 46.7716 0
    endloop
  endfacet
  facet normal 0.904125 -0.427269 0
    outer loop
      vertex 41.2284 45.148 1.3
      vertex 41.3542 45.4142 0
      vertex 41.3542 45.4142 1.3
    endloop
  endfacet
  facet normal 0.904125 -0.427269 0
    outer loop
      vertex 41.3542 45.4142 0
      vertex 41.2284 45.148 1.3
      vertex 41.2284 45.148 0
    endloop
  endfacet
  facet normal 0.857643 -0.514246 0
    outer loop
      vertex 41.3542 45.4142 1.3
      vertex 41.5056 45.6667 0
      vertex 41.5056 45.6667 1.3
    endloop
  endfacet
  facet normal 0.857643 -0.514246 0
    outer loop
      vertex 41.5056 45.6667 0
      vertex 41.3542 45.4142 1.3
      vertex 41.3542 45.4142 0
    endloop
  endfacet
  facet normal 0.243175 -0.969982 0
    outer loop
      vertex 43.1291 46.8708 0
      vertex 43.4147 46.9424 1.3
      vertex 43.1291 46.8708 1.3
    endloop
  endfacet
  facet normal 0.243175 -0.969982 0
    outer loop
      vertex 43.4147 46.9424 1.3
      vertex 43.1291 46.8708 0
      vertex 43.4147 46.9424 0
    endloop
  endfacet
  facet normal -0.904125 0.427269 0
    outer loop
      vertex 46.6458 42.5858 0
      vertex 46.7716 42.852 1.3
      vertex 46.7716 42.852 0
    endloop
  endfacet
  facet normal -0.904125 0.427269 0
    outer loop
      vertex 46.7716 42.852 1.3
      vertex 46.6458 42.5858 0
      vertex 46.6458 42.5858 1.3
    endloop
  endfacet
  facet normal -0.337047 0.941488 0
    outer loop
      vertex 45.148 41.2284 0
      vertex 44.8709 41.1292 1.3
      vertex 45.148 41.2284 1.3
    endloop
  endfacet
  facet normal -0.337047 0.941488 0
    outer loop
      vertex 44.8709 41.1292 1.3
      vertex 45.148 41.2284 0
      vertex 44.8709 41.1292 0
    endloop
  endfacet
  facet normal -0.740908 0.671607 0
    outer loop
      vertex 46.1213 41.8787 0
      vertex 46.319 42.0968 1.3
      vertex 46.319 42.0968 0
    endloop
  endfacet
  facet normal -0.740908 0.671607 0
    outer loop
      vertex 46.319 42.0968 1.3
      vertex 46.1213 41.8787 0
      vertex 46.1213 41.8787 1.3
    endloop
  endfacet
  facet normal -0.969982 0.243175 0
    outer loop
      vertex 46.8708 43.1291 0
      vertex 46.9424 43.4147 1.3
      vertex 46.9424 43.4147 0
    endloop
  endfacet
  facet normal -0.969982 0.243175 0
    outer loop
      vertex 46.9424 43.4147 1.3
      vertex 46.8708 43.1291 0
      vertex 46.8708 43.1291 1.3
    endloop
  endfacet
  facet normal 0.243175 0.969982 -0
    outer loop
      vertex 43.4147 41.0576 0
      vertex 43.1291 41.1292 1.3
      vertex 43.4147 41.0576 1.3
    endloop
  endfacet
  facet normal 0.243175 0.969982 0
    outer loop
      vertex 43.1291 41.1292 1.3
      vertex 43.4147 41.0576 0
      vertex 43.1291 41.1292 0
    endloop
  endfacet
  facet normal 0.671607 0.740908 -0
    outer loop
      vertex 42.0968 41.681 0
      vertex 41.8787 41.8787 1.3
      vertex 42.0968 41.681 1.3
    endloop
  endfacet
  facet normal 0.671607 0.740908 0
    outer loop
      vertex 41.8787 41.8787 1.3
      vertex 42.0968 41.681 0
      vertex 41.8787 41.8787 0
    endloop
  endfacet
  facet normal 0.740908 0.671607 0
    outer loop
      vertex 41.8787 41.8787 1.3
      vertex 41.681 42.0968 0
      vertex 41.681 42.0968 1.3
    endloop
  endfacet
  facet normal 0.740908 0.671607 0
    outer loop
      vertex 41.681 42.0968 0
      vertex 41.8787 41.8787 1.3
      vertex 41.8787 41.8787 0
    endloop
  endfacet
  facet normal -0.969982 -0.243175 0
    outer loop
      vertex 46.9424 44.5853 0
      vertex 46.8708 44.8709 1.3
      vertex 46.8708 44.8709 0
    endloop
  endfacet
  facet normal -0.969982 -0.243175 0
    outer loop
      vertex 46.8708 44.8709 1.3
      vertex 46.9424 44.5853 0
      vertex 46.9424 44.5853 1.3
    endloop
  endfacet
  facet normal -0.989174 -0.146746 0
    outer loop
      vertex 46.9856 44.2941 0
      vertex 46.9424 44.5853 1.3
      vertex 46.9424 44.5853 0
    endloop
  endfacet
  facet normal -0.989174 -0.146746 0
    outer loop
      vertex 46.9424 44.5853 1.3
      vertex 46.9856 44.2941 0
      vertex 46.9856 44.2941 1.3
    endloop
  endfacet
  facet normal -0.941488 -0.337047 0
    outer loop
      vertex 46.8708 44.8709 0
      vertex 46.7716 45.148 1.3
      vertex 46.7716 45.148 0
    endloop
  endfacet
  facet normal -0.941488 -0.337047 0
    outer loop
      vertex 46.7716 45.148 1.3
      vertex 46.8708 44.8709 0
      vertex 46.8708 44.8709 1.3
    endloop
  endfacet
  facet normal -0.803208 -0.595699 0
    outer loop
      vertex 46.4944 45.6667 0
      vertex 46.319 45.9032 1.3
      vertex 46.319 45.9032 0
    endloop
  endfacet
  facet normal -0.803208 -0.595699 0
    outer loop
      vertex 46.319 45.9032 1.3
      vertex 46.4944 45.6667 0
      vertex 46.4944 45.6667 1.3
    endloop
  endfacet
  facet normal -0.857643 -0.514246 0
    outer loop
      vertex 46.6458 45.4142 0
      vertex 46.4944 45.6667 1.3
      vertex 46.4944 45.6667 0
    endloop
  endfacet
  facet normal -0.857643 -0.514246 0
    outer loop
      vertex 46.4944 45.6667 1.3
      vertex 46.6458 45.4142 0
      vertex 46.6458 45.4142 1.3
    endloop
  endfacet
  facet normal -0.146746 -0.989174 0
    outer loop
      vertex 44.2941 46.9856 0
      vertex 44.5853 46.9424 1.3
      vertex 44.2941 46.9856 1.3
    endloop
  endfacet
  facet normal -0.146746 -0.989174 -0
    outer loop
      vertex 44.5853 46.9424 1.3
      vertex 44.2941 46.9856 0
      vertex 44.5853 46.9424 0
    endloop
  endfacet
  facet normal -0.0489044 -0.998803 0
    outer loop
      vertex 44 47 0
      vertex 44.2941 46.9856 1.3
      vertex 44 47 1.3
    endloop
  endfacet
  facet normal -0.0489044 -0.998803 -0
    outer loop
      vertex 44.2941 46.9856 1.3
      vertex 44 47 0
      vertex 44.2941 46.9856 0
    endloop
  endfacet
  facet normal -0.514246 -0.857643 0
    outer loop
      vertex 45.4142 46.6458 0
      vertex 45.6667 46.4944 1.3
      vertex 45.4142 46.6458 1.3
    endloop
  endfacet
  facet normal -0.514246 -0.857643 -0
    outer loop
      vertex 45.6667 46.4944 1.3
      vertex 45.4142 46.6458 0
      vertex 45.6667 46.4944 0
    endloop
  endfacet
  facet normal -0.595699 -0.803208 0
    outer loop
      vertex 45.6667 46.4944 0
      vertex 45.9032 46.319 1.3
      vertex 45.6667 46.4944 1.3
    endloop
  endfacet
  facet normal -0.595699 -0.803208 -0
    outer loop
      vertex 45.9032 46.319 1.3
      vertex 45.6667 46.4944 0
      vertex 45.9032 46.319 0
    endloop
  endfacet
  facet normal 0.989174 -0.146746 0
    outer loop
      vertex 41.0144 44.2941 1.3
      vertex 41.0576 44.5853 0
      vertex 41.0576 44.5853 1.3
    endloop
  endfacet
  facet normal 0.989174 -0.146746 0
    outer loop
      vertex 41.0576 44.5853 0
      vertex 41.0144 44.2941 1.3
      vertex 41.0144 44.2941 0
    endloop
  endfacet
  facet normal 0.941488 -0.337047 0
    outer loop
      vertex 41.1292 44.8709 1.3
      vertex 41.2284 45.148 0
      vertex 41.2284 45.148 1.3
    endloop
  endfacet
  facet normal 0.941488 -0.337047 0
    outer loop
      vertex 41.2284 45.148 0
      vertex 41.1292 44.8709 1.3
      vertex 41.1292 44.8709 0
    endloop
  endfacet
  facet normal 0.998803 -0.0489044 0
    outer loop
      vertex 41 44 1.3
      vertex 41.0144 44.2941 0
      vertex 41.0144 44.2941 1.3
    endloop
  endfacet
  facet normal 0.998803 -0.0489044 0
    outer loop
      vertex 41.0144 44.2941 0
      vertex 41 44 1.3
      vertex 41 44 0
    endloop
  endfacet
  facet normal 0 0 -1
    outer loop
      vertex 45.45 44 1.3
      vertex 47 44 1.3
      vertex 46.9856 43.7059 1.3
    endloop
  endfacet
  facet normal 0 0 -1
    outer loop
      vertex 45.443 43.8579 1.3
      vertex 46.9856 43.7059 1.3
      vertex 46.9424 43.4147 1.3
    endloop
  endfacet
  facet normal 0 0 -1
    outer loop
      vertex 47 44 1.3
      vertex 45.45 44 1.3
      vertex 46.9856 44.2941 1.3
    endloop
  endfacet
  facet normal 0 0 -1
    outer loop
      vertex 45.4221 43.7171 1.3
      vertex 46.9424 43.4147 1.3
      vertex 46.8708 43.1291 1.3
    endloop
  endfacet
  facet normal 0 0 -1
    outer loop
      vertex 45.443 44.1421 1.3
      vertex 46.9856 44.2941 1.3
      vertex 45.45 44 1.3
    endloop
  endfacet
  facet normal 0 0 -1
    outer loop
      vertex 45.3876 43.5791 1.3
      vertex 46.8708 43.1291 1.3
      vertex 46.7716 42.852 1.3
    endloop
  endfacet
  facet normal -0 0 -1
    outer loop
      vertex 46.9856 44.2941 1.3
      vertex 45.443 44.1421 1.3
      vertex 46.9424 44.5853 1.3
    endloop
  endfacet
  facet normal 0 0 -1
    outer loop
      vertex 45.3396 43.4451 1.3
      vertex 46.7716 42.852 1.3
      vertex 46.6458 42.5858 1.3
    endloop
  endfacet
  facet normal 0 0 -1
    outer loop
      vertex 45.4221 44.2829 1.3
      vertex 46.9424 44.5853 1.3
      vertex 45.443 44.1421 1.3
    endloop
  endfacet
  facet normal 0 0 -1
    outer loop
      vertex 45.2788 43.3165 1.3
      vertex 46.6458 42.5858 1.3
      vertex 46.4944 42.3333 1.3
    endloop
  endfacet
  facet normal -0 0 -1
    outer loop
      vertex 46.9424 44.5853 1.3
      vertex 45.4221 44.2829 1.3
      vertex 46.8708 44.8709 1.3
    endloop
  endfacet
  facet normal 0 0 -1
    outer loop
      vertex 45.2056 43.1944 1.3
      vertex 46.4944 42.3333 1.3
      vertex 46.319 42.0968 1.3
    endloop
  endfacet
  facet normal 0 0 -1
    outer loop
      vertex 45.3876 44.4209 1.3
      vertex 46.8708 44.8709 1.3
      vertex 45.4221 44.2829 1.3
    endloop
  endfacet
  facet normal 0 0 -1
    outer loop
      vertex 45.1209 43.0801 1.3
      vertex 46.319 42.0968 1.3
      vertex 46.1213 41.8787 1.3
    endloop
  endfacet
  facet normal -0 0 -1
    outer loop
      vertex 46.8708 44.8709 1.3
      vertex 45.3876 44.4209 1.3
      vertex 46.7716 45.148 1.3
    endloop
  endfacet
  facet normal 0 0 -1
    outer loop
      vertex 45.0253 42.9747 1.3
      vertex 46.1213 41.8787 1.3
      vertex 45.9032 41.681 1.3
    endloop
  endfacet
  facet normal 0 0 -1
    outer loop
      vertex 45.3396 44.5549 1.3
      vertex 46.7716 45.148 1.3
      vertex 45.3876 44.4209 1.3
    endloop
  endfacet
  facet normal 0 0 -1
    outer loop
      vertex 44.9199 42.8791 1.3
      vertex 45.9032 41.681 1.3
      vertex 45.6667 41.5056 1.3
    endloop
  endfacet
  facet normal -0 0 -1
    outer loop
      vertex 46.7716 45.148 1.3
      vertex 45.3396 44.5549 1.3
      vertex 46.6458 45.4142 1.3
    endloop
  endfacet
  facet normal 0 0 -1
    outer loop
      vertex 45.2788 44.6835 1.3
      vertex 46.6458 45.4142 1.3
      vertex 45.3396 44.5549 1.3
    endloop
  endfacet
  facet normal 0 0 -1
    outer loop
      vertex 46.9856 43.7059 1.3
      vertex 45.443 43.8579 1.3
      vertex 45.45 44 1.3
    endloop
  endfacet
  facet normal 0 0 -1
    outer loop
      vertex 46.9424 43.4147 1.3
      vertex 45.4221 43.7171 1.3
      vertex 45.443 43.8579 1.3
    endloop
  endfacet
  facet normal 0 0 -1
    outer loop
      vertex 44.8056 42.7944 1.3
      vertex 45.6667 41.5056 1.3
      vertex 45.4142 41.3542 1.3
    endloop
  endfacet
  facet normal 0 0 -1
    outer loop
      vertex 46.8708 43.1291 1.3
      vertex 45.3876 43.5791 1.3
      vertex 45.4221 43.7171 1.3
    endloop
  endfacet
  facet normal 0 0 -1
    outer loop
      vertex 46.7716 42.852 1.3
      vertex 45.3396 43.4451 1.3
      vertex 45.3876 43.5791 1.3
    endloop
  endfacet
  facet normal 0 0 -1
    outer loop
      vertex 46.6458 42.5858 1.3
      vertex 45.2788 43.3165 1.3
      vertex 45.3396 43.4451 1.3
    endloop
  endfacet
  facet normal 0 0 -1
    outer loop
      vertex 46.4944 42.3333 1.3
      vertex 45.2056 43.1944 1.3
      vertex 45.2788 43.3165 1.3
    endloop
  endfacet
  facet normal 0 0 -1
    outer loop
      vertex 44.6835 42.7212 1.3
      vertex 45.4142 41.3542 1.3
      vertex 45.148 41.2284 1.3
    endloop
  endfacet
  facet normal 0 0 -1
    outer loop
      vertex 46.319 42.0968 1.3
      vertex 45.1209 43.0801 1.3
      vertex 45.2056 43.1944 1.3
    endloop
  endfacet
  facet normal 0 0 -1
    outer loop
      vertex 46.1213 41.8787 1.3
      vertex 45.0253 42.9747 1.3
      vertex 45.1209 43.0801 1.3
    endloop
  endfacet
  facet normal 0 0 -1
    outer loop
      vertex 45.9032 41.681 1.3
      vertex 44.9199 42.8791 1.3
      vertex 45.0253 42.9747 1.3
    endloop
  endfacet
  facet normal 0 0 -1
    outer loop
      vertex 44.5549 42.6604 1.3
      vertex 45.148 41.2284 1.3
      vertex 44.8709 41.1292 1.3
    endloop
  endfacet
  facet normal 0 0 -1
    outer loop
      vertex 45.6667 41.5056 1.3
      vertex 44.8056 42.7944 1.3
      vertex 44.9199 42.8791 1.3
    endloop
  endfacet
  facet normal 0 0 -1
    outer loop
      vertex 45.4142 41.3542 1.3
      vertex 44.6835 42.7212 1.3
      vertex 44.8056 42.7944 1.3
    endloop
  endfacet
  facet normal 0 0 -1
    outer loop
      vertex 44.4209 42.6124 1.3
      vertex 44.8709 41.1292 1.3
      vertex 44.5853 41.0576 1.3
    endloop
  endfacet
  facet normal 0 0 -1
    outer loop
      vertex 45.148 41.2284 1.3
      vertex 44.5549 42.6604 1.3
      vertex 44.6835 42.7212 1.3
    endloop
  endfacet
  facet normal 0 0 -1
    outer loop
      vertex 44.8709 41.1292 1.3
      vertex 44.4209 42.6124 1.3
      vertex 44.5549 42.6604 1.3
    endloop
  endfacet
  facet normal 0 0 -1
    outer loop
      vertex 44.2829 42.5779 1.3
      vertex 44.5853 41.0576 1.3
      vertex 44.2941 41.0144 1.3
    endloop
  endfacet
  facet normal 0 0 -1
    outer loop
      vertex 44.5853 41.0576 1.3
      vertex 44.2829 42.5779 1.3
      vertex 44.4209 42.6124 1.3
    endloop
  endfacet
  facet normal 0 0 -1
    outer loop
      vertex 44.2941 41.0144 1.3
      vertex 44.1421 42.557 1.3
      vertex 44.2829 42.5779 1.3
    endloop
  endfacet
  facet normal 0 0 -1
    outer loop
      vertex 44 41 1.3
      vertex 44.1421 42.557 1.3
      vertex 44.2941 41.0144 1.3
    endloop
  endfacet
  facet normal 0 0 -1
    outer loop
      vertex 44 41 1.3
      vertex 44 42.55 1.3
      vertex 44.1421 42.557 1.3
    endloop
  endfacet
  facet normal 0 0 -1
    outer loop
      vertex 44 41 1.3
      vertex 43.8579 42.557 1.3
      vertex 44 42.55 1.3
    endloop
  endfacet
  facet normal 0 0 -1
    outer loop
      vertex 43.7059 41.0144 1.3
      vertex 43.8579 42.557 1.3
      vertex 44 41 1.3
    endloop
  endfacet
  facet normal -0 0 -1
    outer loop
      vertex 43.8579 42.557 1.3
      vertex 43.7059 41.0144 1.3
      vertex 43.7171 42.5779 1.3
    endloop
  endfacet
  facet normal 0 0 -1
    outer loop
      vertex 43.4147 41.0576 1.3
      vertex 43.7171 42.5779 1.3
      vertex 43.7059 41.0144 1.3
    endloop
  endfacet
  facet normal -0 0 -1
    outer loop
      vertex 43.7171 42.5779 1.3
      vertex 43.4147 41.0576 1.3
      vertex 43.5791 42.6124 1.3
    endloop
  endfacet
  facet normal 0 0 -1
    outer loop
      vertex 43.1291 41.1292 1.3
      vertex 43.5791 42.6124 1.3
      vertex 43.4147 41.0576 1.3
    endloop
  endfacet
  facet normal -0 0 -1
    outer loop
      vertex 43.5791 42.6124 1.3
      vertex 43.1291 41.1292 1.3
      vertex 43.4451 42.6604 1.3
    endloop
  endfacet
  facet normal 0 0 -1
    outer loop
      vertex 42.852 41.2284 1.3
      vertex 43.4451 42.6604 1.3
      vertex 43.1291 41.1292 1.3
    endloop
  endfacet
  facet normal -0 0 -1
    outer loop
      vertex 43.4451 42.6604 1.3
      vertex 42.852 41.2284 1.3
      vertex 43.3165 42.7212 1.3
    endloop
  endfacet
  facet normal 0 0 -1
    outer loop
      vertex 42.5858 41.3542 1.3
      vertex 43.3165 42.7212 1.3
      vertex 42.852 41.2284 1.3
    endloop
  endfacet
  facet normal -0 0 -1
    outer loop
      vertex 43.3165 42.7212 1.3
      vertex 42.5858 41.3542 1.3
      vertex 43.1944 42.7944 1.3
    endloop
  endfacet
  facet normal 0 0 -1
    outer loop
      vertex 42.3333 41.5056 1.3
      vertex 43.1944 42.7944 1.3
      vertex 42.5858 41.3542 1.3
    endloop
  endfacet
  facet normal -0 0 -1
    outer loop
      vertex 43.1944 42.7944 1.3
      vertex 42.3333 41.5056 1.3
      vertex 43.0801 42.8791 1.3
    endloop
  endfacet
  facet normal 0 0 -1
    outer loop
      vertex 42.0968 41.681 1.3
      vertex 43.0801 42.8791 1.3
      vertex 42.3333 41.5056 1.3
    endloop
  endfacet
  facet normal -0 0 -1
    outer loop
      vertex 43.0801 42.8791 1.3
      vertex 42.0968 41.681 1.3
      vertex 42.9747 42.9747 1.3
    endloop
  endfacet
  facet normal 0 0 -1
    outer loop
      vertex 41.8787 41.8787 1.3
      vertex 42.9747 42.9747 1.3
      vertex 42.0968 41.681 1.3
    endloop
  endfacet
  facet normal -0 0 -1
    outer loop
      vertex 42.9747 42.9747 1.3
      vertex 41.8787 41.8787 1.3
      vertex 42.8791 43.0801 1.3
    endloop
  endfacet
  facet normal 0 0 -1
    outer loop
      vertex 41.681 42.0968 1.3
      vertex 42.8791 43.0801 1.3
      vertex 41.8787 41.8787 1.3
    endloop
  endfacet
  facet normal -0 0 -1
    outer loop
      vertex 42.8791 43.0801 1.3
      vertex 41.681 42.0968 1.3
      vertex 42.7944 43.1944 1.3
    endloop
  endfacet
  facet normal 0 0 -1
    outer loop
      vertex 41.5056 42.3333 1.3
      vertex 42.7944 43.1944 1.3
      vertex 41.681 42.0968 1.3
    endloop
  endfacet
  facet normal -0 0 -1
    outer loop
      vertex 42.7944 43.1944 1.3
      vertex 41.5056 42.3333 1.3
      vertex 42.7212 43.3165 1.3
    endloop
  endfacet
  facet normal 0 0 -1
    outer loop
      vertex 41.3542 42.5858 1.3
      vertex 42.7212 43.3165 1.3
      vertex 41.5056 42.3333 1.3
    endloop
  endfacet
  facet normal -0 0 -1
    outer loop
      vertex 46.6458 45.4142 1.3
      vertex 45.2788 44.6835 1.3
      vertex 46.4944 45.6667 1.3
    endloop
  endfacet
  facet normal 0 0 -1
    outer loop
      vertex 45.2056 44.8056 1.3
      vertex 46.4944 45.6667 1.3
      vertex 45.2788 44.6835 1.3
    endloop
  endfacet
  facet normal -0 0 -1
    outer loop
      vertex 46.4944 45.6667 1.3
      vertex 45.2056 44.8056 1.3
      vertex 46.319 45.9032 1.3
    endloop
  endfacet
  facet normal 0 0 -1
    outer loop
      vertex 45.1209 44.9199 1.3
      vertex 46.319 45.9032 1.3
      vertex 45.2056 44.8056 1.3
    endloop
  endfacet
  facet normal -0 0 -1
    outer loop
      vertex 46.319 45.9032 1.3
      vertex 45.1209 44.9199 1.3
      vertex 46.1213 46.1213 1.3
    endloop
  endfacet
  facet normal 0 0 -1
    outer loop
      vertex 45.0253 45.0253 1.3
      vertex 46.1213 46.1213 1.3
      vertex 45.1209 44.9199 1.3
    endloop
  endfacet
  facet normal -0 0 -1
    outer loop
      vertex 46.1213 46.1213 1.3
      vertex 45.0253 45.0253 1.3
      vertex 45.9032 46.319 1.3
    endloop
  endfacet
  facet normal 0 0 -1
    outer loop
      vertex 44.9199 45.1209 1.3
      vertex 45.9032 46.319 1.3
      vertex 45.0253 45.0253 1.3
    endloop
  endfacet
  facet normal -0 0 -1
    outer loop
      vertex 45.9032 46.319 1.3
      vertex 44.9199 45.1209 1.3
      vertex 45.6667 46.4944 1.3
    endloop
  endfacet
  facet normal 0 0 -1
    outer loop
      vertex 44.8056 45.2056 1.3
      vertex 45.6667 46.4944 1.3
      vertex 44.9199 45.1209 1.3
    endloop
  endfacet
  facet normal -0 0 -1
    outer loop
      vertex 45.6667 46.4944 1.3
      vertex 44.8056 45.2056 1.3
      vertex 45.4142 46.6458 1.3
    endloop
  endfacet
  facet normal 0 0 -1
    outer loop
      vertex 44.6835 45.2788 1.3
      vertex 45.4142 46.6458 1.3
      vertex 44.8056 45.2056 1.3
    endloop
  endfacet
  facet normal -0 0 -1
    outer loop
      vertex 45.4142 46.6458 1.3
      vertex 44.6835 45.2788 1.3
      vertex 45.148 46.7716 1.3
    endloop
  endfacet
  facet normal 0 0 -1
    outer loop
      vertex 44.5549 45.3396 1.3
      vertex 45.148 46.7716 1.3
      vertex 44.6835 45.2788 1.3
    endloop
  endfacet
  facet normal -0 0 -1
    outer loop
      vertex 45.148 46.7716 1.3
      vertex 44.5549 45.3396 1.3
      vertex 44.8709 46.8708 1.3
    endloop
  endfacet
  facet normal 0 0 -1
    outer loop
      vertex 44.4209 45.3876 1.3
      vertex 44.8709 46.8708 1.3
      vertex 44.5549 45.3396 1.3
    endloop
  endfacet
  facet normal -0 0 -1
    outer loop
      vertex 44.8709 46.8708 1.3
      vertex 44.4209 45.3876 1.3
      vertex 44.5853 46.9424 1.3
    endloop
  endfacet
  facet normal 0 0 -1
    outer loop
      vertex 44.2829 45.4221 1.3
      vertex 44.5853 46.9424 1.3
      vertex 44.4209 45.3876 1.3
    endloop
  endfacet
  facet normal -0 0 -1
    outer loop
      vertex 44.5853 46.9424 1.3
      vertex 44.2829 45.4221 1.3
      vertex 44.2941 46.9856 1.3
    endloop
  endfacet
  facet normal 0 0 -1
    outer loop
      vertex 44.1421 45.443 1.3
      vertex 44.2941 46.9856 1.3
      vertex 44.2829 45.4221 1.3
    endloop
  endfacet
  facet normal 0 0 -1
    outer loop
      vertex 44 45.45 1.3
      vertex 44.2941 46.9856 1.3
      vertex 44.1421 45.443 1.3
    endloop
  endfacet
  facet normal 0 0 -1
    outer loop
      vertex 44 45.45 1.3
      vertex 44 47 1.3
      vertex 44.2941 46.9856 1.3
    endloop
  endfacet
  facet normal 0 0 -1
    outer loop
      vertex 43.8579 45.443 1.3
      vertex 44 47 1.3
      vertex 44 45.45 1.3
    endloop
  endfacet
  facet normal 0 0 -1
    outer loop
      vertex 43.7059 46.9856 1.3
      vertex 43.8579 45.443 1.3
      vertex 43.7171 45.4221 1.3
    endloop
  endfacet
  facet normal 0 0 -1
    outer loop
      vertex 43.8579 45.443 1.3
      vertex 43.7059 46.9856 1.3
      vertex 44 47 1.3
    endloop
  endfacet
  facet normal 0 0 -1
    outer loop
      vertex 43.4147 46.9424 1.3
      vertex 43.7171 45.4221 1.3
      vertex 43.5791 45.3876 1.3
    endloop
  endfacet
  facet normal 0 0 -1
    outer loop
      vertex 43.1291 46.8708 1.3
      vertex 43.5791 45.3876 1.3
      vertex 43.4451 45.3396 1.3
    endloop
  endfacet
  facet normal 0 0 -1
    outer loop
      vertex 43.7171 45.4221 1.3
      vertex 43.4147 46.9424 1.3
      vertex 43.7059 46.9856 1.3
    endloop
  endfacet
  facet normal 0 0 -1
    outer loop
      vertex 42.852 46.7716 1.3
      vertex 43.4451 45.3396 1.3
      vertex 43.3165 45.2788 1.3
    endloop
  endfacet
  facet normal 0 0 -1
    outer loop
      vertex 42.5858 46.6458 1.3
      vertex 43.3165 45.2788 1.3
      vertex 43.1944 45.2056 1.3
    endloop
  endfacet
  facet normal 0 0 -1
    outer loop
      vertex 43.5791 45.3876 1.3
      vertex 43.1291 46.8708 1.3
      vertex 43.4147 46.9424 1.3
    endloop
  endfacet
  facet normal 0 0 -1
    outer loop
      vertex 42.3333 46.4944 1.3
      vertex 43.1944 45.2056 1.3
      vertex 43.0801 45.1209 1.3
    endloop
  endfacet
  facet normal 0 0 -1
    outer loop
      vertex 42.0968 46.319 1.3
      vertex 43.0801 45.1209 1.3
      vertex 42.9747 45.0253 1.3
    endloop
  endfacet
  facet normal 0 0 -1
    outer loop
      vertex 41.8787 46.1213 1.3
      vertex 42.9747 45.0253 1.3
      vertex 42.8791 44.9199 1.3
    endloop
  endfacet
  facet normal 0 0 -1
    outer loop
      vertex 43.4451 45.3396 1.3
      vertex 42.852 46.7716 1.3
      vertex 43.1291 46.8708 1.3
    endloop
  endfacet
  facet normal 0 0 -1
    outer loop
      vertex 41.681 45.9032 1.3
      vertex 42.8791 44.9199 1.3
      vertex 42.7944 44.8056 1.3
    endloop
  endfacet
  facet normal 0 0 -1
    outer loop
      vertex 41.5056 45.6667 1.3
      vertex 42.7944 44.8056 1.3
      vertex 42.7212 44.6835 1.3
    endloop
  endfacet
  facet normal 0 0 -1
    outer loop
      vertex 41.3542 45.4142 1.3
      vertex 42.7212 44.6835 1.3
      vertex 42.6604 44.5549 1.3
    endloop
  endfacet
  facet normal 0 0 -1
    outer loop
      vertex 41.2284 45.148 1.3
      vertex 42.6604 44.5549 1.3
      vertex 42.6124 44.4209 1.3
    endloop
  endfacet
  facet normal 0 0 -1
    outer loop
      vertex 43.3165 45.2788 1.3
      vertex 42.5858 46.6458 1.3
      vertex 42.852 46.7716 1.3
    endloop
  endfacet
  facet normal 0 0 -1
    outer loop
      vertex 41.1292 44.8709 1.3
      vertex 42.6124 44.4209 1.3
      vertex 42.5779 44.2829 1.3
    endloop
  endfacet
  facet normal 0 0 -1
    outer loop
      vertex 41.0576 44.5853 1.3
      vertex 42.5779 44.2829 1.3
      vertex 42.557 44.1421 1.3
    endloop
  endfacet
  facet normal 0 0 -1
    outer loop
      vertex 41.0144 44.2941 1.3
      vertex 42.557 44.1421 1.3
      vertex 42.55 44 1.3
    endloop
  endfacet
  facet normal -0 0 -1
    outer loop
      vertex 42.7212 43.3165 1.3
      vertex 41.3542 42.5858 1.3
      vertex 42.6604 43.4451 1.3
    endloop
  endfacet
  facet normal 0 0 -1
    outer loop
      vertex 43.1944 45.2056 1.3
      vertex 42.3333 46.4944 1.3
      vertex 42.5858 46.6458 1.3
    endloop
  endfacet
  facet normal 0 0 -1
    outer loop
      vertex 41.2284 42.852 1.3
      vertex 42.6604 43.4451 1.3
      vertex 41.3542 42.5858 1.3
    endloop
  endfacet
  facet normal 0 0 -1
    outer loop
      vertex 43.0801 45.1209 1.3
      vertex 42.0968 46.319 1.3
      vertex 42.3333 46.4944 1.3
    endloop
  endfacet
  facet normal -0 0 -1
    outer loop
      vertex 42.6604 43.4451 1.3
      vertex 41.2284 42.852 1.3
      vertex 42.6124 43.5791 1.3
    endloop
  endfacet
  facet normal 0 0 -1
    outer loop
      vertex 42.9747 45.0253 1.3
      vertex 41.8787 46.1213 1.3
      vertex 42.0968 46.319 1.3
    endloop
  endfacet
  facet normal 0 0 -1
    outer loop
      vertex 41.1292 43.1291 1.3
      vertex 42.6124 43.5791 1.3
      vertex 41.2284 42.852 1.3
    endloop
  endfacet
  facet normal 0 0 -1
    outer loop
      vertex 42.8791 44.9199 1.3
      vertex 41.681 45.9032 1.3
      vertex 41.8787 46.1213 1.3
    endloop
  endfacet
  facet normal -0 0 -1
    outer loop
      vertex 42.6124 43.5791 1.3
      vertex 41.1292 43.1291 1.3
      vertex 42.5779 43.7171 1.3
    endloop
  endfacet
  facet normal 0 0 -1
    outer loop
      vertex 42.7944 44.8056 1.3
      vertex 41.5056 45.6667 1.3
      vertex 41.681 45.9032 1.3
    endloop
  endfacet
  facet normal 0 0 -1
    outer loop
      vertex 41.0576 43.4147 1.3
      vertex 42.5779 43.7171 1.3
      vertex 41.1292 43.1291 1.3
    endloop
  endfacet
  facet normal 0 0 -1
    outer loop
      vertex 42.7212 44.6835 1.3
      vertex 41.3542 45.4142 1.3
      vertex 41.5056 45.6667 1.3
    endloop
  endfacet
  facet normal -0 0 -1
    outer loop
      vertex 42.5779 43.7171 1.3
      vertex 41.0576 43.4147 1.3
      vertex 42.557 43.8579 1.3
    endloop
  endfacet
  facet normal 0 0 -1
    outer loop
      vertex 42.6604 44.5549 1.3
      vertex 41.2284 45.148 1.3
      vertex 41.3542 45.4142 1.3
    endloop
  endfacet
  facet normal 0 0 -1
    outer loop
      vertex 41.0144 43.7059 1.3
      vertex 42.557 43.8579 1.3
      vertex 41.0576 43.4147 1.3
    endloop
  endfacet
  facet normal 0 0 -1
    outer loop
      vertex 42.6124 44.4209 1.3
      vertex 41.1292 44.8709 1.3
      vertex 41.2284 45.148 1.3
    endloop
  endfacet
  facet normal -0 0 -1
    outer loop
      vertex 42.557 43.8579 1.3
      vertex 41.0144 43.7059 1.3
      vertex 42.55 44 1.3
    endloop
  endfacet
  facet normal 0 0 -1
    outer loop
      vertex 42.5779 44.2829 1.3
      vertex 41.0576 44.5853 1.3
      vertex 41.1292 44.8709 1.3
    endloop
  endfacet
  facet normal 0 0 -1
    outer loop
      vertex 41 44 1.3
      vertex 42.55 44 1.3
      vertex 41.0144 43.7059 1.3
    endloop
  endfacet
  facet normal 0 0 -1
    outer loop
      vertex 42.557 44.1421 1.3
      vertex 41.0144 44.2941 1.3
      vertex 41.0576 44.5853 1.3
    endloop
  endfacet
  facet normal 0 0 -1
    outer loop
      vertex 42.55 44 1.3
      vertex 41 44 1.3
      vertex 41.0144 44.2941 1.3
    endloop
  endfacet
  facet normal 0.595699 -0.803208 0
    outer loop
      vertex 42.0968 46.319 0
      vertex 42.3333 46.4944 1.3
      vertex 42.0968 46.319 1.3
    endloop
  endfacet
  facet normal 0.595699 -0.803208 0
    outer loop
      vertex 42.3333 46.4944 1.3
      vertex 42.0968 46.319 0
      vertex 42.3333 46.4944 0
    endloop
  endfacet
  facet normal 0.146746 -0.989174 0
    outer loop
      vertex 43.4147 46.9424 0
      vertex 43.7059 46.9856 1.3
      vertex 43.4147 46.9424 1.3
    endloop
  endfacet
  facet normal 0.146746 -0.989174 0
    outer loop
      vertex 43.7059 46.9856 1.3
      vertex 43.4147 46.9424 0
      vertex 43.7059 46.9856 0
    endloop
  endfacet
  facet normal -0.146746 0.989174 0
    outer loop
      vertex 44.5853 41.0576 0
      vertex 44.2941 41.0144 1.3
      vertex 44.5853 41.0576 1.3
    endloop
  endfacet
  facet normal -0.146746 0.989174 0
    outer loop
      vertex 44.2941 41.0144 1.3
      vertex 44.5853 41.0576 0
      vertex 44.2941 41.0144 0
    endloop
  endfacet
  facet normal -0.514246 0.857643 0
    outer loop
      vertex 45.6667 41.5056 0
      vertex 45.4142 41.3542 1.3
      vertex 45.6667 41.5056 1.3
    endloop
  endfacet
  facet normal -0.514246 0.857643 0
    outer loop
      vertex 45.4142 41.3542 1.3
      vertex 45.6667 41.5056 0
      vertex 45.4142 41.3542 0
    endloop
  endfacet
  facet normal -0.671607 0.740908 0
    outer loop
      vertex 46.1213 41.8787 0
      vertex 45.9032 41.681 1.3
      vertex 46.1213 41.8787 1.3
    endloop
  endfacet
  facet normal -0.671607 0.740908 0
    outer loop
      vertex 45.9032 41.681 1.3
      vertex 46.1213 41.8787 0
      vertex 45.9032 41.681 0
    endloop
  endfacet
  facet normal -0.595699 0.803208 0
    outer loop
      vertex 45.9032 41.681 0
      vertex 45.6667 41.5056 1.3
      vertex 45.9032 41.681 1.3
    endloop
  endfacet
  facet normal -0.595699 0.803208 0
    outer loop
      vertex 45.6667 41.5056 1.3
      vertex 45.9032 41.681 0
      vertex 45.6667 41.5056 0
    endloop
  endfacet
  facet normal -0.803208 0.595699 0
    outer loop
      vertex 46.319 42.0968 0
      vertex 46.4944 42.3333 1.3
      vertex 46.4944 42.3333 0
    endloop
  endfacet
  facet normal -0.803208 0.595699 0
    outer loop
      vertex 46.4944 42.3333 1.3
      vertex 46.319 42.0968 0
      vertex 46.319 42.0968 1.3
    endloop
  endfacet
  facet normal -0.857643 0.514246 0
    outer loop
      vertex 46.4944 42.3333 0
      vertex 46.6458 42.5858 1.3
      vertex 46.6458 42.5858 0
    endloop
  endfacet
  facet normal -0.857643 0.514246 0
    outer loop
      vertex 46.6458 42.5858 1.3
      vertex 46.4944 42.3333 0
      vertex 46.4944 42.3333 1.3
    endloop
  endfacet
  facet normal 0.595699 0.803208 -0
    outer loop
      vertex 42.3333 41.5056 0
      vertex 42.0968 41.681 1.3
      vertex 42.3333 41.5056 1.3
    endloop
  endfacet
  facet normal 0.595699 0.803208 0
    outer loop
      vertex 42.0968 41.681 1.3
      vertex 42.3333 41.5056 0
      vertex 42.0968 41.681 0
    endloop
  endfacet
  facet normal 0.514246 0.857643 -0
    outer loop
      vertex 42.5858 41.3542 0
      vertex 42.3333 41.5056 1.3
      vertex 42.5858 41.3542 1.3
    endloop
  endfacet
  facet normal 0.514246 0.857643 0
    outer loop
      vertex 42.3333 41.5056 1.3
      vertex 42.5858 41.3542 0
      vertex 42.3333 41.5056 0
    endloop
  endfacet
  facet normal 0.427269 0.904125 -0
    outer loop
      vertex 42.852 41.2284 0
      vertex 42.5858 41.3542 1.3
      vertex 42.852 41.2284 1.3
    endloop
  endfacet
  facet normal 0.427269 0.904125 0
    outer loop
      vertex 42.5858 41.3542 1.3
      vertex 42.852 41.2284 0
      vertex 42.5858 41.3542 0
    endloop
  endfacet
  facet normal 0.0489044 0.998803 -0
    outer loop
      vertex 44 41 0
      vertex 43.7059 41.0144 1.3
      vertex 44 41 1.3
    endloop
  endfacet
  facet normal 0.0489044 0.998803 0
    outer loop
      vertex 43.7059 41.0144 1.3
      vertex 44 41 0
      vertex 43.7059 41.0144 0
    endloop
  endfacet
  facet normal 0.857643 0.514246 0
    outer loop
      vertex 41.5056 42.3333 1.3
      vertex 41.3542 42.5858 0
      vertex 41.3542 42.5858 1.3
    endloop
  endfacet
  facet normal 0.857643 0.514246 0
    outer loop
      vertex 41.3542 42.5858 0
      vertex 41.5056 42.3333 1.3
      vertex 41.5056 42.3333 0
    endloop
  endfacet
  facet normal 0.904125 0.427269 0
    outer loop
      vertex 41.3542 42.5858 1.3
      vertex 41.2284 42.852 0
      vertex 41.2284 42.852 1.3
    endloop
  endfacet
  facet normal 0.904125 0.427269 0
    outer loop
      vertex 41.2284 42.852 0
      vertex 41.3542 42.5858 1.3
      vertex 41.3542 42.5858 0
    endloop
  endfacet
  facet normal 0.989174 0.146746 0
    outer loop
      vertex 41.0576 43.4147 1.3
      vertex 41.0144 43.7059 0
      vertex 41.0144 43.7059 1.3
    endloop
  endfacet
  facet normal 0.989174 0.146746 0
    outer loop
      vertex 41.0144 43.7059 0
      vertex 41.0576 43.4147 1.3
      vertex 41.0576 43.4147 0
    endloop
  endfacet
  facet normal -0.740908 -0.671607 0
    outer loop
      vertex 46.319 45.9032 0
      vertex 46.1213 46.1213 1.3
      vertex 46.1213 46.1213 0
    endloop
  endfacet
  facet normal -0.740908 -0.671607 0
    outer loop
      vertex 46.1213 46.1213 1.3
      vertex 46.319 45.9032 0
      vertex 46.319 45.9032 1.3
    endloop
  endfacet
  facet normal -0.243175 -0.969982 0
    outer loop
      vertex 44.5853 46.9424 0
      vertex 44.8709 46.8708 1.3
      vertex 44.5853 46.9424 1.3
    endloop
  endfacet
  facet normal -0.243175 -0.969982 -0
    outer loop
      vertex 44.8709 46.8708 1.3
      vertex 44.5853 46.9424 0
      vertex 44.8709 46.8708 0
    endloop
  endfacet
  facet normal -0.427269 -0.904125 0
    outer loop
      vertex 45.148 46.7716 0
      vertex 45.4142 46.6458 1.3
      vertex 45.148 46.7716 1.3
    endloop
  endfacet
  facet normal -0.427269 -0.904125 -0
    outer loop
      vertex 45.4142 46.6458 1.3
      vertex 45.148 46.7716 0
      vertex 45.4142 46.6458 0
    endloop
  endfacet
  facet normal 0.803208 -0.595699 0
    outer loop
      vertex 41.5056 45.6667 1.3
      vertex 41.681 45.9032 0
      vertex 41.681 45.9032 1.3
    endloop
  endfacet
  facet normal 0.803208 -0.595699 0
    outer loop
      vertex 41.681 45.9032 0
      vertex 41.5056 45.6667 1.3
      vertex 41.5056 45.6667 0
    endloop
  endfacet
  facet normal 0.969982 -0.243175 0
    outer loop
      vertex 41.0576 44.5853 1.3
      vertex 41.1292 44.8709 0
      vertex 41.1292 44.8709 1.3
    endloop
  endfacet
  facet normal 0.969982 -0.243175 0
    outer loop
      vertex 41.1292 44.8709 0
      vertex 41.0576 44.5853 1.3
      vertex 41.0576 44.5853 0
    endloop
  endfacet
  facet normal 0.998803 0.0489044 0
    outer loop
      vertex 41.0144 43.7059 1.3
      vertex 41 44 0
      vertex 41 44 1.3
    endloop
  endfacet
  facet normal 0.998803 0.0489044 0
    outer loop
      vertex 41 44 0
      vertex 41.0144 43.7059 1.3
      vertex 41.0144 43.7059 0
    endloop
  endfacet
  facet normal 0.671607 -0.740908 0
    outer loop
      vertex 41.8787 46.1213 0
      vertex 42.0968 46.319 1.3
      vertex 41.8787 46.1213 1.3
    endloop
  endfacet
  facet normal 0.671607 -0.740908 0
    outer loop
      vertex 42.0968 46.319 1.3
      vertex 41.8787 46.1213 0
      vertex 42.0968 46.319 0
    endloop
  endfacet
  facet normal 0.514246 -0.857643 0
    outer loop
      vertex 42.3333 46.4944 0
      vertex 42.5858 46.6458 1.3
      vertex 42.3333 46.4944 1.3
    endloop
  endfacet
  facet normal 0.514246 -0.857643 0
    outer loop
      vertex 42.5858 46.6458 1.3
      vertex 42.3333 46.4944 0
      vertex 42.5858 46.6458 0
    endloop
  endfacet
  facet normal 0.337047 -0.941488 0
    outer loop
      vertex 42.852 46.7716 0
      vertex 43.1291 46.8708 1.3
      vertex 42.852 46.7716 1.3
    endloop
  endfacet
  facet normal 0.337047 -0.941488 0
    outer loop
      vertex 43.1291 46.8708 1.3
      vertex 42.852 46.7716 0
      vertex 43.1291 46.8708 0
    endloop
  endfacet
  facet normal -0.243175 0.969982 0
    outer loop
      vertex 44.8709 41.1292 0
      vertex 44.5853 41.0576 1.3
      vertex 44.8709 41.1292 1.3
    endloop
  endfacet
  facet normal -0.243175 0.969982 0
    outer loop
      vertex 44.5853 41.0576 1.3
      vertex 44.8709 41.1292 0
      vertex 44.5853 41.0576 0
    endloop
  endfacet
  facet normal -0.427269 0.904125 0
    outer loop
      vertex 45.4142 41.3542 0
      vertex 45.148 41.2284 1.3
      vertex 45.4142 41.3542 1.3
    endloop
  endfacet
  facet normal -0.427269 0.904125 0
    outer loop
      vertex 45.148 41.2284 1.3
      vertex 45.4142 41.3542 0
      vertex 45.148 41.2284 0
    endloop
  endfacet
  facet normal -0.941488 0.337047 0
    outer loop
      vertex 46.7716 42.852 0
      vertex 46.8708 43.1291 1.3
      vertex 46.8708 43.1291 0
    endloop
  endfacet
  facet normal -0.941488 0.337047 0
    outer loop
      vertex 46.8708 43.1291 1.3
      vertex 46.7716 42.852 0
      vertex 46.7716 42.852 1.3
    endloop
  endfacet
  facet normal -0.989174 0.146746 0
    outer loop
      vertex 46.9424 43.4147 0
      vertex 46.9856 43.7059 1.3
      vertex 46.9856 43.7059 0
    endloop
  endfacet
  facet normal -0.989174 0.146746 0
    outer loop
      vertex 46.9856 43.7059 1.3
      vertex 46.9424 43.4147 0
      vertex 46.9424 43.4147 1.3
    endloop
  endfacet
  facet normal -0.998803 0.0489044 0
    outer loop
      vertex 46.9856 43.7059 0
      vertex 47 44 1.3
      vertex 47 44 0
    endloop
  endfacet
  facet normal -0.998803 0.0489044 0
    outer loop
      vertex 47 44 1.3
      vertex 46.9856 43.7059 0
      vertex 46.9856 43.7059 1.3
    endloop
  endfacet
  facet normal 0.337047 0.941488 -0
    outer loop
      vertex 43.1291 41.1292 0
      vertex 42.852 41.2284 1.3
      vertex 43.1291 41.1292 1.3
    endloop
  endfacet
  facet normal 0.337047 0.941488 0
    outer loop
      vertex 42.852 41.2284 1.3
      vertex 43.1291 41.1292 0
      vertex 42.852 41.2284 0
    endloop
  endfacet
  facet normal 0.146746 0.989174 -0
    outer loop
      vertex 43.7059 41.0144 0
      vertex 43.4147 41.0576 1.3
      vertex 43.7059 41.0144 1.3
    endloop
  endfacet
  facet normal 0.146746 0.989174 0
    outer loop
      vertex 43.4147 41.0576 1.3
      vertex 43.7059 41.0144 0
      vertex 43.4147 41.0576 0
    endloop
  endfacet
  facet normal 0.803208 0.595699 0
    outer loop
      vertex 41.681 42.0968 1.3
      vertex 41.5056 42.3333 0
      vertex 41.5056 42.3333 1.3
    endloop
  endfacet
  facet normal 0.803208 0.595699 0
    outer loop
      vertex 41.5056 42.3333 0
      vertex 41.681 42.0968 1.3
      vertex 41.681 42.0968 0
    endloop
  endfacet
  facet normal 0.969982 0.243175 0
    outer loop
      vertex 41.1292 43.1291 1.3
      vertex 41.0576 43.4147 0
      vertex 41.0576 43.4147 1.3
    endloop
  endfacet
  facet normal 0.969982 0.243175 0
    outer loop
      vertex 41.0576 43.4147 0
      vertex 41.1292 43.1291 1.3
      vertex 41.1292 43.1291 0
    endloop
  endfacet
  facet normal 1 -0 0
    outer loop
      vertex -50.5 -50.5 62
      vertex -50.5 50.5 3
      vertex -50.5 50.5 62
    endloop
  endfacet
  facet normal 1 0 0
    outer loop
      vertex -50.5 50.5 3
      vertex -50.5 -50.5 62
      vertex -50.5 -50.5 3
    endloop
  endfacet
  facet normal -1 0 0
    outer loop
      vertex 50.5 44.9759 37.5099
      vertex 50.5 50.5 62
      vertex 50.5 50.5 3
    endloop
  endfacet
  facet normal -1 0 0
    outer loop
      vertex 50.5 50.5 62
      vertex 50.5 44.9759 37.5099
      vertex 50.5 45 38
    endloop
  endfacet
  facet normal -1 0 0
    outer loop
      vertex 50.5 50.5 3
      vertex 50.5 44.9039 37.0245
      vertex 50.5 44.9759 37.5099
    endloop
  endfacet
  facet normal -1 0 0
    outer loop
      vertex 50.5 50.5 3
      vertex 50.5 44.7847 36.5486
      vertex 50.5 44.9039 37.0245
    endloop
  endfacet
  facet normal -1 0 0
    outer loop
      vertex 50.5 50.5 3
      vertex 50.5 44.6194 36.0866
      vertex 50.5 44.7847 36.5486
    endloop
  endfacet
  facet normal -1 0 0
    outer loop
      vertex 50.5 50.5 3
      vertex 50.5 44.4096 35.643
      vertex 50.5 44.6194 36.0866
    endloop
  endfacet
  facet normal -1 0 0
    outer loop
      vertex 50.5 50.5 3
      vertex 50.5 44.1573 35.2221
      vertex 50.5 44.4096 35.643
    endloop
  endfacet
  facet normal -1 0 0
    outer loop
      vertex 50.5 50.5 3
      vertex 50.5 43.8651 34.828
      vertex 50.5 44.1573 35.2221
    endloop
  endfacet
  facet normal -1 0 0
    outer loop
      vertex 50.5 50.5 3
      vertex 50.5 43.5355 34.4645
      vertex 50.5 43.8651 34.828
    endloop
  endfacet
  facet normal -1 0 0
    outer loop
      vertex 50.5 50.5 3
      vertex 50.5 43.172 34.1349
      vertex 50.5 43.5355 34.4645
    endloop
  endfacet
  facet normal -1 0 0
    outer loop
      vertex 50.5 50.5 3
      vertex 50.5 42.7779 33.8427
      vertex 50.5 43.172 34.1349
    endloop
  endfacet
  facet normal -1 0 0
    outer loop
      vertex 50.5 50.5 3
      vertex 50.5 42.357 33.5904
      vertex 50.5 42.7779 33.8427
    endloop
  endfacet
  facet normal -1 0 0
    outer loop
      vertex 50.5 50.5 3
      vertex 50.5 41.9134 33.3806
      vertex 50.5 42.357 33.5904
    endloop
  endfacet
  facet normal -1 0 0
    outer loop
      vertex 50.5 50.5 3
      vertex 50.5 41.4514 33.2153
      vertex 50.5 41.9134 33.3806
    endloop
  endfacet
  facet normal -1 0 0
    outer loop
      vertex 50.5 50.5 3
      vertex 50.5 40.9755 33.0961
      vertex 50.5 41.4514 33.2153
    endloop
  endfacet
  facet normal -1 0 0
    outer loop
      vertex 50.5 29.6194 24.0866
      vertex 50.5 40.9755 33.0961
      vertex 50.5 50.5 3
    endloop
  endfacet
  facet normal -1 0 0
    outer loop
      vertex 50.5 40.9755 33.0961
      vertex 50.5 29.6194 24.0866
      vertex 50.5 40.4901 33.0241
    endloop
  endfacet
  facet normal -1 0 -0
    outer loop
      vertex 50.5 29.7847 24.5486
      vertex 50.5 40.4901 33.0241
      vertex 50.5 29.6194 24.0866
    endloop
  endfacet
  facet normal -1 0 0
    outer loop
      vertex 50.5 40.4901 33.0241
      vertex 50.5 29.7847 24.5486
      vertex 50.5 40 33
    endloop
  endfacet
  facet normal -1 0 -0
    outer loop
      vertex 50.5 29.9039 25.0245
      vertex 50.5 40 33
      vertex 50.5 29.7847 24.5486
    endloop
  endfacet
  facet normal -1 -0 0
    outer loop
      vertex 50.5 40 33
      vertex 50.5 29.9039 25.0245
      vertex 50.5 39.5099 33.0241
    endloop
  endfacet
  facet normal -1 0 -0
    outer loop
      vertex 50.5 29.9759 25.5099
      vertex 50.5 39.5099 33.0241
      vertex 50.5 29.9039 25.0245
    endloop
  endfacet
  facet normal -1 0 -0
    outer loop
      vertex 50.5 30 26
      vertex 50.5 39.0245 33.0961
      vertex 50.5 29.9759 25.5099
    endloop
  endfacet
  facet normal -1 -0 0
    outer loop
      vertex 50.5 39.0245 33.0961
      vertex 50.5 30 26
      vertex 50.5 38.5486 33.2153
    endloop
  endfacet
  facet normal -1 0 0
    outer loop
      vertex 50.5 29.9759 26.4901
      vertex 50.5 38.5486 33.2153
      vertex 50.5 30 26
    endloop
  endfacet
  facet normal -1 -0 0
    outer loop
      vertex 50.5 38.5486 33.2153
      vertex 50.5 29.9759 26.4901
      vertex 50.5 38.0866 33.3806
    endloop
  endfacet
  facet normal -1 -0 0
    outer loop
      vertex 50.5 38.0866 33.3806
      vertex 50.5 29.9039 26.9755
      vertex 50.5 37.643 33.5904
    endloop
  endfacet
  facet normal -1 0 0
    outer loop
      vertex 50.5 29.7847 27.4514
      vertex 50.5 37.643 33.5904
      vertex 50.5 29.9039 26.9755
    endloop
  endfacet
  facet normal -1 -0 0
    outer loop
      vertex 50.5 37.643 33.5904
      vertex 50.5 29.7847 27.4514
      vertex 50.5 37.2221 33.8427
    endloop
  endfacet
  facet normal -1 0 0
    outer loop
      vertex 50.5 28.8651 29.172
      vertex 50.5 36.1349 34.828
      vertex 50.5 29.1573 28.7779
    endloop
  endfacet
  facet normal -1 -0 0
    outer loop
      vertex 50.5 36.4645 34.4645
      vertex 50.5 29.1573 28.7779
      vertex 50.5 36.1349 34.828
    endloop
  endfacet
  facet normal -1 0 0
    outer loop
      vertex 50.5 29.1573 28.7779
      vertex 50.5 36.4645 34.4645
      vertex 50.5 29.4096 28.357
    endloop
  endfacet
  facet normal -1 -0 0
    outer loop
      vertex 50.5 36.828 34.1349
      vertex 50.5 29.4096 28.357
      vertex 50.5 36.4645 34.4645
    endloop
  endfacet
  facet normal -1 -0 0
    outer loop
      vertex 50.5 37.2221 33.8427
      vertex 50.5 29.6194 27.9134
      vertex 50.5 36.828 34.1349
    endloop
  endfacet
  facet normal -1 0 0
    outer loop
      vertex 50.5 29.4096 28.357
      vertex 50.5 36.828 34.1349
      vertex 50.5 29.6194 27.9134
    endloop
  endfacet
  facet normal -1 0 0
    outer loop
      vertex 50.5 29.6194 27.9134
      vertex 50.5 37.2221 33.8427
      vertex 50.5 29.7847 27.4514
    endloop
  endfacet
  facet normal -1 0 0
    outer loop
      vertex 50.5 29.9039 26.9755
      vertex 50.5 38.0866 33.3806
      vertex 50.5 29.9759 26.4901
    endloop
  endfacet
  facet normal -1 -0 0
    outer loop
      vertex 50.5 39.5099 33.0241
      vertex 50.5 29.9759 25.5099
      vertex 50.5 39.0245 33.0961
    endloop
  endfacet
  facet normal -1 0 0
    outer loop
      vertex 50.5 50.5 3
      vertex 50.5 29.4096 23.643
      vertex 50.5 29.6194 24.0866
    endloop
  endfacet
  facet normal -1 0 0
    outer loop
      vertex 50.5 50.5 3
      vertex 50.5 29.1573 23.2221
      vertex 50.5 29.4096 23.643
    endloop
  endfacet
  facet normal -1 0 0
    outer loop
      vertex 50.5 50.5 3
      vertex 50.5 28.8651 22.828
      vertex 50.5 29.1573 23.2221
    endloop
  endfacet
  facet normal -1 0 0
    outer loop
      vertex 50.5 50.5 3
      vertex 50.5 28.5355 22.4645
      vertex 50.5 28.8651 22.828
    endloop
  endfacet
  facet normal -1 0 0
    outer loop
      vertex 50.5 50.5 3
      vertex 50.5 28.172 22.1349
      vertex 50.5 28.5355 22.4645
    endloop
  endfacet
  facet normal -1 0 0
    outer loop
      vertex 50.5 50.5 3
      vertex 50.5 27.7779 21.8427
      vertex 50.5 28.172 22.1349
    endloop
  endfacet
  facet normal -1 0 0
    outer loop
      vertex 50.5 50.5 3
      vertex 50.5 27.357 21.5904
      vertex 50.5 27.7779 21.8427
    endloop
  endfacet
  facet normal -1 0 0
    outer loop
      vertex 50.5 50.5 3
      vertex 50.5 26.9134 21.3806
      vertex 50.5 27.357 21.5904
    endloop
  endfacet
  facet normal -1 0 0
    outer loop
      vertex 50.5 50.5 3
      vertex 50.5 26.4514 21.2153
      vertex 50.5 26.9134 21.3806
    endloop
  endfacet
  facet normal -1 0 0
    outer loop
      vertex 50.5 50.5 3
      vertex 50.5 25.9755 21.0961
      vertex 50.5 26.4514 21.2153
    endloop
  endfacet
  facet normal -1 0 0
    outer loop
      vertex 50.5 50.5 3
      vertex 50.5 25.4901 21.0241
      vertex 50.5 25.9755 21.0961
    endloop
  endfacet
  facet normal -1 0 0
    outer loop
      vertex 50.5 50.5 3
      vertex 50.5 25 21
      vertex 50.5 25.4901 21.0241
    endloop
  endfacet
  facet normal -1 0 0
    outer loop
      vertex 50.5 50.5 3
      vertex 50.5 24.5099 21.0241
      vertex 50.5 25 21
    endloop
  endfacet
  facet normal -1 0 0
    outer loop
      vertex 50.5 50.5 3
      vertex 50.5 24.0245 21.0961
      vertex 50.5 24.5099 21.0241
    endloop
  endfacet
  facet normal -1 0 0
    outer loop
      vertex 50.5 50.5 3
      vertex 50.5 23.5486 21.2153
      vertex 50.5 24.0245 21.0961
    endloop
  endfacet
  facet normal -1 0 0
    outer loop
      vertex 50.5 50.5 3
      vertex 50.5 23.0866 21.3806
      vertex 50.5 23.5486 21.2153
    endloop
  endfacet
  facet normal -1 0 0
    outer loop
      vertex 50.5 -50.5 3
      vertex 50.5 23.0866 21.3806
      vertex 50.5 50.5 3
    endloop
  endfacet
  facet normal -1 -0 0
    outer loop
      vertex 50.5 23.0866 21.3806
      vertex 50.5 -50.5 3
      vertex 50.5 22.643 21.5904
    endloop
  endfacet
  facet normal -1 0 0
    outer loop
      vertex 50.5 10.2981 29.7019
      vertex 50.5 20 26
      vertex 50.5 20.0241 25.5099
    endloop
  endfacet
  facet normal -1 0 0
    outer loop
      vertex 50.5 10.0618 29.4877
      vertex 50.5 20.0241 25.5099
      vertex 50.5 20.0961 25.0245
    endloop
  endfacet
  facet normal -1 0 0
    outer loop
      vertex 50.5 9.53204 29.1338
      vertex 50.5 20.0961 25.0245
      vertex 50.5 20.2153 24.5486
    endloop
  endfacet
  facet normal -1 0 0
    outer loop
      vertex 50.5 9.24372 28.9974
      vertex 50.5 20.2153 24.5486
      vertex 50.5 20.3806 24.0866
    endloop
  endfacet
  facet normal -1 0 0
    outer loop
      vertex 50.5 8.94343 28.8899
      vertex 50.5 20.3806 24.0866
      vertex 50.5 20.5904 23.643
    endloop
  endfacet
  facet normal -1 0 0
    outer loop
      vertex 50.5 8.63404 28.8124
      vertex 50.5 20.5904 23.643
      vertex 50.5 20.8427 23.2221
    endloop
  endfacet
  facet normal -1 0 0
    outer loop
      vertex 50.5 8.31855 28.7656
      vertex 50.5 20.8427 23.2221
      vertex 50.5 21.1349 22.828
    endloop
  endfacet
  facet normal -1 0 0
    outer loop
      vertex 50.5 8 28.75
      vertex 50.5 21.1349 22.828
      vertex 50.5 21.4645 22.4645
    endloop
  endfacet
  facet normal -1 0 0
    outer loop
      vertex 50.5 20 26
      vertex 50.5 11.2344 31.6814
      vertex 50.5 11.25 32
    endloop
  endfacet
  facet normal -1 0 0
    outer loop
      vertex 50.5 7.68144 28.7656
      vertex 50.5 21.4645 22.4645
      vertex 50.5 21.828 22.1349
    endloop
  endfacet
  facet normal -1 0 0
    outer loop
      vertex 50.5 20 26
      vertex 50.5 11.1876 31.366
      vertex 50.5 11.2344 31.6814
    endloop
  endfacet
  facet normal -1 0 0
    outer loop
      vertex 50.5 20 26
      vertex 50.5 11.1101 31.0566
      vertex 50.5 11.1876 31.366
    endloop
  endfacet
  facet normal -1 0 0
    outer loop
      vertex 50.5 20 26
      vertex 50.5 11.0026 30.7563
      vertex 50.5 11.1101 31.0566
    endloop
  endfacet
  facet normal -1 0 0
    outer loop
      vertex 50.5 20 26
      vertex 50.5 10.8662 30.468
      vertex 50.5 11.0026 30.7563
    endloop
  endfacet
  facet normal -1 0 0
    outer loop
      vertex 50.5 20 26
      vertex 50.5 10.7023 30.1944
      vertex 50.5 10.8662 30.468
    endloop
  endfacet
  facet normal -1 0 0
    outer loop
      vertex 50.5 7.36596 28.8124
      vertex 50.5 21.828 22.1349
      vertex 50.5 22.2221 21.8427
    endloop
  endfacet
  facet normal -1 0 0
    outer loop
      vertex 50.5 20 26
      vertex 50.5 10.5123 29.9382
      vertex 50.5 10.7023 30.1944
    endloop
  endfacet
  facet normal -1 0 0
    outer loop
      vertex 50.5 20 26
      vertex 50.5 10.2981 29.7019
      vertex 50.5 10.5123 29.9382
    endloop
  endfacet
  facet normal -1 -0 0
    outer loop
      vertex 50.5 22.643 21.5904
      vertex 50.5 -50.5 3
      vertex 50.5 22.2221 21.8427
    endloop
  endfacet
  facet normal -1 0 0
    outer loop
      vertex 50.5 20.0241 25.5099
      vertex 50.5 10.0618 29.4877
      vertex 50.5 10.2981 29.7019
    endloop
  endfacet
  facet normal -1 0 0
    outer loop
      vertex 50.5 20.0961 25.0245
      vertex 50.5 9.8056 29.2977
      vertex 50.5 10.0618 29.4877
    endloop
  endfacet
  facet normal -1 0 0
    outer loop
      vertex 50.5 20.0961 25.0245
      vertex 50.5 9.53204 29.1338
      vertex 50.5 9.8056 29.2977
    endloop
  endfacet
  facet normal -1 0 0
    outer loop
      vertex 50.5 20.2153 24.5486
      vertex 50.5 9.24372 28.9974
      vertex 50.5 9.53204 29.1338
    endloop
  endfacet
  facet normal -1 0 0
    outer loop
      vertex 50.5 20.3806 24.0866
      vertex 50.5 8.94343 28.8899
      vertex 50.5 9.24372 28.9974
    endloop
  endfacet
  facet normal -1 0 0
    outer loop
      vertex 50.5 20.5904 23.643
      vertex 50.5 8.63404 28.8124
      vertex 50.5 8.94343 28.8899
    endloop
  endfacet
  facet normal -1 0 0
    outer loop
      vertex 50.5 20.8427 23.2221
      vertex 50.5 8.31855 28.7656
      vertex 50.5 8.63404 28.8124
    endloop
  endfacet
  facet normal -1 0 0
    outer loop
      vertex 50.5 21.1349 22.828
      vertex 50.5 8 28.75
      vertex 50.5 8.31855 28.7656
    endloop
  endfacet
  facet normal -1 0 0
    outer loop
      vertex 50.5 21.4645 22.4645
      vertex 50.5 7.68144 28.7656
      vertex 50.5 8 28.75
    endloop
  endfacet
  facet normal -1 0 -0
    outer loop
      vertex 50.5 7.05657 28.8899
      vertex 50.5 22.2221 21.8427
      vertex 50.5 -50.5 3
    endloop
  endfacet
  facet normal -1 0 0
    outer loop
      vertex 50.5 21.828 22.1349
      vertex 50.5 7.36596 28.8124
      vertex 50.5 7.68144 28.7656
    endloop
  endfacet
  facet normal -1 0 0
    outer loop
      vertex 50.5 22.2221 21.8427
      vertex 50.5 7.05657 28.8899
      vertex 50.5 7.36596 28.8124
    endloop
  endfacet
  facet normal -1 -0 0
    outer loop
      vertex 50.5 7.05657 28.8899
      vertex 50.5 -50.5 3
      vertex 50.5 6.75628 28.9974
    endloop
  endfacet
  facet normal -1 -0 0
    outer loop
      vertex 50.5 4.76565 31.6814
      vertex 50.5 -50.5 3
      vertex 50.5 4.75 32
    endloop
  endfacet
  facet normal -1 -0 0
    outer loop
      vertex 50.5 4.81245 31.366
      vertex 50.5 -50.5 3
      vertex 50.5 4.76565 31.6814
    endloop
  endfacet
  facet normal -1 -0 0
    outer loop
      vertex 50.5 4.88994 31.0566
      vertex 50.5 -50.5 3
      vertex 50.5 4.81245 31.366
    endloop
  endfacet
  facet normal -1 -0 0
    outer loop
      vertex 50.5 4.99739 30.7563
      vertex 50.5 -50.5 3
      vertex 50.5 4.88994 31.0566
    endloop
  endfacet
  facet normal -1 -0 0
    outer loop
      vertex 50.5 5.13376 30.468
      vertex 50.5 -50.5 3
      vertex 50.5 4.99739 30.7563
    endloop
  endfacet
  facet normal -1 -0 0
    outer loop
      vertex 50.5 5.29772 30.1944
      vertex 50.5 -50.5 3
      vertex 50.5 5.13376 30.468
    endloop
  endfacet
  facet normal -1 -0 0
    outer loop
      vertex 50.5 5.48772 29.9382
      vertex 50.5 -50.5 3
      vertex 50.5 5.29772 30.1944
    endloop
  endfacet
  facet normal -1 -0 0
    outer loop
      vertex 50.5 5.7019 29.7019
      vertex 50.5 -50.5 3
      vertex 50.5 5.48772 29.9382
    endloop
  endfacet
  facet normal -1 -0 0
    outer loop
      vertex 50.5 5.93822 29.4877
      vertex 50.5 -50.5 3
      vertex 50.5 5.7019 29.7019
    endloop
  endfacet
  facet normal -1 -0 0
    outer loop
      vertex 50.5 6.1944 29.2977
      vertex 50.5 -50.5 3
      vertex 50.5 5.93822 29.4877
    endloop
  endfacet
  facet normal -1 -0 0
    outer loop
      vertex 50.5 6.46796 29.1338
      vertex 50.5 -50.5 3
      vertex 50.5 6.1944 29.2977
    endloop
  endfacet
  facet normal -1 -0 0
    outer loop
      vertex 50.5 6.75628 28.9974
      vertex 50.5 -50.5 3
      vertex 50.5 6.46796 29.1338
    endloop
  endfacet
  facet normal -1 0 0
    outer loop
      vertex 50.5 44.9759 38.4901
      vertex 50.5 50.5 62
      vertex 50.5 45 38
    endloop
  endfacet
  facet normal -1 0 0
    outer loop
      vertex 50.5 44.9039 38.9755
      vertex 50.5 50.5 62
      vertex 50.5 44.9759 38.4901
    endloop
  endfacet
  facet normal -1 0 0
    outer loop
      vertex 50.5 44.7847 39.4514
      vertex 50.5 50.5 62
      vertex 50.5 44.9039 38.9755
    endloop
  endfacet
  facet normal -1 0 0
    outer loop
      vertex 50.5 44.6194 39.9134
      vertex 50.5 50.5 62
      vertex 50.5 44.7847 39.4514
    endloop
  endfacet
  facet normal -1 0 0
    outer loop
      vertex 50.5 44.4096 40.357
      vertex 50.5 50.5 62
      vertex 50.5 44.6194 39.9134
    endloop
  endfacet
  facet normal -1 0 0
    outer loop
      vertex 50.5 44.1573 40.7779
      vertex 50.5 50.5 62
      vertex 50.5 44.4096 40.357
    endloop
  endfacet
  facet normal -1 0 0
    outer loop
      vertex 50.5 43.8651 41.172
      vertex 50.5 50.5 62
      vertex 50.5 44.1573 40.7779
    endloop
  endfacet
  facet normal -1 0 0
    outer loop
      vertex 50.5 43.5355 41.5355
      vertex 50.5 50.5 62
      vertex 50.5 43.8651 41.172
    endloop
  endfacet
  facet normal -1 0 0
    outer loop
      vertex 50.5 43.172 41.8651
      vertex 50.5 50.5 62
      vertex 50.5 43.5355 41.5355
    endloop
  endfacet
  facet normal -1 0 0
    outer loop
      vertex 50.5 42.7779 42.1573
      vertex 50.5 50.5 62
      vertex 50.5 43.172 41.8651
    endloop
  endfacet
  facet normal -1 0 0
    outer loop
      vertex 50.5 42.357 42.4096
      vertex 50.5 50.5 62
      vertex 50.5 42.7779 42.1573
    endloop
  endfacet
  facet normal -1 0 0
    outer loop
      vertex 50.5 41.9134 42.6194
      vertex 50.5 50.5 62
      vertex 50.5 42.357 42.4096
    endloop
  endfacet
  facet normal -1 0 0
    outer loop
      vertex 50.5 41.4514 42.7847
      vertex 50.5 50.5 62
      vertex 50.5 41.9134 42.6194
    endloop
  endfacet
  facet normal -1 0 0
    outer loop
      vertex 50.5 40.9755 42.9039
      vertex 50.5 50.5 62
      vertex 50.5 41.4514 42.7847
    endloop
  endfacet
  facet normal -1 0 0
    outer loop
      vertex 50.5 40.4901 42.9759
      vertex 50.5 50.5 62
      vertex 50.5 40.9755 42.9039
    endloop
  endfacet
  facet normal -1 0 0
    outer loop
      vertex 50.5 40 43
      vertex 50.5 50.5 62
      vertex 50.5 40.4901 42.9759
    endloop
  endfacet
  facet normal -1 0 0
    outer loop
      vertex 50.5 39.5099 42.9759
      vertex 50.5 50.5 62
      vertex 50.5 40 43
    endloop
  endfacet
  facet normal -1 0 0
    outer loop
      vertex 50.5 39.0245 42.9039
      vertex 50.5 50.5 62
      vertex 50.5 39.5099 42.9759
    endloop
  endfacet
  facet normal -1 0 0
    outer loop
      vertex 50.5 38.5486 42.7847
      vertex 50.5 50.5 62
      vertex 50.5 39.0245 42.9039
    endloop
  endfacet
  facet normal -1 0 0
    outer loop
      vertex 50.5 38.0866 42.6194
      vertex 50.5 50.5 62
      vertex 50.5 38.5486 42.7847
    endloop
  endfacet
  facet normal -1 0 0
    outer loop
      vertex 50.5 37.643 42.4096
      vertex 50.5 50.5 62
      vertex 50.5 38.0866 42.6194
    endloop
  endfacet
  facet normal -1 0 0
    outer loop
      vertex 50.5 37.2221 42.1573
      vertex 50.5 50.5 62
      vertex 50.5 37.643 42.4096
    endloop
  endfacet
  facet normal -1 0 0
    outer loop
      vertex 50.5 36.828 41.8651
      vertex 50.5 50.5 62
      vertex 50.5 37.2221 42.1573
    endloop
  endfacet
  facet normal -1 0 0
    outer loop
      vertex 50.5 8.94343 35.1101
      vertex 50.5 36.828 41.8651
      vertex 50.5 36.4645 41.5355
    endloop
  endfacet
  facet normal -1 0 0
    outer loop
      vertex 50.5 9.24372 35.0026
      vertex 50.5 36.4645 41.5355
      vertex 50.5 36.1349 41.172
    endloop
  endfacet
  facet normal -1 0 0
    outer loop
      vertex 50.5 9.53204 34.8662
      vertex 50.5 36.1349 41.172
      vertex 50.5 35.8427 40.7779
    endloop
  endfacet
  facet normal -1 -0 0
    outer loop
      vertex 50.5 36.1349 34.828
      vertex 50.5 28.8651 29.172
      vertex 50.5 35.8427 35.2221
    endloop
  endfacet
  facet normal -1 0 0
    outer loop
      vertex 50.5 28.5355 29.5355
      vertex 50.5 35.8427 35.2221
      vertex 50.5 28.8651 29.172
    endloop
  endfacet
  facet normal -1 -0 0
    outer loop
      vertex 50.5 35.8427 35.2221
      vertex 50.5 28.5355 29.5355
      vertex 50.5 35.5904 35.643
    endloop
  endfacet
  facet normal -1 0 0
    outer loop
      vertex 50.5 28.172 29.8651
      vertex 50.5 35.5904 35.643
      vertex 50.5 28.5355 29.5355
    endloop
  endfacet
  facet normal -1 -0 0
    outer loop
      vertex 50.5 35.5904 35.643
      vertex 50.5 28.172 29.8651
      vertex 50.5 35.3806 36.0866
    endloop
  endfacet
  facet normal -1 0 0
    outer loop
      vertex 50.5 27.7779 30.1573
      vertex 50.5 35.3806 36.0866
      vertex 50.5 28.172 29.8651
    endloop
  endfacet
  facet normal -1 -0 0
    outer loop
      vertex 50.5 35.3806 36.0866
      vertex 50.5 27.7779 30.1573
      vertex 50.5 35.2153 36.5486
    endloop
  endfacet
  facet normal -1 0 0
    outer loop
      vertex 50.5 27.357 30.4096
      vertex 50.5 35.2153 36.5486
      vertex 50.5 27.7779 30.1573
    endloop
  endfacet
  facet normal -1 -0 0
    outer loop
      vertex 50.5 35.2153 36.5486
      vertex 50.5 27.357 30.4096
      vertex 50.5 35.0961 37.0245
    endloop
  endfacet
  facet normal -1 0 0
    outer loop
      vertex 50.5 26.9134 30.6194
      vertex 50.5 35.0961 37.0245
      vertex 50.5 27.357 30.4096
    endloop
  endfacet
  facet normal -1 -0 0
    outer loop
      vertex 50.5 35.0961 37.0245
      vertex 50.5 26.9134 30.6194
      vertex 50.5 35.0241 37.5099
    endloop
  endfacet
  facet normal -1 0 0
    outer loop
      vertex 50.5 26.4514 30.7847
      vertex 50.5 35.0241 37.5099
      vertex 50.5 26.9134 30.6194
    endloop
  endfacet
  facet normal -1 -0 0
    outer loop
      vertex 50.5 35.0241 37.5099
      vertex 50.5 26.4514 30.7847
      vertex 50.5 35 38
    endloop
  endfacet
  facet normal -1 0 0
    outer loop
      vertex 50.5 25.9755 30.9039
      vertex 50.5 35 38
      vertex 50.5 26.4514 30.7847
    endloop
  endfacet
  facet normal -1 -0 0
    outer loop
      vertex 50.5 35 38
      vertex 50.5 25.9755 30.9039
      vertex 50.5 35.0241 38.4901
    endloop
  endfacet
  facet normal -1 0 0
    outer loop
      vertex 50.5 25.4901 30.9759
      vertex 50.5 35.0241 38.4901
      vertex 50.5 25.9755 30.9039
    endloop
  endfacet
  facet normal -1 -0 0
    outer loop
      vertex 50.5 35.0241 38.4901
      vertex 50.5 25.4901 30.9759
      vertex 50.5 35.0961 38.9755
    endloop
  endfacet
  facet normal -1 0 0
    outer loop
      vertex 50.5 25 31
      vertex 50.5 35.0961 38.9755
      vertex 50.5 25.4901 30.9759
    endloop
  endfacet
  facet normal -1 -0 0
    outer loop
      vertex 50.5 35.0961 38.9755
      vertex 50.5 25 31
      vertex 50.5 35.2153 39.4514
    endloop
  endfacet
  facet normal -1 0 0
    outer loop
      vertex 50.5 24.5099 30.9759
      vertex 50.5 35.2153 39.4514
      vertex 50.5 25 31
    endloop
  endfacet
  facet normal -1 -0 0
    outer loop
      vertex 50.5 35.2153 39.4514
      vertex 50.5 24.5099 30.9759
      vertex 50.5 35.3806 39.9134
    endloop
  endfacet
  facet normal -1 0 0
    outer loop
      vertex 50.5 24.0245 30.9039
      vertex 50.5 35.3806 39.9134
      vertex 50.5 24.5099 30.9759
    endloop
  endfacet
  facet normal -1 0 0
    outer loop
      vertex 50.5 10.0618 34.5123
      vertex 50.5 35.3806 39.9134
      vertex 50.5 24.0245 30.9039
    endloop
  endfacet
  facet normal -1 -0 0
    outer loop
      vertex 50.5 35.3806 39.9134
      vertex 50.5 10.0618 34.5123
      vertex 50.5 35.5904 40.357
    endloop
  endfacet
  facet normal -1 0 0
    outer loop
      vertex 50.5 9.8056 34.7023
      vertex 50.5 35.5904 40.357
      vertex 50.5 10.0618 34.5123
    endloop
  endfacet
  facet normal -1 0 0
    outer loop
      vertex 50.5 10.2981 34.2981
      vertex 50.5 24.0245 30.9039
      vertex 50.5 23.5486 30.7847
    endloop
  endfacet
  facet normal -1 0 0
    outer loop
      vertex 50.5 10.5123 34.0618
      vertex 50.5 23.5486 30.7847
      vertex 50.5 23.0866 30.6194
    endloop
  endfacet
  facet normal -1 0 0
    outer loop
      vertex 50.5 10.7023 33.8056
      vertex 50.5 23.0866 30.6194
      vertex 50.5 22.643 30.4096
    endloop
  endfacet
  facet normal -1 0 0
    outer loop
      vertex 50.5 10.8662 33.532
      vertex 50.5 22.643 30.4096
      vertex 50.5 22.2221 30.1573
    endloop
  endfacet
  facet normal -1 0 0
    outer loop
      vertex 50.5 11.0026 33.2437
      vertex 50.5 22.2221 30.1573
      vertex 50.5 21.828 29.8651
    endloop
  endfacet
  facet normal -1 0 0
    outer loop
      vertex 50.5 11.1101 32.9434
      vertex 50.5 21.828 29.8651
      vertex 50.5 21.4645 29.5355
    endloop
  endfacet
  facet normal -1 0 0
    outer loop
      vertex 50.5 11.2344 32.3186
      vertex 50.5 21.4645 29.5355
      vertex 50.5 21.1349 29.172
    endloop
  endfacet
  facet normal -1 0 0
    outer loop
      vertex 50.5 11.25 32
      vertex 50.5 20.0241 26.4901
      vertex 50.5 20 26
    endloop
  endfacet
  facet normal -1 0 0
    outer loop
      vertex 50.5 11.25 32
      vertex 50.5 20.0961 26.9755
      vertex 50.5 20.0241 26.4901
    endloop
  endfacet
  facet normal -1 0 0
    outer loop
      vertex 50.5 11.25 32
      vertex 50.5 20.2153 27.4514
      vertex 50.5 20.0961 26.9755
    endloop
  endfacet
  facet normal -1 0 0
    outer loop
      vertex 50.5 11.25 32
      vertex 50.5 20.3806 27.9134
      vertex 50.5 20.2153 27.4514
    endloop
  endfacet
  facet normal -1 0 0
    outer loop
      vertex 50.5 11.25 32
      vertex 50.5 20.5904 28.357
      vertex 50.5 20.3806 27.9134
    endloop
  endfacet
  facet normal -1 0 0
    outer loop
      vertex 50.5 11.25 32
      vertex 50.5 20.8427 28.7779
      vertex 50.5 20.5904 28.357
    endloop
  endfacet
  facet normal -1 0 0
    outer loop
      vertex 50.5 11.25 32
      vertex 50.5 21.1349 29.172
      vertex 50.5 20.8427 28.7779
    endloop
  endfacet
  facet normal -1 0 0
    outer loop
      vertex 50.5 11.2344 32.3186
      vertex 50.5 21.1349 29.172
      vertex 50.5 11.25 32
    endloop
  endfacet
  facet normal -1 0 0
    outer loop
      vertex 50.5 21.4645 29.5355
      vertex 50.5 11.2344 32.3186
      vertex 50.5 11.1876 32.634
    endloop
  endfacet
  facet normal -1 0 0
    outer loop
      vertex 50.5 21.4645 29.5355
      vertex 50.5 11.1876 32.634
      vertex 50.5 11.1101 32.9434
    endloop
  endfacet
  facet normal -1 0 0
    outer loop
      vertex 50.5 21.828 29.8651
      vertex 50.5 11.1101 32.9434
      vertex 50.5 11.0026 33.2437
    endloop
  endfacet
  facet normal -1 0 0
    outer loop
      vertex 50.5 22.2221 30.1573
      vertex 50.5 11.0026 33.2437
      vertex 50.5 10.8662 33.532
    endloop
  endfacet
  facet normal -1 0 0
    outer loop
      vertex 50.5 22.643 30.4096
      vertex 50.5 10.8662 33.532
      vertex 50.5 10.7023 33.8056
    endloop
  endfacet
  facet normal -1 0 0
    outer loop
      vertex 50.5 23.0866 30.6194
      vertex 50.5 10.7023 33.8056
      vertex 50.5 10.5123 34.0618
    endloop
  endfacet
  facet normal -1 0 0
    outer loop
      vertex 50.5 23.5486 30.7847
      vertex 50.5 10.5123 34.0618
      vertex 50.5 10.2981 34.2981
    endloop
  endfacet
  facet normal -1 0 0
    outer loop
      vertex 50.5 24.0245 30.9039
      vertex 50.5 10.2981 34.2981
      vertex 50.5 10.0618 34.5123
    endloop
  endfacet
  facet normal -1 -0 0
    outer loop
      vertex 50.5 35.5904 40.357
      vertex 50.5 9.8056 34.7023
      vertex 50.5 35.8427 40.7779
    endloop
  endfacet
  facet normal -1 0 0
    outer loop
      vertex 50.5 9.53204 34.8662
      vertex 50.5 35.8427 40.7779
      vertex 50.5 9.8056 34.7023
    endloop
  endfacet
  facet normal -1 0 0
    outer loop
      vertex 50.5 36.1349 41.172
      vertex 50.5 9.53204 34.8662
      vertex 50.5 9.24372 35.0026
    endloop
  endfacet
  facet normal -1 0 0
    outer loop
      vertex 50.5 36.4645 41.5355
      vertex 50.5 9.24372 35.0026
      vertex 50.5 8.94343 35.1101
    endloop
  endfacet
  facet normal -1 0 0
    outer loop
      vertex 50.5 36.828 41.8651
      vertex 50.5 8.94343 35.1101
      vertex 50.5 8.63404 35.1876
    endloop
  endfacet
  facet normal -1 -0 0
    outer loop
      vertex 50.5 36.828 41.8651
      vertex 50.5 8.63404 35.1876
      vertex 50.5 50.5 62
    endloop
  endfacet
  facet normal -1 0 0
    outer loop
      vertex 50.5 8.31855 35.2344
      vertex 50.5 50.5 62
      vertex 50.5 8.63404 35.1876
    endloop
  endfacet
  facet normal -1 0 0
    outer loop
      vertex 50.5 8 35.25
      vertex 50.5 50.5 62
      vertex 50.5 8.31855 35.2344
    endloop
  endfacet
  facet normal -1 0 0
    outer loop
      vertex 50.5 7.68144 35.2344
      vertex 50.5 50.5 62
      vertex 50.5 8 35.25
    endloop
  endfacet
  facet normal -1 0 0
    outer loop
      vertex 50.5 -50.5 62
      vertex 50.5 7.68144 35.2344
      vertex 50.5 7.36596 35.1876
    endloop
  endfacet
  facet normal -1 0 0
    outer loop
      vertex 50.5 -50.5 62
      vertex 50.5 7.36596 35.1876
      vertex 50.5 7.05657 35.1101
    endloop
  endfacet
  facet normal -1 0 0
    outer loop
      vertex 50.5 -50.5 62
      vertex 50.5 7.05657 35.1101
      vertex 50.5 6.75628 35.0026
    endloop
  endfacet
  facet normal -1 0 0
    outer loop
      vertex 50.5 -50.5 62
      vertex 50.5 6.75628 35.0026
      vertex 50.5 6.46796 34.8662
    endloop
  endfacet
  facet normal -1 0 0
    outer loop
      vertex 50.5 -50.5 62
      vertex 50.5 6.46796 34.8662
      vertex 50.5 6.1944 34.7023
    endloop
  endfacet
  facet normal -1 0 0
    outer loop
      vertex 50.5 -50.5 62
      vertex 50.5 4.75 32
      vertex 50.5 -50.5 3
    endloop
  endfacet
  facet normal -1 0 0
    outer loop
      vertex 50.5 4.75 32
      vertex 50.5 -50.5 62
      vertex 50.5 4.76565 32.3186
    endloop
  endfacet
  facet normal -1 0 0
    outer loop
      vertex 50.5 4.76565 32.3186
      vertex 50.5 -50.5 62
      vertex 50.5 4.81245 32.634
    endloop
  endfacet
  facet normal -1 0 0
    outer loop
      vertex 50.5 4.81245 32.634
      vertex 50.5 -50.5 62
      vertex 50.5 4.88994 32.9434
    endloop
  endfacet
  facet normal -1 0 0
    outer loop
      vertex 50.5 4.88994 32.9434
      vertex 50.5 -50.5 62
      vertex 50.5 4.99739 33.2437
    endloop
  endfacet
  facet normal -1 0 0
    outer loop
      vertex 50.5 4.99739 33.2437
      vertex 50.5 -50.5 62
      vertex 50.5 5.13376 33.532
    endloop
  endfacet
  facet normal -1 0 0
    outer loop
      vertex 50.5 5.13376 33.532
      vertex 50.5 -50.5 62
      vertex 50.5 5.29772 33.8056
    endloop
  endfacet
  facet normal -1 0 0
    outer loop
      vertex 50.5 5.29772 33.8056
      vertex 50.5 -50.5 62
      vertex 50.5 5.48772 34.0618
    endloop
  endfacet
  facet normal -1 0 0
    outer loop
      vertex 50.5 5.48772 34.0618
      vertex 50.5 -50.5 62
      vertex 50.5 5.7019 34.2981
    endloop
  endfacet
  facet normal -1 0 0
    outer loop
      vertex 50.5 5.7019 34.2981
      vertex 50.5 -50.5 62
      vertex 50.5 5.93822 34.5123
    endloop
  endfacet
  facet normal -1 0 0
    outer loop
      vertex 50.5 5.93822 34.5123
      vertex 50.5 -50.5 62
      vertex 50.5 6.1944 34.7023
    endloop
  endfacet
  facet normal -1 0 0
    outer loop
      vertex 50.5 7.68144 35.2344
      vertex 50.5 -50.5 62
      vertex 50.5 50.5 62
    endloop
  endfacet
  facet normal 0 0 1
    outer loop
      vertex 42.7212 43.3165 3
      vertex -42.7212 43.3165 3
      vertex 42.7944 43.1944 3
    endloop
  endfacet
  facet normal 0 0 1
    outer loop
      vertex 42.9747 -42.9747 3
      vertex -42.557 -43.8579 3
      vertex -42.55 -44 3
    endloop
  endfacet
  facet normal 0 0 1
    outer loop
      vertex -42.7944 43.1944 3
      vertex 42.7944 43.1944 3
      vertex -42.7212 43.3165 3
    endloop
  endfacet
  facet normal 0 0 1
    outer loop
      vertex 42.9747 -42.9747 3
      vertex -42.5779 -43.7171 3
      vertex -42.557 -43.8579 3
    endloop
  endfacet
  facet normal 0 0 1
    outer loop
      vertex 42.7944 43.1944 3
      vertex -42.7944 43.1944 3
      vertex 42.8791 43.0801 3
    endloop
  endfacet
  facet normal 0 0 1
    outer loop
      vertex 42.9747 -42.9747 3
      vertex -42.6124 -43.5791 3
      vertex -42.5779 -43.7171 3
    endloop
  endfacet
  facet normal 0 0 1
    outer loop
      vertex -42.8791 43.0801 3
      vertex 42.8791 43.0801 3
      vertex -42.7944 43.1944 3
    endloop
  endfacet
  facet normal 0 0 1
    outer loop
      vertex 42.9747 -42.9747 3
      vertex -42.6604 -43.4451 3
      vertex -42.6124 -43.5791 3
    endloop
  endfacet
  facet normal 0 0 1
    outer loop
      vertex 42.8791 43.0801 3
      vertex -42.8791 43.0801 3
      vertex 42.9747 42.9747 3
    endloop
  endfacet
  facet normal 0 0 1
    outer loop
      vertex 42.9747 -42.9747 3
      vertex -42.7212 -43.3165 3
      vertex -42.6604 -43.4451 3
    endloop
  endfacet
  facet normal 0 0 1
    outer loop
      vertex -42.9747 42.9747 3
      vertex 42.9747 42.9747 3
      vertex -42.8791 43.0801 3
    endloop
  endfacet
  facet normal 0 0 1
    outer loop
      vertex 42.9747 -42.9747 3
      vertex -42.7944 -43.1944 3
      vertex -42.7212 -43.3165 3
    endloop
  endfacet
  facet normal 0 0 1
    outer loop
      vertex 42.9747 42.9747 3
      vertex -42.9747 42.9747 3
      vertex 42.9747 -42.9747 3
    endloop
  endfacet
  facet normal 0 0 1
    outer loop
      vertex 42.9747 -42.9747 3
      vertex -42.8791 -43.0801 3
      vertex -42.7944 -43.1944 3
    endloop
  endfacet
  facet normal 0 0 1
    outer loop
      vertex -42.9747 -42.9747 3
      vertex 42.9747 -42.9747 3
      vertex -42.9747 42.9747 3
    endloop
  endfacet
  facet normal 0 0 1
    outer loop
      vertex 42.9747 -42.9747 3
      vertex -42.9747 -42.9747 3
      vertex -42.8791 -43.0801 3
    endloop
  endfacet
  facet normal -0 0 1
    outer loop
      vertex -43.0801 42.8791 3
      vertex -42.9747 -42.9747 3
      vertex -42.9747 42.9747 3
    endloop
  endfacet
  facet normal 0 0 1
    outer loop
      vertex -43.0801 42.8791 3
      vertex -43.0801 -42.8791 3
      vertex -42.9747 -42.9747 3
    endloop
  endfacet
  facet normal -0 0 1
    outer loop
      vertex -43.1944 42.7944 3
      vertex -43.0801 -42.8791 3
      vertex -43.0801 42.8791 3
    endloop
  endfacet
  facet normal 0 0 1
    outer loop
      vertex -43.1944 42.7944 3
      vertex -43.1944 -42.7944 3
      vertex -43.0801 -42.8791 3
    endloop
  endfacet
  facet normal -0 0 1
    outer loop
      vertex -43.3165 42.7212 3
      vertex -43.1944 -42.7944 3
      vertex -43.1944 42.7944 3
    endloop
  endfacet
  facet normal 0 0 1
    outer loop
      vertex -43.3165 42.7212 3
      vertex -43.3165 -42.7212 3
      vertex -43.1944 -42.7944 3
    endloop
  endfacet
  facet normal -0 0 1
    outer loop
      vertex -43.4451 42.6604 3
      vertex -43.3165 -42.7212 3
      vertex -43.3165 42.7212 3
    endloop
  endfacet
  facet normal 0 0 1
    outer loop
      vertex -43.4451 42.6604 3
      vertex -43.4451 -42.6604 3
      vertex -43.3165 -42.7212 3
    endloop
  endfacet
  facet normal -0 0 1
    outer loop
      vertex -43.5791 42.6124 3
      vertex -43.4451 -42.6604 3
      vertex -43.4451 42.6604 3
    endloop
  endfacet
  facet normal 0 0 1
    outer loop
      vertex -43.5791 42.6124 3
      vertex -43.5791 -42.6124 3
      vertex -43.4451 -42.6604 3
    endloop
  endfacet
  facet normal -0 0 1
    outer loop
      vertex -43.7171 42.5779 3
      vertex -43.5791 -42.6124 3
      vertex -43.5791 42.6124 3
    endloop
  endfacet
  facet normal 0 0 1
    outer loop
      vertex -43.7171 42.5779 3
      vertex -43.7171 -42.5779 3
      vertex -43.5791 -42.6124 3
    endloop
  endfacet
  facet normal -0 0 1
    outer loop
      vertex -43.8579 42.557 3
      vertex -43.7171 -42.5779 3
      vertex -43.7171 42.5779 3
    endloop
  endfacet
  facet normal 0 0 1
    outer loop
      vertex -43.8579 42.557 3
      vertex -43.8579 -42.557 3
      vertex -43.7171 -42.5779 3
    endloop
  endfacet
  facet normal -0 0 1
    outer loop
      vertex -44 42.55 3
      vertex -43.8579 -42.557 3
      vertex -43.8579 42.557 3
    endloop
  endfacet
  facet normal 0 0 1
    outer loop
      vertex -44 42.55 3
      vertex -44 -42.55 3
      vertex -43.8579 -42.557 3
    endloop
  endfacet
  facet normal 0 0 1
    outer loop
      vertex -44.1421 42.557 3
      vertex -44 -42.55 3
      vertex -44 42.55 3
    endloop
  endfacet
  facet normal 0 0 1
    outer loop
      vertex -44.1421 42.557 3
      vertex -44.1421 -42.557 3
      vertex -44 -42.55 3
    endloop
  endfacet
  facet normal 0 0 1
    outer loop
      vertex -44.2829 42.5779 3
      vertex -44.1421 -42.557 3
      vertex -44.1421 42.557 3
    endloop
  endfacet
  facet normal 0 0 1
    outer loop
      vertex -44.2829 42.5779 3
      vertex -44.2829 -42.5779 3
      vertex -44.1421 -42.557 3
    endloop
  endfacet
  facet normal 0 0 1
    outer loop
      vertex -44.4209 42.6124 3
      vertex -44.2829 -42.5779 3
      vertex -44.2829 42.5779 3
    endloop
  endfacet
  facet normal 0 0 1
    outer loop
      vertex -44.4209 42.6124 3
      vertex -44.4209 -42.6124 3
      vertex -44.2829 -42.5779 3
    endloop
  endfacet
  facet normal 0 0 1
    outer loop
      vertex -44.5549 42.6604 3
      vertex -44.4209 -42.6124 3
      vertex -44.4209 42.6124 3
    endloop
  endfacet
  facet normal 0 0 1
    outer loop
      vertex -44.5549 42.6604 3
      vertex -44.5549 -42.6604 3
      vertex -44.4209 -42.6124 3
    endloop
  endfacet
  facet normal 0 0 1
    outer loop
      vertex -44.6835 42.7212 3
      vertex -44.5549 -42.6604 3
      vertex -44.5549 42.6604 3
    endloop
  endfacet
  facet normal 0 0 1
    outer loop
      vertex -44.6835 42.7212 3
      vertex -44.6835 -42.7212 3
      vertex -44.5549 -42.6604 3
    endloop
  endfacet
  facet normal 0 0 1
    outer loop
      vertex -44.8056 42.7944 3
      vertex -44.6835 -42.7212 3
      vertex -44.6835 42.7212 3
    endloop
  endfacet
  facet normal 0 0 1
    outer loop
      vertex -44.8056 42.7944 3
      vertex -44.8056 -42.7944 3
      vertex -44.6835 -42.7212 3
    endloop
  endfacet
  facet normal 0 0 1
    outer loop
      vertex -44.9199 42.8791 3
      vertex -44.8056 -42.7944 3
      vertex -44.8056 42.7944 3
    endloop
  endfacet
  facet normal 0 0 1
    outer loop
      vertex -44.9199 42.8791 3
      vertex -44.9199 -42.8791 3
      vertex -44.8056 -42.7944 3
    endloop
  endfacet
  facet normal 0 0 1
    outer loop
      vertex -45.0253 42.9747 3
      vertex -44.9199 -42.8791 3
      vertex -44.9199 42.8791 3
    endloop
  endfacet
  facet normal 0 0 1
    outer loop
      vertex -45.0253 42.9747 3
      vertex -45.0253 -42.9747 3
      vertex -44.9199 -42.8791 3
    endloop
  endfacet
  facet normal 0 0 1
    outer loop
      vertex -45.1209 43.0801 3
      vertex -45.0253 -42.9747 3
      vertex -45.0253 42.9747 3
    endloop
  endfacet
  facet normal 0 0 1
    outer loop
      vertex -45.1209 43.0801 3
      vertex -45.1209 -43.0801 3
      vertex -45.0253 -42.9747 3
    endloop
  endfacet
  facet normal 0 0 1
    outer loop
      vertex -45.2056 43.1944 3
      vertex -45.1209 -43.0801 3
      vertex -45.1209 43.0801 3
    endloop
  endfacet
  facet normal 0 0 1
    outer loop
      vertex -45.2056 43.1944 3
      vertex -45.2056 -43.1944 3
      vertex -45.1209 -43.0801 3
    endloop
  endfacet
  facet normal 0 0 1
    outer loop
      vertex -50.5 50.5 3
      vertex -45.2056 43.1944 3
      vertex -45.2788 43.3165 3
    endloop
  endfacet
  facet normal 0 0 1
    outer loop
      vertex -45.2056 43.1944 3
      vertex -50.5 50.5 3
      vertex -45.2056 -43.1944 3
    endloop
  endfacet
  facet normal 0 0 1
    outer loop
      vertex -50.5 50.5 3
      vertex -45.2788 43.3165 3
      vertex -45.3396 43.4451 3
    endloop
  endfacet
  facet normal 0 0 1
    outer loop
      vertex -50.5 -50.5 3
      vertex -45.2056 -43.1944 3
      vertex -50.5 50.5 3
    endloop
  endfacet
  facet normal 0 0 1
    outer loop
      vertex -50.5 50.5 3
      vertex -45.3396 43.4451 3
      vertex -45.3876 43.5791 3
    endloop
  endfacet
  facet normal 0 0 1
    outer loop
      vertex -45.2056 -43.1944 3
      vertex -50.5 -50.5 3
      vertex -45.2788 -43.3165 3
    endloop
  endfacet
  facet normal 0 0 1
    outer loop
      vertex -50.5 50.5 3
      vertex -45.3876 43.5791 3
      vertex -45.4221 43.7171 3
    endloop
  endfacet
  facet normal 0 0 1
    outer loop
      vertex -45.2788 -43.3165 3
      vertex -50.5 -50.5 3
      vertex -45.3396 -43.4451 3
    endloop
  endfacet
  facet normal 0 0 1
    outer loop
      vertex -50.5 50.5 3
      vertex -45.4221 43.7171 3
      vertex -45.443 43.8579 3
    endloop
  endfacet
  facet normal 0 0 1
    outer loop
      vertex -45.3396 -43.4451 3
      vertex -50.5 -50.5 3
      vertex -45.3876 -43.5791 3
    endloop
  endfacet
  facet normal 0 0 1
    outer loop
      vertex -50.5 50.5 3
      vertex -45.443 43.8579 3
      vertex -45.45 44 3
    endloop
  endfacet
  facet normal 0 0 1
    outer loop
      vertex -45.3876 -43.5791 3
      vertex -50.5 -50.5 3
      vertex -45.4221 -43.7171 3
    endloop
  endfacet
  facet normal 0 0 1
    outer loop
      vertex 45.3876 43.5791 3
      vertex 50.5 50.5 3
      vertex 45.4221 43.7171 3
    endloop
  endfacet
  facet normal 0 0 1
    outer loop
      vertex 50.5 -50.5 3
      vertex 45.443 -43.8579 3
      vertex 45.45 -44 3
    endloop
  endfacet
  facet normal 0 0 1
    outer loop
      vertex 45.3396 43.4451 3
      vertex 50.5 50.5 3
      vertex 45.3876 43.5791 3
    endloop
  endfacet
  facet normal 0 0 1
    outer loop
      vertex 50.5 -50.5 3
      vertex 45.4221 -43.7171 3
      vertex 45.443 -43.8579 3
    endloop
  endfacet
  facet normal 0 0 1
    outer loop
      vertex 45.2788 43.3165 3
      vertex 50.5 50.5 3
      vertex 45.3396 43.4451 3
    endloop
  endfacet
  facet normal 0 0 1
    outer loop
      vertex 50.5 -50.5 3
      vertex 45.3876 -43.5791 3
      vertex 45.4221 -43.7171 3
    endloop
  endfacet
  facet normal 0 0 1
    outer loop
      vertex 45.2056 43.1944 3
      vertex 50.5 50.5 3
      vertex 45.2788 43.3165 3
    endloop
  endfacet
  facet normal 0 0 1
    outer loop
      vertex 50.5 -50.5 3
      vertex 45.3396 -43.4451 3
      vertex 45.3876 -43.5791 3
    endloop
  endfacet
  facet normal 0 0 1
    outer loop
      vertex 50.5 50.5 3
      vertex 45.2056 43.1944 3
      vertex 50.5 -50.5 3
    endloop
  endfacet
  facet normal 0 0 1
    outer loop
      vertex 50.5 -50.5 3
      vertex 45.2788 -43.3165 3
      vertex 45.3396 -43.4451 3
    endloop
  endfacet
  facet normal -0 0 1
    outer loop
      vertex 45.2056 -43.1944 3
      vertex 50.5 -50.5 3
      vertex 45.2056 43.1944 3
    endloop
  endfacet
  facet normal 0 0 1
    outer loop
      vertex 50.5 -50.5 3
      vertex 45.2056 -43.1944 3
      vertex 45.2788 -43.3165 3
    endloop
  endfacet
  facet normal -0 0 1
    outer loop
      vertex 45.1209 43.0801 3
      vertex 45.2056 -43.1944 3
      vertex 45.2056 43.1944 3
    endloop
  endfacet
  facet normal 0 0 1
    outer loop
      vertex 45.1209 43.0801 3
      vertex 45.1209 -43.0801 3
      vertex 45.2056 -43.1944 3
    endloop
  endfacet
  facet normal -0 0 1
    outer loop
      vertex 45.0253 42.9747 3
      vertex 45.1209 -43.0801 3
      vertex 45.1209 43.0801 3
    endloop
  endfacet
  facet normal 0 0 1
    outer loop
      vertex 45.0253 42.9747 3
      vertex 45.0253 -42.9747 3
      vertex 45.1209 -43.0801 3
    endloop
  endfacet
  facet normal -0 0 1
    outer loop
      vertex 44.9199 42.8791 3
      vertex 45.0253 -42.9747 3
      vertex 45.0253 42.9747 3
    endloop
  endfacet
  facet normal 0 0 1
    outer loop
      vertex 44.9199 42.8791 3
      vertex 44.9199 -42.8791 3
      vertex 45.0253 -42.9747 3
    endloop
  endfacet
  facet normal -0 0 1
    outer loop
      vertex 44.8056 42.7944 3
      vertex 44.9199 -42.8791 3
      vertex 44.9199 42.8791 3
    endloop
  endfacet
  facet normal 0 0 1
    outer loop
      vertex 44.8056 42.7944 3
      vertex 44.8056 -42.7944 3
      vertex 44.9199 -42.8791 3
    endloop
  endfacet
  facet normal -0 0 1
    outer loop
      vertex 44.6835 42.7212 3
      vertex 44.8056 -42.7944 3
      vertex 44.8056 42.7944 3
    endloop
  endfacet
  facet normal 0 0 1
    outer loop
      vertex 44.6835 42.7212 3
      vertex 44.6835 -42.7212 3
      vertex 44.8056 -42.7944 3
    endloop
  endfacet
  facet normal -0 0 1
    outer loop
      vertex 44.5549 42.6604 3
      vertex 44.6835 -42.7212 3
      vertex 44.6835 42.7212 3
    endloop
  endfacet
  facet normal 0 0 1
    outer loop
      vertex 44.5549 42.6604 3
      vertex 44.5549 -42.6604 3
      vertex 44.6835 -42.7212 3
    endloop
  endfacet
  facet normal -0 0 1
    outer loop
      vertex 44.4209 42.6124 3
      vertex 44.5549 -42.6604 3
      vertex 44.5549 42.6604 3
    endloop
  endfacet
  facet normal 0 0 1
    outer loop
      vertex 44.4209 42.6124 3
      vertex 44.4209 -42.6124 3
      vertex 44.5549 -42.6604 3
    endloop
  endfacet
  facet normal -0 0 1
    outer loop
      vertex 44.2829 42.5779 3
      vertex 44.4209 -42.6124 3
      vertex 44.4209 42.6124 3
    endloop
  endfacet
  facet normal 0 0 1
    outer loop
      vertex 44.2829 42.5779 3
      vertex 44.2829 -42.5779 3
      vertex 44.4209 -42.6124 3
    endloop
  endfacet
  facet normal -0 0 1
    outer loop
      vertex 44.1421 42.557 3
      vertex 44.2829 -42.5779 3
      vertex 44.2829 42.5779 3
    endloop
  endfacet
  facet normal 0 0 1
    outer loop
      vertex 44.1421 42.557 3
      vertex 44.1421 -42.557 3
      vertex 44.2829 -42.5779 3
    endloop
  endfacet
  facet normal -0 0 1
    outer loop
      vertex 44 42.55 3
      vertex 44.1421 -42.557 3
      vertex 44.1421 42.557 3
    endloop
  endfacet
  facet normal 0 0 1
    outer loop
      vertex 44 42.55 3
      vertex 44 -42.55 3
      vertex 44.1421 -42.557 3
    endloop
  endfacet
  facet normal 0 0 1
    outer loop
      vertex 43.8579 42.557 3
      vertex 44 -42.55 3
      vertex 44 42.55 3
    endloop
  endfacet
  facet normal 0 0 1
    outer loop
      vertex 43.8579 42.557 3
      vertex 43.8579 -42.557 3
      vertex 44 -42.55 3
    endloop
  endfacet
  facet normal 0 0 1
    outer loop
      vertex 43.7171 42.5779 3
      vertex 43.8579 -42.557 3
      vertex 43.8579 42.557 3
    endloop
  endfacet
  facet normal 0 0 1
    outer loop
      vertex 43.7171 42.5779 3
      vertex 43.7171 -42.5779 3
      vertex 43.8579 -42.557 3
    endloop
  endfacet
  facet normal 0 0 1
    outer loop
      vertex 43.5791 42.6124 3
      vertex 43.7171 -42.5779 3
      vertex 43.7171 42.5779 3
    endloop
  endfacet
  facet normal 0 0 1
    outer loop
      vertex 43.5791 42.6124 3
      vertex 43.5791 -42.6124 3
      vertex 43.7171 -42.5779 3
    endloop
  endfacet
  facet normal 0 0 1
    outer loop
      vertex 43.4451 42.6604 3
      vertex 43.5791 -42.6124 3
      vertex 43.5791 42.6124 3
    endloop
  endfacet
  facet normal 0 0 1
    outer loop
      vertex 43.4451 42.6604 3
      vertex 43.4451 -42.6604 3
      vertex 43.5791 -42.6124 3
    endloop
  endfacet
  facet normal 0 0 1
    outer loop
      vertex 43.3165 42.7212 3
      vertex 43.4451 -42.6604 3
      vertex 43.4451 42.6604 3
    endloop
  endfacet
  facet normal 0 0 1
    outer loop
      vertex 43.3165 42.7212 3
      vertex 43.3165 -42.7212 3
      vertex 43.4451 -42.6604 3
    endloop
  endfacet
  facet normal 0 0 1
    outer loop
      vertex 43.1944 42.7944 3
      vertex 43.3165 -42.7212 3
      vertex 43.3165 42.7212 3
    endloop
  endfacet
  facet normal 0 0 1
    outer loop
      vertex 43.1944 42.7944 3
      vertex 43.1944 -42.7944 3
      vertex 43.3165 -42.7212 3
    endloop
  endfacet
  facet normal 0 0 1
    outer loop
      vertex 43.0801 42.8791 3
      vertex 43.1944 -42.7944 3
      vertex 43.1944 42.7944 3
    endloop
  endfacet
  facet normal 0 0 1
    outer loop
      vertex 43.0801 42.8791 3
      vertex 43.0801 -42.8791 3
      vertex 43.1944 -42.7944 3
    endloop
  endfacet
  facet normal 0 0 1
    outer loop
      vertex 42.9747 42.9747 3
      vertex 43.0801 -42.8791 3
      vertex 43.0801 42.8791 3
    endloop
  endfacet
  facet normal 0 0 1
    outer loop
      vertex 42.9747 42.9747 3
      vertex 42.9747 -42.9747 3
      vertex 43.0801 -42.8791 3
    endloop
  endfacet
  facet normal 0 0 1
    outer loop
      vertex -42.6604 43.4451 3
      vertex 42.6604 43.4451 3
      vertex -42.6124 43.5791 3
    endloop
  endfacet
  facet normal 0 0 1
    outer loop
      vertex 42.6604 43.4451 3
      vertex -42.6604 43.4451 3
      vertex 42.7212 43.3165 3
    endloop
  endfacet
  facet normal 0 0 1
    outer loop
      vertex 42.6124 43.5791 3
      vertex -42.6124 43.5791 3
      vertex 42.6604 43.4451 3
    endloop
  endfacet
  facet normal 0 0 1
    outer loop
      vertex -42.7212 43.3165 3
      vertex 42.7212 43.3165 3
      vertex -42.6604 43.4451 3
    endloop
  endfacet
  facet normal 0 0 1
    outer loop
      vertex -42.6124 43.5791 3
      vertex 42.6124 43.5791 3
      vertex -42.5779 43.7171 3
    endloop
  endfacet
  facet normal 0 0 1
    outer loop
      vertex 42.9747 -42.9747 3
      vertex -42.55 -44 3
      vertex 42.8791 -43.0801 3
    endloop
  endfacet
  facet normal 0 0 1
    outer loop
      vertex 42.5779 43.7171 3
      vertex -42.5779 43.7171 3
      vertex 42.6124 43.5791 3
    endloop
  endfacet
  facet normal 0 0 1
    outer loop
      vertex 42.8791 -43.0801 3
      vertex -42.55 -44 3
      vertex 42.7944 -43.1944 3
    endloop
  endfacet
  facet normal 0 0 1
    outer loop
      vertex -42.5779 43.7171 3
      vertex 42.5779 43.7171 3
      vertex -42.557 43.8579 3
    endloop
  endfacet
  facet normal 0 0 1
    outer loop
      vertex 42.7944 -43.1944 3
      vertex -42.55 -44 3
      vertex 42.7212 -43.3165 3
    endloop
  endfacet
  facet normal 0 0 1
    outer loop
      vertex 42.557 43.8579 3
      vertex -42.557 43.8579 3
      vertex 42.5779 43.7171 3
    endloop
  endfacet
  facet normal 0 0 1
    outer loop
      vertex 42.7212 -43.3165 3
      vertex -42.55 -44 3
      vertex 42.6604 -43.4451 3
    endloop
  endfacet
  facet normal 0 0 1
    outer loop
      vertex -42.557 43.8579 3
      vertex 42.557 43.8579 3
      vertex -42.55 44 3
    endloop
  endfacet
  facet normal 0 0 1
    outer loop
      vertex 42.6604 -43.4451 3
      vertex -42.55 -44 3
      vertex 42.6124 -43.5791 3
    endloop
  endfacet
  facet normal -0 0 1
    outer loop
      vertex -42.55 44 3
      vertex 42.557 43.8579 3
      vertex 42.55 44 3
    endloop
  endfacet
  facet normal 0 0 1
    outer loop
      vertex 42.6124 -43.5791 3
      vertex -42.55 -44 3
      vertex 42.5779 -43.7171 3
    endloop
  endfacet
  facet normal 0 0 1
    outer loop
      vertex 45.443 43.8579 3
      vertex 50.5 50.5 3
      vertex 45.45 44 3
    endloop
  endfacet
  facet normal 0 0 1
    outer loop
      vertex 50.5 50.5 3
      vertex 45.443 44.1421 3
      vertex 45.45 44 3
    endloop
  endfacet
  facet normal 0 0 1
    outer loop
      vertex 50.5 50.5 3
      vertex 45.4221 44.2829 3
      vertex 45.443 44.1421 3
    endloop
  endfacet
  facet normal 0 0 1
    outer loop
      vertex 50.5 50.5 3
      vertex 45.3876 44.4209 3
      vertex 45.4221 44.2829 3
    endloop
  endfacet
  facet normal 0 0 1
    outer loop
      vertex 50.5 50.5 3
      vertex 45.3396 44.5549 3
      vertex 45.3876 44.4209 3
    endloop
  endfacet
  facet normal 0 0 1
    outer loop
      vertex 50.5 50.5 3
      vertex 45.2788 44.6835 3
      vertex 45.3396 44.5549 3
    endloop
  endfacet
  facet normal 0 0 1
    outer loop
      vertex 50.5 50.5 3
      vertex 45.2056 44.8056 3
      vertex 45.2788 44.6835 3
    endloop
  endfacet
  facet normal 0 0 1
    outer loop
      vertex 50.5 50.5 3
      vertex 45.1209 44.9199 3
      vertex 45.2056 44.8056 3
    endloop
  endfacet
  facet normal 0 0 1
    outer loop
      vertex 50.5 50.5 3
      vertex 45.0253 45.0253 3
      vertex 45.1209 44.9199 3
    endloop
  endfacet
  facet normal 0 0 1
    outer loop
      vertex 50.5 50.5 3
      vertex 44.9199 45.1209 3
      vertex 45.0253 45.0253 3
    endloop
  endfacet
  facet normal 0 0 1
    outer loop
      vertex 50.5 50.5 3
      vertex 44.8056 45.2056 3
      vertex 44.9199 45.1209 3
    endloop
  endfacet
  facet normal 0 0 1
    outer loop
      vertex 50.5 50.5 3
      vertex 44.6835 45.2788 3
      vertex 44.8056 45.2056 3
    endloop
  endfacet
  facet normal 0 0 1
    outer loop
      vertex 50.5 50.5 3
      vertex 44.5549 45.3396 3
      vertex 44.6835 45.2788 3
    endloop
  endfacet
  facet normal 0 0 1
    outer loop
      vertex 50.5 50.5 3
      vertex 44.4209 45.3876 3
      vertex 44.5549 45.3396 3
    endloop
  endfacet
  facet normal 0 0 1
    outer loop
      vertex 50.5 50.5 3
      vertex 44.2829 45.4221 3
      vertex 44.4209 45.3876 3
    endloop
  endfacet
  facet normal 0 0 1
    outer loop
      vertex 50.5 50.5 3
      vertex 44.1421 45.443 3
      vertex 44.2829 45.4221 3
    endloop
  endfacet
  facet normal 0 0 1
    outer loop
      vertex 50.5 50.5 3
      vertex 44 45.45 3
      vertex 44.1421 45.443 3
    endloop
  endfacet
  facet normal 0 0 1
    outer loop
      vertex 50.5 50.5 3
      vertex 43.8579 45.443 3
      vertex 44 45.45 3
    endloop
  endfacet
  facet normal 0 0 1
    outer loop
      vertex 50.5 50.5 3
      vertex 43.7171 45.4221 3
      vertex 43.8579 45.443 3
    endloop
  endfacet
  facet normal 0 0 1
    outer loop
      vertex 50.5 50.5 3
      vertex 43.5791 45.3876 3
      vertex 43.7171 45.4221 3
    endloop
  endfacet
  facet normal 0 0 1
    outer loop
      vertex 50.5 50.5 3
      vertex 43.4451 45.3396 3
      vertex 43.5791 45.3876 3
    endloop
  endfacet
  facet normal 0 0 1
    outer loop
      vertex 50.5 50.5 3
      vertex 43.3165 45.2788 3
      vertex 43.4451 45.3396 3
    endloop
  endfacet
  facet normal 0 0 1
    outer loop
      vertex 50.5 50.5 3
      vertex 43.1944 45.2056 3
      vertex 43.3165 45.2788 3
    endloop
  endfacet
  facet normal 0 0 1
    outer loop
      vertex 42.5779 -43.7171 3
      vertex -42.55 -44 3
      vertex 42.557 -43.8579 3
    endloop
  endfacet
  facet normal 0 0 1
    outer loop
      vertex 42.557 44.1421 3
      vertex -42.55 44 3
      vertex 42.55 44 3
    endloop
  endfacet
  facet normal 0 0 1
    outer loop
      vertex -42.557 44.1421 3
      vertex 42.557 44.1421 3
      vertex 42.5779 44.2829 3
    endloop
  endfacet
  facet normal 0 0 1
    outer loop
      vertex -42.5779 44.2829 3
      vertex 42.5779 44.2829 3
      vertex 42.6124 44.4209 3
    endloop
  endfacet
  facet normal 0 0 1
    outer loop
      vertex -42.6124 44.4209 3
      vertex 42.6124 44.4209 3
      vertex 42.6604 44.5549 3
    endloop
  endfacet
  facet normal 0 0 1
    outer loop
      vertex -42.6604 44.5549 3
      vertex 42.6604 44.5549 3
      vertex 42.7212 44.6835 3
    endloop
  endfacet
  facet normal 0 0 1
    outer loop
      vertex -42.7212 44.6835 3
      vertex 42.7212 44.6835 3
      vertex 42.7944 44.8056 3
    endloop
  endfacet
  facet normal 0 0 1
    outer loop
      vertex -42.7944 44.8056 3
      vertex 42.7944 44.8056 3
      vertex 42.8791 44.9199 3
    endloop
  endfacet
  facet normal 0 0 1
    outer loop
      vertex -42.8791 44.9199 3
      vertex 42.8791 44.9199 3
      vertex 42.9747 45.0253 3
    endloop
  endfacet
  facet normal 0 0 1
    outer loop
      vertex -42.9747 45.0253 3
      vertex 42.9747 45.0253 3
      vertex 43.0801 45.1209 3
    endloop
  endfacet
  facet normal 0 0 1
    outer loop
      vertex -43.0801 45.1209 3
      vertex 43.0801 45.1209 3
      vertex 43.1944 45.2056 3
    endloop
  endfacet
  facet normal 0 0 1
    outer loop
      vertex -43.1944 45.2056 3
      vertex 43.1944 45.2056 3
      vertex 50.5 50.5 3
    endloop
  endfacet
  facet normal 0 0 1
    outer loop
      vertex 42.557 44.1421 3
      vertex -42.557 44.1421 3
      vertex -42.55 44 3
    endloop
  endfacet
  facet normal 0 0 1
    outer loop
      vertex 42.5779 44.2829 3
      vertex -42.5779 44.2829 3
      vertex -42.557 44.1421 3
    endloop
  endfacet
  facet normal 0 0 1
    outer loop
      vertex 42.6124 44.4209 3
      vertex -42.6124 44.4209 3
      vertex -42.5779 44.2829 3
    endloop
  endfacet
  facet normal 0 0 1
    outer loop
      vertex 42.6604 44.5549 3
      vertex -42.6604 44.5549 3
      vertex -42.6124 44.4209 3
    endloop
  endfacet
  facet normal 0 0 1
    outer loop
      vertex 42.7212 44.6835 3
      vertex -42.7212 44.6835 3
      vertex -42.6604 44.5549 3
    endloop
  endfacet
  facet normal 0 0 1
    outer loop
      vertex 42.7944 44.8056 3
      vertex -42.7944 44.8056 3
      vertex -42.7212 44.6835 3
    endloop
  endfacet
  facet normal 0 0 1
    outer loop
      vertex 42.8791 44.9199 3
      vertex -42.8791 44.9199 3
      vertex -42.7944 44.8056 3
    endloop
  endfacet
  facet normal 0 0 1
    outer loop
      vertex 42.9747 45.0253 3
      vertex -42.9747 45.0253 3
      vertex -42.8791 44.9199 3
    endloop
  endfacet
  facet normal 0 0 1
    outer loop
      vertex 43.0801 45.1209 3
      vertex -43.0801 45.1209 3
      vertex -42.9747 45.0253 3
    endloop
  endfacet
  facet normal 0 0 1
    outer loop
      vertex 43.1944 45.2056 3
      vertex -43.1944 45.2056 3
      vertex -43.0801 45.1209 3
    endloop
  endfacet
  facet normal -0 0 1
    outer loop
      vertex -50.5 50.5 3
      vertex -43.1944 45.2056 3
      vertex 50.5 50.5 3
    endloop
  endfacet
  facet normal 0 0 1
    outer loop
      vertex -43.1944 45.2056 3
      vertex -50.5 50.5 3
      vertex -43.3165 45.2788 3
    endloop
  endfacet
  facet normal 0 0 1
    outer loop
      vertex -43.3165 45.2788 3
      vertex -50.5 50.5 3
      vertex -43.4451 45.3396 3
    endloop
  endfacet
  facet normal 0 0 1
    outer loop
      vertex -43.4451 45.3396 3
      vertex -50.5 50.5 3
      vertex -43.5791 45.3876 3
    endloop
  endfacet
  facet normal 0 0 1
    outer loop
      vertex -43.5791 45.3876 3
      vertex -50.5 50.5 3
      vertex -43.7171 45.4221 3
    endloop
  endfacet
  facet normal 0 0 1
    outer loop
      vertex -43.7171 45.4221 3
      vertex -50.5 50.5 3
      vertex -43.8579 45.443 3
    endloop
  endfacet
  facet normal 0 0 1
    outer loop
      vertex -43.8579 45.443 3
      vertex -50.5 50.5 3
      vertex -44 45.45 3
    endloop
  endfacet
  facet normal 0 0 1
    outer loop
      vertex -45.4221 -43.7171 3
      vertex -50.5 -50.5 3
      vertex -45.443 -43.8579 3
    endloop
  endfacet
  facet normal 0 0 1
    outer loop
      vertex -45.443 44.1421 3
      vertex -50.5 50.5 3
      vertex -45.45 44 3
    endloop
  endfacet
  facet normal 0 0 1
    outer loop
      vertex -45.4221 44.2829 3
      vertex -50.5 50.5 3
      vertex -45.443 44.1421 3
    endloop
  endfacet
  facet normal 0 0 1
    outer loop
      vertex -45.3876 44.4209 3
      vertex -50.5 50.5 3
      vertex -45.4221 44.2829 3
    endloop
  endfacet
  facet normal 0 0 1
    outer loop
      vertex -45.3396 44.5549 3
      vertex -50.5 50.5 3
      vertex -45.3876 44.4209 3
    endloop
  endfacet
  facet normal 0 0 1
    outer loop
      vertex -45.2788 44.6835 3
      vertex -50.5 50.5 3
      vertex -45.3396 44.5549 3
    endloop
  endfacet
  facet normal 0 0 1
    outer loop
      vertex -45.2056 44.8056 3
      vertex -50.5 50.5 3
      vertex -45.2788 44.6835 3
    endloop
  endfacet
  facet normal 0 0 1
    outer loop
      vertex -45.1209 44.9199 3
      vertex -50.5 50.5 3
      vertex -45.2056 44.8056 3
    endloop
  endfacet
  facet normal 0 0 1
    outer loop
      vertex -45.0253 45.0253 3
      vertex -50.5 50.5 3
      vertex -45.1209 44.9199 3
    endloop
  endfacet
  facet normal 0 0 1
    outer loop
      vertex -44.9199 45.1209 3
      vertex -50.5 50.5 3
      vertex -45.0253 45.0253 3
    endloop
  endfacet
  facet normal 0 0 1
    outer loop
      vertex -44.8056 45.2056 3
      vertex -50.5 50.5 3
      vertex -44.9199 45.1209 3
    endloop
  endfacet
  facet normal 0 0 1
    outer loop
      vertex -44.6835 45.2788 3
      vertex -50.5 50.5 3
      vertex -44.8056 45.2056 3
    endloop
  endfacet
  facet normal 0 0 1
    outer loop
      vertex -44.5549 45.3396 3
      vertex -50.5 50.5 3
      vertex -44.6835 45.2788 3
    endloop
  endfacet
  facet normal 0 0 1
    outer loop
      vertex -44.4209 45.3876 3
      vertex -50.5 50.5 3
      vertex -44.5549 45.3396 3
    endloop
  endfacet
  facet normal 0 0 1
    outer loop
      vertex -44.2829 45.4221 3
      vertex -50.5 50.5 3
      vertex -44.4209 45.3876 3
    endloop
  endfacet
  facet normal 0 0 1
    outer loop
      vertex -44.1421 45.443 3
      vertex -50.5 50.5 3
      vertex -44.2829 45.4221 3
    endloop
  endfacet
  facet normal 0 0 1
    outer loop
      vertex -44 45.45 3
      vertex -50.5 50.5 3
      vertex -44.1421 45.443 3
    endloop
  endfacet
  facet normal 0 0 1
    outer loop
      vertex 45.4221 43.7171 3
      vertex 50.5 50.5 3
      vertex 45.443 43.8579 3
    endloop
  endfacet
  facet normal -0 0 1
    outer loop
      vertex 45.443 -44.1421 3
      vertex 50.5 -50.5 3
      vertex 45.45 -44 3
    endloop
  endfacet
  facet normal -0 0 1
    outer loop
      vertex 45.4221 -44.2829 3
      vertex 50.5 -50.5 3
      vertex 45.443 -44.1421 3
    endloop
  endfacet
  facet normal -0 0 1
    outer loop
      vertex 45.3876 -44.4209 3
      vertex 50.5 -50.5 3
      vertex 45.4221 -44.2829 3
    endloop
  endfacet
  facet normal -0 0 1
    outer loop
      vertex 45.3396 -44.5549 3
      vertex 50.5 -50.5 3
      vertex 45.3876 -44.4209 3
    endloop
  endfacet
  facet normal -0 0 1
    outer loop
      vertex 45.2788 -44.6835 3
      vertex 50.5 -50.5 3
      vertex 45.3396 -44.5549 3
    endloop
  endfacet
  facet normal -0 0 1
    outer loop
      vertex 45.2056 -44.8056 3
      vertex 50.5 -50.5 3
      vertex 45.2788 -44.6835 3
    endloop
  endfacet
  facet normal -0 0 1
    outer loop
      vertex 45.1209 -44.9199 3
      vertex 50.5 -50.5 3
      vertex 45.2056 -44.8056 3
    endloop
  endfacet
  facet normal -0 0 1
    outer loop
      vertex 45.0253 -45.0253 3
      vertex 50.5 -50.5 3
      vertex 45.1209 -44.9199 3
    endloop
  endfacet
  facet normal -0 0 1
    outer loop
      vertex 44.9199 -45.1209 3
      vertex 50.5 -50.5 3
      vertex 45.0253 -45.0253 3
    endloop
  endfacet
  facet normal -0 0 1
    outer loop
      vertex 44.8056 -45.2056 3
      vertex 50.5 -50.5 3
      vertex 44.9199 -45.1209 3
    endloop
  endfacet
  facet normal -0 0 1
    outer loop
      vertex 44.6835 -45.2788 3
      vertex 50.5 -50.5 3
      vertex 44.8056 -45.2056 3
    endloop
  endfacet
  facet normal -0 0 1
    outer loop
      vertex 44.5549 -45.3396 3
      vertex 50.5 -50.5 3
      vertex 44.6835 -45.2788 3
    endloop
  endfacet
  facet normal -0 0 1
    outer loop
      vertex 44.4209 -45.3876 3
      vertex 50.5 -50.5 3
      vertex 44.5549 -45.3396 3
    endloop
  endfacet
  facet normal -0 0 1
    outer loop
      vertex 44.2829 -45.4221 3
      vertex 50.5 -50.5 3
      vertex 44.4209 -45.3876 3
    endloop
  endfacet
  facet normal -0 0 1
    outer loop
      vertex 44.1421 -45.443 3
      vertex 50.5 -50.5 3
      vertex 44.2829 -45.4221 3
    endloop
  endfacet
  facet normal -0 0 1
    outer loop
      vertex 44 -45.45 3
      vertex 50.5 -50.5 3
      vertex 44.1421 -45.443 3
    endloop
  endfacet
  facet normal 0 0 1
    outer loop
      vertex 43.8579 -45.443 3
      vertex 50.5 -50.5 3
      vertex 44 -45.45 3
    endloop
  endfacet
  facet normal 0 0 1
    outer loop
      vertex 43.7171 -45.4221 3
      vertex 50.5 -50.5 3
      vertex 43.8579 -45.443 3
    endloop
  endfacet
  facet normal 0 0 1
    outer loop
      vertex 43.5791 -45.3876 3
      vertex 50.5 -50.5 3
      vertex 43.7171 -45.4221 3
    endloop
  endfacet
  facet normal 0 0 1
    outer loop
      vertex 43.4451 -45.3396 3
      vertex 50.5 -50.5 3
      vertex 43.5791 -45.3876 3
    endloop
  endfacet
  facet normal 0 0 1
    outer loop
      vertex 43.3165 -45.2788 3
      vertex 50.5 -50.5 3
      vertex 43.4451 -45.3396 3
    endloop
  endfacet
  facet normal 0 0 1
    outer loop
      vertex 43.1944 -45.2056 3
      vertex 50.5 -50.5 3
      vertex 43.3165 -45.2788 3
    endloop
  endfacet
  facet normal 0 0 1
    outer loop
      vertex 42.557 -43.8579 3
      vertex -42.55 -44 3
      vertex 42.55 -44 3
    endloop
  endfacet
  facet normal 0 0 1
    outer loop
      vertex 42.55 -44 3
      vertex -42.55 -44 3
      vertex 42.557 -44.1421 3
    endloop
  endfacet
  facet normal 0 0 1
    outer loop
      vertex -42.557 -44.1421 3
      vertex 42.557 -44.1421 3
      vertex -42.55 -44 3
    endloop
  endfacet
  facet normal 0 0 1
    outer loop
      vertex 42.557 -44.1421 3
      vertex -42.557 -44.1421 3
      vertex 42.5779 -44.2829 3
    endloop
  endfacet
  facet normal 0 0 1
    outer loop
      vertex -42.5779 -44.2829 3
      vertex 42.5779 -44.2829 3
      vertex -42.557 -44.1421 3
    endloop
  endfacet
  facet normal 0 0 1
    outer loop
      vertex 42.5779 -44.2829 3
      vertex -42.5779 -44.2829 3
      vertex 42.6124 -44.4209 3
    endloop
  endfacet
  facet normal 0 0 1
    outer loop
      vertex -42.6124 -44.4209 3
      vertex 42.6124 -44.4209 3
      vertex -42.5779 -44.2829 3
    endloop
  endfacet
  facet normal 0 0 1
    outer loop
      vertex 42.6124 -44.4209 3
      vertex -42.6124 -44.4209 3
      vertex 42.6604 -44.5549 3
    endloop
  endfacet
  facet normal 0 0 1
    outer loop
      vertex -42.6604 -44.5549 3
      vertex 42.6604 -44.5549 3
      vertex -42.6124 -44.4209 3
    endloop
  endfacet
  facet normal 0 0 1
    outer loop
      vertex 42.6604 -44.5549 3
      vertex -42.6604 -44.5549 3
      vertex 42.7212 -44.6835 3
    endloop
  endfacet
  facet normal 0 0 1
    outer loop
      vertex -42.7212 -44.6835 3
      vertex 42.7212 -44.6835 3
      vertex -42.6604 -44.5549 3
    endloop
  endfacet
  facet normal 0 0 1
    outer loop
      vertex 42.7212 -44.6835 3
      vertex -42.7212 -44.6835 3
      vertex 42.7944 -44.8056 3
    endloop
  endfacet
  facet normal 0 0 1
    outer loop
      vertex -42.7944 -44.8056 3
      vertex 42.7944 -44.8056 3
      vertex -42.7212 -44.6835 3
    endloop
  endfacet
  facet normal 0 0 1
    outer loop
      vertex 42.7944 -44.8056 3
      vertex -42.7944 -44.8056 3
      vertex 42.8791 -44.9199 3
    endloop
  endfacet
  facet normal 0 0 1
    outer loop
      vertex -42.8791 -44.9199 3
      vertex 42.8791 -44.9199 3
      vertex -42.7944 -44.8056 3
    endloop
  endfacet
  facet normal 0 0 1
    outer loop
      vertex 42.8791 -44.9199 3
      vertex -42.8791 -44.9199 3
      vertex 42.9747 -45.0253 3
    endloop
  endfacet
  facet normal 0 0 1
    outer loop
      vertex -42.9747 -45.0253 3
      vertex 42.9747 -45.0253 3
      vertex -42.8791 -44.9199 3
    endloop
  endfacet
  facet normal 0 0 1
    outer loop
      vertex 42.9747 -45.0253 3
      vertex -42.9747 -45.0253 3
      vertex 43.0801 -45.1209 3
    endloop
  endfacet
  facet normal 0 0 1
    outer loop
      vertex -43.0801 -45.1209 3
      vertex 43.0801 -45.1209 3
      vertex -42.9747 -45.0253 3
    endloop
  endfacet
  facet normal 0 0 1
    outer loop
      vertex 43.0801 -45.1209 3
      vertex -43.0801 -45.1209 3
      vertex 43.1944 -45.2056 3
    endloop
  endfacet
  facet normal 0 0 1
    outer loop
      vertex -43.1944 -45.2056 3
      vertex 43.1944 -45.2056 3
      vertex -43.0801 -45.1209 3
    endloop
  endfacet
  facet normal 0 0 1
    outer loop
      vertex 43.1944 -45.2056 3
      vertex -43.1944 -45.2056 3
      vertex 50.5 -50.5 3
    endloop
  endfacet
  facet normal 0 0 1
    outer loop
      vertex -50.5 -50.5 3
      vertex -43.1944 -45.2056 3
      vertex -43.3165 -45.2788 3
    endloop
  endfacet
  facet normal 0 0 1
    outer loop
      vertex -50.5 -50.5 3
      vertex -43.3165 -45.2788 3
      vertex -43.4451 -45.3396 3
    endloop
  endfacet
  facet normal 0 0 1
    outer loop
      vertex -50.5 -50.5 3
      vertex -43.4451 -45.3396 3
      vertex -43.5791 -45.3876 3
    endloop
  endfacet
  facet normal 0 0 1
    outer loop
      vertex -50.5 -50.5 3
      vertex -43.5791 -45.3876 3
      vertex -43.7171 -45.4221 3
    endloop
  endfacet
  facet normal 0 0 1
    outer loop
      vertex -50.5 -50.5 3
      vertex -43.7171 -45.4221 3
      vertex -43.8579 -45.443 3
    endloop
  endfacet
  facet normal 0 0 1
    outer loop
      vertex -50.5 -50.5 3
      vertex -43.8579 -45.443 3
      vertex -44 -45.45 3
    endloop
  endfacet
  facet normal 0 0 1
    outer loop
      vertex -50.5 -50.5 3
      vertex -44 -45.45 3
      vertex -44.1421 -45.443 3
    endloop
  endfacet
  facet normal 0 0 1
    outer loop
      vertex -45.443 -43.8579 3
      vertex -50.5 -50.5 3
      vertex -45.45 -44 3
    endloop
  endfacet
  facet normal 0 0 1
    outer loop
      vertex -43.1944 -45.2056 3
      vertex -50.5 -50.5 3
      vertex 50.5 -50.5 3
    endloop
  endfacet
  facet normal 0 0 1
    outer loop
      vertex -44.2829 -45.4221 3
      vertex -50.5 -50.5 3
      vertex -44.1421 -45.443 3
    endloop
  endfacet
  facet normal 0 0 1
    outer loop
      vertex -44.4209 -45.3876 3
      vertex -50.5 -50.5 3
      vertex -44.2829 -45.4221 3
    endloop
  endfacet
  facet normal 0 0 1
    outer loop
      vertex -44.5549 -45.3396 3
      vertex -50.5 -50.5 3
      vertex -44.4209 -45.3876 3
    endloop
  endfacet
  facet normal 0 0 1
    outer loop
      vertex -44.6835 -45.2788 3
      vertex -50.5 -50.5 3
      vertex -44.5549 -45.3396 3
    endloop
  endfacet
  facet normal 0 0 1
    outer loop
      vertex -44.8056 -45.2056 3
      vertex -50.5 -50.5 3
      vertex -44.6835 -45.2788 3
    endloop
  endfacet
  facet normal 0 0 1
    outer loop
      vertex -44.9199 -45.1209 3
      vertex -50.5 -50.5 3
      vertex -44.8056 -45.2056 3
    endloop
  endfacet
  facet normal 0 0 1
    outer loop
      vertex -45.0253 -45.0253 3
      vertex -50.5 -50.5 3
      vertex -44.9199 -45.1209 3
    endloop
  endfacet
  facet normal 0 0 1
    outer loop
      vertex -45.1209 -44.9199 3
      vertex -50.5 -50.5 3
      vertex -45.0253 -45.0253 3
    endloop
  endfacet
  facet normal 0 0 1
    outer loop
      vertex -45.2056 -44.8056 3
      vertex -50.5 -50.5 3
      vertex -45.1209 -44.9199 3
    endloop
  endfacet
  facet normal 0 0 1
    outer loop
      vertex -45.2788 -44.6835 3
      vertex -50.5 -50.5 3
      vertex -45.2056 -44.8056 3
    endloop
  endfacet
  facet normal 0 0 1
    outer loop
      vertex -45.3396 -44.5549 3
      vertex -50.5 -50.5 3
      vertex -45.2788 -44.6835 3
    endloop
  endfacet
  facet normal 0 0 1
    outer loop
      vertex -45.3876 -44.4209 3
      vertex -50.5 -50.5 3
      vertex -45.3396 -44.5549 3
    endloop
  endfacet
  facet normal 0 0 1
    outer loop
      vertex -45.4221 -44.2829 3
      vertex -50.5 -50.5 3
      vertex -45.3876 -44.4209 3
    endloop
  endfacet
  facet normal 0 0 1
    outer loop
      vertex -45.443 -44.1421 3
      vertex -50.5 -50.5 3
      vertex -45.4221 -44.2829 3
    endloop
  endfacet
  facet normal 0 0 1
    outer loop
      vertex -45.45 -44 3
      vertex -50.5 -50.5 3
      vertex -45.443 -44.1421 3
    endloop
  endfacet
  facet normal 0 1 -0
    outer loop
      vertex -23.5649 -50.5 35.4645
      vertex -50.5 -50.5 62
      vertex 50.5 -50.5 62
    endloop
  endfacet
  facet normal 0 1 0
    outer loop
      vertex -50.5 -50.5 62
      vertex -24.6324 -50.5 35.7319
      vertex -25 -50.5 35.75
    endloop
  endfacet
  facet normal 0 1 0
    outer loop
      vertex -50.5 -50.5 62
      vertex -24.2684 -50.5 35.6779
      vertex -24.6324 -50.5 35.7319
    endloop
  endfacet
  facet normal 0 1 0
    outer loop
      vertex -50.5 -50.5 62
      vertex -23.9114 -50.5 35.5885
      vertex -24.2684 -50.5 35.6779
    endloop
  endfacet
  facet normal 0 1 0
    outer loop
      vertex -50.5 -50.5 62
      vertex -23.5649 -50.5 35.4645
      vertex -23.9114 -50.5 35.5885
    endloop
  endfacet
  facet normal 0 1 0
    outer loop
      vertex 50.5 -50.5 62
      vertex -23.2323 -50.5 35.3072
      vertex -23.5649 -50.5 35.4645
    endloop
  endfacet
  facet normal 0 1 -0
    outer loop
      vertex 24.3303 -50.5 33.6168
      vertex -23.2323 -50.5 35.3072
      vertex 50.5 -50.5 62
    endloop
  endfacet
  facet normal 0 1 -0
    outer loop
      vertex 24.1751 -50.5 33.5434
      vertex -23.2323 -50.5 35.3072
      vertex 24.3303 -50.5 33.6168
    endloop
  endfacet
  facet normal 0 1 0
    outer loop
      vertex -23.2323 -50.5 35.3072
      vertex 24.1751 -50.5 33.5434
      vertex -22.9166 -50.5 35.118
    endloop
  endfacet
  facet normal 0 1 -0
    outer loop
      vertex 24.0278 -50.5 33.4551
      vertex -22.9166 -50.5 35.118
      vertex 24.1751 -50.5 33.5434
    endloop
  endfacet
  facet normal 0 1 0
    outer loop
      vertex -22.9166 -50.5 35.118
      vertex 24.0278 -50.5 33.4551
      vertex -22.621 -50.5 34.8988
    endloop
  endfacet
  facet normal 0 1 -0
    outer loop
      vertex 23.8898 -50.5 33.3528
      vertex -22.621 -50.5 34.8988
      vertex 24.0278 -50.5 33.4551
    endloop
  endfacet
  facet normal 0 1 0
    outer loop
      vertex 24.8285 -50.5 33.7416
      vertex 50.5 -50.5 62
      vertex 25 -50.5 33.75
    endloop
  endfacet
  facet normal 0 1 0
    outer loop
      vertex 50.5 -50.5 62
      vertex 25.1715 -50.5 33.7416
      vertex 25 -50.5 33.75
    endloop
  endfacet
  facet normal 0 1 0
    outer loop
      vertex 50.5 -50.5 62
      vertex 25.3414 -50.5 33.7164
      vertex 25.1715 -50.5 33.7416
    endloop
  endfacet
  facet normal 0 1 0
    outer loop
      vertex 50.5 -50.5 62
      vertex 25.508 -50.5 33.6746
      vertex 25.3414 -50.5 33.7164
    endloop
  endfacet
  facet normal 0 1 0
    outer loop
      vertex 50.5 -50.5 62
      vertex 25.6697 -50.5 33.6168
      vertex 25.508 -50.5 33.6746
    endloop
  endfacet
  facet normal 0 1 0
    outer loop
      vertex 50.5 -50.5 62
      vertex 25.8249 -50.5 33.5434
      vertex 25.6697 -50.5 33.6168
    endloop
  endfacet
  facet normal 0 1 0
    outer loop
      vertex 50.5 -50.5 62
      vertex 25.9722 -50.5 33.4551
      vertex 25.8249 -50.5 33.5434
    endloop
  endfacet
  facet normal 0 1 0
    outer loop
      vertex 50.5 -50.5 62
      vertex 26.1102 -50.5 33.3528
      vertex 25.9722 -50.5 33.4551
    endloop
  endfacet
  facet normal 0 1 0
    outer loop
      vertex 50.5 -50.5 62
      vertex 26.2374 -50.5 33.2374
      vertex 26.1102 -50.5 33.3528
    endloop
  endfacet
  facet normal 0 1 0
    outer loop
      vertex 50.5 -50.5 62
      vertex 26.3528 -50.5 33.1102
      vertex 26.2374 -50.5 33.2374
    endloop
  endfacet
  facet normal 0 1 0
    outer loop
      vertex 50.5 -50.5 62
      vertex 26.4551 -50.5 32.9722
      vertex 26.3528 -50.5 33.1102
    endloop
  endfacet
  facet normal 0 1 0
    outer loop
      vertex 50.5 -50.5 62
      vertex 26.5434 -50.5 32.8249
      vertex 26.4551 -50.5 32.9722
    endloop
  endfacet
  facet normal 0 1 0
    outer loop
      vertex 50.5 -50.5 62
      vertex 26.6168 -50.5 32.6697
      vertex 26.5434 -50.5 32.8249
    endloop
  endfacet
  facet normal 0 1 0
    outer loop
      vertex 50.5 -50.5 62
      vertex 26.6746 -50.5 32.508
      vertex 26.6168 -50.5 32.6697
    endloop
  endfacet
  facet normal 0 1 0
    outer loop
      vertex 50.5 -50.5 62
      vertex 26.7164 -50.5 32.3414
      vertex 26.6746 -50.5 32.508
    endloop
  endfacet
  facet normal 0 1 0
    outer loop
      vertex 50.5 -50.5 62
      vertex 26.7416 -50.5 32.1715
      vertex 26.7164 -50.5 32.3414
    endloop
  endfacet
  facet normal 0 1 0
    outer loop
      vertex 50.5 -50.5 62
      vertex 26.75 -50.5 32
      vertex 26.7416 -50.5 32.1715
    endloop
  endfacet
  facet normal 0 1 -0
    outer loop
      vertex 50.5 -50.5 3
      vertex 26.75 -50.5 32
      vertex 50.5 -50.5 62
    endloop
  endfacet
  facet normal 0 1 0
    outer loop
      vertex 26.75 -50.5 32
      vertex 50.5 -50.5 3
      vertex 26.7416 -50.5 31.8285
    endloop
  endfacet
  facet normal 0 1 0
    outer loop
      vertex 26.7416 -50.5 31.8285
      vertex 50.5 -50.5 3
      vertex 26.7164 -50.5 31.6586
    endloop
  endfacet
  facet normal 0 1 0
    outer loop
      vertex 26.7164 -50.5 31.6586
      vertex 50.5 -50.5 3
      vertex 26.6746 -50.5 31.492
    endloop
  endfacet
  facet normal 0 1 0
    outer loop
      vertex 26.6746 -50.5 31.492
      vertex 50.5 -50.5 3
      vertex 26.6168 -50.5 31.3303
    endloop
  endfacet
  facet normal 0 1 0
    outer loop
      vertex 26.6168 -50.5 31.3303
      vertex 50.5 -50.5 3
      vertex 26.5434 -50.5 31.1751
    endloop
  endfacet
  facet normal 0 1 0
    outer loop
      vertex 26.5434 -50.5 31.1751
      vertex 50.5 -50.5 3
      vertex 26.4551 -50.5 31.0278
    endloop
  endfacet
  facet normal 0 1 0
    outer loop
      vertex 23.5449 -50.5 31.0278
      vertex -21.882 -50.5 29.9166
      vertex -21.6928 -50.5 30.2323
    endloop
  endfacet
  facet normal 0 1 0
    outer loop
      vertex 24.8285 -50.5 30.2584
      vertex -22.1012 -50.5 29.621
      vertex -21.882 -50.5 29.9166
    endloop
  endfacet
  facet normal 0 1 0
    outer loop
      vertex 24.8285 -50.5 30.2584
      vertex -22.3483 -50.5 29.3483
      vertex -22.1012 -50.5 29.621
    endloop
  endfacet
  facet normal 0 1 0
    outer loop
      vertex 24.8285 -50.5 30.2584
      vertex -22.621 -50.5 29.1012
      vertex -22.3483 -50.5 29.3483
    endloop
  endfacet
  facet normal 0 1 0
    outer loop
      vertex 24.8285 -50.5 30.2584
      vertex -22.9166 -50.5 28.882
      vertex -22.621 -50.5 29.1012
    endloop
  endfacet
  facet normal 0 1 0
    outer loop
      vertex 24.8285 -50.5 30.2584
      vertex -23.2323 -50.5 28.6928
      vertex -22.9166 -50.5 28.882
    endloop
  endfacet
  facet normal 0 1 0
    outer loop
      vertex 24.8285 -50.5 30.2584
      vertex 50.5 -50.5 3
      vertex -23.2323 -50.5 28.6928
    endloop
  endfacet
  facet normal 0 1 0
    outer loop
      vertex -23.2323 -50.5 28.6928
      vertex 50.5 -50.5 3
      vertex -23.5649 -50.5 28.5354
    endloop
  endfacet
  facet normal 0 1 0
    outer loop
      vertex -50.5 -50.5 3
      vertex -23.5649 -50.5 28.5354
      vertex 50.5 -50.5 3
    endloop
  endfacet
  facet normal 0 1 0
    outer loop
      vertex -23.5649 -50.5 28.5354
      vertex -50.5 -50.5 3
      vertex -23.9114 -50.5 28.4115
    endloop
  endfacet
  facet normal 0 1 0
    outer loop
      vertex -23.9114 -50.5 28.4115
      vertex -50.5 -50.5 3
      vertex -24.2684 -50.5 28.3221
    endloop
  endfacet
  facet normal 0 1 0
    outer loop
      vertex -24.2684 -50.5 28.3221
      vertex -50.5 -50.5 3
      vertex -24.6324 -50.5 28.2681
    endloop
  endfacet
  facet normal 0 1 0
    outer loop
      vertex 25.1715 -50.5 30.2584
      vertex 50.5 -50.5 3
      vertex 25 -50.5 30.25
    endloop
  endfacet
  facet normal 0 1 0
    outer loop
      vertex 25.3414 -50.5 30.2836
      vertex 50.5 -50.5 3
      vertex 25.1715 -50.5 30.2584
    endloop
  endfacet
  facet normal 0 1 0
    outer loop
      vertex 25.508 -50.5 30.3254
      vertex 50.5 -50.5 3
      vertex 25.3414 -50.5 30.2836
    endloop
  endfacet
  facet normal 0 1 0
    outer loop
      vertex 25.6697 -50.5 30.3832
      vertex 50.5 -50.5 3
      vertex 25.508 -50.5 30.3254
    endloop
  endfacet
  facet normal 0 1 0
    outer loop
      vertex 25.8249 -50.5 30.4566
      vertex 50.5 -50.5 3
      vertex 25.6697 -50.5 30.3832
    endloop
  endfacet
  facet normal 0 1 0
    outer loop
      vertex 25.9722 -50.5 30.5449
      vertex 50.5 -50.5 3
      vertex 25.8249 -50.5 30.4566
    endloop
  endfacet
  facet normal 0 1 0
    outer loop
      vertex 26.1102 -50.5 30.6472
      vertex 50.5 -50.5 3
      vertex 25.9722 -50.5 30.5449
    endloop
  endfacet
  facet normal 0 1 0
    outer loop
      vertex 26.2374 -50.5 30.7626
      vertex 50.5 -50.5 3
      vertex 26.1102 -50.5 30.6472
    endloop
  endfacet
  facet normal 0 1 0
    outer loop
      vertex 26.3528 -50.5 30.8898
      vertex 50.5 -50.5 3
      vertex 26.2374 -50.5 30.7626
    endloop
  endfacet
  facet normal 0 1 0
    outer loop
      vertex 26.4551 -50.5 31.0278
      vertex 50.5 -50.5 3
      vertex 26.3528 -50.5 30.8898
    endloop
  endfacet
  facet normal 0 1 -0
    outer loop
      vertex -25.3676 -50.5 35.7319
      vertex -50.5 -50.5 62
      vertex -25 -50.5 35.75
    endloop
  endfacet
  facet normal 0 1 -0
    outer loop
      vertex -25.7316 -50.5 35.6779
      vertex -50.5 -50.5 62
      vertex -25.3676 -50.5 35.7319
    endloop
  endfacet
  facet normal 0 1 -0
    outer loop
      vertex -26.0886 -50.5 35.5885
      vertex -50.5 -50.5 62
      vertex -25.7316 -50.5 35.6779
    endloop
  endfacet
  facet normal 0 1 -0
    outer loop
      vertex -26.4351 -50.5 35.4645
      vertex -50.5 -50.5 62
      vertex -26.0886 -50.5 35.5885
    endloop
  endfacet
  facet normal 0 1 -0
    outer loop
      vertex -26.7677 -50.5 35.3072
      vertex -50.5 -50.5 62
      vertex -26.4351 -50.5 35.4645
    endloop
  endfacet
  facet normal 0 1 -0
    outer loop
      vertex -27.0834 -50.5 35.118
      vertex -50.5 -50.5 62
      vertex -26.7677 -50.5 35.3072
    endloop
  endfacet
  facet normal 0 1 -0
    outer loop
      vertex -27.379 -50.5 34.8988
      vertex -50.5 -50.5 62
      vertex -27.0834 -50.5 35.118
    endloop
  endfacet
  facet normal 0 1 -0
    outer loop
      vertex -27.6516 -50.5 34.6516
      vertex -50.5 -50.5 62
      vertex -27.379 -50.5 34.8988
    endloop
  endfacet
  facet normal 0 1 -0
    outer loop
      vertex -27.8988 -50.5 34.379
      vertex -50.5 -50.5 62
      vertex -27.6516 -50.5 34.6516
    endloop
  endfacet
  facet normal 0 1 -0
    outer loop
      vertex -28.118 -50.5 34.0834
      vertex -50.5 -50.5 62
      vertex -27.8988 -50.5 34.379
    endloop
  endfacet
  facet normal 0 1 -0
    outer loop
      vertex -28.3072 -50.5 33.7677
      vertex -50.5 -50.5 62
      vertex -28.118 -50.5 34.0834
    endloop
  endfacet
  facet normal 0 1 -0
    outer loop
      vertex -28.4645 -50.5 33.4351
      vertex -50.5 -50.5 62
      vertex -28.3072 -50.5 33.7677
    endloop
  endfacet
  facet normal 0 1 -0
    outer loop
      vertex -28.5885 -50.5 33.0886
      vertex -50.5 -50.5 62
      vertex -28.4645 -50.5 33.4351
    endloop
  endfacet
  facet normal 0 1 -0
    outer loop
      vertex -28.6779 -50.5 32.7316
      vertex -50.5 -50.5 62
      vertex -28.5885 -50.5 33.0886
    endloop
  endfacet
  facet normal 0 1 -0
    outer loop
      vertex -28.7319 -50.5 32.3676
      vertex -50.5 -50.5 62
      vertex -28.6779 -50.5 32.7316
    endloop
  endfacet
  facet normal 0 1 -0
    outer loop
      vertex -28.75 -50.5 32
      vertex -50.5 -50.5 62
      vertex -28.7319 -50.5 32.3676
    endloop
  endfacet
  facet normal 0 1 0
    outer loop
      vertex -50.5 -50.5 3
      vertex -28.75 -50.5 32
      vertex -28.7319 -50.5 31.6324
    endloop
  endfacet
  facet normal 0 1 0
    outer loop
      vertex -50.5 -50.5 3
      vertex -28.7319 -50.5 31.6324
      vertex -28.6779 -50.5 31.2684
    endloop
  endfacet
  facet normal 0 1 0
    outer loop
      vertex -50.5 -50.5 3
      vertex -28.6779 -50.5 31.2684
      vertex -28.5885 -50.5 30.9114
    endloop
  endfacet
  facet normal 0 1 0
    outer loop
      vertex -50.5 -50.5 3
      vertex -28.5885 -50.5 30.9114
      vertex -28.4645 -50.5 30.5649
    endloop
  endfacet
  facet normal 0 1 0
    outer loop
      vertex -50.5 -50.5 3
      vertex -28.4645 -50.5 30.5649
      vertex -28.3072 -50.5 30.2323
    endloop
  endfacet
  facet normal 0 1 0
    outer loop
      vertex -50.5 -50.5 3
      vertex -28.3072 -50.5 30.2323
      vertex -28.118 -50.5 29.9166
    endloop
  endfacet
  facet normal 0 1 0
    outer loop
      vertex -24.6324 -50.5 28.2681
      vertex -50.5 -50.5 3
      vertex -25 -50.5 28.25
    endloop
  endfacet
  facet normal 0 1 0
    outer loop
      vertex -25 -50.5 28.25
      vertex -50.5 -50.5 3
      vertex -25.3676 -50.5 28.2681
    endloop
  endfacet
  facet normal 0 1 0
    outer loop
      vertex -25.3676 -50.5 28.2681
      vertex -50.5 -50.5 3
      vertex -25.7316 -50.5 28.3221
    endloop
  endfacet
  facet normal 0 1 0
    outer loop
      vertex -28.75 -50.5 32
      vertex -50.5 -50.5 3
      vertex -50.5 -50.5 62
    endloop
  endfacet
  facet normal 0 1 0
    outer loop
      vertex -27.8988 -50.5 29.621
      vertex -50.5 -50.5 3
      vertex -28.118 -50.5 29.9166
    endloop
  endfacet
  facet normal 0 1 0
    outer loop
      vertex -27.6516 -50.5 29.3483
      vertex -50.5 -50.5 3
      vertex -27.8988 -50.5 29.621
    endloop
  endfacet
  facet normal 0 1 0
    outer loop
      vertex -27.379 -50.5 29.1012
      vertex -50.5 -50.5 3
      vertex -27.6516 -50.5 29.3483
    endloop
  endfacet
  facet normal 0 1 0
    outer loop
      vertex -27.0834 -50.5 28.882
      vertex -50.5 -50.5 3
      vertex -27.379 -50.5 29.1012
    endloop
  endfacet
  facet normal 0 1 0
    outer loop
      vertex -26.7677 -50.5 28.6928
      vertex -50.5 -50.5 3
      vertex -27.0834 -50.5 28.882
    endloop
  endfacet
  facet normal 0 1 0
    outer loop
      vertex -26.4351 -50.5 28.5354
      vertex -50.5 -50.5 3
      vertex -26.7677 -50.5 28.6928
    endloop
  endfacet
  facet normal 0 1 0
    outer loop
      vertex -26.0886 -50.5 28.4115
      vertex -50.5 -50.5 3
      vertex -26.4351 -50.5 28.5354
    endloop
  endfacet
  facet normal 0 1 0
    outer loop
      vertex -25.7316 -50.5 28.3221
      vertex -50.5 -50.5 3
      vertex -26.0886 -50.5 28.4115
    endloop
  endfacet
  facet normal 0 1 0
    outer loop
      vertex 24.6586 -50.5 33.7164
      vertex 50.5 -50.5 62
      vertex 24.8285 -50.5 33.7416
    endloop
  endfacet
  facet normal 0 1 0
    outer loop
      vertex 24.492 -50.5 33.6746
      vertex 50.5 -50.5 62
      vertex 24.6586 -50.5 33.7164
    endloop
  endfacet
  facet normal 0 1 0
    outer loop
      vertex 24.3303 -50.5 33.6168
      vertex 50.5 -50.5 62
      vertex 24.492 -50.5 33.6746
    endloop
  endfacet
  facet normal 0 1 0
    outer loop
      vertex -22.621 -50.5 34.8988
      vertex 23.8898 -50.5 33.3528
      vertex -22.3483 -50.5 34.6516
    endloop
  endfacet
  facet normal 0 1 -0
    outer loop
      vertex 23.7626 -50.5 33.2374
      vertex -22.3483 -50.5 34.6516
      vertex 23.8898 -50.5 33.3528
    endloop
  endfacet
  facet normal 0 1 0
    outer loop
      vertex -22.3483 -50.5 34.6516
      vertex 23.7626 -50.5 33.2374
      vertex -22.1012 -50.5 34.379
    endloop
  endfacet
  facet normal 0 1 -0
    outer loop
      vertex 23.6472 -50.5 33.1102
      vertex -22.1012 -50.5 34.379
      vertex 23.7626 -50.5 33.2374
    endloop
  endfacet
  facet normal 0 1 0
    outer loop
      vertex -22.1012 -50.5 34.379
      vertex 23.6472 -50.5 33.1102
      vertex -21.882 -50.5 34.0834
    endloop
  endfacet
  facet normal 0 1 -0
    outer loop
      vertex 23.5449 -50.5 32.9722
      vertex -21.882 -50.5 34.0834
      vertex 23.6472 -50.5 33.1102
    endloop
  endfacet
  facet normal 0 1 0
    outer loop
      vertex -21.882 -50.5 34.0834
      vertex 23.5449 -50.5 32.9722
      vertex -21.6928 -50.5 33.7677
    endloop
  endfacet
  facet normal 0 1 -0
    outer loop
      vertex 23.4566 -50.5 32.8249
      vertex -21.6928 -50.5 33.7677
      vertex 23.5449 -50.5 32.9722
    endloop
  endfacet
  facet normal 0 1 0
    outer loop
      vertex -21.6928 -50.5 33.7677
      vertex 23.4566 -50.5 32.8249
      vertex -21.5354 -50.5 33.4351
    endloop
  endfacet
  facet normal 0 1 -0
    outer loop
      vertex 23.3832 -50.5 32.6697
      vertex -21.5354 -50.5 33.4351
      vertex 23.4566 -50.5 32.8249
    endloop
  endfacet
  facet normal 0 1 0
    outer loop
      vertex -21.5354 -50.5 33.4351
      vertex 23.3832 -50.5 32.6697
      vertex -21.4115 -50.5 33.0886
    endloop
  endfacet
  facet normal 0 1 -0
    outer loop
      vertex 23.3254 -50.5 32.508
      vertex -21.4115 -50.5 33.0886
      vertex 23.3832 -50.5 32.6697
    endloop
  endfacet
  facet normal 0 1 0
    outer loop
      vertex -21.4115 -50.5 33.0886
      vertex 23.3254 -50.5 32.508
      vertex -21.3221 -50.5 32.7316
    endloop
  endfacet
  facet normal 0 1 -0
    outer loop
      vertex 23.2836 -50.5 32.3414
      vertex -21.3221 -50.5 32.7316
      vertex 23.3254 -50.5 32.508
    endloop
  endfacet
  facet normal 0 1 0
    outer loop
      vertex -21.3221 -50.5 32.7316
      vertex 23.2836 -50.5 32.3414
      vertex -21.2681 -50.5 32.3676
    endloop
  endfacet
  facet normal 0 1 -0
    outer loop
      vertex 23.2584 -50.5 32.1715
      vertex -21.2681 -50.5 32.3676
      vertex 23.2836 -50.5 32.3414
    endloop
  endfacet
  facet normal 0 1 -0
    outer loop
      vertex 23.25 -50.5 32
      vertex -21.2681 -50.5 32.3676
      vertex 23.2584 -50.5 32.1715
    endloop
  endfacet
  facet normal 0 1 0
    outer loop
      vertex 23.25 -50.5 32
      vertex -21.25 -50.5 32
      vertex -21.2681 -50.5 32.3676
    endloop
  endfacet
  facet normal 0 1 0
    outer loop
      vertex 23.2584 -50.5 31.8285
      vertex -21.25 -50.5 32
      vertex 23.25 -50.5 32
    endloop
  endfacet
  facet normal 0 1 0
    outer loop
      vertex -21.2681 -50.5 31.6324
      vertex 23.2584 -50.5 31.8285
      vertex 23.2836 -50.5 31.6586
    endloop
  endfacet
  facet normal 0 1 0
    outer loop
      vertex 23.2584 -50.5 31.8285
      vertex -21.2681 -50.5 31.6324
      vertex -21.25 -50.5 32
    endloop
  endfacet
  facet normal 0 1 0
    outer loop
      vertex -21.3221 -50.5 31.2684
      vertex 23.2836 -50.5 31.6586
      vertex 23.3254 -50.5 31.492
    endloop
  endfacet
  facet normal 0 1 0
    outer loop
      vertex -21.4115 -50.5 30.9114
      vertex 23.3254 -50.5 31.492
      vertex 23.3832 -50.5 31.3303
    endloop
  endfacet
  facet normal 0 1 0
    outer loop
      vertex 23.2836 -50.5 31.6586
      vertex -21.3221 -50.5 31.2684
      vertex -21.2681 -50.5 31.6324
    endloop
  endfacet
  facet normal 0 1 0
    outer loop
      vertex -21.5354 -50.5 30.5649
      vertex 23.3832 -50.5 31.3303
      vertex 23.4566 -50.5 31.1751
    endloop
  endfacet
  facet normal 0 1 0
    outer loop
      vertex -21.6928 -50.5 30.2323
      vertex 23.4566 -50.5 31.1751
      vertex 23.5449 -50.5 31.0278
    endloop
  endfacet
  facet normal 0 1 0
    outer loop
      vertex 23.3254 -50.5 31.492
      vertex -21.4115 -50.5 30.9114
      vertex -21.3221 -50.5 31.2684
    endloop
  endfacet
  facet normal 0 1 0
    outer loop
      vertex -21.882 -50.5 29.9166
      vertex 23.5449 -50.5 31.0278
      vertex 23.6472 -50.5 30.8898
    endloop
  endfacet
  facet normal 0 1 0
    outer loop
      vertex -21.882 -50.5 29.9166
      vertex 23.6472 -50.5 30.8898
      vertex 23.7626 -50.5 30.7626
    endloop
  endfacet
  facet normal 0 1 0
    outer loop
      vertex -21.882 -50.5 29.9166
      vertex 23.7626 -50.5 30.7626
      vertex 23.8898 -50.5 30.6472
    endloop
  endfacet
  facet normal 0 1 0
    outer loop
      vertex 23.3832 -50.5 31.3303
      vertex -21.5354 -50.5 30.5649
      vertex -21.4115 -50.5 30.9114
    endloop
  endfacet
  facet normal 0 1 0
    outer loop
      vertex -21.882 -50.5 29.9166
      vertex 23.8898 -50.5 30.6472
      vertex 24.0278 -50.5 30.5449
    endloop
  endfacet
  facet normal 0 1 0
    outer loop
      vertex -21.882 -50.5 29.9166
      vertex 24.0278 -50.5 30.5449
      vertex 24.1751 -50.5 30.4566
    endloop
  endfacet
  facet normal 0 1 0
    outer loop
      vertex -21.882 -50.5 29.9166
      vertex 24.1751 -50.5 30.4566
      vertex 24.3303 -50.5 30.3832
    endloop
  endfacet
  facet normal 0 1 0
    outer loop
      vertex -21.882 -50.5 29.9166
      vertex 24.3303 -50.5 30.3832
      vertex 24.492 -50.5 30.3254
    endloop
  endfacet
  facet normal 0 1 0
    outer loop
      vertex -21.882 -50.5 29.9166
      vertex 24.492 -50.5 30.3254
      vertex 24.6586 -50.5 30.2836
    endloop
  endfacet
  facet normal 0 1 0
    outer loop
      vertex -21.882 -50.5 29.9166
      vertex 24.6586 -50.5 30.2836
      vertex 24.8285 -50.5 30.2584
    endloop
  endfacet
  facet normal 0 1 0
    outer loop
      vertex 50.5 -50.5 3
      vertex 24.8285 -50.5 30.2584
      vertex 25 -50.5 30.25
    endloop
  endfacet
  facet normal 0 1 0
    outer loop
      vertex 23.4566 -50.5 31.1751
      vertex -21.6928 -50.5 30.2323
      vertex -21.5354 -50.5 30.5649
    endloop
  endfacet
  facet normal 0 -1 0
    outer loop
      vertex 2.22 50.5 53
      vertex -50.5 50.5 62
      vertex -21.78 50.5 53
    endloop
  endfacet
  facet normal 0 -1 0
    outer loop
      vertex -50.5 50.5 62
      vertex -22.2701 50.5 52.9759
      vertex -21.78 50.5 53
    endloop
  endfacet
  facet normal 0 -1 0
    outer loop
      vertex -50.5 50.5 62
      vertex -22.7555 50.5 52.9039
      vertex -22.2701 50.5 52.9759
    endloop
  endfacet
  facet normal 0 -1 0
    outer loop
      vertex -50.5 50.5 62
      vertex -23.2314 50.5 52.7847
      vertex -22.7555 50.5 52.9039
    endloop
  endfacet
  facet normal 0 -1 0
    outer loop
      vertex -50.5 50.5 62
      vertex -23.6934 50.5 52.6194
      vertex -23.2314 50.5 52.7847
    endloop
  endfacet
  facet normal 0 -1 0
    outer loop
      vertex -50.5 50.5 62
      vertex -24.137 50.5 52.4096
      vertex -23.6934 50.5 52.6194
    endloop
  endfacet
  facet normal 0 -1 0
    outer loop
      vertex -50.5 50.5 62
      vertex -24.5578 50.5 52.1573
      vertex -24.137 50.5 52.4096
    endloop
  endfacet
  facet normal 0 -1 0
    outer loop
      vertex -50.5 50.5 62
      vertex -24.952 50.5 51.8651
      vertex -24.5578 50.5 52.1573
    endloop
  endfacet
  facet normal 0 -1 0
    outer loop
      vertex -50.5 50.5 62
      vertex -25.3155 50.5 51.5355
      vertex -24.952 50.5 51.8651
    endloop
  endfacet
  facet normal 0 -1 0
    outer loop
      vertex -50.5 50.5 62
      vertex -25.6451 50.5 51.172
      vertex -25.3155 50.5 51.5355
    endloop
  endfacet
  facet normal 0 -1 0
    outer loop
      vertex -50.5 50.5 62
      vertex -25.9373 50.5 50.7779
      vertex -25.6451 50.5 51.172
    endloop
  endfacet
  facet normal 0 -1 0
    outer loop
      vertex -50.5 50.5 62
      vertex -26.1896 50.5 50.357
      vertex -25.9373 50.5 50.7779
    endloop
  endfacet
  facet normal 0 -1 0
    outer loop
      vertex -50.5 50.5 62
      vertex -26.3994 50.5 49.9134
      vertex -26.1896 50.5 50.357
    endloop
  endfacet
  facet normal 0 -1 0
    outer loop
      vertex -50.5 50.5 62
      vertex -26.5647 50.5 49.4514
      vertex -26.3994 50.5 49.9134
    endloop
  endfacet
  facet normal 0 -1 0
    outer loop
      vertex -50.5 50.5 62
      vertex -26.6839 50.5 48.9755
      vertex -26.5647 50.5 49.4514
    endloop
  endfacet
  facet normal 0 -1 0
    outer loop
      vertex -50.5 50.5 62
      vertex -26.7559 50.5 48.4901
      vertex -26.6839 50.5 48.9755
    endloop
  endfacet
  facet normal 0 -1 0
    outer loop
      vertex -50.5 50.5 62
      vertex -26.78 50.5 48
      vertex -26.7559 50.5 48.4901
    endloop
  endfacet
  facet normal 0 -1 0
    outer loop
      vertex -50.5 50.5 62
      vertex -26.7559 50.5 47.5099
      vertex -26.78 50.5 48
    endloop
  endfacet
  facet normal 0 -1 0
    outer loop
      vertex -50.5 50.5 62
      vertex -26.6839 50.5 47.0245
      vertex -26.7559 50.5 47.5099
    endloop
  endfacet
  facet normal 0 -1 0
    outer loop
      vertex -50.5 50.5 62
      vertex -26.5647 50.5 46.5486
      vertex -26.6839 50.5 47.0245
    endloop
  endfacet
  facet normal 0 -1 0
    outer loop
      vertex -50.5 50.5 62
      vertex -26.3994 50.5 46.0866
      vertex -26.5647 50.5 46.5486
    endloop
  endfacet
  facet normal 0 -1 0
    outer loop
      vertex -50.5 50.5 62
      vertex -26.1896 50.5 45.643
      vertex -26.3994 50.5 46.0866
    endloop
  endfacet
  facet normal 0 -1 0
    outer loop
      vertex -50.5 50.5 3
      vertex -26.1896 50.5 45.643
      vertex -50.5 50.5 62
    endloop
  endfacet
  facet normal 0 -1 -0
    outer loop
      vertex -26.1896 50.5 45.643
      vertex -50.5 50.5 3
      vertex -25.9373 50.5 45.2221
    endloop
  endfacet
  facet normal 0 -1 -0
    outer loop
      vertex -25.9373 50.5 45.2221
      vertex -50.5 50.5 3
      vertex -25.6451 50.5 44.828
    endloop
  endfacet
  facet normal 0 -1 -0
    outer loop
      vertex -25.6451 50.5 44.828
      vertex -50.5 50.5 3
      vertex -25.3155 50.5 44.4645
    endloop
  endfacet
  facet normal 0 -1 -0
    outer loop
      vertex -25.3155 50.5 44.4645
      vertex -50.5 50.5 3
      vertex -24.952 50.5 44.1349
    endloop
  endfacet
  facet normal 0 -1 0
    outer loop
      vertex 20.7705 50.5 12.4166
      vertex 2.22 50.5 43
      vertex -21.78 50.5 43
    endloop
  endfacet
  facet normal 0 -1 0
    outer loop
      vertex -50.5 50.5 3
      vertex -21.78 50.5 43
      vertex -22.2701 50.5 43.0241
    endloop
  endfacet
  facet normal 0 -1 0
    outer loop
      vertex -50.5 50.5 3
      vertex -22.2701 50.5 43.0241
      vertex -22.7555 50.5 43.0961
    endloop
  endfacet
  facet normal 0 -1 0
    outer loop
      vertex -50.5 50.5 3
      vertex -22.7555 50.5 43.0961
      vertex -23.2314 50.5 43.2153
    endloop
  endfacet
  facet normal 0 -1 0
    outer loop
      vertex -50.5 50.5 3
      vertex -23.2314 50.5 43.2153
      vertex -23.6934 50.5 43.3806
    endloop
  endfacet
  facet normal 0 -1 0
    outer loop
      vertex -50.5 50.5 3
      vertex -23.6934 50.5 43.3806
      vertex -24.137 50.5 43.5904
    endloop
  endfacet
  facet normal 0 -1 0
    outer loop
      vertex 2.22 50.5 43
      vertex 24.5834 50.5 16.2295
      vertex 25 50.5 16.25
    endloop
  endfacet
  facet normal 0 -1 0
    outer loop
      vertex 2.22 50.5 43
      vertex 24.1709 50.5 16.1683
      vertex 24.5834 50.5 16.2295
    endloop
  endfacet
  facet normal 0 -1 0
    outer loop
      vertex 2.22 50.5 43
      vertex 23.7663 50.5 16.067
      vertex 24.1709 50.5 16.1683
    endloop
  endfacet
  facet normal 0 -1 0
    outer loop
      vertex 2.22 50.5 43
      vertex 23.3736 50.5 15.9265
      vertex 23.7663 50.5 16.067
    endloop
  endfacet
  facet normal 0 -1 0
    outer loop
      vertex 2.22 50.5 43
      vertex 22.9966 50.5 15.7482
      vertex 23.3736 50.5 15.9265
    endloop
  endfacet
  facet normal 0 -1 0
    outer loop
      vertex 2.22 50.5 43
      vertex 22.6388 50.5 15.5337
      vertex 22.9966 50.5 15.7482
    endloop
  endfacet
  facet normal 0 -1 0
    outer loop
      vertex -50.5 50.5 3
      vertex -24.137 50.5 43.5904
      vertex -24.5578 50.5 43.8427
    endloop
  endfacet
  facet normal 0 -1 0
    outer loop
      vertex 2.22 50.5 43
      vertex 22.3038 50.5 15.2853
      vertex 22.6388 50.5 15.5337
    endloop
  endfacet
  facet normal 0 -1 0
    outer loop
      vertex 2.22 50.5 43
      vertex 21.9948 50.5 15.0052
      vertex 22.3038 50.5 15.2853
    endloop
  endfacet
  facet normal 0 -1 0
    outer loop
      vertex 2.22 50.5 43
      vertex 21.7147 50.5 14.6962
      vertex 21.9948 50.5 15.0052
    endloop
  endfacet
  facet normal 0 -1 0
    outer loop
      vertex 2.22 50.5 43
      vertex 21.4663 50.5 14.3612
      vertex 21.7147 50.5 14.6962
    endloop
  endfacet
  facet normal 0 -1 0
    outer loop
      vertex 2.22 50.5 43
      vertex 21.2518 50.5 14.0034
      vertex 21.4663 50.5 14.3612
    endloop
  endfacet
  facet normal 0 -1 0
    outer loop
      vertex 2.22 50.5 43
      vertex 21.0735 50.5 13.6264
      vertex 21.2518 50.5 14.0034
    endloop
  endfacet
  facet normal 0 -1 0
    outer loop
      vertex 2.22 50.5 43
      vertex 20.933 50.5 13.2337
      vertex 21.0735 50.5 13.6264
    endloop
  endfacet
  facet normal 0 -1 0
    outer loop
      vertex 2.22 50.5 43
      vertex 20.8317 50.5 12.8291
      vertex 20.933 50.5 13.2337
    endloop
  endfacet
  facet normal 0 -1 0
    outer loop
      vertex 2.22 50.5 43
      vertex 20.7705 50.5 12.4166
      vertex 20.8317 50.5 12.8291
    endloop
  endfacet
  facet normal 0 -1 0
    outer loop
      vertex -21.78 50.5 43
      vertex 20.75 50.5 12
      vertex 20.7705 50.5 12.4166
    endloop
  endfacet
  facet normal 0 -1 -0
    outer loop
      vertex -24.952 50.5 44.1349
      vertex -50.5 50.5 3
      vertex -24.5578 50.5 43.8427
    endloop
  endfacet
  facet normal 0 -1 -0
    outer loop
      vertex -21.78 50.5 43
      vertex -50.5 50.5 3
      vertex 20.7705 50.5 11.5834
    endloop
  endfacet
  facet normal 0 -1 0
    outer loop
      vertex -21.78 50.5 43
      vertex 20.7705 50.5 11.5834
      vertex 20.75 50.5 12
    endloop
  endfacet
  facet normal 0 -1 -0
    outer loop
      vertex 20.7705 50.5 11.5834
      vertex -50.5 50.5 3
      vertex 20.8317 50.5 11.1709
    endloop
  endfacet
  facet normal 0 -1 -0
    outer loop
      vertex 20.8317 50.5 11.1709
      vertex -50.5 50.5 3
      vertex 20.933 50.5 10.7663
    endloop
  endfacet
  facet normal 0 -1 -0
    outer loop
      vertex 20.933 50.5 10.7663
      vertex -50.5 50.5 3
      vertex 21.0735 50.5 10.3736
    endloop
  endfacet
  facet normal 0 -1 -0
    outer loop
      vertex 21.0735 50.5 10.3736
      vertex -50.5 50.5 3
      vertex 21.2518 50.5 9.99656
    endloop
  endfacet
  facet normal 0 -1 -0
    outer loop
      vertex 21.2518 50.5 9.99656
      vertex -50.5 50.5 3
      vertex 21.4663 50.5 9.63883
    endloop
  endfacet
  facet normal 0 -1 -0
    outer loop
      vertex 21.4663 50.5 9.63883
      vertex -50.5 50.5 3
      vertex 21.7147 50.5 9.30383
    endloop
  endfacet
  facet normal 0 -1 -0
    outer loop
      vertex 21.7147 50.5 9.30383
      vertex -50.5 50.5 3
      vertex 21.9948 50.5 8.9948
    endloop
  endfacet
  facet normal 0 -1 -0
    outer loop
      vertex 21.9948 50.5 8.9948
      vertex -50.5 50.5 3
      vertex 22.3038 50.5 8.71471
    endloop
  endfacet
  facet normal 0 -1 0
    outer loop
      vertex 50.5 50.5 3
      vertex 24.5834 50.5 7.77046
      vertex -50.5 50.5 3
    endloop
  endfacet
  facet normal 0 -1 -0
    outer loop
      vertex 24.1709 50.5 7.83166
      vertex -50.5 50.5 3
      vertex 24.5834 50.5 7.77046
    endloop
  endfacet
  facet normal 0 -1 -0
    outer loop
      vertex 23.7663 50.5 7.933
      vertex -50.5 50.5 3
      vertex 24.1709 50.5 7.83166
    endloop
  endfacet
  facet normal 0 -1 -0
    outer loop
      vertex 23.3736 50.5 8.07351
      vertex -50.5 50.5 3
      vertex 23.7663 50.5 7.933
    endloop
  endfacet
  facet normal 0 -1 -0
    outer loop
      vertex 22.9966 50.5 8.25183
      vertex -50.5 50.5 3
      vertex 23.3736 50.5 8.07351
    endloop
  endfacet
  facet normal 0 -1 -0
    outer loop
      vertex 22.6388 50.5 8.46625
      vertex -50.5 50.5 3
      vertex 22.9966 50.5 8.25183
    endloop
  endfacet
  facet normal 0 -1 -0
    outer loop
      vertex 22.3038 50.5 8.71471
      vertex -50.5 50.5 3
      vertex 22.6388 50.5 8.46625
    endloop
  endfacet
  facet normal 0 -1 0
    outer loop
      vertex -50.5 50.5 62
      vertex 2.22 50.5 53
      vertex 50.5 50.5 62
    endloop
  endfacet
  facet normal 0 -1 0
    outer loop
      vertex 2.71008 50.5 52.9759
      vertex 50.5 50.5 62
      vertex 2.22 50.5 53
    endloop
  endfacet
  facet normal 0 -1 0
    outer loop
      vertex 3.19545 50.5 52.9039
      vertex 50.5 50.5 62
      vertex 2.71008 50.5 52.9759
    endloop
  endfacet
  facet normal 0 -1 0
    outer loop
      vertex 3.67142 50.5 52.7847
      vertex 50.5 50.5 62
      vertex 3.19545 50.5 52.9039
    endloop
  endfacet
  facet normal 0 -1 0
    outer loop
      vertex 4.13342 50.5 52.6194
      vertex 50.5 50.5 62
      vertex 3.67142 50.5 52.7847
    endloop
  endfacet
  facet normal 0 -1 0
    outer loop
      vertex 4.57698 50.5 52.4096
      vertex 50.5 50.5 62
      vertex 4.13342 50.5 52.6194
    endloop
  endfacet
  facet normal 0 -1 0
    outer loop
      vertex 4.99785 50.5 52.1573
      vertex 50.5 50.5 62
      vertex 4.57698 50.5 52.4096
    endloop
  endfacet
  facet normal 0 -1 0
    outer loop
      vertex 5.39197 50.5 51.8651
      vertex 50.5 50.5 62
      vertex 4.99785 50.5 52.1573
    endloop
  endfacet
  facet normal 0 -1 0
    outer loop
      vertex 5.75553 50.5 51.5355
      vertex 50.5 50.5 62
      vertex 5.39197 50.5 51.8651
    endloop
  endfacet
  facet normal 0 -1 0
    outer loop
      vertex 6.08505 50.5 51.172
      vertex 50.5 50.5 62
      vertex 5.75553 50.5 51.5355
    endloop
  endfacet
  facet normal 0 -1 0
    outer loop
      vertex 6.37735 50.5 50.7779
      vertex 50.5 50.5 62
      vertex 6.08505 50.5 51.172
    endloop
  endfacet
  facet normal 0 -1 0
    outer loop
      vertex 6.62961 50.5 50.357
      vertex 50.5 50.5 62
      vertex 6.37735 50.5 50.7779
    endloop
  endfacet
  facet normal 0 -1 0
    outer loop
      vertex 6.8394 50.5 49.9134
      vertex 50.5 50.5 62
      vertex 6.62961 50.5 50.357
    endloop
  endfacet
  facet normal 0 -1 0
    outer loop
      vertex 7.0047 50.5 49.4514
      vertex 50.5 50.5 62
      vertex 6.8394 50.5 49.9134
    endloop
  endfacet
  facet normal 0 -1 0
    outer loop
      vertex 7.12393 50.5 48.9755
      vertex 50.5 50.5 62
      vertex 7.0047 50.5 49.4514
    endloop
  endfacet
  facet normal 0 -1 0
    outer loop
      vertex 7.19592 50.5 48.4901
      vertex 50.5 50.5 62
      vertex 7.12393 50.5 48.9755
    endloop
  endfacet
  facet normal 0 -1 0
    outer loop
      vertex 7.22 50.5 48
      vertex 50.5 50.5 62
      vertex 7.19592 50.5 48.4901
    endloop
  endfacet
  facet normal 0 -1 0
    outer loop
      vertex 7.19592 50.5 47.5099
      vertex 50.5 50.5 62
      vertex 7.22 50.5 48
    endloop
  endfacet
  facet normal 0 -1 0
    outer loop
      vertex 7.12393 50.5 47.0245
      vertex 50.5 50.5 62
      vertex 7.19592 50.5 47.5099
    endloop
  endfacet
  facet normal 0 -1 0
    outer loop
      vertex 25.8291 50.5 16.1683
      vertex 7.12393 50.5 47.0245
      vertex 7.0047 50.5 46.5486
    endloop
  endfacet
  facet normal 0 -1 0
    outer loop
      vertex 25.4166 50.5 16.2295
      vertex 7.0047 50.5 46.5486
      vertex 6.8394 50.5 46.0866
    endloop
  endfacet
  facet normal 0 -1 0
    outer loop
      vertex 25 50.5 16.25
      vertex 6.8394 50.5 46.0866
      vertex 6.62961 50.5 45.643
    endloop
  endfacet
  facet normal 0 -1 0
    outer loop
      vertex 25 50.5 16.25
      vertex 6.62961 50.5 45.643
      vertex 6.37735 50.5 45.2221
    endloop
  endfacet
  facet normal 0 -1 0
    outer loop
      vertex 25 50.5 16.25
      vertex 6.37735 50.5 45.2221
      vertex 6.08505 50.5 44.828
    endloop
  endfacet
  facet normal 0 -1 0
    outer loop
      vertex 25 50.5 16.25
      vertex 6.08505 50.5 44.828
      vertex 5.75553 50.5 44.4645
    endloop
  endfacet
  facet normal 0 -1 0
    outer loop
      vertex 25 50.5 16.25
      vertex 5.75553 50.5 44.4645
      vertex 5.39197 50.5 44.1349
    endloop
  endfacet
  facet normal 0 -1 0
    outer loop
      vertex 25 50.5 16.25
      vertex 5.39197 50.5 44.1349
      vertex 4.99785 50.5 43.8427
    endloop
  endfacet
  facet normal 0 -1 0
    outer loop
      vertex 25 50.5 16.25
      vertex 4.99785 50.5 43.8427
      vertex 4.57698 50.5 43.5904
    endloop
  endfacet
  facet normal 0 -1 0
    outer loop
      vertex 25 50.5 16.25
      vertex 4.57698 50.5 43.5904
      vertex 4.13342 50.5 43.3806
    endloop
  endfacet
  facet normal 0 -1 0
    outer loop
      vertex 25 50.5 16.25
      vertex 2.71008 50.5 43.0241
      vertex 2.22 50.5 43
    endloop
  endfacet
  facet normal 0 -1 0
    outer loop
      vertex 25 50.5 16.25
      vertex 3.19545 50.5 43.0961
      vertex 2.71008 50.5 43.0241
    endloop
  endfacet
  facet normal 0 -1 0
    outer loop
      vertex 25 50.5 16.25
      vertex 3.67142 50.5 43.2153
      vertex 3.19545 50.5 43.0961
    endloop
  endfacet
  facet normal 0 -1 0
    outer loop
      vertex 25 50.5 16.25
      vertex 4.13342 50.5 43.3806
      vertex 3.67142 50.5 43.2153
    endloop
  endfacet
  facet normal 0 -1 0
    outer loop
      vertex 6.8394 50.5 46.0866
      vertex 25 50.5 16.25
      vertex 25.4166 50.5 16.2295
    endloop
  endfacet
  facet normal 0 -1 0
    outer loop
      vertex 7.0047 50.5 46.5486
      vertex 25.4166 50.5 16.2295
      vertex 25.8291 50.5 16.1683
    endloop
  endfacet
  facet normal 0 -1 0
    outer loop
      vertex 7.12393 50.5 47.0245
      vertex 25.8291 50.5 16.1683
      vertex 26.2337 50.5 16.067
    endloop
  endfacet
  facet normal 0 -1 0
    outer loop
      vertex 7.12393 50.5 47.0245
      vertex 26.2337 50.5 16.067
      vertex 50.5 50.5 62
    endloop
  endfacet
  facet normal 0 -1 0
    outer loop
      vertex 26.6264 50.5 15.9265
      vertex 50.5 50.5 62
      vertex 26.2337 50.5 16.067
    endloop
  endfacet
  facet normal 0 -1 0
    outer loop
      vertex 27.0034 50.5 15.7482
      vertex 50.5 50.5 62
      vertex 26.6264 50.5 15.9265
    endloop
  endfacet
  facet normal 0 -1 0
    outer loop
      vertex 27.3612 50.5 15.5337
      vertex 50.5 50.5 62
      vertex 27.0034 50.5 15.7482
    endloop
  endfacet
  facet normal 0 -1 0
    outer loop
      vertex 27.6962 50.5 15.2853
      vertex 50.5 50.5 62
      vertex 27.3612 50.5 15.5337
    endloop
  endfacet
  facet normal 0 -1 0
    outer loop
      vertex 28.0052 50.5 15.0052
      vertex 50.5 50.5 62
      vertex 27.6962 50.5 15.2853
    endloop
  endfacet
  facet normal 0 -1 0
    outer loop
      vertex 28.2853 50.5 14.6962
      vertex 50.5 50.5 62
      vertex 28.0052 50.5 15.0052
    endloop
  endfacet
  facet normal 0 -1 0
    outer loop
      vertex 50.5 50.5 3
      vertex 28.2853 50.5 14.6962
      vertex 28.5337 50.5 14.3612
    endloop
  endfacet
  facet normal 0 -1 0
    outer loop
      vertex 50.5 50.5 3
      vertex 28.5337 50.5 14.3612
      vertex 28.7482 50.5 14.0034
    endloop
  endfacet
  facet normal 0 -1 0
    outer loop
      vertex 50.5 50.5 3
      vertex 28.7482 50.5 14.0034
      vertex 28.9265 50.5 13.6264
    endloop
  endfacet
  facet normal 0 -1 0
    outer loop
      vertex 50.5 50.5 3
      vertex 28.9265 50.5 13.6264
      vertex 29.067 50.5 13.2337
    endloop
  endfacet
  facet normal 0 -1 0
    outer loop
      vertex 50.5 50.5 3
      vertex 29.067 50.5 13.2337
      vertex 29.1683 50.5 12.8291
    endloop
  endfacet
  facet normal 0 -1 0
    outer loop
      vertex 50.5 50.5 3
      vertex 29.1683 50.5 12.8291
      vertex 29.2295 50.5 12.4166
    endloop
  endfacet
  facet normal 0 -1 0
    outer loop
      vertex 50.5 50.5 3
      vertex 29.2295 50.5 12.4166
      vertex 29.25 50.5 12
    endloop
  endfacet
  facet normal 0 -1 0
    outer loop
      vertex 50.5 50.5 3
      vertex 29.25 50.5 12
      vertex 29.2295 50.5 11.5834
    endloop
  endfacet
  facet normal 0 -1 0
    outer loop
      vertex 50.5 50.5 3
      vertex 29.2295 50.5 11.5834
      vertex 29.1683 50.5 11.1709
    endloop
  endfacet
  facet normal 0 -1 0
    outer loop
      vertex 50.5 50.5 3
      vertex 29.1683 50.5 11.1709
      vertex 29.067 50.5 10.7663
    endloop
  endfacet
  facet normal 0 -1 0
    outer loop
      vertex 50.5 50.5 3
      vertex 29.067 50.5 10.7663
      vertex 28.9265 50.5 10.3736
    endloop
  endfacet
  facet normal 0 -1 0
    outer loop
      vertex 24.5834 50.5 7.77046
      vertex 50.5 50.5 3
      vertex 25 50.5 7.75
    endloop
  endfacet
  facet normal 0 -1 0
    outer loop
      vertex 28.2853 50.5 14.6962
      vertex 50.5 50.5 3
      vertex 50.5 50.5 62
    endloop
  endfacet
  facet normal 0 -1 0
    outer loop
      vertex 28.7482 50.5 9.99656
      vertex 50.5 50.5 3
      vertex 28.9265 50.5 10.3736
    endloop
  endfacet
  facet normal 0 -1 0
    outer loop
      vertex 28.5337 50.5 9.63883
      vertex 50.5 50.5 3
      vertex 28.7482 50.5 9.99656
    endloop
  endfacet
  facet normal 0 -1 0
    outer loop
      vertex 28.2853 50.5 9.30383
      vertex 50.5 50.5 3
      vertex 28.5337 50.5 9.63883
    endloop
  endfacet
  facet normal 0 -1 0
    outer loop
      vertex 28.0052 50.5 8.9948
      vertex 50.5 50.5 3
      vertex 28.2853 50.5 9.30383
    endloop
  endfacet
  facet normal 0 -1 0
    outer loop
      vertex 27.6962 50.5 8.71471
      vertex 50.5 50.5 3
      vertex 28.0052 50.5 8.9948
    endloop
  endfacet
  facet normal 0 -1 0
    outer loop
      vertex 27.3612 50.5 8.46625
      vertex 50.5 50.5 3
      vertex 27.6962 50.5 8.71471
    endloop
  endfacet
  facet normal 0 -1 0
    outer loop
      vertex 27.0034 50.5 8.25183
      vertex 50.5 50.5 3
      vertex 27.3612 50.5 8.46625
    endloop
  endfacet
  facet normal 0 -1 0
    outer loop
      vertex 26.6264 50.5 8.07351
      vertex 50.5 50.5 3
      vertex 27.0034 50.5 8.25183
    endloop
  endfacet
  facet normal 0 -1 0
    outer loop
      vertex 26.2337 50.5 7.933
      vertex 50.5 50.5 3
      vertex 26.6264 50.5 8.07351
    endloop
  endfacet
  facet normal 0 -1 0
    outer loop
      vertex 25.8291 50.5 7.83166
      vertex 50.5 50.5 3
      vertex 26.2337 50.5 7.933
    endloop
  endfacet
  facet normal 0 -1 0
    outer loop
      vertex 25.4166 50.5 7.77046
      vertex 50.5 50.5 3
      vertex 25.8291 50.5 7.83166
    endloop
  endfacet
  facet normal 0 -1 0
    outer loop
      vertex 25 50.5 7.75
      vertex 50.5 50.5 3
      vertex 25.4166 50.5 7.77046
    endloop
  endfacet
  facet normal 0 -0.514136 0.857709
    outer loop
      vertex 50.5 27.7779 21.8427
      vertex 53.5 27.357 21.5904
      vertex 53.5 27.7779 21.8427
    endloop
  endfacet
  facet normal 0 -0.514136 0.857709
    outer loop
      vertex 53.5 27.357 21.5904
      vertex 50.5 27.7779 21.8427
      vertex 50.5 27.357 21.5904
    endloop
  endfacet
  facet normal 0 -0.941548 -0.336879
    outer loop
      vertex 50.5 29.7847 27.4514
      vertex 53.5 29.6194 27.9134
      vertex 50.5 29.6194 27.9134
    endloop
  endfacet
  facet normal 0 -0.941548 -0.336879
    outer loop
      vertex 53.5 29.6194 27.9134
      vertex 50.5 29.7847 27.4514
      vertex 53.5 29.7847 27.4514
    endloop
  endfacet
  facet normal 0 -0.427543 -0.903995
    outer loop
      vertex 50.5 26.9134 30.6194
      vertex 53.5 27.357 30.4096
      vertex 53.5 26.9134 30.6194
    endloop
  endfacet
  facet normal -0 -0.427543 -0.903995
    outer loop
      vertex 53.5 27.357 30.4096
      vertex 50.5 26.9134 30.6194
      vertex 50.5 27.357 30.4096
    endloop
  endfacet
  facet normal -0 0.0491143 0.998793
    outer loop
      vertex 50.5 25 21
      vertex 53.5 24.5099 21.0241
      vertex 53.5 25 21
    endloop
  endfacet
  facet normal 0 0.0491143 0.998793
    outer loop
      vertex 53.5 24.5099 21.0241
      vertex 50.5 25 21
      vertex 50.5 24.5099 21.0241
    endloop
  endfacet
  facet normal 0 -0.989177 0.146726
    outer loop
      vertex 50.5 29.9039 25.0245
      vertex 53.5 29.9759 25.5099
      vertex 50.5 29.9759 25.5099
    endloop
  endfacet
  facet normal 0 -0.989177 0.146726
    outer loop
      vertex 53.5 29.9759 25.5099
      vertex 50.5 29.9039 25.0245
      vertex 53.5 29.9039 25.0245
    endloop
  endfacet
  facet normal 0 -0.80329 0.595588
    outer loop
      vertex 50.5 28.8651 22.828
      vertex 53.5 29.1573 23.2221
      vertex 50.5 29.1573 23.2221
    endloop
  endfacet
  facet normal 0 -0.80329 0.595588
    outer loop
      vertex 53.5 29.1573 23.2221
      vertex 50.5 28.8651 22.828
      vertex 53.5 28.8651 22.828
    endloop
  endfacet
  facet normal 0 -0.671719 -0.740806
    outer loop
      vertex 50.5 28.172 29.8651
      vertex 53.5 28.5355 29.5355
      vertex 53.5 28.172 29.8651
    endloop
  endfacet
  facet normal -0 -0.671719 -0.740806
    outer loop
      vertex 53.5 28.5355 29.5355
      vertex 50.5 28.172 29.8651
      vertex 50.5 28.5355 29.5355
    endloop
  endfacet
  facet normal 0 -0.989177 -0.146726
    outer loop
      vertex 50.5 29.9759 26.4901
      vertex 53.5 29.9039 26.9755
      vertex 50.5 29.9039 26.9755
    endloop
  endfacet
  facet normal 0 -0.989177 -0.146726
    outer loop
      vertex 53.5 29.9039 26.9755
      vertex 50.5 29.9759 26.4901
      vertex 53.5 29.9759 26.4901
    endloop
  endfacet
  facet normal 0 0.740806 -0.671719
    outer loop
      vertex 53.5 21.1349 29.172
      vertex 50.5 21.4645 29.5355
      vertex 53.5 21.4645 29.5355
    endloop
  endfacet
  facet normal 0 0.740806 -0.671719
    outer loop
      vertex 50.5 21.4645 29.5355
      vertex 53.5 21.1349 29.172
      vertex 50.5 21.1349 29.172
    endloop
  endfacet
  facet normal 0 -0.146726 0.989177
    outer loop
      vertex 50.5 25.9755 21.0961
      vertex 53.5 25.4901 21.0241
      vertex 53.5 25.9755 21.0961
    endloop
  endfacet
  facet normal 0 -0.146726 0.989177
    outer loop
      vertex 53.5 25.4901 21.0241
      vertex 50.5 25.9755 21.0961
      vertex 50.5 25.4901 21.0241
    endloop
  endfacet
  facet normal 0 -0.336879 0.941548
    outer loop
      vertex 50.5 26.9134 21.3806
      vertex 53.5 26.4514 21.2153
      vertex 53.5 26.9134 21.3806
    endloop
  endfacet
  facet normal 0 -0.336879 0.941548
    outer loop
      vertex 53.5 26.4514 21.2153
      vertex 50.5 26.9134 21.3806
      vertex 50.5 26.4514 21.2153
    endloop
  endfacet
  facet normal 0 -0.595588 0.80329
    outer loop
      vertex 50.5 28.172 22.1349
      vertex 53.5 27.7779 21.8427
      vertex 53.5 28.172 22.1349
    endloop
  endfacet
  facet normal 0 -0.595588 0.80329
    outer loop
      vertex 53.5 27.7779 21.8427
      vertex 50.5 28.172 22.1349
      vertex 50.5 27.7779 21.8427
    endloop
  endfacet
  facet normal 0 -0.671719 0.740806
    outer loop
      vertex 50.5 28.5355 22.4645
      vertex 53.5 28.172 22.1349
      vertex 53.5 28.5355 22.4645
    endloop
  endfacet
  facet normal 0 -0.671719 0.740806
    outer loop
      vertex 53.5 28.172 22.1349
      vertex 50.5 28.5355 22.4645
      vertex 50.5 28.172 22.1349
    endloop
  endfacet
  facet normal 0 -0.998793 0.0491143
    outer loop
      vertex 50.5 29.9759 25.5099
      vertex 53.5 30 26
      vertex 50.5 30 26
    endloop
  endfacet
  facet normal 0 -0.998793 0.0491143
    outer loop
      vertex 53.5 30 26
      vertex 50.5 29.9759 25.5099
      vertex 53.5 29.9759 25.5099
    endloop
  endfacet
  facet normal 0 -0.941548 0.336879
    outer loop
      vertex 50.5 29.6194 24.0866
      vertex 53.5 29.7847 24.5486
      vertex 50.5 29.7847 24.5486
    endloop
  endfacet
  facet normal 0 -0.941548 0.336879
    outer loop
      vertex 53.5 29.7847 24.5486
      vertex 50.5 29.6194 24.0866
      vertex 53.5 29.6194 24.0866
    endloop
  endfacet
  facet normal 0 -0.857709 0.514136
    outer loop
      vertex 50.5 29.1573 23.2221
      vertex 53.5 29.4096 23.643
      vertex 50.5 29.4096 23.643
    endloop
  endfacet
  facet normal 0 -0.857709 0.514136
    outer loop
      vertex 53.5 29.4096 23.643
      vertex 50.5 29.1573 23.2221
      vertex 53.5 29.1573 23.2221
    endloop
  endfacet
  facet normal 0 -0.740806 0.671719
    outer loop
      vertex 50.5 28.5355 22.4645
      vertex 53.5 28.8651 22.828
      vertex 50.5 28.8651 22.828
    endloop
  endfacet
  facet normal 0 -0.740806 0.671719
    outer loop
      vertex 53.5 28.8651 22.828
      vertex 50.5 28.5355 22.4645
      vertex 53.5 28.5355 22.4645
    endloop
  endfacet
  facet normal 0 -0.0491143 -0.998793
    outer loop
      vertex 50.5 25 31
      vertex 53.5 25.4901 30.9759
      vertex 53.5 25 31
    endloop
  endfacet
  facet normal -0 -0.0491143 -0.998793
    outer loop
      vertex 53.5 25.4901 30.9759
      vertex 50.5 25 31
      vertex 50.5 25.4901 30.9759
    endloop
  endfacet
  facet normal 0 -0.336879 -0.941548
    outer loop
      vertex 50.5 26.4514 30.7847
      vertex 53.5 26.9134 30.6194
      vertex 53.5 26.4514 30.7847
    endloop
  endfacet
  facet normal -0 -0.336879 -0.941548
    outer loop
      vertex 53.5 26.9134 30.6194
      vertex 50.5 26.4514 30.7847
      vertex 50.5 26.9134 30.6194
    endloop
  endfacet
  facet normal 0 -0.242967 -0.970034
    outer loop
      vertex 50.5 25.9755 30.9039
      vertex 53.5 26.4514 30.7847
      vertex 53.5 25.9755 30.9039
    endloop
  endfacet
  facet normal -0 -0.242967 -0.970034
    outer loop
      vertex 53.5 26.4514 30.7847
      vertex 50.5 25.9755 30.9039
      vertex 50.5 26.4514 30.7847
    endloop
  endfacet
  facet normal 0 -0.514136 -0.857709
    outer loop
      vertex 50.5 27.357 30.4096
      vertex 53.5 27.7779 30.1573
      vertex 53.5 27.357 30.4096
    endloop
  endfacet
  facet normal -0 -0.514136 -0.857709
    outer loop
      vertex 53.5 27.7779 30.1573
      vertex 50.5 27.357 30.4096
      vertex 50.5 27.7779 30.1573
    endloop
  endfacet
  facet normal 0 -0.595588 -0.80329
    outer loop
      vertex 50.5 27.7779 30.1573
      vertex 53.5 28.172 29.8651
      vertex 53.5 27.7779 30.1573
    endloop
  endfacet
  facet normal -0 -0.595588 -0.80329
    outer loop
      vertex 53.5 28.172 29.8651
      vertex 50.5 27.7779 30.1573
      vertex 50.5 28.172 29.8651
    endloop
  endfacet
  facet normal 0 -0.970034 -0.242967
    outer loop
      vertex 50.5 29.9039 26.9755
      vertex 53.5 29.7847 27.4514
      vertex 50.5 29.7847 27.4514
    endloop
  endfacet
  facet normal 0 -0.970034 -0.242967
    outer loop
      vertex 53.5 29.7847 27.4514
      vertex 50.5 29.9039 26.9755
      vertex 53.5 29.9039 26.9755
    endloop
  endfacet
  facet normal 0 -0.998793 -0.0491143
    outer loop
      vertex 50.5 30 26
      vertex 53.5 29.9759 26.4901
      vertex 50.5 29.9759 26.4901
    endloop
  endfacet
  facet normal 0 -0.998793 -0.0491143
    outer loop
      vertex 53.5 29.9759 26.4901
      vertex 50.5 30 26
      vertex 53.5 30 26
    endloop
  endfacet
  facet normal 0 -0.857709 -0.514136
    outer loop
      vertex 50.5 29.4096 28.357
      vertex 53.5 29.1573 28.7779
      vertex 50.5 29.1573 28.7779
    endloop
  endfacet
  facet normal 0 -0.857709 -0.514136
    outer loop
      vertex 53.5 29.1573 28.7779
      vertex 50.5 29.4096 28.357
      vertex 53.5 29.4096 28.357
    endloop
  endfacet
  facet normal 0 -0.80329 -0.595588
    outer loop
      vertex 50.5 29.1573 28.7779
      vertex 53.5 28.8651 29.172
      vertex 50.5 28.8651 29.172
    endloop
  endfacet
  facet normal 0 -0.80329 -0.595588
    outer loop
      vertex 53.5 28.8651 29.172
      vertex 50.5 29.1573 28.7779
      vertex 53.5 29.1573 28.7779
    endloop
  endfacet
  facet normal 0 -0.903995 -0.427543
    outer loop
      vertex 50.5 29.6194 27.9134
      vertex 53.5 29.4096 28.357
      vertex 50.5 29.4096 28.357
    endloop
  endfacet
  facet normal 0 -0.903995 -0.427543
    outer loop
      vertex 53.5 29.4096 28.357
      vertex 50.5 29.6194 27.9134
      vertex 53.5 29.6194 27.9134
    endloop
  endfacet
  facet normal 0 -0.740806 -0.671719
    outer loop
      vertex 50.5 28.8651 29.172
      vertex 53.5 28.5355 29.5355
      vertex 50.5 28.5355 29.5355
    endloop
  endfacet
  facet normal 0 -0.740806 -0.671719
    outer loop
      vertex 53.5 28.5355 29.5355
      vertex 50.5 28.8651 29.172
      vertex 53.5 28.8651 29.172
    endloop
  endfacet
  facet normal 0 -0.0491143 0.998793
    outer loop
      vertex 50.5 25.4901 21.0241
      vertex 53.5 25 21
      vertex 53.5 25.4901 21.0241
    endloop
  endfacet
  facet normal 0 -0.0491143 0.998793
    outer loop
      vertex 53.5 25 21
      vertex 50.5 25.4901 21.0241
      vertex 50.5 25 21
    endloop
  endfacet
  facet normal -0 0.242967 0.970034
    outer loop
      vertex 50.5 24.0245 21.0961
      vertex 53.5 23.5486 21.2153
      vertex 53.5 24.0245 21.0961
    endloop
  endfacet
  facet normal 0 0.242967 0.970034
    outer loop
      vertex 53.5 23.5486 21.2153
      vertex 50.5 24.0245 21.0961
      vertex 50.5 23.5486 21.2153
    endloop
  endfacet
  facet normal 0 0.989177 0.146726
    outer loop
      vertex 53.5 20.0961 25.0245
      vertex 50.5 20.0241 25.5099
      vertex 53.5 20.0241 25.5099
    endloop
  endfacet
  facet normal 0 0.989177 0.146726
    outer loop
      vertex 50.5 20.0241 25.5099
      vertex 53.5 20.0961 25.0245
      vertex 50.5 20.0961 25.0245
    endloop
  endfacet
  facet normal 0 -0.427543 0.903995
    outer loop
      vertex 50.5 27.357 21.5904
      vertex 53.5 26.9134 21.3806
      vertex 53.5 27.357 21.5904
    endloop
  endfacet
  facet normal 0 -0.427543 0.903995
    outer loop
      vertex 53.5 26.9134 21.3806
      vertex 50.5 27.357 21.5904
      vertex 50.5 26.9134 21.3806
    endloop
  endfacet
  facet normal 0 -0.242967 0.970034
    outer loop
      vertex 50.5 26.4514 21.2153
      vertex 53.5 25.9755 21.0961
      vertex 53.5 26.4514 21.2153
    endloop
  endfacet
  facet normal 0 -0.242967 0.970034
    outer loop
      vertex 53.5 25.9755 21.0961
      vertex 50.5 26.4514 21.2153
      vertex 50.5 25.9755 21.0961
    endloop
  endfacet
  facet normal 0 -0.970034 0.242967
    outer loop
      vertex 50.5 29.7847 24.5486
      vertex 53.5 29.9039 25.0245
      vertex 50.5 29.9039 25.0245
    endloop
  endfacet
  facet normal 0 -0.970034 0.242967
    outer loop
      vertex 53.5 29.9039 25.0245
      vertex 50.5 29.7847 24.5486
      vertex 53.5 29.7847 24.5486
    endloop
  endfacet
  facet normal 0 -0.903995 0.427543
    outer loop
      vertex 50.5 29.4096 23.643
      vertex 53.5 29.6194 24.0866
      vertex 50.5 29.6194 24.0866
    endloop
  endfacet
  facet normal 0 -0.903995 0.427543
    outer loop
      vertex 53.5 29.6194 24.0866
      vertex 50.5 29.4096 23.643
      vertex 53.5 29.4096 23.643
    endloop
  endfacet
  facet normal 0 -0.146726 -0.989177
    outer loop
      vertex 50.5 25.4901 30.9759
      vertex 53.5 25.9755 30.9039
      vertex 53.5 25.4901 30.9759
    endloop
  endfacet
  facet normal -0 -0.146726 -0.989177
    outer loop
      vertex 53.5 25.9755 30.9039
      vertex 50.5 25.4901 30.9759
      vertex 50.5 25.9755 30.9039
    endloop
  endfacet
  facet normal -0 0.146726 0.989177
    outer loop
      vertex 50.5 24.5099 21.0241
      vertex 53.5 24.0245 21.0961
      vertex 53.5 24.5099 21.0241
    endloop
  endfacet
  facet normal 0 0.146726 0.989177
    outer loop
      vertex 53.5 24.0245 21.0961
      vertex 50.5 24.5099 21.0241
      vertex 50.5 24.0245 21.0961
    endloop
  endfacet
  facet normal -0 0.671719 0.740806
    outer loop
      vertex 50.5 21.828 22.1349
      vertex 53.5 21.4645 22.4645
      vertex 53.5 21.828 22.1349
    endloop
  endfacet
  facet normal 0 0.671719 0.740806
    outer loop
      vertex 53.5 21.4645 22.4645
      vertex 50.5 21.828 22.1349
      vertex 50.5 21.4645 22.4645
    endloop
  endfacet
  facet normal -0 0.514136 0.857709
    outer loop
      vertex 50.5 22.643 21.5904
      vertex 53.5 22.2221 21.8427
      vertex 53.5 22.643 21.5904
    endloop
  endfacet
  facet normal 0 0.514136 0.857709
    outer loop
      vertex 53.5 22.2221 21.8427
      vertex 50.5 22.643 21.5904
      vertex 50.5 22.2221 21.8427
    endloop
  endfacet
  facet normal -0 0.427543 0.903995
    outer loop
      vertex 50.5 23.0866 21.3806
      vertex 53.5 22.643 21.5904
      vertex 53.5 23.0866 21.3806
    endloop
  endfacet
  facet normal 0 0.427543 0.903995
    outer loop
      vertex 53.5 22.643 21.5904
      vertex 50.5 23.0866 21.3806
      vertex 50.5 22.643 21.5904
    endloop
  endfacet
  facet normal 0 0.941548 -0.336879
    outer loop
      vertex 53.5 20.2153 27.4514
      vertex 50.5 20.3806 27.9134
      vertex 53.5 20.3806 27.9134
    endloop
  endfacet
  facet normal 0 0.941548 -0.336879
    outer loop
      vertex 50.5 20.3806 27.9134
      vertex 53.5 20.2153 27.4514
      vertex 50.5 20.2153 27.4514
    endloop
  endfacet
  facet normal 0 0.998793 0.0491143
    outer loop
      vertex 53.5 20.0241 25.5099
      vertex 50.5 20 26
      vertex 53.5 20 26
    endloop
  endfacet
  facet normal 0 0.998793 0.0491143
    outer loop
      vertex 50.5 20 26
      vertex 53.5 20.0241 25.5099
      vertex 50.5 20.0241 25.5099
    endloop
  endfacet
  facet normal 0 0.336879 -0.941548
    outer loop
      vertex 50.5 23.0866 30.6194
      vertex 53.5 23.5486 30.7847
      vertex 53.5 23.0866 30.6194
    endloop
  endfacet
  facet normal 0 0.336879 -0.941548
    outer loop
      vertex 53.5 23.5486 30.7847
      vertex 50.5 23.0866 30.6194
      vertex 50.5 23.5486 30.7847
    endloop
  endfacet
  facet normal 0 0.671719 -0.740806
    outer loop
      vertex 50.5 21.4645 29.5355
      vertex 53.5 21.828 29.8651
      vertex 53.5 21.4645 29.5355
    endloop
  endfacet
  facet normal 0 0.671719 -0.740806
    outer loop
      vertex 53.5 21.828 29.8651
      vertex 50.5 21.4645 29.5355
      vertex 50.5 21.828 29.8651
    endloop
  endfacet
  facet normal 0 0.941548 0.336879
    outer loop
      vertex 53.5 20.3806 24.0866
      vertex 50.5 20.2153 24.5486
      vertex 53.5 20.2153 24.5486
    endloop
  endfacet
  facet normal 0 0.941548 0.336879
    outer loop
      vertex 50.5 20.2153 24.5486
      vertex 53.5 20.3806 24.0866
      vertex 50.5 20.3806 24.0866
    endloop
  endfacet
  facet normal 0 0.970034 0.242967
    outer loop
      vertex 53.5 20.2153 24.5486
      vertex 50.5 20.0961 25.0245
      vertex 53.5 20.0961 25.0245
    endloop
  endfacet
  facet normal 0 0.970034 0.242967
    outer loop
      vertex 50.5 20.0961 25.0245
      vertex 53.5 20.2153 24.5486
      vertex 50.5 20.2153 24.5486
    endloop
  endfacet
  facet normal 0 0.903995 0.427543
    outer loop
      vertex 53.5 20.5904 23.643
      vertex 50.5 20.3806 24.0866
      vertex 53.5 20.3806 24.0866
    endloop
  endfacet
  facet normal 0 0.903995 0.427543
    outer loop
      vertex 50.5 20.3806 24.0866
      vertex 53.5 20.5904 23.643
      vertex 50.5 20.5904 23.643
    endloop
  endfacet
  facet normal 0 0.740806 0.671719
    outer loop
      vertex 53.5 21.4645 22.4645
      vertex 50.5 21.1349 22.828
      vertex 53.5 21.1349 22.828
    endloop
  endfacet
  facet normal 0 0.740806 0.671719
    outer loop
      vertex 50.5 21.1349 22.828
      vertex 53.5 21.4645 22.4645
      vertex 50.5 21.4645 22.4645
    endloop
  endfacet
  facet normal 0 0.80329 0.595588
    outer loop
      vertex 53.5 21.1349 22.828
      vertex 50.5 20.8427 23.2221
      vertex 53.5 20.8427 23.2221
    endloop
  endfacet
  facet normal 0 0.80329 0.595588
    outer loop
      vertex 50.5 20.8427 23.2221
      vertex 53.5 21.1349 22.828
      vertex 50.5 21.1349 22.828
    endloop
  endfacet
  facet normal 0 0.857709 0.514136
    outer loop
      vertex 53.5 20.8427 23.2221
      vertex 50.5 20.5904 23.643
      vertex 53.5 20.5904 23.643
    endloop
  endfacet
  facet normal 0 0.857709 0.514136
    outer loop
      vertex 50.5 20.5904 23.643
      vertex 53.5 20.8427 23.2221
      vertex 50.5 20.8427 23.2221
    endloop
  endfacet
  facet normal -0 0.595588 0.80329
    outer loop
      vertex 50.5 22.2221 21.8427
      vertex 53.5 21.828 22.1349
      vertex 53.5 22.2221 21.8427
    endloop
  endfacet
  facet normal 0 0.595588 0.80329
    outer loop
      vertex 53.5 21.828 22.1349
      vertex 50.5 22.2221 21.8427
      vertex 50.5 21.828 22.1349
    endloop
  endfacet
  facet normal -0 0.336879 0.941548
    outer loop
      vertex 50.5 23.5486 21.2153
      vertex 53.5 23.0866 21.3806
      vertex 53.5 23.5486 21.2153
    endloop
  endfacet
  facet normal 0 0.336879 0.941548
    outer loop
      vertex 53.5 23.0866 21.3806
      vertex 50.5 23.5486 21.2153
      vertex 50.5 23.0866 21.3806
    endloop
  endfacet
  facet normal 0 0.80329 -0.595588
    outer loop
      vertex 53.5 20.8427 28.7779
      vertex 50.5 21.1349 29.172
      vertex 53.5 21.1349 29.172
    endloop
  endfacet
  facet normal 0 0.80329 -0.595588
    outer loop
      vertex 50.5 21.1349 29.172
      vertex 53.5 20.8427 28.7779
      vertex 50.5 20.8427 28.7779
    endloop
  endfacet
  facet normal 0 0.998793 -0.0491143
    outer loop
      vertex 53.5 20 26
      vertex 50.5 20.0241 26.4901
      vertex 53.5 20.0241 26.4901
    endloop
  endfacet
  facet normal 0 0.998793 -0.0491143
    outer loop
      vertex 50.5 20.0241 26.4901
      vertex 53.5 20 26
      vertex 50.5 20 26
    endloop
  endfacet
  facet normal 0 0.970034 -0.242967
    outer loop
      vertex 53.5 20.0961 26.9755
      vertex 50.5 20.2153 27.4514
      vertex 53.5 20.2153 27.4514
    endloop
  endfacet
  facet normal 0 0.970034 -0.242967
    outer loop
      vertex 50.5 20.2153 27.4514
      vertex 53.5 20.0961 26.9755
      vertex 50.5 20.0961 26.9755
    endloop
  endfacet
  facet normal 0 0.989177 -0.146726
    outer loop
      vertex 53.5 20.0241 26.4901
      vertex 50.5 20.0961 26.9755
      vertex 53.5 20.0961 26.9755
    endloop
  endfacet
  facet normal 0 0.989177 -0.146726
    outer loop
      vertex 50.5 20.0961 26.9755
      vertex 53.5 20.0241 26.4901
      vertex 50.5 20.0241 26.4901
    endloop
  endfacet
  facet normal 0 0.146726 -0.989177
    outer loop
      vertex 50.5 24.0245 30.9039
      vertex 53.5 24.5099 30.9759
      vertex 53.5 24.0245 30.9039
    endloop
  endfacet
  facet normal 0 0.146726 -0.989177
    outer loop
      vertex 53.5 24.5099 30.9759
      vertex 50.5 24.0245 30.9039
      vertex 50.5 24.5099 30.9759
    endloop
  endfacet
  facet normal 0 0.0491143 -0.998793
    outer loop
      vertex 50.5 24.5099 30.9759
      vertex 53.5 25 31
      vertex 53.5 24.5099 30.9759
    endloop
  endfacet
  facet normal 0 0.0491143 -0.998793
    outer loop
      vertex 53.5 25 31
      vertex 50.5 24.5099 30.9759
      vertex 50.5 25 31
    endloop
  endfacet
  facet normal 0 0.242967 -0.970034
    outer loop
      vertex 50.5 23.5486 30.7847
      vertex 53.5 24.0245 30.9039
      vertex 53.5 23.5486 30.7847
    endloop
  endfacet
  facet normal 0 0.242967 -0.970034
    outer loop
      vertex 53.5 24.0245 30.9039
      vertex 50.5 23.5486 30.7847
      vertex 50.5 24.0245 30.9039
    endloop
  endfacet
  facet normal 0 0.514136 -0.857709
    outer loop
      vertex 50.5 22.2221 30.1573
      vertex 53.5 22.643 30.4096
      vertex 53.5 22.2221 30.1573
    endloop
  endfacet
  facet normal 0 0.514136 -0.857709
    outer loop
      vertex 53.5 22.643 30.4096
      vertex 50.5 22.2221 30.1573
      vertex 50.5 22.643 30.4096
    endloop
  endfacet
  facet normal 0 0.427543 -0.903995
    outer loop
      vertex 50.5 22.643 30.4096
      vertex 53.5 23.0866 30.6194
      vertex 53.5 22.643 30.4096
    endloop
  endfacet
  facet normal 0 0.427543 -0.903995
    outer loop
      vertex 53.5 23.0866 30.6194
      vertex 50.5 22.643 30.4096
      vertex 50.5 23.0866 30.6194
    endloop
  endfacet
  facet normal 0 0.595588 -0.80329
    outer loop
      vertex 50.5 21.828 29.8651
      vertex 53.5 22.2221 30.1573
      vertex 53.5 21.828 29.8651
    endloop
  endfacet
  facet normal 0 0.595588 -0.80329
    outer loop
      vertex 53.5 22.2221 30.1573
      vertex 50.5 21.828 29.8651
      vertex 50.5 22.2221 30.1573
    endloop
  endfacet
  facet normal 0 0.903995 -0.427543
    outer loop
      vertex 53.5 20.3806 27.9134
      vertex 50.5 20.5904 28.357
      vertex 53.5 20.5904 28.357
    endloop
  endfacet
  facet normal 0 0.903995 -0.427543
    outer loop
      vertex 50.5 20.5904 28.357
      vertex 53.5 20.3806 27.9134
      vertex 50.5 20.3806 27.9134
    endloop
  endfacet
  facet normal 0 0.857709 -0.514136
    outer loop
      vertex 53.5 20.5904 28.357
      vertex 50.5 20.8427 28.7779
      vertex 53.5 20.8427 28.7779
    endloop
  endfacet
  facet normal 0 0.857709 -0.514136
    outer loop
      vertex 50.5 20.8427 28.7779
      vertex 53.5 20.5904 28.357
      vertex 50.5 20.5904 28.357
    endloop
  endfacet
  facet normal 0 -0.514136 0.857709
    outer loop
      vertex 50.5 42.7779 33.8427
      vertex 53.5 42.357 33.5904
      vertex 53.5 42.7779 33.8427
    endloop
  endfacet
  facet normal 0 -0.514136 0.857709
    outer loop
      vertex 53.5 42.357 33.5904
      vertex 50.5 42.7779 33.8427
      vertex 50.5 42.357 33.5904
    endloop
  endfacet
  facet normal 0 -0.941548 -0.336879
    outer loop
      vertex 50.5 44.7847 39.4514
      vertex 53.5 44.6194 39.9134
      vertex 50.5 44.6194 39.9134
    endloop
  endfacet
  facet normal 0 -0.941548 -0.336879
    outer loop
      vertex 53.5 44.6194 39.9134
      vertex 50.5 44.7847 39.4514
      vertex 53.5 44.7847 39.4514
    endloop
  endfacet
  facet normal 0 -0.427543 -0.903995
    outer loop
      vertex 50.5 41.9134 42.6194
      vertex 53.5 42.357 42.4096
      vertex 53.5 41.9134 42.6194
    endloop
  endfacet
  facet normal -0 -0.427543 -0.903995
    outer loop
      vertex 53.5 42.357 42.4096
      vertex 50.5 41.9134 42.6194
      vertex 50.5 42.357 42.4096
    endloop
  endfacet
  facet normal 0 -0.903995 0.427543
    outer loop
      vertex 50.5 44.4096 35.643
      vertex 53.5 44.6194 36.0866
      vertex 50.5 44.6194 36.0866
    endloop
  endfacet
  facet normal 0 -0.903995 0.427543
    outer loop
      vertex 53.5 44.6194 36.0866
      vertex 50.5 44.4096 35.643
      vertex 53.5 44.4096 35.643
    endloop
  endfacet
  facet normal 0 -0.80329 -0.595588
    outer loop
      vertex 50.5 44.1573 40.7779
      vertex 53.5 43.8651 41.172
      vertex 50.5 43.8651 41.172
    endloop
  endfacet
  facet normal 0 -0.80329 -0.595588
    outer loop
      vertex 53.5 43.8651 41.172
      vertex 50.5 44.1573 40.7779
      vertex 53.5 44.1573 40.7779
    endloop
  endfacet
  facet normal -0 0.242967 0.970034
    outer loop
      vertex 50.5 39.0245 33.0961
      vertex 53.5 38.5486 33.2153
      vertex 53.5 39.0245 33.0961
    endloop
  endfacet
  facet normal 0 0.242967 0.970034
    outer loop
      vertex 53.5 38.5486 33.2153
      vertex 50.5 39.0245 33.0961
      vertex 50.5 38.5486 33.2153
    endloop
  endfacet
  facet normal 0 0.146726 -0.989177
    outer loop
      vertex 50.5 39.0245 42.9039
      vertex 53.5 39.5099 42.9759
      vertex 53.5 39.0245 42.9039
    endloop
  endfacet
  facet normal 0 0.146726 -0.989177
    outer loop
      vertex 53.5 39.5099 42.9759
      vertex 50.5 39.0245 42.9039
      vertex 50.5 39.5099 42.9759
    endloop
  endfacet
  facet normal 0 0.970034 0.242967
    outer loop
      vertex 53.5 35.2153 36.5486
      vertex 50.5 35.0961 37.0245
      vertex 53.5 35.0961 37.0245
    endloop
  endfacet
  facet normal 0 0.970034 0.242967
    outer loop
      vertex 50.5 35.0961 37.0245
      vertex 53.5 35.2153 36.5486
      vertex 50.5 35.2153 36.5486
    endloop
  endfacet
  facet normal 0 -0.146726 0.989177
    outer loop
      vertex 50.5 40.9755 33.0961
      vertex 53.5 40.4901 33.0241
      vertex 53.5 40.9755 33.0961
    endloop
  endfacet
  facet normal 0 -0.146726 0.989177
    outer loop
      vertex 53.5 40.4901 33.0241
      vertex 50.5 40.9755 33.0961
      vertex 50.5 40.4901 33.0241
    endloop
  endfacet
  facet normal 0 -0.336879 0.941548
    outer loop
      vertex 50.5 41.9134 33.3806
      vertex 53.5 41.4514 33.2153
      vertex 53.5 41.9134 33.3806
    endloop
  endfacet
  facet normal 0 -0.336879 0.941548
    outer loop
      vertex 53.5 41.4514 33.2153
      vertex 50.5 41.9134 33.3806
      vertex 50.5 41.4514 33.2153
    endloop
  endfacet
  facet normal 0 -0.595588 0.80329
    outer loop
      vertex 50.5 43.172 34.1349
      vertex 53.5 42.7779 33.8427
      vertex 53.5 43.172 34.1349
    endloop
  endfacet
  facet normal 0 -0.595588 0.80329
    outer loop
      vertex 53.5 42.7779 33.8427
      vertex 50.5 43.172 34.1349
      vertex 50.5 42.7779 33.8427
    endloop
  endfacet
  facet normal 0 -0.671719 0.740806
    outer loop
      vertex 50.5 43.5355 34.4645
      vertex 53.5 43.172 34.1349
      vertex 53.5 43.5355 34.4645
    endloop
  endfacet
  facet normal 0 -0.671719 0.740806
    outer loop
      vertex 53.5 43.172 34.1349
      vertex 50.5 43.5355 34.4645
      vertex 50.5 43.172 34.1349
    endloop
  endfacet
  facet normal 0 -0.989177 0.146726
    outer loop
      vertex 50.5 44.9039 37.0245
      vertex 53.5 44.9759 37.5099
      vertex 50.5 44.9759 37.5099
    endloop
  endfacet
  facet normal 0 -0.989177 0.146726
    outer loop
      vertex 53.5 44.9759 37.5099
      vertex 50.5 44.9039 37.0245
      vertex 53.5 44.9039 37.0245
    endloop
  endfacet
  facet normal 0 -0.941548 0.336879
    outer loop
      vertex 50.5 44.6194 36.0866
      vertex 53.5 44.7847 36.5486
      vertex 50.5 44.7847 36.5486
    endloop
  endfacet
  facet normal 0 -0.941548 0.336879
    outer loop
      vertex 53.5 44.7847 36.5486
      vertex 50.5 44.6194 36.0866
      vertex 53.5 44.6194 36.0866
    endloop
  endfacet
  facet normal 0 -0.970034 0.242967
    outer loop
      vertex 50.5 44.7847 36.5486
      vertex 53.5 44.9039 37.0245
      vertex 50.5 44.9039 37.0245
    endloop
  endfacet
  facet normal 0 -0.970034 0.242967
    outer loop
      vertex 53.5 44.9039 37.0245
      vertex 50.5 44.7847 36.5486
      vertex 53.5 44.7847 36.5486
    endloop
  endfacet
  facet normal 0 -0.740806 0.671719
    outer loop
      vertex 50.5 43.5355 34.4645
      vertex 53.5 43.8651 34.828
      vertex 50.5 43.8651 34.828
    endloop
  endfacet
  facet normal 0 -0.740806 0.671719
    outer loop
      vertex 53.5 43.8651 34.828
      vertex 50.5 43.5355 34.4645
      vertex 53.5 43.5355 34.4645
    endloop
  endfacet
  facet normal 0 -0.857709 0.514136
    outer loop
      vertex 50.5 44.1573 35.2221
      vertex 53.5 44.4096 35.643
      vertex 50.5 44.4096 35.643
    endloop
  endfacet
  facet normal 0 -0.857709 0.514136
    outer loop
      vertex 53.5 44.4096 35.643
      vertex 50.5 44.1573 35.2221
      vertex 53.5 44.1573 35.2221
    endloop
  endfacet
  facet normal 0 -0.80329 0.595588
    outer loop
      vertex 50.5 43.8651 34.828
      vertex 53.5 44.1573 35.2221
      vertex 50.5 44.1573 35.2221
    endloop
  endfacet
  facet normal 0 -0.80329 0.595588
    outer loop
      vertex 53.5 44.1573 35.2221
      vertex 50.5 43.8651 34.828
      vertex 53.5 43.8651 34.828
    endloop
  endfacet
  facet normal 0 -0.0491143 -0.998793
    outer loop
      vertex 50.5 40 43
      vertex 53.5 40.4901 42.9759
      vertex 53.5 40 43
    endloop
  endfacet
  facet normal -0 -0.0491143 -0.998793
    outer loop
      vertex 53.5 40.4901 42.9759
      vertex 50.5 40 43
      vertex 50.5 40.4901 42.9759
    endloop
  endfacet
  facet normal 0 -0.242967 -0.970034
    outer loop
      vertex 50.5 40.9755 42.9039
      vertex 53.5 41.4514 42.7847
      vertex 53.5 40.9755 42.9039
    endloop
  endfacet
  facet normal -0 -0.242967 -0.970034
    outer loop
      vertex 53.5 41.4514 42.7847
      vertex 50.5 40.9755 42.9039
      vertex 50.5 41.4514 42.7847
    endloop
  endfacet
  facet normal 0 -0.671719 -0.740806
    outer loop
      vertex 50.5 43.172 41.8651
      vertex 53.5 43.5355 41.5355
      vertex 53.5 43.172 41.8651
    endloop
  endfacet
  facet normal -0 -0.671719 -0.740806
    outer loop
      vertex 53.5 43.5355 41.5355
      vertex 50.5 43.172 41.8651
      vertex 50.5 43.5355 41.5355
    endloop
  endfacet
  facet normal 0 -0.595588 -0.80329
    outer loop
      vertex 50.5 42.7779 42.1573
      vertex 53.5 43.172 41.8651
      vertex 53.5 42.7779 42.1573
    endloop
  endfacet
  facet normal -0 -0.595588 -0.80329
    outer loop
      vertex 53.5 43.172 41.8651
      vertex 50.5 42.7779 42.1573
      vertex 50.5 43.172 41.8651
    endloop
  endfacet
  facet normal 0 -0.998793 -0.0491143
    outer loop
      vertex 50.5 45 38
      vertex 53.5 44.9759 38.4901
      vertex 50.5 44.9759 38.4901
    endloop
  endfacet
  facet normal 0 -0.998793 -0.0491143
    outer loop
      vertex 53.5 44.9759 38.4901
      vertex 50.5 45 38
      vertex 53.5 45 38
    endloop
  endfacet
  facet normal 0 -0.989177 -0.146726
    outer loop
      vertex 50.5 44.9759 38.4901
      vertex 53.5 44.9039 38.9755
      vertex 50.5 44.9039 38.9755
    endloop
  endfacet
  facet normal 0 -0.989177 -0.146726
    outer loop
      vertex 53.5 44.9039 38.9755
      vertex 50.5 44.9759 38.4901
      vertex 53.5 44.9759 38.4901
    endloop
  endfacet
  facet normal 0 -0.903995 -0.427543
    outer loop
      vertex 50.5 44.6194 39.9134
      vertex 53.5 44.4096 40.357
      vertex 50.5 44.4096 40.357
    endloop
  endfacet
  facet normal 0 -0.903995 -0.427543
    outer loop
      vertex 53.5 44.4096 40.357
      vertex 50.5 44.6194 39.9134
      vertex 53.5 44.6194 39.9134
    endloop
  endfacet
  facet normal 0 -0.857709 -0.514136
    outer loop
      vertex 50.5 44.4096 40.357
      vertex 53.5 44.1573 40.7779
      vertex 50.5 44.1573 40.7779
    endloop
  endfacet
  facet normal 0 -0.857709 -0.514136
    outer loop
      vertex 53.5 44.1573 40.7779
      vertex 50.5 44.4096 40.357
      vertex 53.5 44.4096 40.357
    endloop
  endfacet
  facet normal 0 -0.740806 -0.671719
    outer loop
      vertex 50.5 43.8651 41.172
      vertex 53.5 43.5355 41.5355
      vertex 50.5 43.5355 41.5355
    endloop
  endfacet
  facet normal 0 -0.740806 -0.671719
    outer loop
      vertex 53.5 43.5355 41.5355
      vertex 50.5 43.8651 41.172
      vertex 53.5 43.8651 41.172
    endloop
  endfacet
  facet normal 0 -0.0491143 0.998793
    outer loop
      vertex 50.5 40.4901 33.0241
      vertex 53.5 40 33
      vertex 53.5 40.4901 33.0241
    endloop
  endfacet
  facet normal 0 -0.0491143 0.998793
    outer loop
      vertex 53.5 40 33
      vertex 50.5 40.4901 33.0241
      vertex 50.5 40 33
    endloop
  endfacet
  facet normal -0 0.514136 0.857709
    outer loop
      vertex 50.5 37.643 33.5904
      vertex 53.5 37.2221 33.8427
      vertex 53.5 37.643 33.5904
    endloop
  endfacet
  facet normal 0 0.514136 0.857709
    outer loop
      vertex 53.5 37.2221 33.8427
      vertex 50.5 37.643 33.5904
      vertex 50.5 37.2221 33.8427
    endloop
  endfacet
  facet normal 0 0.989177 0.146726
    outer loop
      vertex 53.5 35.0961 37.0245
      vertex 50.5 35.0241 37.5099
      vertex 53.5 35.0241 37.5099
    endloop
  endfacet
  facet normal 0 0.989177 0.146726
    outer loop
      vertex 50.5 35.0241 37.5099
      vertex 53.5 35.0961 37.0245
      vertex 50.5 35.0961 37.0245
    endloop
  endfacet
  facet normal 0 -0.427543 0.903995
    outer loop
      vertex 50.5 42.357 33.5904
      vertex 53.5 41.9134 33.3806
      vertex 53.5 42.357 33.5904
    endloop
  endfacet
  facet normal 0 -0.427543 0.903995
    outer loop
      vertex 53.5 41.9134 33.3806
      vertex 50.5 42.357 33.5904
      vertex 50.5 41.9134 33.3806
    endloop
  endfacet
  facet normal 0 -0.242967 0.970034
    outer loop
      vertex 50.5 41.4514 33.2153
      vertex 53.5 40.9755 33.0961
      vertex 53.5 41.4514 33.2153
    endloop
  endfacet
  facet normal 0 -0.242967 0.970034
    outer loop
      vertex 53.5 40.9755 33.0961
      vertex 50.5 41.4514 33.2153
      vertex 50.5 40.9755 33.0961
    endloop
  endfacet
  facet normal 0 -0.998793 0.0491143
    outer loop
      vertex 50.5 44.9759 37.5099
      vertex 53.5 45 38
      vertex 50.5 45 38
    endloop
  endfacet
  facet normal 0 -0.998793 0.0491143
    outer loop
      vertex 53.5 45 38
      vertex 50.5 44.9759 37.5099
      vertex 53.5 44.9759 37.5099
    endloop
  endfacet
  facet normal 0 -0.146726 -0.989177
    outer loop
      vertex 50.5 40.4901 42.9759
      vertex 53.5 40.9755 42.9039
      vertex 53.5 40.4901 42.9759
    endloop
  endfacet
  facet normal -0 -0.146726 -0.989177
    outer loop
      vertex 53.5 40.9755 42.9039
      vertex 50.5 40.4901 42.9759
      vertex 50.5 40.9755 42.9039
    endloop
  endfacet
  facet normal 0 -0.336879 -0.941548
    outer loop
      vertex 50.5 41.4514 42.7847
      vertex 53.5 41.9134 42.6194
      vertex 53.5 41.4514 42.7847
    endloop
  endfacet
  facet normal -0 -0.336879 -0.941548
    outer loop
      vertex 53.5 41.9134 42.6194
      vertex 50.5 41.4514 42.7847
      vertex 50.5 41.9134 42.6194
    endloop
  endfacet
  facet normal 0 -0.514136 -0.857709
    outer loop
      vertex 50.5 42.357 42.4096
      vertex 53.5 42.7779 42.1573
      vertex 53.5 42.357 42.4096
    endloop
  endfacet
  facet normal -0 -0.514136 -0.857709
    outer loop
      vertex 53.5 42.7779 42.1573
      vertex 50.5 42.357 42.4096
      vertex 50.5 42.7779 42.1573
    endloop
  endfacet
  facet normal 0 -0.970034 -0.242967
    outer loop
      vertex 50.5 44.9039 38.9755
      vertex 53.5 44.7847 39.4514
      vertex 50.5 44.7847 39.4514
    endloop
  endfacet
  facet normal 0 -0.970034 -0.242967
    outer loop
      vertex 53.5 44.7847 39.4514
      vertex 50.5 44.9039 38.9755
      vertex 53.5 44.9039 38.9755
    endloop
  endfacet
  facet normal -0 0.146726 0.989177
    outer loop
      vertex 50.5 39.5099 33.0241
      vertex 53.5 39.0245 33.0961
      vertex 53.5 39.5099 33.0241
    endloop
  endfacet
  facet normal 0 0.146726 0.989177
    outer loop
      vertex 53.5 39.0245 33.0961
      vertex 50.5 39.5099 33.0241
      vertex 50.5 39.0245 33.0961
    endloop
  endfacet
  facet normal -0 0.0491143 0.998793
    outer loop
      vertex 50.5 40 33
      vertex 53.5 39.5099 33.0241
      vertex 53.5 40 33
    endloop
  endfacet
  facet normal 0 0.0491143 0.998793
    outer loop
      vertex 53.5 39.5099 33.0241
      vertex 50.5 40 33
      vertex 50.5 39.5099 33.0241
    endloop
  endfacet
  facet normal -0 0.336879 0.941548
    outer loop
      vertex 50.5 38.5486 33.2153
      vertex 53.5 38.0866 33.3806
      vertex 53.5 38.5486 33.2153
    endloop
  endfacet
  facet normal 0 0.336879 0.941548
    outer loop
      vertex 53.5 38.0866 33.3806
      vertex 50.5 38.5486 33.2153
      vertex 50.5 38.0866 33.3806
    endloop
  endfacet
  facet normal 0 0.857709 0.514136
    outer loop
      vertex 53.5 35.8427 35.2221
      vertex 50.5 35.5904 35.643
      vertex 53.5 35.5904 35.643
    endloop
  endfacet
  facet normal 0 0.857709 0.514136
    outer loop
      vertex 50.5 35.5904 35.643
      vertex 53.5 35.8427 35.2221
      vertex 50.5 35.8427 35.2221
    endloop
  endfacet
  facet normal -0 0.671719 0.740806
    outer loop
      vertex 50.5 36.828 34.1349
      vertex 53.5 36.4645 34.4645
      vertex 53.5 36.828 34.1349
    endloop
  endfacet
  facet normal 0 0.671719 0.740806
    outer loop
      vertex 53.5 36.4645 34.4645
      vertex 50.5 36.828 34.1349
      vertex 50.5 36.4645 34.4645
    endloop
  endfacet
  facet normal -0 0.427543 0.903995
    outer loop
      vertex 50.5 38.0866 33.3806
      vertex 53.5 37.643 33.5904
      vertex 53.5 38.0866 33.3806
    endloop
  endfacet
  facet normal 0 0.427543 0.903995
    outer loop
      vertex 53.5 37.643 33.5904
      vertex 50.5 38.0866 33.3806
      vertex 50.5 37.643 33.5904
    endloop
  endfacet
  facet normal 0 0.941548 -0.336879
    outer loop
      vertex 53.5 35.2153 39.4514
      vertex 50.5 35.3806 39.9134
      vertex 53.5 35.3806 39.9134
    endloop
  endfacet
  facet normal 0 0.941548 -0.336879
    outer loop
      vertex 50.5 35.3806 39.9134
      vertex 53.5 35.2153 39.4514
      vertex 50.5 35.2153 39.4514
    endloop
  endfacet
  facet normal 0 0.0491143 -0.998793
    outer loop
      vertex 50.5 39.5099 42.9759
      vertex 53.5 40 43
      vertex 53.5 39.5099 42.9759
    endloop
  endfacet
  facet normal 0 0.0491143 -0.998793
    outer loop
      vertex 53.5 40 43
      vertex 50.5 39.5099 42.9759
      vertex 50.5 40 43
    endloop
  endfacet
  facet normal 0 0.336879 -0.941548
    outer loop
      vertex 50.5 38.0866 42.6194
      vertex 53.5 38.5486 42.7847
      vertex 53.5 38.0866 42.6194
    endloop
  endfacet
  facet normal 0 0.336879 -0.941548
    outer loop
      vertex 53.5 38.5486 42.7847
      vertex 50.5 38.0866 42.6194
      vertex 50.5 38.5486 42.7847
    endloop
  endfacet
  facet normal 0 0.941548 0.336879
    outer loop
      vertex 53.5 35.3806 36.0866
      vertex 50.5 35.2153 36.5486
      vertex 53.5 35.2153 36.5486
    endloop
  endfacet
  facet normal 0 0.941548 0.336879
    outer loop
      vertex 50.5 35.2153 36.5486
      vertex 53.5 35.3806 36.0866
      vertex 50.5 35.3806 36.0866
    endloop
  endfacet
  facet normal 0 0.740806 0.671719
    outer loop
      vertex 53.5 36.4645 34.4645
      vertex 50.5 36.1349 34.828
      vertex 53.5 36.1349 34.828
    endloop
  endfacet
  facet normal 0 0.740806 0.671719
    outer loop
      vertex 50.5 36.1349 34.828
      vertex 53.5 36.4645 34.4645
      vertex 50.5 36.4645 34.4645
    endloop
  endfacet
  facet normal 0 0.80329 0.595588
    outer loop
      vertex 53.5 36.1349 34.828
      vertex 50.5 35.8427 35.2221
      vertex 53.5 35.8427 35.2221
    endloop
  endfacet
  facet normal 0 0.80329 0.595588
    outer loop
      vertex 50.5 35.8427 35.2221
      vertex 53.5 36.1349 34.828
      vertex 50.5 36.1349 34.828
    endloop
  endfacet
  facet normal -0 0.595588 0.80329
    outer loop
      vertex 50.5 37.2221 33.8427
      vertex 53.5 36.828 34.1349
      vertex 53.5 37.2221 33.8427
    endloop
  endfacet
  facet normal 0 0.595588 0.80329
    outer loop
      vertex 53.5 36.828 34.1349
      vertex 50.5 37.2221 33.8427
      vertex 50.5 36.828 34.1349
    endloop
  endfacet
  facet normal 0 0.998793 0.0491143
    outer loop
      vertex 53.5 35.0241 37.5099
      vertex 50.5 35 38
      vertex 53.5 35 38
    endloop
  endfacet
  facet normal 0 0.998793 0.0491143
    outer loop
      vertex 50.5 35 38
      vertex 53.5 35.0241 37.5099
      vertex 50.5 35.0241 37.5099
    endloop
  endfacet
  facet normal 0 0.998793 -0.0491143
    outer loop
      vertex 53.5 35 38
      vertex 50.5 35.0241 38.4901
      vertex 53.5 35.0241 38.4901
    endloop
  endfacet
  facet normal 0 0.998793 -0.0491143
    outer loop
      vertex 50.5 35.0241 38.4901
      vertex 53.5 35 38
      vertex 50.5 35 38
    endloop
  endfacet
  facet normal 0 0.970034 -0.242967
    outer loop
      vertex 53.5 35.0961 38.9755
      vertex 50.5 35.2153 39.4514
      vertex 53.5 35.2153 39.4514
    endloop
  endfacet
  facet normal 0 0.970034 -0.242967
    outer loop
      vertex 50.5 35.2153 39.4514
      vertex 53.5 35.0961 38.9755
      vertex 50.5 35.0961 38.9755
    endloop
  endfacet
  facet normal 0 0.989177 -0.146726
    outer loop
      vertex 53.5 35.0241 38.4901
      vertex 50.5 35.0961 38.9755
      vertex 53.5 35.0961 38.9755
    endloop
  endfacet
  facet normal 0 0.989177 -0.146726
    outer loop
      vertex 50.5 35.0961 38.9755
      vertex 53.5 35.0241 38.4901
      vertex 50.5 35.0241 38.4901
    endloop
  endfacet
  facet normal 0 0.80329 -0.595588
    outer loop
      vertex 53.5 35.8427 40.7779
      vertex 50.5 36.1349 41.172
      vertex 53.5 36.1349 41.172
    endloop
  endfacet
  facet normal 0 0.80329 -0.595588
    outer loop
      vertex 50.5 36.1349 41.172
      vertex 53.5 35.8427 40.7779
      vertex 50.5 35.8427 40.7779
    endloop
  endfacet
  facet normal 0 0.242967 -0.970034
    outer loop
      vertex 50.5 38.5486 42.7847
      vertex 53.5 39.0245 42.9039
      vertex 53.5 38.5486 42.7847
    endloop
  endfacet
  facet normal 0 0.242967 -0.970034
    outer loop
      vertex 53.5 39.0245 42.9039
      vertex 50.5 38.5486 42.7847
      vertex 50.5 39.0245 42.9039
    endloop
  endfacet
  facet normal 0 0.671719 -0.740806
    outer loop
      vertex 50.5 36.4645 41.5355
      vertex 53.5 36.828 41.8651
      vertex 53.5 36.4645 41.5355
    endloop
  endfacet
  facet normal 0 0.671719 -0.740806
    outer loop
      vertex 53.5 36.828 41.8651
      vertex 50.5 36.4645 41.5355
      vertex 50.5 36.828 41.8651
    endloop
  endfacet
  facet normal 0 0.595588 -0.80329
    outer loop
      vertex 50.5 36.828 41.8651
      vertex 53.5 37.2221 42.1573
      vertex 53.5 36.828 41.8651
    endloop
  endfacet
  facet normal 0 0.595588 -0.80329
    outer loop
      vertex 53.5 37.2221 42.1573
      vertex 50.5 36.828 41.8651
      vertex 50.5 37.2221 42.1573
    endloop
  endfacet
  facet normal 0 0.514136 -0.857709
    outer loop
      vertex 50.5 37.2221 42.1573
      vertex 53.5 37.643 42.4096
      vertex 53.5 37.2221 42.1573
    endloop
  endfacet
  facet normal 0 0.514136 -0.857709
    outer loop
      vertex 53.5 37.643 42.4096
      vertex 50.5 37.2221 42.1573
      vertex 50.5 37.643 42.4096
    endloop
  endfacet
  facet normal 0 0.427543 -0.903995
    outer loop
      vertex 50.5 37.643 42.4096
      vertex 53.5 38.0866 42.6194
      vertex 53.5 37.643 42.4096
    endloop
  endfacet
  facet normal 0 0.427543 -0.903995
    outer loop
      vertex 53.5 38.0866 42.6194
      vertex 50.5 37.643 42.4096
      vertex 50.5 38.0866 42.6194
    endloop
  endfacet
  facet normal 0 0.903995 0.427543
    outer loop
      vertex 53.5 35.5904 35.643
      vertex 50.5 35.3806 36.0866
      vertex 53.5 35.3806 36.0866
    endloop
  endfacet
  facet normal 0 0.903995 0.427543
    outer loop
      vertex 50.5 35.3806 36.0866
      vertex 53.5 35.5904 35.643
      vertex 50.5 35.5904 35.643
    endloop
  endfacet
  facet normal 0 0.740806 -0.671719
    outer loop
      vertex 53.5 36.1349 41.172
      vertex 50.5 36.4645 41.5355
      vertex 53.5 36.4645 41.5355
    endloop
  endfacet
  facet normal 0 0.740806 -0.671719
    outer loop
      vertex 50.5 36.4645 41.5355
      vertex 53.5 36.1349 41.172
      vertex 50.5 36.1349 41.172
    endloop
  endfacet
  facet normal 0 0.903995 -0.427543
    outer loop
      vertex 53.5 35.3806 39.9134
      vertex 50.5 35.5904 40.357
      vertex 53.5 35.5904 40.357
    endloop
  endfacet
  facet normal 0 0.903995 -0.427543
    outer loop
      vertex 50.5 35.5904 40.357
      vertex 53.5 35.3806 39.9134
      vertex 50.5 35.3806 39.9134
    endloop
  endfacet
  facet normal 0 0.857709 -0.514136
    outer loop
      vertex 53.5 35.5904 40.357
      vertex 50.5 35.8427 40.7779
      vertex 53.5 35.8427 40.7779
    endloop
  endfacet
  facet normal 0 0.857709 -0.514136
    outer loop
      vertex 50.5 35.8427 40.7779
      vertex 53.5 35.5904 40.357
      vertex 50.5 35.5904 40.357
    endloop
  endfacet
  facet normal 0 -0.427644 0.903947
    outer loop
      vertex 50.5 9.53204 29.1338
      vertex 53.5 9.24372 28.9974
      vertex 53.5 9.53204 29.1338
    endloop
  endfacet
  facet normal 0 -0.427644 0.903947
    outer loop
      vertex 53.5 9.24372 28.9974
      vertex 50.5 9.53204 29.1338
      vertex 50.5 9.24372 28.9974
    endloop
  endfacet
  facet normal 0 -0.903936 0.427668
    outer loop
      vertex 50.5 10.8662 30.468
      vertex 53.5 11.0026 30.7563
      vertex 50.5 11.0026 30.7563
    endloop
  endfacet
  facet normal 0 -0.903936 0.427668
    outer loop
      vertex 53.5 11.0026 30.7563
      vertex 50.5 10.8662 30.468
      vertex 53.5 10.8662 30.468
    endloop
  endfacet
  facet normal 0 -0.941493 -0.337031
    outer loop
      vertex 50.5 11.1101 32.9434
      vertex 53.5 11.0026 33.2437
      vertex 50.5 11.0026 33.2437
    endloop
  endfacet
  facet normal 0 -0.941493 -0.337031
    outer loop
      vertex 53.5 11.0026 33.2437
      vertex 50.5 11.1101 32.9434
      vertex 53.5 11.1101 32.9434
    endloop
  endfacet
  facet normal 0 -0.427644 -0.903947
    outer loop
      vertex 50.5 9.24372 35.0026
      vertex 53.5 9.53204 34.8662
      vertex 53.5 9.24372 35.0026
    endloop
  endfacet
  facet normal -0 -0.427644 -0.903947
    outer loop
      vertex 53.5 9.53204 34.8662
      vertex 50.5 9.24372 35.0026
      vertex 50.5 9.53204 34.8662
    endloop
  endfacet
  facet normal -0 0.0489118 0.998803
    outer loop
      vertex 50.5 8 28.75
      vertex 53.5 7.68144 28.7656
      vertex 53.5 8 28.75
    endloop
  endfacet
  facet normal 0 0.0489118 0.998803
    outer loop
      vertex 53.5 7.68144 28.7656
      vertex 50.5 8 28.75
      vertex 50.5 7.68144 28.7656
    endloop
  endfacet
  facet normal 0 -0.337041 0.94149
    outer loop
      vertex 50.5 9.24372 28.9974
      vertex 53.5 8.94343 28.8899
      vertex 53.5 9.24372 28.9974
    endloop
  endfacet
  facet normal 0 -0.337041 0.94149
    outer loop
      vertex 53.5 8.94343 28.8899
      vertex 50.5 9.24372 28.9974
      vertex 50.5 8.94343 28.8899
    endloop
  endfacet
  facet normal 0 -0.98917 0.146776
    outer loop
      vertex 50.5 11.1876 31.366
      vertex 53.5 11.2344 31.6814
      vertex 50.5 11.2344 31.6814
    endloop
  endfacet
  facet normal 0 -0.98917 0.146776
    outer loop
      vertex 53.5 11.2344 31.6814
      vertex 50.5 11.1876 31.366
      vertex 53.5 11.1876 31.366
    endloop
  endfacet
  facet normal 0 -0.146735 -0.989176
    outer loop
      vertex 50.5 8.31855 35.2344
      vertex 53.5 8.63404 35.1876
      vertex 53.5 8.31855 35.2344
    endloop
  endfacet
  facet normal -0 -0.146735 -0.989176
    outer loop
      vertex 53.5 8.63404 35.1876
      vertex 50.5 8.31855 35.2344
      vertex 50.5 8.63404 35.1876
    endloop
  endfacet
  facet normal 0 -0.671611 -0.740904
    outer loop
      vertex 50.5 10.0618 34.5123
      vertex 53.5 10.2981 34.2981
      vertex 53.5 10.0618 34.5123
    endloop
  endfacet
  facet normal -0 -0.671611 -0.740904
    outer loop
      vertex 53.5 10.2981 34.2981
      vertex 50.5 10.0618 34.5123
      vertex 50.5 10.2981 34.2981
    endloop
  endfacet
  facet normal 0 -0.98917 -0.146776
    outer loop
      vertex 50.5 11.2344 32.3186
      vertex 53.5 11.1876 32.634
      vertex 50.5 11.1876 32.634
    endloop
  endfacet
  facet normal 0 -0.98917 -0.146776
    outer loop
      vertex 53.5 11.1876 32.634
      vertex 50.5 11.2344 32.3186
      vertex 53.5 11.2344 32.3186
    endloop
  endfacet
  facet normal 0 0.857769 0.514035
    outer loop
      vertex 53.5 5.29772 30.1944
      vertex 50.5 5.13376 30.468
      vertex 53.5 5.13376 30.468
    endloop
  endfacet
  facet normal 0 0.857769 0.514035
    outer loop
      vertex 50.5 5.13376 30.468
      vertex 53.5 5.29772 30.1944
      vertex 50.5 5.29772 30.1944
    endloop
  endfacet
  facet normal 0 0.740935 -0.671576
    outer loop
      vertex 53.5 5.48772 34.0618
      vertex 50.5 5.7019 34.2981
      vertex 53.5 5.7019 34.2981
    endloop
  endfacet
  facet normal 0 0.740935 -0.671576
    outer loop
      vertex 50.5 5.7019 34.2981
      vertex 53.5 5.48772 34.0618
      vertex 50.5 5.48772 34.0618
    endloop
  endfacet
  facet normal 0 -0.146735 0.989176
    outer loop
      vertex 50.5 8.63404 28.8124
      vertex 53.5 8.31855 28.7656
      vertex 53.5 8.63404 28.8124
    endloop
  endfacet
  facet normal 0 -0.146735 0.989176
    outer loop
      vertex 53.5 8.31855 28.7656
      vertex 50.5 8.63404 28.8124
      vertex 50.5 8.31855 28.7656
    endloop
  endfacet
  facet normal 0 -0.242986 0.97003
    outer loop
      vertex 50.5 8.94343 28.8899
      vertex 53.5 8.63404 28.8124
      vertex 53.5 8.94343 28.8899
    endloop
  endfacet
  facet normal 0 -0.242986 0.97003
    outer loop
      vertex 53.5 8.63404 28.8124
      vertex 50.5 8.94343 28.8899
      vertex 50.5 8.63404 28.8124
    endloop
  endfacet
  facet normal 0 -0.595677 0.803224
    outer loop
      vertex 50.5 10.0618 29.4877
      vertex 53.5 9.8056 29.2977
      vertex 53.5 10.0618 29.4877
    endloop
  endfacet
  facet normal 0 -0.595677 0.803224
    outer loop
      vertex 53.5 9.8056 29.2977
      vertex 50.5 10.0618 29.4877
      vertex 50.5 9.8056 29.2977
    endloop
  endfacet
  facet normal 0 -0.671611 0.740904
    outer loop
      vertex 50.5 10.2981 29.7019
      vertex 53.5 10.0618 29.4877
      vertex 53.5 10.2981 29.7019
    endloop
  endfacet
  facet normal 0 -0.671611 0.740904
    outer loop
      vertex 53.5 10.0618 29.4877
      vertex 50.5 10.2981 29.7019
      vertex 50.5 10.0618 29.4877
    endloop
  endfacet
  facet normal 0 -0.941493 0.337031
    outer loop
      vertex 50.5 11.0026 30.7563
      vertex 53.5 11.1101 31.0566
      vertex 50.5 11.1101 31.0566
    endloop
  endfacet
  facet normal 0 -0.941493 0.337031
    outer loop
      vertex 53.5 11.1101 31.0566
      vertex 50.5 11.0026 30.7563
      vertex 53.5 11.0026 30.7563
    endloop
  endfacet
  facet normal 0 -0.857852 0.513896
    outer loop
      vertex 50.5 10.7023 30.1944
      vertex 53.5 10.8662 30.468
      vertex 50.5 10.8662 30.468
    endloop
  endfacet
  facet normal 0 -0.857852 0.513896
    outer loop
      vertex 53.5 10.8662 30.468
      vertex 50.5 10.7023 30.1944
      vertex 53.5 10.7023 30.1944
    endloop
  endfacet
  facet normal 0 -0.740904 0.671611
    outer loop
      vertex 50.5 10.2981 29.7019
      vertex 53.5 10.5123 29.9382
      vertex 50.5 10.5123 29.9382
    endloop
  endfacet
  facet normal 0 -0.740904 0.671611
    outer loop
      vertex 53.5 10.5123 29.9382
      vertex 50.5 10.2981 29.7019
      vertex 53.5 10.2981 29.7019
    endloop
  endfacet
  facet normal 0 -0.0489133 -0.998803
    outer loop
      vertex 50.5 8 35.25
      vertex 53.5 8.31855 35.2344
      vertex 53.5 8 35.25
    endloop
  endfacet
  facet normal -0 -0.0489133 -0.998803
    outer loop
      vertex 53.5 8.31855 35.2344
      vertex 50.5 8 35.25
      vertex 50.5 8.31855 35.2344
    endloop
  endfacet
  facet normal 0 -0.337041 -0.94149
    outer loop
      vertex 50.5 8.94343 35.1101
      vertex 53.5 9.24372 35.0026
      vertex 53.5 8.94343 35.1101
    endloop
  endfacet
  facet normal -0 -0.337041 -0.94149
    outer loop
      vertex 53.5 9.24372 35.0026
      vertex 50.5 8.94343 35.1101
      vertex 50.5 9.24372 35.0026
    endloop
  endfacet
  facet normal 0 -0.242986 -0.97003
    outer loop
      vertex 50.5 8.63404 35.1876
      vertex 53.5 8.94343 35.1101
      vertex 53.5 8.63404 35.1876
    endloop
  endfacet
  facet normal -0 -0.242986 -0.97003
    outer loop
      vertex 53.5 8.94343 35.1101
      vertex 50.5 8.63404 35.1876
      vertex 50.5 8.94343 35.1101
    endloop
  endfacet
  facet normal 0 -0.513952 -0.857819
    outer loop
      vertex 50.5 9.53204 34.8662
      vertex 53.5 9.8056 34.7023
      vertex 53.5 9.53204 34.8662
    endloop
  endfacet
  facet normal -0 -0.513952 -0.857819
    outer loop
      vertex 53.5 9.8056 34.7023
      vertex 50.5 9.53204 34.8662
      vertex 50.5 9.8056 34.7023
    endloop
  endfacet
  facet normal 0 -0.595677 -0.803224
    outer loop
      vertex 50.5 9.8056 34.7023
      vertex 53.5 10.0618 34.5123
      vertex 53.5 9.8056 34.7023
    endloop
  endfacet
  facet normal -0 -0.595677 -0.803224
    outer loop
      vertex 53.5 10.0618 34.5123
      vertex 50.5 9.8056 34.7023
      vertex 50.5 10.0618 34.5123
    endloop
  endfacet
  facet normal 0 -0.970032 -0.242978
    outer loop
      vertex 50.5 11.1876 32.634
      vertex 53.5 11.1101 32.9434
      vertex 50.5 11.1101 32.9434
    endloop
  endfacet
  facet normal 0 -0.970032 -0.242978
    outer loop
      vertex 53.5 11.1101 32.9434
      vertex 50.5 11.1876 32.634
      vertex 53.5 11.1876 32.634
    endloop
  endfacet
  facet normal 0 -0.998803 -0.0489056
    outer loop
      vertex 50.5 11.25 32
      vertex 53.5 11.2344 32.3186
      vertex 50.5 11.2344 32.3186
    endloop
  endfacet
  facet normal 0 -0.998803 -0.0489056
    outer loop
      vertex 53.5 11.2344 32.3186
      vertex 50.5 11.25 32
      vertex 53.5 11.25 32
    endloop
  endfacet
  facet normal 0 -0.857852 -0.513896
    outer loop
      vertex 50.5 10.8662 33.532
      vertex 53.5 10.7023 33.8056
      vertex 50.5 10.7023 33.8056
    endloop
  endfacet
  facet normal 0 -0.857852 -0.513896
    outer loop
      vertex 53.5 10.7023 33.8056
      vertex 50.5 10.8662 33.532
      vertex 53.5 10.8662 33.532
    endloop
  endfacet
  facet normal 0 -0.803224 -0.595677
    outer loop
      vertex 50.5 10.7023 33.8056
      vertex 53.5 10.5123 34.0618
      vertex 50.5 10.5123 34.0618
    endloop
  endfacet
  facet normal 0 -0.803224 -0.595677
    outer loop
      vertex 53.5 10.5123 34.0618
      vertex 50.5 10.7023 33.8056
      vertex 53.5 10.7023 33.8056
    endloop
  endfacet
  facet normal 0 -0.903936 -0.427668
    outer loop
      vertex 50.5 11.0026 33.2437
      vertex 53.5 10.8662 33.532
      vertex 50.5 10.8662 33.532
    endloop
  endfacet
  facet normal 0 -0.903936 -0.427668
    outer loop
      vertex 53.5 10.8662 33.532
      vertex 50.5 11.0026 33.2437
      vertex 53.5 11.0026 33.2437
    endloop
  endfacet
  facet normal 0 -0.740904 -0.671611
    outer loop
      vertex 50.5 10.5123 34.0618
      vertex 53.5 10.2981 34.2981
      vertex 50.5 10.2981 34.2981
    endloop
  endfacet
  facet normal 0 -0.740904 -0.671611
    outer loop
      vertex 53.5 10.2981 34.2981
      vertex 50.5 10.5123 34.0618
      vertex 53.5 10.5123 34.0618
    endloop
  endfacet
  facet normal 0 -0.0489133 0.998803
    outer loop
      vertex 50.5 8.31855 28.7656
      vertex 53.5 8 28.75
      vertex 53.5 8.31855 28.7656
    endloop
  endfacet
  facet normal 0 -0.0489133 0.998803
    outer loop
      vertex 53.5 8 28.75
      vertex 50.5 8.31855 28.7656
      vertex 50.5 8 28.75
    endloop
  endfacet
  facet normal -0 0.242986 0.97003
    outer loop
      vertex 50.5 7.36596 28.8124
      vertex 53.5 7.05657 28.8899
      vertex 53.5 7.36596 28.8124
    endloop
  endfacet
  facet normal 0 0.242986 0.97003
    outer loop
      vertex 53.5 7.05657 28.8899
      vertex 50.5 7.36596 28.8124
      vertex 50.5 7.05657 28.8899
    endloop
  endfacet
  facet normal -0 0.595707 0.803202
    outer loop
      vertex 50.5 6.1944 29.2977
      vertex 53.5 5.93822 29.4877
      vertex 53.5 6.1944 29.2977
    endloop
  endfacet
  facet normal 0 0.595707 0.803202
    outer loop
      vertex 53.5 5.93822 29.4877
      vertex 50.5 6.1944 29.2977
      vertex 50.5 5.93822 29.4877
    endloop
  endfacet
  facet normal 0 0.998796 0.049062
    outer loop
      vertex 53.5 4.76565 31.6814
      vertex 50.5 4.75 32
      vertex 53.5 4.75 32
    endloop
  endfacet
  facet normal 0 0.998796 0.049062
    outer loop
      vertex 50.5 4.75 32
      vertex 53.5 4.76565 31.6814
      vertex 50.5 4.76565 31.6814
    endloop
  endfacet
  facet normal 0 0.903972 0.427592
    outer loop
      vertex 53.5 5.13376 30.468
      vertex 50.5 4.99739 30.7563
      vertex 53.5 4.99739 30.7563
    endloop
  endfacet
  facet normal 0 0.903972 0.427592
    outer loop
      vertex 50.5 4.99739 30.7563
      vertex 53.5 5.13376 30.468
      vertex 50.5 5.13376 30.468
    endloop
  endfacet
  facet normal 0 -0.513952 0.857819
    outer loop
      vertex 50.5 9.8056 29.2977
      vertex 53.5 9.53204 29.1338
      vertex 53.5 9.8056 29.2977
    endloop
  endfacet
  facet normal 0 -0.513952 0.857819
    outer loop
      vertex 53.5 9.53204 29.1338
      vertex 50.5 9.8056 29.2977
      vertex 50.5 9.53204 29.1338
    endloop
  endfacet
  facet normal 0 -0.998803 0.0489056
    outer loop
      vertex 50.5 11.2344 31.6814
      vertex 53.5 11.25 32
      vertex 50.5 11.25 32
    endloop
  endfacet
  facet normal 0 -0.998803 0.0489056
    outer loop
      vertex 53.5 11.25 32
      vertex 50.5 11.2344 31.6814
      vertex 53.5 11.2344 31.6814
    endloop
  endfacet
  facet normal 0 -0.970032 0.242978
    outer loop
      vertex 50.5 11.1101 31.0566
      vertex 53.5 11.1876 31.366
      vertex 50.5 11.1876 31.366
    endloop
  endfacet
  facet normal 0 -0.970032 0.242978
    outer loop
      vertex 53.5 11.1876 31.366
      vertex 50.5 11.1101 31.0566
      vertex 53.5 11.1101 31.0566
    endloop
  endfacet
  facet normal 0 -0.803224 0.595677
    outer loop
      vertex 50.5 10.5123 29.9382
      vertex 53.5 10.7023 30.1944
      vertex 50.5 10.7023 30.1944
    endloop
  endfacet
  facet normal 0 -0.803224 0.595677
    outer loop
      vertex 53.5 10.7023 30.1944
      vertex 50.5 10.5123 29.9382
      vertex 53.5 10.5123 29.9382
    endloop
  endfacet
  facet normal -0 0.14674 0.989175
    outer loop
      vertex 50.5 7.68144 28.7656
      vertex 53.5 7.36596 28.8124
      vertex 53.5 7.68144 28.7656
    endloop
  endfacet
  facet normal 0 0.14674 0.989175
    outer loop
      vertex 53.5 7.36596 28.8124
      vertex 50.5 7.68144 28.7656
      vertex 50.5 7.36596 28.8124
    endloop
  endfacet
  facet normal -0 0.67158 0.740932
    outer loop
      vertex 50.5 5.93822 29.4877
      vertex 53.5 5.7019 29.7019
      vertex 53.5 5.93822 29.4877
    endloop
  endfacet
  facet normal 0 0.67158 0.740932
    outer loop
      vertex 53.5 5.7019 29.7019
      vertex 50.5 5.93822 29.4877
      vertex 50.5 5.7019 29.7019
    endloop
  endfacet
  facet normal -0 0.427644 0.903947
    outer loop
      vertex 50.5 6.75628 28.9974
      vertex 53.5 6.46796 29.1338
      vertex 53.5 6.75628 28.9974
    endloop
  endfacet
  facet normal 0 0.427644 0.903947
    outer loop
      vertex 53.5 6.46796 29.1338
      vertex 50.5 6.75628 28.9974
      vertex 50.5 6.46796 29.1338
    endloop
  endfacet
  facet normal 0 0.242986 -0.97003
    outer loop
      vertex 50.5 7.05657 35.1101
      vertex 53.5 7.36596 35.1876
      vertex 53.5 7.05657 35.1101
    endloop
  endfacet
  facet normal 0 0.242986 -0.97003
    outer loop
      vertex 53.5 7.36596 35.1876
      vertex 50.5 7.05657 35.1101
      vertex 50.5 7.36596 35.1876
    endloop
  endfacet
  facet normal 0 0.337041 -0.94149
    outer loop
      vertex 50.5 6.75628 35.0026
      vertex 53.5 7.05657 35.1101
      vertex 53.5 6.75628 35.0026
    endloop
  endfacet
  facet normal 0 0.337041 -0.94149
    outer loop
      vertex 53.5 7.05657 35.1101
      vertex 50.5 6.75628 35.0026
      vertex 50.5 7.05657 35.1101
    endloop
  endfacet
  facet normal 0 0.513952 -0.857819
    outer loop
      vertex 50.5 6.1944 34.7023
      vertex 53.5 6.46796 34.8662
      vertex 53.5 6.1944 34.7023
    endloop
  endfacet
  facet normal 0 0.513952 -0.857819
    outer loop
      vertex 53.5 6.46796 34.8662
      vertex 50.5 6.1944 34.7023
      vertex 50.5 6.46796 34.8662
    endloop
  endfacet
  facet normal 0 0.427644 -0.903947
    outer loop
      vertex 50.5 6.46796 34.8662
      vertex 53.5 6.75628 35.0026
      vertex 53.5 6.46796 34.8662
    endloop
  endfacet
  facet normal 0 0.427644 -0.903947
    outer loop
      vertex 53.5 6.75628 35.0026
      vertex 50.5 6.46796 34.8662
      vertex 50.5 6.75628 35.0026
    endloop
  endfacet
  facet normal 0 0.67158 -0.740932
    outer loop
      vertex 50.5 5.7019 34.2981
      vertex 53.5 5.93822 34.5123
      vertex 53.5 5.7019 34.2981
    endloop
  endfacet
  facet normal 0 0.67158 -0.740932
    outer loop
      vertex 53.5 5.93822 34.5123
      vertex 50.5 5.7019 34.2981
      vertex 50.5 5.93822 34.5123
    endloop
  endfacet
  facet normal 0 0.98917 0.146776
    outer loop
      vertex 53.5 4.81245 31.366
      vertex 50.5 4.76565 31.6814
      vertex 53.5 4.76565 31.6814
    endloop
  endfacet
  facet normal 0 0.98917 0.146776
    outer loop
      vertex 50.5 4.76565 31.6814
      vertex 53.5 4.81245 31.366
      vertex 50.5 4.81245 31.366
    endloop
  endfacet
  facet normal 0 0.941543 0.336892
    outer loop
      vertex 53.5 4.99739 30.7563
      vertex 50.5 4.88994 31.0566
      vertex 53.5 4.88994 31.0566
    endloop
  endfacet
  facet normal 0 0.941543 0.336892
    outer loop
      vertex 50.5 4.88994 31.0566
      vertex 53.5 4.99739 30.7563
      vertex 50.5 4.99739 30.7563
    endloop
  endfacet
  facet normal -0 0.513952 0.857819
    outer loop
      vertex 50.5 6.46796 29.1338
      vertex 53.5 6.1944 29.2977
      vertex 53.5 6.46796 29.1338
    endloop
  endfacet
  facet normal 0 0.513952 0.857819
    outer loop
      vertex 53.5 6.1944 29.2977
      vertex 50.5 6.46796 29.1338
      vertex 50.5 6.1944 29.2977
    endloop
  endfacet
  facet normal -0 0.337041 0.94149
    outer loop
      vertex 50.5 7.05657 28.8899
      vertex 53.5 6.75628 28.9974
      vertex 53.5 7.05657 28.8899
    endloop
  endfacet
  facet normal 0 0.337041 0.94149
    outer loop
      vertex 53.5 6.75628 28.9974
      vertex 50.5 7.05657 28.8899
      vertex 50.5 6.75628 28.9974
    endloop
  endfacet
  facet normal 0 0.803224 -0.595677
    outer loop
      vertex 53.5 5.29772 33.8056
      vertex 50.5 5.48772 34.0618
      vertex 53.5 5.48772 34.0618
    endloop
  endfacet
  facet normal 0 0.803224 -0.595677
    outer loop
      vertex 50.5 5.48772 34.0618
      vertex 53.5 5.29772 33.8056
      vertex 50.5 5.29772 33.8056
    endloop
  endfacet
  facet normal 0 0.998796 -0.049062
    outer loop
      vertex 53.5 4.75 32
      vertex 50.5 4.76565 32.3186
      vertex 53.5 4.76565 32.3186
    endloop
  endfacet
  facet normal 0 0.998796 -0.049062
    outer loop
      vertex 50.5 4.76565 32.3186
      vertex 53.5 4.75 32
      vertex 50.5 4.75 32
    endloop
  endfacet
  facet normal 0 0.941543 -0.336892
    outer loop
      vertex 53.5 4.88994 32.9434
      vertex 50.5 4.99739 33.2437
      vertex 53.5 4.99739 33.2437
    endloop
  endfacet
  facet normal 0 0.941543 -0.336892
    outer loop
      vertex 50.5 4.99739 33.2437
      vertex 53.5 4.88994 32.9434
      vertex 50.5 4.88994 32.9434
    endloop
  endfacet
  facet normal 0 0.970039 -0.242949
    outer loop
      vertex 53.5 4.81245 32.634
      vertex 50.5 4.88994 32.9434
      vertex 53.5 4.88994 32.9434
    endloop
  endfacet
  facet normal 0 0.970039 -0.242949
    outer loop
      vertex 50.5 4.88994 32.9434
      vertex 53.5 4.81245 32.634
      vertex 50.5 4.81245 32.634
    endloop
  endfacet
  facet normal 0 0.98917 -0.146776
    outer loop
      vertex 53.5 4.76565 32.3186
      vertex 50.5 4.81245 32.634
      vertex 53.5 4.81245 32.634
    endloop
  endfacet
  facet normal 0 0.98917 -0.146776
    outer loop
      vertex 50.5 4.81245 32.634
      vertex 53.5 4.76565 32.3186
      vertex 50.5 4.76565 32.3186
    endloop
  endfacet
  facet normal 0 0.14674 -0.989175
    outer loop
      vertex 50.5 7.36596 35.1876
      vertex 53.5 7.68144 35.2344
      vertex 53.5 7.36596 35.1876
    endloop
  endfacet
  facet normal 0 0.14674 -0.989175
    outer loop
      vertex 53.5 7.68144 35.2344
      vertex 50.5 7.36596 35.1876
      vertex 50.5 7.68144 35.2344
    endloop
  endfacet
  facet normal 0 0.0489118 -0.998803
    outer loop
      vertex 50.5 7.68144 35.2344
      vertex 53.5 8 35.25
      vertex 53.5 7.68144 35.2344
    endloop
  endfacet
  facet normal 0 0.0489118 -0.998803
    outer loop
      vertex 53.5 8 35.25
      vertex 50.5 7.68144 35.2344
      vertex 50.5 8 35.25
    endloop
  endfacet
  facet normal 0 0.595707 -0.803202
    outer loop
      vertex 50.5 5.93822 34.5123
      vertex 53.5 6.1944 34.7023
      vertex 53.5 5.93822 34.5123
    endloop
  endfacet
  facet normal 0 0.595707 -0.803202
    outer loop
      vertex 53.5 6.1944 34.7023
      vertex 50.5 5.93822 34.5123
      vertex 50.5 6.1944 34.7023
    endloop
  endfacet
  facet normal 0 0.970039 0.242949
    outer loop
      vertex 53.5 4.88994 31.0566
      vertex 50.5 4.81245 31.366
      vertex 53.5 4.81245 31.366
    endloop
  endfacet
  facet normal 0 0.970039 0.242949
    outer loop
      vertex 50.5 4.81245 31.366
      vertex 53.5 4.88994 31.0566
      vertex 50.5 4.88994 31.0566
    endloop
  endfacet
  facet normal 0 0.740935 0.671576
    outer loop
      vertex 53.5 5.7019 29.7019
      vertex 50.5 5.48772 29.9382
      vertex 53.5 5.48772 29.9382
    endloop
  endfacet
  facet normal 0 0.740935 0.671576
    outer loop
      vertex 50.5 5.48772 29.9382
      vertex 53.5 5.7019 29.7019
      vertex 50.5 5.7019 29.7019
    endloop
  endfacet
  facet normal 0 0.803224 0.595677
    outer loop
      vertex 53.5 5.48772 29.9382
      vertex 50.5 5.29772 30.1944
      vertex 53.5 5.29772 30.1944
    endloop
  endfacet
  facet normal 0 0.803224 0.595677
    outer loop
      vertex 50.5 5.29772 30.1944
      vertex 53.5 5.48772 29.9382
      vertex 50.5 5.48772 29.9382
    endloop
  endfacet
  facet normal 0 0.903972 -0.427592
    outer loop
      vertex 53.5 4.99739 33.2437
      vertex 50.5 5.13376 33.532
      vertex 53.5 5.13376 33.532
    endloop
  endfacet
  facet normal 0 0.903972 -0.427592
    outer loop
      vertex 50.5 5.13376 33.532
      vertex 53.5 4.99739 33.2437
      vertex 50.5 4.99739 33.2437
    endloop
  endfacet
  facet normal 0 0.857769 -0.514035
    outer loop
      vertex 53.5 5.13376 33.532
      vertex 50.5 5.29772 33.8056
      vertex 53.5 5.29772 33.8056
    endloop
  endfacet
  facet normal 0 0.857769 -0.514035
    outer loop
      vertex 50.5 5.29772 33.8056
      vertex 53.5 5.13376 33.532
      vertex 50.5 5.13376 33.532
    endloop
  endfacet
  facet normal 0.941548 -0 0.336879
    outer loop
      vertex -26.5647 50.5 46.5486
      vertex -26.3994 53.5 46.0866
      vertex -26.5647 53.5 46.5486
    endloop
  endfacet
  facet normal 0.941548 0 0.336879
    outer loop
      vertex -26.3994 53.5 46.0866
      vertex -26.5647 50.5 46.5486
      vertex -26.3994 50.5 46.0866
    endloop
  endfacet
  facet normal 0.998793 -0 0.0491143
    outer loop
      vertex -26.78 50.5 48
      vertex -26.7559 53.5 47.5099
      vertex -26.78 53.5 48
    endloop
  endfacet
  facet normal 0.998793 0 0.0491143
    outer loop
      vertex -26.7559 53.5 47.5099
      vertex -26.78 50.5 48
      vertex -26.7559 50.5 47.5099
    endloop
  endfacet
  facet normal 0.671719 0 0.740806
    outer loop
      vertex -25.3155 53.5 44.4645
      vertex -24.952 50.5 44.1349
      vertex -24.952 53.5 44.1349
    endloop
  endfacet
  facet normal 0.671719 0 0.740806
    outer loop
      vertex -24.952 50.5 44.1349
      vertex -25.3155 53.5 44.4645
      vertex -25.3155 50.5 44.4645
    endloop
  endfacet
  facet normal 0.242967 0 0.970034
    outer loop
      vertex -23.2314 53.5 43.2153
      vertex -22.7555 50.5 43.0961
      vertex -22.7555 53.5 43.0961
    endloop
  endfacet
  facet normal 0.242967 0 0.970034
    outer loop
      vertex -22.7555 50.5 43.0961
      vertex -23.2314 53.5 43.2153
      vertex -23.2314 50.5 43.2153
    endloop
  endfacet
  facet normal 0.989177 -0 0.146726
    outer loop
      vertex -26.7559 50.5 47.5099
      vertex -26.6839 53.5 47.0245
      vertex -26.7559 53.5 47.5099
    endloop
  endfacet
  facet normal 0.989177 0 0.146726
    outer loop
      vertex -26.6839 53.5 47.0245
      vertex -26.7559 50.5 47.5099
      vertex -26.6839 50.5 47.0245
    endloop
  endfacet
  facet normal -0.98918 0 -0.146706
    outer loop
      vertex 7.19592 50.5 48.4901
      vertex 7.12393 53.5 48.9755
      vertex 7.19592 53.5 48.4901
    endloop
  endfacet
  facet normal -0.98918 -0 -0.146706
    outer loop
      vertex 7.12393 53.5 48.9755
      vertex 7.19592 50.5 48.4901
      vertex 7.12393 50.5 48.9755
    endloop
  endfacet
  facet normal 0.903995 -0 0.427543
    outer loop
      vertex -26.3994 50.5 46.0866
      vertex -26.1896 53.5 45.643
      vertex -26.3994 53.5 46.0866
    endloop
  endfacet
  facet normal 0.903995 0 0.427543
    outer loop
      vertex -26.1896 53.5 45.643
      vertex -26.3994 50.5 46.0866
      vertex -26.1896 50.5 45.643
    endloop
  endfacet
  facet normal 0.0491143 0 0.998793
    outer loop
      vertex -22.2701 53.5 43.0241
      vertex -21.78 50.5 43
      vertex -21.78 53.5 43
    endloop
  endfacet
  facet normal 0.0491143 0 0.998793
    outer loop
      vertex -21.78 50.5 43
      vertex -22.2701 53.5 43.0241
      vertex -22.2701 50.5 43.0241
    endloop
  endfacet
  facet normal -0.998795 0 0.0490736
    outer loop
      vertex 7.19592 50.5 47.5099
      vertex 7.22 53.5 48
      vertex 7.19592 53.5 47.5099
    endloop
  endfacet
  facet normal -0.998795 0 0.0490736
    outer loop
      vertex 7.22 53.5 48
      vertex 7.19592 50.5 47.5099
      vertex 7.22 50.5 48
    endloop
  endfacet
  facet normal -0.671658 0 0.740861
    outer loop
      vertex 5.39197 53.5 44.1349
      vertex 5.75553 50.5 44.4645
      vertex 5.75553 53.5 44.4645
    endloop
  endfacet
  facet normal -0.671658 0 0.740861
    outer loop
      vertex 5.75553 50.5 44.4645
      vertex 5.39197 53.5 44.1349
      vertex 5.39197 50.5 44.1349
    endloop
  endfacet
  facet normal -0.97002 0 0.243025
    outer loop
      vertex 7.0047 50.5 46.5486
      vertex 7.12393 53.5 47.0245
      vertex 7.0047 53.5 46.5486
    endloop
  endfacet
  facet normal -0.97002 0 0.243025
    outer loop
      vertex 7.12393 53.5 47.0245
      vertex 7.0047 50.5 46.5486
      vertex 7.12393 50.5 47.0245
    endloop
  endfacet
  facet normal -0.336879 0 -0.941548
    outer loop
      vertex 3.67142 50.5 52.7847
      vertex 4.13342 53.5 52.6194
      vertex 4.13342 50.5 52.6194
    endloop
  endfacet
  facet normal -0.336879 0 -0.941548
    outer loop
      vertex 4.13342 53.5 52.6194
      vertex 3.67142 50.5 52.7847
      vertex 3.67142 53.5 52.7847
    endloop
  endfacet
  facet normal -0.0491163 0 -0.998793
    outer loop
      vertex 2.22 50.5 53
      vertex 2.71008 53.5 52.9759
      vertex 2.71008 50.5 52.9759
    endloop
  endfacet
  facet normal -0.0491163 0 -0.998793
    outer loop
      vertex 2.71008 53.5 52.9759
      vertex 2.22 50.5 53
      vertex 2.22 53.5 53
    endloop
  endfacet
  facet normal 0 0 -1
    outer loop
      vertex -21.78 50.5 53
      vertex 2.22 53.5 53
      vertex 2.22 50.5 53
    endloop
  endfacet
  facet normal -0 0 -1
    outer loop
      vertex 2.22 53.5 53
      vertex -21.78 50.5 53
      vertex -21.78 53.5 53
    endloop
  endfacet
  facet normal -0 0 1
    outer loop
      vertex -21.78 53.5 43
      vertex 2.22 50.5 43
      vertex 2.22 53.5 43
    endloop
  endfacet
  facet normal 0 0 1
    outer loop
      vertex 2.22 50.5 43
      vertex -21.78 53.5 43
      vertex -21.78 50.5 43
    endloop
  endfacet
  facet normal -0.427575 0 0.90398
    outer loop
      vertex 4.13342 53.5 43.3806
      vertex 4.57698 50.5 43.5904
      vertex 4.57698 53.5 43.5904
    endloop
  endfacet
  facet normal -0.427575 0 0.90398
    outer loop
      vertex 4.57698 50.5 43.5904
      vertex 4.13342 53.5 43.3806
      vertex 4.13342 50.5 43.3806
    endloop
  endfacet
  facet normal -0.595569 0 0.803304
    outer loop
      vertex 4.99785 53.5 43.8427
      vertex 5.39197 50.5 44.1349
      vertex 5.39197 53.5 44.1349
    endloop
  endfacet
  facet normal -0.595569 0 0.803304
    outer loop
      vertex 5.39197 50.5 44.1349
      vertex 4.99785 53.5 43.8427
      vertex 4.99785 50.5 43.8427
    endloop
  endfacet
  facet normal -0.242934 0 0.970043
    outer loop
      vertex 3.19545 53.5 43.0961
      vertex 3.67142 50.5 43.2153
      vertex 3.67142 53.5 43.2153
    endloop
  endfacet
  facet normal -0.242934 0 0.970043
    outer loop
      vertex 3.67142 50.5 43.2153
      vertex 3.19545 53.5 43.0961
      vertex 3.19545 50.5 43.0961
    endloop
  endfacet
  facet normal -0.857745 0 0.514076
    outer loop
      vertex 6.37735 50.5 45.2221
      vertex 6.62961 53.5 45.643
      vertex 6.37735 53.5 45.2221
    endloop
  endfacet
  facet normal -0.857745 0 0.514076
    outer loop
      vertex 6.62961 53.5 45.643
      vertex 6.37735 50.5 45.2221
      vertex 6.62961 50.5 45.643
    endloop
  endfacet
  facet normal -0.427575 0 -0.90398
    outer loop
      vertex 4.13342 50.5 52.6194
      vertex 4.57698 53.5 52.4096
      vertex 4.57698 50.5 52.4096
    endloop
  endfacet
  facet normal -0.427575 0 -0.90398
    outer loop
      vertex 4.57698 53.5 52.4096
      vertex 4.13342 50.5 52.6194
      vertex 4.13342 53.5 52.6194
    endloop
  endfacet
  facet normal 0.242967 0 -0.970034
    outer loop
      vertex -23.2314 50.5 52.7847
      vertex -22.7555 53.5 52.9039
      vertex -22.7555 50.5 52.9039
    endloop
  endfacet
  facet normal 0.242967 0 -0.970034
    outer loop
      vertex -22.7555 53.5 52.9039
      vertex -23.2314 50.5 52.7847
      vertex -23.2314 53.5 52.7847
    endloop
  endfacet
  facet normal -0.998795 0 -0.0490736
    outer loop
      vertex 7.22 50.5 48
      vertex 7.19592 53.5 48.4901
      vertex 7.22 53.5 48
    endloop
  endfacet
  facet normal -0.998795 -0 -0.0490736
    outer loop
      vertex 7.19592 53.5 48.4901
      vertex 7.22 50.5 48
      vertex 7.19592 50.5 48.4901
    endloop
  endfacet
  facet normal 0.970034 -0 0.242967
    outer loop
      vertex -26.6839 50.5 47.0245
      vertex -26.5647 53.5 46.5486
      vertex -26.6839 53.5 47.0245
    endloop
  endfacet
  facet normal 0.970034 0 0.242967
    outer loop
      vertex -26.5647 53.5 46.5486
      vertex -26.6839 50.5 47.0245
      vertex -26.5647 50.5 46.5486
    endloop
  endfacet
  facet normal 0.857709 -0 0.514136
    outer loop
      vertex -26.1896 50.5 45.643
      vertex -25.9373 53.5 45.2221
      vertex -26.1896 53.5 45.643
    endloop
  endfacet
  facet normal 0.857709 0 0.514136
    outer loop
      vertex -25.9373 53.5 45.2221
      vertex -26.1896 50.5 45.643
      vertex -25.9373 50.5 45.2221
    endloop
  endfacet
  facet normal 0.427543 0 0.903995
    outer loop
      vertex -24.137 53.5 43.5904
      vertex -23.6934 50.5 43.3806
      vertex -23.6934 53.5 43.3806
    endloop
  endfacet
  facet normal 0.427543 0 0.903995
    outer loop
      vertex -23.6934 50.5 43.3806
      vertex -24.137 53.5 43.5904
      vertex -24.137 50.5 43.5904
    endloop
  endfacet
  facet normal -0.336879 0 0.941548
    outer loop
      vertex 3.67142 53.5 43.2153
      vertex 4.13342 50.5 43.3806
      vertex 4.13342 53.5 43.3806
    endloop
  endfacet
  facet normal -0.336879 0 0.941548
    outer loop
      vertex 4.13342 50.5 43.3806
      vertex 3.67142 53.5 43.2153
      vertex 3.67142 50.5 43.2153
    endloop
  endfacet
  facet normal -0.514163 0 0.857692
    outer loop
      vertex 4.57698 53.5 43.5904
      vertex 4.99785 50.5 43.8427
      vertex 4.99785 53.5 43.8427
    endloop
  endfacet
  facet normal -0.514163 0 0.857692
    outer loop
      vertex 4.99785 50.5 43.8427
      vertex 4.57698 53.5 43.5904
      vertex 4.57698 50.5 43.5904
    endloop
  endfacet
  facet normal -0.0491163 0 0.998793
    outer loop
      vertex 2.22 53.5 43
      vertex 2.71008 50.5 43.0241
      vertex 2.71008 53.5 43.0241
    endloop
  endfacet
  facet normal -0.0491163 0 0.998793
    outer loop
      vertex 2.71008 50.5 43.0241
      vertex 2.22 53.5 43
      vertex 2.22 50.5 43
    endloop
  endfacet
  facet normal -0.146735 0 0.989176
    outer loop
      vertex 2.71008 53.5 43.0241
      vertex 3.19545 50.5 43.0961
      vertex 3.19545 53.5 43.0961
    endloop
  endfacet
  facet normal -0.146735 0 0.989176
    outer loop
      vertex 3.19545 50.5 43.0961
      vertex 2.71008 53.5 43.0241
      vertex 2.71008 50.5 43.0241
    endloop
  endfacet
  facet normal -0.98918 0 0.146706
    outer loop
      vertex 7.12393 50.5 47.0245
      vertex 7.19592 53.5 47.5099
      vertex 7.12393 53.5 47.0245
    endloop
  endfacet
  facet normal -0.98918 0 0.146706
    outer loop
      vertex 7.19592 53.5 47.5099
      vertex 7.12393 50.5 47.0245
      vertex 7.19592 50.5 47.5099
    endloop
  endfacet
  facet normal -0.941548 0 0.336879
    outer loop
      vertex 6.8394 50.5 46.0866
      vertex 7.0047 53.5 46.5486
      vertex 6.8394 53.5 46.0866
    endloop
  endfacet
  facet normal -0.941548 0 0.336879
    outer loop
      vertex 7.0047 53.5 46.5486
      vertex 6.8394 50.5 46.0866
      vertex 7.0047 50.5 46.5486
    endloop
  endfacet
  facet normal -0.803192 0 0.59572
    outer loop
      vertex 6.08505 50.5 44.828
      vertex 6.37735 53.5 45.2221
      vertex 6.08505 53.5 44.828
    endloop
  endfacet
  facet normal -0.803192 0 0.59572
    outer loop
      vertex 6.37735 53.5 45.2221
      vertex 6.08505 50.5 44.828
      vertex 6.37735 50.5 45.2221
    endloop
  endfacet
  facet normal -0.941548 0 -0.336879
    outer loop
      vertex 7.0047 50.5 49.4514
      vertex 6.8394 53.5 49.9134
      vertex 7.0047 53.5 49.4514
    endloop
  endfacet
  facet normal -0.941548 -0 -0.336879
    outer loop
      vertex 6.8394 53.5 49.9134
      vertex 7.0047 50.5 49.4514
      vertex 6.8394 50.5 49.9134
    endloop
  endfacet
  facet normal -0.242934 0 -0.970043
    outer loop
      vertex 3.19545 50.5 52.9039
      vertex 3.67142 53.5 52.7847
      vertex 3.67142 50.5 52.7847
    endloop
  endfacet
  facet normal -0.242934 0 -0.970043
    outer loop
      vertex 3.67142 53.5 52.7847
      vertex 3.19545 50.5 52.9039
      vertex 3.19545 53.5 52.9039
    endloop
  endfacet
  facet normal 0.146726 0 -0.989177
    outer loop
      vertex -22.7555 50.5 52.9039
      vertex -22.2701 53.5 52.9759
      vertex -22.2701 50.5 52.9759
    endloop
  endfacet
  facet normal 0.146726 0 -0.989177
    outer loop
      vertex -22.2701 53.5 52.9759
      vertex -22.7555 50.5 52.9039
      vertex -22.7555 53.5 52.9039
    endloop
  endfacet
  facet normal 0.514226 0 -0.857655
    outer loop
      vertex -24.5578 50.5 52.1573
      vertex -24.137 53.5 52.4096
      vertex -24.137 50.5 52.4096
    endloop
  endfacet
  facet normal 0.514226 0 -0.857655
    outer loop
      vertex -24.137 53.5 52.4096
      vertex -24.5578 50.5 52.1573
      vertex -24.5578 53.5 52.1573
    endloop
  endfacet
  facet normal 0.146726 0 0.989177
    outer loop
      vertex -22.7555 53.5 43.0961
      vertex -22.2701 50.5 43.0241
      vertex -22.2701 53.5 43.0241
    endloop
  endfacet
  facet normal 0.146726 0 0.989177
    outer loop
      vertex -22.2701 50.5 43.0241
      vertex -22.7555 53.5 43.0961
      vertex -22.7555 50.5 43.0961
    endloop
  endfacet
  facet normal -0.904003 0 0.427526
    outer loop
      vertex 6.62961 50.5 45.643
      vertex 6.8394 53.5 46.0866
      vertex 6.62961 53.5 45.643
    endloop
  endfacet
  facet normal -0.904003 0 0.427526
    outer loop
      vertex 6.8394 53.5 46.0866
      vertex 6.62961 50.5 45.643
      vertex 6.8394 50.5 46.0866
    endloop
  endfacet
  facet normal -0.97002 0 -0.243025
    outer loop
      vertex 7.12393 50.5 48.9755
      vertex 7.0047 53.5 49.4514
      vertex 7.12393 53.5 48.9755
    endloop
  endfacet
  facet normal -0.97002 -0 -0.243025
    outer loop
      vertex 7.0047 53.5 49.4514
      vertex 7.12393 50.5 48.9755
      vertex 7.0047 50.5 49.4514
    endloop
  endfacet
  facet normal -0.857745 0 -0.514076
    outer loop
      vertex 6.62961 50.5 50.357
      vertex 6.37735 53.5 50.7779
      vertex 6.62961 53.5 50.357
    endloop
  endfacet
  facet normal -0.857745 -0 -0.514076
    outer loop
      vertex 6.37735 53.5 50.7779
      vertex 6.62961 50.5 50.357
      vertex 6.37735 50.5 50.7779
    endloop
  endfacet
  facet normal -0.740887 0 -0.671629
    outer loop
      vertex 6.08505 50.5 51.172
      vertex 5.75553 53.5 51.5355
      vertex 6.08505 53.5 51.172
    endloop
  endfacet
  facet normal -0.740887 -0 -0.671629
    outer loop
      vertex 5.75553 53.5 51.5355
      vertex 6.08505 50.5 51.172
      vertex 5.75553 50.5 51.5355
    endloop
  endfacet
  facet normal -0.146735 0 -0.989176
    outer loop
      vertex 2.71008 50.5 52.9759
      vertex 3.19545 53.5 52.9039
      vertex 3.19545 50.5 52.9039
    endloop
  endfacet
  facet normal -0.146735 0 -0.989176
    outer loop
      vertex 3.19545 53.5 52.9039
      vertex 2.71008 50.5 52.9759
      vertex 2.71008 53.5 52.9759
    endloop
  endfacet
  facet normal -0.671658 0 -0.740861
    outer loop
      vertex 5.39197 50.5 51.8651
      vertex 5.75553 53.5 51.5355
      vertex 5.75553 50.5 51.5355
    endloop
  endfacet
  facet normal -0.671658 0 -0.740861
    outer loop
      vertex 5.75553 53.5 51.5355
      vertex 5.39197 50.5 51.8651
      vertex 5.39197 53.5 51.8651
    endloop
  endfacet
  facet normal 0.0491143 0 -0.998793
    outer loop
      vertex -22.2701 50.5 52.9759
      vertex -21.78 53.5 53
      vertex -21.78 50.5 53
    endloop
  endfacet
  facet normal 0.0491143 0 -0.998793
    outer loop
      vertex -21.78 53.5 53
      vertex -22.2701 50.5 52.9759
      vertex -22.2701 53.5 52.9759
    endloop
  endfacet
  facet normal 0.336879 0 -0.941548
    outer loop
      vertex -23.6934 50.5 52.6194
      vertex -23.2314 53.5 52.7847
      vertex -23.2314 50.5 52.7847
    endloop
  endfacet
  facet normal 0.336879 0 -0.941548
    outer loop
      vertex -23.2314 53.5 52.7847
      vertex -23.6934 50.5 52.6194
      vertex -23.6934 53.5 52.6194
    endloop
  endfacet
  facet normal 0.671719 0 -0.740806
    outer loop
      vertex -25.3155 50.5 51.5355
      vertex -24.952 53.5 51.8651
      vertex -24.952 50.5 51.8651
    endloop
  endfacet
  facet normal 0.671719 0 -0.740806
    outer loop
      vertex -24.952 53.5 51.8651
      vertex -25.3155 50.5 51.5355
      vertex -25.3155 53.5 51.5355
    endloop
  endfacet
  facet normal 0.595491 0 -0.803362
    outer loop
      vertex -24.952 50.5 51.8651
      vertex -24.5578 53.5 52.1573
      vertex -24.5578 50.5 52.1573
    endloop
  endfacet
  facet normal 0.595491 0 -0.803362
    outer loop
      vertex -24.5578 53.5 52.1573
      vertex -24.952 50.5 51.8651
      vertex -24.952 53.5 51.8651
    endloop
  endfacet
  facet normal 0.80329 0 -0.595588
    outer loop
      vertex -25.6451 50.5 51.172
      vertex -25.9373 53.5 50.7779
      vertex -25.6451 53.5 51.172
    endloop
  endfacet
  facet normal 0.80329 0 -0.595588
    outer loop
      vertex -25.9373 53.5 50.7779
      vertex -25.6451 50.5 51.172
      vertex -25.9373 50.5 50.7779
    endloop
  endfacet
  facet normal 0.80329 -0 0.595588
    outer loop
      vertex -25.9373 50.5 45.2221
      vertex -25.6451 53.5 44.828
      vertex -25.9373 53.5 45.2221
    endloop
  endfacet
  facet normal 0.80329 0 0.595588
    outer loop
      vertex -25.6451 53.5 44.828
      vertex -25.9373 50.5 45.2221
      vertex -25.6451 50.5 44.828
    endloop
  endfacet
  facet normal 0.740806 -0 0.671719
    outer loop
      vertex -25.6451 50.5 44.828
      vertex -25.3155 53.5 44.4645
      vertex -25.6451 53.5 44.828
    endloop
  endfacet
  facet normal 0.740806 0 0.671719
    outer loop
      vertex -25.3155 53.5 44.4645
      vertex -25.6451 50.5 44.828
      vertex -25.3155 50.5 44.4645
    endloop
  endfacet
  facet normal 0.595491 0 0.803362
    outer loop
      vertex -24.952 53.5 44.1349
      vertex -24.5578 50.5 43.8427
      vertex -24.5578 53.5 43.8427
    endloop
  endfacet
  facet normal 0.595491 0 0.803362
    outer loop
      vertex -24.5578 50.5 43.8427
      vertex -24.952 53.5 44.1349
      vertex -24.952 50.5 44.1349
    endloop
  endfacet
  facet normal 0.514226 0 0.857655
    outer loop
      vertex -24.5578 53.5 43.8427
      vertex -24.137 50.5 43.5904
      vertex -24.137 53.5 43.5904
    endloop
  endfacet
  facet normal 0.514226 0 0.857655
    outer loop
      vertex -24.137 50.5 43.5904
      vertex -24.5578 53.5 43.8427
      vertex -24.5578 50.5 43.8427
    endloop
  endfacet
  facet normal -0.740887 0 0.671629
    outer loop
      vertex 5.75553 50.5 44.4645
      vertex 6.08505 53.5 44.828
      vertex 5.75553 53.5 44.4645
    endloop
  endfacet
  facet normal -0.740887 0 0.671629
    outer loop
      vertex 6.08505 53.5 44.828
      vertex 5.75553 50.5 44.4645
      vertex 6.08505 50.5 44.828
    endloop
  endfacet
  facet normal -0.904003 0 -0.427526
    outer loop
      vertex 6.8394 50.5 49.9134
      vertex 6.62961 53.5 50.357
      vertex 6.8394 53.5 49.9134
    endloop
  endfacet
  facet normal -0.904003 -0 -0.427526
    outer loop
      vertex 6.62961 53.5 50.357
      vertex 6.8394 50.5 49.9134
      vertex 6.62961 50.5 50.357
    endloop
  endfacet
  facet normal -0.803192 0 -0.59572
    outer loop
      vertex 6.37735 50.5 50.7779
      vertex 6.08505 53.5 51.172
      vertex 6.37735 53.5 50.7779
    endloop
  endfacet
  facet normal -0.803192 -0 -0.59572
    outer loop
      vertex 6.08505 53.5 51.172
      vertex 6.37735 50.5 50.7779
      vertex 6.08505 50.5 51.172
    endloop
  endfacet
  facet normal 0.903995 0 -0.427543
    outer loop
      vertex -26.1896 50.5 50.357
      vertex -26.3994 53.5 49.9134
      vertex -26.1896 53.5 50.357
    endloop
  endfacet
  facet normal 0.903995 0 -0.427543
    outer loop
      vertex -26.3994 53.5 49.9134
      vertex -26.1896 50.5 50.357
      vertex -26.3994 50.5 49.9134
    endloop
  endfacet
  facet normal 0.336879 0 0.941548
    outer loop
      vertex -23.6934 53.5 43.3806
      vertex -23.2314 50.5 43.2153
      vertex -23.2314 53.5 43.2153
    endloop
  endfacet
  facet normal 0.336879 0 0.941548
    outer loop
      vertex -23.2314 50.5 43.2153
      vertex -23.6934 53.5 43.3806
      vertex -23.6934 50.5 43.3806
    endloop
  endfacet
  facet normal -0.595569 0 -0.803304
    outer loop
      vertex 4.99785 50.5 52.1573
      vertex 5.39197 53.5 51.8651
      vertex 5.39197 50.5 51.8651
    endloop
  endfacet
  facet normal -0.595569 0 -0.803304
    outer loop
      vertex 5.39197 53.5 51.8651
      vertex 4.99785 50.5 52.1573
      vertex 4.99785 53.5 52.1573
    endloop
  endfacet
  facet normal -0.514163 0 -0.857692
    outer loop
      vertex 4.57698 50.5 52.4096
      vertex 4.99785 53.5 52.1573
      vertex 4.99785 50.5 52.1573
    endloop
  endfacet
  facet normal -0.514163 0 -0.857692
    outer loop
      vertex 4.99785 53.5 52.1573
      vertex 4.57698 50.5 52.4096
      vertex 4.57698 53.5 52.4096
    endloop
  endfacet
  facet normal 0.427543 0 -0.903995
    outer loop
      vertex -24.137 50.5 52.4096
      vertex -23.6934 53.5 52.6194
      vertex -23.6934 50.5 52.6194
    endloop
  endfacet
  facet normal 0.427543 0 -0.903995
    outer loop
      vertex -23.6934 53.5 52.6194
      vertex -24.137 50.5 52.4096
      vertex -24.137 53.5 52.4096
    endloop
  endfacet
  facet normal 0.740806 0 -0.671719
    outer loop
      vertex -25.3155 50.5 51.5355
      vertex -25.6451 53.5 51.172
      vertex -25.3155 53.5 51.5355
    endloop
  endfacet
  facet normal 0.740806 0 -0.671719
    outer loop
      vertex -25.6451 53.5 51.172
      vertex -25.3155 50.5 51.5355
      vertex -25.6451 50.5 51.172
    endloop
  endfacet
  facet normal 0.998793 0 -0.0491143
    outer loop
      vertex -26.7559 50.5 48.4901
      vertex -26.78 53.5 48
      vertex -26.7559 53.5 48.4901
    endloop
  endfacet
  facet normal 0.998793 0 -0.0491143
    outer loop
      vertex -26.78 53.5 48
      vertex -26.7559 50.5 48.4901
      vertex -26.78 50.5 48
    endloop
  endfacet
  facet normal 0.857709 0 -0.514136
    outer loop
      vertex -25.9373 50.5 50.7779
      vertex -26.1896 53.5 50.357
      vertex -25.9373 53.5 50.7779
    endloop
  endfacet
  facet normal 0.857709 0 -0.514136
    outer loop
      vertex -26.1896 53.5 50.357
      vertex -25.9373 50.5 50.7779
      vertex -26.1896 50.5 50.357
    endloop
  endfacet
  facet normal 0.970034 0 -0.242967
    outer loop
      vertex -26.5647 50.5 49.4514
      vertex -26.6839 53.5 48.9755
      vertex -26.5647 53.5 49.4514
    endloop
  endfacet
  facet normal 0.970034 0 -0.242967
    outer loop
      vertex -26.6839 53.5 48.9755
      vertex -26.5647 50.5 49.4514
      vertex -26.6839 50.5 48.9755
    endloop
  endfacet
  facet normal 0.989177 0 -0.146726
    outer loop
      vertex -26.6839 50.5 48.9755
      vertex -26.7559 53.5 48.4901
      vertex -26.6839 53.5 48.9755
    endloop
  endfacet
  facet normal 0.989177 0 -0.146726
    outer loop
      vertex -26.7559 53.5 48.4901
      vertex -26.6839 50.5 48.9755
      vertex -26.7559 50.5 48.4901
    endloop
  endfacet
  facet normal 0.941548 0 -0.336879
    outer loop
      vertex -26.3994 50.5 49.9134
      vertex -26.5647 53.5 49.4514
      vertex -26.3994 53.5 49.9134
    endloop
  endfacet
  facet normal 0.941548 0 -0.336879
    outer loop
      vertex -26.5647 53.5 49.4514
      vertex -26.3994 50.5 49.9134
      vertex -26.5647 50.5 49.4514
    endloop
  endfacet
  facet normal -0.998791 0 0.0491484
    outer loop
      vertex 29.2295 50.5 11.5834
      vertex 29.25 53.5 12
      vertex 29.2295 53.5 11.5834
    endloop
  endfacet
  facet normal -0.998791 0 0.0491484
    outer loop
      vertex 29.25 53.5 12
      vertex 29.2295 50.5 11.5834
      vertex 29.25 50.5 12
    endloop
  endfacet
  facet normal 0.0490527 0 0.998796
    outer loop
      vertex 24.5834 53.5 7.77046
      vertex 25 50.5 7.75
      vertex 25 53.5 7.75
    endloop
  endfacet
  facet normal 0.0490527 0 0.998796
    outer loop
      vertex 25 50.5 7.75
      vertex 24.5834 53.5 7.77046
      vertex 24.5834 50.5 7.77046
    endloop
  endfacet
  facet normal -0.0491484 0 -0.998791
    outer loop
      vertex 25 50.5 16.25
      vertex 25.4166 53.5 16.2295
      vertex 25.4166 50.5 16.2295
    endloop
  endfacet
  facet normal -0.0491484 0 -0.998791
    outer loop
      vertex 25.4166 53.5 16.2295
      vertex 25 50.5 16.25
      vertex 25 53.5 16.25
    endloop
  endfacet
  facet normal -0.671597 0 0.740917
    outer loop
      vertex 27.6962 53.5 8.71471
      vertex 28.0052 50.5 8.9948
      vertex 28.0052 53.5 8.9948
    endloop
  endfacet
  facet normal -0.671597 0 0.740917
    outer loop
      vertex 28.0052 50.5 8.9948
      vertex 27.6962 53.5 8.71471
      vertex 27.6962 50.5 8.71471
    endloop
  endfacet
  facet normal 0.740937 -0 0.671574
    outer loop
      vertex 21.7147 50.5 9.30383
      vertex 21.9948 53.5 8.9948
      vertex 21.7147 53.5 9.30383
    endloop
  endfacet
  facet normal 0.740937 0 0.671574
    outer loop
      vertex 21.9948 53.5 8.9948
      vertex 21.7147 50.5 9.30383
      vertex 21.9948 50.5 8.9948
    endloop
  endfacet
  facet normal 0.427579 0 0.903978
    outer loop
      vertex 22.9966 53.5 8.25183
      vertex 23.3736 50.5 8.07351
      vertex 23.3736 53.5 8.07351
    endloop
  endfacet
  facet normal 0.427579 0 0.903978
    outer loop
      vertex 23.3736 50.5 8.07351
      vertex 22.9966 53.5 8.25183
      vertex 22.9966 50.5 8.25183
    endloop
  endfacet
  facet normal -0.904014 0 0.427503
    outer loop
      vertex 28.7482 50.5 9.99656
      vertex 28.9265 53.5 10.3736
      vertex 28.7482 53.5 9.99656
    endloop
  endfacet
  facet normal -0.904014 0 0.427503
    outer loop
      vertex 28.9265 53.5 10.3736
      vertex 28.7482 50.5 9.99656
      vertex 28.9265 50.5 10.3736
    endloop
  endfacet
  facet normal -0.336889 0 0.941544
    outer loop
      vertex 26.2337 53.5 7.933
      vertex 26.6264 50.5 8.07351
      vertex 26.6264 53.5 8.07351
    endloop
  endfacet
  facet normal -0.336889 0 0.941544
    outer loop
      vertex 26.6264 50.5 8.07351
      vertex 26.2337 53.5 7.933
      vertex 26.2337 50.5 7.933
    endloop
  endfacet
  facet normal -0.514037 0 0.857768
    outer loop
      vertex 27.0034 53.5 8.25183
      vertex 27.3612 50.5 8.46625
      vertex 27.3612 53.5 8.46625
    endloop
  endfacet
  facet normal -0.514037 0 0.857768
    outer loop
      vertex 27.3612 50.5 8.46625
      vertex 27.0034 53.5 8.25183
      vertex 27.0034 50.5 8.25183
    endloop
  endfacet
  facet normal 0.941552 -0 0.336868
    outer loop
      vertex 20.933 50.5 10.7663
      vertex 21.0735 53.5 10.3736
      vertex 20.933 53.5 10.7663
    endloop
  endfacet
  facet normal 0.941552 0 0.336868
    outer loop
      vertex 21.0735 53.5 10.3736
      vertex 20.933 50.5 10.7663
      vertex 21.0735 50.5 10.3736
    endloop
  endfacet
  facet normal 0.242964 0 0.970035
    outer loop
      vertex 23.7663 53.5 7.933
      vertex 24.1709 50.5 7.83166
      vertex 24.1709 53.5 7.83166
    endloop
  endfacet
  facet normal 0.242964 0 0.970035
    outer loop
      vertex 24.1709 50.5 7.83166
      vertex 23.7663 53.5 7.933
      vertex 23.7663 50.5 7.933
    endloop
  endfacet
  facet normal -0.146757 0 -0.989173
    outer loop
      vertex 25.4166 50.5 16.2295
      vertex 25.8291 53.5 16.1683
      vertex 25.8291 50.5 16.1683
    endloop
  endfacet
  facet normal -0.146757 0 -0.989173
    outer loop
      vertex 25.8291 53.5 16.1683
      vertex 25.4166 50.5 16.2295
      vertex 25.4166 53.5 16.2295
    endloop
  endfacet
  facet normal -0.42754 0 -0.903996
    outer loop
      vertex 26.6264 50.5 15.9265
      vertex 27.0034 53.5 15.7482
      vertex 27.0034 50.5 15.7482
    endloop
  endfacet
  facet normal -0.42754 0 -0.903996
    outer loop
      vertex 27.0034 53.5 15.7482
      vertex 26.6264 50.5 15.9265
      vertex 26.6264 53.5 15.9265
    endloop
  endfacet
  facet normal -0.970058 0 0.242874
    outer loop
      vertex 29.067 50.5 10.7663
      vertex 29.1683 53.5 11.1709
      vertex 29.067 53.5 10.7663
    endloop
  endfacet
  facet normal -0.970058 0 0.242874
    outer loop
      vertex 29.1683 53.5 11.1709
      vertex 29.067 50.5 10.7663
      vertex 29.1683 50.5 11.1709
    endloop
  endfacet
  facet normal -0.989173 0 0.146757
    outer loop
      vertex 29.1683 50.5 11.1709
      vertex 29.2295 53.5 11.5834
      vertex 29.1683 53.5 11.1709
    endloop
  endfacet
  facet normal -0.989173 0 0.146757
    outer loop
      vertex 29.2295 53.5 11.5834
      vertex 29.1683 50.5 11.1709
      vertex 29.2295 50.5 11.5834
    endloop
  endfacet
  facet normal -0.941552 0 0.336868
    outer loop
      vertex 28.9265 50.5 10.3736
      vertex 29.067 53.5 10.7663
      vertex 28.9265 53.5 10.3736
    endloop
  endfacet
  facet normal -0.941552 0 0.336868
    outer loop
      vertex 29.067 53.5 10.7663
      vertex 28.9265 50.5 10.3736
      vertex 29.067 50.5 10.7663
    endloop
  endfacet
  facet normal -0.803268 0 0.595617
    outer loop
      vertex 28.2853 50.5 9.30383
      vertex 28.5337 53.5 9.63883
      vertex 28.2853 53.5 9.30383
    endloop
  endfacet
  facet normal -0.803268 0 0.595617
    outer loop
      vertex 28.5337 53.5 9.63883
      vertex 28.2853 50.5 9.30383
      vertex 28.5337 50.5 9.63883
    endloop
  endfacet
  facet normal -0.740937 0 0.671574
    outer loop
      vertex 28.0052 50.5 8.9948
      vertex 28.2853 53.5 9.30383
      vertex 28.0052 53.5 8.9948
    endloop
  endfacet
  facet normal -0.740937 0 0.671574
    outer loop
      vertex 28.2853 53.5 9.30383
      vertex 28.0052 50.5 8.9948
      vertex 28.2853 50.5 9.30383
    endloop
  endfacet
  facet normal -0.857639 0 0.514252
    outer loop
      vertex 28.5337 50.5 9.63883
      vertex 28.7482 53.5 9.99656
      vertex 28.5337 53.5 9.63883
    endloop
  endfacet
  facet normal -0.857639 0 0.514252
    outer loop
      vertex 28.7482 53.5 9.99656
      vertex 28.5337 50.5 9.63883
      vertex 28.7482 50.5 9.99656
    endloop
  endfacet
  facet normal -0.146757 0 0.989173
    outer loop
      vertex 25.4166 53.5 7.77046
      vertex 25.8291 50.5 7.83166
      vertex 25.8291 53.5 7.83166
    endloop
  endfacet
  facet normal -0.146757 0 0.989173
    outer loop
      vertex 25.8291 50.5 7.83166
      vertex 25.4166 53.5 7.77046
      vertex 25.4166 50.5 7.77046
    endloop
  endfacet
  facet normal -0.242964 0 0.970035
    outer loop
      vertex 25.8291 53.5 7.83166
      vertex 26.2337 50.5 7.933
      vertex 26.2337 53.5 7.933
    endloop
  endfacet
  facet normal -0.242964 0 0.970035
    outer loop
      vertex 26.2337 50.5 7.933
      vertex 25.8291 53.5 7.83166
      vertex 25.8291 50.5 7.83166
    endloop
  endfacet
  facet normal -0.0490527 0 0.998796
    outer loop
      vertex 25 53.5 7.75
      vertex 25.4166 50.5 7.77046
      vertex 25.4166 53.5 7.77046
    endloop
  endfacet
  facet normal -0.0490527 0 0.998796
    outer loop
      vertex 25.4166 50.5 7.77046
      vertex 25 53.5 7.75
      vertex 25 50.5 7.75
    endloop
  endfacet
  facet normal -0.427579 0 0.903978
    outer loop
      vertex 26.6264 53.5 8.07351
      vertex 27.0034 50.5 8.25183
      vertex 27.0034 53.5 8.25183
    endloop
  endfacet
  facet normal -0.427579 0 0.903978
    outer loop
      vertex 27.0034 50.5 8.25183
      vertex 26.6264 53.5 8.07351
      vertex 26.6264 50.5 8.07351
    endloop
  endfacet
  facet normal -0.59571 0 0.803199
    outer loop
      vertex 27.3612 53.5 8.46625
      vertex 27.6962 50.5 8.71471
      vertex 27.6962 53.5 8.71471
    endloop
  endfacet
  facet normal -0.59571 0 0.803199
    outer loop
      vertex 27.6962 50.5 8.71471
      vertex 27.3612 53.5 8.46625
      vertex 27.3612 50.5 8.46625
    endloop
  endfacet
  facet normal 0.989173 -0 0.146757
    outer loop
      vertex 20.7705 50.5 11.5834
      vertex 20.8317 53.5 11.1709
      vertex 20.7705 53.5 11.5834
    endloop
  endfacet
  facet normal 0.989173 0 0.146757
    outer loop
      vertex 20.8317 53.5 11.1709
      vertex 20.7705 50.5 11.5834
      vertex 20.8317 50.5 11.1709
    endloop
  endfacet
  facet normal 0.857639 -0 0.514252
    outer loop
      vertex 21.2518 50.5 9.99656
      vertex 21.4663 53.5 9.63883
      vertex 21.2518 53.5 9.99656
    endloop
  endfacet
  facet normal 0.857639 0 0.514252
    outer loop
      vertex 21.4663 53.5 9.63883
      vertex 21.2518 50.5 9.99656
      vertex 21.4663 50.5 9.63883
    endloop
  endfacet
  facet normal 0.803268 -0 0.595617
    outer loop
      vertex 21.4663 50.5 9.63883
      vertex 21.7147 53.5 9.30383
      vertex 21.4663 53.5 9.63883
    endloop
  endfacet
  facet normal 0.803268 0 0.595617
    outer loop
      vertex 21.7147 53.5 9.30383
      vertex 21.4663 50.5 9.63883
      vertex 21.7147 50.5 9.30383
    endloop
  endfacet
  facet normal 0.904014 -0 0.427503
    outer loop
      vertex 21.0735 50.5 10.3736
      vertex 21.2518 53.5 9.99656
      vertex 21.0735 53.5 10.3736
    endloop
  endfacet
  facet normal 0.904014 0 0.427503
    outer loop
      vertex 21.2518 53.5 9.99656
      vertex 21.0735 50.5 10.3736
      vertex 21.2518 50.5 9.99656
    endloop
  endfacet
  facet normal 0.970058 -0 0.242874
    outer loop
      vertex 20.8317 50.5 11.1709
      vertex 20.933 53.5 10.7663
      vertex 20.8317 53.5 11.1709
    endloop
  endfacet
  facet normal 0.970058 0 0.242874
    outer loop
      vertex 20.933 53.5 10.7663
      vertex 20.8317 50.5 11.1709
      vertex 20.933 50.5 10.7663
    endloop
  endfacet
  facet normal 0.998791 -0 0.0491484
    outer loop
      vertex 20.75 50.5 12
      vertex 20.7705 53.5 11.5834
      vertex 20.75 53.5 12
    endloop
  endfacet
  facet normal 0.998791 0 0.0491484
    outer loop
      vertex 20.7705 53.5 11.5834
      vertex 20.75 50.5 12
      vertex 20.7705 50.5 11.5834
    endloop
  endfacet
  facet normal 0.59571 0 0.803199
    outer loop
      vertex 22.3038 53.5 8.71471
      vertex 22.6388 50.5 8.46625
      vertex 22.6388 53.5 8.46625
    endloop
  endfacet
  facet normal 0.59571 0 0.803199
    outer loop
      vertex 22.6388 50.5 8.46625
      vertex 22.3038 53.5 8.71471
      vertex 22.3038 50.5 8.71471
    endloop
  endfacet
  facet normal 0.514037 0 0.857768
    outer loop
      vertex 22.6388 53.5 8.46625
      vertex 22.9966 50.5 8.25183
      vertex 22.9966 53.5 8.25183
    endloop
  endfacet
  facet normal 0.514037 0 0.857768
    outer loop
      vertex 22.9966 50.5 8.25183
      vertex 22.6388 53.5 8.46625
      vertex 22.6388 50.5 8.46625
    endloop
  endfacet
  facet normal 0.671597 0 0.740917
    outer loop
      vertex 21.9948 53.5 8.9948
      vertex 22.3038 50.5 8.71471
      vertex 22.3038 53.5 8.71471
    endloop
  endfacet
  facet normal 0.671597 0 0.740917
    outer loop
      vertex 22.3038 50.5 8.71471
      vertex 21.9948 53.5 8.9948
      vertex 21.9948 50.5 8.9948
    endloop
  endfacet
  facet normal 0.336889 0 0.941544
    outer loop
      vertex 23.3736 53.5 8.07351
      vertex 23.7663 50.5 7.933
      vertex 23.7663 53.5 7.933
    endloop
  endfacet
  facet normal 0.336889 0 0.941544
    outer loop
      vertex 23.7663 50.5 7.933
      vertex 23.3736 53.5 8.07351
      vertex 23.3736 50.5 8.07351
    endloop
  endfacet
  facet normal 0.146757 0 0.989173
    outer loop
      vertex 24.1709 53.5 7.83166
      vertex 24.5834 50.5 7.77046
      vertex 24.5834 53.5 7.77046
    endloop
  endfacet
  facet normal 0.146757 0 0.989173
    outer loop
      vertex 24.5834 50.5 7.77046
      vertex 24.1709 53.5 7.83166
      vertex 24.1709 50.5 7.83166
    endloop
  endfacet
  facet normal -0.998791 0 -0.0491484
    outer loop
      vertex 29.25 50.5 12
      vertex 29.2295 53.5 12.4166
      vertex 29.25 53.5 12
    endloop
  endfacet
  facet normal -0.998791 -0 -0.0491484
    outer loop
      vertex 29.2295 53.5 12.4166
      vertex 29.25 50.5 12
      vertex 29.2295 50.5 12.4166
    endloop
  endfacet
  facet normal -0.740905 0 -0.67161
    outer loop
      vertex 28.2853 50.5 14.6962
      vertex 28.0052 53.5 15.0052
      vertex 28.2853 53.5 14.6962
    endloop
  endfacet
  facet normal -0.740905 -0 -0.67161
    outer loop
      vertex 28.0052 53.5 15.0052
      vertex 28.2853 50.5 14.6962
      vertex 28.0052 50.5 15.0052
    endloop
  endfacet
  facet normal 0.857683 0 -0.514178
    outer loop
      vertex 21.4663 50.5 14.3612
      vertex 21.2518 53.5 14.0034
      vertex 21.4663 53.5 14.3612
    endloop
  endfacet
  facet normal 0.857683 0 -0.514178
    outer loop
      vertex 21.2518 53.5 14.0034
      vertex 21.4663 50.5 14.3612
      vertex 21.2518 50.5 14.0034
    endloop
  endfacet
  facet normal 0.998791 0 -0.0491484
    outer loop
      vertex 20.7705 50.5 12.4166
      vertex 20.75 53.5 12
      vertex 20.7705 53.5 12.4166
    endloop
  endfacet
  facet normal 0.998791 0 -0.0491484
    outer loop
      vertex 20.75 53.5 12
      vertex 20.7705 50.5 12.4166
      vertex 20.75 50.5 12
    endloop
  endfacet
  facet normal -0.970058 0 -0.242874
    outer loop
      vertex 29.1683 50.5 12.8291
      vertex 29.067 53.5 13.2337
      vertex 29.1683 53.5 12.8291
    endloop
  endfacet
  facet normal -0.970058 -0 -0.242874
    outer loop
      vertex 29.067 53.5 13.2337
      vertex 29.1683 50.5 12.8291
      vertex 29.067 50.5 13.2337
    endloop
  endfacet
  facet normal -0.803268 0 -0.595617
    outer loop
      vertex 28.5337 50.5 14.3612
      vertex 28.2853 53.5 14.6962
      vertex 28.5337 53.5 14.3612
    endloop
  endfacet
  facet normal -0.803268 -0 -0.595617
    outer loop
      vertex 28.2853 53.5 14.6962
      vertex 28.5337 50.5 14.3612
      vertex 28.2853 50.5 14.6962
    endloop
  endfacet
  facet normal -0.67161 0 -0.740905
    outer loop
      vertex 27.6962 50.5 15.2853
      vertex 28.0052 53.5 15.0052
      vertex 28.0052 50.5 15.0052
    endloop
  endfacet
  facet normal -0.67161 0 -0.740905
    outer loop
      vertex 28.0052 53.5 15.0052
      vertex 27.6962 50.5 15.2853
      vertex 27.6962 53.5 15.2853
    endloop
  endfacet
  facet normal -0.903996 0 -0.42754
    outer loop
      vertex 28.9265 50.5 13.6264
      vertex 28.7482 53.5 14.0034
      vertex 28.9265 53.5 13.6264
    endloop
  endfacet
  facet normal -0.903996 -0 -0.42754
    outer loop
      vertex 28.7482 53.5 14.0034
      vertex 28.9265 50.5 13.6264
      vertex 28.7482 50.5 14.0034
    endloop
  endfacet
  facet normal 0.740905 0 -0.67161
    outer loop
      vertex 21.9948 50.5 15.0052
      vertex 21.7147 53.5 14.6962
      vertex 21.9948 53.5 15.0052
    endloop
  endfacet
  facet normal 0.740905 0 -0.67161
    outer loop
      vertex 21.7147 53.5 14.6962
      vertex 21.9948 50.5 15.0052
      vertex 21.7147 50.5 14.6962
    endloop
  endfacet
  facet normal 0.941552 0 -0.336868
    outer loop
      vertex 21.0735 50.5 13.6264
      vertex 20.933 53.5 13.2337
      vertex 21.0735 53.5 13.6264
    endloop
  endfacet
  facet normal 0.941552 0 -0.336868
    outer loop
      vertex 20.933 53.5 13.2337
      vertex 21.0735 50.5 13.6264
      vertex 20.933 50.5 13.2337
    endloop
  endfacet
  facet normal -0.242874 0 -0.970058
    outer loop
      vertex 25.8291 50.5 16.1683
      vertex 26.2337 53.5 16.067
      vertex 26.2337 50.5 16.067
    endloop
  endfacet
  facet normal -0.242874 0 -0.970058
    outer loop
      vertex 26.2337 53.5 16.067
      vertex 25.8291 50.5 16.1683
      vertex 25.8291 53.5 16.1683
    endloop
  endfacet
  facet normal -0.989173 0 -0.146757
    outer loop
      vertex 29.2295 50.5 12.4166
      vertex 29.1683 53.5 12.8291
      vertex 29.2295 53.5 12.4166
    endloop
  endfacet
  facet normal -0.989173 -0 -0.146757
    outer loop
      vertex 29.1683 53.5 12.8291
      vertex 29.2295 50.5 12.4166
      vertex 29.1683 50.5 12.8291
    endloop
  endfacet
  facet normal -0.857683 0 -0.514178
    outer loop
      vertex 28.7482 50.5 14.0034
      vertex 28.5337 53.5 14.3612
      vertex 28.7482 53.5 14.0034
    endloop
  endfacet
  facet normal -0.857683 -0 -0.514178
    outer loop
      vertex 28.5337 53.5 14.3612
      vertex 28.7482 50.5 14.0034
      vertex 28.5337 50.5 14.3612
    endloop
  endfacet
  facet normal -0.595617 0 -0.803268
    outer loop
      vertex 27.3612 50.5 15.5337
      vertex 27.6962 53.5 15.2853
      vertex 27.6962 50.5 15.2853
    endloop
  endfacet
  facet normal -0.595617 0 -0.803268
    outer loop
      vertex 27.6962 53.5 15.2853
      vertex 27.3612 50.5 15.5337
      vertex 27.3612 53.5 15.5337
    endloop
  endfacet
  facet normal -0.514178 0 -0.857683
    outer loop
      vertex 27.0034 50.5 15.7482
      vertex 27.3612 53.5 15.5337
      vertex 27.3612 50.5 15.5337
    endloop
  endfacet
  facet normal -0.514178 0 -0.857683
    outer loop
      vertex 27.3612 53.5 15.5337
      vertex 27.0034 50.5 15.7482
      vertex 27.0034 53.5 15.7482
    endloop
  endfacet
  facet normal -0.941552 0 -0.336868
    outer loop
      vertex 29.067 50.5 13.2337
      vertex 28.9265 53.5 13.6264
      vertex 29.067 53.5 13.2337
    endloop
  endfacet
  facet normal -0.941552 -0 -0.336868
    outer loop
      vertex 28.9265 53.5 13.6264
      vertex 29.067 50.5 13.2337
      vertex 28.9265 50.5 13.6264
    endloop
  endfacet
  facet normal 0.0491484 0 -0.998791
    outer loop
      vertex 24.5834 50.5 16.2295
      vertex 25 53.5 16.25
      vertex 25 50.5 16.25
    endloop
  endfacet
  facet normal 0.0491484 0 -0.998791
    outer loop
      vertex 25 53.5 16.25
      vertex 24.5834 50.5 16.2295
      vertex 24.5834 53.5 16.2295
    endloop
  endfacet
  facet normal 0.42754 0 -0.903996
    outer loop
      vertex 22.9966 50.5 15.7482
      vertex 23.3736 53.5 15.9265
      vertex 23.3736 50.5 15.9265
    endloop
  endfacet
  facet normal 0.42754 0 -0.903996
    outer loop
      vertex 23.3736 53.5 15.9265
      vertex 22.9966 50.5 15.7482
      vertex 22.9966 53.5 15.7482
    endloop
  endfacet
  facet normal 0.803268 0 -0.595617
    outer loop
      vertex 21.7147 50.5 14.6962
      vertex 21.4663 53.5 14.3612
      vertex 21.7147 53.5 14.6962
    endloop
  endfacet
  facet normal 0.803268 0 -0.595617
    outer loop
      vertex 21.4663 53.5 14.3612
      vertex 21.7147 50.5 14.6962
      vertex 21.4663 50.5 14.3612
    endloop
  endfacet
  facet normal 0.67161 0 -0.740905
    outer loop
      vertex 21.9948 50.5 15.0052
      vertex 22.3038 53.5 15.2853
      vertex 22.3038 50.5 15.2853
    endloop
  endfacet
  facet normal 0.67161 0 -0.740905
    outer loop
      vertex 22.3038 53.5 15.2853
      vertex 21.9948 50.5 15.0052
      vertex 21.9948 53.5 15.0052
    endloop
  endfacet
  facet normal 0.903996 0 -0.42754
    outer loop
      vertex 21.2518 50.5 14.0034
      vertex 21.0735 53.5 13.6264
      vertex 21.2518 53.5 14.0034
    endloop
  endfacet
  facet normal 0.903996 0 -0.42754
    outer loop
      vertex 21.0735 53.5 13.6264
      vertex 21.2518 50.5 14.0034
      vertex 21.0735 50.5 13.6264
    endloop
  endfacet
  facet normal 0.970058 0 -0.242874
    outer loop
      vertex 20.933 50.5 13.2337
      vertex 20.8317 53.5 12.8291
      vertex 20.933 53.5 13.2337
    endloop
  endfacet
  facet normal 0.970058 0 -0.242874
    outer loop
      vertex 20.8317 53.5 12.8291
      vertex 20.933 50.5 13.2337
      vertex 20.8317 50.5 12.8291
    endloop
  endfacet
  facet normal 0.989173 0 -0.146757
    outer loop
      vertex 20.8317 50.5 12.8291
      vertex 20.7705 53.5 12.4166
      vertex 20.8317 53.5 12.8291
    endloop
  endfacet
  facet normal 0.989173 0 -0.146757
    outer loop
      vertex 20.7705 53.5 12.4166
      vertex 20.8317 50.5 12.8291
      vertex 20.7705 50.5 12.4166
    endloop
  endfacet
  facet normal 0.146757 0 -0.989173
    outer loop
      vertex 24.1709 50.5 16.1683
      vertex 24.5834 53.5 16.2295
      vertex 24.5834 50.5 16.2295
    endloop
  endfacet
  facet normal 0.146757 0 -0.989173
    outer loop
      vertex 24.5834 53.5 16.2295
      vertex 24.1709 50.5 16.1683
      vertex 24.1709 53.5 16.1683
    endloop
  endfacet
  facet normal -0.336868 0 -0.941552
    outer loop
      vertex 26.2337 50.5 16.067
      vertex 26.6264 53.5 15.9265
      vertex 26.6264 50.5 15.9265
    endloop
  endfacet
  facet normal -0.336868 0 -0.941552
    outer loop
      vertex 26.6264 53.5 15.9265
      vertex 26.2337 50.5 16.067
      vertex 26.2337 53.5 16.067
    endloop
  endfacet
  facet normal 0.242874 0 -0.970058
    outer loop
      vertex 23.7663 50.5 16.067
      vertex 24.1709 53.5 16.1683
      vertex 24.1709 50.5 16.1683
    endloop
  endfacet
  facet normal 0.242874 0 -0.970058
    outer loop
      vertex 24.1709 53.5 16.1683
      vertex 23.7663 50.5 16.067
      vertex 23.7663 53.5 16.067
    endloop
  endfacet
  facet normal 0.336868 0 -0.941552
    outer loop
      vertex 23.3736 50.5 15.9265
      vertex 23.7663 53.5 16.067
      vertex 23.7663 50.5 16.067
    endloop
  endfacet
  facet normal 0.336868 0 -0.941552
    outer loop
      vertex 23.7663 53.5 16.067
      vertex 23.3736 50.5 15.9265
      vertex 23.3736 53.5 15.9265
    endloop
  endfacet
  facet normal 0.514178 0 -0.857683
    outer loop
      vertex 22.6388 50.5 15.5337
      vertex 22.9966 53.5 15.7482
      vertex 22.9966 50.5 15.7482
    endloop
  endfacet
  facet normal 0.514178 0 -0.857683
    outer loop
      vertex 22.9966 53.5 15.7482
      vertex 22.6388 50.5 15.5337
      vertex 22.6388 53.5 15.5337
    endloop
  endfacet
  facet normal 0.595617 0 -0.803268
    outer loop
      vertex 22.3038 50.5 15.2853
      vertex 22.6388 53.5 15.5337
      vertex 22.6388 50.5 15.5337
    endloop
  endfacet
  facet normal 0.595617 0 -0.803268
    outer loop
      vertex 22.6388 53.5 15.5337
      vertex 22.3038 50.5 15.2853
      vertex 22.3038 53.5 15.2853
    endloop
  endfacet
  facet normal -0.99879 0 0.0491787
    outer loop
      vertex -21.2681 -53.5 31.6324
      vertex -21.25 -50.5 32
      vertex -21.2681 -50.5 31.6324
    endloop
  endfacet
  facet normal -0.99879 0 0.0491787
    outer loop
      vertex -21.25 -50.5 32
      vertex -21.2681 -53.5 31.6324
      vertex -21.25 -53.5 32
    endloop
  endfacet
  facet normal 0.99879 -0 0.0491787
    outer loop
      vertex -28.75 -53.5 32
      vertex -28.7319 -50.5 31.6324
      vertex -28.75 -50.5 32
    endloop
  endfacet
  facet normal 0.99879 0 0.0491787
    outer loop
      vertex -28.7319 -50.5 31.6324
      vertex -28.75 -53.5 32
      vertex -28.7319 -53.5 31.6324
    endloop
  endfacet
  facet normal 0.0491787 0 0.99879
    outer loop
      vertex -25.3676 -50.5 28.2681
      vertex -25 -53.5 28.25
      vertex -25 -50.5 28.25
    endloop
  endfacet
  facet normal 0.0491787 0 0.99879
    outer loop
      vertex -25 -53.5 28.25
      vertex -25.3676 -50.5 28.2681
      vertex -25.3676 -53.5 28.2681
    endloop
  endfacet
  facet normal -0.671468 0 0.741033
    outer loop
      vertex -22.621 -50.5 29.1012
      vertex -22.3483 -53.5 29.3483
      vertex -22.3483 -50.5 29.3483
    endloop
  endfacet
  facet normal -0.671468 0 0.741033
    outer loop
      vertex -22.3483 -53.5 29.3483
      vertex -22.621 -50.5 29.1012
      vertex -22.621 -53.5 29.1012
    endloop
  endfacet
  facet normal 0.671603 0 0.740911
    outer loop
      vertex -27.6516 -50.5 29.3483
      vertex -27.379 -53.5 29.1012
      vertex -27.379 -50.5 29.1012
    endloop
  endfacet
  facet normal 0.671603 0 0.740911
    outer loop
      vertex -27.379 -53.5 29.1012
      vertex -27.6516 -50.5 29.3483
      vertex -27.6516 -53.5 29.3483
    endloop
  endfacet
  facet normal 0.336698 0 0.941613
    outer loop
      vertex -26.4351 -50.5 28.5354
      vertex -26.0886 -53.5 28.4115
      vertex -26.0886 -50.5 28.4115
    endloop
  endfacet
  facet normal 0.336698 0 0.941613
    outer loop
      vertex -26.0886 -53.5 28.4115
      vertex -26.4351 -50.5 28.5354
      vertex -26.4351 -53.5 28.5354
    endloop
  endfacet
  facet normal -0.903893 0 0.427759
    outer loop
      vertex -21.6928 -53.5 30.2323
      vertex -21.5354 -50.5 30.5649
      vertex -21.6928 -50.5 30.2323
    endloop
  endfacet
  facet normal -0.903893 0 0.427759
    outer loop
      vertex -21.5354 -50.5 30.5649
      vertex -21.6928 -53.5 30.2323
      vertex -21.5354 -53.5 30.5649
    endloop
  endfacet
  facet normal -0.336698 0 0.941613
    outer loop
      vertex -23.9114 -50.5 28.4115
      vertex -23.5649 -53.5 28.5354
      vertex -23.5649 -50.5 28.5354
    endloop
  endfacet
  facet normal -0.336698 0 0.941613
    outer loop
      vertex -23.5649 -53.5 28.5354
      vertex -23.9114 -50.5 28.4115
      vertex -23.9114 -53.5 28.4115
    endloop
  endfacet
  facet normal -0.514056 0 0.857757
    outer loop
      vertex -23.2323 -50.5 28.6928
      vertex -22.9166 -53.5 28.882
      vertex -22.9166 -50.5 28.882
    endloop
  endfacet
  facet normal -0.514056 0 0.857757
    outer loop
      vertex -22.9166 -53.5 28.882
      vertex -23.2323 -50.5 28.6928
      vertex -23.2323 -53.5 28.6928
    endloop
  endfacet
  facet normal 0.903998 -0 0.427537
    outer loop
      vertex -28.4645 -53.5 30.5649
      vertex -28.3072 -50.5 30.2323
      vertex -28.4645 -50.5 30.5649
    endloop
  endfacet
  facet normal 0.903998 0 0.427537
    outer loop
      vertex -28.3072 -50.5 30.2323
      vertex -28.4645 -53.5 30.5649
      vertex -28.3072 -53.5 30.2323
    endloop
  endfacet
  facet normal 0.146746 0 0.989174
    outer loop
      vertex -25.7316 -50.5 28.3221
      vertex -25.3676 -53.5 28.2681
      vertex -25.3676 -50.5 28.2681
    endloop
  endfacet
  facet normal 0.146746 0 0.989174
    outer loop
      vertex -25.3676 -53.5 28.2681
      vertex -25.7316 -50.5 28.3221
      vertex -25.7316 -53.5 28.3221
    endloop
  endfacet
  facet normal -0.970047 0 0.242919
    outer loop
      vertex -21.4115 -53.5 30.9114
      vertex -21.3221 -50.5 31.2684
      vertex -21.4115 -50.5 30.9114
    endloop
  endfacet
  facet normal -0.970047 0 0.242919
    outer loop
      vertex -21.3221 -50.5 31.2684
      vertex -21.4115 -53.5 30.9114
      vertex -21.3221 -53.5 31.2684
    endloop
  endfacet
  facet normal -0.989174 0 0.146746
    outer loop
      vertex -21.3221 -53.5 31.2684
      vertex -21.2681 -50.5 31.6324
      vertex -21.3221 -50.5 31.2684
    endloop
  endfacet
  facet normal -0.989174 0 0.146746
    outer loop
      vertex -21.2681 -50.5 31.6324
      vertex -21.3221 -53.5 31.2684
      vertex -21.2681 -53.5 31.6324
    endloop
  endfacet
  facet normal -0.941613 0 0.336698
    outer loop
      vertex -21.5354 -53.5 30.5649
      vertex -21.4115 -50.5 30.9114
      vertex -21.5354 -50.5 30.5649
    endloop
  endfacet
  facet normal -0.941613 0 0.336698
    outer loop
      vertex -21.4115 -50.5 30.9114
      vertex -21.5354 -53.5 30.5649
      vertex -21.4115 -53.5 30.9114
    endloop
  endfacet
  facet normal -0.803249 0 0.595643
    outer loop
      vertex -22.1012 -53.5 29.621
      vertex -21.882 -50.5 29.9166
      vertex -22.1012 -50.5 29.621
    endloop
  endfacet
  facet normal -0.803249 0 0.595643
    outer loop
      vertex -21.882 -50.5 29.9166
      vertex -22.1012 -53.5 29.621
      vertex -21.882 -53.5 29.9166
    endloop
  endfacet
  facet normal -0.741033 0 0.671468
    outer loop
      vertex -22.3483 -53.5 29.3483
      vertex -22.1012 -50.5 29.621
      vertex -22.3483 -50.5 29.3483
    endloop
  endfacet
  facet normal -0.741033 0 0.671468
    outer loop
      vertex -22.1012 -50.5 29.621
      vertex -22.3483 -53.5 29.3483
      vertex -22.1012 -53.5 29.621
    endloop
  endfacet
  facet normal -0.857757 0 0.514056
    outer loop
      vertex -21.882 -53.5 29.9166
      vertex -21.6928 -50.5 30.2323
      vertex -21.882 -50.5 29.9166
    endloop
  endfacet
  facet normal -0.857757 0 0.514056
    outer loop
      vertex -21.6928 -50.5 30.2323
      vertex -21.882 -53.5 29.9166
      vertex -21.6928 -53.5 30.2323
    endloop
  endfacet
  facet normal -0.146746 0 0.989174
    outer loop
      vertex -24.6324 -50.5 28.2681
      vertex -24.2684 -53.5 28.3221
      vertex -24.2684 -50.5 28.3221
    endloop
  endfacet
  facet normal -0.146746 0 0.989174
    outer loop
      vertex -24.2684 -53.5 28.3221
      vertex -24.6324 -50.5 28.2681
      vertex -24.6324 -53.5 28.2681
    endloop
  endfacet
  facet normal -0.242919 0 0.970047
    outer loop
      vertex -24.2684 -50.5 28.3221
      vertex -23.9114 -53.5 28.4115
      vertex -23.9114 -50.5 28.4115
    endloop
  endfacet
  facet normal -0.242919 0 0.970047
    outer loop
      vertex -23.9114 -53.5 28.4115
      vertex -24.2684 -50.5 28.3221
      vertex -24.2684 -53.5 28.3221
    endloop
  endfacet
  facet normal -0.0491787 0 0.99879
    outer loop
      vertex -25 -50.5 28.25
      vertex -24.6324 -53.5 28.2681
      vertex -24.6324 -50.5 28.2681
    endloop
  endfacet
  facet normal -0.0491787 0 0.99879
    outer loop
      vertex -24.6324 -53.5 28.2681
      vertex -25 -50.5 28.25
      vertex -25 -53.5 28.25
    endloop
  endfacet
  facet normal -0.427759 0 0.903893
    outer loop
      vertex -23.5649 -50.5 28.5354
      vertex -23.2323 -53.5 28.6928
      vertex -23.2323 -50.5 28.6928
    endloop
  endfacet
  facet normal -0.427759 0 0.903893
    outer loop
      vertex -23.2323 -53.5 28.6928
      vertex -23.5649 -50.5 28.5354
      vertex -23.5649 -53.5 28.5354
    endloop
  endfacet
  facet normal -0.595643 0 0.803249
    outer loop
      vertex -22.9166 -50.5 28.882
      vertex -22.621 -53.5 29.1012
      vertex -22.621 -50.5 29.1012
    endloop
  endfacet
  facet normal -0.595643 0 0.803249
    outer loop
      vertex -22.621 -53.5 29.1012
      vertex -22.9166 -50.5 28.882
      vertex -22.9166 -53.5 28.882
    endloop
  endfacet
  facet normal 0.970047 -0 0.242919
    outer loop
      vertex -28.6779 -53.5 31.2684
      vertex -28.5885 -50.5 30.9114
      vertex -28.6779 -50.5 31.2684
    endloop
  endfacet
  facet normal 0.970047 0 0.242919
    outer loop
      vertex -28.5885 -50.5 30.9114
      vertex -28.6779 -53.5 31.2684
      vertex -28.5885 -53.5 30.9114
    endloop
  endfacet
  facet normal 0.803249 -0 0.595643
    outer loop
      vertex -28.118 -53.5 29.9166
      vertex -27.8988 -50.5 29.621
      vertex -28.118 -50.5 29.9166
    endloop
  endfacet
  facet normal 0.803249 0 0.595643
    outer loop
      vertex -27.8988 -50.5 29.621
      vertex -28.118 -53.5 29.9166
      vertex -27.8988 -53.5 29.621
    endloop
  endfacet
  facet normal 0.740898 -0 0.671617
    outer loop
      vertex -27.8988 -53.5 29.621
      vertex -27.6516 -50.5 29.3483
      vertex -27.8988 -50.5 29.621
    endloop
  endfacet
  facet normal 0.740898 0 0.671617
    outer loop
      vertex -27.6516 -50.5 29.3483
      vertex -27.8988 -53.5 29.621
      vertex -27.6516 -53.5 29.3483
    endloop
  endfacet
  facet normal 0.857757 -0 0.514056
    outer loop
      vertex -28.3072 -53.5 30.2323
      vertex -28.118 -50.5 29.9166
      vertex -28.3072 -50.5 30.2323
    endloop
  endfacet
  facet normal 0.857757 0 0.514056
    outer loop
      vertex -28.118 -50.5 29.9166
      vertex -28.3072 -53.5 30.2323
      vertex -28.118 -53.5 29.9166
    endloop
  endfacet
  facet normal 0.941527 -0 0.336939
    outer loop
      vertex -28.5885 -53.5 30.9114
      vertex -28.4645 -50.5 30.5649
      vertex -28.5885 -50.5 30.9114
    endloop
  endfacet
  facet normal 0.941527 0 0.336939
    outer loop
      vertex -28.4645 -50.5 30.5649
      vertex -28.5885 -53.5 30.9114
      vertex -28.4645 -53.5 30.5649
    endloop
  endfacet
  facet normal 0.989174 -0 0.146746
    outer loop
      vertex -28.7319 -53.5 31.6324
      vertex -28.6779 -50.5 31.2684
      vertex -28.7319 -50.5 31.6324
    endloop
  endfacet
  facet normal 0.989174 0 0.146746
    outer loop
      vertex -28.6779 -50.5 31.2684
      vertex -28.7319 -53.5 31.6324
      vertex -28.6779 -53.5 31.2684
    endloop
  endfacet
  facet normal 0.514056 0 0.857757
    outer loop
      vertex -27.0834 -50.5 28.882
      vertex -26.7677 -53.5 28.6928
      vertex -26.7677 -50.5 28.6928
    endloop
  endfacet
  facet normal 0.514056 0 0.857757
    outer loop
      vertex -26.7677 -53.5 28.6928
      vertex -27.0834 -50.5 28.882
      vertex -27.0834 -53.5 28.882
    endloop
  endfacet
  facet normal 0.427759 0 0.903893
    outer loop
      vertex -26.7677 -50.5 28.6928
      vertex -26.4351 -53.5 28.5354
      vertex -26.4351 -50.5 28.5354
    endloop
  endfacet
  facet normal 0.427759 0 0.903893
    outer loop
      vertex -26.4351 -53.5 28.5354
      vertex -26.7677 -50.5 28.6928
      vertex -26.7677 -53.5 28.6928
    endloop
  endfacet
  facet normal 0.595643 0 0.803249
    outer loop
      vertex -27.379 -50.5 29.1012
      vertex -27.0834 -53.5 28.882
      vertex -27.0834 -50.5 28.882
    endloop
  endfacet
  facet normal 0.595643 0 0.803249
    outer loop
      vertex -27.0834 -53.5 28.882
      vertex -27.379 -50.5 29.1012
      vertex -27.379 -53.5 29.1012
    endloop
  endfacet
  facet normal 0.242919 0 0.970047
    outer loop
      vertex -26.0886 -50.5 28.4115
      vertex -25.7316 -53.5 28.3221
      vertex -25.7316 -50.5 28.3221
    endloop
  endfacet
  facet normal 0.242919 0 0.970047
    outer loop
      vertex -25.7316 -53.5 28.3221
      vertex -26.0886 -50.5 28.4115
      vertex -26.0886 -53.5 28.4115
    endloop
  endfacet
  facet normal -0.0491787 0 -0.99879
    outer loop
      vertex -25 -53.5 35.75
      vertex -24.6324 -50.5 35.7319
      vertex -24.6324 -53.5 35.7319
    endloop
  endfacet
  facet normal -0.0491787 0 -0.99879
    outer loop
      vertex -24.6324 -50.5 35.7319
      vertex -25 -53.5 35.75
      vertex -25 -50.5 35.75
    endloop
  endfacet
  facet normal -0.242919 0 -0.970047
    outer loop
      vertex -24.2684 -53.5 35.6779
      vertex -23.9114 -50.5 35.5885
      vertex -23.9114 -53.5 35.5885
    endloop
  endfacet
  facet normal -0.242919 0 -0.970047
    outer loop
      vertex -23.9114 -50.5 35.5885
      vertex -24.2684 -53.5 35.6779
      vertex -24.2684 -50.5 35.6779
    endloop
  endfacet
  facet normal -0.595643 0 -0.803249
    outer loop
      vertex -22.9166 -53.5 35.118
      vertex -22.621 -50.5 34.8988
      vertex -22.621 -53.5 34.8988
    endloop
  endfacet
  facet normal -0.595643 0 -0.803249
    outer loop
      vertex -22.621 -50.5 34.8988
      vertex -22.9166 -53.5 35.118
      vertex -22.9166 -50.5 35.118
    endloop
  endfacet
  facet normal -0.427537 0 -0.903998
    outer loop
      vertex -23.5649 -53.5 35.4645
      vertex -23.2323 -50.5 35.3072
      vertex -23.2323 -53.5 35.3072
    endloop
  endfacet
  facet normal -0.427537 0 -0.903998
    outer loop
      vertex -23.2323 -50.5 35.3072
      vertex -23.5649 -53.5 35.4645
      vertex -23.5649 -50.5 35.4645
    endloop
  endfacet
  facet normal -0.740911 0 -0.671603
    outer loop
      vertex -22.1012 -53.5 34.379
      vertex -22.3483 -50.5 34.6516
      vertex -22.1012 -50.5 34.379
    endloop
  endfacet
  facet normal -0.740911 -0 -0.671603
    outer loop
      vertex -22.3483 -50.5 34.6516
      vertex -22.1012 -53.5 34.379
      vertex -22.3483 -53.5 34.6516
    endloop
  endfacet
  facet normal -0.857757 0 -0.514056
    outer loop
      vertex -21.6928 -53.5 33.7677
      vertex -21.882 -50.5 34.0834
      vertex -21.6928 -50.5 33.7677
    endloop
  endfacet
  facet normal -0.857757 -0 -0.514056
    outer loop
      vertex -21.882 -50.5 34.0834
      vertex -21.6928 -53.5 33.7677
      vertex -21.882 -53.5 34.0834
    endloop
  endfacet
  facet normal -0.941613 0 -0.336698
    outer loop
      vertex -21.4115 -53.5 33.0886
      vertex -21.5354 -50.5 33.4351
      vertex -21.4115 -50.5 33.0886
    endloop
  endfacet
  facet normal -0.941613 -0 -0.336698
    outer loop
      vertex -21.5354 -50.5 33.4351
      vertex -21.4115 -53.5 33.0886
      vertex -21.5354 -53.5 33.4351
    endloop
  endfacet
  facet normal 0.671753 0 -0.740776
    outer loop
      vertex -27.6516 -53.5 34.6516
      vertex -27.379 -50.5 34.8988
      vertex -27.379 -53.5 34.8988
    endloop
  endfacet
  facet normal 0.671753 0 -0.740776
    outer loop
      vertex -27.379 -50.5 34.8988
      vertex -27.6516 -53.5 34.6516
      vertex -27.6516 -50.5 34.6516
    endloop
  endfacet
  facet normal 0.514056 0 -0.857757
    outer loop
      vertex -27.0834 -53.5 35.118
      vertex -26.7677 -50.5 35.3072
      vertex -26.7677 -53.5 35.3072
    endloop
  endfacet
  facet normal 0.514056 0 -0.857757
    outer loop
      vertex -26.7677 -50.5 35.3072
      vertex -27.0834 -53.5 35.118
      vertex -27.0834 -50.5 35.118
    endloop
  endfacet
  facet normal 0.336939 0 -0.941527
    outer loop
      vertex -26.4351 -53.5 35.4645
      vertex -26.0886 -50.5 35.5885
      vertex -26.0886 -53.5 35.5885
    endloop
  endfacet
  facet normal 0.336939 0 -0.941527
    outer loop
      vertex -26.0886 -50.5 35.5885
      vertex -26.4351 -53.5 35.4645
      vertex -26.4351 -50.5 35.4645
    endloop
  endfacet
  facet normal 0.146746 0 -0.989174
    outer loop
      vertex -25.7316 -53.5 35.6779
      vertex -25.3676 -50.5 35.7319
      vertex -25.3676 -53.5 35.7319
    endloop
  endfacet
  facet normal 0.146746 0 -0.989174
    outer loop
      vertex -25.3676 -50.5 35.7319
      vertex -25.7316 -53.5 35.6779
      vertex -25.7316 -50.5 35.6779
    endloop
  endfacet
  facet normal 0.803249 0 -0.595643
    outer loop
      vertex -27.8988 -53.5 34.379
      vertex -28.118 -50.5 34.0834
      vertex -27.8988 -50.5 34.379
    endloop
  endfacet
  facet normal 0.803249 0 -0.595643
    outer loop
      vertex -28.118 -50.5 34.0834
      vertex -27.8988 -53.5 34.379
      vertex -28.118 -53.5 34.0834
    endloop
  endfacet
  facet normal 0.903998 0 -0.427537
    outer loop
      vertex -28.3072 -53.5 33.7677
      vertex -28.4645 -50.5 33.4351
      vertex -28.3072 -50.5 33.7677
    endloop
  endfacet
  facet normal 0.903998 0 -0.427537
    outer loop
      vertex -28.4645 -50.5 33.4351
      vertex -28.3072 -53.5 33.7677
      vertex -28.4645 -53.5 33.4351
    endloop
  endfacet
  facet normal 0.857757 0 -0.514056
    outer loop
      vertex -28.118 -53.5 34.0834
      vertex -28.3072 -50.5 33.7677
      vertex -28.118 -50.5 34.0834
    endloop
  endfacet
  facet normal 0.857757 0 -0.514056
    outer loop
      vertex -28.3072 -50.5 33.7677
      vertex -28.118 -53.5 34.0834
      vertex -28.3072 -53.5 33.7677
    endloop
  endfacet
  facet normal 0.970047 0 -0.242919
    outer loop
      vertex -28.5885 -53.5 33.0886
      vertex -28.6779 -50.5 32.7316
      vertex -28.5885 -50.5 33.0886
    endloop
  endfacet
  facet normal 0.970047 0 -0.242919
    outer loop
      vertex -28.6779 -50.5 32.7316
      vertex -28.5885 -53.5 33.0886
      vertex -28.6779 -53.5 32.7316
    endloop
  endfacet
  facet normal 0.941527 0 -0.336939
    outer loop
      vertex -28.4645 -53.5 33.4351
      vertex -28.5885 -50.5 33.0886
      vertex -28.4645 -50.5 33.4351
    endloop
  endfacet
  facet normal 0.941527 0 -0.336939
    outer loop
      vertex -28.5885 -50.5 33.0886
      vertex -28.4645 -53.5 33.4351
      vertex -28.5885 -53.5 33.0886
    endloop
  endfacet
  facet normal 0.99879 0 -0.0491787
    outer loop
      vertex -28.7319 -53.5 32.3676
      vertex -28.75 -50.5 32
      vertex -28.7319 -50.5 32.3676
    endloop
  endfacet
  facet normal 0.99879 0 -0.0491787
    outer loop
      vertex -28.75 -50.5 32
      vertex -28.7319 -53.5 32.3676
      vertex -28.75 -53.5 32
    endloop
  endfacet
  facet normal -0.146746 0 -0.989174
    outer loop
      vertex -24.6324 -53.5 35.7319
      vertex -24.2684 -50.5 35.6779
      vertex -24.2684 -53.5 35.6779
    endloop
  endfacet
  facet normal -0.146746 0 -0.989174
    outer loop
      vertex -24.2684 -50.5 35.6779
      vertex -24.6324 -53.5 35.7319
      vertex -24.6324 -50.5 35.7319
    endloop
  endfacet
  facet normal -0.336939 0 -0.941527
    outer loop
      vertex -23.9114 -53.5 35.5885
      vertex -23.5649 -50.5 35.4645
      vertex -23.5649 -53.5 35.4645
    endloop
  endfacet
  facet normal -0.336939 0 -0.941527
    outer loop
      vertex -23.5649 -50.5 35.4645
      vertex -23.9114 -53.5 35.5885
      vertex -23.9114 -50.5 35.5885
    endloop
  endfacet
  facet normal -0.671617 0 -0.740898
    outer loop
      vertex -22.621 -53.5 34.8988
      vertex -22.3483 -50.5 34.6516
      vertex -22.3483 -53.5 34.6516
    endloop
  endfacet
  facet normal -0.671617 0 -0.740898
    outer loop
      vertex -22.3483 -50.5 34.6516
      vertex -22.621 -53.5 34.8988
      vertex -22.621 -50.5 34.8988
    endloop
  endfacet
  facet normal -0.514056 0 -0.857757
    outer loop
      vertex -23.2323 -53.5 35.3072
      vertex -22.9166 -50.5 35.118
      vertex -22.9166 -53.5 35.118
    endloop
  endfacet
  facet normal -0.514056 0 -0.857757
    outer loop
      vertex -22.9166 -50.5 35.118
      vertex -23.2323 -53.5 35.3072
      vertex -23.2323 -50.5 35.3072
    endloop
  endfacet
  facet normal -0.803249 0 -0.595643
    outer loop
      vertex -21.882 -53.5 34.0834
      vertex -22.1012 -50.5 34.379
      vertex -21.882 -50.5 34.0834
    endloop
  endfacet
  facet normal -0.803249 -0 -0.595643
    outer loop
      vertex -22.1012 -50.5 34.379
      vertex -21.882 -53.5 34.0834
      vertex -22.1012 -53.5 34.379
    endloop
  endfacet
  facet normal -0.903893 0 -0.427759
    outer loop
      vertex -21.5354 -53.5 33.4351
      vertex -21.6928 -50.5 33.7677
      vertex -21.5354 -50.5 33.4351
    endloop
  endfacet
  facet normal -0.903893 -0 -0.427759
    outer loop
      vertex -21.6928 -50.5 33.7677
      vertex -21.5354 -53.5 33.4351
      vertex -21.6928 -53.5 33.7677
    endloop
  endfacet
  facet normal -0.989174 0 -0.146746
    outer loop
      vertex -21.2681 -53.5 32.3676
      vertex -21.3221 -50.5 32.7316
      vertex -21.2681 -50.5 32.3676
    endloop
  endfacet
  facet normal -0.989174 -0 -0.146746
    outer loop
      vertex -21.3221 -50.5 32.7316
      vertex -21.2681 -53.5 32.3676
      vertex -21.3221 -53.5 32.7316
    endloop
  endfacet
  facet normal 0.595643 0 -0.803249
    outer loop
      vertex -27.379 -53.5 34.8988
      vertex -27.0834 -50.5 35.118
      vertex -27.0834 -53.5 35.118
    endloop
  endfacet
  facet normal 0.595643 0 -0.803249
    outer loop
      vertex -27.0834 -50.5 35.118
      vertex -27.379 -53.5 34.8988
      vertex -27.379 -50.5 34.8988
    endloop
  endfacet
  facet normal 0.427537 0 -0.903998
    outer loop
      vertex -26.7677 -53.5 35.3072
      vertex -26.4351 -50.5 35.4645
      vertex -26.4351 -53.5 35.4645
    endloop
  endfacet
  facet normal 0.427537 0 -0.903998
    outer loop
      vertex -26.4351 -50.5 35.4645
      vertex -26.7677 -53.5 35.3072
      vertex -26.7677 -50.5 35.3072
    endloop
  endfacet
  facet normal 0.242919 0 -0.970047
    outer loop
      vertex -26.0886 -53.5 35.5885
      vertex -25.7316 -50.5 35.6779
      vertex -25.7316 -53.5 35.6779
    endloop
  endfacet
  facet normal 0.242919 0 -0.970047
    outer loop
      vertex -25.7316 -50.5 35.6779
      vertex -26.0886 -53.5 35.5885
      vertex -26.0886 -50.5 35.5885
    endloop
  endfacet
  facet normal 0.0491787 0 -0.99879
    outer loop
      vertex -25.3676 -53.5 35.7319
      vertex -25 -50.5 35.75
      vertex -25 -53.5 35.75
    endloop
  endfacet
  facet normal 0.0491787 0 -0.99879
    outer loop
      vertex -25 -50.5 35.75
      vertex -25.3676 -53.5 35.7319
      vertex -25.3676 -50.5 35.7319
    endloop
  endfacet
  facet normal 0.740776 0 -0.671753
    outer loop
      vertex -27.6516 -53.5 34.6516
      vertex -27.8988 -50.5 34.379
      vertex -27.6516 -50.5 34.6516
    endloop
  endfacet
  facet normal 0.740776 0 -0.671753
    outer loop
      vertex -27.8988 -50.5 34.379
      vertex -27.6516 -53.5 34.6516
      vertex -27.8988 -53.5 34.379
    endloop
  endfacet
  facet normal 0.989174 0 -0.146746
    outer loop
      vertex -28.6779 -53.5 32.7316
      vertex -28.7319 -50.5 32.3676
      vertex -28.6779 -50.5 32.7316
    endloop
  endfacet
  facet normal 0.989174 0 -0.146746
    outer loop
      vertex -28.7319 -50.5 32.3676
      vertex -28.6779 -53.5 32.7316
      vertex -28.7319 -53.5 32.3676
    endloop
  endfacet
  facet normal -0.99879 0 -0.0491787
    outer loop
      vertex -21.25 -53.5 32
      vertex -21.2681 -50.5 32.3676
      vertex -21.25 -50.5 32
    endloop
  endfacet
  facet normal -0.99879 -0 -0.0491787
    outer loop
      vertex -21.2681 -50.5 32.3676
      vertex -21.25 -53.5 32
      vertex -21.2681 -53.5 32.3676
    endloop
  endfacet
  facet normal -0.970047 0 -0.242919
    outer loop
      vertex -21.3221 -53.5 32.7316
      vertex -21.4115 -50.5 33.0886
      vertex -21.3221 -50.5 32.7316
    endloop
  endfacet
  facet normal -0.970047 -0 -0.242919
    outer loop
      vertex -21.4115 -50.5 33.0886
      vertex -21.3221 -53.5 32.7316
      vertex -21.4115 -53.5 33.0886
    endloop
  endfacet
  facet normal -0.998803 0 0.0489209
    outer loop
      vertex 26.7416 -53.5 31.8285
      vertex 26.75 -50.5 32
      vertex 26.7416 -50.5 31.8285
    endloop
  endfacet
  facet normal -0.998803 0 0.0489209
    outer loop
      vertex 26.75 -50.5 32
      vertex 26.7416 -53.5 31.8285
      vertex 26.75 -53.5 32
    endloop
  endfacet
  facet normal 0.0489209 0 0.998803
    outer loop
      vertex 24.8285 -50.5 30.2584
      vertex 25 -53.5 30.25
      vertex 25 -50.5 30.25
    endloop
  endfacet
  facet normal 0.0489209 0 0.998803
    outer loop
      vertex 25 -53.5 30.25
      vertex 24.8285 -50.5 30.2584
      vertex 24.8285 -53.5 30.2584
    endloop
  endfacet
  facet normal -0.0489209 0 -0.998803
    outer loop
      vertex 25 -53.5 33.75
      vertex 25.1715 -50.5 33.7416
      vertex 25.1715 -53.5 33.7416
    endloop
  endfacet
  facet normal -0.0489209 0 -0.998803
    outer loop
      vertex 25.1715 -50.5 33.7416
      vertex 25 -53.5 33.75
      vertex 25 -50.5 33.75
    endloop
  endfacet
  facet normal -0.671919 0 0.740625
    outer loop
      vertex 26.1102 -50.5 30.6472
      vertex 26.2374 -53.5 30.7626
      vertex 26.2374 -50.5 30.7626
    endloop
  endfacet
  facet normal -0.671919 0 0.740625
    outer loop
      vertex 26.2374 -53.5 30.7626
      vertex 26.1102 -50.5 30.6472
      vertex 26.1102 -53.5 30.6472
    endloop
  endfacet
  facet normal 0.740625 -0 0.671919
    outer loop
      vertex 23.6472 -53.5 30.8898
      vertex 23.7626 -50.5 30.7626
      vertex 23.6472 -50.5 30.8898
    endloop
  endfacet
  facet normal 0.740625 0 0.671919
    outer loop
      vertex 23.7626 -50.5 30.7626
      vertex 23.6472 -53.5 30.8898
      vertex 23.7626 -53.5 30.7626
    endloop
  endfacet
  facet normal 0.427535 0 0.903999
    outer loop
      vertex 24.1751 -50.5 30.4566
      vertex 24.3303 -53.5 30.3832
      vertex 24.3303 -50.5 30.3832
    endloop
  endfacet
  facet normal 0.427535 0 0.903999
    outer loop
      vertex 24.3303 -53.5 30.3832
      vertex 24.1751 -50.5 30.4566
      vertex 24.1751 -53.5 30.4566
    endloop
  endfacet
  facet normal -0.903999 0 0.427535
    outer loop
      vertex 26.5434 -53.5 31.1751
      vertex 26.6168 -50.5 31.3303
      vertex 26.5434 -50.5 31.1751
    endloop
  endfacet
  facet normal -0.903999 0 0.427535
    outer loop
      vertex 26.6168 -50.5 31.3303
      vertex 26.5434 -53.5 31.1751
      vertex 26.6168 -53.5 31.3303
    endloop
  endfacet
  facet normal -0.336595 0 0.94165
    outer loop
      vertex 25.508 -50.5 30.3254
      vertex 25.6697 -53.5 30.3832
      vertex 25.6697 -50.5 30.3832
    endloop
  endfacet
  facet normal -0.336595 0 0.94165
    outer loop
      vertex 25.6697 -53.5 30.3832
      vertex 25.508 -50.5 30.3254
      vertex 25.508 -53.5 30.3254
    endloop
  endfacet
  facet normal -0.514153 0 0.857698
    outer loop
      vertex 25.8249 -50.5 30.4566
      vertex 25.9722 -53.5 30.5449
      vertex 25.9722 -50.5 30.5449
    endloop
  endfacet
  facet normal -0.514153 0 0.857698
    outer loop
      vertex 25.9722 -53.5 30.5449
      vertex 25.8249 -50.5 30.4566
      vertex 25.8249 -53.5 30.4566
    endloop
  endfacet
  facet normal 0.94165 -0 0.336595
    outer loop
      vertex 23.3254 -53.5 31.492
      vertex 23.3832 -50.5 31.3303
      vertex 23.3254 -50.5 31.492
    endloop
  endfacet
  facet normal 0.94165 0 0.336595
    outer loop
      vertex 23.3832 -50.5 31.3303
      vertex 23.3254 -53.5 31.492
      vertex 23.3832 -53.5 31.3303
    endloop
  endfacet
  facet normal 0.243357 0 0.969937
    outer loop
      vertex 24.492 -50.5 30.3254
      vertex 24.6586 -53.5 30.2836
      vertex 24.6586 -50.5 30.2836
    endloop
  endfacet
  facet normal 0.243357 0 0.969937
    outer loop
      vertex 24.6586 -53.5 30.2836
      vertex 24.492 -50.5 30.3254
      vertex 24.492 -53.5 30.3254
    endloop
  endfacet
  facet normal -0.336595 0 -0.94165
    outer loop
      vertex 25.508 -53.5 33.6746
      vertex 25.6697 -50.5 33.6168
      vertex 25.6697 -53.5 33.6168
    endloop
  endfacet
  facet normal -0.336595 0 -0.94165
    outer loop
      vertex 25.6697 -50.5 33.6168
      vertex 25.508 -53.5 33.6746
      vertex 25.508 -50.5 33.6746
    endloop
  endfacet
  facet normal -0.969937 0 0.243357
    outer loop
      vertex 26.6746 -53.5 31.492
      vertex 26.7164 -50.5 31.6586
      vertex 26.6746 -50.5 31.492
    endloop
  endfacet
  facet normal -0.969937 0 0.243357
    outer loop
      vertex 26.7164 -50.5 31.6586
      vertex 26.6746 -53.5 31.492
      vertex 26.7164 -53.5 31.6586
    endloop
  endfacet
  facet normal -0.989178 0 0.146717
    outer loop
      vertex 26.7164 -53.5 31.6586
      vertex 26.7416 -50.5 31.8285
      vertex 26.7164 -50.5 31.6586
    endloop
  endfacet
  facet normal -0.989178 0 0.146717
    outer loop
      vertex 26.7416 -50.5 31.8285
      vertex 26.7164 -53.5 31.6586
      vertex 26.7416 -53.5 31.8285
    endloop
  endfacet
  facet normal -0.94165 0 0.336595
    outer loop
      vertex 26.6168 -53.5 31.3303
      vertex 26.6746 -50.5 31.492
      vertex 26.6168 -50.5 31.3303
    endloop
  endfacet
  facet normal -0.94165 0 0.336595
    outer loop
      vertex 26.6746 -50.5 31.492
      vertex 26.6168 -53.5 31.3303
      vertex 26.6746 -53.5 31.492
    endloop
  endfacet
  facet normal -0.803341 0 0.59552
    outer loop
      vertex 26.3528 -53.5 30.8898
      vertex 26.4551 -50.5 31.0278
      vertex 26.3528 -50.5 30.8898
    endloop
  endfacet
  facet normal -0.803341 0 0.59552
    outer loop
      vertex 26.4551 -50.5 31.0278
      vertex 26.3528 -53.5 30.8898
      vertex 26.4551 -53.5 31.0278
    endloop
  endfacet
  facet normal -0.740625 0 0.671919
    outer loop
      vertex 26.2374 -53.5 30.7626
      vertex 26.3528 -50.5 30.8898
      vertex 26.2374 -50.5 30.7626
    endloop
  endfacet
  facet normal -0.740625 0 0.671919
    outer loop
      vertex 26.3528 -50.5 30.8898
      vertex 26.2374 -53.5 30.7626
      vertex 26.3528 -53.5 30.8898
    endloop
  endfacet
  facet normal -0.857698 0 0.514153
    outer loop
      vertex 26.4551 -53.5 31.0278
      vertex 26.5434 -50.5 31.1751
      vertex 26.4551 -50.5 31.0278
    endloop
  endfacet
  facet normal -0.857698 0 0.514153
    outer loop
      vertex 26.5434 -50.5 31.1751
      vertex 26.4551 -53.5 31.0278
      vertex 26.5434 -53.5 31.1751
    endloop
  endfacet
  facet normal -0.146717 0 0.989178
    outer loop
      vertex 25.1715 -50.5 30.2584
      vertex 25.3414 -53.5 30.2836
      vertex 25.3414 -50.5 30.2836
    endloop
  endfacet
  facet normal -0.146717 0 0.989178
    outer loop
      vertex 25.3414 -53.5 30.2836
      vertex 25.1715 -50.5 30.2584
      vertex 25.1715 -53.5 30.2584
    endloop
  endfacet
  facet normal -0.243357 0 0.969937
    outer loop
      vertex 25.3414 -50.5 30.2836
      vertex 25.508 -53.5 30.3254
      vertex 25.508 -50.5 30.3254
    endloop
  endfacet
  facet normal -0.243357 0 0.969937
    outer loop
      vertex 25.508 -53.5 30.3254
      vertex 25.3414 -50.5 30.2836
      vertex 25.3414 -53.5 30.2836
    endloop
  endfacet
  facet normal -0.0489209 0 0.998803
    outer loop
      vertex 25 -50.5 30.25
      vertex 25.1715 -53.5 30.2584
      vertex 25.1715 -50.5 30.2584
    endloop
  endfacet
  facet normal -0.0489209 0 0.998803
    outer loop
      vertex 25.1715 -53.5 30.2584
      vertex 25 -50.5 30.25
      vertex 25 -53.5 30.25
    endloop
  endfacet
  facet normal -0.427535 0 0.903999
    outer loop
      vertex 25.6697 -50.5 30.3832
      vertex 25.8249 -53.5 30.4566
      vertex 25.8249 -50.5 30.4566
    endloop
  endfacet
  facet normal -0.427535 0 0.903999
    outer loop
      vertex 25.8249 -53.5 30.4566
      vertex 25.6697 -50.5 30.3832
      vertex 25.6697 -53.5 30.3832
    endloop
  endfacet
  facet normal -0.59552 0 0.803341
    outer loop
      vertex 25.9722 -50.5 30.5449
      vertex 26.1102 -53.5 30.6472
      vertex 26.1102 -50.5 30.6472
    endloop
  endfacet
  facet normal -0.59552 0 0.803341
    outer loop
      vertex 26.1102 -53.5 30.6472
      vertex 25.9722 -50.5 30.5449
      vertex 25.9722 -53.5 30.5449
    endloop
  endfacet
  facet normal 0.989178 -0 0.146717
    outer loop
      vertex 23.2584 -53.5 31.8285
      vertex 23.2836 -50.5 31.6586
      vertex 23.2584 -50.5 31.8285
    endloop
  endfacet
  facet normal 0.989178 0 0.146717
    outer loop
      vertex 23.2836 -50.5 31.6586
      vertex 23.2584 -53.5 31.8285
      vertex 23.2836 -53.5 31.6586
    endloop
  endfacet
  facet normal 0.857698 -0 0.514153
    outer loop
      vertex 23.4566 -53.5 31.1751
      vertex 23.5449 -50.5 31.0278
      vertex 23.4566 -50.5 31.1751
    endloop
  endfacet
  facet normal 0.857698 0 0.514153
    outer loop
      vertex 23.5449 -50.5 31.0278
      vertex 23.4566 -53.5 31.1751
      vertex 23.5449 -53.5 31.0278
    endloop
  endfacet
  facet normal 0.803341 -0 0.59552
    outer loop
      vertex 23.5449 -53.5 31.0278
      vertex 23.6472 -50.5 30.8898
      vertex 23.5449 -50.5 31.0278
    endloop
  endfacet
  facet normal 0.803341 0 0.59552
    outer loop
      vertex 23.6472 -50.5 30.8898
      vertex 23.5449 -53.5 31.0278
      vertex 23.6472 -53.5 30.8898
    endloop
  endfacet
  facet normal 0.903999 -0 0.427535
    outer loop
      vertex 23.3832 -53.5 31.3303
      vertex 23.4566 -50.5 31.1751
      vertex 23.3832 -50.5 31.3303
    endloop
  endfacet
  facet normal 0.903999 0 0.427535
    outer loop
      vertex 23.4566 -50.5 31.1751
      vertex 23.3832 -53.5 31.3303
      vertex 23.4566 -53.5 31.1751
    endloop
  endfacet
  facet normal 0.969937 -0 0.243357
    outer loop
      vertex 23.2836 -53.5 31.6586
      vertex 23.3254 -50.5 31.492
      vertex 23.2836 -50.5 31.6586
    endloop
  endfacet
  facet normal 0.969937 0 0.243357
    outer loop
      vertex 23.3254 -50.5 31.492
      vertex 23.2836 -53.5 31.6586
      vertex 23.3254 -53.5 31.492
    endloop
  endfacet
  facet normal 0.998803 -0 0.0489209
    outer loop
      vertex 23.25 -53.5 32
      vertex 23.2584 -50.5 31.8285
      vertex 23.25 -50.5 32
    endloop
  endfacet
  facet normal 0.998803 0 0.0489209
    outer loop
      vertex 23.2584 -50.5 31.8285
      vertex 23.25 -53.5 32
      vertex 23.2584 -53.5 31.8285
    endloop
  endfacet
  facet normal 0.59552 0 0.803341
    outer loop
      vertex 23.8898 -50.5 30.6472
      vertex 24.0278 -53.5 30.5449
      vertex 24.0278 -50.5 30.5449
    endloop
  endfacet
  facet normal 0.59552 0 0.803341
    outer loop
      vertex 24.0278 -53.5 30.5449
      vertex 23.8898 -50.5 30.6472
      vertex 23.8898 -53.5 30.6472
    endloop
  endfacet
  facet normal 0.514153 0 0.857698
    outer loop
      vertex 24.0278 -50.5 30.5449
      vertex 24.1751 -53.5 30.4566
      vertex 24.1751 -50.5 30.4566
    endloop
  endfacet
  facet normal 0.514153 0 0.857698
    outer loop
      vertex 24.1751 -53.5 30.4566
      vertex 24.0278 -50.5 30.5449
      vertex 24.0278 -53.5 30.5449
    endloop
  endfacet
  facet normal 0.671919 0 0.740625
    outer loop
      vertex 23.7626 -50.5 30.7626
      vertex 23.8898 -53.5 30.6472
      vertex 23.8898 -50.5 30.6472
    endloop
  endfacet
  facet normal 0.671919 0 0.740625
    outer loop
      vertex 23.8898 -53.5 30.6472
      vertex 23.7626 -50.5 30.7626
      vertex 23.7626 -53.5 30.7626
    endloop
  endfacet
  facet normal 0.336595 0 0.94165
    outer loop
      vertex 24.3303 -50.5 30.3832
      vertex 24.492 -53.5 30.3254
      vertex 24.492 -50.5 30.3254
    endloop
  endfacet
  facet normal 0.336595 0 0.94165
    outer loop
      vertex 24.492 -53.5 30.3254
      vertex 24.3303 -50.5 30.3832
      vertex 24.3303 -53.5 30.3832
    endloop
  endfacet
  facet normal 0.146717 0 0.989178
    outer loop
      vertex 24.6586 -50.5 30.2836
      vertex 24.8285 -53.5 30.2584
      vertex 24.8285 -50.5 30.2584
    endloop
  endfacet
  facet normal 0.146717 0 0.989178
    outer loop
      vertex 24.8285 -53.5 30.2584
      vertex 24.6586 -50.5 30.2836
      vertex 24.6586 -53.5 30.2836
    endloop
  endfacet
  facet normal -0.998803 0 -0.0489209
    outer loop
      vertex 26.75 -53.5 32
      vertex 26.7416 -50.5 32.1715
      vertex 26.75 -50.5 32
    endloop
  endfacet
  facet normal -0.998803 -0 -0.0489209
    outer loop
      vertex 26.7416 -50.5 32.1715
      vertex 26.75 -53.5 32
      vertex 26.7416 -53.5 32.1715
    endloop
  endfacet
  facet normal -0.740625 0 -0.671919
    outer loop
      vertex 26.3528 -53.5 33.1102
      vertex 26.2374 -50.5 33.2374
      vertex 26.3528 -50.5 33.1102
    endloop
  endfacet
  facet normal -0.740625 -0 -0.671919
    outer loop
      vertex 26.2374 -50.5 33.2374
      vertex 26.3528 -53.5 33.1102
      vertex 26.2374 -53.5 33.2374
    endloop
  endfacet
  facet normal 0.857698 0 -0.514153
    outer loop
      vertex 23.5449 -53.5 32.9722
      vertex 23.4566 -50.5 32.8249
      vertex 23.5449 -50.5 32.9722
    endloop
  endfacet
  facet normal 0.857698 0 -0.514153
    outer loop
      vertex 23.4566 -50.5 32.8249
      vertex 23.5449 -53.5 32.9722
      vertex 23.4566 -53.5 32.8249
    endloop
  endfacet
  facet normal 0.998803 0 -0.0489209
    outer loop
      vertex 23.2584 -53.5 32.1715
      vertex 23.25 -50.5 32
      vertex 23.2584 -50.5 32.1715
    endloop
  endfacet
  facet normal 0.998803 0 -0.0489209
    outer loop
      vertex 23.25 -50.5 32
      vertex 23.2584 -53.5 32.1715
      vertex 23.25 -53.5 32
    endloop
  endfacet
  facet normal -0.94165 0 -0.336595
    outer loop
      vertex 26.6746 -53.5 32.508
      vertex 26.6168 -50.5 32.6697
      vertex 26.6746 -50.5 32.508
    endloop
  endfacet
  facet normal -0.94165 -0 -0.336595
    outer loop
      vertex 26.6168 -50.5 32.6697
      vertex 26.6746 -53.5 32.508
      vertex 26.6168 -53.5 32.6697
    endloop
  endfacet
  facet normal -0.989178 0 -0.146717
    outer loop
      vertex 26.7416 -53.5 32.1715
      vertex 26.7164 -50.5 32.3414
      vertex 26.7416 -50.5 32.1715
    endloop
  endfacet
  facet normal -0.989178 -0 -0.146717
    outer loop
      vertex 26.7164 -50.5 32.3414
      vertex 26.7416 -53.5 32.1715
      vertex 26.7164 -53.5 32.3414
    endloop
  endfacet
  facet normal -0.969937 0 -0.243357
    outer loop
      vertex 26.7164 -53.5 32.3414
      vertex 26.6746 -50.5 32.508
      vertex 26.7164 -50.5 32.3414
    endloop
  endfacet
  facet normal -0.969937 -0 -0.243357
    outer loop
      vertex 26.6746 -50.5 32.508
      vertex 26.7164 -53.5 32.3414
      vertex 26.6746 -53.5 32.508
    endloop
  endfacet
  facet normal -0.671919 0 -0.740625
    outer loop
      vertex 26.1102 -53.5 33.3528
      vertex 26.2374 -50.5 33.2374
      vertex 26.2374 -53.5 33.2374
    endloop
  endfacet
  facet normal -0.671919 0 -0.740625
    outer loop
      vertex 26.2374 -50.5 33.2374
      vertex 26.1102 -53.5 33.3528
      vertex 26.1102 -50.5 33.3528
    endloop
  endfacet
  facet normal -0.903999 0 -0.427535
    outer loop
      vertex 26.6168 -53.5 32.6697
      vertex 26.5434 -50.5 32.8249
      vertex 26.6168 -50.5 32.6697
    endloop
  endfacet
  facet normal -0.903999 -0 -0.427535
    outer loop
      vertex 26.5434 -50.5 32.8249
      vertex 26.6168 -53.5 32.6697
      vertex 26.5434 -53.5 32.8249
    endloop
  endfacet
  facet normal -0.803341 0 -0.59552
    outer loop
      vertex 26.4551 -53.5 32.9722
      vertex 26.3528 -50.5 33.1102
      vertex 26.4551 -50.5 32.9722
    endloop
  endfacet
  facet normal -0.803341 -0 -0.59552
    outer loop
      vertex 26.3528 -50.5 33.1102
      vertex 26.4551 -53.5 32.9722
      vertex 26.3528 -53.5 33.1102
    endloop
  endfacet
  facet normal 0.94165 0 -0.336595
    outer loop
      vertex 23.3832 -53.5 32.6697
      vertex 23.3254 -50.5 32.508
      vertex 23.3832 -50.5 32.6697
    endloop
  endfacet
  facet normal 0.94165 0 -0.336595
    outer loop
      vertex 23.3254 -50.5 32.508
      vertex 23.3832 -53.5 32.6697
      vertex 23.3254 -53.5 32.508
    endloop
  endfacet
  facet normal -0.427535 0 -0.903999
    outer loop
      vertex 25.6697 -53.5 33.6168
      vertex 25.8249 -50.5 33.5434
      vertex 25.8249 -53.5 33.5434
    endloop
  endfacet
  facet normal -0.427535 0 -0.903999
    outer loop
      vertex 25.8249 -50.5 33.5434
      vertex 25.6697 -53.5 33.6168
      vertex 25.6697 -50.5 33.6168
    endloop
  endfacet
  facet normal -0.514153 0 -0.857698
    outer loop
      vertex 25.8249 -53.5 33.5434
      vertex 25.9722 -50.5 33.4551
      vertex 25.9722 -53.5 33.4551
    endloop
  endfacet
  facet normal -0.514153 0 -0.857698
    outer loop
      vertex 25.9722 -50.5 33.4551
      vertex 25.8249 -53.5 33.5434
      vertex 25.8249 -50.5 33.5434
    endloop
  endfacet
  facet normal -0.59552 0 -0.803341
    outer loop
      vertex 25.9722 -53.5 33.4551
      vertex 26.1102 -50.5 33.3528
      vertex 26.1102 -53.5 33.3528
    endloop
  endfacet
  facet normal -0.59552 0 -0.803341
    outer loop
      vertex 26.1102 -50.5 33.3528
      vertex 25.9722 -53.5 33.4551
      vertex 25.9722 -50.5 33.4551
    endloop
  endfacet
  facet normal -0.857698 0 -0.514153
    outer loop
      vertex 26.5434 -53.5 32.8249
      vertex 26.4551 -50.5 32.9722
      vertex 26.5434 -50.5 32.8249
    endloop
  endfacet
  facet normal -0.857698 -0 -0.514153
    outer loop
      vertex 26.4551 -50.5 32.9722
      vertex 26.5434 -53.5 32.8249
      vertex 26.4551 -53.5 32.9722
    endloop
  endfacet
  facet normal 0.0489209 0 -0.998803
    outer loop
      vertex 24.8285 -53.5 33.7416
      vertex 25 -50.5 33.75
      vertex 25 -53.5 33.75
    endloop
  endfacet
  facet normal 0.0489209 0 -0.998803
    outer loop
      vertex 25 -50.5 33.75
      vertex 24.8285 -53.5 33.7416
      vertex 24.8285 -50.5 33.7416
    endloop
  endfacet
  facet normal 0.146717 0 -0.989178
    outer loop
      vertex 24.6586 -53.5 33.7164
      vertex 24.8285 -50.5 33.7416
      vertex 24.8285 -53.5 33.7416
    endloop
  endfacet
  facet normal 0.146717 0 -0.989178
    outer loop
      vertex 24.8285 -50.5 33.7416
      vertex 24.6586 -53.5 33.7164
      vertex 24.6586 -50.5 33.7164
    endloop
  endfacet
  facet normal 0.59552 0 -0.803341
    outer loop
      vertex 23.8898 -53.5 33.3528
      vertex 24.0278 -50.5 33.4551
      vertex 24.0278 -53.5 33.4551
    endloop
  endfacet
  facet normal 0.59552 0 -0.803341
    outer loop
      vertex 24.0278 -50.5 33.4551
      vertex 23.8898 -53.5 33.3528
      vertex 23.8898 -50.5 33.3528
    endloop
  endfacet
  facet normal 0.336595 0 -0.94165
    outer loop
      vertex 24.3303 -53.5 33.6168
      vertex 24.492 -50.5 33.6746
      vertex 24.492 -53.5 33.6746
    endloop
  endfacet
  facet normal 0.336595 0 -0.94165
    outer loop
      vertex 24.492 -50.5 33.6746
      vertex 24.3303 -53.5 33.6168
      vertex 24.3303 -50.5 33.6168
    endloop
  endfacet
  facet normal 0.803341 0 -0.59552
    outer loop
      vertex 23.6472 -53.5 33.1102
      vertex 23.5449 -50.5 32.9722
      vertex 23.6472 -50.5 33.1102
    endloop
  endfacet
  facet normal 0.803341 0 -0.59552
    outer loop
      vertex 23.5449 -50.5 32.9722
      vertex 23.6472 -53.5 33.1102
      vertex 23.5449 -53.5 32.9722
    endloop
  endfacet
  facet normal 0.671919 0 -0.740625
    outer loop
      vertex 23.7626 -53.5 33.2374
      vertex 23.8898 -50.5 33.3528
      vertex 23.8898 -53.5 33.3528
    endloop
  endfacet
  facet normal 0.671919 0 -0.740625
    outer loop
      vertex 23.8898 -50.5 33.3528
      vertex 23.7626 -53.5 33.2374
      vertex 23.7626 -50.5 33.2374
    endloop
  endfacet
  facet normal 0.740625 0 -0.671919
    outer loop
      vertex 23.7626 -53.5 33.2374
      vertex 23.6472 -50.5 33.1102
      vertex 23.7626 -50.5 33.2374
    endloop
  endfacet
  facet normal 0.740625 0 -0.671919
    outer loop
      vertex 23.6472 -50.5 33.1102
      vertex 23.7626 -53.5 33.2374
      vertex 23.6472 -53.5 33.1102
    endloop
  endfacet
  facet normal 0.903999 0 -0.427535
    outer loop
      vertex 23.4566 -53.5 32.8249
      vertex 23.3832 -50.5 32.6697
      vertex 23.4566 -50.5 32.8249
    endloop
  endfacet
  facet normal 0.903999 0 -0.427535
    outer loop
      vertex 23.3832 -50.5 32.6697
      vertex 23.4566 -53.5 32.8249
      vertex 23.3832 -53.5 32.6697
    endloop
  endfacet
  facet normal 0.969937 0 -0.243357
    outer loop
      vertex 23.3254 -53.5 32.508
      vertex 23.2836 -50.5 32.3414
      vertex 23.3254 -50.5 32.508
    endloop
  endfacet
  facet normal 0.969937 0 -0.243357
    outer loop
      vertex 23.2836 -50.5 32.3414
      vertex 23.3254 -53.5 32.508
      vertex 23.2836 -53.5 32.3414
    endloop
  endfacet
  facet normal 0.989178 0 -0.146717
    outer loop
      vertex 23.2836 -53.5 32.3414
      vertex 23.2584 -50.5 32.1715
      vertex 23.2836 -50.5 32.3414
    endloop
  endfacet
  facet normal 0.989178 0 -0.146717
    outer loop
      vertex 23.2584 -50.5 32.1715
      vertex 23.2836 -53.5 32.3414
      vertex 23.2584 -53.5 32.1715
    endloop
  endfacet
  facet normal -0.243357 0 -0.969937
    outer loop
      vertex 25.3414 -53.5 33.7164
      vertex 25.508 -50.5 33.6746
      vertex 25.508 -53.5 33.6746
    endloop
  endfacet
  facet normal -0.243357 0 -0.969937
    outer loop
      vertex 25.508 -50.5 33.6746
      vertex 25.3414 -53.5 33.7164
      vertex 25.3414 -50.5 33.7164
    endloop
  endfacet
  facet normal -0.146717 0 -0.989178
    outer loop
      vertex 25.1715 -53.5 33.7416
      vertex 25.3414 -50.5 33.7164
      vertex 25.3414 -53.5 33.7164
    endloop
  endfacet
  facet normal -0.146717 0 -0.989178
    outer loop
      vertex 25.3414 -50.5 33.7164
      vertex 25.1715 -53.5 33.7416
      vertex 25.1715 -50.5 33.7416
    endloop
  endfacet
  facet normal 0.243357 0 -0.969937
    outer loop
      vertex 24.492 -53.5 33.6746
      vertex 24.6586 -50.5 33.7164
      vertex 24.6586 -53.5 33.7164
    endloop
  endfacet
  facet normal 0.243357 0 -0.969937
    outer loop
      vertex 24.6586 -50.5 33.7164
      vertex 24.492 -53.5 33.6746
      vertex 24.492 -50.5 33.6746
    endloop
  endfacet
  facet normal 0.427535 0 -0.903999
    outer loop
      vertex 24.1751 -53.5 33.5434
      vertex 24.3303 -50.5 33.6168
      vertex 24.3303 -53.5 33.6168
    endloop
  endfacet
  facet normal 0.427535 0 -0.903999
    outer loop
      vertex 24.3303 -50.5 33.6168
      vertex 24.1751 -53.5 33.5434
      vertex 24.1751 -50.5 33.5434
    endloop
  endfacet
  facet normal 0.514153 0 -0.857698
    outer loop
      vertex 24.0278 -53.5 33.4551
      vertex 24.1751 -50.5 33.5434
      vertex 24.1751 -53.5 33.5434
    endloop
  endfacet
  facet normal 0.514153 0 -0.857698
    outer loop
      vertex 24.1751 -50.5 33.5434
      vertex 24.0278 -53.5 33.4551
      vertex 24.0278 -50.5 33.4551
    endloop
  endfacet
endsolid OpenSCAD_Model
