  0
SECTION
  2
HEADER
  9
$ACADVER
  1
AC1018
  9
$HANDSEED
  5
FFFFFFFF
  9
$ANGBASE
  50
0.0
  9
$ANGDIR
  70
1
  9
$MEASUREMENT
  70
1
  9
$INSUNITS
  70
4
  0
ENDSEC
  0
SECTION
  2
TABLES
  0
TABLE
  2
APPID
  5
1
330
0
100
AcDbSymbolTable
 70
1
  0
APPID
  5
2
330
1
100
AcDbSymbolTableRecord
100
AcDbRegAppTableRecord
  2
ACAD
 70
0
  0
ENDTAB
  0
TABLE
  2
LTYPE
  5
3
330
0
100
AcDbSymbolTable
 70
6
  0
LTYPE
  5
4
330
3
100
AcDbSymbolTableRecord
100
AcDbLinetypeTableRecord
  2
ByBlock
 70
0
  3

 72
65
 73
0
 40
0
  0
LTYPE
  5
5
330
3
100
AcDbSymbolTableRecord
100
AcDbLinetypeTableRecord
  2
ByLayer
 70
0
  3

 72
65
 73
0
 40
0
  0
LTYPE
  5
6
330
3
100
AcDbSymbolTableRecord
100
AcDbLinetypeTableRecord
  2
CONTINUOUS
 70
0
  3
Solid line
 72
65
 73
0
 40
0
  0
LTYPE
  5
7
330
3
100
AcDbSymbolTableRecord
100
AcDbLinetypeTableRecord
  2
DASHDOT
 70
0
  3
Dash Dot ____ _ ____ _
 72
65
 73
4
 40
2
 49
1.25
 74
0
 49
-0.25
 74
0
 49
0.25
 74
0
 49
-0.25
 74
0
  0
LTYPE
  5
8
330
3
100
AcDbSymbolTableRecord
100
AcDbLinetypeTableRecord
  2
DASHED
 70
0
  3
Dashed __ __ __ __ __
 72
65
 73
2
 40
0.75
 49
0.5
 74
0
 49
-0.25
 74
0
  0
LTYPE
  5
9
330
3
100
AcDbSymbolTableRecord
100
AcDbLinetypeTableRecord
  2
DOTTED
 70
0
  3
Dotted .  .  .  .
 72
65
 73
2
 40
0.2
 49
0.0
 74
0
 49
-0.2
 74
0
  0
ENDTAB
  0
TABLE
  2
STYLE
  5
A
330
0
100
AcDbSymbolTable
 70
4
  0
STYLE
  5
B
330
A
100
AcDbSymbolTableRecord
100
AcDbTextStyleTableRecord
  2
KICAD
 70
0
 40
0
 41
1
 42
1
 50
0
 71
0
  3
isocp.shx
  0
STYLE
  5
C
330
A
100
AcDbSymbolTableRecord
100
AcDbTextStyleTableRecord
  2
KICADB
 70
0
 40
0
 41
1
 42
1
 50
0
 71
0
  3
isocp.shx
  0
STYLE
  5
D
330
A
100
AcDbSymbolTableRecord
100
AcDbTextStyleTableRecord
  2
KICADI
 70
0
 40
0
 41
1
 42
1
 50
15
 71
0
  3
isocp.shx
  0
STYLE
  5
E
330
A
100
AcDbSymbolTableRecord
100
AcDbTextStyleTableRecord
  2
KICADBI
 70
0
 40
0
 41
1
 42
1
 50
15
 71
0
  3
isocp.shx
  0
ENDTAB
  0
TABLE
  2
LAYER
  5
F
330
0
100
AcDbSymbolTable
 70
3
  0
LAYER
  5
12
330
F
100
AcDbSymbolTableRecord
100
AcDbLayerTableRecord
  2
0
 70
0
 62
7
  6
CONTINUOUS
390
10
  0
LAYER
  5
13
330
F
100
AcDbSymbolTableRecord
100
AcDbLayerTableRecord
  2
F.Cu
 70
0
 62
52
420
12106534
  6
CONTINUOUS
390
10
  0
LAYER
  5
14
330
F
100
AcDbSymbolTableRecord
100
AcDbLayerTableRecord
  2
Edge.Cuts
 70
0
 62
40
420
16432431
  6
CONTINUOUS
390
10
  0
ENDTAB
  0
TABLE
  2
VPORT
  5
15
330
0
100
AcDbSymbolTable
 70
0
  0
ENDTAB
  0
TABLE
  2
VIEW
  5
16
330
0
100
AcDbSymbolTable
 70
0
  0
ENDTAB
  0
TABLE
  2
UCS
  5
17
330
0
100
AcDbSymbolTable
 70
0
  0
ENDTAB
  0
TABLE
  2
DIMSTYLE
  5
18
330
0
100
AcDbSymbolTable
 70
1
100
AcDbDimStyleTable
 71
0
  0
DIMSTYLE
105
19
330
18
100
AcDbSymbolTableRecord
100
AcDbDimStyleTableRecord
  2
Standard
 70
0
  0
ENDTAB
  0
TABLE
  2
BLOCK_RECORD
  5
1A
330
0
100
AcDbSymbolTable
 70
3
  0
BLOCK_RECORD
  5
1B
330
1A
100
AcDbSymbolTableRecord
100
AcDbBlockTableRecord
  2
*Model_Space
340
1E
 70
0
280
1
281
0
  0
BLOCK_RECORD
  5
1C
330
1A
100
AcDbSymbolTableRecord
100
AcDbBlockTableRecord
  2
*Paper_Space
340
1F
 70
0
280
1
281
0
  0
BLOCK_RECORD
  5
1D
330
1A
100
AcDbSymbolTableRecord
100
AcDbBlockTableRecord
  2
*Paper_Space0
340
20
 70
0
280
1
281
0
  0
ENDTAB
  0
ENDSEC
  0
SECTION
  2
BLOCKS
  0
BLOCK
  5
24
330
1B
100
AcDbEntity
  8
0
100
AcDbBlockBegin
  2
*Model_Space
 70
0
 10
0.0
 20
0.0
 30
0.0
  3
*Model_Space
  1

  0
ENDBLK
  5
23
330
1B
100
AcDbEntity
  8
0
100
AcDbBlockEnd
  0
BLOCK
  5
26
330
1C
100
AcDbEntity
 67
1
  8
0
100
AcDbBlockBegin
  2
*Paper_Space
 70
0
 10
0.0
 20
0.0
 30
0.0
  3
*Paper_Space
  1

  0
ENDBLK
  5
25
330
1C
100
AcDbEntity
 67
1
  8
0
100
AcDbBlockEnd
  0
BLOCK
  5
28
330
1D
100
AcDbEntity
 67
1
  8
0
100
AcDbBlockBegin
  2
*Paper_Space0
 70
0
 10
0.0
 20
0.0
 30
0.0
  3
*Paper_Space0
  1

  0
ENDBLK
  5
27
330
1D
100
AcDbEntity
 67
1
  8
0
100
AcDbBlockEnd
  0
ENDSEC
  0
SECTION
  2
ENTITIES
  0
LINE
  5
29
330
1B
100
AcDbEntity
  8
F.Cu
  6
CONTINUOUS
100
AcDbLine
 10
30.9272279999999995
 20
-55.1144479999999959
 30
0
 11
31.0721169999999987
 21
-55.1744629999999958
 31
0
  0
LINE
  5
2A
330
1B
100
AcDbEntity
  8
F.Cu
  6
CONTINUOUS
100
AcDbLine
 10
31.0721169999999987
 20
-55.1744629999999958
 30
0
 11
31.2025149999999982
 21
-55.2615920000000003
 31
0
  0
LINE
  5
2B
330
1B
100
AcDbEntity
  8
F.Cu
  6
CONTINUOUS
100
AcDbLine
 10
31.2025149999999982
 20
-55.2615920000000003
 30
0
 11
31.313407999999999
 21
-55.3724849999999975
 31
0
  0
LINE
  5
2C
330
1B
100
AcDbEntity
  8
F.Cu
  6
CONTINUOUS
100
AcDbLine
 10
31.313407999999999
 20
-55.3724849999999975
 30
0
 11
31.4005369999999999
 21
-55.5028829999999971
 31
0
  0
LINE
  5
2D
330
1B
100
AcDbEntity
  8
F.Cu
  6
CONTINUOUS
100
AcDbLine
 10
31.4005369999999999
 20
-55.5028829999999971
 30
0
 11
31.4605519999999999
 21
-55.6477719999999962
 31
0
  0
LINE
  5
2E
330
1B
100
AcDbEntity
  8
F.Cu
  6
CONTINUOUS
100
AcDbLine
 10
31.4605519999999999
 20
-55.6477719999999962
 30
0
 11
31.491147999999999
 21
-55.8015860000000004
 31
0
  0
LINE
  5
2F
330
1B
100
AcDbEntity
  8
F.Cu
  6
CONTINUOUS
100
AcDbLine
 10
31.491147999999999
 20
-55.8015860000000004
 30
0
 11
31.491147999999999
 21
-55.9584139999999977
 31
0
  0
LINE
  5
30
330
1B
100
AcDbEntity
  8
F.Cu
  6
CONTINUOUS
100
AcDbLine
 10
31.491147999999999
 20
-55.9584139999999977
 30
0
 11
31.4605519999999999
 21
-56.1122279999999947
 31
0
  0
LINE
  5
31
330
1B
100
AcDbEntity
  8
F.Cu
  6
CONTINUOUS
100
AcDbLine
 10
31.4605519999999999
 20
-56.1122279999999947
 30
0
 11
31.4005369999999999
 21
-56.2571170000000009
 31
0
  0
LINE
  5
32
330
1B
100
AcDbEntity
  8
F.Cu
  6
CONTINUOUS
100
AcDbLine
 10
31.4005369999999999
 20
-56.2571170000000009
 30
0
 11
31.313407999999999
 21
-56.3875150000000005
 31
0
  0
LINE
  5
33
330
1B
100
AcDbEntity
  8
F.Cu
  6
CONTINUOUS
100
AcDbLine
 10
31.313407999999999
 20
-56.3875150000000005
 30
0
 11
31.2025149999999982
 21
-56.4984079999999977
 31
0
  0
LINE
  5
34
330
1B
100
AcDbEntity
  8
F.Cu
  6
CONTINUOUS
100
AcDbLine
 10
31.2025149999999982
 20
-56.4984079999999977
 30
0
 11
31.0721169999999987
 21
-56.5855369999999951
 31
0
  0
LINE
  5
35
330
1B
100
AcDbEntity
  8
F.Cu
  6
CONTINUOUS
100
AcDbLine
 10
31.0721169999999987
 20
-56.5855369999999951
 30
0
 11
30.9272279999999995
 21
-56.645551999999995
 31
0
  0
LINE
  5
36
330
1B
100
AcDbEntity
  8
F.Cu
  6
CONTINUOUS
100
AcDbLine
 10
30.9272279999999995
 20
-56.645551999999995
 30
0
 11
30.7734139999999989
 21
-56.6761479999999978
 31
0
  0
LINE
  5
37
330
1B
100
AcDbEntity
  8
F.Cu
  6
CONTINUOUS
100
AcDbLine
 10
30.7734139999999989
 20
-56.6761479999999978
 30
0
 11
30.6165859999999981
 21
-56.6761479999999978
 31
0
  0
LINE
  5
38
330
1B
100
AcDbEntity
  8
F.Cu
  6
CONTINUOUS
100
AcDbLine
 10
30.6165859999999981
 20
-56.6761479999999978
 30
0
 11
30.4627719999999975
 21
-56.645551999999995
 31
0
  0
LINE
  5
39
330
1B
100
AcDbEntity
  8
F.Cu
  6
CONTINUOUS
100
AcDbLine
 10
30.4627719999999975
 20
-56.645551999999995
 30
0
 11
30.3178829999999984
 21
-56.5855369999999951
 31
0
  0
LINE
  5
3A
330
1B
100
AcDbEntity
  8
F.Cu
  6
CONTINUOUS
100
AcDbLine
 10
30.3178829999999984
 20
-56.5855369999999951
 30
0
 11
30.1874849999999988
 21
-56.4984079999999977
 31
0
  0
LINE
  5
3B
330
1B
100
AcDbEntity
  8
F.Cu
  6
CONTINUOUS
100
AcDbLine
 10
30.1874849999999988
 20
-56.4984079999999977
 30
0
 11
30.076591999999998
 21
-56.3875150000000005
 31
0
  0
LINE
  5
3C
330
1B
100
AcDbEntity
  8
F.Cu
  6
CONTINUOUS
100
AcDbLine
 10
30.076591999999998
 20
-56.3875150000000005
 30
0
 11
29.9894629999999971
 21
-56.2571170000000009
 31
0
  0
LINE
  5
3D
330
1B
100
AcDbEntity
  8
F.Cu
  6
CONTINUOUS
100
AcDbLine
 10
29.9894629999999971
 20
-56.2571170000000009
 30
0
 11
29.9294479999999972
 21
-56.1122279999999947
 31
0
  0
LINE
  5
3E
330
1B
100
AcDbEntity
  8
F.Cu
  6
CONTINUOUS
100
AcDbLine
 10
29.9294479999999972
 20
-56.1122279999999947
 30
0
 11
29.898851999999998
 21
-55.9584139999999977
 31
0
  0
LINE
  5
3F
330
1B
100
AcDbEntity
  8
F.Cu
  6
CONTINUOUS
100
AcDbLine
 10
29.898851999999998
 20
-55.9584139999999977
 30
0
 11
29.898851999999998
 21
-55.8015860000000004
 31
0
  0
LINE
  5
40
330
1B
100
AcDbEntity
  8
F.Cu
  6
CONTINUOUS
100
AcDbLine
 10
29.898851999999998
 20
-55.8015860000000004
 30
0
 11
29.9294479999999972
 21
-55.6477719999999962
 31
0
  0
LINE
  5
41
330
1B
100
AcDbEntity
  8
F.Cu
  6
CONTINUOUS
100
AcDbLine
 10
29.9294479999999972
 20
-55.6477719999999962
 30
0
 11
29.9894629999999971
 21
-55.5028829999999971
 31
0
  0
LINE
  5
42
330
1B
100
AcDbEntity
  8
F.Cu
  6
CONTINUOUS
100
AcDbLine
 10
29.9894629999999971
 20
-55.5028829999999971
 30
0
 11
30.076591999999998
 21
-55.3724849999999975
 31
0
  0
LINE
  5
43
330
1B
100
AcDbEntity
  8
F.Cu
  6
CONTINUOUS
100
AcDbLine
 10
30.076591999999998
 20
-55.3724849999999975
 30
0
 11
30.1874849999999988
 21
-55.2615920000000003
 31
0
  0
LINE
  5
44
330
1B
100
AcDbEntity
  8
F.Cu
  6
CONTINUOUS
100
AcDbLine
 10
30.1874849999999988
 20
-55.2615920000000003
 30
0
 11
30.3178829999999984
 21
-55.1744629999999958
 31
0
  0
LINE
  5
45
330
1B
100
AcDbEntity
  8
F.Cu
  6
CONTINUOUS
100
AcDbLine
 10
30.3178829999999984
 20
-55.1744629999999958
 30
0
 11
30.4627719999999975
 21
-55.1144479999999959
 31
0
  0
LINE
  5
46
330
1B
100
AcDbEntity
  8
F.Cu
  6
CONTINUOUS
100
AcDbLine
 10
30.4627719999999975
 20
-55.1144479999999959
 30
0
 11
30.6165859999999981
 21
-55.0838520000000003
 31
0
  0
LINE
  5
47
330
1B
100
AcDbEntity
  8
F.Cu
  6
CONTINUOUS
100
AcDbLine
 10
30.6165859999999981
 20
-55.0838520000000003
 30
0
 11
30.7734139999999989
 21
-55.0838520000000003
 31
0
  0
LINE
  5
48
330
1B
100
AcDbEntity
  8
F.Cu
  6
CONTINUOUS
100
AcDbLine
 10
30.7734139999999989
 20
-55.0838520000000003
 30
0
 11
30.9272279999999995
 21
-55.1144479999999959
 31
0
  0
LINE
  5
49
330
1B
100
AcDbEntity
  8
F.Cu
  6
CONTINUOUS
100
AcDbLine
 10
35.9272279999999995
 20
-55.1144479999999959
 30
0
 11
36.0721169999999987
 21
-55.1744629999999958
 31
0
  0
LINE
  5
4A
330
1B
100
AcDbEntity
  8
F.Cu
  6
CONTINUOUS
100
AcDbLine
 10
36.0721169999999987
 20
-55.1744629999999958
 30
0
 11
36.2025149999999982
 21
-55.2615920000000003
 31
0
  0
LINE
  5
4B
330
1B
100
AcDbEntity
  8
F.Cu
  6
CONTINUOUS
100
AcDbLine
 10
36.2025149999999982
 20
-55.2615920000000003
 30
0
 11
36.3134079999999955
 21
-55.3724849999999975
 31
0
  0
LINE
  5
4C
330
1B
100
AcDbEntity
  8
F.Cu
  6
CONTINUOUS
100
AcDbLine
 10
36.3134079999999955
 20
-55.3724849999999975
 30
0
 11
36.4005369999999999
 21
-55.5028829999999971
 31
0
  0
LINE
  5
4D
330
1B
100
AcDbEntity
  8
F.Cu
  6
CONTINUOUS
100
AcDbLine
 10
36.4005369999999999
 20
-55.5028829999999971
 30
0
 11
36.4605519999999999
 21
-55.6477719999999962
 31
0
  0
LINE
  5
4E
330
1B
100
AcDbEntity
  8
F.Cu
  6
CONTINUOUS
100
AcDbLine
 10
36.4605519999999999
 20
-55.6477719999999962
 30
0
 11
36.4911479999999955
 21
-55.8015860000000004
 31
0
  0
LINE
  5
4F
330
1B
100
AcDbEntity
  8
F.Cu
  6
CONTINUOUS
100
AcDbLine
 10
36.4911479999999955
 20
-55.8015860000000004
 30
0
 11
36.4911479999999955
 21
-55.9584139999999977
 31
0
  0
LINE
  5
50
330
1B
100
AcDbEntity
  8
F.Cu
  6
CONTINUOUS
100
AcDbLine
 10
36.4911479999999955
 20
-55.9584139999999977
 30
0
 11
36.4605519999999999
 21
-56.1122279999999947
 31
0
  0
LINE
  5
51
330
1B
100
AcDbEntity
  8
F.Cu
  6
CONTINUOUS
100
AcDbLine
 10
36.4605519999999999
 20
-56.1122279999999947
 30
0
 11
36.4005369999999999
 21
-56.2571170000000009
 31
0
  0
LINE
  5
52
330
1B
100
AcDbEntity
  8
F.Cu
  6
CONTINUOUS
100
AcDbLine
 10
36.4005369999999999
 20
-56.2571170000000009
 30
0
 11
36.3134079999999955
 21
-56.3875150000000005
 31
0
  0
LINE
  5
53
330
1B
100
AcDbEntity
  8
F.Cu
  6
CONTINUOUS
100
AcDbLine
 10
36.3134079999999955
 20
-56.3875150000000005
 30
0
 11
36.2025149999999982
 21
-56.4984079999999977
 31
0
  0
LINE
  5
54
330
1B
100
AcDbEntity
  8
F.Cu
  6
CONTINUOUS
100
AcDbLine
 10
36.2025149999999982
 20
-56.4984079999999977
 30
0
 11
36.0721169999999987
 21
-56.5855369999999951
 31
0
  0
LINE
  5
55
330
1B
100
AcDbEntity
  8
F.Cu
  6
CONTINUOUS
100
AcDbLine
 10
36.0721169999999987
 20
-56.5855369999999951
 30
0
 11
35.9272279999999995
 21
-56.645551999999995
 31
0
  0
LINE
  5
56
330
1B
100
AcDbEntity
  8
F.Cu
  6
CONTINUOUS
100
AcDbLine
 10
35.9272279999999995
 20
-56.645551999999995
 30
0
 11
35.7734139999999954
 21
-56.6761479999999978
 31
0
  0
LINE
  5
57
330
1B
100
AcDbEntity
  8
F.Cu
  6
CONTINUOUS
100
AcDbLine
 10
35.7734139999999954
 20
-56.6761479999999978
 30
0
 11
35.6165859999999981
 21
-56.6761479999999978
 31
0
  0
LINE
  5
58
330
1B
100
AcDbEntity
  8
F.Cu
  6
CONTINUOUS
100
AcDbLine
 10
35.6165859999999981
 20
-56.6761479999999978
 30
0
 11
35.4627720000000011
 21
-56.645551999999995
 31
0
  0
LINE
  5
59
330
1B
100
AcDbEntity
  8
F.Cu
  6
CONTINUOUS
100
AcDbLine
 10
35.4627720000000011
 20
-56.645551999999995
 30
0
 11
35.3178830000000019
 21
-56.5855369999999951
 31
0
  0
LINE
  5
5A
330
1B
100
AcDbEntity
  8
F.Cu
  6
CONTINUOUS
100
AcDbLine
 10
35.3178830000000019
 20
-56.5855369999999951
 30
0
 11
35.1874849999999952
 21
-56.4984079999999977
 31
0
  0
LINE
  5
5B
330
1B
100
AcDbEntity
  8
F.Cu
  6
CONTINUOUS
100
AcDbLine
 10
35.1874849999999952
 20
-56.4984079999999977
 30
0
 11
35.076591999999998
 21
-56.3875150000000005
 31
0
  0
LINE
  5
5C
330
1B
100
AcDbEntity
  8
F.Cu
  6
CONTINUOUS
100
AcDbLine
 10
35.076591999999998
 20
-56.3875150000000005
 30
0
 11
34.9894630000000006
 21
-56.2571170000000009
 31
0
  0
LINE
  5
5D
330
1B
100
AcDbEntity
  8
F.Cu
  6
CONTINUOUS
100
AcDbLine
 10
34.9894630000000006
 20
-56.2571170000000009
 30
0
 11
34.9294480000000007
 21
-56.1122279999999947
 31
0
  0
LINE
  5
5E
330
1B
100
AcDbEntity
  8
F.Cu
  6
CONTINUOUS
100
AcDbLine
 10
34.9294480000000007
 20
-56.1122279999999947
 30
0
 11
34.898851999999998
 21
-55.9584139999999977
 31
0
  0
LINE
  5
5F
330
1B
100
AcDbEntity
  8
F.Cu
  6
CONTINUOUS
100
AcDbLine
 10
34.898851999999998
 20
-55.9584139999999977
 30
0
 11
34.898851999999998
 21
-55.8015860000000004
 31
0
  0
LINE
  5
60
330
1B
100
AcDbEntity
  8
F.Cu
  6
CONTINUOUS
100
AcDbLine
 10
34.898851999999998
 20
-55.8015860000000004
 30
0
 11
34.9294480000000007
 21
-55.6477719999999962
 31
0
  0
LINE
  5
61
330
1B
100
AcDbEntity
  8
F.Cu
  6
CONTINUOUS
100
AcDbLine
 10
34.9294480000000007
 20
-55.6477719999999962
 30
0
 11
34.9894630000000006
 21
-55.5028829999999971
 31
0
  0
LINE
  5
62
330
1B
100
AcDbEntity
  8
F.Cu
  6
CONTINUOUS
100
AcDbLine
 10
34.9894630000000006
 20
-55.5028829999999971
 30
0
 11
35.076591999999998
 21
-55.3724849999999975
 31
0
  0
LINE
  5
63
330
1B
100
AcDbEntity
  8
F.Cu
  6
CONTINUOUS
100
AcDbLine
 10
35.076591999999998
 20
-55.3724849999999975
 30
0
 11
35.1874849999999952
 21
-55.2615920000000003
 31
0
  0
LINE
  5
64
330
1B
100
AcDbEntity
  8
F.Cu
  6
CONTINUOUS
100
AcDbLine
 10
35.1874849999999952
 20
-55.2615920000000003
 30
0
 11
35.3178830000000019
 21
-55.1744629999999958
 31
0
  0
LINE
  5
65
330
1B
100
AcDbEntity
  8
F.Cu
  6
CONTINUOUS
100
AcDbLine
 10
35.3178830000000019
 20
-55.1744629999999958
 30
0
 11
35.4627720000000011
 21
-55.1144479999999959
 31
0
  0
LINE
  5
66
330
1B
100
AcDbEntity
  8
F.Cu
  6
CONTINUOUS
100
AcDbLine
 10
35.4627720000000011
 20
-55.1144479999999959
 30
0
 11
35.6165859999999981
 21
-55.0838520000000003
 31
0
  0
LINE
  5
67
330
1B
100
AcDbEntity
  8
F.Cu
  6
CONTINUOUS
100
AcDbLine
 10
35.6165859999999981
 20
-55.0838520000000003
 30
0
 11
35.7734139999999954
 21
-55.0838520000000003
 31
0
  0
LINE
  5
68
330
1B
100
AcDbEntity
  8
F.Cu
  6
CONTINUOUS
100
AcDbLine
 10
35.7734139999999954
 20
-55.0838520000000003
 30
0
 11
35.9272279999999995
 21
-55.1144479999999959
 31
0
  0
LINE
  5
69
330
1B
100
AcDbEntity
  8
F.Cu
  6
CONTINUOUS
100
AcDbLine
 10
40.6572279999999964
 20
-55.1144479999999959
 30
0
 11
40.8021169999999955
 21
-55.1744629999999958
 31
0
  0
LINE
  5
6A
330
1B
100
AcDbEntity
  8
F.Cu
  6
CONTINUOUS
100
AcDbLine
 10
40.8021169999999955
 20
-55.1744629999999958
 30
0
 11
40.9325149999999951
 21
-55.2615920000000003
 31
0
  0
LINE
  5
6B
330
1B
100
AcDbEntity
  8
F.Cu
  6
CONTINUOUS
100
AcDbLine
 10
40.9325149999999951
 20
-55.2615920000000003
 30
0
 11
41.0434079999999994
 21
-55.3724849999999975
 31
0
  0
LINE
  5
6C
330
1B
100
AcDbEntity
  8
F.Cu
  6
CONTINUOUS
100
AcDbLine
 10
41.0434079999999994
 20
-55.3724849999999975
 30
0
 11
41.1305369999999968
 21
-55.5028829999999971
 31
0
  0
LINE
  5
6D
330
1B
100
AcDbEntity
  8
F.Cu
  6
CONTINUOUS
100
AcDbLine
 10
41.1305369999999968
 20
-55.5028829999999971
 30
0
 11
41.1905519999999967
 21
-55.6477719999999962
 31
0
  0
LINE
  5
6E
330
1B
100
AcDbEntity
  8
F.Cu
  6
CONTINUOUS
100
AcDbLine
 10
41.1905519999999967
 20
-55.6477719999999962
 30
0
 11
41.2211479999999995
 21
-55.8015860000000004
 31
0
  0
LINE
  5
6F
330
1B
100
AcDbEntity
  8
F.Cu
  6
CONTINUOUS
100
AcDbLine
 10
41.2211479999999995
 20
-55.8015860000000004
 30
0
 11
41.2211479999999995
 21
-55.9584139999999977
 31
0
  0
LINE
  5
70
330
1B
100
AcDbEntity
  8
F.Cu
  6
CONTINUOUS
100
AcDbLine
 10
41.2211479999999995
 20
-55.9584139999999977
 30
0
 11
41.1905519999999967
 21
-56.1122279999999947
 31
0
  0
LINE
  5
71
330
1B
100
AcDbEntity
  8
F.Cu
  6
CONTINUOUS
100
AcDbLine
 10
41.1905519999999967
 20
-56.1122279999999947
 30
0
 11
41.1305369999999968
 21
-56.2571170000000009
 31
0
  0
LINE
  5
72
330
1B
100
AcDbEntity
  8
F.Cu
  6
CONTINUOUS
100
AcDbLine
 10
41.1305369999999968
 20
-56.2571170000000009
 30
0
 11
41.0434079999999994
 21
-56.3875150000000005
 31
0
  0
LINE
  5
73
330
1B
100
AcDbEntity
  8
F.Cu
  6
CONTINUOUS
100
AcDbLine
 10
41.0434079999999994
 20
-56.3875150000000005
 30
0
 11
40.9325149999999951
 21
-56.4984079999999977
 31
0
  0
LINE
  5
74
330
1B
100
AcDbEntity
  8
F.Cu
  6
CONTINUOUS
100
AcDbLine
 10
40.9325149999999951
 20
-56.4984079999999977
 30
0
 11
40.8021169999999955
 21
-56.5855369999999951
 31
0
  0
LINE
  5
75
330
1B
100
AcDbEntity
  8
F.Cu
  6
CONTINUOUS
100
AcDbLine
 10
40.8021169999999955
 20
-56.5855369999999951
 30
0
 11
40.6572279999999964
 21
-56.645551999999995
 31
0
  0
LINE
  5
76
330
1B
100
AcDbEntity
  8
F.Cu
  6
CONTINUOUS
100
AcDbLine
 10
40.6572279999999964
 20
-56.645551999999995
 30
0
 11
40.5034139999999994
 21
-56.6761479999999978
 31
0
  0
LINE
  5
77
330
1B
100
AcDbEntity
  8
F.Cu
  6
CONTINUOUS
100
AcDbLine
 10
40.5034139999999994
 20
-56.6761479999999978
 30
0
 11
40.346585999999995
 21
-56.6761479999999978
 31
0
  0
LINE
  5
78
330
1B
100
AcDbEntity
  8
F.Cu
  6
CONTINUOUS
100
AcDbLine
 10
40.346585999999995
 20
-56.6761479999999978
 30
0
 11
40.1927719999999979
 21
-56.645551999999995
 31
0
  0
LINE
  5
79
330
1B
100
AcDbEntity
  8
F.Cu
  6
CONTINUOUS
100
AcDbLine
 10
40.1927719999999979
 20
-56.645551999999995
 30
0
 11
40.0478829999999988
 21
-56.5855369999999951
 31
0
  0
LINE
  5
7A
330
1B
100
AcDbEntity
  8
F.Cu
  6
CONTINUOUS
100
AcDbLine
 10
40.0478829999999988
 20
-56.5855369999999951
 30
0
 11
39.9174849999999992
 21
-56.4984079999999977
 31
0
  0
LINE
  5
7B
330
1B
100
AcDbEntity
  8
F.Cu
  6
CONTINUOUS
100
AcDbLine
 10
39.9174849999999992
 20
-56.4984079999999977
 30
0
 11
39.8065919999999949
 21
-56.3875150000000005
 31
0
  0
LINE
  5
7C
330
1B
100
AcDbEntity
  8
F.Cu
  6
CONTINUOUS
100
AcDbLine
 10
39.8065919999999949
 20
-56.3875150000000005
 30
0
 11
39.7194629999999975
 21
-56.2571170000000009
 31
0
  0
LINE
  5
7D
330
1B
100
AcDbEntity
  8
F.Cu
  6
CONTINUOUS
100
AcDbLine
 10
39.7194629999999975
 20
-56.2571170000000009
 30
0
 11
39.6594479999999976
 21
-56.1122279999999947
 31
0
  0
LINE
  5
7E
330
1B
100
AcDbEntity
  8
F.Cu
  6
CONTINUOUS
100
AcDbLine
 10
39.6594479999999976
 20
-56.1122279999999947
 30
0
 11
39.6288519999999949
 21
-55.9584139999999977
 31
0
  0
LINE
  5
7F
330
1B
100
AcDbEntity
  8
F.Cu
  6
CONTINUOUS
100
AcDbLine
 10
39.6288519999999949
 20
-55.9584139999999977
 30
0
 11
39.6288519999999949
 21
-55.8015860000000004
 31
0
  0
LINE
  5
80
330
1B
100
AcDbEntity
  8
F.Cu
  6
CONTINUOUS
100
AcDbLine
 10
39.6288519999999949
 20
-55.8015860000000004
 30
0
 11
39.6594479999999976
 21
-55.6477719999999962
 31
0
  0
LINE
  5
81
330
1B
100
AcDbEntity
  8
F.Cu
  6
CONTINUOUS
100
AcDbLine
 10
39.6594479999999976
 20
-55.6477719999999962
 30
0
 11
39.7194629999999975
 21
-55.5028829999999971
 31
0
  0
LINE
  5
82
330
1B
100
AcDbEntity
  8
F.Cu
  6
CONTINUOUS
100
AcDbLine
 10
39.7194629999999975
 20
-55.5028829999999971
 30
0
 11
39.8065919999999949
 21
-55.3724849999999975
 31
0
  0
LINE
  5
83
330
1B
100
AcDbEntity
  8
F.Cu
  6
CONTINUOUS
100
AcDbLine
 10
39.8065919999999949
 20
-55.3724849999999975
 30
0
 11
39.9174849999999992
 21
-55.2615920000000003
 31
0
  0
LINE
  5
84
330
1B
100
AcDbEntity
  8
F.Cu
  6
CONTINUOUS
100
AcDbLine
 10
39.9174849999999992
 20
-55.2615920000000003
 30
0
 11
40.0478829999999988
 21
-55.1744629999999958
 31
0
  0
LINE
  5
85
330
1B
100
AcDbEntity
  8
F.Cu
  6
CONTINUOUS
100
AcDbLine
 10
40.0478829999999988
 20
-55.1744629999999958
 30
0
 11
40.1927719999999979
 21
-55.1144479999999959
 31
0
  0
LINE
  5
86
330
1B
100
AcDbEntity
  8
F.Cu
  6
CONTINUOUS
100
AcDbLine
 10
40.1927719999999979
 20
-55.1144479999999959
 30
0
 11
40.346585999999995
 21
-55.0838520000000003
 31
0
  0
LINE
  5
87
330
1B
100
AcDbEntity
  8
F.Cu
  6
CONTINUOUS
100
AcDbLine
 10
40.346585999999995
 20
-55.0838520000000003
 30
0
 11
40.5034139999999994
 21
-55.0838520000000003
 31
0
  0
LINE
  5
88
330
1B
100
AcDbEntity
  8
F.Cu
  6
CONTINUOUS
100
AcDbLine
 10
40.5034139999999994
 20
-55.0838520000000003
 30
0
 11
40.6572279999999964
 21
-55.1144479999999959
 31
0
  0
LINE
  5
89
330
1B
100
AcDbEntity
  8
F.Cu
  6
CONTINUOUS
100
AcDbLine
 10
48.2772280000000009
 20
-55.1144479999999959
 30
0
 11
48.4221170000000001
 21
-55.1744629999999958
 31
0
  0
LINE
  5
8A
330
1B
100
AcDbEntity
  8
F.Cu
  6
CONTINUOUS
100
AcDbLine
 10
48.4221170000000001
 20
-55.1744629999999958
 30
0
 11
48.5525149999999996
 21
-55.2615920000000003
 31
0
  0
LINE
  5
8B
330
1B
100
AcDbEntity
  8
F.Cu
  6
CONTINUOUS
100
AcDbLine
 10
48.5525149999999996
 20
-55.2615920000000003
 30
0
 11
48.6634079999999969
 21
-55.3724849999999975
 31
0
  0
LINE
  5
8C
330
1B
100
AcDbEntity
  8
F.Cu
  6
CONTINUOUS
100
AcDbLine
 10
48.6634079999999969
 20
-55.3724849999999975
 30
0
 11
48.7505370000000013
 21
-55.5028829999999971
 31
0
  0
LINE
  5
8D
330
1B
100
AcDbEntity
  8
F.Cu
  6
CONTINUOUS
100
AcDbLine
 10
48.7505370000000013
 20
-55.5028829999999971
 30
0
 11
48.8105520000000013
 21
-55.6477719999999962
 31
0
  0
LINE
  5
8E
330
1B
100
AcDbEntity
  8
F.Cu
  6
CONTINUOUS
100
AcDbLine
 10
48.8105520000000013
 20
-55.6477719999999962
 30
0
 11
48.8411479999999969
 21
-55.8015860000000004
 31
0
  0
LINE
  5
8F
330
1B
100
AcDbEntity
  8
F.Cu
  6
CONTINUOUS
100
AcDbLine
 10
48.8411479999999969
 20
-55.8015860000000004
 30
0
 11
48.8411479999999969
 21
-55.9584139999999977
 31
0
  0
LINE
  5
90
330
1B
100
AcDbEntity
  8
F.Cu
  6
CONTINUOUS
100
AcDbLine
 10
48.8411479999999969
 20
-55.9584139999999977
 30
0
 11
48.8105520000000013
 21
-56.1122279999999947
 31
0
  0
LINE
  5
91
330
1B
100
AcDbEntity
  8
F.Cu
  6
CONTINUOUS
100
AcDbLine
 10
48.8105520000000013
 20
-56.1122279999999947
 30
0
 11
48.7505370000000013
 21
-56.2571170000000009
 31
0
  0
LINE
  5
92
330
1B
100
AcDbEntity
  8
F.Cu
  6
CONTINUOUS
100
AcDbLine
 10
48.7505370000000013
 20
-56.2571170000000009
 30
0
 11
48.6634079999999969
 21
-56.3875150000000005
 31
0
  0
LINE
  5
93
330
1B
100
AcDbEntity
  8
F.Cu
  6
CONTINUOUS
100
AcDbLine
 10
48.6634079999999969
 20
-56.3875150000000005
 30
0
 11
48.5525149999999996
 21
-56.4984079999999977
 31
0
  0
LINE
  5
94
330
1B
100
AcDbEntity
  8
F.Cu
  6
CONTINUOUS
100
AcDbLine
 10
48.5525149999999996
 20
-56.4984079999999977
 30
0
 11
48.4221170000000001
 21
-56.5855369999999951
 31
0
  0
LINE
  5
95
330
1B
100
AcDbEntity
  8
F.Cu
  6
CONTINUOUS
100
AcDbLine
 10
48.4221170000000001
 20
-56.5855369999999951
 30
0
 11
48.2772280000000009
 21
-56.645551999999995
 31
0
  0
LINE
  5
96
330
1B
100
AcDbEntity
  8
F.Cu
  6
CONTINUOUS
100
AcDbLine
 10
48.2772280000000009
 20
-56.645551999999995
 30
0
 11
48.1234139999999968
 21
-56.6761479999999978
 31
0
  0
LINE
  5
97
330
1B
100
AcDbEntity
  8
F.Cu
  6
CONTINUOUS
100
AcDbLine
 10
48.1234139999999968
 20
-56.6761479999999978
 30
0
 11
47.9665859999999995
 21
-56.6761479999999978
 31
0
  0
LINE
  5
98
330
1B
100
AcDbEntity
  8
F.Cu
  6
CONTINUOUS
100
AcDbLine
 10
47.9665859999999995
 20
-56.6761479999999978
 30
0
 11
47.8127719999999954
 21
-56.645551999999995
 31
0
  0
LINE
  5
99
330
1B
100
AcDbEntity
  8
F.Cu
  6
CONTINUOUS
100
AcDbLine
 10
47.8127719999999954
 20
-56.645551999999995
 30
0
 11
47.6678829999999962
 21
-56.5855369999999951
 31
0
  0
LINE
  5
9A
330
1B
100
AcDbEntity
  8
F.Cu
  6
CONTINUOUS
100
AcDbLine
 10
47.6678829999999962
 20
-56.5855369999999951
 30
0
 11
47.5374849999999967
 21
-56.4984079999999977
 31
0
  0
LINE
  5
9B
330
1B
100
AcDbEntity
  8
F.Cu
  6
CONTINUOUS
100
AcDbLine
 10
47.5374849999999967
 20
-56.4984079999999977
 30
0
 11
47.4265919999999994
 21
-56.3875150000000005
 31
0
  0
LINE
  5
9C
330
1B
100
AcDbEntity
  8
F.Cu
  6
CONTINUOUS
100
AcDbLine
 10
47.4265919999999994
 20
-56.3875150000000005
 30
0
 11
47.339462999999995
 21
-56.2571170000000009
 31
0
  0
LINE
  5
9D
330
1B
100
AcDbEntity
  8
F.Cu
  6
CONTINUOUS
100
AcDbLine
 10
47.339462999999995
 20
-56.2571170000000009
 30
0
 11
47.279447999999995
 21
-56.1122279999999947
 31
0
  0
LINE
  5
9E
330
1B
100
AcDbEntity
  8
F.Cu
  6
CONTINUOUS
100
AcDbLine
 10
47.279447999999995
 20
-56.1122279999999947
 30
0
 11
47.2488519999999994
 21
-55.9584139999999977
 31
0
  0
LINE
  5
9F
330
1B
100
AcDbEntity
  8
F.Cu
  6
CONTINUOUS
100
AcDbLine
 10
47.2488519999999994
 20
-55.9584139999999977
 30
0
 11
47.2488519999999994
 21
-55.8015860000000004
 31
0
  0
LINE
  5
A0
330
1B
100
AcDbEntity
  8
F.Cu
  6
CONTINUOUS
100
AcDbLine
 10
47.2488519999999994
 20
-55.8015860000000004
 30
0
 11
47.279447999999995
 21
-55.6477719999999962
 31
0
  0
LINE
  5
A1
330
1B
100
AcDbEntity
  8
F.Cu
  6
CONTINUOUS
100
AcDbLine
 10
47.279447999999995
 20
-55.6477719999999962
 30
0
 11
47.339462999999995
 21
-55.5028829999999971
 31
0
  0
LINE
  5
A2
330
1B
100
AcDbEntity
  8
F.Cu
  6
CONTINUOUS
100
AcDbLine
 10
47.339462999999995
 20
-55.5028829999999971
 30
0
 11
47.4265919999999994
 21
-55.3724849999999975
 31
0
  0
LINE
  5
A3
330
1B
100
AcDbEntity
  8
F.Cu
  6
CONTINUOUS
100
AcDbLine
 10
47.4265919999999994
 20
-55.3724849999999975
 30
0
 11
47.5374849999999967
 21
-55.2615920000000003
 31
0
  0
LINE
  5
A4
330
1B
100
AcDbEntity
  8
F.Cu
  6
CONTINUOUS
100
AcDbLine
 10
47.5374849999999967
 20
-55.2615920000000003
 30
0
 11
47.6678829999999962
 21
-55.1744629999999958
 31
0
  0
LINE
  5
A5
330
1B
100
AcDbEntity
  8
F.Cu
  6
CONTINUOUS
100
AcDbLine
 10
47.6678829999999962
 20
-55.1744629999999958
 30
0
 11
47.8127719999999954
 21
-55.1144479999999959
 31
0
  0
LINE
  5
A6
330
1B
100
AcDbEntity
  8
F.Cu
  6
CONTINUOUS
100
AcDbLine
 10
47.8127719999999954
 20
-55.1144479999999959
 30
0
 11
47.9665859999999995
 21
-55.0838520000000003
 31
0
  0
LINE
  5
A7
330
1B
100
AcDbEntity
  8
F.Cu
  6
CONTINUOUS
100
AcDbLine
 10
47.9665859999999995
 20
-55.0838520000000003
 30
0
 11
48.1234139999999968
 21
-55.0838520000000003
 31
0
  0
LINE
  5
A8
330
1B
100
AcDbEntity
  8
F.Cu
  6
CONTINUOUS
100
AcDbLine
 10
48.1234139999999968
 20
-55.0838520000000003
 30
0
 11
48.2772280000000009
 21
-55.1144479999999959
 31
0
  0
LINE
  5
A9
330
1B
100
AcDbEntity
  8
F.Cu
  6
CONTINUOUS
100
AcDbLine
 10
23.8272279999999981
 20
-47.4944479999999984
 30
0
 11
23.9721169999999972
 21
-47.5544629999999984
 31
0
  0
LINE
  5
AA
330
1B
100
AcDbEntity
  8
F.Cu
  6
CONTINUOUS
100
AcDbLine
 10
23.9721169999999972
 20
-47.5544629999999984
 30
0
 11
24.1025150000000004
 21
-47.6415919999999957
 31
0
  0
LINE
  5
AB
330
1B
100
AcDbEntity
  8
F.Cu
  6
CONTINUOUS
100
AcDbLine
 10
24.1025150000000004
 20
-47.6415919999999957
 30
0
 11
24.2134079999999976
 21
-47.7524850000000001
 31
0
  0
LINE
  5
AC
330
1B
100
AcDbEntity
  8
F.Cu
  6
CONTINUOUS
100
AcDbLine
 10
24.2134079999999976
 20
-47.7524850000000001
 30
0
 11
24.3005369999999985
 21
-47.8828829999999996
 31
0
  0
LINE
  5
AD
330
1B
100
AcDbEntity
  8
F.Cu
  6
CONTINUOUS
100
AcDbLine
 10
24.3005369999999985
 20
-47.8828829999999996
 30
0
 11
24.3605519999999984
 21
-48.0277719999999988
 31
0
  0
LINE
  5
AE
330
1B
100
AcDbEntity
  8
F.Cu
  6
CONTINUOUS
100
AcDbLine
 10
24.3605519999999984
 20
-48.0277719999999988
 30
0
 11
24.3911479999999976
 21
-48.1815859999999958
 31
0
  0
LINE
  5
AF
330
1B
100
AcDbEntity
  8
F.Cu
  6
CONTINUOUS
100
AcDbLine
 10
24.3911479999999976
 20
-48.1815859999999958
 30
0
 11
24.3911479999999976
 21
-48.3384140000000002
 31
0
  0
LINE
  5
B0
330
1B
100
AcDbEntity
  8
F.Cu
  6
CONTINUOUS
100
AcDbLine
 10
24.3911479999999976
 20
-48.3384140000000002
 30
0
 11
24.3605519999999984
 21
-48.4922279999999972
 31
0
  0
LINE
  5
B1
330
1B
100
AcDbEntity
  8
F.Cu
  6
CONTINUOUS
100
AcDbLine
 10
24.3605519999999984
 20
-48.4922279999999972
 30
0
 11
24.3005369999999985
 21
-48.6371169999999964
 31
0
  0
LINE
  5
B2
330
1B
100
AcDbEntity
  8
F.Cu
  6
CONTINUOUS
100
AcDbLine
 10
24.3005369999999985
 20
-48.6371169999999964
 30
0
 11
24.2134079999999976
 21
-48.767514999999996
 31
0
  0
LINE
  5
B3
330
1B
100
AcDbEntity
  8
F.Cu
  6
CONTINUOUS
100
AcDbLine
 10
24.2134079999999976
 20
-48.767514999999996
 30
0
 11
24.1025150000000004
 21
-48.8784080000000003
 31
0
  0
LINE
  5
B4
330
1B
100
AcDbEntity
  8
F.Cu
  6
CONTINUOUS
100
AcDbLine
 10
24.1025150000000004
 20
-48.8784080000000003
 30
0
 11
23.9721169999999972
 21
-48.9655369999999976
 31
0
  0
LINE
  5
B5
330
1B
100
AcDbEntity
  8
F.Cu
  6
CONTINUOUS
100
AcDbLine
 10
23.9721169999999972
 20
-48.9655369999999976
 30
0
 11
23.8272279999999981
 21
-49.0255519999999976
 31
0
  0
LINE
  5
B6
330
1B
100
AcDbEntity
  8
F.Cu
  6
CONTINUOUS
100
AcDbLine
 10
23.8272279999999981
 20
-49.0255519999999976
 30
0
 11
23.6734139999999975
 21
-49.0561480000000003
 31
0
  0
LINE
  5
B7
330
1B
100
AcDbEntity
  8
F.Cu
  6
CONTINUOUS
100
AcDbLine
 10
23.6734139999999975
 20
-49.0561480000000003
 30
0
 11
23.5165860000000002
 21
-49.0561480000000003
 31
0
  0
LINE
  5
B8
330
1B
100
AcDbEntity
  8
F.Cu
  6
CONTINUOUS
100
AcDbLine
 10
23.5165860000000002
 20
-49.0561480000000003
 30
0
 11
23.3627719999999997
 21
-49.0255519999999976
 31
0
  0
LINE
  5
B9
330
1B
100
AcDbEntity
  8
F.Cu
  6
CONTINUOUS
100
AcDbLine
 10
23.3627719999999997
 20
-49.0255519999999976
 30
0
 11
23.2178830000000005
 21
-48.9655369999999976
 31
0
  0
LINE
  5
BA
330
1B
100
AcDbEntity
  8
F.Cu
  6
CONTINUOUS
100
AcDbLine
 10
23.2178830000000005
 20
-48.9655369999999976
 30
0
 11
23.0874849999999974
 21
-48.8784080000000003
 31
0
  0
LINE
  5
BB
330
1B
100
AcDbEntity
  8
F.Cu
  6
CONTINUOUS
100
AcDbLine
 10
23.0874849999999974
 20
-48.8784080000000003
 30
0
 11
22.9765920000000001
 21
-48.767514999999996
 31
0
  0
LINE
  5
BC
330
1B
100
AcDbEntity
  8
F.Cu
  6
CONTINUOUS
100
AcDbLine
 10
22.9765920000000001
 20
-48.767514999999996
 30
0
 11
22.8894629999999992
 21
-48.6371169999999964
 31
0
  0
LINE
  5
BD
330
1B
100
AcDbEntity
  8
F.Cu
  6
CONTINUOUS
100
AcDbLine
 10
22.8894629999999992
 20
-48.6371169999999964
 30
0
 11
22.8294479999999993
 21
-48.4922279999999972
 31
0
  0
LINE
  5
BE
330
1B
100
AcDbEntity
  8
F.Cu
  6
CONTINUOUS
100
AcDbLine
 10
22.8294479999999993
 20
-48.4922279999999972
 30
0
 11
22.7988520000000001
 21
-48.3384140000000002
 31
0
  0
LINE
  5
BF
330
1B
100
AcDbEntity
  8
F.Cu
  6
CONTINUOUS
100
AcDbLine
 10
22.7988520000000001
 20
-48.3384140000000002
 30
0
 11
22.7988520000000001
 21
-48.1815859999999958
 31
0
  0
LINE
  5
C0
330
1B
100
AcDbEntity
  8
F.Cu
  6
CONTINUOUS
100
AcDbLine
 10
22.7988520000000001
 20
-48.1815859999999958
 30
0
 11
22.8294479999999993
 21
-48.0277719999999988
 31
0
  0
LINE
  5
C1
330
1B
100
AcDbEntity
  8
F.Cu
  6
CONTINUOUS
100
AcDbLine
 10
22.8294479999999993
 20
-48.0277719999999988
 30
0
 11
22.8894629999999992
 21
-47.8828829999999996
 31
0
  0
LINE
  5
C2
330
1B
100
AcDbEntity
  8
F.Cu
  6
CONTINUOUS
100
AcDbLine
 10
22.8894629999999992
 20
-47.8828829999999996
 30
0
 11
22.9765920000000001
 21
-47.7524850000000001
 31
0
  0
LINE
  5
C3
330
1B
100
AcDbEntity
  8
F.Cu
  6
CONTINUOUS
100
AcDbLine
 10
22.9765920000000001
 20
-47.7524850000000001
 30
0
 11
23.0874849999999974
 21
-47.6415919999999957
 31
0
  0
LINE
  5
C4
330
1B
100
AcDbEntity
  8
F.Cu
  6
CONTINUOUS
100
AcDbLine
 10
23.0874849999999974
 20
-47.6415919999999957
 30
0
 11
23.2178830000000005
 21
-47.5544629999999984
 31
0
  0
LINE
  5
C5
330
1B
100
AcDbEntity
  8
F.Cu
  6
CONTINUOUS
100
AcDbLine
 10
23.2178830000000005
 20
-47.5544629999999984
 30
0
 11
23.3627719999999997
 21
-47.4944479999999984
 31
0
  0
LINE
  5
C6
330
1B
100
AcDbEntity
  8
F.Cu
  6
CONTINUOUS
100
AcDbLine
 10
23.3627719999999997
 20
-47.4944479999999984
 30
0
 11
23.5165860000000002
 21
-47.4638519999999957
 31
0
  0
LINE
  5
C7
330
1B
100
AcDbEntity
  8
F.Cu
  6
CONTINUOUS
100
AcDbLine
 10
23.5165860000000002
 20
-47.4638519999999957
 30
0
 11
23.6734139999999975
 21
-47.4638519999999957
 31
0
  0
LINE
  5
C8
330
1B
100
AcDbEntity
  8
F.Cu
  6
CONTINUOUS
100
AcDbLine
 10
23.6734139999999975
 20
-47.4638519999999957
 30
0
 11
23.8272279999999981
 21
-47.4944479999999984
 31
0
  0
LINE
  5
C9
330
1B
100
AcDbEntity
  8
F.Cu
  6
CONTINUOUS
100
AcDbLine
 10
31.4472279999999991
 20
-47.4944479999999984
 30
0
 11
31.5921169999999982
 21
-47.5544629999999984
 31
0
  0
LINE
  5
CA
330
1B
100
AcDbEntity
  8
F.Cu
  6
CONTINUOUS
100
AcDbLine
 10
31.5921169999999982
 20
-47.5544629999999984
 30
0
 11
31.7225149999999978
 21
-47.6415919999999957
 31
0
  0
LINE
  5
CB
330
1B
100
AcDbEntity
  8
F.Cu
  6
CONTINUOUS
100
AcDbLine
 10
31.7225149999999978
 20
-47.6415919999999957
 30
0
 11
31.8334079999999986
 21
-47.7524850000000001
 31
0
  0
LINE
  5
CC
330
1B
100
AcDbEntity
  8
F.Cu
  6
CONTINUOUS
100
AcDbLine
 10
31.8334079999999986
 20
-47.7524850000000001
 30
0
 11
31.9205369999999995
 21
-47.8828829999999996
 31
0
  0
LINE
  5
CD
330
1B
100
AcDbEntity
  8
F.Cu
  6
CONTINUOUS
100
AcDbLine
 10
31.9205369999999995
 20
-47.8828829999999996
 30
0
 11
31.9805519999999994
 21
-48.0277719999999988
 31
0
  0
LINE
  5
CE
330
1B
100
AcDbEntity
  8
F.Cu
  6
CONTINUOUS
100
AcDbLine
 10
31.9805519999999994
 20
-48.0277719999999988
 30
0
 11
32.0111479999999986
 21
-48.1815859999999958
 31
0
  0
LINE
  5
CF
330
1B
100
AcDbEntity
  8
F.Cu
  6
CONTINUOUS
100
AcDbLine
 10
32.0111479999999986
 20
-48.1815859999999958
 30
0
 11
32.0111479999999986
 21
-48.3384140000000002
 31
0
  0
LINE
  5
D0
330
1B
100
AcDbEntity
  8
F.Cu
  6
CONTINUOUS
100
AcDbLine
 10
32.0111479999999986
 20
-48.3384140000000002
 30
0
 11
31.9805519999999994
 21
-48.4922279999999972
 31
0
  0
LINE
  5
D1
330
1B
100
AcDbEntity
  8
F.Cu
  6
CONTINUOUS
100
AcDbLine
 10
31.9805519999999994
 20
-48.4922279999999972
 30
0
 11
31.9205369999999995
 21
-48.6371169999999964
 31
0
  0
LINE
  5
D2
330
1B
100
AcDbEntity
  8
F.Cu
  6
CONTINUOUS
100
AcDbLine
 10
31.9205369999999995
 20
-48.6371169999999964
 30
0
 11
31.8334079999999986
 21
-48.767514999999996
 31
0
  0
LINE
  5
D3
330
1B
100
AcDbEntity
  8
F.Cu
  6
CONTINUOUS
100
AcDbLine
 10
31.8334079999999986
 20
-48.767514999999996
 30
0
 11
31.7225149999999978
 21
-48.8784080000000003
 31
0
  0
LINE
  5
D4
330
1B
100
AcDbEntity
  8
F.Cu
  6
CONTINUOUS
100
AcDbLine
 10
31.7225149999999978
 20
-48.8784080000000003
 30
0
 11
31.5921169999999982
 21
-48.9655369999999976
 31
0
  0
LINE
  5
D5
330
1B
100
AcDbEntity
  8
F.Cu
  6
CONTINUOUS
100
AcDbLine
 10
31.5921169999999982
 20
-48.9655369999999976
 30
0
 11
31.4472279999999991
 21
-49.0255519999999976
 31
0
  0
LINE
  5
D6
330
1B
100
AcDbEntity
  8
F.Cu
  6
CONTINUOUS
100
AcDbLine
 10
31.4472279999999991
 20
-49.0255519999999976
 30
0
 11
31.2934139999999985
 21
-49.0561480000000003
 31
0
  0
LINE
  5
D7
330
1B
100
AcDbEntity
  8
F.Cu
  6
CONTINUOUS
100
AcDbLine
 10
31.2934139999999985
 20
-49.0561480000000003
 30
0
 11
31.1365859999999977
 21
-49.0561480000000003
 31
0
  0
LINE
  5
D8
330
1B
100
AcDbEntity
  8
F.Cu
  6
CONTINUOUS
100
AcDbLine
 10
31.1365859999999977
 20
-49.0561480000000003
 30
0
 11
30.9827719999999971
 21
-49.0255519999999976
 31
0
  0
LINE
  5
D9
330
1B
100
AcDbEntity
  8
F.Cu
  6
CONTINUOUS
100
AcDbLine
 10
30.9827719999999971
 20
-49.0255519999999976
 30
0
 11
30.8378829999999979
 21
-48.9655369999999976
 31
0
  0
LINE
  5
DA
330
1B
100
AcDbEntity
  8
F.Cu
  6
CONTINUOUS
100
AcDbLine
 10
30.8378829999999979
 20
-48.9655369999999976
 30
0
 11
30.7074849999999984
 21
-48.8784080000000003
 31
0
  0
LINE
  5
DB
330
1B
100
AcDbEntity
  8
F.Cu
  6
CONTINUOUS
100
AcDbLine
 10
30.7074849999999984
 20
-48.8784080000000003
 30
0
 11
30.5965919999999976
 21
-48.767514999999996
 31
0
  0
LINE
  5
DC
330
1B
100
AcDbEntity
  8
F.Cu
  6
CONTINUOUS
100
AcDbLine
 10
30.5965919999999976
 20
-48.767514999999996
 30
0
 11
30.5094630000000002
 21
-48.6371169999999964
 31
0
  0
LINE
  5
DD
330
1B
100
AcDbEntity
  8
F.Cu
  6
CONTINUOUS
100
AcDbLine
 10
30.5094630000000002
 20
-48.6371169999999964
 30
0
 11
30.4494480000000003
 21
-48.4922279999999972
 31
0
  0
LINE
  5
DE
330
1B
100
AcDbEntity
  8
F.Cu
  6
CONTINUOUS
100
AcDbLine
 10
30.4494480000000003
 20
-48.4922279999999972
 30
0
 11
30.4188519999999976
 21
-48.3384140000000002
 31
0
  0
LINE
  5
DF
330
1B
100
AcDbEntity
  8
F.Cu
  6
CONTINUOUS
100
AcDbLine
 10
30.4188519999999976
 20
-48.3384140000000002
 30
0
 11
30.4188519999999976
 21
-48.1815859999999958
 31
0
  0
LINE
  5
E0
330
1B
100
AcDbEntity
  8
F.Cu
  6
CONTINUOUS
100
AcDbLine
 10
30.4188519999999976
 20
-48.1815859999999958
 30
0
 11
30.4494480000000003
 21
-48.0277719999999988
 31
0
  0
LINE
  5
E1
330
1B
100
AcDbEntity
  8
F.Cu
  6
CONTINUOUS
100
AcDbLine
 10
30.4494480000000003
 20
-48.0277719999999988
 30
0
 11
30.5094630000000002
 21
-47.8828829999999996
 31
0
  0
LINE
  5
E2
330
1B
100
AcDbEntity
  8
F.Cu
  6
CONTINUOUS
100
AcDbLine
 10
30.5094630000000002
 20
-47.8828829999999996
 30
0
 11
30.5965919999999976
 21
-47.7524850000000001
 31
0
  0
LINE
  5
E3
330
1B
100
AcDbEntity
  8
F.Cu
  6
CONTINUOUS
100
AcDbLine
 10
30.5965919999999976
 20
-47.7524850000000001
 30
0
 11
30.7074849999999984
 21
-47.6415919999999957
 31
0
  0
LINE
  5
E4
330
1B
100
AcDbEntity
  8
F.Cu
  6
CONTINUOUS
100
AcDbLine
 10
30.7074849999999984
 20
-47.6415919999999957
 30
0
 11
30.8378829999999979
 21
-47.5544629999999984
 31
0
  0
LINE
  5
E5
330
1B
100
AcDbEntity
  8
F.Cu
  6
CONTINUOUS
100
AcDbLine
 10
30.8378829999999979
 20
-47.5544629999999984
 30
0
 11
30.9827719999999971
 21
-47.4944479999999984
 31
0
  0
LINE
  5
E6
330
1B
100
AcDbEntity
  8
F.Cu
  6
CONTINUOUS
100
AcDbLine
 10
30.9827719999999971
 20
-47.4944479999999984
 30
0
 11
31.1365859999999977
 21
-47.4638519999999957
 31
0
  0
LINE
  5
E7
330
1B
100
AcDbEntity
  8
F.Cu
  6
CONTINUOUS
100
AcDbLine
 10
31.1365859999999977
 20
-47.4638519999999957
 30
0
 11
31.2934139999999985
 21
-47.4638519999999957
 31
0
  0
LINE
  5
E8
330
1B
100
AcDbEntity
  8
F.Cu
  6
CONTINUOUS
100
AcDbLine
 10
31.2934139999999985
 20
-47.4638519999999957
 30
0
 11
31.4472279999999991
 21
-47.4944479999999984
 31
0
  0
LINE
  5
E9
330
1B
100
AcDbEntity
  8
F.Cu
  6
CONTINUOUS
100
AcDbLine
 10
36.1772279999999995
 20
-47.4944479999999984
 30
0
 11
36.3221169999999987
 21
-47.5544629999999984
 31
0
  0
LINE
  5
EA
330
1B
100
AcDbEntity
  8
F.Cu
  6
CONTINUOUS
100
AcDbLine
 10
36.3221169999999987
 20
-47.5544629999999984
 30
0
 11
36.4525149999999982
 21
-47.6415919999999957
 31
0
  0
LINE
  5
EB
330
1B
100
AcDbEntity
  8
F.Cu
  6
CONTINUOUS
100
AcDbLine
 10
36.4525149999999982
 20
-47.6415919999999957
 30
0
 11
36.5634079999999955
 21
-47.7524850000000001
 31
0
  0
LINE
  5
EC
330
1B
100
AcDbEntity
  8
F.Cu
  6
CONTINUOUS
100
AcDbLine
 10
36.5634079999999955
 20
-47.7524850000000001
 30
0
 11
36.6505369999999999
 21
-47.8828829999999996
 31
0
  0
LINE
  5
ED
330
1B
100
AcDbEntity
  8
F.Cu
  6
CONTINUOUS
100
AcDbLine
 10
36.6505369999999999
 20
-47.8828829999999996
 30
0
 11
36.7105519999999999
 21
-48.0277719999999988
 31
0
  0
LINE
  5
EE
330
1B
100
AcDbEntity
  8
F.Cu
  6
CONTINUOUS
100
AcDbLine
 10
36.7105519999999999
 20
-48.0277719999999988
 30
0
 11
36.7411479999999955
 21
-48.1815859999999958
 31
0
  0
LINE
  5
EF
330
1B
100
AcDbEntity
  8
F.Cu
  6
CONTINUOUS
100
AcDbLine
 10
36.7411479999999955
 20
-48.1815859999999958
 30
0
 11
36.7411479999999955
 21
-48.3384140000000002
 31
0
  0
LINE
  5
F0
330
1B
100
AcDbEntity
  8
F.Cu
  6
CONTINUOUS
100
AcDbLine
 10
36.7411479999999955
 20
-48.3384140000000002
 30
0
 11
36.7105519999999999
 21
-48.4922279999999972
 31
0
  0
LINE
  5
F1
330
1B
100
AcDbEntity
  8
F.Cu
  6
CONTINUOUS
100
AcDbLine
 10
36.7105519999999999
 20
-48.4922279999999972
 30
0
 11
36.6505369999999999
 21
-48.6371169999999964
 31
0
  0
LINE
  5
F2
330
1B
100
AcDbEntity
  8
F.Cu
  6
CONTINUOUS
100
AcDbLine
 10
36.6505369999999999
 20
-48.6371169999999964
 30
0
 11
36.5634079999999955
 21
-48.767514999999996
 31
0
  0
LINE
  5
F3
330
1B
100
AcDbEntity
  8
F.Cu
  6
CONTINUOUS
100
AcDbLine
 10
36.5634079999999955
 20
-48.767514999999996
 30
0
 11
36.4525149999999982
 21
-48.8784080000000003
 31
0
  0
LINE
  5
F4
330
1B
100
AcDbEntity
  8
F.Cu
  6
CONTINUOUS
100
AcDbLine
 10
36.4525149999999982
 20
-48.8784080000000003
 30
0
 11
36.3221169999999987
 21
-48.9655369999999976
 31
0
  0
LINE
  5
F5
330
1B
100
AcDbEntity
  8
F.Cu
  6
CONTINUOUS
100
AcDbLine
 10
36.3221169999999987
 20
-48.9655369999999976
 30
0
 11
36.1772279999999995
 21
-49.0255519999999976
 31
0
  0
LINE
  5
F6
330
1B
100
AcDbEntity
  8
F.Cu
  6
CONTINUOUS
100
AcDbLine
 10
36.1772279999999995
 20
-49.0255519999999976
 30
0
 11
36.0234139999999954
 21
-49.0561480000000003
 31
0
  0
LINE
  5
F7
330
1B
100
AcDbEntity
  8
F.Cu
  6
CONTINUOUS
100
AcDbLine
 10
36.0234139999999954
 20
-49.0561480000000003
 30
0
 11
35.8665859999999981
 21
-49.0561480000000003
 31
0
  0
LINE
  5
F8
330
1B
100
AcDbEntity
  8
F.Cu
  6
CONTINUOUS
100
AcDbLine
 10
35.8665859999999981
 20
-49.0561480000000003
 30
0
 11
35.7127720000000011
 21
-49.0255519999999976
 31
0
  0
LINE
  5
F9
330
1B
100
AcDbEntity
  8
F.Cu
  6
CONTINUOUS
100
AcDbLine
 10
35.7127720000000011
 20
-49.0255519999999976
 30
0
 11
35.5678830000000019
 21
-48.9655369999999976
 31
0
  0
LINE
  5
FA
330
1B
100
AcDbEntity
  8
F.Cu
  6
CONTINUOUS
100
AcDbLine
 10
35.5678830000000019
 20
-48.9655369999999976
 30
0
 11
35.4374849999999952
 21
-48.8784080000000003
 31
0
  0
LINE
  5
FB
330
1B
100
AcDbEntity
  8
F.Cu
  6
CONTINUOUS
100
AcDbLine
 10
35.4374849999999952
 20
-48.8784080000000003
 30
0
 11
35.326591999999998
 21
-48.767514999999996
 31
0
  0
LINE
  5
FC
330
1B
100
AcDbEntity
  8
F.Cu
  6
CONTINUOUS
100
AcDbLine
 10
35.326591999999998
 20
-48.767514999999996
 30
0
 11
35.2394630000000006
 21
-48.6371169999999964
 31
0
  0
LINE
  5
FD
330
1B
100
AcDbEntity
  8
F.Cu
  6
CONTINUOUS
100
AcDbLine
 10
35.2394630000000006
 20
-48.6371169999999964
 30
0
 11
35.1794480000000007
 21
-48.4922279999999972
 31
0
  0
LINE
  5
FE
330
1B
100
AcDbEntity
  8
F.Cu
  6
CONTINUOUS
100
AcDbLine
 10
35.1794480000000007
 20
-48.4922279999999972
 30
0
 11
35.148851999999998
 21
-48.3384140000000002
 31
0
  0
LINE
  5
FF
330
1B
100
AcDbEntity
  8
F.Cu
  6
CONTINUOUS
100
AcDbLine
 10
35.148851999999998
 20
-48.3384140000000002
 30
0
 11
35.148851999999998
 21
-48.1815859999999958
 31
0
  0
LINE
  5
100
330
1B
100
AcDbEntity
  8
F.Cu
  6
CONTINUOUS
100
AcDbLine
 10
35.148851999999998
 20
-48.1815859999999958
 30
0
 11
35.1794480000000007
 21
-48.0277719999999988
 31
0
  0
LINE
  5
101
330
1B
100
AcDbEntity
  8
F.Cu
  6
CONTINUOUS
100
AcDbLine
 10
35.1794480000000007
 20
-48.0277719999999988
 30
0
 11
35.2394630000000006
 21
-47.8828829999999996
 31
0
  0
LINE
  5
102
330
1B
100
AcDbEntity
  8
F.Cu
  6
CONTINUOUS
100
AcDbLine
 10
35.2394630000000006
 20
-47.8828829999999996
 30
0
 11
35.326591999999998
 21
-47.7524850000000001
 31
0
  0
LINE
  5
103
330
1B
100
AcDbEntity
  8
F.Cu
  6
CONTINUOUS
100
AcDbLine
 10
35.326591999999998
 20
-47.7524850000000001
 30
0
 11
35.4374849999999952
 21
-47.6415919999999957
 31
0
  0
LINE
  5
104
330
1B
100
AcDbEntity
  8
F.Cu
  6
CONTINUOUS
100
AcDbLine
 10
35.4374849999999952
 20
-47.6415919999999957
 30
0
 11
35.5678830000000019
 21
-47.5544629999999984
 31
0
  0
LINE
  5
105
330
1B
100
AcDbEntity
  8
F.Cu
  6
CONTINUOUS
100
AcDbLine
 10
35.5678830000000019
 20
-47.5544629999999984
 30
0
 11
35.7127720000000011
 21
-47.4944479999999984
 31
0
  0
LINE
  5
106
330
1B
100
AcDbEntity
  8
F.Cu
  6
CONTINUOUS
100
AcDbLine
 10
35.7127720000000011
 20
-47.4944479999999984
 30
0
 11
35.8665859999999981
 21
-47.4638519999999957
 31
0
  0
LINE
  5
107
330
1B
100
AcDbEntity
  8
F.Cu
  6
CONTINUOUS
100
AcDbLine
 10
35.8665859999999981
 20
-47.4638519999999957
 30
0
 11
36.0234139999999954
 21
-47.4638519999999957
 31
0
  0
LINE
  5
108
330
1B
100
AcDbEntity
  8
F.Cu
  6
CONTINUOUS
100
AcDbLine
 10
36.0234139999999954
 20
-47.4638519999999957
 30
0
 11
36.1772279999999995
 21
-47.4944479999999984
 31
0
  0
LINE
  5
109
330
1B
100
AcDbEntity
  8
F.Cu
  6
CONTINUOUS
100
AcDbLine
 10
41.1772279999999995
 20
-47.4944479999999984
 30
0
 11
41.3221169999999987
 21
-47.5544629999999984
 31
0
  0
LINE
  5
10A
330
1B
100
AcDbEntity
  8
F.Cu
  6
CONTINUOUS
100
AcDbLine
 10
41.3221169999999987
 20
-47.5544629999999984
 30
0
 11
41.4525149999999982
 21
-47.6415919999999957
 31
0
  0
LINE
  5
10B
330
1B
100
AcDbEntity
  8
F.Cu
  6
CONTINUOUS
100
AcDbLine
 10
41.4525149999999982
 20
-47.6415919999999957
 30
0
 11
41.5634079999999955
 21
-47.7524850000000001
 31
0
  0
LINE
  5
10C
330
1B
100
AcDbEntity
  8
F.Cu
  6
CONTINUOUS
100
AcDbLine
 10
41.5634079999999955
 20
-47.7524850000000001
 30
0
 11
41.6505369999999999
 21
-47.8828829999999996
 31
0
  0
LINE
  5
10D
330
1B
100
AcDbEntity
  8
F.Cu
  6
CONTINUOUS
100
AcDbLine
 10
41.6505369999999999
 20
-47.8828829999999996
 30
0
 11
41.7105519999999999
 21
-48.0277719999999988
 31
0
  0
LINE
  5
10E
330
1B
100
AcDbEntity
  8
F.Cu
  6
CONTINUOUS
100
AcDbLine
 10
41.7105519999999999
 20
-48.0277719999999988
 30
0
 11
41.7411479999999955
 21
-48.1815859999999958
 31
0
  0
LINE
  5
10F
330
1B
100
AcDbEntity
  8
F.Cu
  6
CONTINUOUS
100
AcDbLine
 10
41.7411479999999955
 20
-48.1815859999999958
 30
0
 11
41.7411479999999955
 21
-48.3384140000000002
 31
0
  0
LINE
  5
110
330
1B
100
AcDbEntity
  8
F.Cu
  6
CONTINUOUS
100
AcDbLine
 10
41.7411479999999955
 20
-48.3384140000000002
 30
0
 11
41.7105519999999999
 21
-48.4922279999999972
 31
0
  0
LINE
  5
111
330
1B
100
AcDbEntity
  8
F.Cu
  6
CONTINUOUS
100
AcDbLine
 10
41.7105519999999999
 20
-48.4922279999999972
 30
0
 11
41.6505369999999999
 21
-48.6371169999999964
 31
0
  0
LINE
  5
112
330
1B
100
AcDbEntity
  8
F.Cu
  6
CONTINUOUS
100
AcDbLine
 10
41.6505369999999999
 20
-48.6371169999999964
 30
0
 11
41.5634079999999955
 21
-48.767514999999996
 31
0
  0
LINE
  5
113
330
1B
100
AcDbEntity
  8
F.Cu
  6
CONTINUOUS
100
AcDbLine
 10
41.5634079999999955
 20
-48.767514999999996
 30
0
 11
41.4525149999999982
 21
-48.8784080000000003
 31
0
  0
LINE
  5
114
330
1B
100
AcDbEntity
  8
F.Cu
  6
CONTINUOUS
100
AcDbLine
 10
41.4525149999999982
 20
-48.8784080000000003
 30
0
 11
41.3221169999999987
 21
-48.9655369999999976
 31
0
  0
LINE
  5
115
330
1B
100
AcDbEntity
  8
F.Cu
  6
CONTINUOUS
100
AcDbLine
 10
41.3221169999999987
 20
-48.9655369999999976
 30
0
 11
41.1772279999999995
 21
-49.0255519999999976
 31
0
  0
LINE
  5
116
330
1B
100
AcDbEntity
  8
F.Cu
  6
CONTINUOUS
100
AcDbLine
 10
41.1772279999999995
 20
-49.0255519999999976
 30
0
 11
41.0234139999999954
 21
-49.0561480000000003
 31
0
  0
LINE
  5
117
330
1B
100
AcDbEntity
  8
F.Cu
  6
CONTINUOUS
100
AcDbLine
 10
41.0234139999999954
 20
-49.0561480000000003
 30
0
 11
40.8665859999999981
 21
-49.0561480000000003
 31
0
  0
LINE
  5
118
330
1B
100
AcDbEntity
  8
F.Cu
  6
CONTINUOUS
100
AcDbLine
 10
40.8665859999999981
 20
-49.0561480000000003
 30
0
 11
40.7127720000000011
 21
-49.0255519999999976
 31
0
  0
LINE
  5
119
330
1B
100
AcDbEntity
  8
F.Cu
  6
CONTINUOUS
100
AcDbLine
 10
40.7127720000000011
 20
-49.0255519999999976
 30
0
 11
40.5678829999999948
 21
-48.9655369999999976
 31
0
  0
LINE
  5
11A
330
1B
100
AcDbEntity
  8
F.Cu
  6
CONTINUOUS
100
AcDbLine
 10
40.5678829999999948
 20
-48.9655369999999976
 30
0
 11
40.4374849999999952
 21
-48.8784080000000003
 31
0
  0
LINE
  5
11B
330
1B
100
AcDbEntity
  8
F.Cu
  6
CONTINUOUS
100
AcDbLine
 10
40.4374849999999952
 20
-48.8784080000000003
 30
0
 11
40.326591999999998
 21
-48.767514999999996
 31
0
  0
LINE
  5
11C
330
1B
100
AcDbEntity
  8
F.Cu
  6
CONTINUOUS
100
AcDbLine
 10
40.326591999999998
 20
-48.767514999999996
 30
0
 11
40.2394630000000006
 21
-48.6371169999999964
 31
0
  0
LINE
  5
11D
330
1B
100
AcDbEntity
  8
F.Cu
  6
CONTINUOUS
100
AcDbLine
 10
40.2394630000000006
 20
-48.6371169999999964
 30
0
 11
40.1794480000000007
 21
-48.4922279999999972
 31
0
  0
LINE
  5
11E
330
1B
100
AcDbEntity
  8
F.Cu
  6
CONTINUOUS
100
AcDbLine
 10
40.1794480000000007
 20
-48.4922279999999972
 30
0
 11
40.148851999999998
 21
-48.3384140000000002
 31
0
  0
LINE
  5
11F
330
1B
100
AcDbEntity
  8
F.Cu
  6
CONTINUOUS
100
AcDbLine
 10
40.148851999999998
 20
-48.3384140000000002
 30
0
 11
40.148851999999998
 21
-48.1815859999999958
 31
0
  0
LINE
  5
120
330
1B
100
AcDbEntity
  8
F.Cu
  6
CONTINUOUS
100
AcDbLine
 10
40.148851999999998
 20
-48.1815859999999958
 30
0
 11
40.1794480000000007
 21
-48.0277719999999988
 31
0
  0
LINE
  5
121
330
1B
100
AcDbEntity
  8
F.Cu
  6
CONTINUOUS
100
AcDbLine
 10
40.1794480000000007
 20
-48.0277719999999988
 30
0
 11
40.2394630000000006
 21
-47.8828829999999996
 31
0
  0
LINE
  5
122
330
1B
100
AcDbEntity
  8
F.Cu
  6
CONTINUOUS
100
AcDbLine
 10
40.2394630000000006
 20
-47.8828829999999996
 30
0
 11
40.326591999999998
 21
-47.7524850000000001
 31
0
  0
LINE
  5
123
330
1B
100
AcDbEntity
  8
F.Cu
  6
CONTINUOUS
100
AcDbLine
 10
40.326591999999998
 20
-47.7524850000000001
 30
0
 11
40.4374849999999952
 21
-47.6415919999999957
 31
0
  0
LINE
  5
124
330
1B
100
AcDbEntity
  8
F.Cu
  6
CONTINUOUS
100
AcDbLine
 10
40.4374849999999952
 20
-47.6415919999999957
 30
0
 11
40.5678829999999948
 21
-47.5544629999999984
 31
0
  0
LINE
  5
125
330
1B
100
AcDbEntity
  8
F.Cu
  6
CONTINUOUS
100
AcDbLine
 10
40.5678829999999948
 20
-47.5544629999999984
 30
0
 11
40.7127720000000011
 21
-47.4944479999999984
 31
0
  0
LINE
  5
126
330
1B
100
AcDbEntity
  8
F.Cu
  6
CONTINUOUS
100
AcDbLine
 10
40.7127720000000011
 20
-47.4944479999999984
 30
0
 11
40.8665859999999981
 21
-47.4638519999999957
 31
0
  0
LINE
  5
127
330
1B
100
AcDbEntity
  8
F.Cu
  6
CONTINUOUS
100
AcDbLine
 10
40.8665859999999981
 20
-47.4638519999999957
 30
0
 11
41.0234139999999954
 21
-47.4638519999999957
 31
0
  0
LINE
  5
128
330
1B
100
AcDbEntity
  8
F.Cu
  6
CONTINUOUS
100
AcDbLine
 10
41.0234139999999954
 20
-47.4638519999999957
 30
0
 11
41.1772279999999995
 21
-47.4944479999999984
 31
0
  0
LINE
  5
129
330
1B
100
AcDbEntity
  8
F.Cu
  6
CONTINUOUS
100
AcDbLine
 10
48.3527139999999989
 20
-47.5422949999999958
 30
0
 11
48.4885479999999944
 21
-47.5985589999999945
 31
0
  0
LINE
  5
12A
330
1B
100
AcDbEntity
  8
F.Cu
  6
CONTINUOUS
100
AcDbLine
 10
48.4885479999999944
 20
-47.5985589999999945
 30
0
 11
48.610794999999996
 21
-47.6802419999999998
 31
0
  0
LINE
  5
12B
330
1B
100
AcDbEntity
  8
F.Cu
  6
CONTINUOUS
100
AcDbLine
 10
48.610794999999996
 20
-47.6802419999999998
 30
0
 11
48.7147579999999962
 21
-47.784205
 31
0
  0
LINE
  5
12C
330
1B
100
AcDbEntity
  8
F.Cu
  6
CONTINUOUS
100
AcDbLine
 10
48.7147579999999962
 20
-47.784205
 30
0
 11
48.7964409999999944
 21
-47.9064519999999945
 31
0
  0
LINE
  5
12D
330
1B
100
AcDbEntity
  8
F.Cu
  6
CONTINUOUS
100
AcDbLine
 10
48.7964409999999944
 20
-47.9064519999999945
 30
0
 11
48.8527050000000003
 21
-48.0422859999999972
 31
0
  0
LINE
  5
12E
330
1B
100
AcDbEntity
  8
F.Cu
  6
CONTINUOUS
100
AcDbLine
 10
48.8527050000000003
 20
-48.0422859999999972
 30
0
 11
48.8813889999999986
 21
-48.1864869999999996
 31
0
  0
LINE
  5
12F
330
1B
100
AcDbEntity
  8
F.Cu
  6
CONTINUOUS
100
AcDbLine
 10
48.8813889999999986
 20
-48.1864869999999996
 30
0
 11
48.8813889999999986
 21
-48.3335129999999964
 31
0
  0
LINE
  5
130
330
1B
100
AcDbEntity
  8
F.Cu
  6
CONTINUOUS
100
AcDbLine
 10
48.8813889999999986
 20
-48.3335129999999964
 30
0
 11
48.8527050000000003
 21
-48.4777139999999989
 31
0
  0
LINE
  5
131
330
1B
100
AcDbEntity
  8
F.Cu
  6
CONTINUOUS
100
AcDbLine
 10
48.8527050000000003
 20
-48.4777139999999989
 30
0
 11
48.7964409999999944
 21
-48.6135479999999944
 31
0
  0
LINE
  5
132
330
1B
100
AcDbEntity
  8
F.Cu
  6
CONTINUOUS
100
AcDbLine
 10
48.7964409999999944
 20
-48.6135479999999944
 30
0
 11
48.7147579999999962
 21
-48.735794999999996
 31
0
  0
LINE
  5
133
330
1B
100
AcDbEntity
  8
F.Cu
  6
CONTINUOUS
100
AcDbLine
 10
48.7147579999999962
 20
-48.735794999999996
 30
0
 11
48.610794999999996
 21
-48.8397579999999962
 31
0
  0
LINE
  5
134
330
1B
100
AcDbEntity
  8
F.Cu
  6
CONTINUOUS
100
AcDbLine
 10
48.610794999999996
 20
-48.8397579999999962
 30
0
 11
48.4885479999999944
 21
-48.9214409999999944
 31
0
  0
LINE
  5
135
330
1B
100
AcDbEntity
  8
F.Cu
  6
CONTINUOUS
100
AcDbLine
 10
48.4885479999999944
 20
-48.9214409999999944
 30
0
 11
48.3527139999999989
 21
-48.9777050000000003
 31
0
  0
LINE
  5
136
330
1B
100
AcDbEntity
  8
F.Cu
  6
CONTINUOUS
100
AcDbLine
 10
48.3527139999999989
 20
-48.9777050000000003
 30
0
 11
48.2085129999999964
 21
-49.0063889999999986
 31
0
  0
LINE
  5
137
330
1B
100
AcDbEntity
  8
F.Cu
  6
CONTINUOUS
100
AcDbLine
 10
48.2085129999999964
 20
-49.0063889999999986
 30
0
 11
48.0614869999999996
 21
-49.0063889999999986
 31
0
  0
LINE
  5
138
330
1B
100
AcDbEntity
  8
F.Cu
  6
CONTINUOUS
100
AcDbLine
 10
48.0614869999999996
 20
-49.0063889999999986
 30
0
 11
47.9172859999999972
 21
-48.9777050000000003
 31
0
  0
LINE
  5
139
330
1B
100
AcDbEntity
  8
F.Cu
  6
CONTINUOUS
100
AcDbLine
 10
47.9172859999999972
 20
-48.9777050000000003
 30
0
 11
47.7814519999999945
 21
-48.9214409999999944
 31
0
  0
LINE
  5
13A
330
1B
100
AcDbEntity
  8
F.Cu
  6
CONTINUOUS
100
AcDbLine
 10
47.7814519999999945
 20
-48.9214409999999944
 30
0
 11
47.659205
 21
-48.8397579999999962
 31
0
  0
LINE
  5
13B
330
1B
100
AcDbEntity
  8
F.Cu
  6
CONTINUOUS
100
AcDbLine
 10
47.659205
 20
-48.8397579999999962
 30
0
 11
47.5552419999999998
 21
-48.735794999999996
 31
0
  0
LINE
  5
13C
330
1B
100
AcDbEntity
  8
F.Cu
  6
CONTINUOUS
100
AcDbLine
 10
47.5552419999999998
 20
-48.735794999999996
 30
0
 11
47.4735589999999945
 21
-48.6135479999999944
 31
0
  0
LINE
  5
13D
330
1B
100
AcDbEntity
  8
F.Cu
  6
CONTINUOUS
100
AcDbLine
 10
47.4735589999999945
 20
-48.6135479999999944
 30
0
 11
47.4172949999999958
 21
-48.4777139999999989
 31
0
  0
LINE
  5
13E
330
1B
100
AcDbEntity
  8
F.Cu
  6
CONTINUOUS
100
AcDbLine
 10
47.4172949999999958
 20
-48.4777139999999989
 30
0
 11
47.3886109999999974
 21
-48.3335129999999964
 31
0
  0
LINE
  5
13F
330
1B
100
AcDbEntity
  8
F.Cu
  6
CONTINUOUS
100
AcDbLine
 10
47.3886109999999974
 20
-48.3335129999999964
 30
0
 11
47.3886109999999974
 21
-48.1864869999999996
 31
0
  0
LINE
  5
140
330
1B
100
AcDbEntity
  8
F.Cu
  6
CONTINUOUS
100
AcDbLine
 10
47.3886109999999974
 20
-48.1864869999999996
 30
0
 11
47.4172949999999958
 21
-48.0422859999999972
 31
0
  0
LINE
  5
141
330
1B
100
AcDbEntity
  8
F.Cu
  6
CONTINUOUS
100
AcDbLine
 10
47.4172949999999958
 20
-48.0422859999999972
 30
0
 11
47.4735589999999945
 21
-47.9064519999999945
 31
0
  0
LINE
  5
142
330
1B
100
AcDbEntity
  8
F.Cu
  6
CONTINUOUS
100
AcDbLine
 10
47.4735589999999945
 20
-47.9064519999999945
 30
0
 11
47.5552419999999998
 21
-47.784205
 31
0
  0
LINE
  5
143
330
1B
100
AcDbEntity
  8
F.Cu
  6
CONTINUOUS
100
AcDbLine
 10
47.5552419999999998
 20
-47.784205
 30
0
 11
47.659205
 21
-47.6802419999999998
 31
0
  0
LINE
  5
144
330
1B
100
AcDbEntity
  8
F.Cu
  6
CONTINUOUS
100
AcDbLine
 10
47.659205
 20
-47.6802419999999998
 30
0
 11
47.7814519999999945
 21
-47.5985589999999945
 31
0
  0
LINE
  5
145
330
1B
100
AcDbEntity
  8
F.Cu
  6
CONTINUOUS
100
AcDbLine
 10
47.7814519999999945
 20
-47.5985589999999945
 30
0
 11
47.9172859999999972
 21
-47.5422949999999958
 31
0
  0
LINE
  5
146
330
1B
100
AcDbEntity
  8
F.Cu
  6
CONTINUOUS
100
AcDbLine
 10
47.9172859999999972
 20
-47.5422949999999958
 30
0
 11
48.0614869999999996
 21
-47.5136109999999974
 31
0
  0
LINE
  5
147
330
1B
100
AcDbEntity
  8
F.Cu
  6
CONTINUOUS
100
AcDbLine
 10
48.0614869999999996
 20
-47.5136109999999974
 30
0
 11
48.2085129999999964
 21
-47.5136109999999974
 31
0
  0
LINE
  5
148
330
1B
100
AcDbEntity
  8
F.Cu
  6
CONTINUOUS
100
AcDbLine
 10
48.2085129999999964
 20
-47.5136109999999974
 30
0
 11
48.3527139999999989
 21
-47.5422949999999958
 31
0
  0
LINE
  5
149
330
1B
100
AcDbEntity
  8
F.Cu
  6
CONTINUOUS
100
AcDbLine
 10
53.2327139999999943
 20
-47.5422949999999958
 30
0
 11
53.368547999999997
 21
-47.5985589999999945
 31
0
  0
LINE
  5
14A
330
1B
100
AcDbEntity
  8
F.Cu
  6
CONTINUOUS
100
AcDbLine
 10
53.368547999999997
 20
-47.5985589999999945
 30
0
 11
53.4907949999999985
 21
-47.6802419999999998
 31
0
  0
LINE
  5
14B
330
1B
100
AcDbEntity
  8
F.Cu
  6
CONTINUOUS
100
AcDbLine
 10
53.4907949999999985
 20
-47.6802419999999998
 30
0
 11
53.5947579999999988
 21
-47.784205
 31
0
  0
LINE
  5
14C
330
1B
100
AcDbEntity
  8
F.Cu
  6
CONTINUOUS
100
AcDbLine
 10
53.5947579999999988
 20
-47.784205
 30
0
 11
53.676440999999997
 21
-47.9064519999999945
 31
0
  0
LINE
  5
14D
330
1B
100
AcDbEntity
  8
F.Cu
  6
CONTINUOUS
100
AcDbLine
 10
53.676440999999997
 20
-47.9064519999999945
 30
0
 11
53.7327049999999957
 21
-48.0422859999999972
 31
0
  0
LINE
  5
14E
330
1B
100
AcDbEntity
  8
F.Cu
  6
CONTINUOUS
100
AcDbLine
 10
53.7327049999999957
 20
-48.0422859999999972
 30
0
 11
53.7613889999999941
 21
-48.1864869999999996
 31
0
  0
LINE
  5
14F
330
1B
100
AcDbEntity
  8
F.Cu
  6
CONTINUOUS
100
AcDbLine
 10
53.7613889999999941
 20
-48.1864869999999996
 30
0
 11
53.7613889999999941
 21
-48.3335129999999964
 31
0
  0
LINE
  5
150
330
1B
100
AcDbEntity
  8
F.Cu
  6
CONTINUOUS
100
AcDbLine
 10
53.7613889999999941
 20
-48.3335129999999964
 30
0
 11
53.7327049999999957
 21
-48.4777139999999989
 31
0
  0
LINE
  5
151
330
1B
100
AcDbEntity
  8
F.Cu
  6
CONTINUOUS
100
AcDbLine
 10
53.7327049999999957
 20
-48.4777139999999989
 30
0
 11
53.676440999999997
 21
-48.6135479999999944
 31
0
  0
LINE
  5
152
330
1B
100
AcDbEntity
  8
F.Cu
  6
CONTINUOUS
100
AcDbLine
 10
53.676440999999997
 20
-48.6135479999999944
 30
0
 11
53.5947579999999988
 21
-48.735794999999996
 31
0
  0
LINE
  5
153
330
1B
100
AcDbEntity
  8
F.Cu
  6
CONTINUOUS
100
AcDbLine
 10
53.5947579999999988
 20
-48.735794999999996
 30
0
 11
53.4907949999999985
 21
-48.8397579999999962
 31
0
  0
LINE
  5
154
330
1B
100
AcDbEntity
  8
F.Cu
  6
CONTINUOUS
100
AcDbLine
 10
53.4907949999999985
 20
-48.8397579999999962
 30
0
 11
53.368547999999997
 21
-48.9214409999999944
 31
0
  0
LINE
  5
155
330
1B
100
AcDbEntity
  8
F.Cu
  6
CONTINUOUS
100
AcDbLine
 10
53.368547999999997
 20
-48.9214409999999944
 30
0
 11
53.2327139999999943
 21
-48.9777050000000003
 31
0
  0
LINE
  5
156
330
1B
100
AcDbEntity
  8
F.Cu
  6
CONTINUOUS
100
AcDbLine
 10
53.2327139999999943
 20
-48.9777050000000003
 30
0
 11
53.088512999999999
 21
-49.0063889999999986
 31
0
  0
LINE
  5
157
330
1B
100
AcDbEntity
  8
F.Cu
  6
CONTINUOUS
100
AcDbLine
 10
53.088512999999999
 20
-49.0063889999999986
 30
0
 11
52.9414869999999951
 21
-49.0063889999999986
 31
0
  0
LINE
  5
158
330
1B
100
AcDbEntity
  8
F.Cu
  6
CONTINUOUS
100
AcDbLine
 10
52.9414869999999951
 20
-49.0063889999999986
 30
0
 11
52.7972859999999997
 21
-48.9777050000000003
 31
0
  0
LINE
  5
159
330
1B
100
AcDbEntity
  8
F.Cu
  6
CONTINUOUS
100
AcDbLine
 10
52.7972859999999997
 20
-48.9777050000000003
 30
0
 11
52.661451999999997
 21
-48.9214409999999944
 31
0
  0
LINE
  5
15A
330
1B
100
AcDbEntity
  8
F.Cu
  6
CONTINUOUS
100
AcDbLine
 10
52.661451999999997
 20
-48.9214409999999944
 30
0
 11
52.5392049999999955
 21
-48.8397579999999962
 31
0
  0
LINE
  5
15B
330
1B
100
AcDbEntity
  8
F.Cu
  6
CONTINUOUS
100
AcDbLine
 10
52.5392049999999955
 20
-48.8397579999999962
 30
0
 11
52.4352419999999952
 21
-48.735794999999996
 31
0
  0
LINE
  5
15C
330
1B
100
AcDbEntity
  8
F.Cu
  6
CONTINUOUS
100
AcDbLine
 10
52.4352419999999952
 20
-48.735794999999996
 30
0
 11
52.3535589999999971
 21
-48.6135479999999944
 31
0
  0
LINE
  5
15D
330
1B
100
AcDbEntity
  8
F.Cu
  6
CONTINUOUS
100
AcDbLine
 10
52.3535589999999971
 20
-48.6135479999999944
 30
0
 11
52.2972949999999983
 21
-48.4777139999999989
 31
0
  0
LINE
  5
15E
330
1B
100
AcDbEntity
  8
F.Cu
  6
CONTINUOUS
100
AcDbLine
 10
52.2972949999999983
 20
-48.4777139999999989
 30
0
 11
52.2686109999999999
 21
-48.3335129999999964
 31
0
  0
LINE
  5
15F
330
1B
100
AcDbEntity
  8
F.Cu
  6
CONTINUOUS
100
AcDbLine
 10
52.2686109999999999
 20
-48.3335129999999964
 30
0
 11
52.2686109999999999
 21
-48.1864869999999996
 31
0
  0
LINE
  5
160
330
1B
100
AcDbEntity
  8
F.Cu
  6
CONTINUOUS
100
AcDbLine
 10
52.2686109999999999
 20
-48.1864869999999996
 30
0
 11
52.2972949999999983
 21
-48.0422859999999972
 31
0
  0
LINE
  5
161
330
1B
100
AcDbEntity
  8
F.Cu
  6
CONTINUOUS
100
AcDbLine
 10
52.2972949999999983
 20
-48.0422859999999972
 30
0
 11
52.3535589999999971
 21
-47.9064519999999945
 31
0
  0
LINE
  5
162
330
1B
100
AcDbEntity
  8
F.Cu
  6
CONTINUOUS
100
AcDbLine
 10
52.3535589999999971
 20
-47.9064519999999945
 30
0
 11
52.4352419999999952
 21
-47.784205
 31
0
  0
LINE
  5
163
330
1B
100
AcDbEntity
  8
F.Cu
  6
CONTINUOUS
100
AcDbLine
 10
52.4352419999999952
 20
-47.784205
 30
0
 11
52.5392049999999955
 21
-47.6802419999999998
 31
0
  0
LINE
  5
164
330
1B
100
AcDbEntity
  8
F.Cu
  6
CONTINUOUS
100
AcDbLine
 10
52.5392049999999955
 20
-47.6802419999999998
 30
0
 11
52.661451999999997
 21
-47.5985589999999945
 31
0
  0
LINE
  5
165
330
1B
100
AcDbEntity
  8
F.Cu
  6
CONTINUOUS
100
AcDbLine
 10
52.661451999999997
 20
-47.5985589999999945
 30
0
 11
52.7972859999999997
 21
-47.5422949999999958
 31
0
  0
LINE
  5
166
330
1B
100
AcDbEntity
  8
F.Cu
  6
CONTINUOUS
100
AcDbLine
 10
52.7972859999999997
 20
-47.5422949999999958
 30
0
 11
52.9414869999999951
 21
-47.5136109999999974
 31
0
  0
LINE
  5
167
330
1B
100
AcDbEntity
  8
F.Cu
  6
CONTINUOUS
100
AcDbLine
 10
52.9414869999999951
 20
-47.5136109999999974
 30
0
 11
53.088512999999999
 21
-47.5136109999999974
 31
0
  0
LINE
  5
168
330
1B
100
AcDbEntity
  8
F.Cu
  6
CONTINUOUS
100
AcDbLine
 10
53.088512999999999
 20
-47.5136109999999974
 30
0
 11
53.2327139999999943
 21
-47.5422949999999958
 31
0
  0
LINE
  5
169
330
1B
100
AcDbEntity
  8
F.Cu
  6
CONTINUOUS
100
AcDbLine
 10
39.9106710000000007
 20
-38.1890299999999954
 30
0
 11
39.991776999999999
 21
-38.2432230000000004
 31
0
  0
LINE
  5
16A
330
1B
100
AcDbEntity
  8
F.Cu
  6
CONTINUOUS
100
AcDbLine
 10
39.991776999999999
 20
-38.2432230000000004
 30
0
 11
40.045969999999997
 21
-38.3243289999999988
 31
0
  0
LINE
  5
16B
330
1B
100
AcDbEntity
  8
F.Cu
  6
CONTINUOUS
100
AcDbLine
 10
40.045969999999997
 20
-38.3243289999999988
 30
0
 11
40.0649999999999977
 21
-38.4200000000000017
 31
0
  0
LINE
  5
16C
330
1B
100
AcDbEntity
  8
F.Cu
  6
CONTINUOUS
100
AcDbLine
 10
40.0649999999999977
 20
-38.4200000000000017
 30
0
 11
40.0649999999999977
 21
-40.3200000000000003
 31
0
  0
LINE
  5
16D
330
1B
100
AcDbEntity
  8
F.Cu
  6
CONTINUOUS
100
AcDbLine
 10
40.0649999999999977
 20
-40.3200000000000003
 30
0
 11
40.045969999999997
 21
-40.4156709999999961
 31
0
  0
LINE
  5
16E
330
1B
100
AcDbEntity
  8
F.Cu
  6
CONTINUOUS
100
AcDbLine
 10
40.045969999999997
 20
-40.4156709999999961
 30
0
 11
39.991776999999999
 21
-40.4967770000000016
 31
0
  0
LINE
  5
16F
330
1B
100
AcDbEntity
  8
F.Cu
  6
CONTINUOUS
100
AcDbLine
 10
39.991776999999999
 20
-40.4967770000000016
 30
0
 11
39.9106710000000007
 21
-40.5509699999999995
 31
0
  0
LINE
  5
170
330
1B
100
AcDbEntity
  8
F.Cu
  6
CONTINUOUS
100
AcDbLine
 10
39.9106710000000007
 20
-40.5509699999999995
 30
0
 11
39.8149999999999977
 21
-40.5700000000000003
 31
0
  0
LINE
  5
171
330
1B
100
AcDbEntity
  8
F.Cu
  6
CONTINUOUS
100
AcDbLine
 10
39.8149999999999977
 20
-40.5700000000000003
 30
0
 11
38.7149999999999963
 21
-40.5700000000000003
 31
0
  0
LINE
  5
172
330
1B
100
AcDbEntity
  8
F.Cu
  6
CONTINUOUS
100
AcDbLine
 10
38.7149999999999963
 20
-40.5700000000000003
 30
0
 11
38.6193290000000005
 21
-40.5509699999999995
 31
0
  0
LINE
  5
173
330
1B
100
AcDbEntity
  8
F.Cu
  6
CONTINUOUS
100
AcDbLine
 10
38.6193290000000005
 20
-40.5509699999999995
 30
0
 11
38.538222999999995
 21
-40.4967770000000016
 31
0
  0
LINE
  5
174
330
1B
100
AcDbEntity
  8
F.Cu
  6
CONTINUOUS
100
AcDbLine
 10
38.538222999999995
 20
-40.4967770000000016
 30
0
 11
38.4840299999999971
 21
-40.4156709999999961
 31
0
  0
LINE
  5
175
330
1B
100
AcDbEntity
  8
F.Cu
  6
CONTINUOUS
100
AcDbLine
 10
38.4840299999999971
 20
-40.4156709999999961
 30
0
 11
38.4649999999999963
 21
-40.3200000000000003
 31
0
  0
LINE
  5
176
330
1B
100
AcDbEntity
  8
F.Cu
  6
CONTINUOUS
100
AcDbLine
 10
38.4649999999999963
 20
-40.3200000000000003
 30
0
 11
38.4649999999999963
 21
-38.4200000000000017
 31
0
  0
LINE
  5
177
330
1B
100
AcDbEntity
  8
F.Cu
  6
CONTINUOUS
100
AcDbLine
 10
38.4649999999999963
 20
-38.4200000000000017
 30
0
 11
38.4840299999999971
 21
-38.3243289999999988
 31
0
  0
LINE
  5
178
330
1B
100
AcDbEntity
  8
F.Cu
  6
CONTINUOUS
100
AcDbLine
 10
38.4840299999999971
 20
-38.3243289999999988
 30
0
 11
38.538222999999995
 21
-38.2432230000000004
 31
0
  0
LINE
  5
179
330
1B
100
AcDbEntity
  8
F.Cu
  6
CONTINUOUS
100
AcDbLine
 10
38.538222999999995
 20
-38.2432230000000004
 30
0
 11
38.6193290000000005
 21
-38.1890299999999954
 31
0
  0
LINE
  5
17A
330
1B
100
AcDbEntity
  8
F.Cu
  6
CONTINUOUS
100
AcDbLine
 10
38.6193290000000005
 20
-38.1890299999999954
 30
0
 11
38.7149999999999963
 21
-38.1700000000000017
 31
0
  0
LINE
  5
17B
330
1B
100
AcDbEntity
  8
F.Cu
  6
CONTINUOUS
100
AcDbLine
 10
38.7149999999999963
 20
-38.1700000000000017
 30
0
 11
39.8149999999999977
 21
-38.1700000000000017
 31
0
  0
LINE
  5
17C
330
1B
100
AcDbEntity
  8
F.Cu
  6
CONTINUOUS
100
AcDbLine
 10
39.8149999999999977
 20
-38.1700000000000017
 30
0
 11
39.9106710000000007
 21
-38.1890299999999954
 31
0
  0
LINE
  5
17D
330
1B
100
AcDbEntity
  8
F.Cu
  6
CONTINUOUS
100
AcDbLine
 10
42.0372279999999989
 20
-38.2044479999999993
 30
0
 11
42.1821169999999981
 21
-38.2644629999999992
 31
0
  0
LINE
  5
17E
330
1B
100
AcDbEntity
  8
F.Cu
  6
CONTINUOUS
100
AcDbLine
 10
42.1821169999999981
 20
-38.2644629999999992
 30
0
 11
42.3125149999999977
 21
-38.3515919999999966
 31
0
  0
LINE
  5
17F
330
1B
100
AcDbEntity
  8
F.Cu
  6
CONTINUOUS
100
AcDbLine
 10
42.3125149999999977
 20
-38.3515919999999966
 30
0
 11
42.4234079999999949
 21
-38.4624850000000009
 31
0
  0
LINE
  5
180
330
1B
100
AcDbEntity
  8
F.Cu
  6
CONTINUOUS
100
AcDbLine
 10
42.4234079999999949
 20
-38.4624850000000009
 30
0
 11
42.5105369999999994
 21
-38.5928830000000005
 31
0
  0
LINE
  5
181
330
1B
100
AcDbEntity
  8
F.Cu
  6
CONTINUOUS
100
AcDbLine
 10
42.5105369999999994
 20
-38.5928830000000005
 30
0
 11
42.5705519999999993
 21
-38.7377719999999997
 31
0
  0
LINE
  5
182
330
1B
100
AcDbEntity
  8
F.Cu
  6
CONTINUOUS
100
AcDbLine
 10
42.5705519999999993
 20
-38.7377719999999997
 30
0
 11
42.6011479999999949
 21
-38.8915859999999967
 31
0
  0
LINE
  5
183
330
1B
100
AcDbEntity
  8
F.Cu
  6
CONTINUOUS
100
AcDbLine
 10
42.6011479999999949
 20
-38.8915859999999967
 30
0
 11
42.6049999999999969
 21
-38.9699999999999989
 31
0
  0
LINE
  5
184
330
1B
100
AcDbEntity
  8
F.Cu
  6
CONTINUOUS
100
AcDbLine
 10
42.6049999999999969
 20
-38.9699999999999989
 30
0
 11
42.6049999999999969
 21
-39.769999999999996
 31
0
  0
LINE
  5
185
330
1B
100
AcDbEntity
  8
F.Cu
  6
CONTINUOUS
100
AcDbLine
 10
42.6049999999999969
 20
-39.769999999999996
 30
0
 11
42.6011479999999949
 21
-39.8484139999999982
 31
0
  0
LINE
  5
186
330
1B
100
AcDbEntity
  8
F.Cu
  6
CONTINUOUS
100
AcDbLine
 10
42.6011479999999949
 20
-39.8484139999999982
 30
0
 11
42.5705519999999993
 21
-40.0022279999999952
 31
0
  0
LINE
  5
187
330
1B
100
AcDbEntity
  8
F.Cu
  6
CONTINUOUS
100
AcDbLine
 10
42.5705519999999993
 20
-40.0022279999999952
 30
0
 11
42.5105369999999994
 21
-40.1471170000000015
 31
0
  0
LINE
  5
188
330
1B
100
AcDbEntity
  8
F.Cu
  6
CONTINUOUS
100
AcDbLine
 10
42.5105369999999994
 20
-40.1471170000000015
 30
0
 11
42.4234079999999949
 21
-40.2775150000000011
 31
0
  0
LINE
  5
189
330
1B
100
AcDbEntity
  8
F.Cu
  6
CONTINUOUS
100
AcDbLine
 10
42.4234079999999949
 20
-40.2775150000000011
 30
0
 11
42.3125149999999977
 21
-40.3884079999999983
 31
0
  0
LINE
  5
18A
330
1B
100
AcDbEntity
  8
F.Cu
  6
CONTINUOUS
100
AcDbLine
 10
42.3125149999999977
 20
-40.3884079999999983
 30
0
 11
42.1821169999999981
 21
-40.4755369999999957
 31
0
  0
LINE
  5
18B
330
1B
100
AcDbEntity
  8
F.Cu
  6
CONTINUOUS
100
AcDbLine
 10
42.1821169999999981
 20
-40.4755369999999957
 30
0
 11
42.0372279999999989
 21
-40.5355519999999956
 31
0
  0
LINE
  5
18C
330
1B
100
AcDbEntity
  8
F.Cu
  6
CONTINUOUS
100
AcDbLine
 10
42.0372279999999989
 20
-40.5355519999999956
 30
0
 11
41.8834139999999948
 21
-40.5661479999999983
 31
0
  0
LINE
  5
18D
330
1B
100
AcDbEntity
  8
F.Cu
  6
CONTINUOUS
100
AcDbLine
 10
41.8834139999999948
 20
-40.5661479999999983
 30
0
 11
41.7265859999999975
 21
-40.5661479999999983
 31
0
  0
LINE
  5
18E
330
1B
100
AcDbEntity
  8
F.Cu
  6
CONTINUOUS
100
AcDbLine
 10
41.7265859999999975
 20
-40.5661479999999983
 30
0
 11
41.5727720000000005
 21
-40.5355519999999956
 31
0
  0
LINE
  5
18F
330
1B
100
AcDbEntity
  8
F.Cu
  6
CONTINUOUS
100
AcDbLine
 10
41.5727720000000005
 20
-40.5355519999999956
 30
0
 11
41.4278830000000013
 21
-40.4755369999999957
 31
0
  0
LINE
  5
190
330
1B
100
AcDbEntity
  8
F.Cu
  6
CONTINUOUS
100
AcDbLine
 10
41.4278830000000013
 20
-40.4755369999999957
 30
0
 11
41.2974849999999947
 21
-40.3884079999999983
 31
0
  0
LINE
  5
191
330
1B
100
AcDbEntity
  8
F.Cu
  6
CONTINUOUS
100
AcDbLine
 10
41.2974849999999947
 20
-40.3884079999999983
 30
0
 11
41.1865919999999974
 21
-40.2775150000000011
 31
0
  0
LINE
  5
192
330
1B
100
AcDbEntity
  8
F.Cu
  6
CONTINUOUS
100
AcDbLine
 10
41.1865919999999974
 20
-40.2775150000000011
 30
0
 11
41.0994630000000001
 21
-40.1471170000000015
 31
0
  0
LINE
  5
193
330
1B
100
AcDbEntity
  8
F.Cu
  6
CONTINUOUS
100
AcDbLine
 10
41.0994630000000001
 20
-40.1471170000000015
 30
0
 11
41.0394480000000001
 21
-40.0022279999999952
 31
0
  0
LINE
  5
194
330
1B
100
AcDbEntity
  8
F.Cu
  6
CONTINUOUS
100
AcDbLine
 10
41.0394480000000001
 20
-40.0022279999999952
 30
0
 11
41.0088519999999974
 21
-39.8484139999999982
 31
0
  0
LINE
  5
195
330
1B
100
AcDbEntity
  8
F.Cu
  6
CONTINUOUS
100
AcDbLine
 10
41.0088519999999974
 20
-39.8484139999999982
 30
0
 11
41.0049999999999955
 21
-39.769999999999996
 31
0
  0
LINE
  5
196
330
1B
100
AcDbEntity
  8
F.Cu
  6
CONTINUOUS
100
AcDbLine
 10
41.0049999999999955
 20
-39.769999999999996
 30
0
 11
41.0049999999999955
 21
-38.9699999999999989
 31
0
  0
LINE
  5
197
330
1B
100
AcDbEntity
  8
F.Cu
  6
CONTINUOUS
100
AcDbLine
 10
41.0049999999999955
 20
-38.9699999999999989
 30
0
 11
41.0088519999999974
 21
-38.8915859999999967
 31
0
  0
LINE
  5
198
330
1B
100
AcDbEntity
  8
F.Cu
  6
CONTINUOUS
100
AcDbLine
 10
41.0088519999999974
 20
-38.8915859999999967
 30
0
 11
41.0394480000000001
 21
-38.7377719999999997
 31
0
  0
LINE
  5
199
330
1B
100
AcDbEntity
  8
F.Cu
  6
CONTINUOUS
100
AcDbLine
 10
41.0394480000000001
 20
-38.7377719999999997
 30
0
 11
41.0994630000000001
 21
-38.5928830000000005
 31
0
  0
LINE
  5
19A
330
1B
100
AcDbEntity
  8
F.Cu
  6
CONTINUOUS
100
AcDbLine
 10
41.0994630000000001
 20
-38.5928830000000005
 30
0
 11
41.1865919999999974
 21
-38.4624850000000009
 31
0
  0
LINE
  5
19B
330
1B
100
AcDbEntity
  8
F.Cu
  6
CONTINUOUS
100
AcDbLine
 10
41.1865919999999974
 20
-38.4624850000000009
 30
0
 11
41.2974849999999947
 21
-38.3515919999999966
 31
0
  0
LINE
  5
19C
330
1B
100
AcDbEntity
  8
F.Cu
  6
CONTINUOUS
100
AcDbLine
 10
41.2974849999999947
 20
-38.3515919999999966
 30
0
 11
41.4278830000000013
 21
-38.2644629999999992
 31
0
  0
LINE
  5
19D
330
1B
100
AcDbEntity
  8
F.Cu
  6
CONTINUOUS
100
AcDbLine
 10
41.4278830000000013
 20
-38.2644629999999992
 30
0
 11
41.5727720000000005
 21
-38.2044479999999993
 31
0
  0
LINE
  5
19E
330
1B
100
AcDbEntity
  8
F.Cu
  6
CONTINUOUS
100
AcDbLine
 10
41.5727720000000005
 20
-38.2044479999999993
 30
0
 11
41.7265859999999975
 21
-38.1738519999999966
 31
0
  0
LINE
  5
19F
330
1B
100
AcDbEntity
  8
F.Cu
  6
CONTINUOUS
100
AcDbLine
 10
41.7265859999999975
 20
-38.1738519999999966
 30
0
 11
41.8834139999999948
 21
-38.1738519999999966
 31
0
  0
LINE
  5
1A0
330
1B
100
AcDbEntity
  8
F.Cu
  6
CONTINUOUS
100
AcDbLine
 10
41.8834139999999948
 20
-38.1738519999999966
 30
0
 11
42.0372279999999989
 21
-38.2044479999999993
 31
0
  0
LINE
  5
1A1
330
1B
100
AcDbEntity
  8
F.Cu
  6
CONTINUOUS
100
AcDbLine
 10
44.5772279999999981
 20
-38.2044479999999993
 30
0
 11
44.7221169999999972
 21
-38.2644629999999992
 31
0
  0
LINE
  5
1A2
330
1B
100
AcDbEntity
  8
F.Cu
  6
CONTINUOUS
100
AcDbLine
 10
44.7221169999999972
 20
-38.2644629999999992
 30
0
 11
44.8525149999999968
 21
-38.3515919999999966
 31
0
  0
LINE
  5
1A3
330
1B
100
AcDbEntity
  8
F.Cu
  6
CONTINUOUS
100
AcDbLine
 10
44.8525149999999968
 20
-38.3515919999999966
 30
0
 11
44.9634080000000012
 21
-38.4624850000000009
 31
0
  0
LINE
  5
1A4
330
1B
100
AcDbEntity
  8
F.Cu
  6
CONTINUOUS
100
AcDbLine
 10
44.9634080000000012
 20
-38.4624850000000009
 30
0
 11
45.0505369999999985
 21
-38.5928830000000005
 31
0
  0
LINE
  5
1A5
330
1B
100
AcDbEntity
  8
F.Cu
  6
CONTINUOUS
100
AcDbLine
 10
45.0505369999999985
 20
-38.5928830000000005
 30
0
 11
45.1105519999999984
 21
-38.7377719999999997
 31
0
  0
LINE
  5
1A6
330
1B
100
AcDbEntity
  8
F.Cu
  6
CONTINUOUS
100
AcDbLine
 10
45.1105519999999984
 20
-38.7377719999999997
 30
0
 11
45.1411480000000012
 21
-38.8915859999999967
 31
0
  0
LINE
  5
1A7
330
1B
100
AcDbEntity
  8
F.Cu
  6
CONTINUOUS
100
AcDbLine
 10
45.1411480000000012
 20
-38.8915859999999967
 30
0
 11
45.144999999999996
 21
-38.9699999999999989
 31
0
  0
LINE
  5
1A8
330
1B
100
AcDbEntity
  8
F.Cu
  6
CONTINUOUS
100
AcDbLine
 10
45.144999999999996
 20
-38.9699999999999989
 30
0
 11
45.144999999999996
 21
-39.769999999999996
 31
0
  0
LINE
  5
1A9
330
1B
100
AcDbEntity
  8
F.Cu
  6
CONTINUOUS
100
AcDbLine
 10
45.144999999999996
 20
-39.769999999999996
 30
0
 11
45.1411480000000012
 21
-39.8484139999999982
 31
0
  0
LINE
  5
1AA
330
1B
100
AcDbEntity
  8
F.Cu
  6
CONTINUOUS
100
AcDbLine
 10
45.1411480000000012
 20
-39.8484139999999982
 30
0
 11
45.1105519999999984
 21
-40.0022279999999952
 31
0
  0
LINE
  5
1AB
330
1B
100
AcDbEntity
  8
F.Cu
  6
CONTINUOUS
100
AcDbLine
 10
45.1105519999999984
 20
-40.0022279999999952
 30
0
 11
45.0505369999999985
 21
-40.1471170000000015
 31
0
  0
LINE
  5
1AC
330
1B
100
AcDbEntity
  8
F.Cu
  6
CONTINUOUS
100
AcDbLine
 10
45.0505369999999985
 20
-40.1471170000000015
 30
0
 11
44.9634080000000012
 21
-40.2775150000000011
 31
0
  0
LINE
  5
1AD
330
1B
100
AcDbEntity
  8
F.Cu
  6
CONTINUOUS
100
AcDbLine
 10
44.9634080000000012
 20
-40.2775150000000011
 30
0
 11
44.8525149999999968
 21
-40.3884079999999983
 31
0
  0
LINE
  5
1AE
330
1B
100
AcDbEntity
  8
F.Cu
  6
CONTINUOUS
100
AcDbLine
 10
44.8525149999999968
 20
-40.3884079999999983
 30
0
 11
44.7221169999999972
 21
-40.4755369999999957
 31
0
  0
LINE
  5
1AF
330
1B
100
AcDbEntity
  8
F.Cu
  6
CONTINUOUS
100
AcDbLine
 10
44.7221169999999972
 20
-40.4755369999999957
 30
0
 11
44.5772279999999981
 21
-40.5355519999999956
 31
0
  0
LINE
  5
1B0
330
1B
100
AcDbEntity
  8
F.Cu
  6
CONTINUOUS
100
AcDbLine
 10
44.5772279999999981
 20
-40.5355519999999956
 30
0
 11
44.4234140000000011
 21
-40.5661479999999983
 31
0
  0
LINE
  5
1B1
330
1B
100
AcDbEntity
  8
F.Cu
  6
CONTINUOUS
100
AcDbLine
 10
44.4234140000000011
 20
-40.5661479999999983
 30
0
 11
44.2665859999999967
 21
-40.5661479999999983
 31
0
  0
LINE
  5
1B2
330
1B
100
AcDbEntity
  8
F.Cu
  6
CONTINUOUS
100
AcDbLine
 10
44.2665859999999967
 20
-40.5661479999999983
 30
0
 11
44.1127719999999997
 21
-40.5355519999999956
 31
0
  0
LINE
  5
1B3
330
1B
100
AcDbEntity
  8
F.Cu
  6
CONTINUOUS
100
AcDbLine
 10
44.1127719999999997
 20
-40.5355519999999956
 30
0
 11
43.9678830000000005
 21
-40.4755369999999957
 31
0
  0
LINE
  5
1B4
330
1B
100
AcDbEntity
  8
F.Cu
  6
CONTINUOUS
100
AcDbLine
 10
43.9678830000000005
 20
-40.4755369999999957
 30
0
 11
43.8374850000000009
 21
-40.3884079999999983
 31
0
  0
LINE
  5
1B5
330
1B
100
AcDbEntity
  8
F.Cu
  6
CONTINUOUS
100
AcDbLine
 10
43.8374850000000009
 20
-40.3884079999999983
 30
0
 11
43.7265919999999966
 21
-40.2775150000000011
 31
0
  0
LINE
  5
1B6
330
1B
100
AcDbEntity
  8
F.Cu
  6
CONTINUOUS
100
AcDbLine
 10
43.7265919999999966
 20
-40.2775150000000011
 30
0
 11
43.6394629999999992
 21
-40.1471170000000015
 31
0
  0
LINE
  5
1B7
330
1B
100
AcDbEntity
  8
F.Cu
  6
CONTINUOUS
100
AcDbLine
 10
43.6394629999999992
 20
-40.1471170000000015
 30
0
 11
43.5794479999999993
 21
-40.0022279999999952
 31
0
  0
LINE
  5
1B8
330
1B
100
AcDbEntity
  8
F.Cu
  6
CONTINUOUS
100
AcDbLine
 10
43.5794479999999993
 20
-40.0022279999999952
 30
0
 11
43.5488519999999966
 21
-39.8484139999999982
 31
0
  0
LINE
  5
1B9
330
1B
100
AcDbEntity
  8
F.Cu
  6
CONTINUOUS
100
AcDbLine
 10
43.5488519999999966
 20
-39.8484139999999982
 30
0
 11
43.5449999999999946
 21
-39.769999999999996
 31
0
  0
LINE
  5
1BA
330
1B
100
AcDbEntity
  8
F.Cu
  6
CONTINUOUS
100
AcDbLine
 10
43.5449999999999946
 20
-39.769999999999996
 30
0
 11
43.5449999999999946
 21
-38.9699999999999989
 31
0
  0
LINE
  5
1BB
330
1B
100
AcDbEntity
  8
F.Cu
  6
CONTINUOUS
100
AcDbLine
 10
43.5449999999999946
 20
-38.9699999999999989
 30
0
 11
43.5488519999999966
 21
-38.8915859999999967
 31
0
  0
LINE
  5
1BC
330
1B
100
AcDbEntity
  8
F.Cu
  6
CONTINUOUS
100
AcDbLine
 10
43.5488519999999966
 20
-38.8915859999999967
 30
0
 11
43.5794479999999993
 21
-38.7377719999999997
 31
0
  0
LINE
  5
1BD
330
1B
100
AcDbEntity
  8
F.Cu
  6
CONTINUOUS
100
AcDbLine
 10
43.5794479999999993
 20
-38.7377719999999997
 30
0
 11
43.6394629999999992
 21
-38.5928830000000005
 31
0
  0
LINE
  5
1BE
330
1B
100
AcDbEntity
  8
F.Cu
  6
CONTINUOUS
100
AcDbLine
 10
43.6394629999999992
 20
-38.5928830000000005
 30
0
 11
43.7265919999999966
 21
-38.4624850000000009
 31
0
  0
LINE
  5
1BF
330
1B
100
AcDbEntity
  8
F.Cu
  6
CONTINUOUS
100
AcDbLine
 10
43.7265919999999966
 20
-38.4624850000000009
 30
0
 11
43.8374850000000009
 21
-38.3515919999999966
 31
0
  0
LINE
  5
1C0
330
1B
100
AcDbEntity
  8
F.Cu
  6
CONTINUOUS
100
AcDbLine
 10
43.8374850000000009
 20
-38.3515919999999966
 30
0
 11
43.9678830000000005
 21
-38.2644629999999992
 31
0
  0
LINE
  5
1C1
330
1B
100
AcDbEntity
  8
F.Cu
  6
CONTINUOUS
100
AcDbLine
 10
43.9678830000000005
 20
-38.2644629999999992
 30
0
 11
44.1127719999999997
 21
-38.2044479999999993
 31
0
  0
LINE
  5
1C2
330
1B
100
AcDbEntity
  8
F.Cu
  6
CONTINUOUS
100
AcDbLine
 10
44.1127719999999997
 20
-38.2044479999999993
 30
0
 11
44.2665859999999967
 21
-38.1738519999999966
 31
0
  0
LINE
  5
1C3
330
1B
100
AcDbEntity
  8
F.Cu
  6
CONTINUOUS
100
AcDbLine
 10
44.2665859999999967
 20
-38.1738519999999966
 30
0
 11
44.4234140000000011
 21
-38.1738519999999966
 31
0
  0
LINE
  5
1C4
330
1B
100
AcDbEntity
  8
F.Cu
  6
CONTINUOUS
100
AcDbLine
 10
44.4234140000000011
 20
-38.1738519999999966
 30
0
 11
44.5772279999999981
 21
-38.2044479999999993
 31
0
  0
LINE
  5
1C5
330
1B
100
AcDbEntity
  8
F.Cu
  6
CONTINUOUS
100
AcDbLine
 10
47.1172279999999972
 20
-38.2044479999999993
 30
0
 11
47.2621169999999964
 21
-38.2644629999999992
 31
0
  0
LINE
  5
1C6
330
1B
100
AcDbEntity
  8
F.Cu
  6
CONTINUOUS
100
AcDbLine
 10
47.2621169999999964
 20
-38.2644629999999992
 30
0
 11
47.392514999999996
 21
-38.3515919999999966
 31
0
  0
LINE
  5
1C7
330
1B
100
AcDbEntity
  8
F.Cu
  6
CONTINUOUS
100
AcDbLine
 10
47.392514999999996
 20
-38.3515919999999966
 30
0
 11
47.5034080000000003
 21
-38.4624850000000009
 31
0
  0
LINE
  5
1C8
330
1B
100
AcDbEntity
  8
F.Cu
  6
CONTINUOUS
100
AcDbLine
 10
47.5034080000000003
 20
-38.4624850000000009
 30
0
 11
47.5905369999999976
 21
-38.5928830000000005
 31
0
  0
LINE
  5
1C9
330
1B
100
AcDbEntity
  8
F.Cu
  6
CONTINUOUS
100
AcDbLine
 10
47.5905369999999976
 20
-38.5928830000000005
 30
0
 11
47.6505519999999976
 21
-38.7377719999999997
 31
0
  0
LINE
  5
1CA
330
1B
100
AcDbEntity
  8
F.Cu
  6
CONTINUOUS
100
AcDbLine
 10
47.6505519999999976
 20
-38.7377719999999997
 30
0
 11
47.6811480000000003
 21
-38.8915859999999967
 31
0
  0
LINE
  5
1CB
330
1B
100
AcDbEntity
  8
F.Cu
  6
CONTINUOUS
100
AcDbLine
 10
47.6811480000000003
 20
-38.8915859999999967
 30
0
 11
47.6849999999999952
 21
-38.9699999999999989
 31
0
  0
LINE
  5
1CC
330
1B
100
AcDbEntity
  8
F.Cu
  6
CONTINUOUS
100
AcDbLine
 10
47.6849999999999952
 20
-38.9699999999999989
 30
0
 11
47.6849999999999952
 21
-39.769999999999996
 31
0
  0
LINE
  5
1CD
330
1B
100
AcDbEntity
  8
F.Cu
  6
CONTINUOUS
100
AcDbLine
 10
47.6849999999999952
 20
-39.769999999999996
 30
0
 11
47.6811480000000003
 21
-39.8484139999999982
 31
0
  0
LINE
  5
1CE
330
1B
100
AcDbEntity
  8
F.Cu
  6
CONTINUOUS
100
AcDbLine
 10
47.6811480000000003
 20
-39.8484139999999982
 30
0
 11
47.6505519999999976
 21
-40.0022279999999952
 31
0
  0
LINE
  5
1CF
330
1B
100
AcDbEntity
  8
F.Cu
  6
CONTINUOUS
100
AcDbLine
 10
47.6505519999999976
 20
-40.0022279999999952
 30
0
 11
47.5905369999999976
 21
-40.1471170000000015
 31
0
  0
LINE
  5
1D0
330
1B
100
AcDbEntity
  8
F.Cu
  6
CONTINUOUS
100
AcDbLine
 10
47.5905369999999976
 20
-40.1471170000000015
 30
0
 11
47.5034080000000003
 21
-40.2775150000000011
 31
0
  0
LINE
  5
1D1
330
1B
100
AcDbEntity
  8
F.Cu
  6
CONTINUOUS
100
AcDbLine
 10
47.5034080000000003
 20
-40.2775150000000011
 30
0
 11
47.392514999999996
 21
-40.3884079999999983
 31
0
  0
LINE
  5
1D2
330
1B
100
AcDbEntity
  8
F.Cu
  6
CONTINUOUS
100
AcDbLine
 10
47.392514999999996
 20
-40.3884079999999983
 30
0
 11
47.2621169999999964
 21
-40.4755369999999957
 31
0
  0
LINE
  5
1D3
330
1B
100
AcDbEntity
  8
F.Cu
  6
CONTINUOUS
100
AcDbLine
 10
47.2621169999999964
 20
-40.4755369999999957
 30
0
 11
47.1172279999999972
 21
-40.5355519999999956
 31
0
  0
LINE
  5
1D4
330
1B
100
AcDbEntity
  8
F.Cu
  6
CONTINUOUS
100
AcDbLine
 10
47.1172279999999972
 20
-40.5355519999999956
 30
0
 11
46.9634140000000002
 21
-40.5661479999999983
 31
0
  0
LINE
  5
1D5
330
1B
100
AcDbEntity
  8
F.Cu
  6
CONTINUOUS
100
AcDbLine
 10
46.9634140000000002
 20
-40.5661479999999983
 30
0
 11
46.8065859999999958
 21
-40.5661479999999983
 31
0
  0
LINE
  5
1D6
330
1B
100
AcDbEntity
  8
F.Cu
  6
CONTINUOUS
100
AcDbLine
 10
46.8065859999999958
 20
-40.5661479999999983
 30
0
 11
46.6527719999999988
 21
-40.5355519999999956
 31
0
  0
LINE
  5
1D7
330
1B
100
AcDbEntity
  8
F.Cu
  6
CONTINUOUS
100
AcDbLine
 10
46.6527719999999988
 20
-40.5355519999999956
 30
0
 11
46.5078829999999996
 21
-40.4755369999999957
 31
0
  0
LINE
  5
1D8
330
1B
100
AcDbEntity
  8
F.Cu
  6
CONTINUOUS
100
AcDbLine
 10
46.5078829999999996
 20
-40.4755369999999957
 30
0
 11
46.3774850000000001
 21
-40.3884079999999983
 31
0
  0
LINE
  5
1D9
330
1B
100
AcDbEntity
  8
F.Cu
  6
CONTINUOUS
100
AcDbLine
 10
46.3774850000000001
 20
-40.3884079999999983
 30
0
 11
46.2665919999999957
 21
-40.2775150000000011
 31
0
  0
LINE
  5
1DA
330
1B
100
AcDbEntity
  8
F.Cu
  6
CONTINUOUS
100
AcDbLine
 10
46.2665919999999957
 20
-40.2775150000000011
 30
0
 11
46.1794629999999984
 21
-40.1471170000000015
 31
0
  0
LINE
  5
1DB
330
1B
100
AcDbEntity
  8
F.Cu
  6
CONTINUOUS
100
AcDbLine
 10
46.1794629999999984
 20
-40.1471170000000015
 30
0
 11
46.1194479999999984
 21
-40.0022279999999952
 31
0
  0
LINE
  5
1DC
330
1B
100
AcDbEntity
  8
F.Cu
  6
CONTINUOUS
100
AcDbLine
 10
46.1194479999999984
 20
-40.0022279999999952
 30
0
 11
46.0888519999999957
 21
-39.8484139999999982
 31
0
  0
LINE
  5
1DD
330
1B
100
AcDbEntity
  8
F.Cu
  6
CONTINUOUS
100
AcDbLine
 10
46.0888519999999957
 20
-39.8484139999999982
 30
0
 11
46.0850000000000009
 21
-39.769999999999996
 31
0
  0
LINE
  5
1DE
330
1B
100
AcDbEntity
  8
F.Cu
  6
CONTINUOUS
100
AcDbLine
 10
46.0850000000000009
 20
-39.769999999999996
 30
0
 11
46.0850000000000009
 21
-38.9699999999999989
 31
0
  0
LINE
  5
1DF
330
1B
100
AcDbEntity
  8
F.Cu
  6
CONTINUOUS
100
AcDbLine
 10
46.0850000000000009
 20
-38.9699999999999989
 30
0
 11
46.0888519999999957
 21
-38.8915859999999967
 31
0
  0
LINE
  5
1E0
330
1B
100
AcDbEntity
  8
F.Cu
  6
CONTINUOUS
100
AcDbLine
 10
46.0888519999999957
 20
-38.8915859999999967
 30
0
 11
46.1194479999999984
 21
-38.7377719999999997
 31
0
  0
LINE
  5
1E1
330
1B
100
AcDbEntity
  8
F.Cu
  6
CONTINUOUS
100
AcDbLine
 10
46.1194479999999984
 20
-38.7377719999999997
 30
0
 11
46.1794629999999984
 21
-38.5928830000000005
 31
0
  0
LINE
  5
1E2
330
1B
100
AcDbEntity
  8
F.Cu
  6
CONTINUOUS
100
AcDbLine
 10
46.1794629999999984
 20
-38.5928830000000005
 30
0
 11
46.2665919999999957
 21
-38.4624850000000009
 31
0
  0
LINE
  5
1E3
330
1B
100
AcDbEntity
  8
F.Cu
  6
CONTINUOUS
100
AcDbLine
 10
46.2665919999999957
 20
-38.4624850000000009
 30
0
 11
46.3774850000000001
 21
-38.3515919999999966
 31
0
  0
LINE
  5
1E4
330
1B
100
AcDbEntity
  8
F.Cu
  6
CONTINUOUS
100
AcDbLine
 10
46.3774850000000001
 20
-38.3515919999999966
 30
0
 11
46.5078829999999996
 21
-38.2644629999999992
 31
0
  0
LINE
  5
1E5
330
1B
100
AcDbEntity
  8
F.Cu
  6
CONTINUOUS
100
AcDbLine
 10
46.5078829999999996
 20
-38.2644629999999992
 30
0
 11
46.6527719999999988
 21
-38.2044479999999993
 31
0
  0
LINE
  5
1E6
330
1B
100
AcDbEntity
  8
F.Cu
  6
CONTINUOUS
100
AcDbLine
 10
46.6527719999999988
 20
-38.2044479999999993
 30
0
 11
46.8065859999999958
 21
-38.1738519999999966
 31
0
  0
LINE
  5
1E7
330
1B
100
AcDbEntity
  8
F.Cu
  6
CONTINUOUS
100
AcDbLine
 10
46.8065859999999958
 20
-38.1738519999999966
 30
0
 11
46.9634140000000002
 21
-38.1738519999999966
 31
0
  0
LINE
  5
1E8
330
1B
100
AcDbEntity
  8
F.Cu
  6
CONTINUOUS
100
AcDbLine
 10
46.9634140000000002
 20
-38.1738519999999966
 30
0
 11
47.1172279999999972
 21
-38.2044479999999993
 31
0
  0
LINE
  5
1E9
330
1B
100
AcDbEntity
  8
F.Cu
  6
CONTINUOUS
100
AcDbLine
 10
49.6572279999999964
 20
-38.2044479999999993
 30
0
 11
49.8021169999999955
 21
-38.2644629999999992
 31
0
  0
LINE
  5
1EA
330
1B
100
AcDbEntity
  8
F.Cu
  6
CONTINUOUS
100
AcDbLine
 10
49.8021169999999955
 20
-38.2644629999999992
 30
0
 11
49.9325149999999951
 21
-38.3515919999999966
 31
0
  0
LINE
  5
1EB
330
1B
100
AcDbEntity
  8
F.Cu
  6
CONTINUOUS
100
AcDbLine
 10
49.9325149999999951
 20
-38.3515919999999966
 30
0
 11
50.0434079999999994
 21
-38.4624850000000009
 31
0
  0
LINE
  5
1EC
330
1B
100
AcDbEntity
  8
F.Cu
  6
CONTINUOUS
100
AcDbLine
 10
50.0434079999999994
 20
-38.4624850000000009
 30
0
 11
50.1305369999999968
 21
-38.5928830000000005
 31
0
  0
LINE
  5
1ED
330
1B
100
AcDbEntity
  8
F.Cu
  6
CONTINUOUS
100
AcDbLine
 10
50.1305369999999968
 20
-38.5928830000000005
 30
0
 11
50.1905519999999967
 21
-38.7377719999999997
 31
0
  0
LINE
  5
1EE
330
1B
100
AcDbEntity
  8
F.Cu
  6
CONTINUOUS
100
AcDbLine
 10
50.1905519999999967
 20
-38.7377719999999997
 30
0
 11
50.2211479999999995
 21
-38.8915859999999967
 31
0
  0
LINE
  5
1EF
330
1B
100
AcDbEntity
  8
F.Cu
  6
CONTINUOUS
100
AcDbLine
 10
50.2211479999999995
 20
-38.8915859999999967
 30
0
 11
50.2249999999999943
 21
-38.9699999999999989
 31
0
  0
LINE
  5
1F0
330
1B
100
AcDbEntity
  8
F.Cu
  6
CONTINUOUS
100
AcDbLine
 10
50.2249999999999943
 20
-38.9699999999999989
 30
0
 11
50.2249999999999943
 21
-39.769999999999996
 31
0
  0
LINE
  5
1F1
330
1B
100
AcDbEntity
  8
F.Cu
  6
CONTINUOUS
100
AcDbLine
 10
50.2249999999999943
 20
-39.769999999999996
 30
0
 11
50.2211479999999995
 21
-39.8484139999999982
 31
0
  0
LINE
  5
1F2
330
1B
100
AcDbEntity
  8
F.Cu
  6
CONTINUOUS
100
AcDbLine
 10
50.2211479999999995
 20
-39.8484139999999982
 30
0
 11
50.1905519999999967
 21
-40.0022279999999952
 31
0
  0
LINE
  5
1F3
330
1B
100
AcDbEntity
  8
F.Cu
  6
CONTINUOUS
100
AcDbLine
 10
50.1905519999999967
 20
-40.0022279999999952
 30
0
 11
50.1305369999999968
 21
-40.1471170000000015
 31
0
  0
LINE
  5
1F4
330
1B
100
AcDbEntity
  8
F.Cu
  6
CONTINUOUS
100
AcDbLine
 10
50.1305369999999968
 20
-40.1471170000000015
 30
0
 11
50.0434079999999994
 21
-40.2775150000000011
 31
0
  0
LINE
  5
1F5
330
1B
100
AcDbEntity
  8
F.Cu
  6
CONTINUOUS
100
AcDbLine
 10
50.0434079999999994
 20
-40.2775150000000011
 30
0
 11
49.9325149999999951
 21
-40.3884079999999983
 31
0
  0
LINE
  5
1F6
330
1B
100
AcDbEntity
  8
F.Cu
  6
CONTINUOUS
100
AcDbLine
 10
49.9325149999999951
 20
-40.3884079999999983
 30
0
 11
49.8021169999999955
 21
-40.4755369999999957
 31
0
  0
LINE
  5
1F7
330
1B
100
AcDbEntity
  8
F.Cu
  6
CONTINUOUS
100
AcDbLine
 10
49.8021169999999955
 20
-40.4755369999999957
 30
0
 11
49.6572279999999964
 21
-40.5355519999999956
 31
0
  0
LINE
  5
1F8
330
1B
100
AcDbEntity
  8
F.Cu
  6
CONTINUOUS
100
AcDbLine
 10
49.6572279999999964
 20
-40.5355519999999956
 30
0
 11
49.5034139999999994
 21
-40.5661479999999983
 31
0
  0
LINE
  5
1F9
330
1B
100
AcDbEntity
  8
F.Cu
  6
CONTINUOUS
100
AcDbLine
 10
49.5034139999999994
 20
-40.5661479999999983
 30
0
 11
49.346585999999995
 21
-40.5661479999999983
 31
0
  0
LINE
  5
1FA
330
1B
100
AcDbEntity
  8
F.Cu
  6
CONTINUOUS
100
AcDbLine
 10
49.346585999999995
 20
-40.5661479999999983
 30
0
 11
49.1927719999999979
 21
-40.5355519999999956
 31
0
  0
LINE
  5
1FB
330
1B
100
AcDbEntity
  8
F.Cu
  6
CONTINUOUS
100
AcDbLine
 10
49.1927719999999979
 20
-40.5355519999999956
 30
0
 11
49.0478829999999988
 21
-40.4755369999999957
 31
0
  0
LINE
  5
1FC
330
1B
100
AcDbEntity
  8
F.Cu
  6
CONTINUOUS
100
AcDbLine
 10
49.0478829999999988
 20
-40.4755369999999957
 30
0
 11
48.9174849999999992
 21
-40.3884079999999983
 31
0
  0
LINE
  5
1FD
330
1B
100
AcDbEntity
  8
F.Cu
  6
CONTINUOUS
100
AcDbLine
 10
48.9174849999999992
 20
-40.3884079999999983
 30
0
 11
48.8065919999999949
 21
-40.2775150000000011
 31
0
  0
LINE
  5
1FE
330
1B
100
AcDbEntity
  8
F.Cu
  6
CONTINUOUS
100
AcDbLine
 10
48.8065919999999949
 20
-40.2775150000000011
 30
0
 11
48.7194629999999975
 21
-40.1471170000000015
 31
0
  0
LINE
  5
1FF
330
1B
100
AcDbEntity
  8
F.Cu
  6
CONTINUOUS
100
AcDbLine
 10
48.7194629999999975
 20
-40.1471170000000015
 30
0
 11
48.6594479999999976
 21
-40.0022279999999952
 31
0
  0
LINE
  5
200
330
1B
100
AcDbEntity
  8
F.Cu
  6
CONTINUOUS
100
AcDbLine
 10
48.6594479999999976
 20
-40.0022279999999952
 30
0
 11
48.6288519999999949
 21
-39.8484139999999982
 31
0
  0
LINE
  5
201
330
1B
100
AcDbEntity
  8
F.Cu
  6
CONTINUOUS
100
AcDbLine
 10
48.6288519999999949
 20
-39.8484139999999982
 30
0
 11
48.625
 21
-39.769999999999996
 31
0
  0
LINE
  5
202
330
1B
100
AcDbEntity
  8
F.Cu
  6
CONTINUOUS
100
AcDbLine
 10
48.625
 20
-39.769999999999996
 30
0
 11
48.625
 21
-38.9699999999999989
 31
0
  0
LINE
  5
203
330
1B
100
AcDbEntity
  8
F.Cu
  6
CONTINUOUS
100
AcDbLine
 10
48.625
 20
-38.9699999999999989
 30
0
 11
48.6288519999999949
 21
-38.8915859999999967
 31
0
  0
LINE
  5
204
330
1B
100
AcDbEntity
  8
F.Cu
  6
CONTINUOUS
100
AcDbLine
 10
48.6288519999999949
 20
-38.8915859999999967
 30
0
 11
48.6594479999999976
 21
-38.7377719999999997
 31
0
  0
LINE
  5
205
330
1B
100
AcDbEntity
  8
F.Cu
  6
CONTINUOUS
100
AcDbLine
 10
48.6594479999999976
 20
-38.7377719999999997
 30
0
 11
48.7194629999999975
 21
-38.5928830000000005
 31
0
  0
LINE
  5
206
330
1B
100
AcDbEntity
  8
F.Cu
  6
CONTINUOUS
100
AcDbLine
 10
48.7194629999999975
 20
-38.5928830000000005
 30
0
 11
48.8065919999999949
 21
-38.4624850000000009
 31
0
  0
LINE
  5
207
330
1B
100
AcDbEntity
  8
F.Cu
  6
CONTINUOUS
100
AcDbLine
 10
48.8065919999999949
 20
-38.4624850000000009
 30
0
 11
48.9174849999999992
 21
-38.3515919999999966
 31
0
  0
LINE
  5
208
330
1B
100
AcDbEntity
  8
F.Cu
  6
CONTINUOUS
100
AcDbLine
 10
48.9174849999999992
 20
-38.3515919999999966
 30
0
 11
49.0478829999999988
 21
-38.2644629999999992
 31
0
  0
LINE
  5
209
330
1B
100
AcDbEntity
  8
F.Cu
  6
CONTINUOUS
100
AcDbLine
 10
49.0478829999999988
 20
-38.2644629999999992
 30
0
 11
49.1927719999999979
 21
-38.2044479999999993
 31
0
  0
LINE
  5
20A
330
1B
100
AcDbEntity
  8
F.Cu
  6
CONTINUOUS
100
AcDbLine
 10
49.1927719999999979
 20
-38.2044479999999993
 30
0
 11
49.346585999999995
 21
-38.1738519999999966
 31
0
  0
LINE
  5
20B
330
1B
100
AcDbEntity
  8
F.Cu
  6
CONTINUOUS
100
AcDbLine
 10
49.346585999999995
 20
-38.1738519999999966
 30
0
 11
49.5034139999999994
 21
-38.1738519999999966
 31
0
  0
LINE
  5
20C
330
1B
100
AcDbEntity
  8
F.Cu
  6
CONTINUOUS
100
AcDbLine
 10
49.5034139999999994
 20
-38.1738519999999966
 30
0
 11
49.6572279999999964
 21
-38.2044479999999993
 31
0
  0
LINE
  5
20D
330
1B
100
AcDbEntity
  8
F.Cu
  6
CONTINUOUS
100
AcDbLine
 10
52.1972279999999955
 20
-38.2044479999999993
 30
0
 11
52.3421169999999947
 21
-38.2644629999999992
 31
0
  0
LINE
  5
20E
330
1B
100
AcDbEntity
  8
F.Cu
  6
CONTINUOUS
100
AcDbLine
 10
52.3421169999999947
 20
-38.2644629999999992
 30
0
 11
52.4725149999999942
 21
-38.3515919999999966
 31
0
  0
LINE
  5
20F
330
1B
100
AcDbEntity
  8
F.Cu
  6
CONTINUOUS
100
AcDbLine
 10
52.4725149999999942
 20
-38.3515919999999966
 30
0
 11
52.5834079999999986
 21
-38.4624850000000009
 31
0
  0
LINE
  5
210
330
1B
100
AcDbEntity
  8
F.Cu
  6
CONTINUOUS
100
AcDbLine
 10
52.5834079999999986
 20
-38.4624850000000009
 30
0
 11
52.6705369999999959
 21
-38.5928830000000005
 31
0
  0
LINE
  5
211
330
1B
100
AcDbEntity
  8
F.Cu
  6
CONTINUOUS
100
AcDbLine
 10
52.6705369999999959
 20
-38.5928830000000005
 30
0
 11
52.7305519999999959
 21
-38.7377719999999997
 31
0
  0
LINE
  5
212
330
1B
100
AcDbEntity
  8
F.Cu
  6
CONTINUOUS
100
AcDbLine
 10
52.7305519999999959
 20
-38.7377719999999997
 30
0
 11
52.7611479999999986
 21
-38.8915859999999967
 31
0
  0
LINE
  5
213
330
1B
100
AcDbEntity
  8
F.Cu
  6
CONTINUOUS
100
AcDbLine
 10
52.7611479999999986
 20
-38.8915859999999967
 30
0
 11
52.7650000000000006
 21
-38.9699999999999989
 31
0
  0
LINE
  5
214
330
1B
100
AcDbEntity
  8
F.Cu
  6
CONTINUOUS
100
AcDbLine
 10
52.7650000000000006
 20
-38.9699999999999989
 30
0
 11
52.7650000000000006
 21
-39.769999999999996
 31
0
  0
LINE
  5
215
330
1B
100
AcDbEntity
  8
F.Cu
  6
CONTINUOUS
100
AcDbLine
 10
52.7650000000000006
 20
-39.769999999999996
 30
0
 11
52.7611479999999986
 21
-39.8484139999999982
 31
0
  0
LINE
  5
216
330
1B
100
AcDbEntity
  8
F.Cu
  6
CONTINUOUS
100
AcDbLine
 10
52.7611479999999986
 20
-39.8484139999999982
 30
0
 11
52.7305519999999959
 21
-40.0022279999999952
 31
0
  0
LINE
  5
217
330
1B
100
AcDbEntity
  8
F.Cu
  6
CONTINUOUS
100
AcDbLine
 10
52.7305519999999959
 20
-40.0022279999999952
 30
0
 11
52.6705369999999959
 21
-40.1471170000000015
 31
0
  0
LINE
  5
218
330
1B
100
AcDbEntity
  8
F.Cu
  6
CONTINUOUS
100
AcDbLine
 10
52.6705369999999959
 20
-40.1471170000000015
 30
0
 11
52.5834079999999986
 21
-40.2775150000000011
 31
0
  0
LINE
  5
219
330
1B
100
AcDbEntity
  8
F.Cu
  6
CONTINUOUS
100
AcDbLine
 10
52.5834079999999986
 20
-40.2775150000000011
 30
0
 11
52.4725149999999942
 21
-40.3884079999999983
 31
0
  0
LINE
  5
21A
330
1B
100
AcDbEntity
  8
F.Cu
  6
CONTINUOUS
100
AcDbLine
 10
52.4725149999999942
 20
-40.3884079999999983
 30
0
 11
52.3421169999999947
 21
-40.4755369999999957
 31
0
  0
LINE
  5
21B
330
1B
100
AcDbEntity
  8
F.Cu
  6
CONTINUOUS
100
AcDbLine
 10
52.3421169999999947
 20
-40.4755369999999957
 30
0
 11
52.1972279999999955
 21
-40.5355519999999956
 31
0
  0
LINE
  5
21C
330
1B
100
AcDbEntity
  8
F.Cu
  6
CONTINUOUS
100
AcDbLine
 10
52.1972279999999955
 20
-40.5355519999999956
 30
0
 11
52.0434139999999985
 21
-40.5661479999999983
 31
0
  0
LINE
  5
21D
330
1B
100
AcDbEntity
  8
F.Cu
  6
CONTINUOUS
100
AcDbLine
 10
52.0434139999999985
 20
-40.5661479999999983
 30
0
 11
51.8865859999999941
 21
-40.5661479999999983
 31
0
  0
LINE
  5
21E
330
1B
100
AcDbEntity
  8
F.Cu
  6
CONTINUOUS
100
AcDbLine
 10
51.8865859999999941
 20
-40.5661479999999983
 30
0
 11
51.7327719999999971
 21
-40.5355519999999956
 31
0
  0
LINE
  5
21F
330
1B
100
AcDbEntity
  8
F.Cu
  6
CONTINUOUS
100
AcDbLine
 10
51.7327719999999971
 20
-40.5355519999999956
 30
0
 11
51.5878829999999979
 21
-40.4755369999999957
 31
0
  0
LINE
  5
220
330
1B
100
AcDbEntity
  8
F.Cu
  6
CONTINUOUS
100
AcDbLine
 10
51.5878829999999979
 20
-40.4755369999999957
 30
0
 11
51.4574849999999984
 21
-40.3884079999999983
 31
0
  0
LINE
  5
221
330
1B
100
AcDbEntity
  8
F.Cu
  6
CONTINUOUS
100
AcDbLine
 10
51.4574849999999984
 20
-40.3884079999999983
 30
0
 11
51.3465920000000011
 21
-40.2775150000000011
 31
0
  0
LINE
  5
222
330
1B
100
AcDbEntity
  8
F.Cu
  6
CONTINUOUS
100
AcDbLine
 10
51.3465920000000011
 20
-40.2775150000000011
 30
0
 11
51.2594629999999967
 21
-40.1471170000000015
 31
0
  0
LINE
  5
223
330
1B
100
AcDbEntity
  8
F.Cu
  6
CONTINUOUS
100
AcDbLine
 10
51.2594629999999967
 20
-40.1471170000000015
 30
0
 11
51.1994479999999967
 21
-40.0022279999999952
 31
0
  0
LINE
  5
224
330
1B
100
AcDbEntity
  8
F.Cu
  6
CONTINUOUS
100
AcDbLine
 10
51.1994479999999967
 20
-40.0022279999999952
 30
0
 11
51.1688520000000011
 21
-39.8484139999999982
 31
0
  0
LINE
  5
225
330
1B
100
AcDbEntity
  8
F.Cu
  6
CONTINUOUS
100
AcDbLine
 10
51.1688520000000011
 20
-39.8484139999999982
 30
0
 11
51.1649999999999991
 21
-39.769999999999996
 31
0
  0
LINE
  5
226
330
1B
100
AcDbEntity
  8
F.Cu
  6
CONTINUOUS
100
AcDbLine
 10
51.1649999999999991
 20
-39.769999999999996
 30
0
 11
51.1649999999999991
 21
-38.9699999999999989
 31
0
  0
LINE
  5
227
330
1B
100
AcDbEntity
  8
F.Cu
  6
CONTINUOUS
100
AcDbLine
 10
51.1649999999999991
 20
-38.9699999999999989
 30
0
 11
51.1688520000000011
 21
-38.8915859999999967
 31
0
  0
LINE
  5
228
330
1B
100
AcDbEntity
  8
F.Cu
  6
CONTINUOUS
100
AcDbLine
 10
51.1688520000000011
 20
-38.8915859999999967
 30
0
 11
51.1994479999999967
 21
-38.7377719999999997
 31
0
  0
LINE
  5
229
330
1B
100
AcDbEntity
  8
F.Cu
  6
CONTINUOUS
100
AcDbLine
 10
51.1994479999999967
 20
-38.7377719999999997
 30
0
 11
51.2594629999999967
 21
-38.5928830000000005
 31
0
  0
LINE
  5
22A
330
1B
100
AcDbEntity
  8
F.Cu
  6
CONTINUOUS
100
AcDbLine
 10
51.2594629999999967
 20
-38.5928830000000005
 30
0
 11
51.3465920000000011
 21
-38.4624850000000009
 31
0
  0
LINE
  5
22B
330
1B
100
AcDbEntity
  8
F.Cu
  6
CONTINUOUS
100
AcDbLine
 10
51.3465920000000011
 20
-38.4624850000000009
 30
0
 11
51.4574849999999984
 21
-38.3515919999999966
 31
0
  0
LINE
  5
22C
330
1B
100
AcDbEntity
  8
F.Cu
  6
CONTINUOUS
100
AcDbLine
 10
51.4574849999999984
 20
-38.3515919999999966
 30
0
 11
51.5878829999999979
 21
-38.2644629999999992
 31
0
  0
LINE
  5
22D
330
1B
100
AcDbEntity
  8
F.Cu
  6
CONTINUOUS
100
AcDbLine
 10
51.5878829999999979
 20
-38.2644629999999992
 30
0
 11
51.7327719999999971
 21
-38.2044479999999993
 31
0
  0
LINE
  5
22E
330
1B
100
AcDbEntity
  8
F.Cu
  6
CONTINUOUS
100
AcDbLine
 10
51.7327719999999971
 20
-38.2044479999999993
 30
0
 11
51.8865859999999941
 21
-38.1738519999999966
 31
0
  0
LINE
  5
22F
330
1B
100
AcDbEntity
  8
F.Cu
  6
CONTINUOUS
100
AcDbLine
 10
51.8865859999999941
 20
-38.1738519999999966
 30
0
 11
52.0434139999999985
 21
-38.1738519999999966
 31
0
  0
LINE
  5
230
330
1B
100
AcDbEntity
  8
F.Cu
  6
CONTINUOUS
100
AcDbLine
 10
52.0434139999999985
 20
-38.1738519999999966
 30
0
 11
52.1972279999999955
 21
-38.2044479999999993
 31
0
  0
LINE
  5
231
330
1B
100
AcDbEntity
  8
F.Cu
  6
CONTINUOUS
100
AcDbLine
 10
54.7372279999999947
 20
-38.2044479999999993
 30
0
 11
54.8821170000000009
 21
-38.2644629999999992
 31
0
  0
LINE
  5
232
330
1B
100
AcDbEntity
  8
F.Cu
  6
CONTINUOUS
100
AcDbLine
 10
54.8821170000000009
 20
-38.2644629999999992
 30
0
 11
55.0125150000000005
 21
-38.3515919999999966
 31
0
  0
LINE
  5
233
330
1B
100
AcDbEntity
  8
F.Cu
  6
CONTINUOUS
100
AcDbLine
 10
55.0125150000000005
 20
-38.3515919999999966
 30
0
 11
55.1234079999999977
 21
-38.4624850000000009
 31
0
  0
LINE
  5
234
330
1B
100
AcDbEntity
  8
F.Cu
  6
CONTINUOUS
100
AcDbLine
 10
55.1234079999999977
 20
-38.4624850000000009
 30
0
 11
55.2105369999999951
 21
-38.5928830000000005
 31
0
  0
LINE
  5
235
330
1B
100
AcDbEntity
  8
F.Cu
  6
CONTINUOUS
100
AcDbLine
 10
55.2105369999999951
 20
-38.5928830000000005
 30
0
 11
55.270551999999995
 21
-38.7377719999999997
 31
0
  0
LINE
  5
236
330
1B
100
AcDbEntity
  8
F.Cu
  6
CONTINUOUS
100
AcDbLine
 10
55.270551999999995
 20
-38.7377719999999997
 30
0
 11
55.3011479999999978
 21
-38.8915859999999967
 31
0
  0
LINE
  5
237
330
1B
100
AcDbEntity
  8
F.Cu
  6
CONTINUOUS
100
AcDbLine
 10
55.3011479999999978
 20
-38.8915859999999967
 30
0
 11
55.3049999999999997
 21
-38.9699999999999989
 31
0
  0
LINE
  5
238
330
1B
100
AcDbEntity
  8
F.Cu
  6
CONTINUOUS
100
AcDbLine
 10
55.3049999999999997
 20
-38.9699999999999989
 30
0
 11
55.3049999999999997
 21
-39.769999999999996
 31
0
  0
LINE
  5
239
330
1B
100
AcDbEntity
  8
F.Cu
  6
CONTINUOUS
100
AcDbLine
 10
55.3049999999999997
 20
-39.769999999999996
 30
0
 11
55.3011479999999978
 21
-39.8484139999999982
 31
0
  0
LINE
  5
23A
330
1B
100
AcDbEntity
  8
F.Cu
  6
CONTINUOUS
100
AcDbLine
 10
55.3011479999999978
 20
-39.8484139999999982
 30
0
 11
55.270551999999995
 21
-40.0022279999999952
 31
0
  0
LINE
  5
23B
330
1B
100
AcDbEntity
  8
F.Cu
  6
CONTINUOUS
100
AcDbLine
 10
55.270551999999995
 20
-40.0022279999999952
 30
0
 11
55.2105369999999951
 21
-40.1471170000000015
 31
0
  0
LINE
  5
23C
330
1B
100
AcDbEntity
  8
F.Cu
  6
CONTINUOUS
100
AcDbLine
 10
55.2105369999999951
 20
-40.1471170000000015
 30
0
 11
55.1234079999999977
 21
-40.2775150000000011
 31
0
  0
LINE
  5
23D
330
1B
100
AcDbEntity
  8
F.Cu
  6
CONTINUOUS
100
AcDbLine
 10
55.1234079999999977
 20
-40.2775150000000011
 30
0
 11
55.0125150000000005
 21
-40.3884079999999983
 31
0
  0
LINE
  5
23E
330
1B
100
AcDbEntity
  8
F.Cu
  6
CONTINUOUS
100
AcDbLine
 10
55.0125150000000005
 20
-40.3884079999999983
 30
0
 11
54.8821170000000009
 21
-40.4755369999999957
 31
0
  0
LINE
  5
23F
330
1B
100
AcDbEntity
  8
F.Cu
  6
CONTINUOUS
100
AcDbLine
 10
54.8821170000000009
 20
-40.4755369999999957
 30
0
 11
54.7372279999999947
 21
-40.5355519999999956
 31
0
  0
LINE
  5
240
330
1B
100
AcDbEntity
  8
F.Cu
  6
CONTINUOUS
100
AcDbLine
 10
54.7372279999999947
 20
-40.5355519999999956
 30
0
 11
54.5834139999999977
 21
-40.5661479999999983
 31
0
  0
LINE
  5
241
330
1B
100
AcDbEntity
  8
F.Cu
  6
CONTINUOUS
100
AcDbLine
 10
54.5834139999999977
 20
-40.5661479999999983
 30
0
 11
54.4265860000000004
 21
-40.5661479999999983
 31
0
  0
LINE
  5
242
330
1B
100
AcDbEntity
  8
F.Cu
  6
CONTINUOUS
100
AcDbLine
 10
54.4265860000000004
 20
-40.5661479999999983
 30
0
 11
54.2727719999999962
 21
-40.5355519999999956
 31
0
  0
LINE
  5
243
330
1B
100
AcDbEntity
  8
F.Cu
  6
CONTINUOUS
100
AcDbLine
 10
54.2727719999999962
 20
-40.5355519999999956
 30
0
 11
54.1278829999999971
 21
-40.4755369999999957
 31
0
  0
LINE
  5
244
330
1B
100
AcDbEntity
  8
F.Cu
  6
CONTINUOUS
100
AcDbLine
 10
54.1278829999999971
 20
-40.4755369999999957
 30
0
 11
53.9974849999999975
 21
-40.3884079999999983
 31
0
  0
LINE
  5
245
330
1B
100
AcDbEntity
  8
F.Cu
  6
CONTINUOUS
100
AcDbLine
 10
53.9974849999999975
 20
-40.3884079999999983
 30
0
 11
53.8865920000000003
 21
-40.2775150000000011
 31
0
  0
LINE
  5
246
330
1B
100
AcDbEntity
  8
F.Cu
  6
CONTINUOUS
100
AcDbLine
 10
53.8865920000000003
 20
-40.2775150000000011
 30
0
 11
53.7994629999999958
 21
-40.1471170000000015
 31
0
  0
LINE
  5
247
330
1B
100
AcDbEntity
  8
F.Cu
  6
CONTINUOUS
100
AcDbLine
 10
53.7994629999999958
 20
-40.1471170000000015
 30
0
 11
53.7394479999999959
 21
-40.0022279999999952
 31
0
  0
LINE
  5
248
330
1B
100
AcDbEntity
  8
F.Cu
  6
CONTINUOUS
100
AcDbLine
 10
53.7394479999999959
 20
-40.0022279999999952
 30
0
 11
53.7088520000000003
 21
-39.8484139999999982
 31
0
  0
LINE
  5
249
330
1B
100
AcDbEntity
  8
F.Cu
  6
CONTINUOUS
100
AcDbLine
 10
53.7088520000000003
 20
-39.8484139999999982
 30
0
 11
53.7049999999999983
 21
-39.769999999999996
 31
0
  0
LINE
  5
24A
330
1B
100
AcDbEntity
  8
F.Cu
  6
CONTINUOUS
100
AcDbLine
 10
53.7049999999999983
 20
-39.769999999999996
 30
0
 11
53.7049999999999983
 21
-38.9699999999999989
 31
0
  0
LINE
  5
24B
330
1B
100
AcDbEntity
  8
F.Cu
  6
CONTINUOUS
100
AcDbLine
 10
53.7049999999999983
 20
-38.9699999999999989
 30
0
 11
53.7088520000000003
 21
-38.8915859999999967
 31
0
  0
LINE
  5
24C
330
1B
100
AcDbEntity
  8
F.Cu
  6
CONTINUOUS
100
AcDbLine
 10
53.7088520000000003
 20
-38.8915859999999967
 30
0
 11
53.7394479999999959
 21
-38.7377719999999997
 31
0
  0
LINE
  5
24D
330
1B
100
AcDbEntity
  8
F.Cu
  6
CONTINUOUS
100
AcDbLine
 10
53.7394479999999959
 20
-38.7377719999999997
 30
0
 11
53.7994629999999958
 21
-38.5928830000000005
 31
0
  0
LINE
  5
24E
330
1B
100
AcDbEntity
  8
F.Cu
  6
CONTINUOUS
100
AcDbLine
 10
53.7994629999999958
 20
-38.5928830000000005
 30
0
 11
53.8865920000000003
 21
-38.4624850000000009
 31
0
  0
LINE
  5
24F
330
1B
100
AcDbEntity
  8
F.Cu
  6
CONTINUOUS
100
AcDbLine
 10
53.8865920000000003
 20
-38.4624850000000009
 30
0
 11
53.9974849999999975
 21
-38.3515919999999966
 31
0
  0
LINE
  5
250
330
1B
100
AcDbEntity
  8
F.Cu
  6
CONTINUOUS
100
AcDbLine
 10
53.9974849999999975
 20
-38.3515919999999966
 30
0
 11
54.1278829999999971
 21
-38.2644629999999992
 31
0
  0
LINE
  5
251
330
1B
100
AcDbEntity
  8
F.Cu
  6
CONTINUOUS
100
AcDbLine
 10
54.1278829999999971
 20
-38.2644629999999992
 30
0
 11
54.2727719999999962
 21
-38.2044479999999993
 31
0
  0
LINE
  5
252
330
1B
100
AcDbEntity
  8
F.Cu
  6
CONTINUOUS
100
AcDbLine
 10
54.2727719999999962
 20
-38.2044479999999993
 30
0
 11
54.4265860000000004
 21
-38.1738519999999966
 31
0
  0
LINE
  5
253
330
1B
100
AcDbEntity
  8
F.Cu
  6
CONTINUOUS
100
AcDbLine
 10
54.4265860000000004
 20
-38.1738519999999966
 30
0
 11
54.5834139999999977
 21
-38.1738519999999966
 31
0
  0
LINE
  5
254
330
1B
100
AcDbEntity
  8
F.Cu
  6
CONTINUOUS
100
AcDbLine
 10
54.5834139999999977
 20
-38.1738519999999966
 30
0
 11
54.7372279999999947
 21
-38.2044479999999993
 31
0
  0
LINE
  5
255
330
1B
100
AcDbEntity
  8
F.Cu
  6
CONTINUOUS
100
AcDbLine
 10
39.4972279999999998
 20
-30.5844479999999983
 30
0
 11
39.6421169999999989
 21
-30.6444629999999982
 31
0
  0
LINE
  5
256
330
1B
100
AcDbEntity
  8
F.Cu
  6
CONTINUOUS
100
AcDbLine
 10
39.6421169999999989
 20
-30.6444629999999982
 30
0
 11
39.7725149999999985
 21
-30.7315919999999991
 31
0
  0
LINE
  5
257
330
1B
100
AcDbEntity
  8
F.Cu
  6
CONTINUOUS
100
AcDbLine
 10
39.7725149999999985
 20
-30.7315919999999991
 30
0
 11
39.8834079999999958
 21
-30.8424849999999999
 31
0
  0
LINE
  5
258
330
1B
100
AcDbEntity
  8
F.Cu
  6
CONTINUOUS
100
AcDbLine
 10
39.8834079999999958
 20
-30.8424849999999999
 30
0
 11
39.9705370000000002
 21
-30.9728829999999995
 31
0
  0
LINE
  5
259
330
1B
100
AcDbEntity
  8
F.Cu
  6
CONTINUOUS
100
AcDbLine
 10
39.9705370000000002
 20
-30.9728829999999995
 30
0
 11
40.0305520000000001
 21
-31.1177719999999987
 31
0
  0
LINE
  5
25A
330
1B
100
AcDbEntity
  8
F.Cu
  6
CONTINUOUS
100
AcDbLine
 10
40.0305520000000001
 20
-31.1177719999999987
 30
0
 11
40.0611479999999958
 21
-31.2715859999999992
 31
0
  0
LINE
  5
25B
330
1B
100
AcDbEntity
  8
F.Cu
  6
CONTINUOUS
100
AcDbLine
 10
40.0611479999999958
 20
-31.2715859999999992
 30
0
 11
40.0649999999999977
 21
-31.3499999999999979
 31
0
  0
LINE
  5
25C
330
1B
100
AcDbEntity
  8
F.Cu
  6
CONTINUOUS
100
AcDbLine
 10
40.0649999999999977
 20
-31.3499999999999979
 30
0
 11
40.0649999999999977
 21
-32.1499999999999986
 31
0
  0
LINE
  5
25D
330
1B
100
AcDbEntity
  8
F.Cu
  6
CONTINUOUS
100
AcDbLine
 10
40.0649999999999977
 20
-32.1499999999999986
 30
0
 11
40.0611479999999958
 21
-32.2284140000000008
 31
0
  0
LINE
  5
25E
330
1B
100
AcDbEntity
  8
F.Cu
  6
CONTINUOUS
100
AcDbLine
 10
40.0611479999999958
 20
-32.2284140000000008
 30
0
 11
40.0305520000000001
 21
-32.3822279999999978
 31
0
  0
LINE
  5
25F
330
1B
100
AcDbEntity
  8
F.Cu
  6
CONTINUOUS
100
AcDbLine
 10
40.0305520000000001
 20
-32.3822279999999978
 30
0
 11
39.9705370000000002
 21
-32.5271169999999969
 31
0
  0
LINE
  5
260
330
1B
100
AcDbEntity
  8
F.Cu
  6
CONTINUOUS
100
AcDbLine
 10
39.9705370000000002
 20
-32.5271169999999969
 30
0
 11
39.8834079999999958
 21
-32.6575149999999965
 31
0
  0
LINE
  5
261
330
1B
100
AcDbEntity
  8
F.Cu
  6
CONTINUOUS
100
AcDbLine
 10
39.8834079999999958
 20
-32.6575149999999965
 30
0
 11
39.7725149999999985
 21
-32.7684080000000009
 31
0
  0
LINE
  5
262
330
1B
100
AcDbEntity
  8
F.Cu
  6
CONTINUOUS
100
AcDbLine
 10
39.7725149999999985
 20
-32.7684080000000009
 30
0
 11
39.6421169999999989
 21
-32.8555369999999982
 31
0
  0
LINE
  5
263
330
1B
100
AcDbEntity
  8
F.Cu
  6
CONTINUOUS
100
AcDbLine
 10
39.6421169999999989
 20
-32.8555369999999982
 30
0
 11
39.4972279999999998
 21
-32.9155519999999981
 31
0
  0
LINE
  5
264
330
1B
100
AcDbEntity
  8
F.Cu
  6
CONTINUOUS
100
AcDbLine
 10
39.4972279999999998
 20
-32.9155519999999981
 30
0
 11
39.3434139999999957
 21
-32.9461480000000009
 31
0
  0
LINE
  5
265
330
1B
100
AcDbEntity
  8
F.Cu
  6
CONTINUOUS
100
AcDbLine
 10
39.3434139999999957
 20
-32.9461480000000009
 30
0
 11
39.1865859999999984
 21
-32.9461480000000009
 31
0
  0
LINE
  5
266
330
1B
100
AcDbEntity
  8
F.Cu
  6
CONTINUOUS
100
AcDbLine
 10
39.1865859999999984
 20
-32.9461480000000009
 30
0
 11
39.0327720000000014
 21
-32.9155519999999981
 31
0
  0
LINE
  5
267
330
1B
100
AcDbEntity
  8
F.Cu
  6
CONTINUOUS
100
AcDbLine
 10
39.0327720000000014
 20
-32.9155519999999981
 30
0
 11
38.8878829999999951
 21
-32.8555369999999982
 31
0
  0
LINE
  5
268
330
1B
100
AcDbEntity
  8
F.Cu
  6
CONTINUOUS
100
AcDbLine
 10
38.8878829999999951
 20
-32.8555369999999982
 30
0
 11
38.7574849999999955
 21
-32.7684080000000009
 31
0
  0
LINE
  5
269
330
1B
100
AcDbEntity
  8
F.Cu
  6
CONTINUOUS
100
AcDbLine
 10
38.7574849999999955
 20
-32.7684080000000009
 30
0
 11
38.6465919999999983
 21
-32.6575149999999965
 31
0
  0
LINE
  5
26A
330
1B
100
AcDbEntity
  8
F.Cu
  6
CONTINUOUS
100
AcDbLine
 10
38.6465919999999983
 20
-32.6575149999999965
 30
0
 11
38.5594630000000009
 21
-32.5271169999999969
 31
0
  0
LINE
  5
26B
330
1B
100
AcDbEntity
  8
F.Cu
  6
CONTINUOUS
100
AcDbLine
 10
38.5594630000000009
 20
-32.5271169999999969
 30
0
 11
38.499448000000001
 21
-32.3822279999999978
 31
0
  0
LINE
  5
26C
330
1B
100
AcDbEntity
  8
F.Cu
  6
CONTINUOUS
100
AcDbLine
 10
38.499448000000001
 20
-32.3822279999999978
 30
0
 11
38.4688519999999983
 21
-32.2284140000000008
 31
0
  0
LINE
  5
26D
330
1B
100
AcDbEntity
  8
F.Cu
  6
CONTINUOUS
100
AcDbLine
 10
38.4688519999999983
 20
-32.2284140000000008
 30
0
 11
38.4649999999999963
 21
-32.1499999999999986
 31
0
  0
LINE
  5
26E
330
1B
100
AcDbEntity
  8
F.Cu
  6
CONTINUOUS
100
AcDbLine
 10
38.4649999999999963
 20
-32.1499999999999986
 30
0
 11
38.4649999999999963
 21
-31.3499999999999979
 31
0
  0
LINE
  5
26F
330
1B
100
AcDbEntity
  8
F.Cu
  6
CONTINUOUS
100
AcDbLine
 10
38.4649999999999963
 20
-31.3499999999999979
 30
0
 11
38.4688519999999983
 21
-31.2715859999999992
 31
0
  0
LINE
  5
270
330
1B
100
AcDbEntity
  8
F.Cu
  6
CONTINUOUS
100
AcDbLine
 10
38.4688519999999983
 20
-31.2715859999999992
 30
0
 11
38.499448000000001
 21
-31.1177719999999987
 31
0
  0
LINE
  5
271
330
1B
100
AcDbEntity
  8
F.Cu
  6
CONTINUOUS
100
AcDbLine
 10
38.499448000000001
 20
-31.1177719999999987
 30
0
 11
38.5594630000000009
 21
-30.9728829999999995
 31
0
  0
LINE
  5
272
330
1B
100
AcDbEntity
  8
F.Cu
  6
CONTINUOUS
100
AcDbLine
 10
38.5594630000000009
 20
-30.9728829999999995
 30
0
 11
38.6465919999999983
 21
-30.8424849999999999
 31
0
  0
LINE
  5
273
330
1B
100
AcDbEntity
  8
F.Cu
  6
CONTINUOUS
100
AcDbLine
 10
38.6465919999999983
 20
-30.8424849999999999
 30
0
 11
38.7574849999999955
 21
-30.7315919999999991
 31
0
  0
LINE
  5
274
330
1B
100
AcDbEntity
  8
F.Cu
  6
CONTINUOUS
100
AcDbLine
 10
38.7574849999999955
 20
-30.7315919999999991
 30
0
 11
38.8878829999999951
 21
-30.6444629999999982
 31
0
  0
LINE
  5
275
330
1B
100
AcDbEntity
  8
F.Cu
  6
CONTINUOUS
100
AcDbLine
 10
38.8878829999999951
 20
-30.6444629999999982
 30
0
 11
39.0327720000000014
 21
-30.5844479999999983
 31
0
  0
LINE
  5
276
330
1B
100
AcDbEntity
  8
F.Cu
  6
CONTINUOUS
100
AcDbLine
 10
39.0327720000000014
 20
-30.5844479999999983
 30
0
 11
39.1865859999999984
 21
-30.5538519999999991
 31
0
  0
LINE
  5
277
330
1B
100
AcDbEntity
  8
F.Cu
  6
CONTINUOUS
100
AcDbLine
 10
39.1865859999999984
 20
-30.5538519999999991
 30
0
 11
39.3434139999999957
 21
-30.5538519999999991
 31
0
  0
LINE
  5
278
330
1B
100
AcDbEntity
  8
F.Cu
  6
CONTINUOUS
100
AcDbLine
 10
39.3434139999999957
 20
-30.5538519999999991
 30
0
 11
39.4972279999999998
 21
-30.5844479999999983
 31
0
  0
LINE
  5
279
330
1B
100
AcDbEntity
  8
F.Cu
  6
CONTINUOUS
100
AcDbLine
 10
42.0372279999999989
 20
-30.5844479999999983
 30
0
 11
42.1821169999999981
 21
-30.6444629999999982
 31
0
  0
LINE
  5
27A
330
1B
100
AcDbEntity
  8
F.Cu
  6
CONTINUOUS
100
AcDbLine
 10
42.1821169999999981
 20
-30.6444629999999982
 30
0
 11
42.3125149999999977
 21
-30.7315919999999991
 31
0
  0
LINE
  5
27B
330
1B
100
AcDbEntity
  8
F.Cu
  6
CONTINUOUS
100
AcDbLine
 10
42.3125149999999977
 20
-30.7315919999999991
 30
0
 11
42.4234079999999949
 21
-30.8424849999999999
 31
0
  0
LINE
  5
27C
330
1B
100
AcDbEntity
  8
F.Cu
  6
CONTINUOUS
100
AcDbLine
 10
42.4234079999999949
 20
-30.8424849999999999
 30
0
 11
42.5105369999999994
 21
-30.9728829999999995
 31
0
  0
LINE
  5
27D
330
1B
100
AcDbEntity
  8
F.Cu
  6
CONTINUOUS
100
AcDbLine
 10
42.5105369999999994
 20
-30.9728829999999995
 30
0
 11
42.5705519999999993
 21
-31.1177719999999987
 31
0
  0
LINE
  5
27E
330
1B
100
AcDbEntity
  8
F.Cu
  6
CONTINUOUS
100
AcDbLine
 10
42.5705519999999993
 20
-31.1177719999999987
 30
0
 11
42.6011479999999949
 21
-31.2715859999999992
 31
0
  0
LINE
  5
27F
330
1B
100
AcDbEntity
  8
F.Cu
  6
CONTINUOUS
100
AcDbLine
 10
42.6011479999999949
 20
-31.2715859999999992
 30
0
 11
42.6049999999999969
 21
-31.3499999999999979
 31
0
  0
LINE
  5
280
330
1B
100
AcDbEntity
  8
F.Cu
  6
CONTINUOUS
100
AcDbLine
 10
42.6049999999999969
 20
-31.3499999999999979
 30
0
 11
42.6049999999999969
 21
-32.1499999999999986
 31
0
  0
LINE
  5
281
330
1B
100
AcDbEntity
  8
F.Cu
  6
CONTINUOUS
100
AcDbLine
 10
42.6049999999999969
 20
-32.1499999999999986
 30
0
 11
42.6011479999999949
 21
-32.2284140000000008
 31
0
  0
LINE
  5
282
330
1B
100
AcDbEntity
  8
F.Cu
  6
CONTINUOUS
100
AcDbLine
 10
42.6011479999999949
 20
-32.2284140000000008
 30
0
 11
42.5705519999999993
 21
-32.3822279999999978
 31
0
  0
LINE
  5
283
330
1B
100
AcDbEntity
  8
F.Cu
  6
CONTINUOUS
100
AcDbLine
 10
42.5705519999999993
 20
-32.3822279999999978
 30
0
 11
42.5105369999999994
 21
-32.5271169999999969
 31
0
  0
LINE
  5
284
330
1B
100
AcDbEntity
  8
F.Cu
  6
CONTINUOUS
100
AcDbLine
 10
42.5105369999999994
 20
-32.5271169999999969
 30
0
 11
42.4234079999999949
 21
-32.6575149999999965
 31
0
  0
LINE
  5
285
330
1B
100
AcDbEntity
  8
F.Cu
  6
CONTINUOUS
100
AcDbLine
 10
42.4234079999999949
 20
-32.6575149999999965
 30
0
 11
42.3125149999999977
 21
-32.7684080000000009
 31
0
  0
LINE
  5
286
330
1B
100
AcDbEntity
  8
F.Cu
  6
CONTINUOUS
100
AcDbLine
 10
42.3125149999999977
 20
-32.7684080000000009
 30
0
 11
42.1821169999999981
 21
-32.8555369999999982
 31
0
  0
LINE
  5
287
330
1B
100
AcDbEntity
  8
F.Cu
  6
CONTINUOUS
100
AcDbLine
 10
42.1821169999999981
 20
-32.8555369999999982
 30
0
 11
42.0372279999999989
 21
-32.9155519999999981
 31
0
  0
LINE
  5
288
330
1B
100
AcDbEntity
  8
F.Cu
  6
CONTINUOUS
100
AcDbLine
 10
42.0372279999999989
 20
-32.9155519999999981
 30
0
 11
41.8834139999999948
 21
-32.9461480000000009
 31
0
  0
LINE
  5
289
330
1B
100
AcDbEntity
  8
F.Cu
  6
CONTINUOUS
100
AcDbLine
 10
41.8834139999999948
 20
-32.9461480000000009
 30
0
 11
41.7265859999999975
 21
-32.9461480000000009
 31
0
  0
LINE
  5
28A
330
1B
100
AcDbEntity
  8
F.Cu
  6
CONTINUOUS
100
AcDbLine
 10
41.7265859999999975
 20
-32.9461480000000009
 30
0
 11
41.5727720000000005
 21
-32.9155519999999981
 31
0
  0
LINE
  5
28B
330
1B
100
AcDbEntity
  8
F.Cu
  6
CONTINUOUS
100
AcDbLine
 10
41.5727720000000005
 20
-32.9155519999999981
 30
0
 11
41.4278830000000013
 21
-32.8555369999999982
 31
0
  0
LINE
  5
28C
330
1B
100
AcDbEntity
  8
F.Cu
  6
CONTINUOUS
100
AcDbLine
 10
41.4278830000000013
 20
-32.8555369999999982
 30
0
 11
41.2974849999999947
 21
-32.7684080000000009
 31
0
  0
LINE
  5
28D
330
1B
100
AcDbEntity
  8
F.Cu
  6
CONTINUOUS
100
AcDbLine
 10
41.2974849999999947
 20
-32.7684080000000009
 30
0
 11
41.1865919999999974
 21
-32.6575149999999965
 31
0
  0
LINE
  5
28E
330
1B
100
AcDbEntity
  8
F.Cu
  6
CONTINUOUS
100
AcDbLine
 10
41.1865919999999974
 20
-32.6575149999999965
 30
0
 11
41.0994630000000001
 21
-32.5271169999999969
 31
0
  0
LINE
  5
28F
330
1B
100
AcDbEntity
  8
F.Cu
  6
CONTINUOUS
100
AcDbLine
 10
41.0994630000000001
 20
-32.5271169999999969
 30
0
 11
41.0394480000000001
 21
-32.3822279999999978
 31
0
  0
LINE
  5
290
330
1B
100
AcDbEntity
  8
F.Cu
  6
CONTINUOUS
100
AcDbLine
 10
41.0394480000000001
 20
-32.3822279999999978
 30
0
 11
41.0088519999999974
 21
-32.2284140000000008
 31
0
  0
LINE
  5
291
330
1B
100
AcDbEntity
  8
F.Cu
  6
CONTINUOUS
100
AcDbLine
 10
41.0088519999999974
 20
-32.2284140000000008
 30
0
 11
41.0049999999999955
 21
-32.1499999999999986
 31
0
  0
LINE
  5
292
330
1B
100
AcDbEntity
  8
F.Cu
  6
CONTINUOUS
100
AcDbLine
 10
41.0049999999999955
 20
-32.1499999999999986
 30
0
 11
41.0049999999999955
 21
-31.3499999999999979
 31
0
  0
LINE
  5
293
330
1B
100
AcDbEntity
  8
F.Cu
  6
CONTINUOUS
100
AcDbLine
 10
41.0049999999999955
 20
-31.3499999999999979
 30
0
 11
41.0088519999999974
 21
-31.2715859999999992
 31
0
  0
LINE
  5
294
330
1B
100
AcDbEntity
  8
F.Cu
  6
CONTINUOUS
100
AcDbLine
 10
41.0088519999999974
 20
-31.2715859999999992
 30
0
 11
41.0394480000000001
 21
-31.1177719999999987
 31
0
  0
LINE
  5
295
330
1B
100
AcDbEntity
  8
F.Cu
  6
CONTINUOUS
100
AcDbLine
 10
41.0394480000000001
 20
-31.1177719999999987
 30
0
 11
41.0994630000000001
 21
-30.9728829999999995
 31
0
  0
LINE
  5
296
330
1B
100
AcDbEntity
  8
F.Cu
  6
CONTINUOUS
100
AcDbLine
 10
41.0994630000000001
 20
-30.9728829999999995
 30
0
 11
41.1865919999999974
 21
-30.8424849999999999
 31
0
  0
LINE
  5
297
330
1B
100
AcDbEntity
  8
F.Cu
  6
CONTINUOUS
100
AcDbLine
 10
41.1865919999999974
 20
-30.8424849999999999
 30
0
 11
41.2974849999999947
 21
-30.7315919999999991
 31
0
  0
LINE
  5
298
330
1B
100
AcDbEntity
  8
F.Cu
  6
CONTINUOUS
100
AcDbLine
 10
41.2974849999999947
 20
-30.7315919999999991
 30
0
 11
41.4278830000000013
 21
-30.6444629999999982
 31
0
  0
LINE
  5
299
330
1B
100
AcDbEntity
  8
F.Cu
  6
CONTINUOUS
100
AcDbLine
 10
41.4278830000000013
 20
-30.6444629999999982
 30
0
 11
41.5727720000000005
 21
-30.5844479999999983
 31
0
  0
LINE
  5
29A
330
1B
100
AcDbEntity
  8
F.Cu
  6
CONTINUOUS
100
AcDbLine
 10
41.5727720000000005
 20
-30.5844479999999983
 30
0
 11
41.7265859999999975
 21
-30.5538519999999991
 31
0
  0
LINE
  5
29B
330
1B
100
AcDbEntity
  8
F.Cu
  6
CONTINUOUS
100
AcDbLine
 10
41.7265859999999975
 20
-30.5538519999999991
 30
0
 11
41.8834139999999948
 21
-30.5538519999999991
 31
0
  0
LINE
  5
29C
330
1B
100
AcDbEntity
  8
F.Cu
  6
CONTINUOUS
100
AcDbLine
 10
41.8834139999999948
 20
-30.5538519999999991
 30
0
 11
42.0372279999999989
 21
-30.5844479999999983
 31
0
  0
LINE
  5
29D
330
1B
100
AcDbEntity
  8
F.Cu
  6
CONTINUOUS
100
AcDbLine
 10
44.5772279999999981
 20
-30.5844479999999983
 30
0
 11
44.7221169999999972
 21
-30.6444629999999982
 31
0
  0
LINE
  5
29E
330
1B
100
AcDbEntity
  8
F.Cu
  6
CONTINUOUS
100
AcDbLine
 10
44.7221169999999972
 20
-30.6444629999999982
 30
0
 11
44.8525149999999968
 21
-30.7315919999999991
 31
0
  0
LINE
  5
29F
330
1B
100
AcDbEntity
  8
F.Cu
  6
CONTINUOUS
100
AcDbLine
 10
44.8525149999999968
 20
-30.7315919999999991
 30
0
 11
44.9634080000000012
 21
-30.8424849999999999
 31
0
  0
LINE
  5
2A0
330
1B
100
AcDbEntity
  8
F.Cu
  6
CONTINUOUS
100
AcDbLine
 10
44.9634080000000012
 20
-30.8424849999999999
 30
0
 11
45.0505369999999985
 21
-30.9728829999999995
 31
0
  0
LINE
  5
2A1
330
1B
100
AcDbEntity
  8
F.Cu
  6
CONTINUOUS
100
AcDbLine
 10
45.0505369999999985
 20
-30.9728829999999995
 30
0
 11
45.1105519999999984
 21
-31.1177719999999987
 31
0
  0
LINE
  5
2A2
330
1B
100
AcDbEntity
  8
F.Cu
  6
CONTINUOUS
100
AcDbLine
 10
45.1105519999999984
 20
-31.1177719999999987
 30
0
 11
45.1411480000000012
 21
-31.2715859999999992
 31
0
  0
LINE
  5
2A3
330
1B
100
AcDbEntity
  8
F.Cu
  6
CONTINUOUS
100
AcDbLine
 10
45.1411480000000012
 20
-31.2715859999999992
 30
0
 11
45.144999999999996
 21
-31.3499999999999979
 31
0
  0
LINE
  5
2A4
330
1B
100
AcDbEntity
  8
F.Cu
  6
CONTINUOUS
100
AcDbLine
 10
45.144999999999996
 20
-31.3499999999999979
 30
0
 11
45.144999999999996
 21
-32.1499999999999986
 31
0
  0
LINE
  5
2A5
330
1B
100
AcDbEntity
  8
F.Cu
  6
CONTINUOUS
100
AcDbLine
 10
45.144999999999996
 20
-32.1499999999999986
 30
0
 11
45.1411480000000012
 21
-32.2284140000000008
 31
0
  0
LINE
  5
2A6
330
1B
100
AcDbEntity
  8
F.Cu
  6
CONTINUOUS
100
AcDbLine
 10
45.1411480000000012
 20
-32.2284140000000008
 30
0
 11
45.1105519999999984
 21
-32.3822279999999978
 31
0
  0
LINE
  5
2A7
330
1B
100
AcDbEntity
  8
F.Cu
  6
CONTINUOUS
100
AcDbLine
 10
45.1105519999999984
 20
-32.3822279999999978
 30
0
 11
45.0505369999999985
 21
-32.5271169999999969
 31
0
  0
LINE
  5
2A8
330
1B
100
AcDbEntity
  8
F.Cu
  6
CONTINUOUS
100
AcDbLine
 10
45.0505369999999985
 20
-32.5271169999999969
 30
0
 11
44.9634080000000012
 21
-32.6575149999999965
 31
0
  0
LINE
  5
2A9
330
1B
100
AcDbEntity
  8
F.Cu
  6
CONTINUOUS
100
AcDbLine
 10
44.9634080000000012
 20
-32.6575149999999965
 30
0
 11
44.8525149999999968
 21
-32.7684080000000009
 31
0
  0
LINE
  5
2AA
330
1B
100
AcDbEntity
  8
F.Cu
  6
CONTINUOUS
100
AcDbLine
 10
44.8525149999999968
 20
-32.7684080000000009
 30
0
 11
44.7221169999999972
 21
-32.8555369999999982
 31
0
  0
LINE
  5
2AB
330
1B
100
AcDbEntity
  8
F.Cu
  6
CONTINUOUS
100
AcDbLine
 10
44.7221169999999972
 20
-32.8555369999999982
 30
0
 11
44.5772279999999981
 21
-32.9155519999999981
 31
0
  0
LINE
  5
2AC
330
1B
100
AcDbEntity
  8
F.Cu
  6
CONTINUOUS
100
AcDbLine
 10
44.5772279999999981
 20
-32.9155519999999981
 30
0
 11
44.4234140000000011
 21
-32.9461480000000009
 31
0
  0
LINE
  5
2AD
330
1B
100
AcDbEntity
  8
F.Cu
  6
CONTINUOUS
100
AcDbLine
 10
44.4234140000000011
 20
-32.9461480000000009
 30
0
 11
44.2665859999999967
 21
-32.9461480000000009
 31
0
  0
LINE
  5
2AE
330
1B
100
AcDbEntity
  8
F.Cu
  6
CONTINUOUS
100
AcDbLine
 10
44.2665859999999967
 20
-32.9461480000000009
 30
0
 11
44.1127719999999997
 21
-32.9155519999999981
 31
0
  0
LINE
  5
2AF
330
1B
100
AcDbEntity
  8
F.Cu
  6
CONTINUOUS
100
AcDbLine
 10
44.1127719999999997
 20
-32.9155519999999981
 30
0
 11
43.9678830000000005
 21
-32.8555369999999982
 31
0
  0
LINE
  5
2B0
330
1B
100
AcDbEntity
  8
F.Cu
  6
CONTINUOUS
100
AcDbLine
 10
43.9678830000000005
 20
-32.8555369999999982
 30
0
 11
43.8374850000000009
 21
-32.7684080000000009
 31
0
  0
LINE
  5
2B1
330
1B
100
AcDbEntity
  8
F.Cu
  6
CONTINUOUS
100
AcDbLine
 10
43.8374850000000009
 20
-32.7684080000000009
 30
0
 11
43.7265919999999966
 21
-32.6575149999999965
 31
0
  0
LINE
  5
2B2
330
1B
100
AcDbEntity
  8
F.Cu
  6
CONTINUOUS
100
AcDbLine
 10
43.7265919999999966
 20
-32.6575149999999965
 30
0
 11
43.6394629999999992
 21
-32.5271169999999969
 31
0
  0
LINE
  5
2B3
330
1B
100
AcDbEntity
  8
F.Cu
  6
CONTINUOUS
100
AcDbLine
 10
43.6394629999999992
 20
-32.5271169999999969
 30
0
 11
43.5794479999999993
 21
-32.3822279999999978
 31
0
  0
LINE
  5
2B4
330
1B
100
AcDbEntity
  8
F.Cu
  6
CONTINUOUS
100
AcDbLine
 10
43.5794479999999993
 20
-32.3822279999999978
 30
0
 11
43.5488519999999966
 21
-32.2284140000000008
 31
0
  0
LINE
  5
2B5
330
1B
100
AcDbEntity
  8
F.Cu
  6
CONTINUOUS
100
AcDbLine
 10
43.5488519999999966
 20
-32.2284140000000008
 30
0
 11
43.5449999999999946
 21
-32.1499999999999986
 31
0
  0
LINE
  5
2B6
330
1B
100
AcDbEntity
  8
F.Cu
  6
CONTINUOUS
100
AcDbLine
 10
43.5449999999999946
 20
-32.1499999999999986
 30
0
 11
43.5449999999999946
 21
-31.3499999999999979
 31
0
  0
LINE
  5
2B7
330
1B
100
AcDbEntity
  8
F.Cu
  6
CONTINUOUS
100
AcDbLine
 10
43.5449999999999946
 20
-31.3499999999999979
 30
0
 11
43.5488519999999966
 21
-31.2715859999999992
 31
0
  0
LINE
  5
2B8
330
1B
100
AcDbEntity
  8
F.Cu
  6
CONTINUOUS
100
AcDbLine
 10
43.5488519999999966
 20
-31.2715859999999992
 30
0
 11
43.5794479999999993
 21
-31.1177719999999987
 31
0
  0
LINE
  5
2B9
330
1B
100
AcDbEntity
  8
F.Cu
  6
CONTINUOUS
100
AcDbLine
 10
43.5794479999999993
 20
-31.1177719999999987
 30
0
 11
43.6394629999999992
 21
-30.9728829999999995
 31
0
  0
LINE
  5
2BA
330
1B
100
AcDbEntity
  8
F.Cu
  6
CONTINUOUS
100
AcDbLine
 10
43.6394629999999992
 20
-30.9728829999999995
 30
0
 11
43.7265919999999966
 21
-30.8424849999999999
 31
0
  0
LINE
  5
2BB
330
1B
100
AcDbEntity
  8
F.Cu
  6
CONTINUOUS
100
AcDbLine
 10
43.7265919999999966
 20
-30.8424849999999999
 30
0
 11
43.8374850000000009
 21
-30.7315919999999991
 31
0
  0
LINE
  5
2BC
330
1B
100
AcDbEntity
  8
F.Cu
  6
CONTINUOUS
100
AcDbLine
 10
43.8374850000000009
 20
-30.7315919999999991
 30
0
 11
43.9678830000000005
 21
-30.6444629999999982
 31
0
  0
LINE
  5
2BD
330
1B
100
AcDbEntity
  8
F.Cu
  6
CONTINUOUS
100
AcDbLine
 10
43.9678830000000005
 20
-30.6444629999999982
 30
0
 11
44.1127719999999997
 21
-30.5844479999999983
 31
0
  0
LINE
  5
2BE
330
1B
100
AcDbEntity
  8
F.Cu
  6
CONTINUOUS
100
AcDbLine
 10
44.1127719999999997
 20
-30.5844479999999983
 30
0
 11
44.2665859999999967
 21
-30.5538519999999991
 31
0
  0
LINE
  5
2BF
330
1B
100
AcDbEntity
  8
F.Cu
  6
CONTINUOUS
100
AcDbLine
 10
44.2665859999999967
 20
-30.5538519999999991
 30
0
 11
44.4234140000000011
 21
-30.5538519999999991
 31
0
  0
LINE
  5
2C0
330
1B
100
AcDbEntity
  8
F.Cu
  6
CONTINUOUS
100
AcDbLine
 10
44.4234140000000011
 20
-30.5538519999999991
 30
0
 11
44.5772279999999981
 21
-30.5844479999999983
 31
0
  0
LINE
  5
2C1
330
1B
100
AcDbEntity
  8
F.Cu
  6
CONTINUOUS
100
AcDbLine
 10
47.1172279999999972
 20
-30.5844479999999983
 30
0
 11
47.2621169999999964
 21
-30.6444629999999982
 31
0
  0
LINE
  5
2C2
330
1B
100
AcDbEntity
  8
F.Cu
  6
CONTINUOUS
100
AcDbLine
 10
47.2621169999999964
 20
-30.6444629999999982
 30
0
 11
47.392514999999996
 21
-30.7315919999999991
 31
0
  0
LINE
  5
2C3
330
1B
100
AcDbEntity
  8
F.Cu
  6
CONTINUOUS
100
AcDbLine
 10
47.392514999999996
 20
-30.7315919999999991
 30
0
 11
47.5034080000000003
 21
-30.8424849999999999
 31
0
  0
LINE
  5
2C4
330
1B
100
AcDbEntity
  8
F.Cu
  6
CONTINUOUS
100
AcDbLine
 10
47.5034080000000003
 20
-30.8424849999999999
 30
0
 11
47.5905369999999976
 21
-30.9728829999999995
 31
0
  0
LINE
  5
2C5
330
1B
100
AcDbEntity
  8
F.Cu
  6
CONTINUOUS
100
AcDbLine
 10
47.5905369999999976
 20
-30.9728829999999995
 30
0
 11
47.6505519999999976
 21
-31.1177719999999987
 31
0
  0
LINE
  5
2C6
330
1B
100
AcDbEntity
  8
F.Cu
  6
CONTINUOUS
100
AcDbLine
 10
47.6505519999999976
 20
-31.1177719999999987
 30
0
 11
47.6811480000000003
 21
-31.2715859999999992
 31
0
  0
LINE
  5
2C7
330
1B
100
AcDbEntity
  8
F.Cu
  6
CONTINUOUS
100
AcDbLine
 10
47.6811480000000003
 20
-31.2715859999999992
 30
0
 11
47.6849999999999952
 21
-31.3499999999999979
 31
0
  0
LINE
  5
2C8
330
1B
100
AcDbEntity
  8
F.Cu
  6
CONTINUOUS
100
AcDbLine
 10
47.6849999999999952
 20
-31.3499999999999979
 30
0
 11
47.6849999999999952
 21
-32.1499999999999986
 31
0
  0
LINE
  5
2C9
330
1B
100
AcDbEntity
  8
F.Cu
  6
CONTINUOUS
100
AcDbLine
 10
47.6849999999999952
 20
-32.1499999999999986
 30
0
 11
47.6811480000000003
 21
-32.2284140000000008
 31
0
  0
LINE
  5
2CA
330
1B
100
AcDbEntity
  8
F.Cu
  6
CONTINUOUS
100
AcDbLine
 10
47.6811480000000003
 20
-32.2284140000000008
 30
0
 11
47.6505519999999976
 21
-32.3822279999999978
 31
0
  0
LINE
  5
2CB
330
1B
100
AcDbEntity
  8
F.Cu
  6
CONTINUOUS
100
AcDbLine
 10
47.6505519999999976
 20
-32.3822279999999978
 30
0
 11
47.5905369999999976
 21
-32.5271169999999969
 31
0
  0
LINE
  5
2CC
330
1B
100
AcDbEntity
  8
F.Cu
  6
CONTINUOUS
100
AcDbLine
 10
47.5905369999999976
 20
-32.5271169999999969
 30
0
 11
47.5034080000000003
 21
-32.6575149999999965
 31
0
  0
LINE
  5
2CD
330
1B
100
AcDbEntity
  8
F.Cu
  6
CONTINUOUS
100
AcDbLine
 10
47.5034080000000003
 20
-32.6575149999999965
 30
0
 11
47.392514999999996
 21
-32.7684080000000009
 31
0
  0
LINE
  5
2CE
330
1B
100
AcDbEntity
  8
F.Cu
  6
CONTINUOUS
100
AcDbLine
 10
47.392514999999996
 20
-32.7684080000000009
 30
0
 11
47.2621169999999964
 21
-32.8555369999999982
 31
0
  0
LINE
  5
2CF
330
1B
100
AcDbEntity
  8
F.Cu
  6
CONTINUOUS
100
AcDbLine
 10
47.2621169999999964
 20
-32.8555369999999982
 30
0
 11
47.1172279999999972
 21
-32.9155519999999981
 31
0
  0
LINE
  5
2D0
330
1B
100
AcDbEntity
  8
F.Cu
  6
CONTINUOUS
100
AcDbLine
 10
47.1172279999999972
 20
-32.9155519999999981
 30
0
 11
46.9634140000000002
 21
-32.9461480000000009
 31
0
  0
LINE
  5
2D1
330
1B
100
AcDbEntity
  8
F.Cu
  6
CONTINUOUS
100
AcDbLine
 10
46.9634140000000002
 20
-32.9461480000000009
 30
0
 11
46.8065859999999958
 21
-32.9461480000000009
 31
0
  0
LINE
  5
2D2
330
1B
100
AcDbEntity
  8
F.Cu
  6
CONTINUOUS
100
AcDbLine
 10
46.8065859999999958
 20
-32.9461480000000009
 30
0
 11
46.6527719999999988
 21
-32.9155519999999981
 31
0
  0
LINE
  5
2D3
330
1B
100
AcDbEntity
  8
F.Cu
  6
CONTINUOUS
100
AcDbLine
 10
46.6527719999999988
 20
-32.9155519999999981
 30
0
 11
46.5078829999999996
 21
-32.8555369999999982
 31
0
  0
LINE
  5
2D4
330
1B
100
AcDbEntity
  8
F.Cu
  6
CONTINUOUS
100
AcDbLine
 10
46.5078829999999996
 20
-32.8555369999999982
 30
0
 11
46.3774850000000001
 21
-32.7684080000000009
 31
0
  0
LINE
  5
2D5
330
1B
100
AcDbEntity
  8
F.Cu
  6
CONTINUOUS
100
AcDbLine
 10
46.3774850000000001
 20
-32.7684080000000009
 30
0
 11
46.2665919999999957
 21
-32.6575149999999965
 31
0
  0
LINE
  5
2D6
330
1B
100
AcDbEntity
  8
F.Cu
  6
CONTINUOUS
100
AcDbLine
 10
46.2665919999999957
 20
-32.6575149999999965
 30
0
 11
46.1794629999999984
 21
-32.5271169999999969
 31
0
  0
LINE
  5
2D7
330
1B
100
AcDbEntity
  8
F.Cu
  6
CONTINUOUS
100
AcDbLine
 10
46.1794629999999984
 20
-32.5271169999999969
 30
0
 11
46.1194479999999984
 21
-32.3822279999999978
 31
0
  0
LINE
  5
2D8
330
1B
100
AcDbEntity
  8
F.Cu
  6
CONTINUOUS
100
AcDbLine
 10
46.1194479999999984
 20
-32.3822279999999978
 30
0
 11
46.0888519999999957
 21
-32.2284140000000008
 31
0
  0
LINE
  5
2D9
330
1B
100
AcDbEntity
  8
F.Cu
  6
CONTINUOUS
100
AcDbLine
 10
46.0888519999999957
 20
-32.2284140000000008
 30
0
 11
46.0850000000000009
 21
-32.1499999999999986
 31
0
  0
LINE
  5
2DA
330
1B
100
AcDbEntity
  8
F.Cu
  6
CONTINUOUS
100
AcDbLine
 10
46.0850000000000009
 20
-32.1499999999999986
 30
0
 11
46.0850000000000009
 21
-31.3499999999999979
 31
0
  0
LINE
  5
2DB
330
1B
100
AcDbEntity
  8
F.Cu
  6
CONTINUOUS
100
AcDbLine
 10
46.0850000000000009
 20
-31.3499999999999979
 30
0
 11
46.0888519999999957
 21
-31.2715859999999992
 31
0
  0
LINE
  5
2DC
330
1B
100
AcDbEntity
  8
F.Cu
  6
CONTINUOUS
100
AcDbLine
 10
46.0888519999999957
 20
-31.2715859999999992
 30
0
 11
46.1194479999999984
 21
-31.1177719999999987
 31
0
  0
LINE
  5
2DD
330
1B
100
AcDbEntity
  8
F.Cu
  6
CONTINUOUS
100
AcDbLine
 10
46.1194479999999984
 20
-31.1177719999999987
 30
0
 11
46.1794629999999984
 21
-30.9728829999999995
 31
0
  0
LINE
  5
2DE
330
1B
100
AcDbEntity
  8
F.Cu
  6
CONTINUOUS
100
AcDbLine
 10
46.1794629999999984
 20
-30.9728829999999995
 30
0
 11
46.2665919999999957
 21
-30.8424849999999999
 31
0
  0
LINE
  5
2DF
330
1B
100
AcDbEntity
  8
F.Cu
  6
CONTINUOUS
100
AcDbLine
 10
46.2665919999999957
 20
-30.8424849999999999
 30
0
 11
46.3774850000000001
 21
-30.7315919999999991
 31
0
  0
LINE
  5
2E0
330
1B
100
AcDbEntity
  8
F.Cu
  6
CONTINUOUS
100
AcDbLine
 10
46.3774850000000001
 20
-30.7315919999999991
 30
0
 11
46.5078829999999996
 21
-30.6444629999999982
 31
0
  0
LINE
  5
2E1
330
1B
100
AcDbEntity
  8
F.Cu
  6
CONTINUOUS
100
AcDbLine
 10
46.5078829999999996
 20
-30.6444629999999982
 30
0
 11
46.6527719999999988
 21
-30.5844479999999983
 31
0
  0
LINE
  5
2E2
330
1B
100
AcDbEntity
  8
F.Cu
  6
CONTINUOUS
100
AcDbLine
 10
46.6527719999999988
 20
-30.5844479999999983
 30
0
 11
46.8065859999999958
 21
-30.5538519999999991
 31
0
  0
LINE
  5
2E3
330
1B
100
AcDbEntity
  8
F.Cu
  6
CONTINUOUS
100
AcDbLine
 10
46.8065859999999958
 20
-30.5538519999999991
 30
0
 11
46.9634140000000002
 21
-30.5538519999999991
 31
0
  0
LINE
  5
2E4
330
1B
100
AcDbEntity
  8
F.Cu
  6
CONTINUOUS
100
AcDbLine
 10
46.9634140000000002
 20
-30.5538519999999991
 30
0
 11
47.1172279999999972
 21
-30.5844479999999983
 31
0
  0
LINE
  5
2E5
330
1B
100
AcDbEntity
  8
F.Cu
  6
CONTINUOUS
100
AcDbLine
 10
49.6572279999999964
 20
-30.5844479999999983
 30
0
 11
49.8021169999999955
 21
-30.6444629999999982
 31
0
  0
LINE
  5
2E6
330
1B
100
AcDbEntity
  8
F.Cu
  6
CONTINUOUS
100
AcDbLine
 10
49.8021169999999955
 20
-30.6444629999999982
 30
0
 11
49.9325149999999951
 21
-30.7315919999999991
 31
0
  0
LINE
  5
2E7
330
1B
100
AcDbEntity
  8
F.Cu
  6
CONTINUOUS
100
AcDbLine
 10
49.9325149999999951
 20
-30.7315919999999991
 30
0
 11
50.0434079999999994
 21
-30.8424849999999999
 31
0
  0
LINE
  5
2E8
330
1B
100
AcDbEntity
  8
F.Cu
  6
CONTINUOUS
100
AcDbLine
 10
50.0434079999999994
 20
-30.8424849999999999
 30
0
 11
50.1305369999999968
 21
-30.9728829999999995
 31
0
  0
LINE
  5
2E9
330
1B
100
AcDbEntity
  8
F.Cu
  6
CONTINUOUS
100
AcDbLine
 10
50.1305369999999968
 20
-30.9728829999999995
 30
0
 11
50.1905519999999967
 21
-31.1177719999999987
 31
0
  0
LINE
  5
2EA
330
1B
100
AcDbEntity
  8
F.Cu
  6
CONTINUOUS
100
AcDbLine
 10
50.1905519999999967
 20
-31.1177719999999987
 30
0
 11
50.2211479999999995
 21
-31.2715859999999992
 31
0
  0
LINE
  5
2EB
330
1B
100
AcDbEntity
  8
F.Cu
  6
CONTINUOUS
100
AcDbLine
 10
50.2211479999999995
 20
-31.2715859999999992
 30
0
 11
50.2249999999999943
 21
-31.3499999999999979
 31
0
  0
LINE
  5
2EC
330
1B
100
AcDbEntity
  8
F.Cu
  6
CONTINUOUS
100
AcDbLine
 10
50.2249999999999943
 20
-31.3499999999999979
 30
0
 11
50.2249999999999943
 21
-32.1499999999999986
 31
0
  0
LINE
  5
2ED
330
1B
100
AcDbEntity
  8
F.Cu
  6
CONTINUOUS
100
AcDbLine
 10
50.2249999999999943
 20
-32.1499999999999986
 30
0
 11
50.2211479999999995
 21
-32.2284140000000008
 31
0
  0
LINE
  5
2EE
330
1B
100
AcDbEntity
  8
F.Cu
  6
CONTINUOUS
100
AcDbLine
 10
50.2211479999999995
 20
-32.2284140000000008
 30
0
 11
50.1905519999999967
 21
-32.3822279999999978
 31
0
  0
LINE
  5
2EF
330
1B
100
AcDbEntity
  8
F.Cu
  6
CONTINUOUS
100
AcDbLine
 10
50.1905519999999967
 20
-32.3822279999999978
 30
0
 11
50.1305369999999968
 21
-32.5271169999999969
 31
0
  0
LINE
  5
2F0
330
1B
100
AcDbEntity
  8
F.Cu
  6
CONTINUOUS
100
AcDbLine
 10
50.1305369999999968
 20
-32.5271169999999969
 30
0
 11
50.0434079999999994
 21
-32.6575149999999965
 31
0
  0
LINE
  5
2F1
330
1B
100
AcDbEntity
  8
F.Cu
  6
CONTINUOUS
100
AcDbLine
 10
50.0434079999999994
 20
-32.6575149999999965
 30
0
 11
49.9325149999999951
 21
-32.7684080000000009
 31
0
  0
LINE
  5
2F2
330
1B
100
AcDbEntity
  8
F.Cu
  6
CONTINUOUS
100
AcDbLine
 10
49.9325149999999951
 20
-32.7684080000000009
 30
0
 11
49.8021169999999955
 21
-32.8555369999999982
 31
0
  0
LINE
  5
2F3
330
1B
100
AcDbEntity
  8
F.Cu
  6
CONTINUOUS
100
AcDbLine
 10
49.8021169999999955
 20
-32.8555369999999982
 30
0
 11
49.6572279999999964
 21
-32.9155519999999981
 31
0
  0
LINE
  5
2F4
330
1B
100
AcDbEntity
  8
F.Cu
  6
CONTINUOUS
100
AcDbLine
 10
49.6572279999999964
 20
-32.9155519999999981
 30
0
 11
49.5034139999999994
 21
-32.9461480000000009
 31
0
  0
LINE
  5
2F5
330
1B
100
AcDbEntity
  8
F.Cu
  6
CONTINUOUS
100
AcDbLine
 10
49.5034139999999994
 20
-32.9461480000000009
 30
0
 11
49.346585999999995
 21
-32.9461480000000009
 31
0
  0
LINE
  5
2F6
330
1B
100
AcDbEntity
  8
F.Cu
  6
CONTINUOUS
100
AcDbLine
 10
49.346585999999995
 20
-32.9461480000000009
 30
0
 11
49.1927719999999979
 21
-32.9155519999999981
 31
0
  0
LINE
  5
2F7
330
1B
100
AcDbEntity
  8
F.Cu
  6
CONTINUOUS
100
AcDbLine
 10
49.1927719999999979
 20
-32.9155519999999981
 30
0
 11
49.0478829999999988
 21
-32.8555369999999982
 31
0
  0
LINE
  5
2F8
330
1B
100
AcDbEntity
  8
F.Cu
  6
CONTINUOUS
100
AcDbLine
 10
49.0478829999999988
 20
-32.8555369999999982
 30
0
 11
48.9174849999999992
 21
-32.7684080000000009
 31
0
  0
LINE
  5
2F9
330
1B
100
AcDbEntity
  8
F.Cu
  6
CONTINUOUS
100
AcDbLine
 10
48.9174849999999992
 20
-32.7684080000000009
 30
0
 11
48.8065919999999949
 21
-32.6575149999999965
 31
0
  0
LINE
  5
2FA
330
1B
100
AcDbEntity
  8
F.Cu
  6
CONTINUOUS
100
AcDbLine
 10
48.8065919999999949
 20
-32.6575149999999965
 30
0
 11
48.7194629999999975
 21
-32.5271169999999969
 31
0
  0
LINE
  5
2FB
330
1B
100
AcDbEntity
  8
F.Cu
  6
CONTINUOUS
100
AcDbLine
 10
48.7194629999999975
 20
-32.5271169999999969
 30
0
 11
48.6594479999999976
 21
-32.3822279999999978
 31
0
  0
LINE
  5
2FC
330
1B
100
AcDbEntity
  8
F.Cu
  6
CONTINUOUS
100
AcDbLine
 10
48.6594479999999976
 20
-32.3822279999999978
 30
0
 11
48.6288519999999949
 21
-32.2284140000000008
 31
0
  0
LINE
  5
2FD
330
1B
100
AcDbEntity
  8
F.Cu
  6
CONTINUOUS
100
AcDbLine
 10
48.6288519999999949
 20
-32.2284140000000008
 30
0
 11
48.625
 21
-32.1499999999999986
 31
0
  0
LINE
  5
2FE
330
1B
100
AcDbEntity
  8
F.Cu
  6
CONTINUOUS
100
AcDbLine
 10
48.625
 20
-32.1499999999999986
 30
0
 11
48.625
 21
-31.3499999999999979
 31
0
  0
LINE
  5
2FF
330
1B
100
AcDbEntity
  8
F.Cu
  6
CONTINUOUS
100
AcDbLine
 10
48.625
 20
-31.3499999999999979
 30
0
 11
48.6288519999999949
 21
-31.2715859999999992
 31
0
  0
LINE
  5
300
330
1B
100
AcDbEntity
  8
F.Cu
  6
CONTINUOUS
100
AcDbLine
 10
48.6288519999999949
 20
-31.2715859999999992
 30
0
 11
48.6594479999999976
 21
-31.1177719999999987
 31
0
  0
LINE
  5
301
330
1B
100
AcDbEntity
  8
F.Cu
  6
CONTINUOUS
100
AcDbLine
 10
48.6594479999999976
 20
-31.1177719999999987
 30
0
 11
48.7194629999999975
 21
-30.9728829999999995
 31
0
  0
LINE
  5
302
330
1B
100
AcDbEntity
  8
F.Cu
  6
CONTINUOUS
100
AcDbLine
 10
48.7194629999999975
 20
-30.9728829999999995
 30
0
 11
48.8065919999999949
 21
-30.8424849999999999
 31
0
  0
LINE
  5
303
330
1B
100
AcDbEntity
  8
F.Cu
  6
CONTINUOUS
100
AcDbLine
 10
48.8065919999999949
 20
-30.8424849999999999
 30
0
 11
48.9174849999999992
 21
-30.7315919999999991
 31
0
  0
LINE
  5
304
330
1B
100
AcDbEntity
  8
F.Cu
  6
CONTINUOUS
100
AcDbLine
 10
48.9174849999999992
 20
-30.7315919999999991
 30
0
 11
49.0478829999999988
 21
-30.6444629999999982
 31
0
  0
LINE
  5
305
330
1B
100
AcDbEntity
  8
F.Cu
  6
CONTINUOUS
100
AcDbLine
 10
49.0478829999999988
 20
-30.6444629999999982
 30
0
 11
49.1927719999999979
 21
-30.5844479999999983
 31
0
  0
LINE
  5
306
330
1B
100
AcDbEntity
  8
F.Cu
  6
CONTINUOUS
100
AcDbLine
 10
49.1927719999999979
 20
-30.5844479999999983
 30
0
 11
49.346585999999995
 21
-30.5538519999999991
 31
0
  0
LINE
  5
307
330
1B
100
AcDbEntity
  8
F.Cu
  6
CONTINUOUS
100
AcDbLine
 10
49.346585999999995
 20
-30.5538519999999991
 30
0
 11
49.5034139999999994
 21
-30.5538519999999991
 31
0
  0
LINE
  5
308
330
1B
100
AcDbEntity
  8
F.Cu
  6
CONTINUOUS
100
AcDbLine
 10
49.5034139999999994
 20
-30.5538519999999991
 30
0
 11
49.6572279999999964
 21
-30.5844479999999983
 31
0
  0
LINE
  5
309
330
1B
100
AcDbEntity
  8
F.Cu
  6
CONTINUOUS
100
AcDbLine
 10
52.1972279999999955
 20
-30.5844479999999983
 30
0
 11
52.3421169999999947
 21
-30.6444629999999982
 31
0
  0
LINE
  5
30A
330
1B
100
AcDbEntity
  8
F.Cu
  6
CONTINUOUS
100
AcDbLine
 10
52.3421169999999947
 20
-30.6444629999999982
 30
0
 11
52.4725149999999942
 21
-30.7315919999999991
 31
0
  0
LINE
  5
30B
330
1B
100
AcDbEntity
  8
F.Cu
  6
CONTINUOUS
100
AcDbLine
 10
52.4725149999999942
 20
-30.7315919999999991
 30
0
 11
52.5834079999999986
 21
-30.8424849999999999
 31
0
  0
LINE
  5
30C
330
1B
100
AcDbEntity
  8
F.Cu
  6
CONTINUOUS
100
AcDbLine
 10
52.5834079999999986
 20
-30.8424849999999999
 30
0
 11
52.6705369999999959
 21
-30.9728829999999995
 31
0
  0
LINE
  5
30D
330
1B
100
AcDbEntity
  8
F.Cu
  6
CONTINUOUS
100
AcDbLine
 10
52.6705369999999959
 20
-30.9728829999999995
 30
0
 11
52.7305519999999959
 21
-31.1177719999999987
 31
0
  0
LINE
  5
30E
330
1B
100
AcDbEntity
  8
F.Cu
  6
CONTINUOUS
100
AcDbLine
 10
52.7305519999999959
 20
-31.1177719999999987
 30
0
 11
52.7611479999999986
 21
-31.2715859999999992
 31
0
  0
LINE
  5
30F
330
1B
100
AcDbEntity
  8
F.Cu
  6
CONTINUOUS
100
AcDbLine
 10
52.7611479999999986
 20
-31.2715859999999992
 30
0
 11
52.7650000000000006
 21
-31.3499999999999979
 31
0
  0
LINE
  5
310
330
1B
100
AcDbEntity
  8
F.Cu
  6
CONTINUOUS
100
AcDbLine
 10
52.7650000000000006
 20
-31.3499999999999979
 30
0
 11
52.7650000000000006
 21
-32.1499999999999986
 31
0
  0
LINE
  5
311
330
1B
100
AcDbEntity
  8
F.Cu
  6
CONTINUOUS
100
AcDbLine
 10
52.7650000000000006
 20
-32.1499999999999986
 30
0
 11
52.7611479999999986
 21
-32.2284140000000008
 31
0
  0
LINE
  5
312
330
1B
100
AcDbEntity
  8
F.Cu
  6
CONTINUOUS
100
AcDbLine
 10
52.7611479999999986
 20
-32.2284140000000008
 30
0
 11
52.7305519999999959
 21
-32.3822279999999978
 31
0
  0
LINE
  5
313
330
1B
100
AcDbEntity
  8
F.Cu
  6
CONTINUOUS
100
AcDbLine
 10
52.7305519999999959
 20
-32.3822279999999978
 30
0
 11
52.6705369999999959
 21
-32.5271169999999969
 31
0
  0
LINE
  5
314
330
1B
100
AcDbEntity
  8
F.Cu
  6
CONTINUOUS
100
AcDbLine
 10
52.6705369999999959
 20
-32.5271169999999969
 30
0
 11
52.5834079999999986
 21
-32.6575149999999965
 31
0
  0
LINE
  5
315
330
1B
100
AcDbEntity
  8
F.Cu
  6
CONTINUOUS
100
AcDbLine
 10
52.5834079999999986
 20
-32.6575149999999965
 30
0
 11
52.4725149999999942
 21
-32.7684080000000009
 31
0
  0
LINE
  5
316
330
1B
100
AcDbEntity
  8
F.Cu
  6
CONTINUOUS
100
AcDbLine
 10
52.4725149999999942
 20
-32.7684080000000009
 30
0
 11
52.3421169999999947
 21
-32.8555369999999982
 31
0
  0
LINE
  5
317
330
1B
100
AcDbEntity
  8
F.Cu
  6
CONTINUOUS
100
AcDbLine
 10
52.3421169999999947
 20
-32.8555369999999982
 30
0
 11
52.1972279999999955
 21
-32.9155519999999981
 31
0
  0
LINE
  5
318
330
1B
100
AcDbEntity
  8
F.Cu
  6
CONTINUOUS
100
AcDbLine
 10
52.1972279999999955
 20
-32.9155519999999981
 30
0
 11
52.0434139999999985
 21
-32.9461480000000009
 31
0
  0
LINE
  5
319
330
1B
100
AcDbEntity
  8
F.Cu
  6
CONTINUOUS
100
AcDbLine
 10
52.0434139999999985
 20
-32.9461480000000009
 30
0
 11
51.8865859999999941
 21
-32.9461480000000009
 31
0
  0
LINE
  5
31A
330
1B
100
AcDbEntity
  8
F.Cu
  6
CONTINUOUS
100
AcDbLine
 10
51.8865859999999941
 20
-32.9461480000000009
 30
0
 11
51.7327719999999971
 21
-32.9155519999999981
 31
0
  0
LINE
  5
31B
330
1B
100
AcDbEntity
  8
F.Cu
  6
CONTINUOUS
100
AcDbLine
 10
51.7327719999999971
 20
-32.9155519999999981
 30
0
 11
51.5878829999999979
 21
-32.8555369999999982
 31
0
  0
LINE
  5
31C
330
1B
100
AcDbEntity
  8
F.Cu
  6
CONTINUOUS
100
AcDbLine
 10
51.5878829999999979
 20
-32.8555369999999982
 30
0
 11
51.4574849999999984
 21
-32.7684080000000009
 31
0
  0
LINE
  5
31D
330
1B
100
AcDbEntity
  8
F.Cu
  6
CONTINUOUS
100
AcDbLine
 10
51.4574849999999984
 20
-32.7684080000000009
 30
0
 11
51.3465920000000011
 21
-32.6575149999999965
 31
0
  0
LINE
  5
31E
330
1B
100
AcDbEntity
  8
F.Cu
  6
CONTINUOUS
100
AcDbLine
 10
51.3465920000000011
 20
-32.6575149999999965
 30
0
 11
51.2594629999999967
 21
-32.5271169999999969
 31
0
  0
LINE
  5
31F
330
1B
100
AcDbEntity
  8
F.Cu
  6
CONTINUOUS
100
AcDbLine
 10
51.2594629999999967
 20
-32.5271169999999969
 30
0
 11
51.1994479999999967
 21
-32.3822279999999978
 31
0
  0
LINE
  5
320
330
1B
100
AcDbEntity
  8
F.Cu
  6
CONTINUOUS
100
AcDbLine
 10
51.1994479999999967
 20
-32.3822279999999978
 30
0
 11
51.1688520000000011
 21
-32.2284140000000008
 31
0
  0
LINE
  5
321
330
1B
100
AcDbEntity
  8
F.Cu
  6
CONTINUOUS
100
AcDbLine
 10
51.1688520000000011
 20
-32.2284140000000008
 30
0
 11
51.1649999999999991
 21
-32.1499999999999986
 31
0
  0
LINE
  5
322
330
1B
100
AcDbEntity
  8
F.Cu
  6
CONTINUOUS
100
AcDbLine
 10
51.1649999999999991
 20
-32.1499999999999986
 30
0
 11
51.1649999999999991
 21
-31.3499999999999979
 31
0
  0
LINE
  5
323
330
1B
100
AcDbEntity
  8
F.Cu
  6
CONTINUOUS
100
AcDbLine
 10
51.1649999999999991
 20
-31.3499999999999979
 30
0
 11
51.1688520000000011
 21
-31.2715859999999992
 31
0
  0
LINE
  5
324
330
1B
100
AcDbEntity
  8
F.Cu
  6
CONTINUOUS
100
AcDbLine
 10
51.1688520000000011
 20
-31.2715859999999992
 30
0
 11
51.1994479999999967
 21
-31.1177719999999987
 31
0
  0
LINE
  5
325
330
1B
100
AcDbEntity
  8
F.Cu
  6
CONTINUOUS
100
AcDbLine
 10
51.1994479999999967
 20
-31.1177719999999987
 30
0
 11
51.2594629999999967
 21
-30.9728829999999995
 31
0
  0
LINE
  5
326
330
1B
100
AcDbEntity
  8
F.Cu
  6
CONTINUOUS
100
AcDbLine
 10
51.2594629999999967
 20
-30.9728829999999995
 30
0
 11
51.3465920000000011
 21
-30.8424849999999999
 31
0
  0
LINE
  5
327
330
1B
100
AcDbEntity
  8
F.Cu
  6
CONTINUOUS
100
AcDbLine
 10
51.3465920000000011
 20
-30.8424849999999999
 30
0
 11
51.4574849999999984
 21
-30.7315919999999991
 31
0
  0
LINE
  5
328
330
1B
100
AcDbEntity
  8
F.Cu
  6
CONTINUOUS
100
AcDbLine
 10
51.4574849999999984
 20
-30.7315919999999991
 30
0
 11
51.5878829999999979
 21
-30.6444629999999982
 31
0
  0
LINE
  5
329
330
1B
100
AcDbEntity
  8
F.Cu
  6
CONTINUOUS
100
AcDbLine
 10
51.5878829999999979
 20
-30.6444629999999982
 30
0
 11
51.7327719999999971
 21
-30.5844479999999983
 31
0
  0
LINE
  5
32A
330
1B
100
AcDbEntity
  8
F.Cu
  6
CONTINUOUS
100
AcDbLine
 10
51.7327719999999971
 20
-30.5844479999999983
 30
0
 11
51.8865859999999941
 21
-30.5538519999999991
 31
0
  0
LINE
  5
32B
330
1B
100
AcDbEntity
  8
F.Cu
  6
CONTINUOUS
100
AcDbLine
 10
51.8865859999999941
 20
-30.5538519999999991
 30
0
 11
52.0434139999999985
 21
-30.5538519999999991
 31
0
  0
LINE
  5
32C
330
1B
100
AcDbEntity
  8
F.Cu
  6
CONTINUOUS
100
AcDbLine
 10
52.0434139999999985
 20
-30.5538519999999991
 30
0
 11
52.1972279999999955
 21
-30.5844479999999983
 31
0
  0
LINE
  5
32D
330
1B
100
AcDbEntity
  8
F.Cu
  6
CONTINUOUS
100
AcDbLine
 10
54.7372279999999947
 20
-30.5844479999999983
 30
0
 11
54.8821170000000009
 21
-30.6444629999999982
 31
0
  0
LINE
  5
32E
330
1B
100
AcDbEntity
  8
F.Cu
  6
CONTINUOUS
100
AcDbLine
 10
54.8821170000000009
 20
-30.6444629999999982
 30
0
 11
55.0125150000000005
 21
-30.7315919999999991
 31
0
  0
LINE
  5
32F
330
1B
100
AcDbEntity
  8
F.Cu
  6
CONTINUOUS
100
AcDbLine
 10
55.0125150000000005
 20
-30.7315919999999991
 30
0
 11
55.1234079999999977
 21
-30.8424849999999999
 31
0
  0
LINE
  5
330
330
1B
100
AcDbEntity
  8
F.Cu
  6
CONTINUOUS
100
AcDbLine
 10
55.1234079999999977
 20
-30.8424849999999999
 30
0
 11
55.2105369999999951
 21
-30.9728829999999995
 31
0
  0
LINE
  5
331
330
1B
100
AcDbEntity
  8
F.Cu
  6
CONTINUOUS
100
AcDbLine
 10
55.2105369999999951
 20
-30.9728829999999995
 30
0
 11
55.270551999999995
 21
-31.1177719999999987
 31
0
  0
LINE
  5
332
330
1B
100
AcDbEntity
  8
F.Cu
  6
CONTINUOUS
100
AcDbLine
 10
55.270551999999995
 20
-31.1177719999999987
 30
0
 11
55.3011479999999978
 21
-31.2715859999999992
 31
0
  0
LINE
  5
333
330
1B
100
AcDbEntity
  8
F.Cu
  6
CONTINUOUS
100
AcDbLine
 10
55.3011479999999978
 20
-31.2715859999999992
 30
0
 11
55.3049999999999997
 21
-31.3499999999999979
 31
0
  0
LINE
  5
334
330
1B
100
AcDbEntity
  8
F.Cu
  6
CONTINUOUS
100
AcDbLine
 10
55.3049999999999997
 20
-31.3499999999999979
 30
0
 11
55.3049999999999997
 21
-32.1499999999999986
 31
0
  0
LINE
  5
335
330
1B
100
AcDbEntity
  8
F.Cu
  6
CONTINUOUS
100
AcDbLine
 10
55.3049999999999997
 20
-32.1499999999999986
 30
0
 11
55.3011479999999978
 21
-32.2284140000000008
 31
0
  0
LINE
  5
336
330
1B
100
AcDbEntity
  8
F.Cu
  6
CONTINUOUS
100
AcDbLine
 10
55.3011479999999978
 20
-32.2284140000000008
 30
0
 11
55.270551999999995
 21
-32.3822279999999978
 31
0
  0
LINE
  5
337
330
1B
100
AcDbEntity
  8
F.Cu
  6
CONTINUOUS
100
AcDbLine
 10
55.270551999999995
 20
-32.3822279999999978
 30
0
 11
55.2105369999999951
 21
-32.5271169999999969
 31
0
  0
LINE
  5
338
330
1B
100
AcDbEntity
  8
F.Cu
  6
CONTINUOUS
100
AcDbLine
 10
55.2105369999999951
 20
-32.5271169999999969
 30
0
 11
55.1234079999999977
 21
-32.6575149999999965
 31
0
  0
LINE
  5
339
330
1B
100
AcDbEntity
  8
F.Cu
  6
CONTINUOUS
100
AcDbLine
 10
55.1234079999999977
 20
-32.6575149999999965
 30
0
 11
55.0125150000000005
 21
-32.7684080000000009
 31
0
  0
LINE
  5
33A
330
1B
100
AcDbEntity
  8
F.Cu
  6
CONTINUOUS
100
AcDbLine
 10
55.0125150000000005
 20
-32.7684080000000009
 30
0
 11
54.8821170000000009
 21
-32.8555369999999982
 31
0
  0
LINE
  5
33B
330
1B
100
AcDbEntity
  8
F.Cu
  6
CONTINUOUS
100
AcDbLine
 10
54.8821170000000009
 20
-32.8555369999999982
 30
0
 11
54.7372279999999947
 21
-32.9155519999999981
 31
0
  0
LINE
  5
33C
330
1B
100
AcDbEntity
  8
F.Cu
  6
CONTINUOUS
100
AcDbLine
 10
54.7372279999999947
 20
-32.9155519999999981
 30
0
 11
54.5834139999999977
 21
-32.9461480000000009
 31
0
  0
LINE
  5
33D
330
1B
100
AcDbEntity
  8
F.Cu
  6
CONTINUOUS
100
AcDbLine
 10
54.5834139999999977
 20
-32.9461480000000009
 30
0
 11
54.4265860000000004
 21
-32.9461480000000009
 31
0
  0
LINE
  5
33E
330
1B
100
AcDbEntity
  8
F.Cu
  6
CONTINUOUS
100
AcDbLine
 10
54.4265860000000004
 20
-32.9461480000000009
 30
0
 11
54.2727719999999962
 21
-32.9155519999999981
 31
0
  0
LINE
  5
33F
330
1B
100
AcDbEntity
  8
F.Cu
  6
CONTINUOUS
100
AcDbLine
 10
54.2727719999999962
 20
-32.9155519999999981
 30
0
 11
54.1278829999999971
 21
-32.8555369999999982
 31
0
  0
LINE
  5
340
330
1B
100
AcDbEntity
  8
F.Cu
  6
CONTINUOUS
100
AcDbLine
 10
54.1278829999999971
 20
-32.8555369999999982
 30
0
 11
53.9974849999999975
 21
-32.7684080000000009
 31
0
  0
LINE
  5
341
330
1B
100
AcDbEntity
  8
F.Cu
  6
CONTINUOUS
100
AcDbLine
 10
53.9974849999999975
 20
-32.7684080000000009
 30
0
 11
53.8865920000000003
 21
-32.6575149999999965
 31
0
  0
LINE
  5
342
330
1B
100
AcDbEntity
  8
F.Cu
  6
CONTINUOUS
100
AcDbLine
 10
53.8865920000000003
 20
-32.6575149999999965
 30
0
 11
53.7994629999999958
 21
-32.5271169999999969
 31
0
  0
LINE
  5
343
330
1B
100
AcDbEntity
  8
F.Cu
  6
CONTINUOUS
100
AcDbLine
 10
53.7994629999999958
 20
-32.5271169999999969
 30
0
 11
53.7394479999999959
 21
-32.3822279999999978
 31
0
  0
LINE
  5
344
330
1B
100
AcDbEntity
  8
F.Cu
  6
CONTINUOUS
100
AcDbLine
 10
53.7394479999999959
 20
-32.3822279999999978
 30
0
 11
53.7088520000000003
 21
-32.2284140000000008
 31
0
  0
LINE
  5
345
330
1B
100
AcDbEntity
  8
F.Cu
  6
CONTINUOUS
100
AcDbLine
 10
53.7088520000000003
 20
-32.2284140000000008
 30
0
 11
53.7049999999999983
 21
-32.1499999999999986
 31
0
  0
LINE
  5
346
330
1B
100
AcDbEntity
  8
F.Cu
  6
CONTINUOUS
100
AcDbLine
 10
53.7049999999999983
 20
-32.1499999999999986
 30
0
 11
53.7049999999999983
 21
-31.3499999999999979
 31
0
  0
LINE
  5
347
330
1B
100
AcDbEntity
  8
F.Cu
  6
CONTINUOUS
100
AcDbLine
 10
53.7049999999999983
 20
-31.3499999999999979
 30
0
 11
53.7088520000000003
 21
-31.2715859999999992
 31
0
  0
LINE
  5
348
330
1B
100
AcDbEntity
  8
F.Cu
  6
CONTINUOUS
100
AcDbLine
 10
53.7088520000000003
 20
-31.2715859999999992
 30
0
 11
53.7394479999999959
 21
-31.1177719999999987
 31
0
  0
LINE
  5
349
330
1B
100
AcDbEntity
  8
F.Cu
  6
CONTINUOUS
100
AcDbLine
 10
53.7394479999999959
 20
-31.1177719999999987
 30
0
 11
53.7994629999999958
 21
-30.9728829999999995
 31
0
  0
LINE
  5
34A
330
1B
100
AcDbEntity
  8
F.Cu
  6
CONTINUOUS
100
AcDbLine
 10
53.7994629999999958
 20
-30.9728829999999995
 30
0
 11
53.8865920000000003
 21
-30.8424849999999999
 31
0
  0
LINE
  5
34B
330
1B
100
AcDbEntity
  8
F.Cu
  6
CONTINUOUS
100
AcDbLine
 10
53.8865920000000003
 20
-30.8424849999999999
 30
0
 11
53.9974849999999975
 21
-30.7315919999999991
 31
0
  0
LINE
  5
34C
330
1B
100
AcDbEntity
  8
F.Cu
  6
CONTINUOUS
100
AcDbLine
 10
53.9974849999999975
 20
-30.7315919999999991
 30
0
 11
54.1278829999999971
 21
-30.6444629999999982
 31
0
  0
LINE
  5
34D
330
1B
100
AcDbEntity
  8
F.Cu
  6
CONTINUOUS
100
AcDbLine
 10
54.1278829999999971
 20
-30.6444629999999982
 30
0
 11
54.2727719999999962
 21
-30.5844479999999983
 31
0
  0
LINE
  5
34E
330
1B
100
AcDbEntity
  8
F.Cu
  6
CONTINUOUS
100
AcDbLine
 10
54.2727719999999962
 20
-30.5844479999999983
 30
0
 11
54.4265860000000004
 21
-30.5538519999999991
 31
0
  0
LINE
  5
34F
330
1B
100
AcDbEntity
  8
F.Cu
  6
CONTINUOUS
100
AcDbLine
 10
54.4265860000000004
 20
-30.5538519999999991
 30
0
 11
54.5834139999999977
 21
-30.5538519999999991
 31
0
  0
LINE
  5
350
330
1B
100
AcDbEntity
  8
F.Cu
  6
CONTINUOUS
100
AcDbLine
 10
54.5834139999999977
 20
-30.5538519999999991
 30
0
 11
54.7372279999999947
 21
-30.5844479999999983
 31
0
  0
LINE
  5
351
330
1B
100
AcDbEntity
  8
F.Cu
  6
CONTINUOUS
100
AcDbLine
 10
24.4734139999999982
 20
-30.888852
 30
0
 11
24.6272279999999988
 21
-30.9194479999999992
 31
0
  0
LINE
  5
352
330
1B
100
AcDbEntity
  8
F.Cu
  6
CONTINUOUS
100
AcDbLine
 10
24.6272279999999988
 20
-30.9194479999999992
 30
0
 11
24.7721169999999979
 21
-30.9794629999999991
 31
0
  0
LINE
  5
353
330
1B
100
AcDbEntity
  8
F.Cu
  6
CONTINUOUS
100
AcDbLine
 10
24.7721169999999979
 20
-30.9794629999999991
 30
0
 11
24.9025149999999975
 21
-31.066592
 31
0
  0
LINE
  5
354
330
1B
100
AcDbEntity
  8
F.Cu
  6
CONTINUOUS
100
AcDbLine
 10
24.9025149999999975
 20
-31.066592
 30
0
 11
25.0134079999999983
 21
-31.1774849999999972
 31
0
  0
LINE
  5
355
330
1B
100
AcDbEntity
  8
F.Cu
  6
CONTINUOUS
100
AcDbLine
 10
25.0134079999999983
 20
-31.1774849999999972
 30
0
 11
25.1005369999999992
 21
-31.3078830000000004
 31
0
  0
LINE
  5
356
330
1B
100
AcDbEntity
  8
F.Cu
  6
CONTINUOUS
100
AcDbLine
 10
25.1005369999999992
 20
-31.3078830000000004
 30
0
 11
25.1605519999999991
 21
-31.4527719999999995
 31
0
  0
LINE
  5
357
330
1B
100
AcDbEntity
  8
F.Cu
  6
CONTINUOUS
100
AcDbLine
 10
25.1605519999999991
 20
-31.4527719999999995
 30
0
 11
25.1911479999999983
 21
-31.6065860000000001
 31
0
  0
LINE
  5
358
330
1B
100
AcDbEntity
  8
F.Cu
  6
CONTINUOUS
100
AcDbLine
 10
25.1911479999999983
 20
-31.6065860000000001
 30
0
 11
25.1911479999999983
 21
-31.7634139999999974
 31
0
  0
LINE
  5
359
330
1B
100
AcDbEntity
  8
F.Cu
  6
CONTINUOUS
100
AcDbLine
 10
25.1911479999999983
 20
-31.7634139999999974
 30
0
 11
25.1605519999999991
 21
-31.9172279999999979
 31
0
  0
LINE
  5
35A
330
1B
100
AcDbEntity
  8
F.Cu
  6
CONTINUOUS
100
AcDbLine
 10
25.1605519999999991
 20
-31.9172279999999979
 30
0
 11
25.1005369999999992
 21
-32.0621170000000006
 31
0
  0
LINE
  5
35B
330
1B
100
AcDbEntity
  8
F.Cu
  6
CONTINUOUS
100
AcDbLine
 10
25.1005369999999992
 20
-32.0621170000000006
 30
0
 11
25.0134079999999983
 21
-32.1925150000000002
 31
0
  0
LINE
  5
35C
330
1B
100
AcDbEntity
  8
F.Cu
  6
CONTINUOUS
100
AcDbLine
 10
25.0134079999999983
 20
-32.1925150000000002
 30
0
 11
24.9025149999999975
 21
-32.3034079999999975
 31
0
  0
LINE
  5
35D
330
1B
100
AcDbEntity
  8
F.Cu
  6
CONTINUOUS
100
AcDbLine
 10
24.9025149999999975
 20
-32.3034079999999975
 30
0
 11
24.7721169999999979
 21
-32.3905370000000019
 31
0
  0
LINE
  5
35E
330
1B
100
AcDbEntity
  8
F.Cu
  6
CONTINUOUS
100
AcDbLine
 10
24.7721169999999979
 20
-32.3905370000000019
 30
0
 11
24.6272279999999988
 21
-32.4505520000000018
 31
0
  0
LINE
  5
35F
330
1B
100
AcDbEntity
  8
F.Cu
  6
CONTINUOUS
100
AcDbLine
 10
24.6272279999999988
 20
-32.4505520000000018
 30
0
 11
24.4734139999999982
 21
-32.4811479999999975
 31
0
  0
LINE
  5
360
330
1B
100
AcDbEntity
  8
F.Cu
  6
CONTINUOUS
100
AcDbLine
 10
24.4734139999999982
 20
-32.4811479999999975
 30
0
 11
24.3949999999999996
 21
-32.4849999999999994
 31
0
  0
LINE
  5
361
330
1B
100
AcDbEntity
  8
F.Cu
  6
CONTINUOUS
100
AcDbLine
 10
24.3949999999999996
 20
-32.4849999999999994
 30
0
 11
23.5949999999999989
 21
-32.4849999999999994
 31
0
  0
LINE
  5
362
330
1B
100
AcDbEntity
  8
F.Cu
  6
CONTINUOUS
100
AcDbLine
 10
23.5949999999999989
 20
-32.4849999999999994
 30
0
 11
23.5165860000000002
 21
-32.4811479999999975
 31
0
  0
LINE
  5
363
330
1B
100
AcDbEntity
  8
F.Cu
  6
CONTINUOUS
100
AcDbLine
 10
23.5165860000000002
 20
-32.4811479999999975
 30
0
 11
23.3627719999999997
 21
-32.4505520000000018
 31
0
  0
LINE
  5
364
330
1B
100
AcDbEntity
  8
F.Cu
  6
CONTINUOUS
100
AcDbLine
 10
23.3627719999999997
 20
-32.4505520000000018
 30
0
 11
23.2178830000000005
 21
-32.3905370000000019
 31
0
  0
LINE
  5
365
330
1B
100
AcDbEntity
  8
F.Cu
  6
CONTINUOUS
100
AcDbLine
 10
23.2178830000000005
 20
-32.3905370000000019
 30
0
 11
23.0874849999999974
 21
-32.3034079999999975
 31
0
  0
LINE
  5
366
330
1B
100
AcDbEntity
  8
F.Cu
  6
CONTINUOUS
100
AcDbLine
 10
23.0874849999999974
 20
-32.3034079999999975
 30
0
 11
22.9765920000000001
 21
-32.1925150000000002
 31
0
  0
LINE
  5
367
330
1B
100
AcDbEntity
  8
F.Cu
  6
CONTINUOUS
100
AcDbLine
 10
22.9765920000000001
 20
-32.1925150000000002
 30
0
 11
22.8894629999999992
 21
-32.0621170000000006
 31
0
  0
LINE
  5
368
330
1B
100
AcDbEntity
  8
F.Cu
  6
CONTINUOUS
100
AcDbLine
 10
22.8894629999999992
 20
-32.0621170000000006
 30
0
 11
22.8294479999999993
 21
-31.9172279999999979
 31
0
  0
LINE
  5
369
330
1B
100
AcDbEntity
  8
F.Cu
  6
CONTINUOUS
100
AcDbLine
 10
22.8294479999999993
 20
-31.9172279999999979
 30
0
 11
22.7988520000000001
 21
-31.7634139999999974
 31
0
  0
LINE
  5
36A
330
1B
100
AcDbEntity
  8
F.Cu
  6
CONTINUOUS
100
AcDbLine
 10
22.7988520000000001
 20
-31.7634139999999974
 30
0
 11
22.7988520000000001
 21
-31.6065860000000001
 31
0
  0
LINE
  5
36B
330
1B
100
AcDbEntity
  8
F.Cu
  6
CONTINUOUS
100
AcDbLine
 10
22.7988520000000001
 20
-31.6065860000000001
 30
0
 11
22.8294479999999993
 21
-31.4527719999999995
 31
0
  0
LINE
  5
36C
330
1B
100
AcDbEntity
  8
F.Cu
  6
CONTINUOUS
100
AcDbLine
 10
22.8294479999999993
 20
-31.4527719999999995
 30
0
 11
22.8894629999999992
 21
-31.3078830000000004
 31
0
  0
LINE
  5
36D
330
1B
100
AcDbEntity
  8
F.Cu
  6
CONTINUOUS
100
AcDbLine
 10
22.8894629999999992
 20
-31.3078830000000004
 30
0
 11
22.9765920000000001
 21
-31.1774849999999972
 31
0
  0
LINE
  5
36E
330
1B
100
AcDbEntity
  8
F.Cu
  6
CONTINUOUS
100
AcDbLine
 10
22.9765920000000001
 20
-31.1774849999999972
 30
0
 11
23.0874849999999974
 21
-31.066592
 31
0
  0
LINE
  5
36F
330
1B
100
AcDbEntity
  8
F.Cu
  6
CONTINUOUS
100
AcDbLine
 10
23.0874849999999974
 20
-31.066592
 30
0
 11
23.2178830000000005
 21
-30.9794629999999991
 31
0
  0
LINE
  5
370
330
1B
100
AcDbEntity
  8
F.Cu
  6
CONTINUOUS
100
AcDbLine
 10
23.2178830000000005
 20
-30.9794629999999991
 30
0
 11
23.3627719999999997
 21
-30.9194479999999992
 31
0
  0
LINE
  5
371
330
1B
100
AcDbEntity
  8
F.Cu
  6
CONTINUOUS
100
AcDbLine
 10
23.3627719999999997
 20
-30.9194479999999992
 30
0
 11
23.5165860000000002
 21
-30.888852
 31
0
  0
LINE
  5
372
330
1B
100
AcDbEntity
  8
F.Cu
  6
CONTINUOUS
100
AcDbLine
 10
23.5165860000000002
 20
-30.888852
 30
0
 11
23.5949999999999989
 21
-30.884999999999998
 31
0
  0
LINE
  5
373
330
1B
100
AcDbEntity
  8
F.Cu
  6
CONTINUOUS
100
AcDbLine
 10
23.5949999999999989
 20
-30.884999999999998
 30
0
 11
24.3949999999999996
 21
-30.884999999999998
 31
0
  0
LINE
  5
374
330
1B
100
AcDbEntity
  8
F.Cu
  6
CONTINUOUS
100
AcDbLine
 10
24.3949999999999996
 20
-30.884999999999998
 30
0
 11
24.4734139999999982
 21
-30.888852
 31
0
  0
LINE
  5
375
330
1B
100
AcDbEntity
  8
F.Cu
  6
CONTINUOUS
100
AcDbLine
 10
32.0934139999999957
 20
-30.888852
 30
0
 11
32.2472279999999998
 21
-30.9194479999999992
 31
0
  0
LINE
  5
376
330
1B
100
AcDbEntity
  8
F.Cu
  6
CONTINUOUS
100
AcDbLine
 10
32.2472279999999998
 20
-30.9194479999999992
 30
0
 11
32.3921169999999989
 21
-30.9794629999999991
 31
0
  0
LINE
  5
377
330
1B
100
AcDbEntity
  8
F.Cu
  6
CONTINUOUS
100
AcDbLine
 10
32.3921169999999989
 20
-30.9794629999999991
 30
0
 11
32.5225149999999985
 21
-31.066592
 31
0
  0
LINE
  5
378
330
1B
100
AcDbEntity
  8
F.Cu
  6
CONTINUOUS
100
AcDbLine
 10
32.5225149999999985
 20
-31.066592
 30
0
 11
32.6334079999999958
 21
-31.1774849999999972
 31
0
  0
LINE
  5
379
330
1B
100
AcDbEntity
  8
F.Cu
  6
CONTINUOUS
100
AcDbLine
 10
32.6334079999999958
 20
-31.1774849999999972
 30
0
 11
32.7205370000000002
 21
-31.3078830000000004
 31
0
  0
LINE
  5
37A
330
1B
100
AcDbEntity
  8
F.Cu
  6
CONTINUOUS
100
AcDbLine
 10
32.7205370000000002
 20
-31.3078830000000004
 30
0
 11
32.7805520000000001
 21
-31.4527719999999995
 31
0
  0
LINE
  5
37B
330
1B
100
AcDbEntity
  8
F.Cu
  6
CONTINUOUS
100
AcDbLine
 10
32.7805520000000001
 20
-31.4527719999999995
 30
0
 11
32.8111479999999958
 21
-31.6065860000000001
 31
0
  0
LINE
  5
37C
330
1B
100
AcDbEntity
  8
F.Cu
  6
CONTINUOUS
100
AcDbLine
 10
32.8111479999999958
 20
-31.6065860000000001
 30
0
 11
32.8111479999999958
 21
-31.7634139999999974
 31
0
  0
LINE
  5
37D
330
1B
100
AcDbEntity
  8
F.Cu
  6
CONTINUOUS
100
AcDbLine
 10
32.8111479999999958
 20
-31.7634139999999974
 30
0
 11
32.7805520000000001
 21
-31.9172279999999979
 31
0
  0
LINE
  5
37E
330
1B
100
AcDbEntity
  8
F.Cu
  6
CONTINUOUS
100
AcDbLine
 10
32.7805520000000001
 20
-31.9172279999999979
 30
0
 11
32.7205370000000002
 21
-32.0621170000000006
 31
0
  0
LINE
  5
37F
330
1B
100
AcDbEntity
  8
F.Cu
  6
CONTINUOUS
100
AcDbLine
 10
32.7205370000000002
 20
-32.0621170000000006
 30
0
 11
32.6334079999999958
 21
-32.1925150000000002
 31
0
  0
LINE
  5
380
330
1B
100
AcDbEntity
  8
F.Cu
  6
CONTINUOUS
100
AcDbLine
 10
32.6334079999999958
 20
-32.1925150000000002
 30
0
 11
32.5225149999999985
 21
-32.3034079999999975
 31
0
  0
LINE
  5
381
330
1B
100
AcDbEntity
  8
F.Cu
  6
CONTINUOUS
100
AcDbLine
 10
32.5225149999999985
 20
-32.3034079999999975
 30
0
 11
32.3921169999999989
 21
-32.3905370000000019
 31
0
  0
LINE
  5
382
330
1B
100
AcDbEntity
  8
F.Cu
  6
CONTINUOUS
100
AcDbLine
 10
32.3921169999999989
 20
-32.3905370000000019
 30
0
 11
32.2472279999999998
 21
-32.4505520000000018
 31
0
  0
LINE
  5
383
330
1B
100
AcDbEntity
  8
F.Cu
  6
CONTINUOUS
100
AcDbLine
 10
32.2472279999999998
 20
-32.4505520000000018
 30
0
 11
32.0934139999999957
 21
-32.4811479999999975
 31
0
  0
LINE
  5
384
330
1B
100
AcDbEntity
  8
F.Cu
  6
CONTINUOUS
100
AcDbLine
 10
32.0934139999999957
 20
-32.4811479999999975
 30
0
 11
32.0150000000000006
 21
-32.4849999999999994
 31
0
  0
LINE
  5
385
330
1B
100
AcDbEntity
  8
F.Cu
  6
CONTINUOUS
100
AcDbLine
 10
32.0150000000000006
 20
-32.4849999999999994
 30
0
 11
31.2149999999999999
 21
-32.4849999999999994
 31
0
  0
LINE
  5
386
330
1B
100
AcDbEntity
  8
F.Cu
  6
CONTINUOUS
100
AcDbLine
 10
31.2149999999999999
 20
-32.4849999999999994
 30
0
 11
31.1365859999999977
 21
-32.4811479999999975
 31
0
  0
LINE
  5
387
330
1B
100
AcDbEntity
  8
F.Cu
  6
CONTINUOUS
100
AcDbLine
 10
31.1365859999999977
 20
-32.4811479999999975
 30
0
 11
30.9827719999999971
 21
-32.4505520000000018
 31
0
  0
LINE
  5
388
330
1B
100
AcDbEntity
  8
F.Cu
  6
CONTINUOUS
100
AcDbLine
 10
30.9827719999999971
 20
-32.4505520000000018
 30
0
 11
30.8378829999999979
 21
-32.3905370000000019
 31
0
  0
LINE
  5
389
330
1B
100
AcDbEntity
  8
F.Cu
  6
CONTINUOUS
100
AcDbLine
 10
30.8378829999999979
 20
-32.3905370000000019
 30
0
 11
30.7074849999999984
 21
-32.3034079999999975
 31
0
  0
LINE
  5
38A
330
1B
100
AcDbEntity
  8
F.Cu
  6
CONTINUOUS
100
AcDbLine
 10
30.7074849999999984
 20
-32.3034079999999975
 30
0
 11
30.5965919999999976
 21
-32.1925150000000002
 31
0
  0
LINE
  5
38B
330
1B
100
AcDbEntity
  8
F.Cu
  6
CONTINUOUS
100
AcDbLine
 10
30.5965919999999976
 20
-32.1925150000000002
 30
0
 11
30.5094630000000002
 21
-32.0621170000000006
 31
0
  0
LINE
  5
38C
330
1B
100
AcDbEntity
  8
F.Cu
  6
CONTINUOUS
100
AcDbLine
 10
30.5094630000000002
 20
-32.0621170000000006
 30
0
 11
30.4494480000000003
 21
-31.9172279999999979
 31
0
  0
LINE
  5
38D
330
1B
100
AcDbEntity
  8
F.Cu
  6
CONTINUOUS
100
AcDbLine
 10
30.4494480000000003
 20
-31.9172279999999979
 30
0
 11
30.4188519999999976
 21
-31.7634139999999974
 31
0
  0
LINE
  5
38E
330
1B
100
AcDbEntity
  8
F.Cu
  6
CONTINUOUS
100
AcDbLine
 10
30.4188519999999976
 20
-31.7634139999999974
 30
0
 11
30.4188519999999976
 21
-31.6065860000000001
 31
0
  0
LINE
  5
38F
330
1B
100
AcDbEntity
  8
F.Cu
  6
CONTINUOUS
100
AcDbLine
 10
30.4188519999999976
 20
-31.6065860000000001
 30
0
 11
30.4494480000000003
 21
-31.4527719999999995
 31
0
  0
LINE
  5
390
330
1B
100
AcDbEntity
  8
F.Cu
  6
CONTINUOUS
100
AcDbLine
 10
30.4494480000000003
 20
-31.4527719999999995
 30
0
 11
30.5094630000000002
 21
-31.3078830000000004
 31
0
  0
LINE
  5
391
330
1B
100
AcDbEntity
  8
F.Cu
  6
CONTINUOUS
100
AcDbLine
 10
30.5094630000000002
 20
-31.3078830000000004
 30
0
 11
30.5965919999999976
 21
-31.1774849999999972
 31
0
  0
LINE
  5
392
330
1B
100
AcDbEntity
  8
F.Cu
  6
CONTINUOUS
100
AcDbLine
 10
30.5965919999999976
 20
-31.1774849999999972
 30
0
 11
30.7074849999999984
 21
-31.066592
 31
0
  0
LINE
  5
393
330
1B
100
AcDbEntity
  8
F.Cu
  6
CONTINUOUS
100
AcDbLine
 10
30.7074849999999984
 20
-31.066592
 30
0
 11
30.8378829999999979
 21
-30.9794629999999991
 31
0
  0
LINE
  5
394
330
1B
100
AcDbEntity
  8
F.Cu
  6
CONTINUOUS
100
AcDbLine
 10
30.8378829999999979
 20
-30.9794629999999991
 30
0
 11
30.9827719999999971
 21
-30.9194479999999992
 31
0
  0
LINE
  5
395
330
1B
100
AcDbEntity
  8
F.Cu
  6
CONTINUOUS
100
AcDbLine
 10
30.9827719999999971
 20
-30.9194479999999992
 30
0
 11
31.1365859999999977
 21
-30.888852
 31
0
  0
LINE
  5
396
330
1B
100
AcDbEntity
  8
F.Cu
  6
CONTINUOUS
100
AcDbLine
 10
31.1365859999999977
 20
-30.888852
 30
0
 11
31.2149999999999999
 21
-30.884999999999998
 31
0
  0
LINE
  5
397
330
1B
100
AcDbEntity
  8
F.Cu
  6
CONTINUOUS
100
AcDbLine
 10
31.2149999999999999
 20
-30.884999999999998
 30
0
 11
32.0150000000000006
 21
-30.884999999999998
 31
0
  0
LINE
  5
398
330
1B
100
AcDbEntity
  8
F.Cu
  6
CONTINUOUS
100
AcDbLine
 10
32.0150000000000006
 20
-30.884999999999998
 30
0
 11
32.0934139999999957
 21
-30.888852
 31
0
  0
LINE
  5
399
330
1B
100
AcDbEntity
  8
F.Cu
  6
CONTINUOUS
100
AcDbLine
 10
24.4734139999999982
 20
-28.3488519999999973
 30
0
 11
24.6272279999999988
 21
-28.379448
 31
0
  0
LINE
  5
39A
330
1B
100
AcDbEntity
  8
F.Cu
  6
CONTINUOUS
100
AcDbLine
 10
24.6272279999999988
 20
-28.379448
 30
0
 11
24.7721169999999979
 21
-28.4394629999999999
 31
0
  0
LINE
  5
39B
330
1B
100
AcDbEntity
  8
F.Cu
  6
CONTINUOUS
100
AcDbLine
 10
24.7721169999999979
 20
-28.4394629999999999
 30
0
 11
24.9025149999999975
 21
-28.5265919999999973
 31
0
  0
LINE
  5
39C
330
1B
100
AcDbEntity
  8
F.Cu
  6
CONTINUOUS
100
AcDbLine
 10
24.9025149999999975
 20
-28.5265919999999973
 30
0
 11
25.0134079999999983
 21
-28.6374849999999981
 31
0
  0
LINE
  5
39D
330
1B
100
AcDbEntity
  8
F.Cu
  6
CONTINUOUS
100
AcDbLine
 10
25.0134079999999983
 20
-28.6374849999999981
 30
0
 11
25.1005369999999992
 21
-28.7678829999999977
 31
0
  0
LINE
  5
39E
330
1B
100
AcDbEntity
  8
F.Cu
  6
CONTINUOUS
100
AcDbLine
 10
25.1005369999999992
 20
-28.7678829999999977
 30
0
 11
25.1605519999999991
 21
-28.9127720000000004
 31
0
  0
LINE
  5
39F
330
1B
100
AcDbEntity
  8
F.Cu
  6
CONTINUOUS
100
AcDbLine
 10
25.1605519999999991
 20
-28.9127720000000004
 30
0
 11
25.1911479999999983
 21
-29.0665859999999974
 31
0
  0
LINE
  5
3A0
330
1B
100
AcDbEntity
  8
F.Cu
  6
CONTINUOUS
100
AcDbLine
 10
25.1911479999999983
 20
-29.0665859999999974
 30
0
 11
25.1911479999999983
 21
-29.2234139999999982
 31
0
  0
LINE
  5
3A1
330
1B
100
AcDbEntity
  8
F.Cu
  6
CONTINUOUS
100
AcDbLine
 10
25.1911479999999983
 20
-29.2234139999999982
 30
0
 11
25.1605519999999991
 21
-29.3772279999999988
 31
0
  0
LINE
  5
3A2
330
1B
100
AcDbEntity
  8
F.Cu
  6
CONTINUOUS
100
AcDbLine
 10
25.1605519999999991
 20
-29.3772279999999988
 30
0
 11
25.1005369999999992
 21
-29.5221169999999979
 31
0
  0
LINE
  5
3A3
330
1B
100
AcDbEntity
  8
F.Cu
  6
CONTINUOUS
100
AcDbLine
 10
25.1005369999999992
 20
-29.5221169999999979
 30
0
 11
25.0134079999999983
 21
-29.6525149999999975
 31
0
  0
LINE
  5
3A4
330
1B
100
AcDbEntity
  8
F.Cu
  6
CONTINUOUS
100
AcDbLine
 10
25.0134079999999983
 20
-29.6525149999999975
 30
0
 11
24.9025149999999975
 21
-29.7634079999999983
 31
0
  0
LINE
  5
3A5
330
1B
100
AcDbEntity
  8
F.Cu
  6
CONTINUOUS
100
AcDbLine
 10
24.9025149999999975
 20
-29.7634079999999983
 30
0
 11
24.7721169999999979
 21
-29.8505369999999992
 31
0
  0
LINE
  5
3A6
330
1B
100
AcDbEntity
  8
F.Cu
  6
CONTINUOUS
100
AcDbLine
 10
24.7721169999999979
 20
-29.8505369999999992
 30
0
 11
24.6272279999999988
 21
-29.9105519999999991
 31
0
  0
LINE
  5
3A7
330
1B
100
AcDbEntity
  8
F.Cu
  6
CONTINUOUS
100
AcDbLine
 10
24.6272279999999988
 20
-29.9105519999999991
 30
0
 11
24.4734139999999982
 21
-29.9411479999999983
 31
0
  0
LINE
  5
3A8
330
1B
100
AcDbEntity
  8
F.Cu
  6
CONTINUOUS
100
AcDbLine
 10
24.4734139999999982
 20
-29.9411479999999983
 30
0
 11
24.3949999999999996
 21
-29.9450000000000003
 31
0
  0
LINE
  5
3A9
330
1B
100
AcDbEntity
  8
F.Cu
  6
CONTINUOUS
100
AcDbLine
 10
24.3949999999999996
 20
-29.9450000000000003
 30
0
 11
23.5949999999999989
 21
-29.9450000000000003
 31
0
  0
LINE
  5
3AA
330
1B
100
AcDbEntity
  8
F.Cu
  6
CONTINUOUS
100
AcDbLine
 10
23.5949999999999989
 20
-29.9450000000000003
 30
0
 11
23.5165860000000002
 21
-29.9411479999999983
 31
0
  0
LINE
  5
3AB
330
1B
100
AcDbEntity
  8
F.Cu
  6
CONTINUOUS
100
AcDbLine
 10
23.5165860000000002
 20
-29.9411479999999983
 30
0
 11
23.3627719999999997
 21
-29.9105519999999991
 31
0
  0
LINE
  5
3AC
330
1B
100
AcDbEntity
  8
F.Cu
  6
CONTINUOUS
100
AcDbLine
 10
23.3627719999999997
 20
-29.9105519999999991
 30
0
 11
23.2178830000000005
 21
-29.8505369999999992
 31
0
  0
LINE
  5
3AD
330
1B
100
AcDbEntity
  8
F.Cu
  6
CONTINUOUS
100
AcDbLine
 10
23.2178830000000005
 20
-29.8505369999999992
 30
0
 11
23.0874849999999974
 21
-29.7634079999999983
 31
0
  0
LINE
  5
3AE
330
1B
100
AcDbEntity
  8
F.Cu
  6
CONTINUOUS
100
AcDbLine
 10
23.0874849999999974
 20
-29.7634079999999983
 30
0
 11
22.9765920000000001
 21
-29.6525149999999975
 31
0
  0
LINE
  5
3AF
330
1B
100
AcDbEntity
  8
F.Cu
  6
CONTINUOUS
100
AcDbLine
 10
22.9765920000000001
 20
-29.6525149999999975
 30
0
 11
22.8894629999999992
 21
-29.5221169999999979
 31
0
  0
LINE
  5
3B0
330
1B
100
AcDbEntity
  8
F.Cu
  6
CONTINUOUS
100
AcDbLine
 10
22.8894629999999992
 20
-29.5221169999999979
 30
0
 11
22.8294479999999993
 21
-29.3772279999999988
 31
0
  0
LINE
  5
3B1
330
1B
100
AcDbEntity
  8
F.Cu
  6
CONTINUOUS
100
AcDbLine
 10
22.8294479999999993
 20
-29.3772279999999988
 30
0
 11
22.7988520000000001
 21
-29.2234139999999982
 31
0
  0
LINE
  5
3B2
330
1B
100
AcDbEntity
  8
F.Cu
  6
CONTINUOUS
100
AcDbLine
 10
22.7988520000000001
 20
-29.2234139999999982
 30
0
 11
22.7988520000000001
 21
-29.0665859999999974
 31
0
  0
LINE
  5
3B3
330
1B
100
AcDbEntity
  8
F.Cu
  6
CONTINUOUS
100
AcDbLine
 10
22.7988520000000001
 20
-29.0665859999999974
 30
0
 11
22.8294479999999993
 21
-28.9127720000000004
 31
0
  0
LINE
  5
3B4
330
1B
100
AcDbEntity
  8
F.Cu
  6
CONTINUOUS
100
AcDbLine
 10
22.8294479999999993
 20
-28.9127720000000004
 30
0
 11
22.8894629999999992
 21
-28.7678829999999977
 31
0
  0
LINE
  5
3B5
330
1B
100
AcDbEntity
  8
F.Cu
  6
CONTINUOUS
100
AcDbLine
 10
22.8894629999999992
 20
-28.7678829999999977
 30
0
 11
22.9765920000000001
 21
-28.6374849999999981
 31
0
  0
LINE
  5
3B6
330
1B
100
AcDbEntity
  8
F.Cu
  6
CONTINUOUS
100
AcDbLine
 10
22.9765920000000001
 20
-28.6374849999999981
 30
0
 11
23.0874849999999974
 21
-28.5265919999999973
 31
0
  0
LINE
  5
3B7
330
1B
100
AcDbEntity
  8
F.Cu
  6
CONTINUOUS
100
AcDbLine
 10
23.0874849999999974
 20
-28.5265919999999973
 30
0
 11
23.2178830000000005
 21
-28.4394629999999999
 31
0
  0
LINE
  5
3B8
330
1B
100
AcDbEntity
  8
F.Cu
  6
CONTINUOUS
100
AcDbLine
 10
23.2178830000000005
 20
-28.4394629999999999
 30
0
 11
23.3627719999999997
 21
-28.379448
 31
0
  0
LINE
  5
3B9
330
1B
100
AcDbEntity
  8
F.Cu
  6
CONTINUOUS
100
AcDbLine
 10
23.3627719999999997
 20
-28.379448
 30
0
 11
23.5165860000000002
 21
-28.3488519999999973
 31
0
  0
LINE
  5
3BA
330
1B
100
AcDbEntity
  8
F.Cu
  6
CONTINUOUS
100
AcDbLine
 10
23.5165860000000002
 20
-28.3488519999999973
 30
0
 11
23.5949999999999989
 21
-28.3449999999999989
 31
0
  0
LINE
  5
3BB
330
1B
100
AcDbEntity
  8
F.Cu
  6
CONTINUOUS
100
AcDbLine
 10
23.5949999999999989
 20
-28.3449999999999989
 30
0
 11
24.3949999999999996
 21
-28.3449999999999989
 31
0
  0
LINE
  5
3BC
330
1B
100
AcDbEntity
  8
F.Cu
  6
CONTINUOUS
100
AcDbLine
 10
24.3949999999999996
 20
-28.3449999999999989
 30
0
 11
24.4734139999999982
 21
-28.3488519999999973
 31
0
  0
LINE
  5
3BD
330
1B
100
AcDbEntity
  8
F.Cu
  6
CONTINUOUS
100
AcDbLine
 10
32.0934139999999957
 20
-28.3488519999999973
 30
0
 11
32.2472279999999998
 21
-28.379448
 31
0
  0
LINE
  5
3BE
330
1B
100
AcDbEntity
  8
F.Cu
  6
CONTINUOUS
100
AcDbLine
 10
32.2472279999999998
 20
-28.379448
 30
0
 11
32.3921169999999989
 21
-28.4394629999999999
 31
0
  0
LINE
  5
3BF
330
1B
100
AcDbEntity
  8
F.Cu
  6
CONTINUOUS
100
AcDbLine
 10
32.3921169999999989
 20
-28.4394629999999999
 30
0
 11
32.5225149999999985
 21
-28.5265919999999973
 31
0
  0
LINE
  5
3C0
330
1B
100
AcDbEntity
  8
F.Cu
  6
CONTINUOUS
100
AcDbLine
 10
32.5225149999999985
 20
-28.5265919999999973
 30
0
 11
32.6334079999999958
 21
-28.6374849999999981
 31
0
  0
LINE
  5
3C1
330
1B
100
AcDbEntity
  8
F.Cu
  6
CONTINUOUS
100
AcDbLine
 10
32.6334079999999958
 20
-28.6374849999999981
 30
0
 11
32.7205370000000002
 21
-28.7678829999999977
 31
0
  0
LINE
  5
3C2
330
1B
100
AcDbEntity
  8
F.Cu
  6
CONTINUOUS
100
AcDbLine
 10
32.7205370000000002
 20
-28.7678829999999977
 30
0
 11
32.7805520000000001
 21
-28.9127720000000004
 31
0
  0
LINE
  5
3C3
330
1B
100
AcDbEntity
  8
F.Cu
  6
CONTINUOUS
100
AcDbLine
 10
32.7805520000000001
 20
-28.9127720000000004
 30
0
 11
32.8111479999999958
 21
-29.0665859999999974
 31
0
  0
LINE
  5
3C4
330
1B
100
AcDbEntity
  8
F.Cu
  6
CONTINUOUS
100
AcDbLine
 10
32.8111479999999958
 20
-29.0665859999999974
 30
0
 11
32.8111479999999958
 21
-29.2234139999999982
 31
0
  0
LINE
  5
3C5
330
1B
100
AcDbEntity
  8
F.Cu
  6
CONTINUOUS
100
AcDbLine
 10
32.8111479999999958
 20
-29.2234139999999982
 30
0
 11
32.7805520000000001
 21
-29.3772279999999988
 31
0
  0
LINE
  5
3C6
330
1B
100
AcDbEntity
  8
F.Cu
  6
CONTINUOUS
100
AcDbLine
 10
32.7805520000000001
 20
-29.3772279999999988
 30
0
 11
32.7205370000000002
 21
-29.5221169999999979
 31
0
  0
LINE
  5
3C7
330
1B
100
AcDbEntity
  8
F.Cu
  6
CONTINUOUS
100
AcDbLine
 10
32.7205370000000002
 20
-29.5221169999999979
 30
0
 11
32.6334079999999958
 21
-29.6525149999999975
 31
0
  0
LINE
  5
3C8
330
1B
100
AcDbEntity
  8
F.Cu
  6
CONTINUOUS
100
AcDbLine
 10
32.6334079999999958
 20
-29.6525149999999975
 30
0
 11
32.5225149999999985
 21
-29.7634079999999983
 31
0
  0
LINE
  5
3C9
330
1B
100
AcDbEntity
  8
F.Cu
  6
CONTINUOUS
100
AcDbLine
 10
32.5225149999999985
 20
-29.7634079999999983
 30
0
 11
32.3921169999999989
 21
-29.8505369999999992
 31
0
  0
LINE
  5
3CA
330
1B
100
AcDbEntity
  8
F.Cu
  6
CONTINUOUS
100
AcDbLine
 10
32.3921169999999989
 20
-29.8505369999999992
 30
0
 11
32.2472279999999998
 21
-29.9105519999999991
 31
0
  0
LINE
  5
3CB
330
1B
100
AcDbEntity
  8
F.Cu
  6
CONTINUOUS
100
AcDbLine
 10
32.2472279999999998
 20
-29.9105519999999991
 30
0
 11
32.0934139999999957
 21
-29.9411479999999983
 31
0
  0
LINE
  5
3CC
330
1B
100
AcDbEntity
  8
F.Cu
  6
CONTINUOUS
100
AcDbLine
 10
32.0934139999999957
 20
-29.9411479999999983
 30
0
 11
32.0150000000000006
 21
-29.9450000000000003
 31
0
  0
LINE
  5
3CD
330
1B
100
AcDbEntity
  8
F.Cu
  6
CONTINUOUS
100
AcDbLine
 10
32.0150000000000006
 20
-29.9450000000000003
 30
0
 11
31.2149999999999999
 21
-29.9450000000000003
 31
0
  0
LINE
  5
3CE
330
1B
100
AcDbEntity
  8
F.Cu
  6
CONTINUOUS
100
AcDbLine
 10
31.2149999999999999
 20
-29.9450000000000003
 30
0
 11
31.1365859999999977
 21
-29.9411479999999983
 31
0
  0
LINE
  5
3CF
330
1B
100
AcDbEntity
  8
F.Cu
  6
CONTINUOUS
100
AcDbLine
 10
31.1365859999999977
 20
-29.9411479999999983
 30
0
 11
30.9827719999999971
 21
-29.9105519999999991
 31
0
  0
LINE
  5
3D0
330
1B
100
AcDbEntity
  8
F.Cu
  6
CONTINUOUS
100
AcDbLine
 10
30.9827719999999971
 20
-29.9105519999999991
 30
0
 11
30.8378829999999979
 21
-29.8505369999999992
 31
0
  0
LINE
  5
3D1
330
1B
100
AcDbEntity
  8
F.Cu
  6
CONTINUOUS
100
AcDbLine
 10
30.8378829999999979
 20
-29.8505369999999992
 30
0
 11
30.7074849999999984
 21
-29.7634079999999983
 31
0
  0
LINE
  5
3D2
330
1B
100
AcDbEntity
  8
F.Cu
  6
CONTINUOUS
100
AcDbLine
 10
30.7074849999999984
 20
-29.7634079999999983
 30
0
 11
30.5965919999999976
 21
-29.6525149999999975
 31
0
  0
LINE
  5
3D3
330
1B
100
AcDbEntity
  8
F.Cu
  6
CONTINUOUS
100
AcDbLine
 10
30.5965919999999976
 20
-29.6525149999999975
 30
0
 11
30.5094630000000002
 21
-29.5221169999999979
 31
0
  0
LINE
  5
3D4
330
1B
100
AcDbEntity
  8
F.Cu
  6
CONTINUOUS
100
AcDbLine
 10
30.5094630000000002
 20
-29.5221169999999979
 30
0
 11
30.4494480000000003
 21
-29.3772279999999988
 31
0
  0
LINE
  5
3D5
330
1B
100
AcDbEntity
  8
F.Cu
  6
CONTINUOUS
100
AcDbLine
 10
30.4494480000000003
 20
-29.3772279999999988
 30
0
 11
30.4188519999999976
 21
-29.2234139999999982
 31
0
  0
LINE
  5
3D6
330
1B
100
AcDbEntity
  8
F.Cu
  6
CONTINUOUS
100
AcDbLine
 10
30.4188519999999976
 20
-29.2234139999999982
 30
0
 11
30.4188519999999976
 21
-29.0665859999999974
 31
0
  0
LINE
  5
3D7
330
1B
100
AcDbEntity
  8
F.Cu
  6
CONTINUOUS
100
AcDbLine
 10
30.4188519999999976
 20
-29.0665859999999974
 30
0
 11
30.4494480000000003
 21
-28.9127720000000004
 31
0
  0
LINE
  5
3D8
330
1B
100
AcDbEntity
  8
F.Cu
  6
CONTINUOUS
100
AcDbLine
 10
30.4494480000000003
 20
-28.9127720000000004
 30
0
 11
30.5094630000000002
 21
-28.7678829999999977
 31
0
  0
LINE
  5
3D9
330
1B
100
AcDbEntity
  8
F.Cu
  6
CONTINUOUS
100
AcDbLine
 10
30.5094630000000002
 20
-28.7678829999999977
 30
0
 11
30.5965919999999976
 21
-28.6374849999999981
 31
0
  0
LINE
  5
3DA
330
1B
100
AcDbEntity
  8
F.Cu
  6
CONTINUOUS
100
AcDbLine
 10
30.5965919999999976
 20
-28.6374849999999981
 30
0
 11
30.7074849999999984
 21
-28.5265919999999973
 31
0
  0
LINE
  5
3DB
330
1B
100
AcDbEntity
  8
F.Cu
  6
CONTINUOUS
100
AcDbLine
 10
30.7074849999999984
 20
-28.5265919999999973
 30
0
 11
30.8378829999999979
 21
-28.4394629999999999
 31
0
  0
LINE
  5
3DC
330
1B
100
AcDbEntity
  8
F.Cu
  6
CONTINUOUS
100
AcDbLine
 10
30.8378829999999979
 20
-28.4394629999999999
 30
0
 11
30.9827719999999971
 21
-28.379448
 31
0
  0
LINE
  5
3DD
330
1B
100
AcDbEntity
  8
F.Cu
  6
CONTINUOUS
100
AcDbLine
 10
30.9827719999999971
 20
-28.379448
 30
0
 11
31.1365859999999977
 21
-28.3488519999999973
 31
0
  0
LINE
  5
3DE
330
1B
100
AcDbEntity
  8
F.Cu
  6
CONTINUOUS
100
AcDbLine
 10
31.1365859999999977
 20
-28.3488519999999973
 30
0
 11
31.2149999999999999
 21
-28.3449999999999989
 31
0
  0
LINE
  5
3DF
330
1B
100
AcDbEntity
  8
F.Cu
  6
CONTINUOUS
100
AcDbLine
 10
31.2149999999999999
 20
-28.3449999999999989
 30
0
 11
32.0150000000000006
 21
-28.3449999999999989
 31
0
  0
LINE
  5
3E0
330
1B
100
AcDbEntity
  8
F.Cu
  6
CONTINUOUS
100
AcDbLine
 10
32.0150000000000006
 20
-28.3449999999999989
 30
0
 11
32.0934139999999957
 21
-28.3488519999999973
 31
0
  0
LINE
  5
3E1
330
1B
100
AcDbEntity
  8
F.Cu
  6
CONTINUOUS
100
AcDbLine
 10
24.4734139999999982
 20
-25.8088519999999981
 30
0
 11
24.6272279999999988
 21
-25.8394479999999973
 31
0
  0
LINE
  5
3E2
330
1B
100
AcDbEntity
  8
F.Cu
  6
CONTINUOUS
100
AcDbLine
 10
24.6272279999999988
 20
-25.8394479999999973
 30
0
 11
24.7721169999999979
 21
-25.8994629999999972
 31
0
  0
LINE
  5
3E3
330
1B
100
AcDbEntity
  8
F.Cu
  6
CONTINUOUS
100
AcDbLine
 10
24.7721169999999979
 20
-25.8994629999999972
 30
0
 11
24.9025149999999975
 21
-25.9865919999999981
 31
0
  0
LINE
  5
3E4
330
1B
100
AcDbEntity
  8
F.Cu
  6
CONTINUOUS
100
AcDbLine
 10
24.9025149999999975
 20
-25.9865919999999981
 30
0
 11
25.0134079999999983
 21
-26.0974849999999989
 31
0
  0
LINE
  5
3E5
330
1B
100
AcDbEntity
  8
F.Cu
  6
CONTINUOUS
100
AcDbLine
 10
25.0134079999999983
 20
-26.0974849999999989
 30
0
 11
25.1005369999999992
 21
-26.2278829999999985
 31
0
  0
LINE
  5
3E6
330
1B
100
AcDbEntity
  8
F.Cu
  6
CONTINUOUS
100
AcDbLine
 10
25.1005369999999992
 20
-26.2278829999999985
 30
0
 11
25.1605519999999991
 21
-26.3727719999999977
 31
0
  0
LINE
  5
3E7
330
1B
100
AcDbEntity
  8
F.Cu
  6
CONTINUOUS
100
AcDbLine
 10
25.1605519999999991
 20
-26.3727719999999977
 30
0
 11
25.1911479999999983
 21
-26.5265859999999982
 31
0
  0
LINE
  5
3E8
330
1B
100
AcDbEntity
  8
F.Cu
  6
CONTINUOUS
100
AcDbLine
 10
25.1911479999999983
 20
-26.5265859999999982
 30
0
 11
25.1911479999999983
 21
-26.6834139999999991
 31
0
  0
LINE
  5
3E9
330
1B
100
AcDbEntity
  8
F.Cu
  6
CONTINUOUS
100
AcDbLine
 10
25.1911479999999983
 20
-26.6834139999999991
 30
0
 11
25.1605519999999991
 21
-26.8372279999999996
 31
0
  0
LINE
  5
3EA
330
1B
100
AcDbEntity
  8
F.Cu
  6
CONTINUOUS
100
AcDbLine
 10
25.1605519999999991
 20
-26.8372279999999996
 30
0
 11
25.1005369999999992
 21
-26.9821169999999988
 31
0
  0
LINE
  5
3EB
330
1B
100
AcDbEntity
  8
F.Cu
  6
CONTINUOUS
100
AcDbLine
 10
25.1005369999999992
 20
-26.9821169999999988
 30
0
 11
25.0134079999999983
 21
-27.1125149999999984
 31
0
  0
LINE
  5
3EC
330
1B
100
AcDbEntity
  8
F.Cu
  6
CONTINUOUS
100
AcDbLine
 10
25.0134079999999983
 20
-27.1125149999999984
 30
0
 11
24.9025149999999975
 21
-27.2234079999999992
 31
0
  0
LINE
  5
3ED
330
1B
100
AcDbEntity
  8
F.Cu
  6
CONTINUOUS
100
AcDbLine
 10
24.9025149999999975
 20
-27.2234079999999992
 30
0
 11
24.7721169999999979
 21
-27.3105370000000001
 31
0
  0
LINE
  5
3EE
330
1B
100
AcDbEntity
  8
F.Cu
  6
CONTINUOUS
100
AcDbLine
 10
24.7721169999999979
 20
-27.3105370000000001
 30
0
 11
24.6272279999999988
 21
-27.370552
 31
0
  0
LINE
  5
3EF
330
1B
100
AcDbEntity
  8
F.Cu
  6
CONTINUOUS
100
AcDbLine
 10
24.6272279999999988
 20
-27.370552
 30
0
 11
24.4734139999999982
 21
-27.4011479999999992
 31
0
  0
LINE
  5
3F0
330
1B
100
AcDbEntity
  8
F.Cu
  6
CONTINUOUS
100
AcDbLine
 10
24.4734139999999982
 20
-27.4011479999999992
 30
0
 11
24.3949999999999996
 21
-27.4049999999999976
 31
0
  0
LINE
  5
3F1
330
1B
100
AcDbEntity
  8
F.Cu
  6
CONTINUOUS
100
AcDbLine
 10
24.3949999999999996
 20
-27.4049999999999976
 30
0
 11
23.5949999999999989
 21
-27.4049999999999976
 31
0
  0
LINE
  5
3F2
330
1B
100
AcDbEntity
  8
F.Cu
  6
CONTINUOUS
100
AcDbLine
 10
23.5949999999999989
 20
-27.4049999999999976
 30
0
 11
23.5165860000000002
 21
-27.4011479999999992
 31
0
  0
LINE
  5
3F3
330
1B
100
AcDbEntity
  8
F.Cu
  6
CONTINUOUS
100
AcDbLine
 10
23.5165860000000002
 20
-27.4011479999999992
 30
0
 11
23.3627719999999997
 21
-27.370552
 31
0
  0
LINE
  5
3F4
330
1B
100
AcDbEntity
  8
F.Cu
  6
CONTINUOUS
100
AcDbLine
 10
23.3627719999999997
 20
-27.370552
 30
0
 11
23.2178830000000005
 21
-27.3105370000000001
 31
0
  0
LINE
  5
3F5
330
1B
100
AcDbEntity
  8
F.Cu
  6
CONTINUOUS
100
AcDbLine
 10
23.2178830000000005
 20
-27.3105370000000001
 30
0
 11
23.0874849999999974
 21
-27.2234079999999992
 31
0
  0
LINE
  5
3F6
330
1B
100
AcDbEntity
  8
F.Cu
  6
CONTINUOUS
100
AcDbLine
 10
23.0874849999999974
 20
-27.2234079999999992
 30
0
 11
22.9765920000000001
 21
-27.1125149999999984
 31
0
  0
LINE
  5
3F7
330
1B
100
AcDbEntity
  8
F.Cu
  6
CONTINUOUS
100
AcDbLine
 10
22.9765920000000001
 20
-27.1125149999999984
 30
0
 11
22.8894629999999992
 21
-26.9821169999999988
 31
0
  0
LINE
  5
3F8
330
1B
100
AcDbEntity
  8
F.Cu
  6
CONTINUOUS
100
AcDbLine
 10
22.8894629999999992
 20
-26.9821169999999988
 30
0
 11
22.8294479999999993
 21
-26.8372279999999996
 31
0
  0
LINE
  5
3F9
330
1B
100
AcDbEntity
  8
F.Cu
  6
CONTINUOUS
100
AcDbLine
 10
22.8294479999999993
 20
-26.8372279999999996
 30
0
 11
22.7988520000000001
 21
-26.6834139999999991
 31
0
  0
LINE
  5
3FA
330
1B
100
AcDbEntity
  8
F.Cu
  6
CONTINUOUS
100
AcDbLine
 10
22.7988520000000001
 20
-26.6834139999999991
 30
0
 11
22.7988520000000001
 21
-26.5265859999999982
 31
0
  0
LINE
  5
3FB
330
1B
100
AcDbEntity
  8
F.Cu
  6
CONTINUOUS
100
AcDbLine
 10
22.7988520000000001
 20
-26.5265859999999982
 30
0
 11
22.8294479999999993
 21
-26.3727719999999977
 31
0
  0
LINE
  5
3FC
330
1B
100
AcDbEntity
  8
F.Cu
  6
CONTINUOUS
100
AcDbLine
 10
22.8294479999999993
 20
-26.3727719999999977
 30
0
 11
22.8894629999999992
 21
-26.2278829999999985
 31
0
  0
LINE
  5
3FD
330
1B
100
AcDbEntity
  8
F.Cu
  6
CONTINUOUS
100
AcDbLine
 10
22.8894629999999992
 20
-26.2278829999999985
 30
0
 11
22.9765920000000001
 21
-26.0974849999999989
 31
0
  0
LINE
  5
3FE
330
1B
100
AcDbEntity
  8
F.Cu
  6
CONTINUOUS
100
AcDbLine
 10
22.9765920000000001
 20
-26.0974849999999989
 30
0
 11
23.0874849999999974
 21
-25.9865919999999981
 31
0
  0
LINE
  5
3FF
330
1B
100
AcDbEntity
  8
F.Cu
  6
CONTINUOUS
100
AcDbLine
 10
23.0874849999999974
 20
-25.9865919999999981
 30
0
 11
23.2178830000000005
 21
-25.8994629999999972
 31
0
  0
LINE
  5
400
330
1B
100
AcDbEntity
  8
F.Cu
  6
CONTINUOUS
100
AcDbLine
 10
23.2178830000000005
 20
-25.8994629999999972
 30
0
 11
23.3627719999999997
 21
-25.8394479999999973
 31
0
  0
LINE
  5
401
330
1B
100
AcDbEntity
  8
F.Cu
  6
CONTINUOUS
100
AcDbLine
 10
23.3627719999999997
 20
-25.8394479999999973
 30
0
 11
23.5165860000000002
 21
-25.8088519999999981
 31
0
  0
LINE
  5
402
330
1B
100
AcDbEntity
  8
F.Cu
  6
CONTINUOUS
100
AcDbLine
 10
23.5165860000000002
 20
-25.8088519999999981
 30
0
 11
23.5949999999999989
 21
-25.8049999999999997
 31
0
  0
LINE
  5
403
330
1B
100
AcDbEntity
  8
F.Cu
  6
CONTINUOUS
100
AcDbLine
 10
23.5949999999999989
 20
-25.8049999999999997
 30
0
 11
24.3949999999999996
 21
-25.8049999999999997
 31
0
  0
LINE
  5
404
330
1B
100
AcDbEntity
  8
F.Cu
  6
CONTINUOUS
100
AcDbLine
 10
24.3949999999999996
 20
-25.8049999999999997
 30
0
 11
24.4734139999999982
 21
-25.8088519999999981
 31
0
  0
LINE
  5
405
330
1B
100
AcDbEntity
  8
F.Cu
  6
CONTINUOUS
100
AcDbLine
 10
32.0934139999999957
 20
-25.8088519999999981
 30
0
 11
32.2472279999999998
 21
-25.8394479999999973
 31
0
  0
LINE
  5
406
330
1B
100
AcDbEntity
  8
F.Cu
  6
CONTINUOUS
100
AcDbLine
 10
32.2472279999999998
 20
-25.8394479999999973
 30
0
 11
32.3921169999999989
 21
-25.8994629999999972
 31
0
  0
LINE
  5
407
330
1B
100
AcDbEntity
  8
F.Cu
  6
CONTINUOUS
100
AcDbLine
 10
32.3921169999999989
 20
-25.8994629999999972
 30
0
 11
32.5225149999999985
 21
-25.9865919999999981
 31
0
  0
LINE
  5
408
330
1B
100
AcDbEntity
  8
F.Cu
  6
CONTINUOUS
100
AcDbLine
 10
32.5225149999999985
 20
-25.9865919999999981
 30
0
 11
32.6334079999999958
 21
-26.0974849999999989
 31
0
  0
LINE
  5
409
330
1B
100
AcDbEntity
  8
F.Cu
  6
CONTINUOUS
100
AcDbLine
 10
32.6334079999999958
 20
-26.0974849999999989
 30
0
 11
32.7205370000000002
 21
-26.2278829999999985
 31
0
  0
LINE
  5
40A
330
1B
100
AcDbEntity
  8
F.Cu
  6
CONTINUOUS
100
AcDbLine
 10
32.7205370000000002
 20
-26.2278829999999985
 30
0
 11
32.7805520000000001
 21
-26.3727719999999977
 31
0
  0
LINE
  5
40B
330
1B
100
AcDbEntity
  8
F.Cu
  6
CONTINUOUS
100
AcDbLine
 10
32.7805520000000001
 20
-26.3727719999999977
 30
0
 11
32.8111479999999958
 21
-26.5265859999999982
 31
0
  0
LINE
  5
40C
330
1B
100
AcDbEntity
  8
F.Cu
  6
CONTINUOUS
100
AcDbLine
 10
32.8111479999999958
 20
-26.5265859999999982
 30
0
 11
32.8111479999999958
 21
-26.6834139999999991
 31
0
  0
LINE
  5
40D
330
1B
100
AcDbEntity
  8
F.Cu
  6
CONTINUOUS
100
AcDbLine
 10
32.8111479999999958
 20
-26.6834139999999991
 30
0
 11
32.7805520000000001
 21
-26.8372279999999996
 31
0
  0
LINE
  5
40E
330
1B
100
AcDbEntity
  8
F.Cu
  6
CONTINUOUS
100
AcDbLine
 10
32.7805520000000001
 20
-26.8372279999999996
 30
0
 11
32.7205370000000002
 21
-26.9821169999999988
 31
0
  0
LINE
  5
40F
330
1B
100
AcDbEntity
  8
F.Cu
  6
CONTINUOUS
100
AcDbLine
 10
32.7205370000000002
 20
-26.9821169999999988
 30
0
 11
32.6334079999999958
 21
-27.1125149999999984
 31
0
  0
LINE
  5
410
330
1B
100
AcDbEntity
  8
F.Cu
  6
CONTINUOUS
100
AcDbLine
 10
32.6334079999999958
 20
-27.1125149999999984
 30
0
 11
32.5225149999999985
 21
-27.2234079999999992
 31
0
  0
LINE
  5
411
330
1B
100
AcDbEntity
  8
F.Cu
  6
CONTINUOUS
100
AcDbLine
 10
32.5225149999999985
 20
-27.2234079999999992
 30
0
 11
32.3921169999999989
 21
-27.3105370000000001
 31
0
  0
LINE
  5
412
330
1B
100
AcDbEntity
  8
F.Cu
  6
CONTINUOUS
100
AcDbLine
 10
32.3921169999999989
 20
-27.3105370000000001
 30
0
 11
32.2472279999999998
 21
-27.370552
 31
0
  0
LINE
  5
413
330
1B
100
AcDbEntity
  8
F.Cu
  6
CONTINUOUS
100
AcDbLine
 10
32.2472279999999998
 20
-27.370552
 30
0
 11
32.0934139999999957
 21
-27.4011479999999992
 31
0
  0
LINE
  5
414
330
1B
100
AcDbEntity
  8
F.Cu
  6
CONTINUOUS
100
AcDbLine
 10
32.0934139999999957
 20
-27.4011479999999992
 30
0
 11
32.0150000000000006
 21
-27.4049999999999976
 31
0
  0
LINE
  5
415
330
1B
100
AcDbEntity
  8
F.Cu
  6
CONTINUOUS
100
AcDbLine
 10
32.0150000000000006
 20
-27.4049999999999976
 30
0
 11
31.2149999999999999
 21
-27.4049999999999976
 31
0
  0
LINE
  5
416
330
1B
100
AcDbEntity
  8
F.Cu
  6
CONTINUOUS
100
AcDbLine
 10
31.2149999999999999
 20
-27.4049999999999976
 30
0
 11
31.1365859999999977
 21
-27.4011479999999992
 31
0
  0
LINE
  5
417
330
1B
100
AcDbEntity
  8
F.Cu
  6
CONTINUOUS
100
AcDbLine
 10
31.1365859999999977
 20
-27.4011479999999992
 30
0
 11
30.9827719999999971
 21
-27.370552
 31
0
  0
LINE
  5
418
330
1B
100
AcDbEntity
  8
F.Cu
  6
CONTINUOUS
100
AcDbLine
 10
30.9827719999999971
 20
-27.370552
 30
0
 11
30.8378829999999979
 21
-27.3105370000000001
 31
0
  0
LINE
  5
419
330
1B
100
AcDbEntity
  8
F.Cu
  6
CONTINUOUS
100
AcDbLine
 10
30.8378829999999979
 20
-27.3105370000000001
 30
0
 11
30.7074849999999984
 21
-27.2234079999999992
 31
0
  0
LINE
  5
41A
330
1B
100
AcDbEntity
  8
F.Cu
  6
CONTINUOUS
100
AcDbLine
 10
30.7074849999999984
 20
-27.2234079999999992
 30
0
 11
30.5965919999999976
 21
-27.1125149999999984
 31
0
  0
LINE
  5
41B
330
1B
100
AcDbEntity
  8
F.Cu
  6
CONTINUOUS
100
AcDbLine
 10
30.5965919999999976
 20
-27.1125149999999984
 30
0
 11
30.5094630000000002
 21
-26.9821169999999988
 31
0
  0
LINE
  5
41C
330
1B
100
AcDbEntity
  8
F.Cu
  6
CONTINUOUS
100
AcDbLine
 10
30.5094630000000002
 20
-26.9821169999999988
 30
0
 11
30.4494480000000003
 21
-26.8372279999999996
 31
0
  0
LINE
  5
41D
330
1B
100
AcDbEntity
  8
F.Cu
  6
CONTINUOUS
100
AcDbLine
 10
30.4494480000000003
 20
-26.8372279999999996
 30
0
 11
30.4188519999999976
 21
-26.6834139999999991
 31
0
  0
LINE
  5
41E
330
1B
100
AcDbEntity
  8
F.Cu
  6
CONTINUOUS
100
AcDbLine
 10
30.4188519999999976
 20
-26.6834139999999991
 30
0
 11
30.4188519999999976
 21
-26.5265859999999982
 31
0
  0
LINE
  5
41F
330
1B
100
AcDbEntity
  8
F.Cu
  6
CONTINUOUS
100
AcDbLine
 10
30.4188519999999976
 20
-26.5265859999999982
 30
0
 11
30.4494480000000003
 21
-26.3727719999999977
 31
0
  0
LINE
  5
420
330
1B
100
AcDbEntity
  8
F.Cu
  6
CONTINUOUS
100
AcDbLine
 10
30.4494480000000003
 20
-26.3727719999999977
 30
0
 11
30.5094630000000002
 21
-26.2278829999999985
 31
0
  0
LINE
  5
421
330
1B
100
AcDbEntity
  8
F.Cu
  6
CONTINUOUS
100
AcDbLine
 10
30.5094630000000002
 20
-26.2278829999999985
 30
0
 11
30.5965919999999976
 21
-26.0974849999999989
 31
0
  0
LINE
  5
422
330
1B
100
AcDbEntity
  8
F.Cu
  6
CONTINUOUS
100
AcDbLine
 10
30.5965919999999976
 20
-26.0974849999999989
 30
0
 11
30.7074849999999984
 21
-25.9865919999999981
 31
0
  0
LINE
  5
423
330
1B
100
AcDbEntity
  8
F.Cu
  6
CONTINUOUS
100
AcDbLine
 10
30.7074849999999984
 20
-25.9865919999999981
 30
0
 11
30.8378829999999979
 21
-25.8994629999999972
 31
0
  0
LINE
  5
424
330
1B
100
AcDbEntity
  8
F.Cu
  6
CONTINUOUS
100
AcDbLine
 10
30.8378829999999979
 20
-25.8994629999999972
 30
0
 11
30.9827719999999971
 21
-25.8394479999999973
 31
0
  0
LINE
  5
425
330
1B
100
AcDbEntity
  8
F.Cu
  6
CONTINUOUS
100
AcDbLine
 10
30.9827719999999971
 20
-25.8394479999999973
 30
0
 11
31.1365859999999977
 21
-25.8088519999999981
 31
0
  0
LINE
  5
426
330
1B
100
AcDbEntity
  8
F.Cu
  6
CONTINUOUS
100
AcDbLine
 10
31.1365859999999977
 20
-25.8088519999999981
 30
0
 11
31.2149999999999999
 21
-25.8049999999999997
 31
0
  0
LINE
  5
427
330
1B
100
AcDbEntity
  8
F.Cu
  6
CONTINUOUS
100
AcDbLine
 10
31.2149999999999999
 20
-25.8049999999999997
 30
0
 11
32.0150000000000006
 21
-25.8049999999999997
 31
0
  0
LINE
  5
428
330
1B
100
AcDbEntity
  8
F.Cu
  6
CONTINUOUS
100
AcDbLine
 10
32.0150000000000006
 20
-25.8049999999999997
 30
0
 11
32.0934139999999957
 21
-25.8088519999999981
 31
0
  0
LINE
  5
429
330
1B
100
AcDbEntity
  8
F.Cu
  6
CONTINUOUS
100
AcDbLine
 10
36.9972279999999998
 20
-25.4044479999999986
 30
0
 11
37.1421169999999989
 21
-25.4644629999999985
 31
0
  0
LINE
  5
42A
330
1B
100
AcDbEntity
  8
F.Cu
  6
CONTINUOUS
100
AcDbLine
 10
37.1421169999999989
 20
-25.4644629999999985
 30
0
 11
37.2725149999999985
 21
-25.5515919999999994
 31
0
  0
LINE
  5
42B
330
1B
100
AcDbEntity
  8
F.Cu
  6
CONTINUOUS
100
AcDbLine
 10
37.2725149999999985
 20
-25.5515919999999994
 30
0
 11
37.3834079999999958
 21
-25.6624850000000002
 31
0
  0
LINE
  5
42C
330
1B
100
AcDbEntity
  8
F.Cu
  6
CONTINUOUS
100
AcDbLine
 10
37.3834079999999958
 20
-25.6624850000000002
 30
0
 11
37.4705370000000002
 21
-25.7928829999999998
 31
0
  0
LINE
  5
42D
330
1B
100
AcDbEntity
  8
F.Cu
  6
CONTINUOUS
100
AcDbLine
 10
37.4705370000000002
 20
-25.7928829999999998
 30
0
 11
37.5305520000000001
 21
-25.9377719999999989
 31
0
  0
LINE
  5
42E
330
1B
100
AcDbEntity
  8
F.Cu
  6
CONTINUOUS
100
AcDbLine
 10
37.5305520000000001
 20
-25.9377719999999989
 30
0
 11
37.5611479999999958
 21
-26.0915859999999995
 31
0
  0
LINE
  5
42F
330
1B
100
AcDbEntity
  8
F.Cu
  6
CONTINUOUS
100
AcDbLine
 10
37.5611479999999958
 20
-26.0915859999999995
 30
0
 11
37.5611479999999958
 21
-26.2484140000000004
 31
0
  0
LINE
  5
430
330
1B
100
AcDbEntity
  8
F.Cu
  6
CONTINUOUS
100
AcDbLine
 10
37.5611479999999958
 20
-26.2484140000000004
 30
0
 11
37.5305520000000001
 21
-26.4022279999999974
 31
0
  0
LINE
  5
431
330
1B
100
AcDbEntity
  8
F.Cu
  6
CONTINUOUS
100
AcDbLine
 10
37.5305520000000001
 20
-26.4022279999999974
 30
0
 11
37.4705370000000002
 21
-26.5471170000000001
 31
0
  0
LINE
  5
432
330
1B
100
AcDbEntity
  8
F.Cu
  6
CONTINUOUS
100
AcDbLine
 10
37.4705370000000002
 20
-26.5471170000000001
 30
0
 11
37.3834079999999958
 21
-26.6775149999999996
 31
0
  0
LINE
  5
433
330
1B
100
AcDbEntity
  8
F.Cu
  6
CONTINUOUS
100
AcDbLine
 10
37.3834079999999958
 20
-26.6775149999999996
 30
0
 11
37.2725149999999985
 21
-26.7884080000000004
 31
0
  0
LINE
  5
434
330
1B
100
AcDbEntity
  8
F.Cu
  6
CONTINUOUS
100
AcDbLine
 10
37.2725149999999985
 20
-26.7884080000000004
 30
0
 11
37.1421169999999989
 21
-26.8755369999999978
 31
0
  0
LINE
  5
435
330
1B
100
AcDbEntity
  8
F.Cu
  6
CONTINUOUS
100
AcDbLine
 10
37.1421169999999989
 20
-26.8755369999999978
 30
0
 11
36.9972279999999998
 21
-26.9355519999999977
 31
0
  0
LINE
  5
436
330
1B
100
AcDbEntity
  8
F.Cu
  6
CONTINUOUS
100
AcDbLine
 10
36.9972279999999998
 20
-26.9355519999999977
 30
0
 11
36.8434139999999957
 21
-26.9661480000000005
 31
0
  0
LINE
  5
437
330
1B
100
AcDbEntity
  8
F.Cu
  6
CONTINUOUS
100
AcDbLine
 10
36.8434139999999957
 20
-26.9661480000000005
 30
0
 11
36.6865859999999984
 21
-26.9661480000000005
 31
0
  0
LINE
  5
438
330
1B
100
AcDbEntity
  8
F.Cu
  6
CONTINUOUS
100
AcDbLine
 10
36.6865859999999984
 20
-26.9661480000000005
 30
0
 11
36.5327720000000014
 21
-26.9355519999999977
 31
0
  0
LINE
  5
439
330
1B
100
AcDbEntity
  8
F.Cu
  6
CONTINUOUS
100
AcDbLine
 10
36.5327720000000014
 20
-26.9355519999999977
 30
0
 11
36.3878829999999951
 21
-26.8755369999999978
 31
0
  0
LINE
  5
43A
330
1B
100
AcDbEntity
  8
F.Cu
  6
CONTINUOUS
100
AcDbLine
 10
36.3878829999999951
 20
-26.8755369999999978
 30
0
 11
36.2574849999999955
 21
-26.7884080000000004
 31
0
  0
LINE
  5
43B
330
1B
100
AcDbEntity
  8
F.Cu
  6
CONTINUOUS
100
AcDbLine
 10
36.2574849999999955
 20
-26.7884080000000004
 30
0
 11
36.1465919999999983
 21
-26.6775149999999996
 31
0
  0
LINE
  5
43C
330
1B
100
AcDbEntity
  8
F.Cu
  6
CONTINUOUS
100
AcDbLine
 10
36.1465919999999983
 20
-26.6775149999999996
 30
0
 11
36.0594630000000009
 21
-26.5471170000000001
 31
0
  0
LINE
  5
43D
330
1B
100
AcDbEntity
  8
F.Cu
  6
CONTINUOUS
100
AcDbLine
 10
36.0594630000000009
 20
-26.5471170000000001
 30
0
 11
35.999448000000001
 21
-26.4022279999999974
 31
0
  0
LINE
  5
43E
330
1B
100
AcDbEntity
  8
F.Cu
  6
CONTINUOUS
100
AcDbLine
 10
35.999448000000001
 20
-26.4022279999999974
 30
0
 11
35.9688519999999983
 21
-26.2484140000000004
 31
0
  0
LINE
  5
43F
330
1B
100
AcDbEntity
  8
F.Cu
  6
CONTINUOUS
100
AcDbLine
 10
35.9688519999999983
 20
-26.2484140000000004
 30
0
 11
35.9688519999999983
 21
-26.0915859999999995
 31
0
  0
LINE
  5
440
330
1B
100
AcDbEntity
  8
F.Cu
  6
CONTINUOUS
100
AcDbLine
 10
35.9688519999999983
 20
-26.0915859999999995
 30
0
 11
35.999448000000001
 21
-25.9377719999999989
 31
0
  0
LINE
  5
441
330
1B
100
AcDbEntity
  8
F.Cu
  6
CONTINUOUS
100
AcDbLine
 10
35.999448000000001
 20
-25.9377719999999989
 30
0
 11
36.0594630000000009
 21
-25.7928829999999998
 31
0
  0
LINE
  5
442
330
1B
100
AcDbEntity
  8
F.Cu
  6
CONTINUOUS
100
AcDbLine
 10
36.0594630000000009
 20
-25.7928829999999998
 30
0
 11
36.1465919999999983
 21
-25.6624850000000002
 31
0
  0
LINE
  5
443
330
1B
100
AcDbEntity
  8
F.Cu
  6
CONTINUOUS
100
AcDbLine
 10
36.1465919999999983
 20
-25.6624850000000002
 30
0
 11
36.2574849999999955
 21
-25.5515919999999994
 31
0
  0
LINE
  5
444
330
1B
100
AcDbEntity
  8
F.Cu
  6
CONTINUOUS
100
AcDbLine
 10
36.2574849999999955
 20
-25.5515919999999994
 30
0
 11
36.3878829999999951
 21
-25.4644629999999985
 31
0
  0
LINE
  5
445
330
1B
100
AcDbEntity
  8
F.Cu
  6
CONTINUOUS
100
AcDbLine
 10
36.3878829999999951
 20
-25.4644629999999985
 30
0
 11
36.5327720000000014
 21
-25.4044479999999986
 31
0
  0
LINE
  5
446
330
1B
100
AcDbEntity
  8
F.Cu
  6
CONTINUOUS
100
AcDbLine
 10
36.5327720000000014
 20
-25.4044479999999986
 30
0
 11
36.6865859999999984
 21
-25.3738519999999994
 31
0
  0
LINE
  5
447
330
1B
100
AcDbEntity
  8
F.Cu
  6
CONTINUOUS
100
AcDbLine
 10
36.6865859999999984
 20
-25.3738519999999994
 30
0
 11
36.8434139999999957
 21
-25.3738519999999994
 31
0
  0
LINE
  5
448
330
1B
100
AcDbEntity
  8
F.Cu
  6
CONTINUOUS
100
AcDbLine
 10
36.8434139999999957
 20
-25.3738519999999994
 30
0
 11
36.9972279999999998
 21
-25.4044479999999986
 31
0
  0
LINE
  5
449
330
1B
100
AcDbEntity
  8
F.Cu
  6
CONTINUOUS
100
AcDbLine
 10
41.9972279999999998
 20
-25.4044479999999986
 30
0
 11
42.1421169999999989
 21
-25.4644629999999985
 31
0
  0
LINE
  5
44A
330
1B
100
AcDbEntity
  8
F.Cu
  6
CONTINUOUS
100
AcDbLine
 10
42.1421169999999989
 20
-25.4644629999999985
 30
0
 11
42.2725149999999985
 21
-25.5515919999999994
 31
0
  0
LINE
  5
44B
330
1B
100
AcDbEntity
  8
F.Cu
  6
CONTINUOUS
100
AcDbLine
 10
42.2725149999999985
 20
-25.5515919999999994
 30
0
 11
42.3834079999999958
 21
-25.6624850000000002
 31
0
  0
LINE
  5
44C
330
1B
100
AcDbEntity
  8
F.Cu
  6
CONTINUOUS
100
AcDbLine
 10
42.3834079999999958
 20
-25.6624850000000002
 30
0
 11
42.4705370000000002
 21
-25.7928829999999998
 31
0
  0
LINE
  5
44D
330
1B
100
AcDbEntity
  8
F.Cu
  6
CONTINUOUS
100
AcDbLine
 10
42.4705370000000002
 20
-25.7928829999999998
 30
0
 11
42.5305520000000001
 21
-25.9377719999999989
 31
0
  0
LINE
  5
44E
330
1B
100
AcDbEntity
  8
F.Cu
  6
CONTINUOUS
100
AcDbLine
 10
42.5305520000000001
 20
-25.9377719999999989
 30
0
 11
42.5611479999999958
 21
-26.0915859999999995
 31
0
  0
LINE
  5
44F
330
1B
100
AcDbEntity
  8
F.Cu
  6
CONTINUOUS
100
AcDbLine
 10
42.5611479999999958
 20
-26.0915859999999995
 30
0
 11
42.5611479999999958
 21
-26.2484140000000004
 31
0
  0
LINE
  5
450
330
1B
100
AcDbEntity
  8
F.Cu
  6
CONTINUOUS
100
AcDbLine
 10
42.5611479999999958
 20
-26.2484140000000004
 30
0
 11
42.5305520000000001
 21
-26.4022279999999974
 31
0
  0
LINE
  5
451
330
1B
100
AcDbEntity
  8
F.Cu
  6
CONTINUOUS
100
AcDbLine
 10
42.5305520000000001
 20
-26.4022279999999974
 30
0
 11
42.4705370000000002
 21
-26.5471170000000001
 31
0
  0
LINE
  5
452
330
1B
100
AcDbEntity
  8
F.Cu
  6
CONTINUOUS
100
AcDbLine
 10
42.4705370000000002
 20
-26.5471170000000001
 30
0
 11
42.3834079999999958
 21
-26.6775149999999996
 31
0
  0
LINE
  5
453
330
1B
100
AcDbEntity
  8
F.Cu
  6
CONTINUOUS
100
AcDbLine
 10
42.3834079999999958
 20
-26.6775149999999996
 30
0
 11
42.2725149999999985
 21
-26.7884080000000004
 31
0
  0
LINE
  5
454
330
1B
100
AcDbEntity
  8
F.Cu
  6
CONTINUOUS
100
AcDbLine
 10
42.2725149999999985
 20
-26.7884080000000004
 30
0
 11
42.1421169999999989
 21
-26.8755369999999978
 31
0
  0
LINE
  5
455
330
1B
100
AcDbEntity
  8
F.Cu
  6
CONTINUOUS
100
AcDbLine
 10
42.1421169999999989
 20
-26.8755369999999978
 30
0
 11
41.9972279999999998
 21
-26.9355519999999977
 31
0
  0
LINE
  5
456
330
1B
100
AcDbEntity
  8
F.Cu
  6
CONTINUOUS
100
AcDbLine
 10
41.9972279999999998
 20
-26.9355519999999977
 30
0
 11
41.8434139999999957
 21
-26.9661480000000005
 31
0
  0
LINE
  5
457
330
1B
100
AcDbEntity
  8
F.Cu
  6
CONTINUOUS
100
AcDbLine
 10
41.8434139999999957
 20
-26.9661480000000005
 30
0
 11
41.6865859999999984
 21
-26.9661480000000005
 31
0
  0
LINE
  5
458
330
1B
100
AcDbEntity
  8
F.Cu
  6
CONTINUOUS
100
AcDbLine
 10
41.6865859999999984
 20
-26.9661480000000005
 30
0
 11
41.5327720000000014
 21
-26.9355519999999977
 31
0
  0
LINE
  5
459
330
1B
100
AcDbEntity
  8
F.Cu
  6
CONTINUOUS
100
AcDbLine
 10
41.5327720000000014
 20
-26.9355519999999977
 30
0
 11
41.3878829999999951
 21
-26.8755369999999978
 31
0
  0
LINE
  5
45A
330
1B
100
AcDbEntity
  8
F.Cu
  6
CONTINUOUS
100
AcDbLine
 10
41.3878829999999951
 20
-26.8755369999999978
 30
0
 11
41.2574849999999955
 21
-26.7884080000000004
 31
0
  0
LINE
  5
45B
330
1B
100
AcDbEntity
  8
F.Cu
  6
CONTINUOUS
100
AcDbLine
 10
41.2574849999999955
 20
-26.7884080000000004
 30
0
 11
41.1465919999999983
 21
-26.6775149999999996
 31
0
  0
LINE
  5
45C
330
1B
100
AcDbEntity
  8
F.Cu
  6
CONTINUOUS
100
AcDbLine
 10
41.1465919999999983
 20
-26.6775149999999996
 30
0
 11
41.0594630000000009
 21
-26.5471170000000001
 31
0
  0
LINE
  5
45D
330
1B
100
AcDbEntity
  8
F.Cu
  6
CONTINUOUS
100
AcDbLine
 10
41.0594630000000009
 20
-26.5471170000000001
 30
0
 11
40.999448000000001
 21
-26.4022279999999974
 31
0
  0
LINE
  5
45E
330
1B
100
AcDbEntity
  8
F.Cu
  6
CONTINUOUS
100
AcDbLine
 10
40.999448000000001
 20
-26.4022279999999974
 30
0
 11
40.9688519999999983
 21
-26.2484140000000004
 31
0
  0
LINE
  5
45F
330
1B
100
AcDbEntity
  8
F.Cu
  6
CONTINUOUS
100
AcDbLine
 10
40.9688519999999983
 20
-26.2484140000000004
 30
0
 11
40.9688519999999983
 21
-26.0915859999999995
 31
0
  0
LINE
  5
460
330
1B
100
AcDbEntity
  8
F.Cu
  6
CONTINUOUS
100
AcDbLine
 10
40.9688519999999983
 20
-26.0915859999999995
 30
0
 11
40.999448000000001
 21
-25.9377719999999989
 31
0
  0
LINE
  5
461
330
1B
100
AcDbEntity
  8
F.Cu
  6
CONTINUOUS
100
AcDbLine
 10
40.999448000000001
 20
-25.9377719999999989
 30
0
 11
41.0594630000000009
 21
-25.7928829999999998
 31
0
  0
LINE
  5
462
330
1B
100
AcDbEntity
  8
F.Cu
  6
CONTINUOUS
100
AcDbLine
 10
41.0594630000000009
 20
-25.7928829999999998
 30
0
 11
41.1465919999999983
 21
-25.6624850000000002
 31
0
  0
LINE
  5
463
330
1B
100
AcDbEntity
  8
F.Cu
  6
CONTINUOUS
100
AcDbLine
 10
41.1465919999999983
 20
-25.6624850000000002
 30
0
 11
41.2574849999999955
 21
-25.5515919999999994
 31
0
  0
LINE
  5
464
330
1B
100
AcDbEntity
  8
F.Cu
  6
CONTINUOUS
100
AcDbLine
 10
41.2574849999999955
 20
-25.5515919999999994
 30
0
 11
41.3878829999999951
 21
-25.4644629999999985
 31
0
  0
LINE
  5
465
330
1B
100
AcDbEntity
  8
F.Cu
  6
CONTINUOUS
100
AcDbLine
 10
41.3878829999999951
 20
-25.4644629999999985
 30
0
 11
41.5327720000000014
 21
-25.4044479999999986
 31
0
  0
LINE
  5
466
330
1B
100
AcDbEntity
  8
F.Cu
  6
CONTINUOUS
100
AcDbLine
 10
41.5327720000000014
 20
-25.4044479999999986
 30
0
 11
41.6865859999999984
 21
-25.3738519999999994
 31
0
  0
LINE
  5
467
330
1B
100
AcDbEntity
  8
F.Cu
  6
CONTINUOUS
100
AcDbLine
 10
41.6865859999999984
 20
-25.3738519999999994
 30
0
 11
41.8434139999999957
 21
-25.3738519999999994
 31
0
  0
LINE
  5
468
330
1B
100
AcDbEntity
  8
F.Cu
  6
CONTINUOUS
100
AcDbLine
 10
41.8434139999999957
 20
-25.3738519999999994
 30
0
 11
41.9972279999999998
 21
-25.4044479999999986
 31
0
  0
LINE
  5
469
330
1B
100
AcDbEntity
  8
F.Cu
  6
CONTINUOUS
100
AcDbLine
 10
25.0406709999999997
 20
-23.2840299999999978
 30
0
 11
25.121776999999998
 21
-23.3382229999999993
 31
0
  0
LINE
  5
46A
330
1B
100
AcDbEntity
  8
F.Cu
  6
CONTINUOUS
100
AcDbLine
 10
25.121776999999998
 20
-23.3382229999999993
 30
0
 11
25.1759699999999995
 21
-23.4193289999999976
 31
0
  0
LINE
  5
46B
330
1B
100
AcDbEntity
  8
F.Cu
  6
CONTINUOUS
100
AcDbLine
 10
25.1759699999999995
 20
-23.4193289999999976
 30
0
 11
25.1950000000000003
 21
-23.5150000000000006
 31
0
  0
LINE
  5
46C
330
1B
100
AcDbEntity
  8
F.Cu
  6
CONTINUOUS
100
AcDbLine
 10
25.1950000000000003
 20
-23.5150000000000006
 30
0
 11
25.1950000000000003
 21
-24.6149999999999984
 31
0
  0
LINE
  5
46D
330
1B
100
AcDbEntity
  8
F.Cu
  6
CONTINUOUS
100
AcDbLine
 10
25.1950000000000003
 20
-24.6149999999999984
 30
0
 11
25.1759699999999995
 21
-24.7106709999999978
 31
0
  0
LINE
  5
46E
330
1B
100
AcDbEntity
  8
F.Cu
  6
CONTINUOUS
100
AcDbLine
 10
25.1759699999999995
 20
-24.7106709999999978
 30
0
 11
25.121776999999998
 21
-24.7917769999999997
 31
0
  0
LINE
  5
46F
330
1B
100
AcDbEntity
  8
F.Cu
  6
CONTINUOUS
100
AcDbLine
 10
25.121776999999998
 20
-24.7917769999999997
 30
0
 11
25.0406709999999997
 21
-24.8459699999999977
 31
0
  0
LINE
  5
470
330
1B
100
AcDbEntity
  8
F.Cu
  6
CONTINUOUS
100
AcDbLine
 10
25.0406709999999997
 20
-24.8459699999999977
 30
0
 11
24.9450000000000003
 21
-24.8649999999999984
 31
0
  0
LINE
  5
471
330
1B
100
AcDbEntity
  8
F.Cu
  6
CONTINUOUS
100
AcDbLine
 10
24.9450000000000003
 20
-24.8649999999999984
 30
0
 11
23.0449999999999982
 21
-24.8649999999999984
 31
0
  0
LINE
  5
472
330
1B
100
AcDbEntity
  8
F.Cu
  6
CONTINUOUS
100
AcDbLine
 10
23.0449999999999982
 20
-24.8649999999999984
 30
0
 11
22.9493289999999988
 21
-24.8459699999999977
 31
0
  0
LINE
  5
473
330
1B
100
AcDbEntity
  8
F.Cu
  6
CONTINUOUS
100
AcDbLine
 10
22.9493289999999988
 20
-24.8459699999999977
 30
0
 11
22.8682230000000004
 21
-24.7917769999999997
 31
0
  0
LINE
  5
474
330
1B
100
AcDbEntity
  8
F.Cu
  6
CONTINUOUS
100
AcDbLine
 10
22.8682230000000004
 20
-24.7917769999999997
 30
0
 11
22.8140299999999989
 21
-24.7106709999999978
 31
0
  0
LINE
  5
475
330
1B
100
AcDbEntity
  8
F.Cu
  6
CONTINUOUS
100
AcDbLine
 10
22.8140299999999989
 20
-24.7106709999999978
 30
0
 11
22.7949999999999982
 21
-24.6149999999999984
 31
0
  0
LINE
  5
476
330
1B
100
AcDbEntity
  8
F.Cu
  6
CONTINUOUS
100
AcDbLine
 10
22.7949999999999982
 20
-24.6149999999999984
 30
0
 11
22.7949999999999982
 21
-23.5150000000000006
 31
0
  0
LINE
  5
477
330
1B
100
AcDbEntity
  8
F.Cu
  6
CONTINUOUS
100
AcDbLine
 10
22.7949999999999982
 20
-23.5150000000000006
 30
0
 11
22.8140299999999989
 21
-23.4193289999999976
 31
0
  0
LINE
  5
478
330
1B
100
AcDbEntity
  8
F.Cu
  6
CONTINUOUS
100
AcDbLine
 10
22.8140299999999989
 20
-23.4193289999999976
 30
0
 11
22.8682230000000004
 21
-23.3382229999999993
 31
0
  0
LINE
  5
479
330
1B
100
AcDbEntity
  8
F.Cu
  6
CONTINUOUS
100
AcDbLine
 10
22.8682230000000004
 20
-23.3382229999999993
 30
0
 11
22.9493289999999988
 21
-23.2840299999999978
 31
0
  0
LINE
  5
47A
330
1B
100
AcDbEntity
  8
F.Cu
  6
CONTINUOUS
100
AcDbLine
 10
22.9493289999999988
 20
-23.2840299999999978
 30
0
 11
23.0449999999999982
 21
-23.2650000000000006
 31
0
  0
LINE
  5
47B
330
1B
100
AcDbEntity
  8
F.Cu
  6
CONTINUOUS
100
AcDbLine
 10
23.0449999999999982
 20
-23.2650000000000006
 30
0
 11
24.9450000000000003
 21
-23.2650000000000006
 31
0
  0
LINE
  5
47C
330
1B
100
AcDbEntity
  8
F.Cu
  6
CONTINUOUS
100
AcDbLine
 10
24.9450000000000003
 20
-23.2650000000000006
 30
0
 11
25.0406709999999997
 21
-23.2840299999999978
 31
0
  0
LINE
  5
47D
330
1B
100
AcDbEntity
  8
F.Cu
  6
CONTINUOUS
100
AcDbLine
 10
32.0934139999999957
 20
-23.268851999999999
 30
0
 11
32.2472279999999998
 21
-23.2994479999999982
 31
0
  0
LINE
  5
47E
330
1B
100
AcDbEntity
  8
F.Cu
  6
CONTINUOUS
100
AcDbLine
 10
32.2472279999999998
 20
-23.2994479999999982
 30
0
 11
32.3921169999999989
 21
-23.3594629999999981
 31
0
  0
LINE
  5
47F
330
1B
100
AcDbEntity
  8
F.Cu
  6
CONTINUOUS
100
AcDbLine
 10
32.3921169999999989
 20
-23.3594629999999981
 30
0
 11
32.5225149999999985
 21
-23.446591999999999
 31
0
  0
LINE
  5
480
330
1B
100
AcDbEntity
  8
F.Cu
  6
CONTINUOUS
100
AcDbLine
 10
32.5225149999999985
 20
-23.446591999999999
 30
0
 11
32.6334079999999958
 21
-23.5574849999999998
 31
0
  0
LINE
  5
481
330
1B
100
AcDbEntity
  8
F.Cu
  6
CONTINUOUS
100
AcDbLine
 10
32.6334079999999958
 20
-23.5574849999999998
 30
0
 11
32.7205370000000002
 21
-23.6878829999999994
 31
0
  0
LINE
  5
482
330
1B
100
AcDbEntity
  8
F.Cu
  6
CONTINUOUS
100
AcDbLine
 10
32.7205370000000002
 20
-23.6878829999999994
 30
0
 11
32.7805520000000001
 21
-23.8327719999999985
 31
0
  0
LINE
  5
483
330
1B
100
AcDbEntity
  8
F.Cu
  6
CONTINUOUS
100
AcDbLine
 10
32.7805520000000001
 20
-23.8327719999999985
 30
0
 11
32.8111479999999958
 21
-23.9865859999999991
 31
0
  0
LINE
  5
484
330
1B
100
AcDbEntity
  8
F.Cu
  6
CONTINUOUS
100
AcDbLine
 10
32.8111479999999958
 20
-23.9865859999999991
 30
0
 11
32.8111479999999958
 21
-24.1434139999999999
 31
0
  0
LINE
  5
485
330
1B
100
AcDbEntity
  8
F.Cu
  6
CONTINUOUS
100
AcDbLine
 10
32.8111479999999958
 20
-24.1434139999999999
 30
0
 11
32.7805520000000001
 21
-24.2972280000000005
 31
0
  0
LINE
  5
486
330
1B
100
AcDbEntity
  8
F.Cu
  6
CONTINUOUS
100
AcDbLine
 10
32.7805520000000001
 20
-24.2972280000000005
 30
0
 11
32.7205370000000002
 21
-24.4421169999999996
 31
0
  0
LINE
  5
487
330
1B
100
AcDbEntity
  8
F.Cu
  6
CONTINUOUS
100
AcDbLine
 10
32.7205370000000002
 20
-24.4421169999999996
 30
0
 11
32.6334079999999958
 21
-24.5725149999999992
 31
0
  0
LINE
  5
488
330
1B
100
AcDbEntity
  8
F.Cu
  6
CONTINUOUS
100
AcDbLine
 10
32.6334079999999958
 20
-24.5725149999999992
 30
0
 11
32.5225149999999985
 21
-24.683408
 31
0
  0
LINE
  5
489
330
1B
100
AcDbEntity
  8
F.Cu
  6
CONTINUOUS
100
AcDbLine
 10
32.5225149999999985
 20
-24.683408
 30
0
 11
32.3921169999999989
 21
-24.7705369999999974
 31
0
  0
LINE
  5
48A
330
1B
100
AcDbEntity
  8
F.Cu
  6
CONTINUOUS
100
AcDbLine
 10
32.3921169999999989
 20
-24.7705369999999974
 30
0
 11
32.2472279999999998
 21
-24.8305519999999973
 31
0
  0
LINE
  5
48B
330
1B
100
AcDbEntity
  8
F.Cu
  6
CONTINUOUS
100
AcDbLine
 10
32.2472279999999998
 20
-24.8305519999999973
 30
0
 11
32.0934139999999957
 21
-24.861148
 31
0
  0
LINE
  5
48C
330
1B
100
AcDbEntity
  8
F.Cu
  6
CONTINUOUS
100
AcDbLine
 10
32.0934139999999957
 20
-24.861148
 30
0
 11
32.0150000000000006
 21
-24.8649999999999984
 31
0
  0
LINE
  5
48D
330
1B
100
AcDbEntity
  8
F.Cu
  6
CONTINUOUS
100
AcDbLine
 10
32.0150000000000006
 20
-24.8649999999999984
 30
0
 11
31.2149999999999999
 21
-24.8649999999999984
 31
0
  0
LINE
  5
48E
330
1B
100
AcDbEntity
  8
F.Cu
  6
CONTINUOUS
100
AcDbLine
 10
31.2149999999999999
 20
-24.8649999999999984
 30
0
 11
31.1365859999999977
 21
-24.861148
 31
0
  0
LINE
  5
48F
330
1B
100
AcDbEntity
  8
F.Cu
  6
CONTINUOUS
100
AcDbLine
 10
31.1365859999999977
 20
-24.861148
 30
0
 11
30.9827719999999971
 21
-24.8305519999999973
 31
0
  0
LINE
  5
490
330
1B
100
AcDbEntity
  8
F.Cu
  6
CONTINUOUS
100
AcDbLine
 10
30.9827719999999971
 20
-24.8305519999999973
 30
0
 11
30.8378829999999979
 21
-24.7705369999999974
 31
0
  0
LINE
  5
491
330
1B
100
AcDbEntity
  8
F.Cu
  6
CONTINUOUS
100
AcDbLine
 10
30.8378829999999979
 20
-24.7705369999999974
 30
0
 11
30.7074849999999984
 21
-24.683408
 31
0
  0
LINE
  5
492
330
1B
100
AcDbEntity
  8
F.Cu
  6
CONTINUOUS
100
AcDbLine
 10
30.7074849999999984
 20
-24.683408
 30
0
 11
30.5965919999999976
 21
-24.5725149999999992
 31
0
  0
LINE
  5
493
330
1B
100
AcDbEntity
  8
F.Cu
  6
CONTINUOUS
100
AcDbLine
 10
30.5965919999999976
 20
-24.5725149999999992
 30
0
 11
30.5094630000000002
 21
-24.4421169999999996
 31
0
  0
LINE
  5
494
330
1B
100
AcDbEntity
  8
F.Cu
  6
CONTINUOUS
100
AcDbLine
 10
30.5094630000000002
 20
-24.4421169999999996
 30
0
 11
30.4494480000000003
 21
-24.2972280000000005
 31
0
  0
LINE
  5
495
330
1B
100
AcDbEntity
  8
F.Cu
  6
CONTINUOUS
100
AcDbLine
 10
30.4494480000000003
 20
-24.2972280000000005
 30
0
 11
30.4188519999999976
 21
-24.1434139999999999
 31
0
  0
LINE
  5
496
330
1B
100
AcDbEntity
  8
F.Cu
  6
CONTINUOUS
100
AcDbLine
 10
30.4188519999999976
 20
-24.1434139999999999
 30
0
 11
30.4188519999999976
 21
-23.9865859999999991
 31
0
  0
LINE
  5
497
330
1B
100
AcDbEntity
  8
F.Cu
  6
CONTINUOUS
100
AcDbLine
 10
30.4188519999999976
 20
-23.9865859999999991
 30
0
 11
30.4494480000000003
 21
-23.8327719999999985
 31
0
  0
LINE
  5
498
330
1B
100
AcDbEntity
  8
F.Cu
  6
CONTINUOUS
100
AcDbLine
 10
30.4494480000000003
 20
-23.8327719999999985
 30
0
 11
30.5094630000000002
 21
-23.6878829999999994
 31
0
  0
LINE
  5
499
330
1B
100
AcDbEntity
  8
F.Cu
  6
CONTINUOUS
100
AcDbLine
 10
30.5094630000000002
 20
-23.6878829999999994
 30
0
 11
30.5965919999999976
 21
-23.5574849999999998
 31
0
  0
LINE
  5
49A
330
1B
100
AcDbEntity
  8
F.Cu
  6
CONTINUOUS
100
AcDbLine
 10
30.5965919999999976
 20
-23.5574849999999998
 30
0
 11
30.7074849999999984
 21
-23.446591999999999
 31
0
  0
LINE
  5
49B
330
1B
100
AcDbEntity
  8
F.Cu
  6
CONTINUOUS
100
AcDbLine
 10
30.7074849999999984
 20
-23.446591999999999
 30
0
 11
30.8378829999999979
 21
-23.3594629999999981
 31
0
  0
LINE
  5
49C
330
1B
100
AcDbEntity
  8
F.Cu
  6
CONTINUOUS
100
AcDbLine
 10
30.8378829999999979
 20
-23.3594629999999981
 30
0
 11
30.9827719999999971
 21
-23.2994479999999982
 31
0
  0
LINE
  5
49D
330
1B
100
AcDbEntity
  8
F.Cu
  6
CONTINUOUS
100
AcDbLine
 10
30.9827719999999971
 20
-23.2994479999999982
 30
0
 11
31.1365859999999977
 21
-23.268851999999999
 31
0
  0
LINE
  5
49E
330
1B
100
AcDbEntity
  8
F.Cu
  6
CONTINUOUS
100
AcDbLine
 10
31.1365859999999977
 20
-23.268851999999999
 30
0
 11
31.2149999999999999
 21
-23.2650000000000006
 31
0
  0
LINE
  5
49F
330
1B
100
AcDbEntity
  8
F.Cu
  6
CONTINUOUS
100
AcDbLine
 10
31.2149999999999999
 20
-23.2650000000000006
 30
0
 11
32.0150000000000006
 21
-23.2650000000000006
 31
0
  0
LINE
  5
4A0
330
1B
100
AcDbEntity
  8
F.Cu
  6
CONTINUOUS
100
AcDbLine
 10
32.0150000000000006
 20
-23.2650000000000006
 30
0
 11
32.0934139999999957
 21
-23.268851999999999
 31
0
  0
CIRCLE
  5
4A1
330
1B
100
AcDbEntity
  8
F.Cu
100
AcDbCircle
 10
48.134999999999998
 20
-48.259999999999998
 30
0
 40
0.175
  0
CIRCLE
  5
4A2
330
1B
100
AcDbEntity
  8
F.Cu
100
AcDbCircle
 10
53.0150000000000006
 20
-48.259999999999998
 30
0
 40
0.175
  0
CIRCLE
  5
4A3
330
1B
100
AcDbEntity
  8
F.Cu
100
AcDbCircle
 10
39.2650000000000006
 20
-39.3699999999999974
 30
0
 40
0.175
  0
CIRCLE
  5
4A4
330
1B
100
AcDbEntity
  8
F.Cu
100
AcDbCircle
 10
41.8049999999999997
 20
-39.3699999999999974
 30
0
 40
0.175
  0
CIRCLE
  5
4A5
330
1B
100
AcDbEntity
  8
F.Cu
100
AcDbCircle
 10
44.3449999999999989
 20
-39.3699999999999974
 30
0
 40
0.175
  0
CIRCLE
  5
4A6
330
1B
100
AcDbEntity
  8
F.Cu
100
AcDbCircle
 10
46.884999999999998
 20
-39.3699999999999974
 30
0
 40
0.175
  0
CIRCLE
  5
4A7
330
1B
100
AcDbEntity
  8
F.Cu
100
AcDbCircle
 10
49.4249999999999972
 20
-39.3699999999999974
 30
0
 40
0.175
  0
CIRCLE
  5
4A8
330
1B
100
AcDbEntity
  8
F.Cu
100
AcDbCircle
 10
51.9649999999999963
 20
-39.3699999999999974
 30
0
 40
0.175
  0
CIRCLE
  5
4A9
330
1B
100
AcDbEntity
  8
F.Cu
100
AcDbCircle
 10
54.5049999999999955
 20
-39.3699999999999974
 30
0
 40
0.175
  0
CIRCLE
  5
4AA
330
1B
100
AcDbEntity
  8
F.Cu
100
AcDbCircle
 10
54.5049999999999955
 20
-31.75
 30
0
 40
0.175
  0
CIRCLE
  5
4AB
330
1B
100
AcDbEntity
  8
F.Cu
100
AcDbCircle
 10
51.9649999999999963
 20
-31.75
 30
0
 40
0.175
  0
CIRCLE
  5
4AC
330
1B
100
AcDbEntity
  8
F.Cu
100
AcDbCircle
 10
49.4249999999999972
 20
-31.75
 30
0
 40
0.175
  0
CIRCLE
  5
4AD
330
1B
100
AcDbEntity
  8
F.Cu
100
AcDbCircle
 10
46.884999999999998
 20
-31.75
 30
0
 40
0.175
  0
CIRCLE
  5
4AE
330
1B
100
AcDbEntity
  8
F.Cu
100
AcDbCircle
 10
44.3449999999999989
 20
-31.75
 30
0
 40
0.175
  0
CIRCLE
  5
4AF
330
1B
100
AcDbEntity
  8
F.Cu
100
AcDbCircle
 10
41.8049999999999997
 20
-31.75
 30
0
 40
0.175
  0
CIRCLE
  5
4B0
330
1B
100
AcDbEntity
  8
F.Cu
100
AcDbCircle
 10
39.2650000000000006
 20
-31.75
 30
0
 40
0.175
  0
CIRCLE
  5
4B1
330
1B
100
AcDbEntity
  8
F.Cu
100
AcDbCircle
 10
30.6950000000000003
 20
-55.8799999999999955
 30
0
 40
0.175
  0
CIRCLE
  5
4B2
330
1B
100
AcDbEntity
  8
F.Cu
100
AcDbCircle
 10
35.6950000000000003
 20
-55.8799999999999955
 30
0
 40
0.175
  0
CIRCLE
  5
4B3
330
1B
100
AcDbEntity
  8
F.Cu
100
AcDbCircle
 10
23.9949999999999974
 20
-24.0649999999999977
 30
0
 40
0.175
  0
CIRCLE
  5
4B4
330
1B
100
AcDbEntity
  8
F.Cu
100
AcDbCircle
 10
23.9949999999999974
 20
-26.6050000000000004
 30
0
 40
0.175
  0
CIRCLE
  5
4B5
330
1B
100
AcDbEntity
  8
F.Cu
100
AcDbCircle
 10
23.9949999999999974
 20
-29.1449999999999996
 30
0
 40
0.175
  0
CIRCLE
  5
4B6
330
1B
100
AcDbEntity
  8
F.Cu
100
AcDbCircle
 10
23.9949999999999974
 20
-31.6849999999999987
 30
0
 40
0.175
  0
CIRCLE
  5
4B7
330
1B
100
AcDbEntity
  8
F.Cu
100
AcDbCircle
 10
31.6149999999999984
 20
-31.6849999999999987
 30
0
 40
0.175
  0
CIRCLE
  5
4B8
330
1B
100
AcDbEntity
  8
F.Cu
100
AcDbCircle
 10
31.6149999999999984
 20
-29.1449999999999996
 30
0
 40
0.175
  0
CIRCLE
  5
4B9
330
1B
100
AcDbEntity
  8
F.Cu
100
AcDbCircle
 10
31.6149999999999984
 20
-26.6050000000000004
 30
0
 40
0.175
  0
CIRCLE
  5
4BA
330
1B
100
AcDbEntity
  8
F.Cu
100
AcDbCircle
 10
31.6149999999999984
 20
-24.0649999999999977
 30
0
 40
0.175
  0
CIRCLE
  5
4BB
330
1B
100
AcDbEntity
  8
F.Cu
100
AcDbCircle
 10
40.4249999999999972
 20
-55.8799999999999955
 30
0
 40
0.175
  0
CIRCLE
  5
4BC
330
1B
100
AcDbEntity
  8
F.Cu
100
AcDbCircle
 10
48.0449999999999946
 20
-55.8799999999999955
 30
0
 40
0.175
  0
CIRCLE
  5
4BD
330
1B
100
AcDbEntity
  8
F.Cu
100
AcDbCircle
 10
36.7650000000000006
 20
-26.1699999999999982
 30
0
 40
0.175
  0
CIRCLE
  5
4BE
330
1B
100
AcDbEntity
  8
F.Cu
100
AcDbCircle
 10
41.7650000000000006
 20
-26.1699999999999982
 30
0
 40
0.175
  0
CIRCLE
  5
4BF
330
1B
100
AcDbEntity
  8
F.Cu
100
AcDbCircle
 10
35.9450000000000003
 20
-48.259999999999998
 30
0
 40
0.175
  0
CIRCLE
  5
4C0
330
1B
100
AcDbEntity
  8
F.Cu
100
AcDbCircle
 10
40.9450000000000003
 20
-48.259999999999998
 30
0
 40
0.175
  0
CIRCLE
  5
4C1
330
1B
100
AcDbEntity
  8
F.Cu
100
AcDbCircle
 10
23.5949999999999989
 20
-48.259999999999998
 30
0
 40
0.175
  0
CIRCLE
  5
4C2
330
1B
100
AcDbEntity
  8
F.Cu
100
AcDbCircle
 10
31.2149999999999999
 20
-48.259999999999998
 30
0
 40
0.175
  0
CIRCLE
  5
4C3
330
1B
100
AcDbEntity
  8
F.Cu
100
AcDbCircle
 10
48.134999999999998
 20
-48.259999999999998
 30
0
 40
0.175
  0
CIRCLE
  5
4C4
330
1B
100
AcDbEntity
  8
F.Cu
100
AcDbCircle
 10
53.0150000000000006
 20
-48.259999999999998
 30
0
 40
0.175
  0
CIRCLE
  5
4C5
330
1B
100
AcDbEntity
  8
F.Cu
100
AcDbCircle
 10
39.2650000000000006
 20
-39.3699999999999974
 30
0
 40
0.175
  0
CIRCLE
  5
4C6
330
1B
100
AcDbEntity
  8
F.Cu
100
AcDbCircle
 10
41.8049999999999997
 20
-39.3699999999999974
 30
0
 40
0.175
  0
CIRCLE
  5
4C7
330
1B
100
AcDbEntity
  8
F.Cu
100
AcDbCircle
 10
44.3449999999999989
 20
-39.3699999999999974
 30
0
 40
0.175
  0
CIRCLE
  5
4C8
330
1B
100
AcDbEntity
  8
F.Cu
100
AcDbCircle
 10
46.884999999999998
 20
-39.3699999999999974
 30
0
 40
0.175
  0
CIRCLE
  5
4C9
330
1B
100
AcDbEntity
  8
F.Cu
100
AcDbCircle
 10
49.4249999999999972
 20
-39.3699999999999974
 30
0
 40
0.175
  0
CIRCLE
  5
4CA
330
1B
100
AcDbEntity
  8
F.Cu
100
AcDbCircle
 10
51.9649999999999963
 20
-39.3699999999999974
 30
0
 40
0.175
  0
CIRCLE
  5
4CB
330
1B
100
AcDbEntity
  8
F.Cu
100
AcDbCircle
 10
54.5049999999999955
 20
-39.3699999999999974
 30
0
 40
0.175
  0
CIRCLE
  5
4CC
330
1B
100
AcDbEntity
  8
F.Cu
100
AcDbCircle
 10
54.5049999999999955
 20
-31.75
 30
0
 40
0.175
  0
CIRCLE
  5
4CD
330
1B
100
AcDbEntity
  8
F.Cu
100
AcDbCircle
 10
51.9649999999999963
 20
-31.75
 30
0
 40
0.175
  0
CIRCLE
  5
4CE
330
1B
100
AcDbEntity
  8
F.Cu
100
AcDbCircle
 10
49.4249999999999972
 20
-31.75
 30
0
 40
0.175
  0
CIRCLE
  5
4CF
330
1B
100
AcDbEntity
  8
F.Cu
100
AcDbCircle
 10
46.884999999999998
 20
-31.75
 30
0
 40
0.175
  0
CIRCLE
  5
4D0
330
1B
100
AcDbEntity
  8
F.Cu
100
AcDbCircle
 10
44.3449999999999989
 20
-31.75
 30
0
 40
0.175
  0
CIRCLE
  5
4D1
330
1B
100
AcDbEntity
  8
F.Cu
100
AcDbCircle
 10
41.8049999999999997
 20
-31.75
 30
0
 40
0.175
  0
CIRCLE
  5
4D2
330
1B
100
AcDbEntity
  8
F.Cu
100
AcDbCircle
 10
39.2650000000000006
 20
-31.75
 30
0
 40
0.175
  0
CIRCLE
  5
4D3
330
1B
100
AcDbEntity
  8
F.Cu
100
AcDbCircle
 10
30.6950000000000003
 20
-55.8799999999999955
 30
0
 40
0.175
  0
CIRCLE
  5
4D4
330
1B
100
AcDbEntity
  8
F.Cu
100
AcDbCircle
 10
35.6950000000000003
 20
-55.8799999999999955
 30
0
 40
0.175
  0
CIRCLE
  5
4D5
330
1B
100
AcDbEntity
  8
F.Cu
100
AcDbCircle
 10
23.9949999999999974
 20
-24.0649999999999977
 30
0
 40
0.175
  0
CIRCLE
  5
4D6
330
1B
100
AcDbEntity
  8
F.Cu
100
AcDbCircle
 10
23.9949999999999974
 20
-26.6050000000000004
 30
0
 40
0.175
  0
CIRCLE
  5
4D7
330
1B
100
AcDbEntity
  8
F.Cu
100
AcDbCircle
 10
23.9949999999999974
 20
-29.1449999999999996
 30
0
 40
0.175
  0
CIRCLE
  5
4D8
330
1B
100
AcDbEntity
  8
F.Cu
100
AcDbCircle
 10
23.9949999999999974
 20
-31.6849999999999987
 30
0
 40
0.175
  0
CIRCLE
  5
4D9
330
1B
100
AcDbEntity
  8
F.Cu
100
AcDbCircle
 10
31.6149999999999984
 20
-31.6849999999999987
 30
0
 40
0.175
  0
CIRCLE
  5
4DA
330
1B
100
AcDbEntity
  8
F.Cu
100
AcDbCircle
 10
31.6149999999999984
 20
-29.1449999999999996
 30
0
 40
0.175
  0
CIRCLE
  5
4DB
330
1B
100
AcDbEntity
  8
F.Cu
100
AcDbCircle
 10
31.6149999999999984
 20
-26.6050000000000004
 30
0
 40
0.175
  0
CIRCLE
  5
4DC
330
1B
100
AcDbEntity
  8
F.Cu
100
AcDbCircle
 10
31.6149999999999984
 20
-24.0649999999999977
 30
0
 40
0.175
  0
CIRCLE
  5
4DD
330
1B
100
AcDbEntity
  8
F.Cu
100
AcDbCircle
 10
40.4249999999999972
 20
-55.8799999999999955
 30
0
 40
0.175
  0
CIRCLE
  5
4DE
330
1B
100
AcDbEntity
  8
F.Cu
100
AcDbCircle
 10
48.0449999999999946
 20
-55.8799999999999955
 30
0
 40
0.175
  0
CIRCLE
  5
4DF
330
1B
100
AcDbEntity
  8
F.Cu
100
AcDbCircle
 10
36.7650000000000006
 20
-26.1699999999999982
 30
0
 40
0.175
  0
CIRCLE
  5
4E0
330
1B
100
AcDbEntity
  8
F.Cu
100
AcDbCircle
 10
41.7650000000000006
 20
-26.1699999999999982
 30
0
 40
0.175
  0
CIRCLE
  5
4E1
330
1B
100
AcDbEntity
  8
F.Cu
100
AcDbCircle
 10
35.9450000000000003
 20
-48.259999999999998
 30
0
 40
0.175
  0
CIRCLE
  5
4E2
330
1B
100
AcDbEntity
  8
F.Cu
100
AcDbCircle
 10
40.9450000000000003
 20
-48.259999999999998
 30
0
 40
0.175
  0
CIRCLE
  5
4E3
330
1B
100
AcDbEntity
  8
F.Cu
100
AcDbCircle
 10
23.5949999999999989
 20
-48.259999999999998
 30
0
 40
0.175
  0
CIRCLE
  5
4E4
330
1B
100
AcDbEntity
  8
F.Cu
100
AcDbCircle
 10
31.2149999999999999
 20
-48.259999999999998
 30
0
 40
0.175
  0
LINE
  5
4E5
330
1B
100
AcDbEntity
  8
Edge.Cuts
  6
CONTINUOUS
100
AcDbLine
 10
20.
 20
-20.
 30
0
 11
61.8999999999999986
 21
-20.
 31
0
  0
LINE
  5
4E6
330
1B
100
AcDbEntity
  8
Edge.Cuts
  6
CONTINUOUS
100
AcDbLine
 10
61.8999999999999986
 20
-20.
 30
0
 11
61.8999999999999986
 21
-64.
 31
0
  0
LINE
  5
4E7
330
1B
100
AcDbEntity
  8
Edge.Cuts
  6
CONTINUOUS
100
AcDbLine
 10
61.8999999999999986
 20
-64.
 30
0
 11
20.
 21
-64.
 31
0
  0
LINE
  5
4E8
330
1B
100
AcDbEntity
  8
Edge.Cuts
  6
CONTINUOUS
100
AcDbLine
 10
20.
 20
-64.
 30
0
 11
20.
 21
-20.
 31
0
  0
CIRCLE
  5
4E9
330
1B
100
AcDbEntity
  8
Edge.Cuts
100
AcDbCircle
 10
48.134999999999998
 20
-48.259999999999998
 30
0
 40
0.175
  0
CIRCLE
  5
4EA
330
1B
100
AcDbEntity
  8
Edge.Cuts
100
AcDbCircle
 10
53.0150000000000006
 20
-48.259999999999998
 30
0
 40
0.175
  0
CIRCLE
  5
4EB
330
1B
100
AcDbEntity
  8
Edge.Cuts
100
AcDbCircle
 10
39.2650000000000006
 20
-39.3699999999999974
 30
0
 40
0.175
  0
CIRCLE
  5
4EC
330
1B
100
AcDbEntity
  8
Edge.Cuts
100
AcDbCircle
 10
41.8049999999999997
 20
-39.3699999999999974
 30
0
 40
0.175
  0
CIRCLE
  5
4ED
330
1B
100
AcDbEntity
  8
Edge.Cuts
100
AcDbCircle
 10
44.3449999999999989
 20
-39.3699999999999974
 30
0
 40
0.175
  0
CIRCLE
  5
4EE
330
1B
100
AcDbEntity
  8
Edge.Cuts
100
AcDbCircle
 10
46.884999999999998
 20
-39.3699999999999974
 30
0
 40
0.175
  0
CIRCLE
  5
4EF
330
1B
100
AcDbEntity
  8
Edge.Cuts
100
AcDbCircle
 10
49.4249999999999972
 20
-39.3699999999999974
 30
0
 40
0.175
  0
CIRCLE
  5
4F0
330
1B
100
AcDbEntity
  8
Edge.Cuts
100
AcDbCircle
 10
51.9649999999999963
 20
-39.3699999999999974
 30
0
 40
0.175
  0
CIRCLE
  5
4F1
330
1B
100
AcDbEntity
  8
Edge.Cuts
100
AcDbCircle
 10
54.5049999999999955
 20
-39.3699999999999974
 30
0
 40
0.175
  0
CIRCLE
  5
4F2
330
1B
100
AcDbEntity
  8
Edge.Cuts
100
AcDbCircle
 10
54.5049999999999955
 20
-31.75
 30
0
 40
0.175
  0
CIRCLE
  5
4F3
330
1B
100
AcDbEntity
  8
Edge.Cuts
100
AcDbCircle
 10
51.9649999999999963
 20
-31.75
 30
0
 40
0.175
  0
CIRCLE
  5
4F4
330
1B
100
AcDbEntity
  8
Edge.Cuts
100
AcDbCircle
 10
49.4249999999999972
 20
-31.75
 30
0
 40
0.175
  0
CIRCLE
  5
4F5
330
1B
100
AcDbEntity
  8
Edge.Cuts
100
AcDbCircle
 10
46.884999999999998
 20
-31.75
 30
0
 40
0.175
  0
CIRCLE
  5
4F6
330
1B
100
AcDbEntity
  8
Edge.Cuts
100
AcDbCircle
 10
44.3449999999999989
 20
-31.75
 30
0
 40
0.175
  0
CIRCLE
  5
4F7
330
1B
100
AcDbEntity
  8
Edge.Cuts
100
AcDbCircle
 10
41.8049999999999997
 20
-31.75
 30
0
 40
0.175
  0
CIRCLE
  5
4F8
330
1B
100
AcDbEntity
  8
Edge.Cuts
100
AcDbCircle
 10
39.2650000000000006
 20
-31.75
 30
0
 40
0.175
  0
CIRCLE
  5
4F9
330
1B
100
AcDbEntity
  8
Edge.Cuts
100
AcDbCircle
 10
30.6950000000000003
 20
-55.8799999999999955
 30
0
 40
0.175
  0
CIRCLE
  5
4FA
330
1B
100
AcDbEntity
  8
Edge.Cuts
100
AcDbCircle
 10
35.6950000000000003
 20
-55.8799999999999955
 30
0
 40
0.175
  0
CIRCLE
  5
4FB
330
1B
100
AcDbEntity
  8
Edge.Cuts
100
AcDbCircle
 10
23.9949999999999974
 20
-24.0649999999999977
 30
0
 40
0.175
  0
CIRCLE
  5
4FC
330
1B
100
AcDbEntity
  8
Edge.Cuts
100
AcDbCircle
 10
23.9949999999999974
 20
-26.6050000000000004
 30
0
 40
0.175
  0
CIRCLE
  5
4FD
330
1B
100
AcDbEntity
  8
Edge.Cuts
100
AcDbCircle
 10
23.9949999999999974
 20
-29.1449999999999996
 30
0
 40
0.175
  0
CIRCLE
  5
4FE
330
1B
100
AcDbEntity
  8
Edge.Cuts
100
AcDbCircle
 10
23.9949999999999974
 20
-31.6849999999999987
 30
0
 40
0.175
  0
CIRCLE
  5
4FF
330
1B
100
AcDbEntity
  8
Edge.Cuts
100
AcDbCircle
 10
31.6149999999999984
 20
-31.6849999999999987
 30
0
 40
0.175
  0
CIRCLE
  5
500
330
1B
100
AcDbEntity
  8
Edge.Cuts
100
AcDbCircle
 10
31.6149999999999984
 20
-29.1449999999999996
 30
0
 40
0.175
  0
CIRCLE
  5
501
330
1B
100
AcDbEntity
  8
Edge.Cuts
100
AcDbCircle
 10
31.6149999999999984
 20
-26.6050000000000004
 30
0
 40
0.175
  0
CIRCLE
  5
502
330
1B
100
AcDbEntity
  8
Edge.Cuts
100
AcDbCircle
 10
31.6149999999999984
 20
-24.0649999999999977
 30
0
 40
0.175
  0
CIRCLE
  5
503
330
1B
100
AcDbEntity
  8
Edge.Cuts
100
AcDbCircle
 10
40.4249999999999972
 20
-55.8799999999999955
 30
0
 40
0.175
  0
CIRCLE
  5
504
330
1B
100
AcDbEntity
  8
Edge.Cuts
100
AcDbCircle
 10
48.0449999999999946
 20
-55.8799999999999955
 30
0
 40
0.175
  0
CIRCLE
  5
505
330
1B
100
AcDbEntity
  8
Edge.Cuts
100
AcDbCircle
 10
36.7650000000000006
 20
-26.1699999999999982
 30
0
 40
0.175
  0
CIRCLE
  5
506
330
1B
100
AcDbEntity
  8
Edge.Cuts
100
AcDbCircle
 10
41.7650000000000006
 20
-26.1699999999999982
 30
0
 40
0.175
  0
CIRCLE
  5
507
330
1B
100
AcDbEntity
  8
Edge.Cuts
100
AcDbCircle
 10
35.9450000000000003
 20
-48.259999999999998
 30
0
 40
0.175
  0
CIRCLE
  5
508
330
1B
100
AcDbEntity
  8
Edge.Cuts
100
AcDbCircle
 10
40.9450000000000003
 20
-48.259999999999998
 30
0
 40
0.175
  0
CIRCLE
  5
509
330
1B
100
AcDbEntity
  8
Edge.Cuts
100
AcDbCircle
 10
23.5949999999999989
 20
-48.259999999999998
 30
0
 40
0.175
  0
CIRCLE
  5
50A
330
1B
100
AcDbEntity
  8
Edge.Cuts
100
AcDbCircle
 10
31.2149999999999999
 20
-48.259999999999998
 30
0
 40
0.175
  0
ENDSEC
  0
SECTION
  2
OBJECTS
  0
DICTIONARY
  5
21
330
0
100
AcDbDictionary
281
1
  3
ACAD_GROUP
350
50B
  3
ACAD_LAYOUT
350
22
  3
ACAD_PLOTSTYLENAME
350
11
  0
DICTIONARY
  5
50B
330
21
100
AcDbDictionary
281
1
  0
ACDBDICTIONARYWDFLT
  5
11
330
21
100
AcDbDictionary
281
1
  3
Normal
350
10
100
AcDbDictionaryWithDefault
340
10
  0
ACDBPLACEHOLDER
  5
10
330
11
  0
DICTIONARY
  5
22
330
21
100
AcDbDictionary
281
1
  3
Model
350
1E
  3
Layout1
350
1F
  3
Layout2
350
20
  0
LAYOUT
  5
1E
330
22
100
AcDbPlotSettings
  1

  2
none_device
  4
A3
  6

 40
0.0
 41
0.0
 42
0.0
 43
0.0
 44
420.0
 45
297.0
 46
0.0
 47
0.0
 48
0.0
 49
0.0
140
0.0
141
0.0
142
1.0
143
1.0
 70
1024
 72
1
 73
0
 74
5
  7

 75
16
 76
0
 77
2
 78
300
147
1.0
148
0.0
149
0.0
100
AcDbLayout
  1
Model
 70
1
 71
0
 10
0.0
 20
0.0
 11
420.0
 21
297.0
 12
0.0
 22
0.0
 32
0.0
 14
1e+20
 24
1e+20
 34
1e+20
 15
-1e+20
 25
-1e+20
 35
-1e+20
146
0.0
 13
0.0
 23
0.0
 33
0.0
 16
1.0
 26
0.0
 36
0.0
 17
0.0
 27
1.0
 37
0.0
 76
0
330
1B
  0
LAYOUT
  5
1F
330
22
100
AcDbPlotSettings
  1

  2
none_device
  4
A3
  6

 40
0.0
 41
0.0
 42
0.0
 43
0.0
 44
420.0
 45
297.0
 46
0.0
 47
0.0
 48
0.0
 49
0.0
140
0.0
141
0.0
142
1.0
143
1.0
 70
0
 72
1
 73
0
 74
5
  7

 75
16
 76
0
 77
2
 78
300
147
1.0
148
0.0
149
0.0
100
AcDbLayout
  1
Layout1
 70
1
 71
1
 10
0.0
 20
0.0
 11
420.0
 21
297.0
 12
0.0
 22
0.0
 32
0.0
 14
1e+20
 24
1e+20
 34
1e+20
 15
-1e+20
 25
-1e+20
 35
-1e+20
146
0.0
 13
0.0
 23
0.0
 33
0.0
 16
1.0
 26
0.0
 36
0.0
 17
0.0
 27
1.0
 37
0.0
 76
0
330
1C
  0
LAYOUT
  5
20
330
22
100
AcDbPlotSettings
  1

  2
none_device
  4
A3
  6

 40
0.0
 41
0.0
 42
0.0
 43
0.0
 44
420.0
 45
297.0
 46
0.0
 47
0.0
 48
0.0
 49
0.0
140
0.0
141
0.0
142
1.0
143
1.0
 70
0
 72
1
 73
0
 74
5
  7

 75
16
 76
0
 77
2
 78
300
147
1.0
148
0.0
149
0.0
100
AcDbLayout
  1
Layout2
 70
1
 71
2
 10
0.0
 20
0.0
 11
420.0
 21
297.0
 12
0.0
 22
0.0
 32
0.0
 14
1e+20
 24
1e+20
 34
1e+20
 15
-1e+20
 25
-1e+20
 35
-1e+20
146
0.0
 13
0.0
 23
0.0
 33
0.0
 16
1.0
 26
0.0
 36
0.0
 17
0.0
 27
1.0
 37
0.0
 76
0
330
1D
  0
ENDSEC
  0
EOF
