  0
SECTION
  2
HEADER
  9
$ACADVER
  1
AC1018
  9
$HANDSEED
  5
FFFFFFFF
  9
$ANGBASE
  50
0.0
  9
$ANGDIR
  70
1
  9
$MEASUREMENT
  70
1
  9
$INSUNITS
  70
4
  0
ENDSEC
  0
SECTION
  2
TABLES
  0
TABLE
  2
APPID
  5
1
330
0
100
AcDbSymbolTable
 70
1
  0
APPID
  5
2
330
1
100
AcDbSymbolTableRecord
100
AcDbRegAppTableRecord
  2
ACAD
 70
0
  0
ENDTAB
  0
TABLE
  2
LTYPE
  5
3
330
0
100
AcDbSymbolTable
 70
6
  0
LTYPE
  5
4
330
3
100
AcDbSymbolTableRecord
100
AcDbLinetypeTableRecord
  2
ByBlock
 70
0
  3

 72
65
 73
0
 40
0
  0
LTYPE
  5
5
330
3
100
AcDbSymbolTableRecord
100
AcDbLinetypeTableRecord
  2
ByLayer
 70
0
  3

 72
65
 73
0
 40
0
  0
LTYPE
  5
6
330
3
100
AcDbSymbolTableRecord
100
AcDbLinetypeTableRecord
  2
CONTINUOUS
 70
0
  3
Solid line
 72
65
 73
0
 40
0
  0
LTYPE
  5
7
330
3
100
AcDbSymbolTableRecord
100
AcDbLinetypeTableRecord
  2
DASHDOT
 70
0
  3
Dash Dot ____ _ ____ _
 72
65
 73
4
 40
2
 49
1.25
 74
0
 49
-0.25
 74
0
 49
0.25
 74
0
 49
-0.25
 74
0
  0
LTYPE
  5
8
330
3
100
AcDbSymbolTableRecord
100
AcDbLinetypeTableRecord
  2
DASHED
 70
0
  3
Dashed __ __ __ __ __
 72
65
 73
2
 40
0.75
 49
0.5
 74
0
 49
-0.25
 74
0
  0
LTYPE
  5
9
330
3
100
AcDbSymbolTableRecord
100
AcDbLinetypeTableRecord
  2
DOTTED
 70
0
  3
Dotted .  .  .  .
 72
65
 73
2
 40
0.2
 49
0.0
 74
0
 49
-0.2
 74
0
  0
ENDTAB
  0
TABLE
  2
STYLE
  5
A
330
0
100
AcDbSymbolTable
 70
4
  0
STYLE
  5
B
330
A
100
AcDbSymbolTableRecord
100
AcDbTextStyleTableRecord
  2
KICAD
 70
0
 40
0
 41
1
 42
1
 50
0
 71
0
  3
isocp.shx
  0
STYLE
  5
C
330
A
100
AcDbSymbolTableRecord
100
AcDbTextStyleTableRecord
  2
KICADB
 70
0
 40
0
 41
1
 42
1
 50
0
 71
0
  3
isocp.shx
  0
STYLE
  5
D
330
A
100
AcDbSymbolTableRecord
100
AcDbTextStyleTableRecord
  2
KICADI
 70
0
 40
0
 41
1
 42
1
 50
15
 71
0
  3
isocp.shx
  0
STYLE
  5
E
330
A
100
AcDbSymbolTableRecord
100
AcDbTextStyleTableRecord
  2
KICADBI
 70
0
 40
0
 41
1
 42
1
 50
15
 71
0
  3
isocp.shx
  0
ENDTAB
  0
TABLE
  2
LAYER
  5
F
330
0
100
AcDbSymbolTable
 70
3
  0
LAYER
  5
12
330
F
100
AcDbSymbolTableRecord
100
AcDbLayerTableRecord
  2
0
 70
0
 62
7
  6
CONTINUOUS
390
10
  0
LAYER
  5
13
330
F
100
AcDbSymbolTableRecord
100
AcDbLayerTableRecord
  2
B.Cu
 70
0
 62
253
420
8627608
  6
CONTINUOUS
390
10
  0
LAYER
  5
14
330
F
100
AcDbSymbolTableRecord
100
AcDbLayerTableRecord
  2
Edge.Cuts
 70
0
 62
40
420
16432431
  6
CONTINUOUS
390
10
  0
ENDTAB
  0
TABLE
  2
VPORT
  5
15
330
0
100
AcDbSymbolTable
 70
0
  0
ENDTAB
  0
TABLE
  2
VIEW
  5
16
330
0
100
AcDbSymbolTable
 70
0
  0
ENDTAB
  0
TABLE
  2
UCS
  5
17
330
0
100
AcDbSymbolTable
 70
0
  0
ENDTAB
  0
TABLE
  2
DIMSTYLE
  5
18
330
0
100
AcDbSymbolTable
 70
1
100
AcDbDimStyleTable
 71
0
  0
DIMSTYLE
105
19
330
18
100
AcDbSymbolTableRecord
100
AcDbDimStyleTableRecord
  2
Standard
 70
0
  0
ENDTAB
  0
TABLE
  2
BLOCK_RECORD
  5
1A
330
0
100
AcDbSymbolTable
 70
3
  0
BLOCK_RECORD
  5
1B
330
1A
100
AcDbSymbolTableRecord
100
AcDbBlockTableRecord
  2
*Model_Space
340
1E
 70
0
280
1
281
0
  0
BLOCK_RECORD
  5
1C
330
1A
100
AcDbSymbolTableRecord
100
AcDbBlockTableRecord
  2
*Paper_Space
340
1F
 70
0
280
1
281
0
  0
BLOCK_RECORD
  5
1D
330
1A
100
AcDbSymbolTableRecord
100
AcDbBlockTableRecord
  2
*Paper_Space0
340
20
 70
0
280
1
281
0
  0
ENDTAB
  0
ENDSEC
  0
SECTION
  2
BLOCKS
  0
BLOCK
  5
24
330
1B
100
AcDbEntity
  8
0
100
AcDbBlockBegin
  2
*Model_Space
 70
0
 10
0.0
 20
0.0
 30
0.0
  3
*Model_Space
  1

  0
ENDBLK
  5
23
330
1B
100
AcDbEntity
  8
0
100
AcDbBlockEnd
  0
BLOCK
  5
26
330
1C
100
AcDbEntity
 67
1
  8
0
100
AcDbBlockBegin
  2
*Paper_Space
 70
0
 10
0.0
 20
0.0
 30
0.0
  3
*Paper_Space
  1

  0
ENDBLK
  5
25
330
1C
100
AcDbEntity
 67
1
  8
0
100
AcDbBlockEnd
  0
BLOCK
  5
28
330
1D
100
AcDbEntity
 67
1
  8
0
100
AcDbBlockBegin
  2
*Paper_Space0
 70
0
 10
0.0
 20
0.0
 30
0.0
  3
*Paper_Space0
  1

  0
ENDBLK
  5
27
330
1D
100
AcDbEntity
 67
1
  8
0
100
AcDbBlockEnd
  0
ENDSEC
  0
SECTION
  2
ENTITIES
  0
LINE
  5
29
330
1B
100
AcDbEntity
  8
B.Cu
  6
CONTINUOUS
100
AcDbLine
 10
39.9106710000000007
 20
-38.1890299999999954
 30
0
 11
39.991776999999999
 21
-38.2432230000000004
 31
0
  0
LINE
  5
2A
330
1B
100
AcDbEntity
  8
B.Cu
  6
CONTINUOUS
100
AcDbLine
 10
39.991776999999999
 20
-38.2432230000000004
 30
0
 11
40.045969999999997
 21
-38.3243289999999988
 31
0
  0
LINE
  5
2B
330
1B
100
AcDbEntity
  8
B.Cu
  6
CONTINUOUS
100
AcDbLine
 10
40.045969999999997
 20
-38.3243289999999988
 30
0
 11
40.0649999999999977
 21
-38.4200000000000017
 31
0
  0
LINE
  5
2C
330
1B
100
AcDbEntity
  8
B.Cu
  6
CONTINUOUS
100
AcDbLine
 10
40.0649999999999977
 20
-38.4200000000000017
 30
0
 11
40.0649999999999977
 21
-40.3200000000000003
 31
0
  0
LINE
  5
2D
330
1B
100
AcDbEntity
  8
B.Cu
  6
CONTINUOUS
100
AcDbLine
 10
40.0649999999999977
 20
-40.3200000000000003
 30
0
 11
40.0577899999999971
 21
-40.3562429999999992
 31
0
  0
LINE
  5
2E
330
1B
100
AcDbEntity
  8
B.Cu
  6
CONTINUOUS
100
AcDbLine
 10
40.0577899999999971
 20
-40.3562429999999992
 30
0
 11
47.4615480000000005
 21
-47.759999999999998
 31
0
  0
LINE
  5
2F
330
1B
100
AcDbEntity
  8
B.Cu
  6
CONTINUOUS
100
AcDbLine
 10
47.4615480000000005
 20
-47.759999999999998
 30
0
 11
47.5794469999999947
 21
-47.759999999999998
 31
0
  0
LINE
  5
30
330
1B
100
AcDbEntity
  8
B.Cu
  6
CONTINUOUS
100
AcDbLine
 10
47.5794469999999947
 20
-47.759999999999998
 30
0
 11
47.659205
 21
-47.6802419999999998
 31
0
  0
LINE
  5
31
330
1B
100
AcDbEntity
  8
B.Cu
  6
CONTINUOUS
100
AcDbLine
 10
47.659205
 20
-47.6802419999999998
 30
0
 11
47.7814519999999945
 21
-47.5985589999999945
 31
0
  0
LINE
  5
32
330
1B
100
AcDbEntity
  8
B.Cu
  6
CONTINUOUS
100
AcDbLine
 10
47.7814519999999945
 20
-47.5985589999999945
 30
0
 11
47.9172859999999972
 21
-47.5422949999999958
 31
0
  0
LINE
  5
33
330
1B
100
AcDbEntity
  8
B.Cu
  6
CONTINUOUS
100
AcDbLine
 10
47.9172859999999972
 20
-47.5422949999999958
 30
0
 11
48.0614869999999996
 21
-47.5136109999999974
 31
0
  0
LINE
  5
34
330
1B
100
AcDbEntity
  8
B.Cu
  6
CONTINUOUS
100
AcDbLine
 10
48.0614869999999996
 20
-47.5136109999999974
 30
0
 11
48.1742829999999955
 21
-47.5136109999999974
 31
0
  0
LINE
  5
35
330
1B
100
AcDbEntity
  8
B.Cu
  6
CONTINUOUS
100
AcDbLine
 10
48.1742829999999955
 20
-47.5136109999999974
 30
0
 11
50.1914469999999966
 21
-45.4964459999999988
 31
0
  0
LINE
  5
36
330
1B
100
AcDbEntity
  8
B.Cu
  6
CONTINUOUS
100
AcDbLine
 10
50.1914469999999966
 20
-45.4964459999999988
 30
0
 11
50.2406110000000012
 21
-45.4533300000000011
 31
0
  0
LINE
  5
37
330
1B
100
AcDbEntity
  8
B.Cu
  6
CONTINUOUS
100
AcDbLine
 10
50.2406110000000012
 20
-45.4533300000000011
 30
0
 11
50.2406189999999953
 21
-45.4533229999999975
 31
0
  0
LINE
  5
38
330
1B
100
AcDbEntity
  8
B.Cu
  6
CONTINUOUS
100
AcDbLine
 10
50.2406189999999953
 20
-45.4533229999999975
 30
0
 11
50.3536579999999958
 21
-45.3880599999999959
 31
0
  0
LINE
  5
39
330
1B
100
AcDbEntity
  8
B.Cu
  6
CONTINUOUS
100
AcDbLine
 10
50.3536579999999958
 20
-45.3880599999999959
 30
0
 11
50.3803009999999958
 21
-45.3809199999999962
 31
0
  0
LINE
  5
3A
330
1B
100
AcDbEntity
  8
B.Cu
  6
CONTINUOUS
100
AcDbLine
 10
50.3803009999999958
 20
-45.3809199999999962
 30
0
 11
50.4797370000000001
 21
-45.3542769999999962
 31
0
  0
LINE
  5
3B
330
1B
100
AcDbEntity
  8
B.Cu
  6
CONTINUOUS
100
AcDbLine
 10
50.4797370000000001
 20
-45.3542769999999962
 30
0
 11
50.4797519999999977
 21
-45.3542769999999962
 31
0
  0
LINE
  5
3C
330
1B
100
AcDbEntity
  8
B.Cu
  6
CONTINUOUS
100
AcDbLine
 10
50.4797519999999977
 20
-45.3542769999999962
 30
0
 11
50.5449999999999946
 21
-45.3500000000000014
 31
0
  0
LINE
  5
3D
330
1B
100
AcDbEntity
  8
B.Cu
  6
CONTINUOUS
100
AcDbLine
 10
50.5449999999999946
 20
-45.3500000000000014
 30
0
 11
55.3499999999999943
 21
-45.3500000000000014
 31
0
  0
LINE
  5
3E
330
1B
100
AcDbEntity
  8
B.Cu
  6
CONTINUOUS
100
AcDbLine
 10
55.3499999999999943
 20
-45.3500000000000014
 30
0
 11
55.4152479999999983
 21
-45.3542769999999962
 31
0
  0
LINE
  5
3F
330
1B
100
AcDbEntity
  8
B.Cu
  6
CONTINUOUS
100
AcDbLine
 10
55.4152479999999983
 20
-45.3542769999999962
 30
0
 11
55.4152629999999959
 21
-45.3542769999999962
 31
0
  0
LINE
  5
40
330
1B
100
AcDbEntity
  8
B.Cu
  6
CONTINUOUS
100
AcDbLine
 10
55.4152629999999959
 20
-45.3542769999999962
 30
0
 11
55.5413420000000002
 21
-45.3880599999999959
 31
0
  0
LINE
  5
41
330
1B
100
AcDbEntity
  8
B.Cu
  6
CONTINUOUS
100
AcDbLine
 10
55.5413420000000002
 20
-45.3880599999999959
 30
0
 11
55.6543810000000008
 21
-45.4533229999999975
 31
0
  0
LINE
  5
42
330
1B
100
AcDbEntity
  8
B.Cu
  6
CONTINUOUS
100
AcDbLine
 10
55.6543810000000008
 20
-45.4533229999999975
 30
0
 11
55.6543959999999984
 21
-45.4533379999999951
 31
0
  0
LINE
  5
43
330
1B
100
AcDbEntity
  8
B.Cu
  6
CONTINUOUS
100
AcDbLine
 10
55.6543959999999984
 20
-45.4533379999999951
 30
0
 11
55.7035529999999994
 21
-45.4964469999999963
 31
0
  0
LINE
  5
44
330
1B
100
AcDbEntity
  8
B.Cu
  6
CONTINUOUS
100
AcDbLine
 10
55.7035529999999994
 20
-45.4964469999999963
 30
0
 11
57.103552999999998
 21
-46.8964469999999949
 31
0
  0
LINE
  5
45
330
1B
100
AcDbEntity
  8
B.Cu
  6
CONTINUOUS
100
AcDbLine
 10
57.103552999999998
 20
-46.8964469999999949
 30
0
 11
57.1466609999999946
 21
-46.9456029999999984
 31
0
  0
LINE
  5
46
330
1B
100
AcDbEntity
  8
B.Cu
  6
CONTINUOUS
100
AcDbLine
 10
57.1466609999999946
 20
-46.9456029999999984
 30
0
 11
57.1466769999999968
 21
-46.9456190000000007
 31
0
  0
LINE
  5
47
330
1B
100
AcDbEntity
  8
B.Cu
  6
CONTINUOUS
100
AcDbLine
 10
57.1466769999999968
 20
-46.9456190000000007
 30
0
 11
57.2119399999999985
 21
-47.0586580000000012
 31
0
  0
LINE
  5
48
330
1B
100
AcDbEntity
  8
B.Cu
  6
CONTINUOUS
100
AcDbLine
 10
57.2119399999999985
 20
-47.0586580000000012
 30
0
 11
57.2457229999999981
 21
-47.1847369999999984
 31
0
  0
LINE
  5
49
330
1B
100
AcDbEntity
  8
B.Cu
  6
CONTINUOUS
100
AcDbLine
 10
57.2457229999999981
 20
-47.1847369999999984
 30
0
 11
57.2457229999999981
 21
-47.184751999999996
 31
0
  0
LINE
  5
4A
330
1B
100
AcDbEntity
  8
B.Cu
  6
CONTINUOUS
100
AcDbLine
 10
57.2457229999999981
 20
-47.184751999999996
 30
0
 11
57.25
 21
-47.25
 31
0
  0
LINE
  5
4B
330
1B
100
AcDbEntity
  8
B.Cu
  6
CONTINUOUS
100
AcDbLine
 10
57.25
 20
-47.25
 30
0
 11
57.25
 21
-51.
 31
0
  0
LINE
  5
4C
330
1B
100
AcDbEntity
  8
B.Cu
  6
CONTINUOUS
100
AcDbLine
 10
57.25
 20
-51.
 30
0
 11
57.2457229999999981
 21
-51.0652469999999994
 31
0
  0
LINE
  5
4D
330
1B
100
AcDbEntity
  8
B.Cu
  6
CONTINUOUS
100
AcDbLine
 10
57.2457229999999981
 20
-51.0652469999999994
 30
0
 11
57.2457229999999981
 21
-51.0652629999999945
 31
0
  0
LINE
  5
4E
330
1B
100
AcDbEntity
  8
B.Cu
  6
CONTINUOUS
100
AcDbLine
 10
57.2457229999999981
 20
-51.0652629999999945
 30
0
 11
57.2210859999999997
 21
-51.1572079999999971
 31
0
  0
LINE
  5
4F
330
1B
100
AcDbEntity
  8
B.Cu
  6
CONTINUOUS
100
AcDbLine
 10
57.2210859999999997
 20
-51.1572079999999971
 30
0
 11
57.2119399999999985
 21
-51.1913419999999988
 31
0
  0
LINE
  5
50
330
1B
100
AcDbEntity
  8
B.Cu
  6
CONTINUOUS
100
AcDbLine
 10
57.2119399999999985
 20
-51.1913419999999988
 30
0
 11
57.1466769999999968
 21
-51.3043809999999993
 31
0
  0
LINE
  5
51
330
1B
100
AcDbEntity
  8
B.Cu
  6
CONTINUOUS
100
AcDbLine
 10
57.1466769999999968
 20
-51.3043809999999993
 30
0
 11
57.1466679999999982
 21
-51.3043890000000005
 31
0
  0
LINE
  5
52
330
1B
100
AcDbEntity
  8
B.Cu
  6
CONTINUOUS
100
AcDbLine
 10
57.1466679999999982
 20
-51.3043890000000005
 30
0
 11
57.103552999999998
 21
-51.3535539999999955
 31
0
  0
LINE
  5
53
330
1B
100
AcDbEntity
  8
B.Cu
  6
CONTINUOUS
100
AcDbLine
 10
57.103552999999998
 20
-51.3535539999999955
 30
0
 11
55.603552999999998
 21
-52.853552999999998
 31
0
  0
LINE
  5
54
330
1B
100
AcDbEntity
  8
B.Cu
  6
CONTINUOUS
100
AcDbLine
 10
55.603552999999998
 20
-52.853552999999998
 30
0
 11
55.554395999999997
 21
-52.8966609999999946
 31
0
  0
LINE
  5
55
330
1B
100
AcDbEntity
  8
B.Cu
  6
CONTINUOUS
100
AcDbLine
 10
55.554395999999997
 20
-52.8966609999999946
 30
0
 11
55.5543809999999993
 21
-52.8966769999999968
 31
0
  0
LINE
  5
56
330
1B
100
AcDbEntity
  8
B.Cu
  6
CONTINUOUS
100
AcDbLine
 10
55.5543809999999993
 20
-52.8966769999999968
 30
0
 11
55.4558669999999978
 21
-52.9535539999999969
 31
0
  0
LINE
  5
57
330
1B
100
AcDbEntity
  8
B.Cu
  6
CONTINUOUS
100
AcDbLine
 10
55.4558669999999978
 20
-52.9535539999999969
 30
0
 11
55.4413419999999988
 21
-52.9619399999999985
 31
0
  0
LINE
  5
58
330
1B
100
AcDbEntity
  8
B.Cu
  6
CONTINUOUS
100
AcDbLine
 10
55.4413419999999988
 20
-52.9619399999999985
 30
0
 11
55.3152629999999945
 21
-52.9957229999999981
 31
0
  0
LINE
  5
59
330
1B
100
AcDbEntity
  8
B.Cu
  6
CONTINUOUS
100
AcDbLine
 10
55.3152629999999945
 20
-52.9957229999999981
 30
0
 11
55.3152479999999969
 21
-52.9957229999999981
 31
0
  0
LINE
  5
5A
330
1B
100
AcDbEntity
  8
B.Cu
  6
CONTINUOUS
100
AcDbLine
 10
55.3152479999999969
 20
-52.9957229999999981
 30
0
 11
55.25
 21
-53.
 31
0
  0
LINE
  5
5B
330
1B
100
AcDbEntity
  8
B.Cu
  6
CONTINUOUS
100
AcDbLine
 10
55.25
 20
-53.
 30
0
 11
42.9071059999999989
 21
-53.
 31
0
  0
LINE
  5
5C
330
1B
100
AcDbEntity
  8
B.Cu
  6
CONTINUOUS
100
AcDbLine
 10
42.9071059999999989
 20
-53.
 30
0
 11
40.9249999999999972
 21
-54.9821059999999946
 31
0
  0
LINE
  5
5D
330
1B
100
AcDbEntity
  8
B.Cu
  6
CONTINUOUS
100
AcDbLine
 10
40.9249999999999972
 20
-54.9821059999999946
 30
0
 11
40.9249999999999972
 21
-55.2565699999999964
 31
0
  0
LINE
  5
5E
330
1B
100
AcDbEntity
  8
B.Cu
  6
CONTINUOUS
100
AcDbLine
 10
40.9249999999999972
 20
-55.2565699999999964
 30
0
 11
40.9325149999999951
 21
-55.2615920000000003
 31
0
  0
LINE
  5
5F
330
1B
100
AcDbEntity
  8
B.Cu
  6
CONTINUOUS
100
AcDbLine
 10
40.9325149999999951
 20
-55.2615920000000003
 30
0
 11
41.0434079999999994
 21
-55.3724849999999975
 31
0
  0
LINE
  5
60
330
1B
100
AcDbEntity
  8
B.Cu
  6
CONTINUOUS
100
AcDbLine
 10
41.0434079999999994
 20
-55.3724849999999975
 30
0
 11
41.1305369999999968
 21
-55.5028829999999971
 31
0
  0
LINE
  5
61
330
1B
100
AcDbEntity
  8
B.Cu
  6
CONTINUOUS
100
AcDbLine
 10
41.1305369999999968
 20
-55.5028829999999971
 30
0
 11
41.1905519999999967
 21
-55.6477719999999962
 31
0
  0
LINE
  5
62
330
1B
100
AcDbEntity
  8
B.Cu
  6
CONTINUOUS
100
AcDbLine
 10
41.1905519999999967
 20
-55.6477719999999962
 30
0
 11
41.2211479999999995
 21
-55.8015860000000004
 31
0
  0
LINE
  5
63
330
1B
100
AcDbEntity
  8
B.Cu
  6
CONTINUOUS
100
AcDbLine
 10
41.2211479999999995
 20
-55.8015860000000004
 30
0
 11
41.2211479999999995
 21
-55.9584139999999977
 31
0
  0
LINE
  5
64
330
1B
100
AcDbEntity
  8
B.Cu
  6
CONTINUOUS
100
AcDbLine
 10
41.2211479999999995
 20
-55.9584139999999977
 30
0
 11
41.1905519999999967
 21
-56.1122279999999947
 31
0
  0
LINE
  5
65
330
1B
100
AcDbEntity
  8
B.Cu
  6
CONTINUOUS
100
AcDbLine
 10
41.1905519999999967
 20
-56.1122279999999947
 30
0
 11
41.1305369999999968
 21
-56.2571170000000009
 31
0
  0
LINE
  5
66
330
1B
100
AcDbEntity
  8
B.Cu
  6
CONTINUOUS
100
AcDbLine
 10
41.1305369999999968
 20
-56.2571170000000009
 30
0
 11
41.0434079999999994
 21
-56.3875150000000005
 31
0
  0
LINE
  5
67
330
1B
100
AcDbEntity
  8
B.Cu
  6
CONTINUOUS
100
AcDbLine
 10
41.0434079999999994
 20
-56.3875150000000005
 30
0
 11
40.9325149999999951
 21
-56.4984079999999977
 31
0
  0
LINE
  5
68
330
1B
100
AcDbEntity
  8
B.Cu
  6
CONTINUOUS
100
AcDbLine
 10
40.9325149999999951
 20
-56.4984079999999977
 30
0
 11
40.8021169999999955
 21
-56.5855369999999951
 31
0
  0
LINE
  5
69
330
1B
100
AcDbEntity
  8
B.Cu
  6
CONTINUOUS
100
AcDbLine
 10
40.8021169999999955
 20
-56.5855369999999951
 30
0
 11
40.6572279999999964
 21
-56.645551999999995
 31
0
  0
LINE
  5
6A
330
1B
100
AcDbEntity
  8
B.Cu
  6
CONTINUOUS
100
AcDbLine
 10
40.6572279999999964
 20
-56.645551999999995
 30
0
 11
40.5034139999999994
 21
-56.6761479999999978
 31
0
  0
LINE
  5
6B
330
1B
100
AcDbEntity
  8
B.Cu
  6
CONTINUOUS
100
AcDbLine
 10
40.5034139999999994
 20
-56.6761479999999978
 30
0
 11
40.346585999999995
 21
-56.6761479999999978
 31
0
  0
LINE
  5
6C
330
1B
100
AcDbEntity
  8
B.Cu
  6
CONTINUOUS
100
AcDbLine
 10
40.346585999999995
 20
-56.6761479999999978
 30
0
 11
40.1927719999999979
 21
-56.645551999999995
 31
0
  0
LINE
  5
6D
330
1B
100
AcDbEntity
  8
B.Cu
  6
CONTINUOUS
100
AcDbLine
 10
40.1927719999999979
 20
-56.645551999999995
 30
0
 11
40.0478829999999988
 21
-56.5855369999999951
 31
0
  0
LINE
  5
6E
330
1B
100
AcDbEntity
  8
B.Cu
  6
CONTINUOUS
100
AcDbLine
 10
40.0478829999999988
 20
-56.5855369999999951
 30
0
 11
39.9174849999999992
 21
-56.4984079999999977
 31
0
  0
LINE
  5
6F
330
1B
100
AcDbEntity
  8
B.Cu
  6
CONTINUOUS
100
AcDbLine
 10
39.9174849999999992
 20
-56.4984079999999977
 30
0
 11
39.8065919999999949
 21
-56.3875150000000005
 31
0
  0
LINE
  5
70
330
1B
100
AcDbEntity
  8
B.Cu
  6
CONTINUOUS
100
AcDbLine
 10
39.8065919999999949
 20
-56.3875150000000005
 30
0
 11
39.7194629999999975
 21
-56.2571170000000009
 31
0
  0
LINE
  5
71
330
1B
100
AcDbEntity
  8
B.Cu
  6
CONTINUOUS
100
AcDbLine
 10
39.7194629999999975
 20
-56.2571170000000009
 30
0
 11
39.6594479999999976
 21
-56.1122279999999947
 31
0
  0
LINE
  5
72
330
1B
100
AcDbEntity
  8
B.Cu
  6
CONTINUOUS
100
AcDbLine
 10
39.6594479999999976
 20
-56.1122279999999947
 30
0
 11
39.6288519999999949
 21
-55.9584139999999977
 31
0
  0
LINE
  5
73
330
1B
100
AcDbEntity
  8
B.Cu
  6
CONTINUOUS
100
AcDbLine
 10
39.6288519999999949
 20
-55.9584139999999977
 30
0
 11
39.6288519999999949
 21
-55.8015860000000004
 31
0
  0
LINE
  5
74
330
1B
100
AcDbEntity
  8
B.Cu
  6
CONTINUOUS
100
AcDbLine
 10
39.6288519999999949
 20
-55.8015860000000004
 30
0
 11
39.6594479999999976
 21
-55.6477719999999962
 31
0
  0
LINE
  5
75
330
1B
100
AcDbEntity
  8
B.Cu
  6
CONTINUOUS
100
AcDbLine
 10
39.6594479999999976
 20
-55.6477719999999962
 30
0
 11
39.7194629999999975
 21
-55.5028829999999971
 31
0
  0
LINE
  5
76
330
1B
100
AcDbEntity
  8
B.Cu
  6
CONTINUOUS
100
AcDbLine
 10
39.7194629999999975
 20
-55.5028829999999971
 30
0
 11
39.8065919999999949
 21
-55.3724849999999975
 31
0
  0
LINE
  5
77
330
1B
100
AcDbEntity
  8
B.Cu
  6
CONTINUOUS
100
AcDbLine
 10
39.8065919999999949
 20
-55.3724849999999975
 30
0
 11
39.9174849999999992
 21
-55.2615920000000003
 31
0
  0
LINE
  5
78
330
1B
100
AcDbEntity
  8
B.Cu
  6
CONTINUOUS
100
AcDbLine
 10
39.9174849999999992
 20
-55.2615920000000003
 30
0
 11
39.9249999999999972
 21
-55.2565699999999964
 31
0
  0
LINE
  5
79
330
1B
100
AcDbEntity
  8
B.Cu
  6
CONTINUOUS
100
AcDbLine
 10
39.9249999999999972
 20
-55.2565699999999964
 30
0
 11
39.9249999999999972
 21
-54.7749999999999986
 31
0
  0
LINE
  5
7A
330
1B
100
AcDbEntity
  8
B.Cu
  6
CONTINUOUS
100
AcDbLine
 10
39.9249999999999972
 20
-54.7749999999999986
 30
0
 11
39.9249999999999972
 21
-54.5321059999999989
 31
0
  0
LINE
  5
7B
330
1B
100
AcDbEntity
  8
B.Cu
  6
CONTINUOUS
100
AcDbLine
 10
39.9249999999999972
 20
-54.5321059999999989
 30
0
 11
38.4928939999999997
 21
-53.0999999999999943
 31
0
  0
LINE
  5
7C
330
1B
100
AcDbEntity
  8
B.Cu
  6
CONTINUOUS
100
AcDbLine
 10
38.4928939999999997
 20
-53.0999999999999943
 30
0
 11
32.1071069999999992
 21
-53.0999999999999943
 31
0
  0
LINE
  5
7D
330
1B
100
AcDbEntity
  8
B.Cu
  6
CONTINUOUS
100
AcDbLine
 10
32.1071069999999992
 20
-53.0999999999999943
 30
0
 11
31.1950000000000003
 21
-54.0121059999999957
 31
0
  0
LINE
  5
7E
330
1B
100
AcDbEntity
  8
B.Cu
  6
CONTINUOUS
100
AcDbLine
 10
31.1950000000000003
 20
-54.0121059999999957
 30
0
 11
31.1950000000000003
 21
-55.2565699999999964
 31
0
  0
LINE
  5
7F
330
1B
100
AcDbEntity
  8
B.Cu
  6
CONTINUOUS
100
AcDbLine
 10
31.1950000000000003
 20
-55.2565699999999964
 30
0
 11
31.2025149999999982
 21
-55.2615920000000003
 31
0
  0
LINE
  5
80
330
1B
100
AcDbEntity
  8
B.Cu
  6
CONTINUOUS
100
AcDbLine
 10
31.2025149999999982
 20
-55.2615920000000003
 30
0
 11
31.313407999999999
 21
-55.3724849999999975
 31
0
  0
LINE
  5
81
330
1B
100
AcDbEntity
  8
B.Cu
  6
CONTINUOUS
100
AcDbLine
 10
31.313407999999999
 20
-55.3724849999999975
 30
0
 11
31.4005369999999999
 21
-55.5028829999999971
 31
0
  0
LINE
  5
82
330
1B
100
AcDbEntity
  8
B.Cu
  6
CONTINUOUS
100
AcDbLine
 10
31.4005369999999999
 20
-55.5028829999999971
 30
0
 11
31.4605519999999999
 21
-55.6477719999999962
 31
0
  0
LINE
  5
83
330
1B
100
AcDbEntity
  8
B.Cu
  6
CONTINUOUS
100
AcDbLine
 10
31.4605519999999999
 20
-55.6477719999999962
 30
0
 11
31.491147999999999
 21
-55.8015860000000004
 31
0
  0
LINE
  5
84
330
1B
100
AcDbEntity
  8
B.Cu
  6
CONTINUOUS
100
AcDbLine
 10
31.491147999999999
 20
-55.8015860000000004
 30
0
 11
31.491147999999999
 21
-55.9584139999999977
 31
0
  0
LINE
  5
85
330
1B
100
AcDbEntity
  8
B.Cu
  6
CONTINUOUS
100
AcDbLine
 10
31.491147999999999
 20
-55.9584139999999977
 30
0
 11
31.4605519999999999
 21
-56.1122279999999947
 31
0
  0
LINE
  5
86
330
1B
100
AcDbEntity
  8
B.Cu
  6
CONTINUOUS
100
AcDbLine
 10
31.4605519999999999
 20
-56.1122279999999947
 30
0
 11
31.4005369999999999
 21
-56.2571170000000009
 31
0
  0
LINE
  5
87
330
1B
100
AcDbEntity
  8
B.Cu
  6
CONTINUOUS
100
AcDbLine
 10
31.4005369999999999
 20
-56.2571170000000009
 30
0
 11
31.313407999999999
 21
-56.3875150000000005
 31
0
  0
LINE
  5
88
330
1B
100
AcDbEntity
  8
B.Cu
  6
CONTINUOUS
100
AcDbLine
 10
31.313407999999999
 20
-56.3875150000000005
 30
0
 11
31.2025149999999982
 21
-56.4984079999999977
 31
0
  0
LINE
  5
89
330
1B
100
AcDbEntity
  8
B.Cu
  6
CONTINUOUS
100
AcDbLine
 10
31.2025149999999982
 20
-56.4984079999999977
 30
0
 11
31.0721169999999987
 21
-56.5855369999999951
 31
0
  0
LINE
  5
8A
330
1B
100
AcDbEntity
  8
B.Cu
  6
CONTINUOUS
100
AcDbLine
 10
31.0721169999999987
 20
-56.5855369999999951
 30
0
 11
30.9272279999999995
 21
-56.645551999999995
 31
0
  0
LINE
  5
8B
330
1B
100
AcDbEntity
  8
B.Cu
  6
CONTINUOUS
100
AcDbLine
 10
30.9272279999999995
 20
-56.645551999999995
 30
0
 11
30.7734139999999989
 21
-56.6761479999999978
 31
0
  0
LINE
  5
8C
330
1B
100
AcDbEntity
  8
B.Cu
  6
CONTINUOUS
100
AcDbLine
 10
30.7734139999999989
 20
-56.6761479999999978
 30
0
 11
30.6165859999999981
 21
-56.6761479999999978
 31
0
  0
LINE
  5
8D
330
1B
100
AcDbEntity
  8
B.Cu
  6
CONTINUOUS
100
AcDbLine
 10
30.6165859999999981
 20
-56.6761479999999978
 30
0
 11
30.4627719999999975
 21
-56.645551999999995
 31
0
  0
LINE
  5
8E
330
1B
100
AcDbEntity
  8
B.Cu
  6
CONTINUOUS
100
AcDbLine
 10
30.4627719999999975
 20
-56.645551999999995
 30
0
 11
30.3178829999999984
 21
-56.5855369999999951
 31
0
  0
LINE
  5
8F
330
1B
100
AcDbEntity
  8
B.Cu
  6
CONTINUOUS
100
AcDbLine
 10
30.3178829999999984
 20
-56.5855369999999951
 30
0
 11
30.1874849999999988
 21
-56.4984079999999977
 31
0
  0
LINE
  5
90
330
1B
100
AcDbEntity
  8
B.Cu
  6
CONTINUOUS
100
AcDbLine
 10
30.1874849999999988
 20
-56.4984079999999977
 30
0
 11
30.076591999999998
 21
-56.3875150000000005
 31
0
  0
LINE
  5
91
330
1B
100
AcDbEntity
  8
B.Cu
  6
CONTINUOUS
100
AcDbLine
 10
30.076591999999998
 20
-56.3875150000000005
 30
0
 11
29.9894629999999971
 21
-56.2571170000000009
 31
0
  0
LINE
  5
92
330
1B
100
AcDbEntity
  8
B.Cu
  6
CONTINUOUS
100
AcDbLine
 10
29.9894629999999971
 20
-56.2571170000000009
 30
0
 11
29.9294479999999972
 21
-56.1122279999999947
 31
0
  0
LINE
  5
93
330
1B
100
AcDbEntity
  8
B.Cu
  6
CONTINUOUS
100
AcDbLine
 10
29.9294479999999972
 20
-56.1122279999999947
 30
0
 11
29.898851999999998
 21
-55.9584139999999977
 31
0
  0
LINE
  5
94
330
1B
100
AcDbEntity
  8
B.Cu
  6
CONTINUOUS
100
AcDbLine
 10
29.898851999999998
 20
-55.9584139999999977
 30
0
 11
29.898851999999998
 21
-55.8015860000000004
 31
0
  0
LINE
  5
95
330
1B
100
AcDbEntity
  8
B.Cu
  6
CONTINUOUS
100
AcDbLine
 10
29.898851999999998
 20
-55.8015860000000004
 30
0
 11
29.9294479999999972
 21
-55.6477719999999962
 31
0
  0
LINE
  5
96
330
1B
100
AcDbEntity
  8
B.Cu
  6
CONTINUOUS
100
AcDbLine
 10
29.9294479999999972
 20
-55.6477719999999962
 30
0
 11
29.9894629999999971
 21
-55.5028829999999971
 31
0
  0
LINE
  5
97
330
1B
100
AcDbEntity
  8
B.Cu
  6
CONTINUOUS
100
AcDbLine
 10
29.9894629999999971
 20
-55.5028829999999971
 30
0
 11
30.076591999999998
 21
-55.3724849999999975
 31
0
  0
LINE
  5
98
330
1B
100
AcDbEntity
  8
B.Cu
  6
CONTINUOUS
100
AcDbLine
 10
30.076591999999998
 20
-55.3724849999999975
 30
0
 11
30.1874849999999988
 21
-55.2615920000000003
 31
0
  0
LINE
  5
99
330
1B
100
AcDbEntity
  8
B.Cu
  6
CONTINUOUS
100
AcDbLine
 10
30.1874849999999988
 20
-55.2615920000000003
 30
0
 11
30.1950000000000003
 21
-55.2565699999999964
 31
0
  0
LINE
  5
9A
330
1B
100
AcDbEntity
  8
B.Cu
  6
CONTINUOUS
100
AcDbLine
 10
30.1950000000000003
 20
-55.2565699999999964
 30
0
 11
30.1950000000000003
 21
-53.8049999999999997
 31
0
  0
LINE
  5
9B
330
1B
100
AcDbEntity
  8
B.Cu
  6
CONTINUOUS
100
AcDbLine
 10
30.1950000000000003
 20
-53.8049999999999997
 30
0
 11
30.1992769999999986
 21
-53.7397519999999957
 31
0
  0
LINE
  5
9C
330
1B
100
AcDbEntity
  8
B.Cu
  6
CONTINUOUS
100
AcDbLine
 10
30.1992769999999986
 20
-53.7397519999999957
 30
0
 11
30.1992769999999986
 21
-53.7397369999999981
 31
0
  0
LINE
  5
9D
330
1B
100
AcDbEntity
  8
B.Cu
  6
CONTINUOUS
100
AcDbLine
 10
30.1992769999999986
 20
-53.7397369999999981
 30
0
 11
30.2330599999999983
 21
-53.6136580000000009
 31
0
  0
LINE
  5
9E
330
1B
100
AcDbEntity
  8
B.Cu
  6
CONTINUOUS
100
AcDbLine
 10
30.2330599999999983
 20
-53.6136580000000009
 30
0
 11
30.2983229999999999
 21
-53.5006190000000004
 31
0
  0
LINE
  5
9F
330
1B
100
AcDbEntity
  8
B.Cu
  6
CONTINUOUS
100
AcDbLine
 10
30.2983229999999999
 20
-53.5006190000000004
 30
0
 11
30.2983379999999975
 21
-53.5006029999999981
 31
0
  0
LINE
  5
A0
330
1B
100
AcDbEntity
  8
B.Cu
  6
CONTINUOUS
100
AcDbLine
 10
30.2983379999999975
 20
-53.5006029999999981
 30
0
 11
30.3414469999999987
 21
-53.4514469999999946
 31
0
  0
LINE
  5
A1
330
1B
100
AcDbEntity
  8
B.Cu
  6
CONTINUOUS
100
AcDbLine
 10
30.3414469999999987
 20
-53.4514469999999946
 30
0
 11
31.5464459999999995
 21
-52.2464469999999963
 31
0
  0
LINE
  5
A2
330
1B
100
AcDbEntity
  8
B.Cu
  6
CONTINUOUS
100
AcDbLine
 10
31.5464459999999995
 20
-52.2464469999999963
 30
0
 11
31.5956099999999971
 21
-52.2033309999999986
 31
0
  0
LINE
  5
A3
330
1B
100
AcDbEntity
  8
B.Cu
  6
CONTINUOUS
100
AcDbLine
 10
31.5956099999999971
 20
-52.2033309999999986
 30
0
 11
31.5956189999999992
 21
-52.2033229999999975
 31
0
  0
LINE
  5
A4
330
1B
100
AcDbEntity
  8
B.Cu
  6
CONTINUOUS
100
AcDbLine
 10
31.5956189999999992
 20
-52.2033229999999975
 30
0
 11
31.7086579999999998
 21
-52.1380599999999959
 31
0
  0
LINE
  5
A5
330
1B
100
AcDbEntity
  8
B.Cu
  6
CONTINUOUS
100
AcDbLine
 10
31.7086579999999998
 20
-52.1380599999999959
 30
0
 11
31.834736999999997
 21
-52.1042769999999962
 31
0
  0
LINE
  5
A6
330
1B
100
AcDbEntity
  8
B.Cu
  6
CONTINUOUS
100
AcDbLine
 10
31.834736999999997
 20
-52.1042769999999962
 30
0
 11
31.8347519999999982
 21
-52.1042769999999962
 31
0
  0
LINE
  5
A7
330
1B
100
AcDbEntity
  8
B.Cu
  6
CONTINUOUS
100
AcDbLine
 10
31.8347519999999982
 20
-52.1042769999999962
 30
0
 11
31.8999999999999986
 21
-52.0999999999999943
 31
0
  0
LINE
  5
A8
330
1B
100
AcDbEntity
  8
B.Cu
  6
CONTINUOUS
100
AcDbLine
 10
31.8999999999999986
 20
-52.0999999999999943
 30
0
 11
38.6999999999999957
 21
-52.0999999999999943
 31
0
  0
LINE
  5
A9
330
1B
100
AcDbEntity
  8
B.Cu
  6
CONTINUOUS
100
AcDbLine
 10
38.6999999999999957
 20
-52.0999999999999943
 30
0
 11
38.7652479999999997
 21
-52.1042769999999962
 31
0
  0
LINE
  5
AA
330
1B
100
AcDbEntity
  8
B.Cu
  6
CONTINUOUS
100
AcDbLine
 10
38.7652479999999997
 20
-52.1042769999999962
 30
0
 11
38.7652629999999974
 21
-52.1042769999999962
 31
0
  0
LINE
  5
AB
330
1B
100
AcDbEntity
  8
B.Cu
  6
CONTINUOUS
100
AcDbLine
 10
38.7652629999999974
 20
-52.1042769999999962
 30
0
 11
38.8913420000000016
 21
-52.1380599999999959
 31
0
  0
LINE
  5
AC
330
1B
100
AcDbEntity
  8
B.Cu
  6
CONTINUOUS
100
AcDbLine
 10
38.8913420000000016
 20
-52.1380599999999959
 30
0
 11
39.0043809999999951
 21
-52.2033229999999975
 31
0
  0
LINE
  5
AD
330
1B
100
AcDbEntity
  8
B.Cu
  6
CONTINUOUS
100
AcDbLine
 10
39.0043809999999951
 20
-52.2033229999999975
 30
0
 11
39.0043959999999998
 21
-52.2033379999999951
 31
0
  0
LINE
  5
AE
330
1B
100
AcDbEntity
  8
B.Cu
  6
CONTINUOUS
100
AcDbLine
 10
39.0043959999999998
 20
-52.2033379999999951
 30
0
 11
39.0535530000000008
 21
-52.2464469999999963
 31
0
  0
LINE
  5
AF
330
1B
100
AcDbEntity
  8
B.Cu
  6
CONTINUOUS
100
AcDbLine
 10
39.0535530000000008
 20
-52.2464469999999963
 30
0
 11
40.6499999999999986
 21
-53.8428929999999966
 31
0
  0
LINE
  5
B0
330
1B
100
AcDbEntity
  8
B.Cu
  6
CONTINUOUS
100
AcDbLine
 10
40.6499999999999986
 20
-53.8428929999999966
 30
0
 11
42.3464469999999977
 21
-52.1464469999999949
 31
0
  0
LINE
  5
B1
330
1B
100
AcDbEntity
  8
B.Cu
  6
CONTINUOUS
100
AcDbLine
 10
42.3464469999999977
 20
-52.1464469999999949
 30
0
 11
42.3956030000000013
 21
-52.1033380000000008
 31
0
  0
LINE
  5
B2
330
1B
100
AcDbEntity
  8
B.Cu
  6
CONTINUOUS
100
AcDbLine
 10
42.3956030000000013
 20
-52.1033380000000008
 30
0
 11
42.3956189999999964
 21
-52.1033229999999961
 31
0
  0
LINE
  5
B3
330
1B
100
AcDbEntity
  8
B.Cu
  6
CONTINUOUS
100
AcDbLine
 10
42.3956189999999964
 20
-52.1033229999999961
 30
0
 11
42.5086579999999969
 21
-52.0380599999999944
 31
0
  0
LINE
  5
B4
330
1B
100
AcDbEntity
  8
B.Cu
  6
CONTINUOUS
100
AcDbLine
 10
42.5086579999999969
 20
-52.0380599999999944
 30
0
 11
42.6347370000000012
 21
-52.0042769999999948
 31
0
  0
LINE
  5
B5
330
1B
100
AcDbEntity
  8
B.Cu
  6
CONTINUOUS
100
AcDbLine
 10
42.6347370000000012
 20
-52.0042769999999948
 30
0
 11
42.6347519999999989
 21
-52.0042769999999948
 31
0
  0
LINE
  5
B6
330
1B
100
AcDbEntity
  8
B.Cu
  6
CONTINUOUS
100
AcDbLine
 10
42.6347519999999989
 20
-52.0042769999999948
 30
0
 11
42.6999999999999957
 21
-52.
 31
0
  0
LINE
  5
B7
330
1B
100
AcDbEntity
  8
B.Cu
  6
CONTINUOUS
100
AcDbLine
 10
42.6999999999999957
 20
-52.
 30
0
 11
55.0428939999999969
 21
-52.
 31
0
  0
LINE
  5
B8
330
1B
100
AcDbEntity
  8
B.Cu
  6
CONTINUOUS
100
AcDbLine
 10
55.0428939999999969
 20
-52.
 30
0
 11
56.25
 21
-50.7928929999999994
 31
0
  0
LINE
  5
B9
330
1B
100
AcDbEntity
  8
B.Cu
  6
CONTINUOUS
100
AcDbLine
 10
56.25
 20
-50.7928929999999994
 30
0
 11
56.25
 21
-47.457105999999996
 31
0
  0
LINE
  5
BA
330
1B
100
AcDbEntity
  8
B.Cu
  6
CONTINUOUS
100
AcDbLine
 10
56.25
 20
-47.457105999999996
 30
0
 11
55.1428939999999983
 21
-46.3500000000000014
 31
0
  0
LINE
  5
BB
330
1B
100
AcDbEntity
  8
B.Cu
  6
CONTINUOUS
100
AcDbLine
 10
55.1428939999999983
 20
-46.3500000000000014
 30
0
 11
50.7521069999999952
 21
-46.3500000000000014
 31
0
  0
LINE
  5
BC
330
1B
100
AcDbEntity
  8
B.Cu
  6
CONTINUOUS
100
AcDbLine
 10
50.7521069999999952
 20
-46.3500000000000014
 30
0
 11
48.8813889999999986
 21
-48.2207170000000005
 31
0
  0
LINE
  5
BD
330
1B
100
AcDbEntity
  8
B.Cu
  6
CONTINUOUS
100
AcDbLine
 10
48.8813889999999986
 20
-48.2207170000000005
 30
0
 11
48.8813889999999986
 21
-48.3335129999999964
 31
0
  0
LINE
  5
BE
330
1B
100
AcDbEntity
  8
B.Cu
  6
CONTINUOUS
100
AcDbLine
 10
48.8813889999999986
 20
-48.3335129999999964
 30
0
 11
48.8527050000000003
 21
-48.4777139999999989
 31
0
  0
LINE
  5
BF
330
1B
100
AcDbEntity
  8
B.Cu
  6
CONTINUOUS
100
AcDbLine
 10
48.8527050000000003
 20
-48.4777139999999989
 30
0
 11
48.7964409999999944
 21
-48.6135479999999944
 31
0
  0
LINE
  5
C0
330
1B
100
AcDbEntity
  8
B.Cu
  6
CONTINUOUS
100
AcDbLine
 10
48.7964409999999944
 20
-48.6135479999999944
 30
0
 11
48.7147579999999962
 21
-48.735794999999996
 31
0
  0
LINE
  5
C1
330
1B
100
AcDbEntity
  8
B.Cu
  6
CONTINUOUS
100
AcDbLine
 10
48.7147579999999962
 20
-48.735794999999996
 30
0
 11
48.610794999999996
 21
-48.8397579999999962
 31
0
  0
LINE
  5
C2
330
1B
100
AcDbEntity
  8
B.Cu
  6
CONTINUOUS
100
AcDbLine
 10
48.610794999999996
 20
-48.8397579999999962
 30
0
 11
48.4885479999999944
 21
-48.9214409999999944
 31
0
  0
LINE
  5
C3
330
1B
100
AcDbEntity
  8
B.Cu
  6
CONTINUOUS
100
AcDbLine
 10
48.4885479999999944
 20
-48.9214409999999944
 30
0
 11
48.3527139999999989
 21
-48.9777050000000003
 31
0
  0
LINE
  5
C4
330
1B
100
AcDbEntity
  8
B.Cu
  6
CONTINUOUS
100
AcDbLine
 10
48.3527139999999989
 20
-48.9777050000000003
 30
0
 11
48.2085129999999964
 21
-49.0063889999999986
 31
0
  0
LINE
  5
C5
330
1B
100
AcDbEntity
  8
B.Cu
  6
CONTINUOUS
100
AcDbLine
 10
48.2085129999999964
 20
-49.0063889999999986
 30
0
 11
48.0614869999999996
 21
-49.0063889999999986
 31
0
  0
LINE
  5
C6
330
1B
100
AcDbEntity
  8
B.Cu
  6
CONTINUOUS
100
AcDbLine
 10
48.0614869999999996
 20
-49.0063889999999986
 30
0
 11
47.9172859999999972
 21
-48.9777050000000003
 31
0
  0
LINE
  5
C7
330
1B
100
AcDbEntity
  8
B.Cu
  6
CONTINUOUS
100
AcDbLine
 10
47.9172859999999972
 20
-48.9777050000000003
 30
0
 11
47.7814519999999945
 21
-48.9214409999999944
 31
0
  0
LINE
  5
C8
330
1B
100
AcDbEntity
  8
B.Cu
  6
CONTINUOUS
100
AcDbLine
 10
47.7814519999999945
 20
-48.9214409999999944
 30
0
 11
47.659205
 21
-48.8397579999999962
 31
0
  0
LINE
  5
C9
330
1B
100
AcDbEntity
  8
B.Cu
  6
CONTINUOUS
100
AcDbLine
 10
47.659205
 20
-48.8397579999999962
 30
0
 11
47.5794469999999947
 21
-48.759999999999998
 31
0
  0
LINE
  5
CA
330
1B
100
AcDbEntity
  8
B.Cu
  6
CONTINUOUS
100
AcDbLine
 10
47.5794469999999947
 20
-48.759999999999998
 30
0
 11
47.2544409999999999
 21
-48.759999999999998
 31
0
  0
LINE
  5
CB
330
1B
100
AcDbEntity
  8
B.Cu
  6
CONTINUOUS
100
AcDbLine
 10
47.2544409999999999
 20
-48.759999999999998
 30
0
 11
47.1891929999999959
 21
-48.7557229999999961
 31
0
  0
LINE
  5
CC
330
1B
100
AcDbEntity
  8
B.Cu
  6
CONTINUOUS
100
AcDbLine
 10
47.1891929999999959
 20
-48.7557229999999961
 30
0
 11
47.1891779999999983
 21
-48.7557229999999961
 31
0
  0
LINE
  5
CD
330
1B
100
AcDbEntity
  8
B.Cu
  6
CONTINUOUS
100
AcDbLine
 10
47.1891779999999983
 20
-48.7557229999999961
 30
0
 11
47.0630990000000011
 21
-48.7219399999999965
 31
0
  0
LINE
  5
CE
330
1B
100
AcDbEntity
  8
B.Cu
  6
CONTINUOUS
100
AcDbLine
 10
47.0630990000000011
 20
-48.7219399999999965
 30
0
 11
46.9500600000000006
 21
-48.6566769999999948
 31
0
  0
LINE
  5
CF
330
1B
100
AcDbEntity
  8
B.Cu
  6
CONTINUOUS
100
AcDbLine
 10
46.9500600000000006
 20
-48.6566769999999948
 30
0
 11
46.9500439999999983
 21
-48.6566609999999997
 31
0
  0
LINE
  5
D0
330
1B
100
AcDbEntity
  8
B.Cu
  6
CONTINUOUS
100
AcDbLine
 10
46.9500439999999983
 20
-48.6566609999999997
 30
0
 11
46.9008879999999948
 21
-48.6135540000000006
 31
0
  0
LINE
  5
D1
330
1B
100
AcDbEntity
  8
B.Cu
  6
CONTINUOUS
100
AcDbLine
 10
46.9008879999999948
 20
-48.6135540000000006
 30
0
 11
38.9114469999999955
 21
-40.6241119999999967
 31
0
  0
LINE
  5
D2
330
1B
100
AcDbEntity
  8
B.Cu
  6
CONTINUOUS
100
AcDbLine
 10
38.9114469999999955
 20
-40.6241119999999967
 30
0
 11
38.8683380000000014
 21
-40.5749549999999957
 31
0
  0
LINE
  5
D3
330
1B
100
AcDbEntity
  8
B.Cu
  6
CONTINUOUS
100
AcDbLine
 10
38.8683380000000014
 20
-40.5749549999999957
 30
0
 11
38.8683229999999966
 21
-40.574939999999998
 31
0
  0
LINE
  5
D4
330
1B
100
AcDbEntity
  8
B.Cu
  6
CONTINUOUS
100
AcDbLine
 10
38.8683229999999966
 20
-40.574939999999998
 30
0
 11
38.8654709999999994
 21
-40.5700000000000003
 31
0
  0
LINE
  5
D5
330
1B
100
AcDbEntity
  8
B.Cu
  6
CONTINUOUS
100
AcDbLine
 10
38.8654709999999994
 20
-40.5700000000000003
 30
0
 11
38.7149999999999963
 21
-40.5700000000000003
 31
0
  0
LINE
  5
D6
330
1B
100
AcDbEntity
  8
B.Cu
  6
CONTINUOUS
100
AcDbLine
 10
38.7149999999999963
 20
-40.5700000000000003
 30
0
 11
38.6193290000000005
 21
-40.5509699999999995
 31
0
  0
LINE
  5
D7
330
1B
100
AcDbEntity
  8
B.Cu
  6
CONTINUOUS
100
AcDbLine
 10
38.6193290000000005
 20
-40.5509699999999995
 30
0
 11
38.538222999999995
 21
-40.4967770000000016
 31
0
  0
LINE
  5
D8
330
1B
100
AcDbEntity
  8
B.Cu
  6
CONTINUOUS
100
AcDbLine
 10
38.538222999999995
 20
-40.4967770000000016
 30
0
 11
38.4840299999999971
 21
-40.4156709999999961
 31
0
  0
LINE
  5
D9
330
1B
100
AcDbEntity
  8
B.Cu
  6
CONTINUOUS
100
AcDbLine
 10
38.4840299999999971
 20
-40.4156709999999961
 30
0
 11
38.4649999999999963
 21
-40.3200000000000003
 31
0
  0
LINE
  5
DA
330
1B
100
AcDbEntity
  8
B.Cu
  6
CONTINUOUS
100
AcDbLine
 10
38.4649999999999963
 20
-40.3200000000000003
 30
0
 11
38.4649999999999963
 21
-38.4200000000000017
 31
0
  0
LINE
  5
DB
330
1B
100
AcDbEntity
  8
B.Cu
  6
CONTINUOUS
100
AcDbLine
 10
38.4649999999999963
 20
-38.4200000000000017
 30
0
 11
38.4840299999999971
 21
-38.3243289999999988
 31
0
  0
LINE
  5
DC
330
1B
100
AcDbEntity
  8
B.Cu
  6
CONTINUOUS
100
AcDbLine
 10
38.4840299999999971
 20
-38.3243289999999988
 30
0
 11
38.538222999999995
 21
-38.2432230000000004
 31
0
  0
LINE
  5
DD
330
1B
100
AcDbEntity
  8
B.Cu
  6
CONTINUOUS
100
AcDbLine
 10
38.538222999999995
 20
-38.2432230000000004
 30
0
 11
38.6193290000000005
 21
-38.1890299999999954
 31
0
  0
LINE
  5
DE
330
1B
100
AcDbEntity
  8
B.Cu
  6
CONTINUOUS
100
AcDbLine
 10
38.6193290000000005
 20
-38.1890299999999954
 30
0
 11
38.7149999999999963
 21
-38.1700000000000017
 31
0
  0
LINE
  5
DF
330
1B
100
AcDbEntity
  8
B.Cu
  6
CONTINUOUS
100
AcDbLine
 10
38.7149999999999963
 20
-38.1700000000000017
 30
0
 11
39.8149999999999977
 21
-38.1700000000000017
 31
0
  0
LINE
  5
E0
330
1B
100
AcDbEntity
  8
B.Cu
  6
CONTINUOUS
100
AcDbLine
 10
39.8149999999999977
 20
-38.1700000000000017
 30
0
 11
39.9106710000000007
 21
-38.1890299999999954
 31
0
  0
LINE
  5
E1
330
1B
100
AcDbEntity
  8
B.Cu
  6
CONTINUOUS
100
AcDbLine
 10
36.0171050000000008
 20
-35.6516999999999982
 30
0
 11
41.1383999999999972
 21
-35.6516999999999982
 31
0
  0
LINE
  5
E2
330
1B
100
AcDbEntity
  8
B.Cu
  6
CONTINUOUS
100
AcDbLine
 10
41.1383999999999972
 20
-35.6516999999999982
 30
0
 11
41.2036480000000012
 21
-35.655977
 31
0
  0
LINE
  5
E3
330
1B
100
AcDbEntity
  8
B.Cu
  6
CONTINUOUS
100
AcDbLine
 10
41.2036480000000012
 20
-35.655977
 30
0
 11
41.2036629999999988
 21
-35.655977
 31
0
  0
LINE
  5
E4
330
1B
100
AcDbEntity
  8
B.Cu
  6
CONTINUOUS
100
AcDbLine
 10
41.2036629999999988
 20
-35.655977
 30
0
 11
41.329741999999996
 21
-35.6897599999999997
 31
0
  0
LINE
  5
E5
330
1B
100
AcDbEntity
  8
B.Cu
  6
CONTINUOUS
100
AcDbLine
 10
41.329741999999996
 20
-35.6897599999999997
 30
0
 11
41.4427809999999965
 21
-35.7550230000000013
 31
0
  0
LINE
  5
E6
330
1B
100
AcDbEntity
  8
B.Cu
  6
CONTINUOUS
100
AcDbLine
 10
41.4427809999999965
 20
-35.7550230000000013
 30
0
 11
41.4427960000000013
 21
-35.755037999999999
 31
0
  0
LINE
  5
E7
330
1B
100
AcDbEntity
  8
B.Cu
  6
CONTINUOUS
100
AcDbLine
 10
41.4427960000000013
 20
-35.755037999999999
 30
0
 11
41.4919529999999952
 21
-35.7981470000000002
 31
0
  0
LINE
  5
E8
330
1B
100
AcDbEntity
  8
B.Cu
  6
CONTINUOUS
100
AcDbLine
 10
41.4919529999999952
 20
-35.7981470000000002
 30
0
 11
42.1585539999999952
 21
-36.4647469999999956
 31
0
  0
LINE
  5
E9
330
1B
100
AcDbEntity
  8
B.Cu
  6
CONTINUOUS
100
AcDbLine
 10
42.1585539999999952
 20
-36.4647469999999956
 30
0
 11
42.2016610000000014
 21
-36.5139029999999991
 31
0
  0
LINE
  5
EA
330
1B
100
AcDbEntity
  8
B.Cu
  6
CONTINUOUS
100
AcDbLine
 10
42.2016610000000014
 20
-36.5139029999999991
 30
0
 11
42.2016769999999966
 21
-36.5139190000000013
 31
0
  0
LINE
  5
EB
330
1B
100
AcDbEntity
  8
B.Cu
  6
CONTINUOUS
100
AcDbLine
 10
42.2016769999999966
 20
-36.5139190000000013
 30
0
 11
42.259250999999999
 21
-36.6136399999999966
 31
0
  0
LINE
  5
EC
330
1B
100
AcDbEntity
  8
B.Cu
  6
CONTINUOUS
100
AcDbLine
 10
42.259250999999999
 20
-36.6136399999999966
 30
0
 11
42.2669399999999982
 21
-36.6269579999999948
 31
0
  0
LINE
  5
ED
330
1B
100
AcDbEntity
  8
B.Cu
  6
CONTINUOUS
100
AcDbLine
 10
42.2669399999999982
 20
-36.6269579999999948
 30
0
 11
42.3007229999999979
 21
-36.7530369999999991
 31
0
  0
LINE
  5
EE
330
1B
100
AcDbEntity
  8
B.Cu
  6
CONTINUOUS
100
AcDbLine
 10
42.3007229999999979
 20
-36.7530369999999991
 30
0
 11
42.3007229999999979
 21
-36.7530519999999967
 31
0
  0
LINE
  5
EF
330
1B
100
AcDbEntity
  8
B.Cu
  6
CONTINUOUS
100
AcDbLine
 10
42.3007229999999979
 20
-36.7530519999999967
 30
0
 11
42.3049999999999997
 21
-36.8183000000000007
 31
0
  0
LINE
  5
F0
330
1B
100
AcDbEntity
  8
B.Cu
  6
CONTINUOUS
100
AcDbLine
 10
42.3049999999999997
 20
-36.8183000000000007
 30
0
 11
42.3049999999999997
 21
-38.3465699999999998
 31
0
  0
LINE
  5
F1
330
1B
100
AcDbEntity
  8
B.Cu
  6
CONTINUOUS
100
AcDbLine
 10
42.3049999999999997
 20
-38.3465699999999998
 30
0
 11
42.3125149999999977
 21
-38.3515919999999966
 31
0
  0
LINE
  5
F2
330
1B
100
AcDbEntity
  8
B.Cu
  6
CONTINUOUS
100
AcDbLine
 10
42.3125149999999977
 20
-38.3515919999999966
 30
0
 11
42.4234079999999949
 21
-38.4624850000000009
 31
0
  0
LINE
  5
F3
330
1B
100
AcDbEntity
  8
B.Cu
  6
CONTINUOUS
100
AcDbLine
 10
42.4234079999999949
 20
-38.4624850000000009
 30
0
 11
42.5105369999999994
 21
-38.5928830000000005
 31
0
  0
LINE
  5
F4
330
1B
100
AcDbEntity
  8
B.Cu
  6
CONTINUOUS
100
AcDbLine
 10
42.5105369999999994
 20
-38.5928830000000005
 30
0
 11
42.5705519999999993
 21
-38.7377719999999997
 31
0
  0
LINE
  5
F5
330
1B
100
AcDbEntity
  8
B.Cu
  6
CONTINUOUS
100
AcDbLine
 10
42.5705519999999993
 20
-38.7377719999999997
 30
0
 11
42.5968540000000004
 21
-38.8699999999999974
 31
0
  0
LINE
  5
F6
330
1B
100
AcDbEntity
  8
B.Cu
  6
CONTINUOUS
100
AcDbLine
 10
42.5968540000000004
 20
-38.8699999999999974
 30
0
 11
43.5531459999999981
 21
-38.8699999999999974
 31
0
  0
LINE
  5
F7
330
1B
100
AcDbEntity
  8
B.Cu
  6
CONTINUOUS
100
AcDbLine
 10
43.5531459999999981
 20
-38.8699999999999974
 30
0
 11
43.5794479999999993
 21
-38.7377719999999997
 31
0
  0
LINE
  5
F8
330
1B
100
AcDbEntity
  8
B.Cu
  6
CONTINUOUS
100
AcDbLine
 10
43.5794479999999993
 20
-38.7377719999999997
 30
0
 11
43.6394629999999992
 21
-38.5928830000000005
 31
0
  0
LINE
  5
F9
330
1B
100
AcDbEntity
  8
B.Cu
  6
CONTINUOUS
100
AcDbLine
 10
43.6394629999999992
 20
-38.5928830000000005
 30
0
 11
43.7265919999999966
 21
-38.4624850000000009
 31
0
  0
LINE
  5
FA
330
1B
100
AcDbEntity
  8
B.Cu
  6
CONTINUOUS
100
AcDbLine
 10
43.7265919999999966
 20
-38.4624850000000009
 30
0
 11
43.8374850000000009
 21
-38.3515919999999966
 31
0
  0
LINE
  5
FB
330
1B
100
AcDbEntity
  8
B.Cu
  6
CONTINUOUS
100
AcDbLine
 10
43.8374850000000009
 20
-38.3515919999999966
 30
0
 11
43.9678830000000005
 21
-38.2644629999999992
 31
0
  0
LINE
  5
FC
330
1B
100
AcDbEntity
  8
B.Cu
  6
CONTINUOUS
100
AcDbLine
 10
43.9678830000000005
 20
-38.2644629999999992
 30
0
 11
44.1127719999999997
 21
-38.2044479999999993
 31
0
  0
LINE
  5
FD
330
1B
100
AcDbEntity
  8
B.Cu
  6
CONTINUOUS
100
AcDbLine
 10
44.1127719999999997
 20
-38.2044479999999993
 30
0
 11
44.2665859999999967
 21
-38.1738519999999966
 31
0
  0
LINE
  5
FE
330
1B
100
AcDbEntity
  8
B.Cu
  6
CONTINUOUS
100
AcDbLine
 10
44.2665859999999967
 20
-38.1738519999999966
 30
0
 11
44.4234140000000011
 21
-38.1738519999999966
 31
0
  0
LINE
  5
FF
330
1B
100
AcDbEntity
  8
B.Cu
  6
CONTINUOUS
100
AcDbLine
 10
44.4234140000000011
 20
-38.1738519999999966
 30
0
 11
44.5772279999999981
 21
-38.2044479999999993
 31
0
  0
LINE
  5
100
330
1B
100
AcDbEntity
  8
B.Cu
  6
CONTINUOUS
100
AcDbLine
 10
44.5772279999999981
 20
-38.2044479999999993
 30
0
 11
44.7221169999999972
 21
-38.2644629999999992
 31
0
  0
LINE
  5
101
330
1B
100
AcDbEntity
  8
B.Cu
  6
CONTINUOUS
100
AcDbLine
 10
44.7221169999999972
 20
-38.2644629999999992
 30
0
 11
44.8525149999999968
 21
-38.3515919999999966
 31
0
  0
LINE
  5
102
330
1B
100
AcDbEntity
  8
B.Cu
  6
CONTINUOUS
100
AcDbLine
 10
44.8525149999999968
 20
-38.3515919999999966
 30
0
 11
44.9634080000000012
 21
-38.4624850000000009
 31
0
  0
LINE
  5
103
330
1B
100
AcDbEntity
  8
B.Cu
  6
CONTINUOUS
100
AcDbLine
 10
44.9634080000000012
 20
-38.4624850000000009
 30
0
 11
45.0505369999999985
 21
-38.5928830000000005
 31
0
  0
LINE
  5
104
330
1B
100
AcDbEntity
  8
B.Cu
  6
CONTINUOUS
100
AcDbLine
 10
45.0505369999999985
 20
-38.5928830000000005
 30
0
 11
45.1105519999999984
 21
-38.7377719999999997
 31
0
  0
LINE
  5
105
330
1B
100
AcDbEntity
  8
B.Cu
  6
CONTINUOUS
100
AcDbLine
 10
45.1105519999999984
 20
-38.7377719999999997
 30
0
 11
45.1411480000000012
 21
-38.8915859999999967
 31
0
  0
LINE
  5
106
330
1B
100
AcDbEntity
  8
B.Cu
  6
CONTINUOUS
100
AcDbLine
 10
45.1411480000000012
 20
-38.8915859999999967
 30
0
 11
45.144999999999996
 21
-38.9699999999999989
 31
0
  0
LINE
  5
107
330
1B
100
AcDbEntity
  8
B.Cu
  6
CONTINUOUS
100
AcDbLine
 10
45.144999999999996
 20
-38.9699999999999989
 30
0
 11
45.144999999999996
 21
-39.769999999999996
 31
0
  0
LINE
  5
108
330
1B
100
AcDbEntity
  8
B.Cu
  6
CONTINUOUS
100
AcDbLine
 10
45.144999999999996
 20
-39.769999999999996
 30
0
 11
45.1411480000000012
 21
-39.8484139999999982
 31
0
  0
LINE
  5
109
330
1B
100
AcDbEntity
  8
B.Cu
  6
CONTINUOUS
100
AcDbLine
 10
45.1411480000000012
 20
-39.8484139999999982
 30
0
 11
45.1105519999999984
 21
-40.0022279999999952
 31
0
  0
LINE
  5
10A
330
1B
100
AcDbEntity
  8
B.Cu
  6
CONTINUOUS
100
AcDbLine
 10
45.1105519999999984
 20
-40.0022279999999952
 30
0
 11
45.0505369999999985
 21
-40.1471170000000015
 31
0
  0
LINE
  5
10B
330
1B
100
AcDbEntity
  8
B.Cu
  6
CONTINUOUS
100
AcDbLine
 10
45.0505369999999985
 20
-40.1471170000000015
 30
0
 11
44.9634080000000012
 21
-40.2775150000000011
 31
0
  0
LINE
  5
10C
330
1B
100
AcDbEntity
  8
B.Cu
  6
CONTINUOUS
100
AcDbLine
 10
44.9634080000000012
 20
-40.2775150000000011
 30
0
 11
44.8525149999999968
 21
-40.3884079999999983
 31
0
  0
LINE
  5
10D
330
1B
100
AcDbEntity
  8
B.Cu
  6
CONTINUOUS
100
AcDbLine
 10
44.8525149999999968
 20
-40.3884079999999983
 30
0
 11
44.8449999999999989
 21
-40.3934289999999976
 31
0
  0
LINE
  5
10E
330
1B
100
AcDbEntity
  8
B.Cu
  6
CONTINUOUS
100
AcDbLine
 10
44.8449999999999989
 20
-40.3934289999999976
 30
0
 11
44.8449999999999989
 21
-41.8878929999999983
 31
0
  0
LINE
  5
10F
330
1B
100
AcDbEntity
  8
B.Cu
  6
CONTINUOUS
100
AcDbLine
 10
44.8449999999999989
 20
-41.8878929999999983
 30
0
 11
46.4571070000000006
 21
-43.5
 31
0
  0
LINE
  5
110
330
1B
100
AcDbEntity
  8
B.Cu
  6
CONTINUOUS
100
AcDbLine
 10
46.4571070000000006
 20
-43.5
 30
0
 11
57.25
 21
-43.5
 31
0
  0
LINE
  5
111
330
1B
100
AcDbEntity
  8
B.Cu
  6
CONTINUOUS
100
AcDbLine
 10
57.25
 20
-43.5
 30
0
 11
57.3152479999999969
 21
-43.5042769999999948
 31
0
  0
LINE
  5
112
330
1B
100
AcDbEntity
  8
B.Cu
  6
CONTINUOUS
100
AcDbLine
 10
57.3152479999999969
 20
-43.5042769999999948
 30
0
 11
57.3152629999999945
 21
-43.5042769999999948
 31
0
  0
LINE
  5
113
330
1B
100
AcDbEntity
  8
B.Cu
  6
CONTINUOUS
100
AcDbLine
 10
57.3152629999999945
 20
-43.5042769999999948
 30
0
 11
57.4413419999999988
 21
-43.5380600000000015
 31
0
  0
LINE
  5
114
330
1B
100
AcDbEntity
  8
B.Cu
  6
CONTINUOUS
100
AcDbLine
 10
57.4413419999999988
 20
-43.5380600000000015
 30
0
 11
57.5543809999999993
 21
-43.6033229999999961
 31
0
  0
LINE
  5
115
330
1B
100
AcDbEntity
  8
B.Cu
  6
CONTINUOUS
100
AcDbLine
 10
57.5543809999999993
 20
-43.6033229999999961
 30
0
 11
57.554395999999997
 21
-43.6033380000000008
 31
0
  0
LINE
  5
116
330
1B
100
AcDbEntity
  8
B.Cu
  6
CONTINUOUS
100
AcDbLine
 10
57.554395999999997
 20
-43.6033380000000008
 30
0
 11
57.603552999999998
 21
-43.6464469999999949
 31
0
  0
LINE
  5
117
330
1B
100
AcDbEntity
  8
B.Cu
  6
CONTINUOUS
100
AcDbLine
 10
57.603552999999998
 20
-43.6464469999999949
 30
0
 11
59.103552999999998
 21
-45.1464459999999974
 31
0
  0
LINE
  5
118
330
1B
100
AcDbEntity
  8
B.Cu
  6
CONTINUOUS
100
AcDbLine
 10
59.103552999999998
 20
-45.1464459999999974
 30
0
 11
59.1466679999999982
 21
-45.195609999999995
 31
0
  0
LINE
  5
119
330
1B
100
AcDbEntity
  8
B.Cu
  6
CONTINUOUS
100
AcDbLine
 10
59.1466679999999982
 20
-45.195609999999995
 30
0
 11
59.1466769999999968
 21
-45.1956190000000007
 31
0
  0
LINE
  5
11A
330
1B
100
AcDbEntity
  8
B.Cu
  6
CONTINUOUS
100
AcDbLine
 10
59.1466769999999968
 20
-45.1956190000000007
 30
0
 11
59.2098279999999946
 21
-45.3049999999999997
 31
0
  0
LINE
  5
11B
330
1B
100
AcDbEntity
  8
B.Cu
  6
CONTINUOUS
100
AcDbLine
 10
59.2098279999999946
 20
-45.3049999999999997
 30
0
 11
59.2119399999999985
 21
-45.3086580000000012
 31
0
  0
LINE
  5
11C
330
1B
100
AcDbEntity
  8
B.Cu
  6
CONTINUOUS
100
AcDbLine
 10
59.2119399999999985
 20
-45.3086580000000012
 30
0
 11
59.2457229999999981
 21
-45.4347369999999984
 31
0
  0
LINE
  5
11D
330
1B
100
AcDbEntity
  8
B.Cu
  6
CONTINUOUS
100
AcDbLine
 10
59.2457229999999981
 20
-45.4347369999999984
 30
0
 11
59.2457229999999981
 21
-45.434751999999996
 31
0
  0
LINE
  5
11E
330
1B
100
AcDbEntity
  8
B.Cu
  6
CONTINUOUS
100
AcDbLine
 10
59.2457229999999981
 20
-45.434751999999996
 30
0
 11
59.25
 21
-45.5
 31
0
  0
LINE
  5
11F
330
1B
100
AcDbEntity
  8
B.Cu
  6
CONTINUOUS
100
AcDbLine
 10
59.25
 20
-45.5
 30
0
 11
59.25
 21
-52.75
 31
0
  0
LINE
  5
120
330
1B
100
AcDbEntity
  8
B.Cu
  6
CONTINUOUS
100
AcDbLine
 10
59.25
 20
-52.75
 30
0
 11
59.2457229999999981
 21
-52.8152469999999994
 31
0
  0
LINE
  5
121
330
1B
100
AcDbEntity
  8
B.Cu
  6
CONTINUOUS
100
AcDbLine
 10
59.2457229999999981
 20
-52.8152469999999994
 30
0
 11
59.2457229999999981
 21
-52.8152629999999945
 31
0
  0
LINE
  5
122
330
1B
100
AcDbEntity
  8
B.Cu
  6
CONTINUOUS
100
AcDbLine
 10
59.2457229999999981
 20
-52.8152629999999945
 30
0
 11
59.2162620000000004
 21
-52.9252129999999994
 31
0
  0
LINE
  5
123
330
1B
100
AcDbEntity
  8
B.Cu
  6
CONTINUOUS
100
AcDbLine
 10
59.2162620000000004
 20
-52.9252129999999994
 30
0
 11
59.2119399999999985
 21
-52.9413419999999988
 31
0
  0
LINE
  5
124
330
1B
100
AcDbEntity
  8
B.Cu
  6
CONTINUOUS
100
AcDbLine
 10
59.2119399999999985
 20
-52.9413419999999988
 30
0
 11
59.1466769999999968
 21
-53.0543809999999993
 31
0
  0
LINE
  5
125
330
1B
100
AcDbEntity
  8
B.Cu
  6
CONTINUOUS
100
AcDbLine
 10
59.1466769999999968
 20
-53.0543809999999993
 30
0
 11
59.1466679999999982
 21
-53.0543890000000005
 31
0
  0
LINE
  5
126
330
1B
100
AcDbEntity
  8
B.Cu
  6
CONTINUOUS
100
AcDbLine
 10
59.1466679999999982
 20
-53.0543890000000005
 30
0
 11
59.103552999999998
 21
-53.1035539999999955
 31
0
  0
LINE
  5
127
330
1B
100
AcDbEntity
  8
B.Cu
  6
CONTINUOUS
100
AcDbLine
 10
59.103552999999998
 20
-53.1035539999999955
 30
0
 11
55.9735529999999954
 21
-56.2335530000000006
 31
0
  0
LINE
  5
128
330
1B
100
AcDbEntity
  8
B.Cu
  6
CONTINUOUS
100
AcDbLine
 10
55.9735529999999954
 20
-56.2335530000000006
 30
0
 11
55.9243959999999944
 21
-56.2766609999999972
 31
0
  0
LINE
  5
129
330
1B
100
AcDbEntity
  8
B.Cu
  6
CONTINUOUS
100
AcDbLine
 10
55.9243959999999944
 20
-56.2766609999999972
 30
0
 11
55.9243809999999968
 21
-56.2766769999999994
 31
0
  0
LINE
  5
12A
330
1B
100
AcDbEntity
  8
B.Cu
  6
CONTINUOUS
100
AcDbLine
 10
55.9243809999999968
 20
-56.2766769999999994
 30
0
 11
55.8113419999999962
 21
-56.3419399999999939
 31
0
  0
LINE
  5
12B
330
1B
100
AcDbEntity
  8
B.Cu
  6
CONTINUOUS
100
AcDbLine
 10
55.8113419999999962
 20
-56.3419399999999939
 30
0
 11
55.6852629999999991
 21
-56.3757230000000007
 31
0
  0
LINE
  5
12C
330
1B
100
AcDbEntity
  8
B.Cu
  6
CONTINUOUS
100
AcDbLine
 10
55.6852629999999991
 20
-56.3757230000000007
 30
0
 11
55.6852479999999943
 21
-56.3757230000000007
 31
0
  0
LINE
  5
12D
330
1B
100
AcDbEntity
  8
B.Cu
  6
CONTINUOUS
100
AcDbLine
 10
55.6852479999999943
 20
-56.3757230000000007
 30
0
 11
55.6199999999999974
 21
-56.3799999999999955
 31
0
  0
LINE
  5
12E
330
1B
100
AcDbEntity
  8
B.Cu
  6
CONTINUOUS
100
AcDbLine
 10
55.6199999999999974
 20
-56.3799999999999955
 30
0
 11
48.6684289999999962
 21
-56.3799999999999955
 31
0
  0
LINE
  5
12F
330
1B
100
AcDbEntity
  8
B.Cu
  6
CONTINUOUS
100
AcDbLine
 10
48.6684289999999962
 20
-56.3799999999999955
 30
0
 11
48.6634079999999969
 21
-56.3875150000000005
 31
0
  0
LINE
  5
130
330
1B
100
AcDbEntity
  8
B.Cu
  6
CONTINUOUS
100
AcDbLine
 10
48.6634079999999969
 20
-56.3875150000000005
 30
0
 11
48.5525149999999996
 21
-56.4984079999999977
 31
0
  0
LINE
  5
131
330
1B
100
AcDbEntity
  8
B.Cu
  6
CONTINUOUS
100
AcDbLine
 10
48.5525149999999996
 20
-56.4984079999999977
 30
0
 11
48.4221170000000001
 21
-56.5855369999999951
 31
0
  0
LINE
  5
132
330
1B
100
AcDbEntity
  8
B.Cu
  6
CONTINUOUS
100
AcDbLine
 10
48.4221170000000001
 20
-56.5855369999999951
 30
0
 11
48.2772280000000009
 21
-56.645551999999995
 31
0
  0
LINE
  5
133
330
1B
100
AcDbEntity
  8
B.Cu
  6
CONTINUOUS
100
AcDbLine
 10
48.2772280000000009
 20
-56.645551999999995
 30
0
 11
48.1234139999999968
 21
-56.6761479999999978
 31
0
  0
LINE
  5
134
330
1B
100
AcDbEntity
  8
B.Cu
  6
CONTINUOUS
100
AcDbLine
 10
48.1234139999999968
 20
-56.6761479999999978
 30
0
 11
47.9665859999999995
 21
-56.6761479999999978
 31
0
  0
LINE
  5
135
330
1B
100
AcDbEntity
  8
B.Cu
  6
CONTINUOUS
100
AcDbLine
 10
47.9665859999999995
 20
-56.6761479999999978
 30
0
 11
47.8127719999999954
 21
-56.645551999999995
 31
0
  0
LINE
  5
136
330
1B
100
AcDbEntity
  8
B.Cu
  6
CONTINUOUS
100
AcDbLine
 10
47.8127719999999954
 20
-56.645551999999995
 30
0
 11
47.6678829999999962
 21
-56.5855369999999951
 31
0
  0
LINE
  5
137
330
1B
100
AcDbEntity
  8
B.Cu
  6
CONTINUOUS
100
AcDbLine
 10
47.6678829999999962
 20
-56.5855369999999951
 30
0
 11
47.5374849999999967
 21
-56.4984079999999977
 31
0
  0
LINE
  5
138
330
1B
100
AcDbEntity
  8
B.Cu
  6
CONTINUOUS
100
AcDbLine
 10
47.5374849999999967
 20
-56.4984079999999977
 30
0
 11
47.4265919999999994
 21
-56.3875150000000005
 31
0
  0
LINE
  5
139
330
1B
100
AcDbEntity
  8
B.Cu
  6
CONTINUOUS
100
AcDbLine
 10
47.4265919999999994
 20
-56.3875150000000005
 30
0
 11
47.339462999999995
 21
-56.2571170000000009
 31
0
  0
LINE
  5
13A
330
1B
100
AcDbEntity
  8
B.Cu
  6
CONTINUOUS
100
AcDbLine
 10
47.339462999999995
 20
-56.2571170000000009
 30
0
 11
47.279447999999995
 21
-56.1122279999999947
 31
0
  0
LINE
  5
13B
330
1B
100
AcDbEntity
  8
B.Cu
  6
CONTINUOUS
100
AcDbLine
 10
47.279447999999995
 20
-56.1122279999999947
 30
0
 11
47.2488519999999994
 21
-55.9584139999999977
 31
0
  0
LINE
  5
13C
330
1B
100
AcDbEntity
  8
B.Cu
  6
CONTINUOUS
100
AcDbLine
 10
47.2488519999999994
 20
-55.9584139999999977
 30
0
 11
47.2488519999999994
 21
-55.8015860000000004
 31
0
  0
LINE
  5
13D
330
1B
100
AcDbEntity
  8
B.Cu
  6
CONTINUOUS
100
AcDbLine
 10
47.2488519999999994
 20
-55.8015860000000004
 30
0
 11
47.279447999999995
 21
-55.6477719999999962
 31
0
  0
LINE
  5
13E
330
1B
100
AcDbEntity
  8
B.Cu
  6
CONTINUOUS
100
AcDbLine
 10
47.279447999999995
 20
-55.6477719999999962
 30
0
 11
47.339462999999995
 21
-55.5028829999999971
 31
0
  0
LINE
  5
13F
330
1B
100
AcDbEntity
  8
B.Cu
  6
CONTINUOUS
100
AcDbLine
 10
47.339462999999995
 20
-55.5028829999999971
 30
0
 11
47.4265919999999994
 21
-55.3724849999999975
 31
0
  0
LINE
  5
140
330
1B
100
AcDbEntity
  8
B.Cu
  6
CONTINUOUS
100
AcDbLine
 10
47.4265919999999994
 20
-55.3724849999999975
 30
0
 11
47.5374849999999967
 21
-55.2615920000000003
 31
0
  0
LINE
  5
141
330
1B
100
AcDbEntity
  8
B.Cu
  6
CONTINUOUS
100
AcDbLine
 10
47.5374849999999967
 20
-55.2615920000000003
 30
0
 11
47.6678829999999962
 21
-55.1744629999999958
 31
0
  0
LINE
  5
142
330
1B
100
AcDbEntity
  8
B.Cu
  6
CONTINUOUS
100
AcDbLine
 10
47.6678829999999962
 20
-55.1744629999999958
 30
0
 11
47.8127719999999954
 21
-55.1144479999999959
 31
0
  0
LINE
  5
143
330
1B
100
AcDbEntity
  8
B.Cu
  6
CONTINUOUS
100
AcDbLine
 10
47.8127719999999954
 20
-55.1144479999999959
 30
0
 11
47.9665859999999995
 21
-55.0838520000000003
 31
0
  0
LINE
  5
144
330
1B
100
AcDbEntity
  8
B.Cu
  6
CONTINUOUS
100
AcDbLine
 10
47.9665859999999995
 20
-55.0838520000000003
 30
0
 11
48.1234139999999968
 21
-55.0838520000000003
 31
0
  0
LINE
  5
145
330
1B
100
AcDbEntity
  8
B.Cu
  6
CONTINUOUS
100
AcDbLine
 10
48.1234139999999968
 20
-55.0838520000000003
 30
0
 11
48.2772280000000009
 21
-55.1144479999999959
 31
0
  0
LINE
  5
146
330
1B
100
AcDbEntity
  8
B.Cu
  6
CONTINUOUS
100
AcDbLine
 10
48.2772280000000009
 20
-55.1144479999999959
 30
0
 11
48.4221170000000001
 21
-55.1744629999999958
 31
0
  0
LINE
  5
147
330
1B
100
AcDbEntity
  8
B.Cu
  6
CONTINUOUS
100
AcDbLine
 10
48.4221170000000001
 20
-55.1744629999999958
 30
0
 11
48.5525149999999996
 21
-55.2615920000000003
 31
0
  0
LINE
  5
148
330
1B
100
AcDbEntity
  8
B.Cu
  6
CONTINUOUS
100
AcDbLine
 10
48.5525149999999996
 20
-55.2615920000000003
 30
0
 11
48.6634079999999969
 21
-55.3724849999999975
 31
0
  0
LINE
  5
149
330
1B
100
AcDbEntity
  8
B.Cu
  6
CONTINUOUS
100
AcDbLine
 10
48.6634079999999969
 20
-55.3724849999999975
 30
0
 11
48.6684289999999962
 21
-55.3799999999999955
 31
0
  0
LINE
  5
14A
330
1B
100
AcDbEntity
  8
B.Cu
  6
CONTINUOUS
100
AcDbLine
 10
48.6684289999999962
 20
-55.3799999999999955
 30
0
 11
55.4128939999999943
 21
-55.3799999999999955
 31
0
  0
LINE
  5
14B
330
1B
100
AcDbEntity
  8
B.Cu
  6
CONTINUOUS
100
AcDbLine
 10
55.4128939999999943
 20
-55.3799999999999955
 30
0
 11
58.25
 21
-52.5428929999999994
 31
0
  0
LINE
  5
14C
330
1B
100
AcDbEntity
  8
B.Cu
  6
CONTINUOUS
100
AcDbLine
 10
58.25
 20
-52.5428929999999994
 30
0
 11
58.25
 21
-45.707105999999996
 31
0
  0
LINE
  5
14D
330
1B
100
AcDbEntity
  8
B.Cu
  6
CONTINUOUS
100
AcDbLine
 10
58.25
 20
-45.707105999999996
 30
0
 11
57.0428939999999969
 21
-44.5
 31
0
  0
LINE
  5
14E
330
1B
100
AcDbEntity
  8
B.Cu
  6
CONTINUOUS
100
AcDbLine
 10
57.0428939999999969
 20
-44.5
 30
0
 11
46.25
 21
-44.5
 31
0
  0
LINE
  5
14F
330
1B
100
AcDbEntity
  8
B.Cu
  6
CONTINUOUS
100
AcDbLine
 10
46.25
 20
-44.5
 30
0
 11
46.184751999999996
 21
-44.4957229999999981
 31
0
  0
LINE
  5
150
330
1B
100
AcDbEntity
  8
B.Cu
  6
CONTINUOUS
100
AcDbLine
 10
46.184751999999996
 20
-44.4957229999999981
 30
0
 11
46.1847369999999984
 21
-44.4957229999999981
 31
0
  0
LINE
  5
151
330
1B
100
AcDbEntity
  8
B.Cu
  6
CONTINUOUS
100
AcDbLine
 10
46.1847369999999984
 20
-44.4957229999999981
 30
0
 11
46.0586580000000012
 21
-44.4619399999999985
 31
0
  0
LINE
  5
152
330
1B
100
AcDbEntity
  8
B.Cu
  6
CONTINUOUS
100
AcDbLine
 10
46.0586580000000012
 20
-44.4619399999999985
 30
0
 11
45.9456190000000007
 21
-44.3966769999999968
 31
0
  0
LINE
  5
153
330
1B
100
AcDbEntity
  8
B.Cu
  6
CONTINUOUS
100
AcDbLine
 10
45.9456190000000007
 20
-44.3966769999999968
 30
0
 11
45.9456029999999984
 21
-44.3966609999999946
 31
0
  0
LINE
  5
154
330
1B
100
AcDbEntity
  8
B.Cu
  6
CONTINUOUS
100
AcDbLine
 10
45.9456029999999984
 20
-44.3966609999999946
 30
0
 11
45.8964469999999949
 21
-44.3535539999999955
 31
0
  0
LINE
  5
155
330
1B
100
AcDbEntity
  8
B.Cu
  6
CONTINUOUS
100
AcDbLine
 10
45.8964469999999949
 20
-44.3535539999999955
 30
0
 11
43.9914470000000009
 21
-42.4485529999999969
 31
0
  0
LINE
  5
156
330
1B
100
AcDbEntity
  8
B.Cu
  6
CONTINUOUS
100
AcDbLine
 10
43.9914470000000009
 20
-42.4485529999999969
 30
0
 11
43.9483379999999997
 21
-42.3993959999999959
 31
0
  0
LINE
  5
157
330
1B
100
AcDbEntity
  8
B.Cu
  6
CONTINUOUS
100
AcDbLine
 10
43.9483379999999997
 20
-42.3993959999999959
 30
0
 11
43.9483229999999949
 21
-42.3993809999999982
 31
0
  0
LINE
  5
158
330
1B
100
AcDbEntity
  8
B.Cu
  6
CONTINUOUS
100
AcDbLine
 10
43.9483229999999949
 20
-42.3993809999999982
 30
0
 11
43.8830600000000004
 21
-42.2863419999999977
 31
0
  0
LINE
  5
159
330
1B
100
AcDbEntity
  8
B.Cu
  6
CONTINUOUS
100
AcDbLine
 10
43.8830600000000004
 20
-42.2863419999999977
 30
0
 11
43.8492770000000007
 21
-42.1602630000000005
 31
0
  0
LINE
  5
15A
330
1B
100
AcDbEntity
  8
B.Cu
  6
CONTINUOUS
100
AcDbLine
 10
43.8492770000000007
 20
-42.1602630000000005
 30
0
 11
43.8492770000000007
 21
-42.1602469999999983
 31
0
  0
LINE
  5
15B
330
1B
100
AcDbEntity
  8
B.Cu
  6
CONTINUOUS
100
AcDbLine
 10
43.8492770000000007
 20
-42.1602469999999983
 30
0
 11
43.8449999999999989
 21
-42.0949999999999989
 31
0
  0
LINE
  5
15C
330
1B
100
AcDbEntity
  8
B.Cu
  6
CONTINUOUS
100
AcDbLine
 10
43.8449999999999989
 20
-42.0949999999999989
 30
0
 11
43.8449999999999989
 21
-40.3934289999999976
 31
0
  0
LINE
  5
15D
330
1B
100
AcDbEntity
  8
B.Cu
  6
CONTINUOUS
100
AcDbLine
 10
43.8449999999999989
 20
-40.3934289999999976
 30
0
 11
43.8374850000000009
 21
-40.3884079999999983
 31
0
  0
LINE
  5
15E
330
1B
100
AcDbEntity
  8
B.Cu
  6
CONTINUOUS
100
AcDbLine
 10
43.8374850000000009
 20
-40.3884079999999983
 30
0
 11
43.7265919999999966
 21
-40.2775150000000011
 31
0
  0
LINE
  5
15F
330
1B
100
AcDbEntity
  8
B.Cu
  6
CONTINUOUS
100
AcDbLine
 10
43.7265919999999966
 20
-40.2775150000000011
 30
0
 11
43.6394629999999992
 21
-40.1471170000000015
 31
0
  0
LINE
  5
160
330
1B
100
AcDbEntity
  8
B.Cu
  6
CONTINUOUS
100
AcDbLine
 10
43.6394629999999992
 20
-40.1471170000000015
 30
0
 11
43.5794479999999993
 21
-40.0022279999999952
 31
0
  0
LINE
  5
161
330
1B
100
AcDbEntity
  8
B.Cu
  6
CONTINUOUS
100
AcDbLine
 10
43.5794479999999993
 20
-40.0022279999999952
 30
0
 11
43.5531459999999981
 21
-39.8699999999999974
 31
0
  0
LINE
  5
162
330
1B
100
AcDbEntity
  8
B.Cu
  6
CONTINUOUS
100
AcDbLine
 10
43.5531459999999981
 20
-39.8699999999999974
 30
0
 11
42.5968540000000004
 21
-39.8699999999999974
 31
0
  0
LINE
  5
163
330
1B
100
AcDbEntity
  8
B.Cu
  6
CONTINUOUS
100
AcDbLine
 10
42.5968540000000004
 20
-39.8699999999999974
 30
0
 11
42.5705519999999993
 21
-40.0022279999999952
 31
0
  0
LINE
  5
164
330
1B
100
AcDbEntity
  8
B.Cu
  6
CONTINUOUS
100
AcDbLine
 10
42.5705519999999993
 20
-40.0022279999999952
 30
0
 11
42.5105369999999994
 21
-40.1471170000000015
 31
0
  0
LINE
  5
165
330
1B
100
AcDbEntity
  8
B.Cu
  6
CONTINUOUS
100
AcDbLine
 10
42.5105369999999994
 20
-40.1471170000000015
 30
0
 11
42.4234079999999949
 21
-40.2775150000000011
 31
0
  0
LINE
  5
166
330
1B
100
AcDbEntity
  8
B.Cu
  6
CONTINUOUS
100
AcDbLine
 10
42.4234079999999949
 20
-40.2775150000000011
 30
0
 11
42.3125149999999977
 21
-40.3884079999999983
 31
0
  0
LINE
  5
167
330
1B
100
AcDbEntity
  8
B.Cu
  6
CONTINUOUS
100
AcDbLine
 10
42.3125149999999977
 20
-40.3884079999999983
 30
0
 11
42.1821169999999981
 21
-40.4755369999999957
 31
0
  0
LINE
  5
168
330
1B
100
AcDbEntity
  8
B.Cu
  6
CONTINUOUS
100
AcDbLine
 10
42.1821169999999981
 20
-40.4755369999999957
 30
0
 11
42.0372279999999989
 21
-40.5355519999999956
 31
0
  0
LINE
  5
169
330
1B
100
AcDbEntity
  8
B.Cu
  6
CONTINUOUS
100
AcDbLine
 10
42.0372279999999989
 20
-40.5355519999999956
 30
0
 11
41.8834139999999948
 21
-40.5661479999999983
 31
0
  0
LINE
  5
16A
330
1B
100
AcDbEntity
  8
B.Cu
  6
CONTINUOUS
100
AcDbLine
 10
41.8834139999999948
 20
-40.5661479999999983
 30
0
 11
41.7265859999999975
 21
-40.5661479999999983
 31
0
  0
LINE
  5
16B
330
1B
100
AcDbEntity
  8
B.Cu
  6
CONTINUOUS
100
AcDbLine
 10
41.7265859999999975
 20
-40.5661479999999983
 30
0
 11
41.5727720000000005
 21
-40.5355519999999956
 31
0
  0
LINE
  5
16C
330
1B
100
AcDbEntity
  8
B.Cu
  6
CONTINUOUS
100
AcDbLine
 10
41.5727720000000005
 20
-40.5355519999999956
 30
0
 11
41.4278830000000013
 21
-40.4755369999999957
 31
0
  0
LINE
  5
16D
330
1B
100
AcDbEntity
  8
B.Cu
  6
CONTINUOUS
100
AcDbLine
 10
41.4278830000000013
 20
-40.4755369999999957
 30
0
 11
41.2974849999999947
 21
-40.3884079999999983
 31
0
  0
LINE
  5
16E
330
1B
100
AcDbEntity
  8
B.Cu
  6
CONTINUOUS
100
AcDbLine
 10
41.2974849999999947
 20
-40.3884079999999983
 30
0
 11
41.1865919999999974
 21
-40.2775150000000011
 31
0
  0
LINE
  5
16F
330
1B
100
AcDbEntity
  8
B.Cu
  6
CONTINUOUS
100
AcDbLine
 10
41.1865919999999974
 20
-40.2775150000000011
 30
0
 11
41.0994630000000001
 21
-40.1471170000000015
 31
0
  0
LINE
  5
170
330
1B
100
AcDbEntity
  8
B.Cu
  6
CONTINUOUS
100
AcDbLine
 10
41.0994630000000001
 20
-40.1471170000000015
 30
0
 11
41.0394480000000001
 21
-40.0022279999999952
 31
0
  0
LINE
  5
171
330
1B
100
AcDbEntity
  8
B.Cu
  6
CONTINUOUS
100
AcDbLine
 10
41.0394480000000001
 20
-40.0022279999999952
 30
0
 11
41.0088519999999974
 21
-39.8484139999999982
 31
0
  0
LINE
  5
172
330
1B
100
AcDbEntity
  8
B.Cu
  6
CONTINUOUS
100
AcDbLine
 10
41.0088519999999974
 20
-39.8484139999999982
 30
0
 11
41.0049999999999955
 21
-39.769999999999996
 31
0
  0
LINE
  5
173
330
1B
100
AcDbEntity
  8
B.Cu
  6
CONTINUOUS
100
AcDbLine
 10
41.0049999999999955
 20
-39.769999999999996
 30
0
 11
41.0049999999999955
 21
-38.9699999999999989
 31
0
  0
LINE
  5
174
330
1B
100
AcDbEntity
  8
B.Cu
  6
CONTINUOUS
100
AcDbLine
 10
41.0049999999999955
 20
-38.9699999999999989
 30
0
 11
41.0088519999999974
 21
-38.8915859999999967
 31
0
  0
LINE
  5
175
330
1B
100
AcDbEntity
  8
B.Cu
  6
CONTINUOUS
100
AcDbLine
 10
41.0088519999999974
 20
-38.8915859999999967
 30
0
 11
41.0394480000000001
 21
-38.7377719999999997
 31
0
  0
LINE
  5
176
330
1B
100
AcDbEntity
  8
B.Cu
  6
CONTINUOUS
100
AcDbLine
 10
41.0394480000000001
 20
-38.7377719999999997
 30
0
 11
41.0994630000000001
 21
-38.5928830000000005
 31
0
  0
LINE
  5
177
330
1B
100
AcDbEntity
  8
B.Cu
  6
CONTINUOUS
100
AcDbLine
 10
41.0994630000000001
 20
-38.5928830000000005
 30
0
 11
41.1865919999999974
 21
-38.4624850000000009
 31
0
  0
LINE
  5
178
330
1B
100
AcDbEntity
  8
B.Cu
  6
CONTINUOUS
100
AcDbLine
 10
41.1865919999999974
 20
-38.4624850000000009
 30
0
 11
41.2974849999999947
 21
-38.3515919999999966
 31
0
  0
LINE
  5
179
330
1B
100
AcDbEntity
  8
B.Cu
  6
CONTINUOUS
100
AcDbLine
 10
41.2974849999999947
 20
-38.3515919999999966
 30
0
 11
41.3049999999999997
 21
-38.3465699999999998
 31
0
  0
LINE
  5
17A
330
1B
100
AcDbEntity
  8
B.Cu
  6
CONTINUOUS
100
AcDbLine
 10
41.3049999999999997
 20
-38.3465699999999998
 30
0
 11
41.3049999999999997
 21
-37.0254059999999967
 31
0
  0
LINE
  5
17B
330
1B
100
AcDbEntity
  8
B.Cu
  6
CONTINUOUS
100
AcDbLine
 10
41.3049999999999997
 20
-37.0254059999999967
 30
0
 11
40.9312940000000012
 21
-36.6516999999999982
 31
0
  0
LINE
  5
17C
330
1B
100
AcDbEntity
  8
B.Cu
  6
CONTINUOUS
100
AcDbLine
 10
40.9312940000000012
 20
-36.6516999999999982
 30
0
 11
36.0171050000000008
 21
-36.6516999999999982
 31
0
  0
LINE
  5
17D
330
1B
100
AcDbEntity
  8
B.Cu
  6
CONTINUOUS
100
AcDbLine
 10
36.0171050000000008
 20
-36.6516999999999982
 30
0
 11
31.0554069999999989
 21
-36.6516999999999982
 31
0
  0
LINE
  5
17E
330
1B
100
AcDbEntity
  8
B.Cu
  6
CONTINUOUS
100
AcDbLine
 10
31.0554069999999989
 20
-36.6516999999999982
 30
0
 11
24.0949999999999989
 21
-43.6121059999999972
 31
0
  0
LINE
  5
17F
330
1B
100
AcDbEntity
  8
B.Cu
  6
CONTINUOUS
100
AcDbLine
 10
24.0949999999999989
 20
-43.6121059999999972
 30
0
 11
24.0949999999999989
 21
-47.636569999999999
 31
0
  0
LINE
  5
180
330
1B
100
AcDbEntity
  8
B.Cu
  6
CONTINUOUS
100
AcDbLine
 10
24.0949999999999989
 20
-47.636569999999999
 30
0
 11
24.1025150000000004
 21
-47.6415919999999957
 31
0
  0
LINE
  5
181
330
1B
100
AcDbEntity
  8
B.Cu
  6
CONTINUOUS
100
AcDbLine
 10
24.1025150000000004
 20
-47.6415919999999957
 30
0
 11
24.2134079999999976
 21
-47.7524850000000001
 31
0
  0
LINE
  5
182
330
1B
100
AcDbEntity
  8
B.Cu
  6
CONTINUOUS
100
AcDbLine
 10
24.2134079999999976
 20
-47.7524850000000001
 30
0
 11
24.3005369999999985
 21
-47.8828829999999996
 31
0
  0
LINE
  5
183
330
1B
100
AcDbEntity
  8
B.Cu
  6
CONTINUOUS
100
AcDbLine
 10
24.3005369999999985
 20
-47.8828829999999996
 30
0
 11
24.3605519999999984
 21
-48.0277719999999988
 31
0
  0
LINE
  5
184
330
1B
100
AcDbEntity
  8
B.Cu
  6
CONTINUOUS
100
AcDbLine
 10
24.3605519999999984
 20
-48.0277719999999988
 30
0
 11
24.3911479999999976
 21
-48.1815859999999958
 31
0
  0
LINE
  5
185
330
1B
100
AcDbEntity
  8
B.Cu
  6
CONTINUOUS
100
AcDbLine
 10
24.3911479999999976
 20
-48.1815859999999958
 30
0
 11
24.3911479999999976
 21
-48.3384140000000002
 31
0
  0
LINE
  5
186
330
1B
100
AcDbEntity
  8
B.Cu
  6
CONTINUOUS
100
AcDbLine
 10
24.3911479999999976
 20
-48.3384140000000002
 30
0
 11
24.3605519999999984
 21
-48.4922279999999972
 31
0
  0
LINE
  5
187
330
1B
100
AcDbEntity
  8
B.Cu
  6
CONTINUOUS
100
AcDbLine
 10
24.3605519999999984
 20
-48.4922279999999972
 30
0
 11
24.3005369999999985
 21
-48.6371169999999964
 31
0
  0
LINE
  5
188
330
1B
100
AcDbEntity
  8
B.Cu
  6
CONTINUOUS
100
AcDbLine
 10
24.3005369999999985
 20
-48.6371169999999964
 30
0
 11
24.2134079999999976
 21
-48.767514999999996
 31
0
  0
LINE
  5
189
330
1B
100
AcDbEntity
  8
B.Cu
  6
CONTINUOUS
100
AcDbLine
 10
24.2134079999999976
 20
-48.767514999999996
 30
0
 11
24.1025150000000004
 21
-48.8784080000000003
 31
0
  0
LINE
  5
18A
330
1B
100
AcDbEntity
  8
B.Cu
  6
CONTINUOUS
100
AcDbLine
 10
24.1025150000000004
 20
-48.8784080000000003
 30
0
 11
23.9721169999999972
 21
-48.9655369999999976
 31
0
  0
LINE
  5
18B
330
1B
100
AcDbEntity
  8
B.Cu
  6
CONTINUOUS
100
AcDbLine
 10
23.9721169999999972
 20
-48.9655369999999976
 30
0
 11
23.8272279999999981
 21
-49.0255519999999976
 31
0
  0
LINE
  5
18C
330
1B
100
AcDbEntity
  8
B.Cu
  6
CONTINUOUS
100
AcDbLine
 10
23.8272279999999981
 20
-49.0255519999999976
 30
0
 11
23.6734139999999975
 21
-49.0561480000000003
 31
0
  0
LINE
  5
18D
330
1B
100
AcDbEntity
  8
B.Cu
  6
CONTINUOUS
100
AcDbLine
 10
23.6734139999999975
 20
-49.0561480000000003
 30
0
 11
23.5165860000000002
 21
-49.0561480000000003
 31
0
  0
LINE
  5
18E
330
1B
100
AcDbEntity
  8
B.Cu
  6
CONTINUOUS
100
AcDbLine
 10
23.5165860000000002
 20
-49.0561480000000003
 30
0
 11
23.3627719999999997
 21
-49.0255519999999976
 31
0
  0
LINE
  5
18F
330
1B
100
AcDbEntity
  8
B.Cu
  6
CONTINUOUS
100
AcDbLine
 10
23.3627719999999997
 20
-49.0255519999999976
 30
0
 11
23.2178830000000005
 21
-48.9655369999999976
 31
0
  0
LINE
  5
190
330
1B
100
AcDbEntity
  8
B.Cu
  6
CONTINUOUS
100
AcDbLine
 10
23.2178830000000005
 20
-48.9655369999999976
 30
0
 11
23.0874849999999974
 21
-48.8784080000000003
 31
0
  0
LINE
  5
191
330
1B
100
AcDbEntity
  8
B.Cu
  6
CONTINUOUS
100
AcDbLine
 10
23.0874849999999974
 20
-48.8784080000000003
 30
0
 11
22.9765920000000001
 21
-48.767514999999996
 31
0
  0
LINE
  5
192
330
1B
100
AcDbEntity
  8
B.Cu
  6
CONTINUOUS
100
AcDbLine
 10
22.9765920000000001
 20
-48.767514999999996
 30
0
 11
22.8894629999999992
 21
-48.6371169999999964
 31
0
  0
LINE
  5
193
330
1B
100
AcDbEntity
  8
B.Cu
  6
CONTINUOUS
100
AcDbLine
 10
22.8894629999999992
 20
-48.6371169999999964
 30
0
 11
22.8294479999999993
 21
-48.4922279999999972
 31
0
  0
LINE
  5
194
330
1B
100
AcDbEntity
  8
B.Cu
  6
CONTINUOUS
100
AcDbLine
 10
22.8294479999999993
 20
-48.4922279999999972
 30
0
 11
22.7988520000000001
 21
-48.3384140000000002
 31
0
  0
LINE
  5
195
330
1B
100
AcDbEntity
  8
B.Cu
  6
CONTINUOUS
100
AcDbLine
 10
22.7988520000000001
 20
-48.3384140000000002
 30
0
 11
22.7988520000000001
 21
-48.1815859999999958
 31
0
  0
LINE
  5
196
330
1B
100
AcDbEntity
  8
B.Cu
  6
CONTINUOUS
100
AcDbLine
 10
22.7988520000000001
 20
-48.1815859999999958
 30
0
 11
22.8294479999999993
 21
-48.0277719999999988
 31
0
  0
LINE
  5
197
330
1B
100
AcDbEntity
  8
B.Cu
  6
CONTINUOUS
100
AcDbLine
 10
22.8294479999999993
 20
-48.0277719999999988
 30
0
 11
22.8894629999999992
 21
-47.8828829999999996
 31
0
  0
LINE
  5
198
330
1B
100
AcDbEntity
  8
B.Cu
  6
CONTINUOUS
100
AcDbLine
 10
22.8894629999999992
 20
-47.8828829999999996
 30
0
 11
22.9765920000000001
 21
-47.7524850000000001
 31
0
  0
LINE
  5
199
330
1B
100
AcDbEntity
  8
B.Cu
  6
CONTINUOUS
100
AcDbLine
 10
22.9765920000000001
 20
-47.7524850000000001
 30
0
 11
23.0874849999999974
 21
-47.6415919999999957
 31
0
  0
LINE
  5
19A
330
1B
100
AcDbEntity
  8
B.Cu
  6
CONTINUOUS
100
AcDbLine
 10
23.0874849999999974
 20
-47.6415919999999957
 30
0
 11
23.0949999999999989
 21
-47.636569999999999
 31
0
  0
LINE
  5
19B
330
1B
100
AcDbEntity
  8
B.Cu
  6
CONTINUOUS
100
AcDbLine
 10
23.0949999999999989
 20
-47.636569999999999
 30
0
 11
23.0949999999999989
 21
-43.4050000000000011
 31
0
  0
LINE
  5
19C
330
1B
100
AcDbEntity
  8
B.Cu
  6
CONTINUOUS
100
AcDbLine
 10
23.0949999999999989
 20
-43.4050000000000011
 30
0
 11
23.0992770000000007
 21
-43.3397519999999972
 31
0
  0
LINE
  5
19D
330
1B
100
AcDbEntity
  8
B.Cu
  6
CONTINUOUS
100
AcDbLine
 10
23.0992770000000007
 20
-43.3397519999999972
 30
0
 11
23.0992770000000007
 21
-43.3397369999999995
 31
0
  0
LINE
  5
19E
330
1B
100
AcDbEntity
  8
B.Cu
  6
CONTINUOUS
100
AcDbLine
 10
23.0992770000000007
 20
-43.3397369999999995
 30
0
 11
23.1330600000000004
 21
-43.2136579999999952
 31
0
  0
LINE
  5
19F
330
1B
100
AcDbEntity
  8
B.Cu
  6
CONTINUOUS
100
AcDbLine
 10
23.1330600000000004
 20
-43.2136579999999952
 30
0
 11
23.1479779999999984
 21
-43.1878189999999975
 31
0
  0
LINE
  5
1A0
330
1B
100
AcDbEntity
  8
B.Cu
  6
CONTINUOUS
100
AcDbLine
 10
23.1479779999999984
 20
-43.1878189999999975
 30
0
 11
23.1983229999999985
 21
-43.1006189999999947
 31
0
  0
LINE
  5
1A1
330
1B
100
AcDbEntity
  8
B.Cu
  6
CONTINUOUS
100
AcDbLine
 10
23.1983229999999985
 20
-43.1006189999999947
 30
0
 11
23.1983379999999997
 21
-43.1006029999999996
 31
0
  0
LINE
  5
1A2
330
1B
100
AcDbEntity
  8
B.Cu
  6
CONTINUOUS
100
AcDbLine
 10
23.1983379999999997
 20
-43.1006029999999996
 30
0
 11
23.2414469999999973
 21
-43.051446999999996
 31
0
  0
LINE
  5
1A3
330
1B
100
AcDbEntity
  8
B.Cu
  6
CONTINUOUS
100
AcDbLine
 10
23.2414469999999973
 20
-43.051446999999996
 30
0
 11
30.4947459999999992
 21
-35.7981470000000002
 31
0
  0
LINE
  5
1A4
330
1B
100
AcDbEntity
  8
B.Cu
  6
CONTINUOUS
100
AcDbLine
 10
30.4947459999999992
 20
-35.7981470000000002
 30
0
 11
30.5439100000000003
 21
-35.7550309999999953
 31
0
  0
LINE
  5
1A5
330
1B
100
AcDbEntity
  8
B.Cu
  6
CONTINUOUS
100
AcDbLine
 10
30.5439100000000003
 20
-35.7550309999999953
 30
0
 11
30.5439189999999989
 21
-35.7550230000000013
 31
0
  0
LINE
  5
1A6
330
1B
100
AcDbEntity
  8
B.Cu
  6
CONTINUOUS
100
AcDbLine
 10
30.5439189999999989
 20
-35.7550230000000013
 30
0
 11
30.6569579999999995
 21
-35.6897599999999997
 31
0
  0
LINE
  5
1A7
330
1B
100
AcDbEntity
  8
B.Cu
  6
CONTINUOUS
100
AcDbLine
 10
30.6569579999999995
 20
-35.6897599999999997
 30
0
 11
30.7830370000000002
 21
-35.655977
 31
0
  0
LINE
  5
1A8
330
1B
100
AcDbEntity
  8
B.Cu
  6
CONTINUOUS
100
AcDbLine
 10
30.7830370000000002
 20
-35.655977
 30
0
 11
30.7830519999999979
 21
-35.655977
 31
0
  0
LINE
  5
1A9
330
1B
100
AcDbEntity
  8
B.Cu
  6
CONTINUOUS
100
AcDbLine
 10
30.7830519999999979
 20
-35.655977
 30
0
 11
30.8482999999999983
 21
-35.6516999999999982
 31
0
  0
LINE
  5
1AA
330
1B
100
AcDbEntity
  8
B.Cu
  6
CONTINUOUS
100
AcDbLine
 10
30.8482999999999983
 20
-35.6516999999999982
 30
0
 11
36.0171050000000008
 21
-35.6516999999999982
 31
0
  0
LINE
  5
1AB
330
1B
100
AcDbEntity
  8
B.Cu
  6
CONTINUOUS
100
AcDbLine
 10
41.0652479999999969
 20
-44.2542769999999948
 30
0
 11
41.0652630000000016
 21
-44.2542769999999948
 31
0
  0
LINE
  5
1AC
330
1B
100
AcDbEntity
  8
B.Cu
  6
CONTINUOUS
100
AcDbLine
 10
41.0652630000000016
 20
-44.2542769999999948
 30
0
 11
41.1913419999999988
 21
-44.2880600000000015
 31
0
  0
LINE
  5
1AD
330
1B
100
AcDbEntity
  8
B.Cu
  6
CONTINUOUS
100
AcDbLine
 10
41.1913419999999988
 20
-44.2880600000000015
 30
0
 11
41.3043809999999993
 21
-44.3533229999999961
 31
0
  0
LINE
  5
1AE
330
1B
100
AcDbEntity
  8
B.Cu
  6
CONTINUOUS
100
AcDbLine
 10
41.3043809999999993
 20
-44.3533229999999961
 30
0
 11
41.304395999999997
 21
-44.3533380000000008
 31
0
  0
LINE
  5
1AF
330
1B
100
AcDbEntity
  8
B.Cu
  6
CONTINUOUS
100
AcDbLine
 10
41.304395999999997
 20
-44.3533380000000008
 30
0
 11
41.353552999999998
 21
-44.3964469999999949
 31
0
  0
LINE
  5
1B0
330
1B
100
AcDbEntity
  8
B.Cu
  6
CONTINUOUS
100
AcDbLine
 10
41.353552999999998
 20
-44.3964469999999949
 30
0
 11
44.103552999999998
 21
-47.1464459999999974
 31
0
  0
LINE
  5
1B1
330
1B
100
AcDbEntity
  8
B.Cu
  6
CONTINUOUS
100
AcDbLine
 10
44.103552999999998
 20
-47.1464459999999974
 30
0
 11
44.1466679999999982
 21
-47.195609999999995
 31
0
  0
LINE
  5
1B2
330
1B
100
AcDbEntity
  8
B.Cu
  6
CONTINUOUS
100
AcDbLine
 10
44.1466679999999982
 20
-47.195609999999995
 30
0
 11
44.1466769999999968
 21
-47.1956190000000007
 31
0
  0
LINE
  5
1B3
330
1B
100
AcDbEntity
  8
B.Cu
  6
CONTINUOUS
100
AcDbLine
 10
44.1466769999999968
 20
-47.1956190000000007
 30
0
 11
44.1899179999999987
 21
-47.2705149999999961
 31
0
  0
LINE
  5
1B4
330
1B
100
AcDbEntity
  8
B.Cu
  6
CONTINUOUS
100
AcDbLine
 10
44.1899179999999987
 20
-47.2705149999999961
 30
0
 11
44.2119399999999985
 21
-47.3086580000000012
 31
0
  0
LINE
  5
1B5
330
1B
100
AcDbEntity
  8
B.Cu
  6
CONTINUOUS
100
AcDbLine
 10
44.2119399999999985
 20
-47.3086580000000012
 30
0
 11
44.2457229999999981
 21
-47.4347369999999984
 31
0
  0
LINE
  5
1B6
330
1B
100
AcDbEntity
  8
B.Cu
  6
CONTINUOUS
100
AcDbLine
 10
44.2457229999999981
 20
-47.4347369999999984
 30
0
 11
44.2457229999999981
 21
-47.434751999999996
 31
0
  0
LINE
  5
1B7
330
1B
100
AcDbEntity
  8
B.Cu
  6
CONTINUOUS
100
AcDbLine
 10
44.2457229999999981
 20
-47.434751999999996
 30
0
 11
44.25
 21
-47.5
 31
0
  0
LINE
  5
1B8
330
1B
100
AcDbEntity
  8
B.Cu
  6
CONTINUOUS
100
AcDbLine
 10
44.25
 20
-47.5
 30
0
 11
44.25
 21
-48.7928929999999994
 31
0
  0
LINE
  5
1B9
330
1B
100
AcDbEntity
  8
B.Cu
  6
CONTINUOUS
100
AcDbLine
 10
44.25
 20
-48.7928929999999994
 30
0
 11
45.317107
 21
-49.8599999999999994
 31
0
  0
LINE
  5
1BA
330
1B
100
AcDbEntity
  8
B.Cu
  6
CONTINUOUS
100
AcDbLine
 10
45.317107
 20
-49.8599999999999994
 30
0
 11
50.707893999999996
 21
-49.8599999999999994
 31
0
  0
LINE
  5
1BB
330
1B
100
AcDbEntity
  8
B.Cu
  6
CONTINUOUS
100
AcDbLine
 10
50.707893999999996
 20
-49.8599999999999994
 30
0
 11
52.2686109999999999
 21
-48.299281999999998
 31
0
  0
LINE
  5
1BC
330
1B
100
AcDbEntity
  8
B.Cu
  6
CONTINUOUS
100
AcDbLine
 10
52.2686109999999999
 20
-48.299281999999998
 30
0
 11
52.2686109999999999
 21
-48.1864869999999996
 31
0
  0
LINE
  5
1BD
330
1B
100
AcDbEntity
  8
B.Cu
  6
CONTINUOUS
100
AcDbLine
 10
52.2686109999999999
 20
-48.1864869999999996
 30
0
 11
52.2972949999999983
 21
-48.0422859999999972
 31
0
  0
LINE
  5
1BE
330
1B
100
AcDbEntity
  8
B.Cu
  6
CONTINUOUS
100
AcDbLine
 10
52.2972949999999983
 20
-48.0422859999999972
 30
0
 11
52.3535589999999971
 21
-47.9064519999999945
 31
0
  0
LINE
  5
1BF
330
1B
100
AcDbEntity
  8
B.Cu
  6
CONTINUOUS
100
AcDbLine
 10
52.3535589999999971
 20
-47.9064519999999945
 30
0
 11
52.4352419999999952
 21
-47.784205
 31
0
  0
LINE
  5
1C0
330
1B
100
AcDbEntity
  8
B.Cu
  6
CONTINUOUS
100
AcDbLine
 10
52.4352419999999952
 20
-47.784205
 30
0
 11
52.5392049999999955
 21
-47.6802419999999998
 31
0
  0
LINE
  5
1C1
330
1B
100
AcDbEntity
  8
B.Cu
  6
CONTINUOUS
100
AcDbLine
 10
52.5392049999999955
 20
-47.6802419999999998
 30
0
 11
52.661451999999997
 21
-47.5985589999999945
 31
0
  0
LINE
  5
1C2
330
1B
100
AcDbEntity
  8
B.Cu
  6
CONTINUOUS
100
AcDbLine
 10
52.661451999999997
 20
-47.5985589999999945
 30
0
 11
52.7972859999999997
 21
-47.5422949999999958
 31
0
  0
LINE
  5
1C3
330
1B
100
AcDbEntity
  8
B.Cu
  6
CONTINUOUS
100
AcDbLine
 10
52.7972859999999997
 20
-47.5422949999999958
 30
0
 11
52.9414869999999951
 21
-47.5136109999999974
 31
0
  0
LINE
  5
1C4
330
1B
100
AcDbEntity
  8
B.Cu
  6
CONTINUOUS
100
AcDbLine
 10
52.9414869999999951
 20
-47.5136109999999974
 30
0
 11
53.088512999999999
 21
-47.5136109999999974
 31
0
  0
LINE
  5
1C5
330
1B
100
AcDbEntity
  8
B.Cu
  6
CONTINUOUS
100
AcDbLine
 10
53.088512999999999
 20
-47.5136109999999974
 30
0
 11
53.2327139999999943
 21
-47.5422949999999958
 31
0
  0
LINE
  5
1C6
330
1B
100
AcDbEntity
  8
B.Cu
  6
CONTINUOUS
100
AcDbLine
 10
53.2327139999999943
 20
-47.5422949999999958
 30
0
 11
53.368547999999997
 21
-47.5985589999999945
 31
0
  0
LINE
  5
1C7
330
1B
100
AcDbEntity
  8
B.Cu
  6
CONTINUOUS
100
AcDbLine
 10
53.368547999999997
 20
-47.5985589999999945
 30
0
 11
53.4907949999999985
 21
-47.6802419999999998
 31
0
  0
LINE
  5
1C8
330
1B
100
AcDbEntity
  8
B.Cu
  6
CONTINUOUS
100
AcDbLine
 10
53.4907949999999985
 20
-47.6802419999999998
 30
0
 11
53.5947579999999988
 21
-47.784205
 31
0
  0
LINE
  5
1C9
330
1B
100
AcDbEntity
  8
B.Cu
  6
CONTINUOUS
100
AcDbLine
 10
53.5947579999999988
 20
-47.784205
 30
0
 11
53.676440999999997
 21
-47.9064519999999945
 31
0
  0
LINE
  5
1CA
330
1B
100
AcDbEntity
  8
B.Cu
  6
CONTINUOUS
100
AcDbLine
 10
53.676440999999997
 20
-47.9064519999999945
 30
0
 11
53.7327049999999957
 21
-48.0422859999999972
 31
0
  0
LINE
  5
1CB
330
1B
100
AcDbEntity
  8
B.Cu
  6
CONTINUOUS
100
AcDbLine
 10
53.7327049999999957
 20
-48.0422859999999972
 30
0
 11
53.7613889999999941
 21
-48.1864869999999996
 31
0
  0
LINE
  5
1CC
330
1B
100
AcDbEntity
  8
B.Cu
  6
CONTINUOUS
100
AcDbLine
 10
53.7613889999999941
 20
-48.1864869999999996
 30
0
 11
53.7613889999999941
 21
-48.3335129999999964
 31
0
  0
LINE
  5
1CD
330
1B
100
AcDbEntity
  8
B.Cu
  6
CONTINUOUS
100
AcDbLine
 10
53.7613889999999941
 20
-48.3335129999999964
 30
0
 11
53.7327049999999957
 21
-48.4777139999999989
 31
0
  0
LINE
  5
1CE
330
1B
100
AcDbEntity
  8
B.Cu
  6
CONTINUOUS
100
AcDbLine
 10
53.7327049999999957
 20
-48.4777139999999989
 30
0
 11
53.676440999999997
 21
-48.6135479999999944
 31
0
  0
LINE
  5
1CF
330
1B
100
AcDbEntity
  8
B.Cu
  6
CONTINUOUS
100
AcDbLine
 10
53.676440999999997
 20
-48.6135479999999944
 30
0
 11
53.5947579999999988
 21
-48.735794999999996
 31
0
  0
LINE
  5
1D0
330
1B
100
AcDbEntity
  8
B.Cu
  6
CONTINUOUS
100
AcDbLine
 10
53.5947579999999988
 20
-48.735794999999996
 30
0
 11
53.4907949999999985
 21
-48.8397579999999962
 31
0
  0
LINE
  5
1D1
330
1B
100
AcDbEntity
  8
B.Cu
  6
CONTINUOUS
100
AcDbLine
 10
53.4907949999999985
 20
-48.8397579999999962
 30
0
 11
53.368547999999997
 21
-48.9214409999999944
 31
0
  0
LINE
  5
1D2
330
1B
100
AcDbEntity
  8
B.Cu
  6
CONTINUOUS
100
AcDbLine
 10
53.368547999999997
 20
-48.9214409999999944
 30
0
 11
53.2327139999999943
 21
-48.9777050000000003
 31
0
  0
LINE
  5
1D3
330
1B
100
AcDbEntity
  8
B.Cu
  6
CONTINUOUS
100
AcDbLine
 10
53.2327139999999943
 20
-48.9777050000000003
 30
0
 11
53.088512999999999
 21
-49.0063889999999986
 31
0
  0
LINE
  5
1D4
330
1B
100
AcDbEntity
  8
B.Cu
  6
CONTINUOUS
100
AcDbLine
 10
53.088512999999999
 20
-49.0063889999999986
 30
0
 11
52.9757180000000005
 21
-49.0063889999999986
 31
0
  0
LINE
  5
1D5
330
1B
100
AcDbEntity
  8
B.Cu
  6
CONTINUOUS
100
AcDbLine
 10
52.9757180000000005
 20
-49.0063889999999986
 30
0
 11
51.2685529999999972
 21
-50.7135529999999974
 31
0
  0
LINE
  5
1D6
330
1B
100
AcDbEntity
  8
B.Cu
  6
CONTINUOUS
100
AcDbLine
 10
51.2685529999999972
 20
-50.7135529999999974
 30
0
 11
51.2193959999999961
 21
-50.7566610000000011
 31
0
  0
LINE
  5
1D7
330
1B
100
AcDbEntity
  8
B.Cu
  6
CONTINUOUS
100
AcDbLine
 10
51.2193959999999961
 20
-50.7566610000000011
 30
0
 11
51.2193809999999985
 21
-50.7566769999999963
 31
0
  0
LINE
  5
1D8
330
1B
100
AcDbEntity
  8
B.Cu
  6
CONTINUOUS
100
AcDbLine
 10
51.2193809999999985
 20
-50.7566769999999963
 30
0
 11
51.1293450000000007
 21
-50.8086589999999987
 31
0
  0
LINE
  5
1D9
330
1B
100
AcDbEntity
  8
B.Cu
  6
CONTINUOUS
100
AcDbLine
 10
51.1293450000000007
 20
-50.8086589999999987
 30
0
 11
51.1063419999999979
 21
-50.8219399999999979
 31
0
  0
LINE
  5
1DA
330
1B
100
AcDbEntity
  8
B.Cu
  6
CONTINUOUS
100
AcDbLine
 10
51.1063419999999979
 20
-50.8219399999999979
 30
0
 11
50.9802630000000008
 21
-50.8557229999999976
 31
0
  0
LINE
  5
1DB
330
1B
100
AcDbEntity
  8
B.Cu
  6
CONTINUOUS
100
AcDbLine
 10
50.9802630000000008
 20
-50.8557229999999976
 30
0
 11
50.980247999999996
 21
-50.8557229999999976
 31
0
  0
LINE
  5
1DC
330
1B
100
AcDbEntity
  8
B.Cu
  6
CONTINUOUS
100
AcDbLine
 10
50.980247999999996
 20
-50.8557229999999976
 30
0
 11
50.9149999999999991
 21
-50.8599999999999994
 31
0
  0
LINE
  5
1DD
330
1B
100
AcDbEntity
  8
B.Cu
  6
CONTINUOUS
100
AcDbLine
 10
50.9149999999999991
 20
-50.8599999999999994
 30
0
 11
45.1099999999999994
 21
-50.8599999999999994
 31
0
  0
LINE
  5
1DE
330
1B
100
AcDbEntity
  8
B.Cu
  6
CONTINUOUS
100
AcDbLine
 10
45.1099999999999994
 20
-50.8599999999999994
 30
0
 11
45.0447519999999955
 21
-50.8557229999999976
 31
0
  0
LINE
  5
1DF
330
1B
100
AcDbEntity
  8
B.Cu
  6
CONTINUOUS
100
AcDbLine
 10
45.0447519999999955
 20
-50.8557229999999976
 30
0
 11
45.0447369999999978
 21
-50.8557229999999976
 31
0
  0
LINE
  5
1E0
330
1B
100
AcDbEntity
  8
B.Cu
  6
CONTINUOUS
100
AcDbLine
 10
45.0447369999999978
 20
-50.8557229999999976
 30
0
 11
44.9186580000000006
 21
-50.8219399999999979
 31
0
  0
LINE
  5
1E1
330
1B
100
AcDbEntity
  8
B.Cu
  6
CONTINUOUS
100
AcDbLine
 10
44.9186580000000006
 20
-50.8219399999999979
 30
0
 11
44.8956549999999979
 21
-50.8086589999999987
 31
0
  0
LINE
  5
1E2
330
1B
100
AcDbEntity
  8
B.Cu
  6
CONTINUOUS
100
AcDbLine
 10
44.8956549999999979
 20
-50.8086589999999987
 30
0
 11
44.8056190000000001
 21
-50.7566769999999963
 31
0
  0
LINE
  5
1E3
330
1B
100
AcDbEntity
  8
B.Cu
  6
CONTINUOUS
100
AcDbLine
 10
44.8056190000000001
 20
-50.7566769999999963
 30
0
 11
44.8056100000000015
 21
-50.7566679999999977
 31
0
  0
LINE
  5
1E4
330
1B
100
AcDbEntity
  8
B.Cu
  6
CONTINUOUS
100
AcDbLine
 10
44.8056100000000015
 20
-50.7566679999999977
 30
0
 11
44.7564459999999968
 21
-50.7135529999999974
 31
0
  0
LINE
  5
1E5
330
1B
100
AcDbEntity
  8
B.Cu
  6
CONTINUOUS
100
AcDbLine
 10
44.7564459999999968
 20
-50.7135529999999974
 30
0
 11
43.3964469999999949
 21
-49.353552999999998
 31
0
  0
LINE
  5
1E6
330
1B
100
AcDbEntity
  8
B.Cu
  6
CONTINUOUS
100
AcDbLine
 10
43.3964469999999949
 20
-49.353552999999998
 30
0
 11
43.3533380000000008
 21
-49.304395999999997
 31
0
  0
LINE
  5
1E7
330
1B
100
AcDbEntity
  8
B.Cu
  6
CONTINUOUS
100
AcDbLine
 10
43.3533380000000008
 20
-49.304395999999997
 30
0
 11
43.3533229999999961
 21
-49.3043809999999993
 31
0
  0
LINE
  5
1E8
330
1B
100
AcDbEntity
  8
B.Cu
  6
CONTINUOUS
100
AcDbLine
 10
43.3533229999999961
 20
-49.3043809999999993
 30
0
 11
43.2880600000000015
 21
-49.1913419999999988
 31
0
  0
LINE
  5
1E9
330
1B
100
AcDbEntity
  8
B.Cu
  6
CONTINUOUS
100
AcDbLine
 10
43.2880600000000015
 20
-49.1913419999999988
 30
0
 11
43.2822460000000007
 21
-49.1696439999999981
 31
0
  0
LINE
  5
1EA
330
1B
100
AcDbEntity
  8
B.Cu
  6
CONTINUOUS
100
AcDbLine
 10
43.2822460000000007
 20
-49.1696439999999981
 30
0
 11
43.2542769999999948
 21
-49.0652629999999945
 31
0
  0
LINE
  5
1EB
330
1B
100
AcDbEntity
  8
B.Cu
  6
CONTINUOUS
100
AcDbLine
 10
43.2542769999999948
 20
-49.0652629999999945
 30
0
 11
43.2542769999999948
 21
-49.0652469999999994
 31
0
  0
LINE
  5
1EC
330
1B
100
AcDbEntity
  8
B.Cu
  6
CONTINUOUS
100
AcDbLine
 10
43.2542769999999948
 20
-49.0652469999999994
 30
0
 11
43.25
 21
-49.
 31
0
  0
LINE
  5
1ED
330
1B
100
AcDbEntity
  8
B.Cu
  6
CONTINUOUS
100
AcDbLine
 10
43.25
 20
-49.
 30
0
 11
43.25
 21
-47.707105999999996
 31
0
  0
LINE
  5
1EE
330
1B
100
AcDbEntity
  8
B.Cu
  6
CONTINUOUS
100
AcDbLine
 10
43.25
 20
-47.707105999999996
 30
0
 11
40.7928939999999969
 21
-45.25
 31
0
  0
LINE
  5
1EF
330
1B
100
AcDbEntity
  8
B.Cu
  6
CONTINUOUS
100
AcDbLine
 10
40.7928939999999969
 20
-45.25
 30
0
 11
36.7071070000000006
 21
-45.25
 31
0
  0
LINE
  5
1F0
330
1B
100
AcDbEntity
  8
B.Cu
  6
CONTINUOUS
100
AcDbLine
 10
36.7071070000000006
 20
-45.25
 30
0
 11
36.4450000000000003
 21
-45.5121059999999957
 31
0
  0
LINE
  5
1F1
330
1B
100
AcDbEntity
  8
B.Cu
  6
CONTINUOUS
100
AcDbLine
 10
36.4450000000000003
 20
-45.5121059999999957
 30
0
 11
36.4450000000000003
 21
-47.636569999999999
 31
0
  0
LINE
  5
1F2
330
1B
100
AcDbEntity
  8
B.Cu
  6
CONTINUOUS
100
AcDbLine
 10
36.4450000000000003
 20
-47.636569999999999
 30
0
 11
36.4525149999999982
 21
-47.6415919999999957
 31
0
  0
LINE
  5
1F3
330
1B
100
AcDbEntity
  8
B.Cu
  6
CONTINUOUS
100
AcDbLine
 10
36.4525149999999982
 20
-47.6415919999999957
 30
0
 11
36.5634079999999955
 21
-47.7524850000000001
 31
0
  0
LINE
  5
1F4
330
1B
100
AcDbEntity
  8
B.Cu
  6
CONTINUOUS
100
AcDbLine
 10
36.5634079999999955
 20
-47.7524850000000001
 30
0
 11
36.6505369999999999
 21
-47.8828829999999996
 31
0
  0
LINE
  5
1F5
330
1B
100
AcDbEntity
  8
B.Cu
  6
CONTINUOUS
100
AcDbLine
 10
36.6505369999999999
 20
-47.8828829999999996
 30
0
 11
36.7105519999999999
 21
-48.0277719999999988
 31
0
  0
LINE
  5
1F6
330
1B
100
AcDbEntity
  8
B.Cu
  6
CONTINUOUS
100
AcDbLine
 10
36.7105519999999999
 20
-48.0277719999999988
 30
0
 11
36.7411479999999955
 21
-48.1815859999999958
 31
0
  0
LINE
  5
1F7
330
1B
100
AcDbEntity
  8
B.Cu
  6
CONTINUOUS
100
AcDbLine
 10
36.7411479999999955
 20
-48.1815859999999958
 30
0
 11
36.7411479999999955
 21
-48.3384140000000002
 31
0
  0
LINE
  5
1F8
330
1B
100
AcDbEntity
  8
B.Cu
  6
CONTINUOUS
100
AcDbLine
 10
36.7411479999999955
 20
-48.3384140000000002
 30
0
 11
36.7105519999999999
 21
-48.4922279999999972
 31
0
  0
LINE
  5
1F9
330
1B
100
AcDbEntity
  8
B.Cu
  6
CONTINUOUS
100
AcDbLine
 10
36.7105519999999999
 20
-48.4922279999999972
 30
0
 11
36.6505369999999999
 21
-48.6371169999999964
 31
0
  0
LINE
  5
1FA
330
1B
100
AcDbEntity
  8
B.Cu
  6
CONTINUOUS
100
AcDbLine
 10
36.6505369999999999
 20
-48.6371169999999964
 30
0
 11
36.5634079999999955
 21
-48.767514999999996
 31
0
  0
LINE
  5
1FB
330
1B
100
AcDbEntity
  8
B.Cu
  6
CONTINUOUS
100
AcDbLine
 10
36.5634079999999955
 20
-48.767514999999996
 30
0
 11
36.4525149999999982
 21
-48.8784080000000003
 31
0
  0
LINE
  5
1FC
330
1B
100
AcDbEntity
  8
B.Cu
  6
CONTINUOUS
100
AcDbLine
 10
36.4525149999999982
 20
-48.8784080000000003
 30
0
 11
36.3221169999999987
 21
-48.9655369999999976
 31
0
  0
LINE
  5
1FD
330
1B
100
AcDbEntity
  8
B.Cu
  6
CONTINUOUS
100
AcDbLine
 10
36.3221169999999987
 20
-48.9655369999999976
 30
0
 11
36.1772279999999995
 21
-49.0255519999999976
 31
0
  0
LINE
  5
1FE
330
1B
100
AcDbEntity
  8
B.Cu
  6
CONTINUOUS
100
AcDbLine
 10
36.1772279999999995
 20
-49.0255519999999976
 30
0
 11
36.0234139999999954
 21
-49.0561480000000003
 31
0
  0
LINE
  5
1FF
330
1B
100
AcDbEntity
  8
B.Cu
  6
CONTINUOUS
100
AcDbLine
 10
36.0234139999999954
 20
-49.0561480000000003
 30
0
 11
35.8665859999999981
 21
-49.0561480000000003
 31
0
  0
LINE
  5
200
330
1B
100
AcDbEntity
  8
B.Cu
  6
CONTINUOUS
100
AcDbLine
 10
35.8665859999999981
 20
-49.0561480000000003
 30
0
 11
35.7127720000000011
 21
-49.0255519999999976
 31
0
  0
LINE
  5
201
330
1B
100
AcDbEntity
  8
B.Cu
  6
CONTINUOUS
100
AcDbLine
 10
35.7127720000000011
 20
-49.0255519999999976
 30
0
 11
35.5678830000000019
 21
-48.9655369999999976
 31
0
  0
LINE
  5
202
330
1B
100
AcDbEntity
  8
B.Cu
  6
CONTINUOUS
100
AcDbLine
 10
35.5678830000000019
 20
-48.9655369999999976
 30
0
 11
35.4374849999999952
 21
-48.8784080000000003
 31
0
  0
LINE
  5
203
330
1B
100
AcDbEntity
  8
B.Cu
  6
CONTINUOUS
100
AcDbLine
 10
35.4374849999999952
 20
-48.8784080000000003
 30
0
 11
35.326591999999998
 21
-48.767514999999996
 31
0
  0
LINE
  5
204
330
1B
100
AcDbEntity
  8
B.Cu
  6
CONTINUOUS
100
AcDbLine
 10
35.326591999999998
 20
-48.767514999999996
 30
0
 11
35.3215709999999987
 21
-48.759999999999998
 31
0
  0
LINE
  5
205
330
1B
100
AcDbEntity
  8
B.Cu
  6
CONTINUOUS
100
AcDbLine
 10
35.3215709999999987
 20
-48.759999999999998
 30
0
 11
31.8384289999999979
 21
-48.759999999999998
 31
0
  0
LINE
  5
206
330
1B
100
AcDbEntity
  8
B.Cu
  6
CONTINUOUS
100
AcDbLine
 10
31.8384289999999979
 20
-48.759999999999998
 30
0
 11
31.8334079999999986
 21
-48.767514999999996
 31
0
  0
LINE
  5
207
330
1B
100
AcDbEntity
  8
B.Cu
  6
CONTINUOUS
100
AcDbLine
 10
31.8334079999999986
 20
-48.767514999999996
 30
0
 11
31.7225149999999978
 21
-48.8784080000000003
 31
0
  0
LINE
  5
208
330
1B
100
AcDbEntity
  8
B.Cu
  6
CONTINUOUS
100
AcDbLine
 10
31.7225149999999978
 20
-48.8784080000000003
 30
0
 11
31.5921169999999982
 21
-48.9655369999999976
 31
0
  0
LINE
  5
209
330
1B
100
AcDbEntity
  8
B.Cu
  6
CONTINUOUS
100
AcDbLine
 10
31.5921169999999982
 20
-48.9655369999999976
 30
0
 11
31.4472279999999991
 21
-49.0255519999999976
 31
0
  0
LINE
  5
20A
330
1B
100
AcDbEntity
  8
B.Cu
  6
CONTINUOUS
100
AcDbLine
 10
31.4472279999999991
 20
-49.0255519999999976
 30
0
 11
31.2934139999999985
 21
-49.0561480000000003
 31
0
  0
LINE
  5
20B
330
1B
100
AcDbEntity
  8
B.Cu
  6
CONTINUOUS
100
AcDbLine
 10
31.2934139999999985
 20
-49.0561480000000003
 30
0
 11
31.1365859999999977
 21
-49.0561480000000003
 31
0
  0
LINE
  5
20C
330
1B
100
AcDbEntity
  8
B.Cu
  6
CONTINUOUS
100
AcDbLine
 10
31.1365859999999977
 20
-49.0561480000000003
 30
0
 11
30.9827719999999971
 21
-49.0255519999999976
 31
0
  0
LINE
  5
20D
330
1B
100
AcDbEntity
  8
B.Cu
  6
CONTINUOUS
100
AcDbLine
 10
30.9827719999999971
 20
-49.0255519999999976
 30
0
 11
30.8378829999999979
 21
-48.9655369999999976
 31
0
  0
LINE
  5
20E
330
1B
100
AcDbEntity
  8
B.Cu
  6
CONTINUOUS
100
AcDbLine
 10
30.8378829999999979
 20
-48.9655369999999976
 30
0
 11
30.7074849999999984
 21
-48.8784080000000003
 31
0
  0
LINE
  5
20F
330
1B
100
AcDbEntity
  8
B.Cu
  6
CONTINUOUS
100
AcDbLine
 10
30.7074849999999984
 20
-48.8784080000000003
 30
0
 11
30.5965919999999976
 21
-48.767514999999996
 31
0
  0
LINE
  5
210
330
1B
100
AcDbEntity
  8
B.Cu
  6
CONTINUOUS
100
AcDbLine
 10
30.5965919999999976
 20
-48.767514999999996
 30
0
 11
30.5094630000000002
 21
-48.6371169999999964
 31
0
  0
LINE
  5
211
330
1B
100
AcDbEntity
  8
B.Cu
  6
CONTINUOUS
100
AcDbLine
 10
30.5094630000000002
 20
-48.6371169999999964
 30
0
 11
30.4494480000000003
 21
-48.4922279999999972
 31
0
  0
LINE
  5
212
330
1B
100
AcDbEntity
  8
B.Cu
  6
CONTINUOUS
100
AcDbLine
 10
30.4494480000000003
 20
-48.4922279999999972
 30
0
 11
30.4188519999999976
 21
-48.3384140000000002
 31
0
  0
LINE
  5
213
330
1B
100
AcDbEntity
  8
B.Cu
  6
CONTINUOUS
100
AcDbLine
 10
30.4188519999999976
 20
-48.3384140000000002
 30
0
 11
30.4188519999999976
 21
-48.1815859999999958
 31
0
  0
LINE
  5
214
330
1B
100
AcDbEntity
  8
B.Cu
  6
CONTINUOUS
100
AcDbLine
 10
30.4188519999999976
 20
-48.1815859999999958
 30
0
 11
30.4494480000000003
 21
-48.0277719999999988
 31
0
  0
LINE
  5
215
330
1B
100
AcDbEntity
  8
B.Cu
  6
CONTINUOUS
100
AcDbLine
 10
30.4494480000000003
 20
-48.0277719999999988
 30
0
 11
30.5094630000000002
 21
-47.8828829999999996
 31
0
  0
LINE
  5
216
330
1B
100
AcDbEntity
  8
B.Cu
  6
CONTINUOUS
100
AcDbLine
 10
30.5094630000000002
 20
-47.8828829999999996
 30
0
 11
30.5965919999999976
 21
-47.7524850000000001
 31
0
  0
LINE
  5
217
330
1B
100
AcDbEntity
  8
B.Cu
  6
CONTINUOUS
100
AcDbLine
 10
30.5965919999999976
 20
-47.7524850000000001
 30
0
 11
30.7074849999999984
 21
-47.6415919999999957
 31
0
  0
LINE
  5
218
330
1B
100
AcDbEntity
  8
B.Cu
  6
CONTINUOUS
100
AcDbLine
 10
30.7074849999999984
 20
-47.6415919999999957
 30
0
 11
30.8378829999999979
 21
-47.5544629999999984
 31
0
  0
LINE
  5
219
330
1B
100
AcDbEntity
  8
B.Cu
  6
CONTINUOUS
100
AcDbLine
 10
30.8378829999999979
 20
-47.5544629999999984
 30
0
 11
30.9827719999999971
 21
-47.4944479999999984
 31
0
  0
LINE
  5
21A
330
1B
100
AcDbEntity
  8
B.Cu
  6
CONTINUOUS
100
AcDbLine
 10
30.9827719999999971
 20
-47.4944479999999984
 30
0
 11
31.1365859999999977
 21
-47.4638519999999957
 31
0
  0
LINE
  5
21B
330
1B
100
AcDbEntity
  8
B.Cu
  6
CONTINUOUS
100
AcDbLine
 10
31.1365859999999977
 20
-47.4638519999999957
 30
0
 11
31.2934139999999985
 21
-47.4638519999999957
 31
0
  0
LINE
  5
21C
330
1B
100
AcDbEntity
  8
B.Cu
  6
CONTINUOUS
100
AcDbLine
 10
31.2934139999999985
 20
-47.4638519999999957
 30
0
 11
31.4472279999999991
 21
-47.4944479999999984
 31
0
  0
LINE
  5
21D
330
1B
100
AcDbEntity
  8
B.Cu
  6
CONTINUOUS
100
AcDbLine
 10
31.4472279999999991
 20
-47.4944479999999984
 30
0
 11
31.5921169999999982
 21
-47.5544629999999984
 31
0
  0
LINE
  5
21E
330
1B
100
AcDbEntity
  8
B.Cu
  6
CONTINUOUS
100
AcDbLine
 10
31.5921169999999982
 20
-47.5544629999999984
 30
0
 11
31.7225149999999978
 21
-47.6415919999999957
 31
0
  0
LINE
  5
21F
330
1B
100
AcDbEntity
  8
B.Cu
  6
CONTINUOUS
100
AcDbLine
 10
31.7225149999999978
 20
-47.6415919999999957
 30
0
 11
31.8334079999999986
 21
-47.7524850000000001
 31
0
  0
LINE
  5
220
330
1B
100
AcDbEntity
  8
B.Cu
  6
CONTINUOUS
100
AcDbLine
 10
31.8334079999999986
 20
-47.7524850000000001
 30
0
 11
31.8384289999999979
 21
-47.759999999999998
 31
0
  0
LINE
  5
221
330
1B
100
AcDbEntity
  8
B.Cu
  6
CONTINUOUS
100
AcDbLine
 10
31.8384289999999979
 20
-47.759999999999998
 30
0
 11
35.3215709999999987
 21
-47.759999999999998
 31
0
  0
LINE
  5
222
330
1B
100
AcDbEntity
  8
B.Cu
  6
CONTINUOUS
100
AcDbLine
 10
35.3215709999999987
 20
-47.759999999999998
 30
0
 11
35.326591999999998
 21
-47.7524850000000001
 31
0
  0
LINE
  5
223
330
1B
100
AcDbEntity
  8
B.Cu
  6
CONTINUOUS
100
AcDbLine
 10
35.326591999999998
 20
-47.7524850000000001
 30
0
 11
35.4374849999999952
 21
-47.6415919999999957
 31
0
  0
LINE
  5
224
330
1B
100
AcDbEntity
  8
B.Cu
  6
CONTINUOUS
100
AcDbLine
 10
35.4374849999999952
 20
-47.6415919999999957
 30
0
 11
35.4450000000000003
 21
-47.636569999999999
 31
0
  0
LINE
  5
225
330
1B
100
AcDbEntity
  8
B.Cu
  6
CONTINUOUS
100
AcDbLine
 10
35.4450000000000003
 20
-47.636569999999999
 30
0
 11
35.4450000000000003
 21
-45.3049999999999997
 31
0
  0
LINE
  5
226
330
1B
100
AcDbEntity
  8
B.Cu
  6
CONTINUOUS
100
AcDbLine
 10
35.4450000000000003
 20
-45.3049999999999997
 30
0
 11
35.449276999999995
 21
-45.2397519999999957
 31
0
  0
LINE
  5
227
330
1B
100
AcDbEntity
  8
B.Cu
  6
CONTINUOUS
100
AcDbLine
 10
35.449276999999995
 20
-45.2397519999999957
 30
0
 11
35.449276999999995
 21
-45.2397369999999981
 31
0
  0
LINE
  5
228
330
1B
100
AcDbEntity
  8
B.Cu
  6
CONTINUOUS
100
AcDbLine
 10
35.449276999999995
 20
-45.2397369999999981
 30
0
 11
35.4830600000000018
 21
-45.1136580000000009
 31
0
  0
LINE
  5
229
330
1B
100
AcDbEntity
  8
B.Cu
  6
CONTINUOUS
100
AcDbLine
 10
35.4830600000000018
 20
-45.1136580000000009
 30
0
 11
35.5172839999999965
 21
-45.0543809999999993
 31
0
  0
LINE
  5
22A
330
1B
100
AcDbEntity
  8
B.Cu
  6
CONTINUOUS
100
AcDbLine
 10
35.5172839999999965
 20
-45.0543809999999993
 30
0
 11
35.5483229999999963
 21
-45.0006190000000004
 31
0
  0
LINE
  5
22B
330
1B
100
AcDbEntity
  8
B.Cu
  6
CONTINUOUS
100
AcDbLine
 10
35.5483229999999963
 20
-45.0006190000000004
 30
0
 11
35.5483380000000011
 21
-45.0006029999999981
 31
0
  0
LINE
  5
22C
330
1B
100
AcDbEntity
  8
B.Cu
  6
CONTINUOUS
100
AcDbLine
 10
35.5483380000000011
 20
-45.0006029999999981
 30
0
 11
35.5914469999999952
 21
-44.9514469999999946
 31
0
  0
LINE
  5
22D
330
1B
100
AcDbEntity
  8
B.Cu
  6
CONTINUOUS
100
AcDbLine
 10
35.5914469999999952
 20
-44.9514469999999946
 30
0
 11
36.1464469999999949
 21
-44.3964459999999974
 31
0
  0
LINE
  5
22E
330
1B
100
AcDbEntity
  8
B.Cu
  6
CONTINUOUS
100
AcDbLine
 10
36.1464469999999949
 20
-44.3964459999999974
 30
0
 11
36.1956109999999995
 21
-44.3533299999999997
 31
0
  0
LINE
  5
22F
330
1B
100
AcDbEntity
  8
B.Cu
  6
CONTINUOUS
100
AcDbLine
 10
36.1956109999999995
 20
-44.3533299999999997
 30
0
 11
36.1956190000000007
 21
-44.3533229999999961
 31
0
  0
LINE
  5
230
330
1B
100
AcDbEntity
  8
B.Cu
  6
CONTINUOUS
100
AcDbLine
 10
36.1956190000000007
 20
-44.3533229999999961
 30
0
 11
36.3086580000000012
 21
-44.2880600000000015
 31
0
  0
LINE
  5
231
330
1B
100
AcDbEntity
  8
B.Cu
  6
CONTINUOUS
100
AcDbLine
 10
36.3086580000000012
 20
-44.2880600000000015
 30
0
 11
36.3353010000000012
 21
-44.2809199999999947
 31
0
  0
LINE
  5
232
330
1B
100
AcDbEntity
  8
B.Cu
  6
CONTINUOUS
100
AcDbLine
 10
36.3353010000000012
 20
-44.2809199999999947
 30
0
 11
36.4347369999999984
 21
-44.2542769999999948
 31
0
  0
LINE
  5
233
330
1B
100
AcDbEntity
  8
B.Cu
  6
CONTINUOUS
100
AcDbLine
 10
36.4347369999999984
 20
-44.2542769999999948
 30
0
 11
36.434751999999996
 21
-44.2542769999999948
 31
0
  0
LINE
  5
234
330
1B
100
AcDbEntity
  8
B.Cu
  6
CONTINUOUS
100
AcDbLine
 10
36.434751999999996
 20
-44.2542769999999948
 30
0
 11
36.5
 21
-44.25
 31
0
  0
LINE
  5
235
330
1B
100
AcDbEntity
  8
B.Cu
  6
CONTINUOUS
100
AcDbLine
 10
36.5
 20
-44.25
 30
0
 11
41.
 21
-44.25
 31
0
  0
LINE
  5
236
330
1B
100
AcDbEntity
  8
B.Cu
  6
CONTINUOUS
100
AcDbLine
 10
41.
 20
-44.25
 30
0
 11
41.0652479999999969
 21
-44.2542769999999948
 31
0
  0
LINE
  5
237
330
1B
100
AcDbEntity
  8
B.Cu
  6
CONTINUOUS
100
AcDbLine
 10
32.0934139999999957
 20
-30.888852
 30
0
 11
32.2472279999999998
 21
-30.9194479999999992
 31
0
  0
LINE
  5
238
330
1B
100
AcDbEntity
  8
B.Cu
  6
CONTINUOUS
100
AcDbLine
 10
32.2472279999999998
 20
-30.9194479999999992
 30
0
 11
32.3921169999999989
 21
-30.9794629999999991
 31
0
  0
LINE
  5
239
330
1B
100
AcDbEntity
  8
B.Cu
  6
CONTINUOUS
100
AcDbLine
 10
32.3921169999999989
 20
-30.9794629999999991
 30
0
 11
32.5225149999999985
 21
-31.066592
 31
0
  0
LINE
  5
23A
330
1B
100
AcDbEntity
  8
B.Cu
  6
CONTINUOUS
100
AcDbLine
 10
32.5225149999999985
 20
-31.066592
 30
0
 11
32.6334079999999958
 21
-31.1774849999999972
 31
0
  0
LINE
  5
23B
330
1B
100
AcDbEntity
  8
B.Cu
  6
CONTINUOUS
100
AcDbLine
 10
32.6334079999999958
 20
-31.1774849999999972
 30
0
 11
32.638428999999995
 21
-31.1849999999999987
 31
0
  0
LINE
  5
23C
330
1B
100
AcDbEntity
  8
B.Cu
  6
CONTINUOUS
100
AcDbLine
 10
32.638428999999995
 20
-31.1849999999999987
 30
0
 11
34.1666999999999987
 21
-31.1849999999999987
 31
0
  0
LINE
  5
23D
330
1B
100
AcDbEntity
  8
B.Cu
  6
CONTINUOUS
100
AcDbLine
 10
34.1666999999999987
 20
-31.1849999999999987
 30
0
 11
34.2319479999999956
 21
-31.189276999999997
 31
0
  0
LINE
  5
23E
330
1B
100
AcDbEntity
  8
B.Cu
  6
CONTINUOUS
100
AcDbLine
 10
34.2319479999999956
 20
-31.189276999999997
 30
0
 11
34.2319630000000004
 21
-31.189276999999997
 31
0
  0
LINE
  5
23F
330
1B
100
AcDbEntity
  8
B.Cu
  6
CONTINUOUS
100
AcDbLine
 10
34.2319630000000004
 20
-31.189276999999997
 30
0
 11
34.3469839999999991
 21
-31.2200969999999991
 31
0
  0
LINE
  5
240
330
1B
100
AcDbEntity
  8
B.Cu
  6
CONTINUOUS
100
AcDbLine
 10
34.3469839999999991
 20
-31.2200969999999991
 30
0
 11
34.3580419999999975
 21
-31.2230600000000003
 31
0
  0
LINE
  5
241
330
1B
100
AcDbEntity
  8
B.Cu
  6
CONTINUOUS
100
AcDbLine
 10
34.3580419999999975
 20
-31.2230600000000003
 30
0
 11
34.4710809999999981
 21
-31.2883229999999983
 31
0
  0
LINE
  5
242
330
1B
100
AcDbEntity
  8
B.Cu
  6
CONTINUOUS
100
AcDbLine
 10
34.4710809999999981
 20
-31.2883229999999983
 30
0
 11
34.4710959999999957
 21
-31.2883379999999995
 31
0
  0
LINE
  5
243
330
1B
100
AcDbEntity
  8
B.Cu
  6
CONTINUOUS
100
AcDbLine
 10
34.4710959999999957
 20
-31.2883379999999995
 30
0
 11
34.5202529999999967
 21
-31.3314469999999972
 31
0
  0
LINE
  5
244
330
1B
100
AcDbEntity
  8
B.Cu
  6
CONTINUOUS
100
AcDbLine
 10
34.5202529999999967
 20
-31.3314469999999972
 30
0
 11
36.9905070000000009
 21
-33.8016999999999967
 31
0
  0
LINE
  5
245
330
1B
100
AcDbEntity
  8
B.Cu
  6
CONTINUOUS
100
AcDbLine
 10
36.9905070000000009
 20
-33.8016999999999967
 30
0
 11
42.7682999999999964
 21
-33.8016999999999967
 31
0
  0
LINE
  5
246
330
1B
100
AcDbEntity
  8
B.Cu
  6
CONTINUOUS
100
AcDbLine
 10
42.7682999999999964
 20
-33.8016999999999967
 30
0
 11
42.8335480000000004
 21
-33.8059769999999986
 31
0
  0
LINE
  5
247
330
1B
100
AcDbEntity
  8
B.Cu
  6
CONTINUOUS
100
AcDbLine
 10
42.8335480000000004
 20
-33.8059769999999986
 30
0
 11
42.8335629999999981
 21
-33.8059769999999986
 31
0
  0
LINE
  5
248
330
1B
100
AcDbEntity
  8
B.Cu
  6
CONTINUOUS
100
AcDbLine
 10
42.8335629999999981
 20
-33.8059769999999986
 30
0
 11
42.9596419999999952
 21
-33.8397599999999983
 31
0
  0
LINE
  5
249
330
1B
100
AcDbEntity
  8
B.Cu
  6
CONTINUOUS
100
AcDbLine
 10
42.9596419999999952
 20
-33.8397599999999983
 30
0
 11
43.0726809999999958
 21
-33.9050229999999999
 31
0
  0
LINE
  5
24A
330
1B
100
AcDbEntity
  8
B.Cu
  6
CONTINUOUS
100
AcDbLine
 10
43.0726809999999958
 20
-33.9050229999999999
 30
0
 11
43.0726960000000005
 21
-33.9050379999999976
 31
0
  0
LINE
  5
24B
330
1B
100
AcDbEntity
  8
B.Cu
  6
CONTINUOUS
100
AcDbLine
 10
43.0726960000000005
 20
-33.9050379999999976
 30
0
 11
43.1218530000000015
 21
-33.9481469999999987
 31
0
  0
LINE
  5
24C
330
1B
100
AcDbEntity
  8
B.Cu
  6
CONTINUOUS
100
AcDbLine
 10
43.1218530000000015
 20
-33.9481469999999987
 30
0
 11
47.238552999999996
 21
-38.0648470000000003
 31
0
  0
LINE
  5
24D
330
1B
100
AcDbEntity
  8
B.Cu
  6
CONTINUOUS
100
AcDbLine
 10
47.238552999999996
 20
-38.0648470000000003
 30
0
 11
47.2816609999999997
 21
-38.1140029999999967
 31
0
  0
LINE
  5
24E
330
1B
100
AcDbEntity
  8
B.Cu
  6
CONTINUOUS
100
AcDbLine
 10
47.2816609999999997
 20
-38.1140029999999967
 30
0
 11
47.2816769999999948
 21
-38.114018999999999
 31
0
  0
LINE
  5
24F
330
1B
100
AcDbEntity
  8
B.Cu
  6
CONTINUOUS
100
AcDbLine
 10
47.2816769999999948
 20
-38.114018999999999
 30
0
 11
47.3338859999999997
 21
-38.2044479999999993
 31
0
  0
LINE
  5
250
330
1B
100
AcDbEntity
  8
B.Cu
  6
CONTINUOUS
100
AcDbLine
 10
47.3338859999999997
 20
-38.2044479999999993
 30
0
 11
47.3469399999999965
 21
-38.2270579999999995
 31
0
  0
LINE
  5
251
330
1B
100
AcDbEntity
  8
B.Cu
  6
CONTINUOUS
100
AcDbLine
 10
47.3469399999999965
 20
-38.2270579999999995
 30
0
 11
47.3776469999999961
 21
-38.3416569999999979
 31
0
  0
LINE
  5
252
330
1B
100
AcDbEntity
  8
B.Cu
  6
CONTINUOUS
100
AcDbLine
 10
47.3776469999999961
 20
-38.3416569999999979
 30
0
 11
47.392514999999996
 21
-38.3515919999999966
 31
0
  0
LINE
  5
253
330
1B
100
AcDbEntity
  8
B.Cu
  6
CONTINUOUS
100
AcDbLine
 10
47.392514999999996
 20
-38.3515919999999966
 30
0
 11
47.5034080000000003
 21
-38.4624850000000009
 31
0
  0
LINE
  5
254
330
1B
100
AcDbEntity
  8
B.Cu
  6
CONTINUOUS
100
AcDbLine
 10
47.5034080000000003
 20
-38.4624850000000009
 30
0
 11
47.5905369999999976
 21
-38.5928830000000005
 31
0
  0
LINE
  5
255
330
1B
100
AcDbEntity
  8
B.Cu
  6
CONTINUOUS
100
AcDbLine
 10
47.5905369999999976
 20
-38.5928830000000005
 30
0
 11
47.6505519999999976
 21
-38.7377719999999997
 31
0
  0
LINE
  5
256
330
1B
100
AcDbEntity
  8
B.Cu
  6
CONTINUOUS
100
AcDbLine
 10
47.6505519999999976
 20
-38.7377719999999997
 30
0
 11
47.6811480000000003
 21
-38.8915859999999967
 31
0
  0
LINE
  5
257
330
1B
100
AcDbEntity
  8
B.Cu
  6
CONTINUOUS
100
AcDbLine
 10
47.6811480000000003
 20
-38.8915859999999967
 30
0
 11
47.6849999999999952
 21
-38.9699999999999989
 31
0
  0
LINE
  5
258
330
1B
100
AcDbEntity
  8
B.Cu
  6
CONTINUOUS
100
AcDbLine
 10
47.6849999999999952
 20
-38.9699999999999989
 30
0
 11
47.6849999999999952
 21
-39.769999999999996
 31
0
  0
LINE
  5
259
330
1B
100
AcDbEntity
  8
B.Cu
  6
CONTINUOUS
100
AcDbLine
 10
47.6849999999999952
 20
-39.769999999999996
 30
0
 11
47.6811480000000003
 21
-39.8484139999999982
 31
0
  0
LINE
  5
25A
330
1B
100
AcDbEntity
  8
B.Cu
  6
CONTINUOUS
100
AcDbLine
 10
47.6811480000000003
 20
-39.8484139999999982
 30
0
 11
47.6505519999999976
 21
-40.0022279999999952
 31
0
  0
LINE
  5
25B
330
1B
100
AcDbEntity
  8
B.Cu
  6
CONTINUOUS
100
AcDbLine
 10
47.6505519999999976
 20
-40.0022279999999952
 30
0
 11
47.5905369999999976
 21
-40.1471170000000015
 31
0
  0
LINE
  5
25C
330
1B
100
AcDbEntity
  8
B.Cu
  6
CONTINUOUS
100
AcDbLine
 10
47.5905369999999976
 20
-40.1471170000000015
 30
0
 11
47.5034080000000003
 21
-40.2775150000000011
 31
0
  0
LINE
  5
25D
330
1B
100
AcDbEntity
  8
B.Cu
  6
CONTINUOUS
100
AcDbLine
 10
47.5034080000000003
 20
-40.2775150000000011
 30
0
 11
47.392514999999996
 21
-40.3884079999999983
 31
0
  0
LINE
  5
25E
330
1B
100
AcDbEntity
  8
B.Cu
  6
CONTINUOUS
100
AcDbLine
 10
47.392514999999996
 20
-40.3884079999999983
 30
0
 11
47.2621169999999964
 21
-40.4755369999999957
 31
0
  0
LINE
  5
25F
330
1B
100
AcDbEntity
  8
B.Cu
  6
CONTINUOUS
100
AcDbLine
 10
47.2621169999999964
 20
-40.4755369999999957
 30
0
 11
47.1172279999999972
 21
-40.5355519999999956
 31
0
  0
LINE
  5
260
330
1B
100
AcDbEntity
  8
B.Cu
  6
CONTINUOUS
100
AcDbLine
 10
47.1172279999999972
 20
-40.5355519999999956
 30
0
 11
46.9634140000000002
 21
-40.5661479999999983
 31
0
  0
LINE
  5
261
330
1B
100
AcDbEntity
  8
B.Cu
  6
CONTINUOUS
100
AcDbLine
 10
46.9634140000000002
 20
-40.5661479999999983
 30
0
 11
46.8065859999999958
 21
-40.5661479999999983
 31
0
  0
LINE
  5
262
330
1B
100
AcDbEntity
  8
B.Cu
  6
CONTINUOUS
100
AcDbLine
 10
46.8065859999999958
 20
-40.5661479999999983
 30
0
 11
46.6527719999999988
 21
-40.5355519999999956
 31
0
  0
LINE
  5
263
330
1B
100
AcDbEntity
  8
B.Cu
  6
CONTINUOUS
100
AcDbLine
 10
46.6527719999999988
 20
-40.5355519999999956
 30
0
 11
46.5078829999999996
 21
-40.4755369999999957
 31
0
  0
LINE
  5
264
330
1B
100
AcDbEntity
  8
B.Cu
  6
CONTINUOUS
100
AcDbLine
 10
46.5078829999999996
 20
-40.4755369999999957
 30
0
 11
46.3774850000000001
 21
-40.3884079999999983
 31
0
  0
LINE
  5
265
330
1B
100
AcDbEntity
  8
B.Cu
  6
CONTINUOUS
100
AcDbLine
 10
46.3774850000000001
 20
-40.3884079999999983
 30
0
 11
46.2665919999999957
 21
-40.2775150000000011
 31
0
  0
LINE
  5
266
330
1B
100
AcDbEntity
  8
B.Cu
  6
CONTINUOUS
100
AcDbLine
 10
46.2665919999999957
 20
-40.2775150000000011
 30
0
 11
46.1794629999999984
 21
-40.1471170000000015
 31
0
  0
LINE
  5
267
330
1B
100
AcDbEntity
  8
B.Cu
  6
CONTINUOUS
100
AcDbLine
 10
46.1794629999999984
 20
-40.1471170000000015
 30
0
 11
46.1194479999999984
 21
-40.0022279999999952
 31
0
  0
LINE
  5
268
330
1B
100
AcDbEntity
  8
B.Cu
  6
CONTINUOUS
100
AcDbLine
 10
46.1194479999999984
 20
-40.0022279999999952
 30
0
 11
46.0888519999999957
 21
-39.8484139999999982
 31
0
  0
LINE
  5
269
330
1B
100
AcDbEntity
  8
B.Cu
  6
CONTINUOUS
100
AcDbLine
 10
46.0888519999999957
 20
-39.8484139999999982
 30
0
 11
46.0850000000000009
 21
-39.769999999999996
 31
0
  0
LINE
  5
26A
330
1B
100
AcDbEntity
  8
B.Cu
  6
CONTINUOUS
100
AcDbLine
 10
46.0850000000000009
 20
-39.769999999999996
 30
0
 11
46.0850000000000009
 21
-38.9699999999999989
 31
0
  0
LINE
  5
26B
330
1B
100
AcDbEntity
  8
B.Cu
  6
CONTINUOUS
100
AcDbLine
 10
46.0850000000000009
 20
-38.9699999999999989
 30
0
 11
46.0888519999999957
 21
-38.8915859999999967
 31
0
  0
LINE
  5
26C
330
1B
100
AcDbEntity
  8
B.Cu
  6
CONTINUOUS
100
AcDbLine
 10
46.0888519999999957
 20
-38.8915859999999967
 30
0
 11
46.1194479999999984
 21
-38.7377719999999997
 31
0
  0
LINE
  5
26D
330
1B
100
AcDbEntity
  8
B.Cu
  6
CONTINUOUS
100
AcDbLine
 10
46.1194479999999984
 20
-38.7377719999999997
 30
0
 11
46.1794629999999984
 21
-38.5928830000000005
 31
0
  0
LINE
  5
26E
330
1B
100
AcDbEntity
  8
B.Cu
  6
CONTINUOUS
100
AcDbLine
 10
46.1794629999999984
 20
-38.5928830000000005
 30
0
 11
46.2487220000000008
 21
-38.4892279999999971
 31
0
  0
LINE
  5
26F
330
1B
100
AcDbEntity
  8
B.Cu
  6
CONTINUOUS
100
AcDbLine
 10
46.2487220000000008
 20
-38.4892279999999971
 30
0
 11
42.5611940000000004
 21
-34.8016999999999967
 31
0
  0
LINE
  5
270
330
1B
100
AcDbEntity
  8
B.Cu
  6
CONTINUOUS
100
AcDbLine
 10
42.5611940000000004
 20
-34.8016999999999967
 30
0
 11
36.7834000000000003
 21
-34.8016999999999967
 31
0
  0
LINE
  5
271
330
1B
100
AcDbEntity
  8
B.Cu
  6
CONTINUOUS
100
AcDbLine
 10
36.7834000000000003
 20
-34.8016999999999967
 30
0
 11
36.7181519999999963
 21
-34.7974229999999949
 31
0
  0
LINE
  5
272
330
1B
100
AcDbEntity
  8
B.Cu
  6
CONTINUOUS
100
AcDbLine
 10
36.7181519999999963
 20
-34.7974229999999949
 30
0
 11
36.7181369999999987
 21
-34.7974229999999949
 31
0
  0
LINE
  5
273
330
1B
100
AcDbEntity
  8
B.Cu
  6
CONTINUOUS
100
AcDbLine
 10
36.7181369999999987
 20
-34.7974229999999949
 30
0
 11
36.6187010000000015
 21
-34.7707789999999974
 31
0
  0
LINE
  5
274
330
1B
100
AcDbEntity
  8
B.Cu
  6
CONTINUOUS
100
AcDbLine
 10
36.6187010000000015
 20
-34.7707789999999974
 30
0
 11
36.5920580000000015
 21
-34.7636399999999952
 31
0
  0
LINE
  5
275
330
1B
100
AcDbEntity
  8
B.Cu
  6
CONTINUOUS
100
AcDbLine
 10
36.5920580000000015
 20
-34.7636399999999952
 30
0
 11
36.479019000000001
 21
-34.6983770000000007
 31
0
  0
LINE
  5
276
330
1B
100
AcDbEntity
  8
B.Cu
  6
CONTINUOUS
100
AcDbLine
 10
36.479019000000001
 20
-34.6983770000000007
 30
0
 11
36.4790109999999999
 21
-34.6983689999999996
 31
0
  0
LINE
  5
277
330
1B
100
AcDbEntity
  8
B.Cu
  6
CONTINUOUS
100
AcDbLine
 10
36.4790109999999999
 20
-34.6983689999999996
 30
0
 11
36.4298469999999952
 21
-34.6552539999999993
 31
0
  0
LINE
  5
278
330
1B
100
AcDbEntity
  8
B.Cu
  6
CONTINUOUS
100
AcDbLine
 10
36.4298469999999952
 20
-34.6552539999999993
 30
0
 11
33.9595939999999956
 21
-32.1849999999999952
 31
0
  0
LINE
  5
279
330
1B
100
AcDbEntity
  8
B.Cu
  6
CONTINUOUS
100
AcDbLine
 10
33.9595939999999956
 20
-32.1849999999999952
 30
0
 11
32.638428999999995
 21
-32.1849999999999952
 31
0
  0
LINE
  5
27A
330
1B
100
AcDbEntity
  8
B.Cu
  6
CONTINUOUS
100
AcDbLine
 10
32.638428999999995
 20
-32.1849999999999952
 30
0
 11
32.6334079999999958
 21
-32.1925150000000002
 31
0
  0
LINE
  5
27B
330
1B
100
AcDbEntity
  8
B.Cu
  6
CONTINUOUS
100
AcDbLine
 10
32.6334079999999958
 20
-32.1925150000000002
 30
0
 11
32.5225149999999985
 21
-32.3034079999999975
 31
0
  0
LINE
  5
27C
330
1B
100
AcDbEntity
  8
B.Cu
  6
CONTINUOUS
100
AcDbLine
 10
32.5225149999999985
 20
-32.3034079999999975
 30
0
 11
32.3921169999999989
 21
-32.3905370000000019
 31
0
  0
LINE
  5
27D
330
1B
100
AcDbEntity
  8
B.Cu
  6
CONTINUOUS
100
AcDbLine
 10
32.3921169999999989
 20
-32.3905370000000019
 30
0
 11
32.2472279999999998
 21
-32.4505520000000018
 31
0
  0
LINE
  5
27E
330
1B
100
AcDbEntity
  8
B.Cu
  6
CONTINUOUS
100
AcDbLine
 10
32.2472279999999998
 20
-32.4505520000000018
 30
0
 11
32.0934139999999957
 21
-32.4811479999999975
 31
0
  0
LINE
  5
27F
330
1B
100
AcDbEntity
  8
B.Cu
  6
CONTINUOUS
100
AcDbLine
 10
32.0934139999999957
 20
-32.4811479999999975
 30
0
 11
32.0150000000000006
 21
-32.4849999999999994
 31
0
  0
LINE
  5
280
330
1B
100
AcDbEntity
  8
B.Cu
  6
CONTINUOUS
100
AcDbLine
 10
32.0150000000000006
 20
-32.4849999999999994
 30
0
 11
31.2149999999999999
 21
-32.4849999999999994
 31
0
  0
LINE
  5
281
330
1B
100
AcDbEntity
  8
B.Cu
  6
CONTINUOUS
100
AcDbLine
 10
31.2149999999999999
 20
-32.4849999999999994
 30
0
 11
31.1365859999999977
 21
-32.4811479999999975
 31
0
  0
LINE
  5
282
330
1B
100
AcDbEntity
  8
B.Cu
  6
CONTINUOUS
100
AcDbLine
 10
31.1365859999999977
 20
-32.4811479999999975
 30
0
 11
30.9827719999999971
 21
-32.4505520000000018
 31
0
  0
LINE
  5
283
330
1B
100
AcDbEntity
  8
B.Cu
  6
CONTINUOUS
100
AcDbLine
 10
30.9827719999999971
 20
-32.4505520000000018
 30
0
 11
30.8378829999999979
 21
-32.3905370000000019
 31
0
  0
LINE
  5
284
330
1B
100
AcDbEntity
  8
B.Cu
  6
CONTINUOUS
100
AcDbLine
 10
30.8378829999999979
 20
-32.3905370000000019
 30
0
 11
30.7074849999999984
 21
-32.3034079999999975
 31
0
  0
LINE
  5
285
330
1B
100
AcDbEntity
  8
B.Cu
  6
CONTINUOUS
100
AcDbLine
 10
30.7074849999999984
 20
-32.3034079999999975
 30
0
 11
30.5965919999999976
 21
-32.1925150000000002
 31
0
  0
LINE
  5
286
330
1B
100
AcDbEntity
  8
B.Cu
  6
CONTINUOUS
100
AcDbLine
 10
30.5965919999999976
 20
-32.1925150000000002
 30
0
 11
30.5094630000000002
 21
-32.0621170000000006
 31
0
  0
LINE
  5
287
330
1B
100
AcDbEntity
  8
B.Cu
  6
CONTINUOUS
100
AcDbLine
 10
30.5094630000000002
 20
-32.0621170000000006
 30
0
 11
30.4494480000000003
 21
-31.9172279999999979
 31
0
  0
LINE
  5
288
330
1B
100
AcDbEntity
  8
B.Cu
  6
CONTINUOUS
100
AcDbLine
 10
30.4494480000000003
 20
-31.9172279999999979
 30
0
 11
30.4188519999999976
 21
-31.7634139999999974
 31
0
  0
LINE
  5
289
330
1B
100
AcDbEntity
  8
B.Cu
  6
CONTINUOUS
100
AcDbLine
 10
30.4188519999999976
 20
-31.7634139999999974
 30
0
 11
30.4188519999999976
 21
-31.6065860000000001
 31
0
  0
LINE
  5
28A
330
1B
100
AcDbEntity
  8
B.Cu
  6
CONTINUOUS
100
AcDbLine
 10
30.4188519999999976
 20
-31.6065860000000001
 30
0
 11
30.4494480000000003
 21
-31.4527719999999995
 31
0
  0
LINE
  5
28B
330
1B
100
AcDbEntity
  8
B.Cu
  6
CONTINUOUS
100
AcDbLine
 10
30.4494480000000003
 20
-31.4527719999999995
 30
0
 11
30.5094630000000002
 21
-31.3078830000000004
 31
0
  0
LINE
  5
28C
330
1B
100
AcDbEntity
  8
B.Cu
  6
CONTINUOUS
100
AcDbLine
 10
30.5094630000000002
 20
-31.3078830000000004
 30
0
 11
30.5965919999999976
 21
-31.1774849999999972
 31
0
  0
LINE
  5
28D
330
1B
100
AcDbEntity
  8
B.Cu
  6
CONTINUOUS
100
AcDbLine
 10
30.5965919999999976
 20
-31.1774849999999972
 30
0
 11
30.7074849999999984
 21
-31.066592
 31
0
  0
LINE
  5
28E
330
1B
100
AcDbEntity
  8
B.Cu
  6
CONTINUOUS
100
AcDbLine
 10
30.7074849999999984
 20
-31.066592
 30
0
 11
30.8378829999999979
 21
-30.9794629999999991
 31
0
  0
LINE
  5
28F
330
1B
100
AcDbEntity
  8
B.Cu
  6
CONTINUOUS
100
AcDbLine
 10
30.8378829999999979
 20
-30.9794629999999991
 30
0
 11
30.9827719999999971
 21
-30.9194479999999992
 31
0
  0
LINE
  5
290
330
1B
100
AcDbEntity
  8
B.Cu
  6
CONTINUOUS
100
AcDbLine
 10
30.9827719999999971
 20
-30.9194479999999992
 30
0
 11
31.1365859999999977
 21
-30.888852
 31
0
  0
LINE
  5
291
330
1B
100
AcDbEntity
  8
B.Cu
  6
CONTINUOUS
100
AcDbLine
 10
31.1365859999999977
 20
-30.888852
 30
0
 11
31.2149999999999999
 21
-30.884999999999998
 31
0
  0
LINE
  5
292
330
1B
100
AcDbEntity
  8
B.Cu
  6
CONTINUOUS
100
AcDbLine
 10
31.2149999999999999
 20
-30.884999999999998
 30
0
 11
32.0150000000000006
 21
-30.884999999999998
 31
0
  0
LINE
  5
293
330
1B
100
AcDbEntity
  8
B.Cu
  6
CONTINUOUS
100
AcDbLine
 10
32.0150000000000006
 20
-30.884999999999998
 30
0
 11
32.0934139999999957
 21
-30.888852
 31
0
  0
LINE
  5
294
330
1B
100
AcDbEntity
  8
B.Cu
  6
CONTINUOUS
100
AcDbLine
 10
32.0934139999999957
 20
-23.268851999999999
 30
0
 11
32.2472279999999998
 21
-23.2994479999999982
 31
0
  0
LINE
  5
295
330
1B
100
AcDbEntity
  8
B.Cu
  6
CONTINUOUS
100
AcDbLine
 10
32.2472279999999998
 20
-23.2994479999999982
 30
0
 11
32.3921169999999989
 21
-23.3594629999999981
 31
0
  0
LINE
  5
296
330
1B
100
AcDbEntity
  8
B.Cu
  6
CONTINUOUS
100
AcDbLine
 10
32.3921169999999989
 20
-23.3594629999999981
 30
0
 11
32.5225149999999985
 21
-23.446591999999999
 31
0
  0
LINE
  5
297
330
1B
100
AcDbEntity
  8
B.Cu
  6
CONTINUOUS
100
AcDbLine
 10
32.5225149999999985
 20
-23.446591999999999
 30
0
 11
32.6334079999999958
 21
-23.5574849999999998
 31
0
  0
LINE
  5
298
330
1B
100
AcDbEntity
  8
B.Cu
  6
CONTINUOUS
100
AcDbLine
 10
32.6334079999999958
 20
-23.5574849999999998
 30
0
 11
32.638428999999995
 21
-23.5649999999999977
 31
0
  0
LINE
  5
299
330
1B
100
AcDbEntity
  8
B.Cu
  6
CONTINUOUS
100
AcDbLine
 10
32.638428999999995
 20
-23.5649999999999977
 30
0
 11
34.6599999999999966
 21
-23.5649999999999977
 31
0
  0
LINE
  5
29A
330
1B
100
AcDbEntity
  8
B.Cu
  6
CONTINUOUS
100
AcDbLine
 10
34.6599999999999966
 20
-23.5649999999999977
 30
0
 11
34.7252480000000006
 21
-23.5692769999999996
 31
0
  0
LINE
  5
29B
330
1B
100
AcDbEntity
  8
B.Cu
  6
CONTINUOUS
100
AcDbLine
 10
34.7252480000000006
 20
-23.5692769999999996
 30
0
 11
34.7252629999999982
 21
-23.5692769999999996
 31
0
  0
LINE
  5
29C
330
1B
100
AcDbEntity
  8
B.Cu
  6
CONTINUOUS
100
AcDbLine
 10
34.7252629999999982
 20
-23.5692769999999996
 30
0
 11
34.8513419999999954
 21
-23.6030599999999993
 31
0
  0
LINE
  5
29D
330
1B
100
AcDbEntity
  8
B.Cu
  6
CONTINUOUS
100
AcDbLine
 10
34.8513419999999954
 20
-23.6030599999999993
 30
0
 11
34.9643809999999959
 21
-23.6683229999999973
 31
0
  0
LINE
  5
29E
330
1B
100
AcDbEntity
  8
B.Cu
  6
CONTINUOUS
100
AcDbLine
 10
34.9643809999999959
 20
-23.6683229999999973
 30
0
 11
34.9643960000000007
 21
-23.6683379999999985
 31
0
  0
LINE
  5
29F
330
1B
100
AcDbEntity
  8
B.Cu
  6
CONTINUOUS
100
AcDbLine
 10
34.9643960000000007
 20
-23.6683379999999985
 30
0
 11
35.0135530000000017
 21
-23.7114469999999997
 31
0
  0
LINE
  5
2A0
330
1B
100
AcDbEntity
  8
B.Cu
  6
CONTINUOUS
100
AcDbLine
 10
35.0135530000000017
 20
-23.7114469999999997
 30
0
 11
36.6777209999999982
 21
-25.3756149999999998
 31
0
  0
LINE
  5
2A1
330
1B
100
AcDbEntity
  8
B.Cu
  6
CONTINUOUS
100
AcDbLine
 10
36.6777209999999982
 20
-25.3756149999999998
 30
0
 11
36.6865859999999984
 21
-25.3738519999999994
 31
0
  0
LINE
  5
2A2
330
1B
100
AcDbEntity
  8
B.Cu
  6
CONTINUOUS
100
AcDbLine
 10
36.6865859999999984
 20
-25.3738519999999994
 30
0
 11
36.8434139999999957
 21
-25.3738519999999994
 31
0
  0
LINE
  5
2A3
330
1B
100
AcDbEntity
  8
B.Cu
  6
CONTINUOUS
100
AcDbLine
 10
36.8434139999999957
 20
-25.3738519999999994
 30
0
 11
36.9972279999999998
 21
-25.4044479999999986
 31
0
  0
LINE
  5
2A4
330
1B
100
AcDbEntity
  8
B.Cu
  6
CONTINUOUS
100
AcDbLine
 10
36.9972279999999998
 20
-25.4044479999999986
 30
0
 11
37.1421169999999989
 21
-25.4644629999999985
 31
0
  0
LINE
  5
2A5
330
1B
100
AcDbEntity
  8
B.Cu
  6
CONTINUOUS
100
AcDbLine
 10
37.1421169999999989
 20
-25.4644629999999985
 30
0
 11
37.2725149999999985
 21
-25.5515919999999994
 31
0
  0
LINE
  5
2A6
330
1B
100
AcDbEntity
  8
B.Cu
  6
CONTINUOUS
100
AcDbLine
 10
37.2725149999999985
 20
-25.5515919999999994
 30
0
 11
37.3834079999999958
 21
-25.6624850000000002
 31
0
  0
LINE
  5
2A7
330
1B
100
AcDbEntity
  8
B.Cu
  6
CONTINUOUS
100
AcDbLine
 10
37.3834079999999958
 20
-25.6624850000000002
 30
0
 11
37.4705370000000002
 21
-25.7928829999999998
 31
0
  0
LINE
  5
2A8
330
1B
100
AcDbEntity
  8
B.Cu
  6
CONTINUOUS
100
AcDbLine
 10
37.4705370000000002
 20
-25.7928829999999998
 30
0
 11
37.5305520000000001
 21
-25.9377719999999989
 31
0
  0
LINE
  5
2A9
330
1B
100
AcDbEntity
  8
B.Cu
  6
CONTINUOUS
100
AcDbLine
 10
37.5305520000000001
 20
-25.9377719999999989
 30
0
 11
37.5611479999999958
 21
-26.0915859999999995
 31
0
  0
LINE
  5
2AA
330
1B
100
AcDbEntity
  8
B.Cu
  6
CONTINUOUS
100
AcDbLine
 10
37.5611479999999958
 20
-26.0915859999999995
 30
0
 11
37.5611479999999958
 21
-26.2484140000000004
 31
0
  0
LINE
  5
2AB
330
1B
100
AcDbEntity
  8
B.Cu
  6
CONTINUOUS
100
AcDbLine
 10
37.5611479999999958
 20
-26.2484140000000004
 30
0
 11
37.5593840000000014
 21
-26.2572779999999995
 31
0
  0
LINE
  5
2AC
330
1B
100
AcDbEntity
  8
B.Cu
  6
CONTINUOUS
100
AcDbLine
 10
37.5593840000000014
 20
-26.2572779999999995
 30
0
 11
39.6185529999999986
 21
-28.3164470000000001
 31
0
  0
LINE
  5
2AD
330
1B
100
AcDbEntity
  8
B.Cu
  6
CONTINUOUS
100
AcDbLine
 10
39.6185529999999986
 20
-28.3164470000000001
 30
0
 11
39.6616609999999952
 21
-28.3656030000000001
 31
0
  0
LINE
  5
2AE
330
1B
100
AcDbEntity
  8
B.Cu
  6
CONTINUOUS
100
AcDbLine
 10
39.6616609999999952
 20
-28.3656030000000001
 30
0
 11
39.6616769999999974
 21
-28.3656189999999988
 31
0
  0
LINE
  5
2AF
330
1B
100
AcDbEntity
  8
B.Cu
  6
CONTINUOUS
100
AcDbLine
 10
39.6616769999999974
 20
-28.3656189999999988
 30
0
 11
39.726939999999999
 21
-28.4786579999999994
 31
0
  0
LINE
  5
2B0
330
1B
100
AcDbEntity
  8
B.Cu
  6
CONTINUOUS
100
AcDbLine
 10
39.726939999999999
 20
-28.4786579999999994
 30
0
 11
39.7607229999999987
 21
-28.6047370000000001
 31
0
  0
LINE
  5
2B1
330
1B
100
AcDbEntity
  8
B.Cu
  6
CONTINUOUS
100
AcDbLine
 10
39.7607229999999987
 20
-28.6047370000000001
 30
0
 11
39.7607229999999987
 21
-28.6047519999999977
 31
0
  0
LINE
  5
2B2
330
1B
100
AcDbEntity
  8
B.Cu
  6
CONTINUOUS
100
AcDbLine
 10
39.7607229999999987
 20
-28.6047519999999977
 30
0
 11
39.7650000000000006
 21
-28.6699999999999982
 31
0
  0
LINE
  5
2B3
330
1B
100
AcDbEntity
  8
B.Cu
  6
CONTINUOUS
100
AcDbLine
 10
39.7650000000000006
 20
-28.6699999999999982
 30
0
 11
39.7650000000000006
 21
-30.7265699999999988
 31
0
  0
LINE
  5
2B4
330
1B
100
AcDbEntity
  8
B.Cu
  6
CONTINUOUS
100
AcDbLine
 10
39.7650000000000006
 20
-30.7265699999999988
 30
0
 11
39.7725149999999985
 21
-30.7315919999999991
 31
0
  0
LINE
  5
2B5
330
1B
100
AcDbEntity
  8
B.Cu
  6
CONTINUOUS
100
AcDbLine
 10
39.7725149999999985
 20
-30.7315919999999991
 30
0
 11
39.8834079999999958
 21
-30.8424849999999999
 31
0
  0
LINE
  5
2B6
330
1B
100
AcDbEntity
  8
B.Cu
  6
CONTINUOUS
100
AcDbLine
 10
39.8834079999999958
 20
-30.8424849999999999
 30
0
 11
39.9705370000000002
 21
-30.9728829999999995
 31
0
  0
LINE
  5
2B7
330
1B
100
AcDbEntity
  8
B.Cu
  6
CONTINUOUS
100
AcDbLine
 10
39.9705370000000002
 20
-30.9728829999999995
 30
0
 11
40.0305520000000001
 21
-31.1177719999999987
 31
0
  0
LINE
  5
2B8
330
1B
100
AcDbEntity
  8
B.Cu
  6
CONTINUOUS
100
AcDbLine
 10
40.0305520000000001
 20
-31.1177719999999987
 30
0
 11
40.0611479999999958
 21
-31.2715859999999992
 31
0
  0
LINE
  5
2B9
330
1B
100
AcDbEntity
  8
B.Cu
  6
CONTINUOUS
100
AcDbLine
 10
40.0611479999999958
 20
-31.2715859999999992
 30
0
 11
40.0649999999999977
 21
-31.3499999999999979
 31
0
  0
LINE
  5
2BA
330
1B
100
AcDbEntity
  8
B.Cu
  6
CONTINUOUS
100
AcDbLine
 10
40.0649999999999977
 20
-31.3499999999999979
 30
0
 11
40.0649999999999977
 21
-32.1499999999999986
 31
0
  0
LINE
  5
2BB
330
1B
100
AcDbEntity
  8
B.Cu
  6
CONTINUOUS
100
AcDbLine
 10
40.0649999999999977
 20
-32.1499999999999986
 30
0
 11
40.0611479999999958
 21
-32.2284140000000008
 31
0
  0
LINE
  5
2BC
330
1B
100
AcDbEntity
  8
B.Cu
  6
CONTINUOUS
100
AcDbLine
 10
40.0611479999999958
 20
-32.2284140000000008
 30
0
 11
40.0305520000000001
 21
-32.3822279999999978
 31
0
  0
LINE
  5
2BD
330
1B
100
AcDbEntity
  8
B.Cu
  6
CONTINUOUS
100
AcDbLine
 10
40.0305520000000001
 20
-32.3822279999999978
 30
0
 11
39.9705370000000002
 21
-32.5271169999999969
 31
0
  0
LINE
  5
2BE
330
1B
100
AcDbEntity
  8
B.Cu
  6
CONTINUOUS
100
AcDbLine
 10
39.9705370000000002
 20
-32.5271169999999969
 30
0
 11
39.8834079999999958
 21
-32.6575149999999965
 31
0
  0
LINE
  5
2BF
330
1B
100
AcDbEntity
  8
B.Cu
  6
CONTINUOUS
100
AcDbLine
 10
39.8834079999999958
 20
-32.6575149999999965
 30
0
 11
39.7725149999999985
 21
-32.7684080000000009
 31
0
  0
LINE
  5
2C0
330
1B
100
AcDbEntity
  8
B.Cu
  6
CONTINUOUS
100
AcDbLine
 10
39.7725149999999985
 20
-32.7684080000000009
 30
0
 11
39.6421169999999989
 21
-32.8555369999999982
 31
0
  0
LINE
  5
2C1
330
1B
100
AcDbEntity
  8
B.Cu
  6
CONTINUOUS
100
AcDbLine
 10
39.6421169999999989
 20
-32.8555369999999982
 30
0
 11
39.4972279999999998
 21
-32.9155519999999981
 31
0
  0
LINE
  5
2C2
330
1B
100
AcDbEntity
  8
B.Cu
  6
CONTINUOUS
100
AcDbLine
 10
39.4972279999999998
 20
-32.9155519999999981
 30
0
 11
39.3434139999999957
 21
-32.9461480000000009
 31
0
  0
LINE
  5
2C3
330
1B
100
AcDbEntity
  8
B.Cu
  6
CONTINUOUS
100
AcDbLine
 10
39.3434139999999957
 20
-32.9461480000000009
 30
0
 11
39.1865859999999984
 21
-32.9461480000000009
 31
0
  0
LINE
  5
2C4
330
1B
100
AcDbEntity
  8
B.Cu
  6
CONTINUOUS
100
AcDbLine
 10
39.1865859999999984
 20
-32.9461480000000009
 30
0
 11
39.0327720000000014
 21
-32.9155519999999981
 31
0
  0
LINE
  5
2C5
330
1B
100
AcDbEntity
  8
B.Cu
  6
CONTINUOUS
100
AcDbLine
 10
39.0327720000000014
 20
-32.9155519999999981
 30
0
 11
38.8878829999999951
 21
-32.8555369999999982
 31
0
  0
LINE
  5
2C6
330
1B
100
AcDbEntity
  8
B.Cu
  6
CONTINUOUS
100
AcDbLine
 10
38.8878829999999951
 20
-32.8555369999999982
 30
0
 11
38.7574849999999955
 21
-32.7684080000000009
 31
0
  0
LINE
  5
2C7
330
1B
100
AcDbEntity
  8
B.Cu
  6
CONTINUOUS
100
AcDbLine
 10
38.7574849999999955
 20
-32.7684080000000009
 30
0
 11
38.6465919999999983
 21
-32.6575149999999965
 31
0
  0
LINE
  5
2C8
330
1B
100
AcDbEntity
  8
B.Cu
  6
CONTINUOUS
100
AcDbLine
 10
38.6465919999999983
 20
-32.6575149999999965
 30
0
 11
38.5594630000000009
 21
-32.5271169999999969
 31
0
  0
LINE
  5
2C9
330
1B
100
AcDbEntity
  8
B.Cu
  6
CONTINUOUS
100
AcDbLine
 10
38.5594630000000009
 20
-32.5271169999999969
 30
0
 11
38.499448000000001
 21
-32.3822279999999978
 31
0
  0
LINE
  5
2CA
330
1B
100
AcDbEntity
  8
B.Cu
  6
CONTINUOUS
100
AcDbLine
 10
38.499448000000001
 20
-32.3822279999999978
 30
0
 11
38.4688519999999983
 21
-32.2284140000000008
 31
0
  0
LINE
  5
2CB
330
1B
100
AcDbEntity
  8
B.Cu
  6
CONTINUOUS
100
AcDbLine
 10
38.4688519999999983
 20
-32.2284140000000008
 30
0
 11
38.4649999999999963
 21
-32.1499999999999986
 31
0
  0
LINE
  5
2CC
330
1B
100
AcDbEntity
  8
B.Cu
  6
CONTINUOUS
100
AcDbLine
 10
38.4649999999999963
 20
-32.1499999999999986
 30
0
 11
38.4649999999999963
 21
-31.3499999999999979
 31
0
  0
LINE
  5
2CD
330
1B
100
AcDbEntity
  8
B.Cu
  6
CONTINUOUS
100
AcDbLine
 10
38.4649999999999963
 20
-31.3499999999999979
 30
0
 11
38.4688519999999983
 21
-31.2715859999999992
 31
0
  0
LINE
  5
2CE
330
1B
100
AcDbEntity
  8
B.Cu
  6
CONTINUOUS
100
AcDbLine
 10
38.4688519999999983
 20
-31.2715859999999992
 30
0
 11
38.499448000000001
 21
-31.1177719999999987
 31
0
  0
LINE
  5
2CF
330
1B
100
AcDbEntity
  8
B.Cu
  6
CONTINUOUS
100
AcDbLine
 10
38.499448000000001
 20
-31.1177719999999987
 30
0
 11
38.5594630000000009
 21
-30.9728829999999995
 31
0
  0
LINE
  5
2D0
330
1B
100
AcDbEntity
  8
B.Cu
  6
CONTINUOUS
100
AcDbLine
 10
38.5594630000000009
 20
-30.9728829999999995
 30
0
 11
38.6465919999999983
 21
-30.8424849999999999
 31
0
  0
LINE
  5
2D1
330
1B
100
AcDbEntity
  8
B.Cu
  6
CONTINUOUS
100
AcDbLine
 10
38.6465919999999983
 20
-30.8424849999999999
 30
0
 11
38.7574849999999955
 21
-30.7315919999999991
 31
0
  0
LINE
  5
2D2
330
1B
100
AcDbEntity
  8
B.Cu
  6
CONTINUOUS
100
AcDbLine
 10
38.7574849999999955
 20
-30.7315919999999991
 30
0
 11
38.7650000000000006
 21
-30.7265699999999988
 31
0
  0
LINE
  5
2D3
330
1B
100
AcDbEntity
  8
B.Cu
  6
CONTINUOUS
100
AcDbLine
 10
38.7650000000000006
 20
-30.7265699999999988
 30
0
 11
38.7650000000000006
 21
-28.8771059999999977
 31
0
  0
LINE
  5
2D4
330
1B
100
AcDbEntity
  8
B.Cu
  6
CONTINUOUS
100
AcDbLine
 10
38.7650000000000006
 20
-28.8771059999999977
 30
0
 11
36.8522779999999983
 21
-26.964383999999999
 31
0
  0
LINE
  5
2D5
330
1B
100
AcDbEntity
  8
B.Cu
  6
CONTINUOUS
100
AcDbLine
 10
36.8522779999999983
 20
-26.964383999999999
 30
0
 11
36.8434139999999957
 21
-26.9661480000000005
 31
0
  0
LINE
  5
2D6
330
1B
100
AcDbEntity
  8
B.Cu
  6
CONTINUOUS
100
AcDbLine
 10
36.8434139999999957
 20
-26.9661480000000005
 30
0
 11
36.6865859999999984
 21
-26.9661480000000005
 31
0
  0
LINE
  5
2D7
330
1B
100
AcDbEntity
  8
B.Cu
  6
CONTINUOUS
100
AcDbLine
 10
36.6865859999999984
 20
-26.9661480000000005
 30
0
 11
36.5327720000000014
 21
-26.9355519999999977
 31
0
  0
LINE
  5
2D8
330
1B
100
AcDbEntity
  8
B.Cu
  6
CONTINUOUS
100
AcDbLine
 10
36.5327720000000014
 20
-26.9355519999999977
 30
0
 11
36.3878829999999951
 21
-26.8755369999999978
 31
0
  0
LINE
  5
2D9
330
1B
100
AcDbEntity
  8
B.Cu
  6
CONTINUOUS
100
AcDbLine
 10
36.3878829999999951
 20
-26.8755369999999978
 30
0
 11
36.2574849999999955
 21
-26.7884080000000004
 31
0
  0
LINE
  5
2DA
330
1B
100
AcDbEntity
  8
B.Cu
  6
CONTINUOUS
100
AcDbLine
 10
36.2574849999999955
 20
-26.7884080000000004
 30
0
 11
36.1465919999999983
 21
-26.6775149999999996
 31
0
  0
LINE
  5
2DB
330
1B
100
AcDbEntity
  8
B.Cu
  6
CONTINUOUS
100
AcDbLine
 10
36.1465919999999983
 20
-26.6775149999999996
 30
0
 11
36.0594630000000009
 21
-26.5471170000000001
 31
0
  0
LINE
  5
2DC
330
1B
100
AcDbEntity
  8
B.Cu
  6
CONTINUOUS
100
AcDbLine
 10
36.0594630000000009
 20
-26.5471170000000001
 30
0
 11
35.999448000000001
 21
-26.4022279999999974
 31
0
  0
LINE
  5
2DD
330
1B
100
AcDbEntity
  8
B.Cu
  6
CONTINUOUS
100
AcDbLine
 10
35.999448000000001
 20
-26.4022279999999974
 30
0
 11
35.9688519999999983
 21
-26.2484140000000004
 31
0
  0
LINE
  5
2DE
330
1B
100
AcDbEntity
  8
B.Cu
  6
CONTINUOUS
100
AcDbLine
 10
35.9688519999999983
 20
-26.2484140000000004
 30
0
 11
35.9688519999999983
 21
-26.0915859999999995
 31
0
  0
LINE
  5
2DF
330
1B
100
AcDbEntity
  8
B.Cu
  6
CONTINUOUS
100
AcDbLine
 10
35.9688519999999983
 20
-26.0915859999999995
 30
0
 11
35.9706149999999951
 21
-26.0827209999999994
 31
0
  0
LINE
  5
2E0
330
1B
100
AcDbEntity
  8
B.Cu
  6
CONTINUOUS
100
AcDbLine
 10
35.9706149999999951
 20
-26.0827209999999994
 30
0
 11
34.4528940000000006
 21
-24.5649999999999977
 31
0
  0
LINE
  5
2E1
330
1B
100
AcDbEntity
  8
B.Cu
  6
CONTINUOUS
100
AcDbLine
 10
34.4528940000000006
 20
-24.5649999999999977
 30
0
 11
32.638428999999995
 21
-24.5649999999999977
 31
0
  0
LINE
  5
2E2
330
1B
100
AcDbEntity
  8
B.Cu
  6
CONTINUOUS
100
AcDbLine
 10
32.638428999999995
 20
-24.5649999999999977
 30
0
 11
32.6334079999999958
 21
-24.5725149999999992
 31
0
  0
LINE
  5
2E3
330
1B
100
AcDbEntity
  8
B.Cu
  6
CONTINUOUS
100
AcDbLine
 10
32.6334079999999958
 20
-24.5725149999999992
 30
0
 11
32.5225149999999985
 21
-24.683408
 31
0
  0
LINE
  5
2E4
330
1B
100
AcDbEntity
  8
B.Cu
  6
CONTINUOUS
100
AcDbLine
 10
32.5225149999999985
 20
-24.683408
 30
0
 11
32.3921169999999989
 21
-24.7705369999999974
 31
0
  0
LINE
  5
2E5
330
1B
100
AcDbEntity
  8
B.Cu
  6
CONTINUOUS
100
AcDbLine
 10
32.3921169999999989
 20
-24.7705369999999974
 30
0
 11
32.2472279999999998
 21
-24.8305519999999973
 31
0
  0
LINE
  5
2E6
330
1B
100
AcDbEntity
  8
B.Cu
  6
CONTINUOUS
100
AcDbLine
 10
32.2472279999999998
 20
-24.8305519999999973
 30
0
 11
32.0934139999999957
 21
-24.861148
 31
0
  0
LINE
  5
2E7
330
1B
100
AcDbEntity
  8
B.Cu
  6
CONTINUOUS
100
AcDbLine
 10
32.0934139999999957
 20
-24.861148
 30
0
 11
32.0150000000000006
 21
-24.8649999999999984
 31
0
  0
LINE
  5
2E8
330
1B
100
AcDbEntity
  8
B.Cu
  6
CONTINUOUS
100
AcDbLine
 10
32.0150000000000006
 20
-24.8649999999999984
 30
0
 11
31.2149999999999999
 21
-24.8649999999999984
 31
0
  0
LINE
  5
2E9
330
1B
100
AcDbEntity
  8
B.Cu
  6
CONTINUOUS
100
AcDbLine
 10
31.2149999999999999
 20
-24.8649999999999984
 30
0
 11
31.1365859999999977
 21
-24.861148
 31
0
  0
LINE
  5
2EA
330
1B
100
AcDbEntity
  8
B.Cu
  6
CONTINUOUS
100
AcDbLine
 10
31.1365859999999977
 20
-24.861148
 30
0
 11
30.9827719999999971
 21
-24.8305519999999973
 31
0
  0
LINE
  5
2EB
330
1B
100
AcDbEntity
  8
B.Cu
  6
CONTINUOUS
100
AcDbLine
 10
30.9827719999999971
 20
-24.8305519999999973
 30
0
 11
30.8378829999999979
 21
-24.7705369999999974
 31
0
  0
LINE
  5
2EC
330
1B
100
AcDbEntity
  8
B.Cu
  6
CONTINUOUS
100
AcDbLine
 10
30.8378829999999979
 20
-24.7705369999999974
 30
0
 11
30.7074849999999984
 21
-24.683408
 31
0
  0
LINE
  5
2ED
330
1B
100
AcDbEntity
  8
B.Cu
  6
CONTINUOUS
100
AcDbLine
 10
30.7074849999999984
 20
-24.683408
 30
0
 11
30.5965919999999976
 21
-24.5725149999999992
 31
0
  0
LINE
  5
2EE
330
1B
100
AcDbEntity
  8
B.Cu
  6
CONTINUOUS
100
AcDbLine
 10
30.5965919999999976
 20
-24.5725149999999992
 30
0
 11
30.5094630000000002
 21
-24.4421169999999996
 31
0
  0
LINE
  5
2EF
330
1B
100
AcDbEntity
  8
B.Cu
  6
CONTINUOUS
100
AcDbLine
 10
30.5094630000000002
 20
-24.4421169999999996
 30
0
 11
30.4494480000000003
 21
-24.2972280000000005
 31
0
  0
LINE
  5
2F0
330
1B
100
AcDbEntity
  8
B.Cu
  6
CONTINUOUS
100
AcDbLine
 10
30.4494480000000003
 20
-24.2972280000000005
 30
0
 11
30.4188519999999976
 21
-24.1434139999999999
 31
0
  0
LINE
  5
2F1
330
1B
100
AcDbEntity
  8
B.Cu
  6
CONTINUOUS
100
AcDbLine
 10
30.4188519999999976
 20
-24.1434139999999999
 30
0
 11
30.4188519999999976
 21
-23.9865859999999991
 31
0
  0
LINE
  5
2F2
330
1B
100
AcDbEntity
  8
B.Cu
  6
CONTINUOUS
100
AcDbLine
 10
30.4188519999999976
 20
-23.9865859999999991
 30
0
 11
30.4494480000000003
 21
-23.8327719999999985
 31
0
  0
LINE
  5
2F3
330
1B
100
AcDbEntity
  8
B.Cu
  6
CONTINUOUS
100
AcDbLine
 10
30.4494480000000003
 20
-23.8327719999999985
 30
0
 11
30.5094630000000002
 21
-23.6878829999999994
 31
0
  0
LINE
  5
2F4
330
1B
100
AcDbEntity
  8
B.Cu
  6
CONTINUOUS
100
AcDbLine
 10
30.5094630000000002
 20
-23.6878829999999994
 30
0
 11
30.5965919999999976
 21
-23.5574849999999998
 31
0
  0
LINE
  5
2F5
330
1B
100
AcDbEntity
  8
B.Cu
  6
CONTINUOUS
100
AcDbLine
 10
30.5965919999999976
 20
-23.5574849999999998
 30
0
 11
30.7074849999999984
 21
-23.446591999999999
 31
0
  0
LINE
  5
2F6
330
1B
100
AcDbEntity
  8
B.Cu
  6
CONTINUOUS
100
AcDbLine
 10
30.7074849999999984
 20
-23.446591999999999
 30
0
 11
30.8378829999999979
 21
-23.3594629999999981
 31
0
  0
LINE
  5
2F7
330
1B
100
AcDbEntity
  8
B.Cu
  6
CONTINUOUS
100
AcDbLine
 10
30.8378829999999979
 20
-23.3594629999999981
 30
0
 11
30.9827719999999971
 21
-23.2994479999999982
 31
0
  0
LINE
  5
2F8
330
1B
100
AcDbEntity
  8
B.Cu
  6
CONTINUOUS
100
AcDbLine
 10
30.9827719999999971
 20
-23.2994479999999982
 30
0
 11
31.1365859999999977
 21
-23.268851999999999
 31
0
  0
LINE
  5
2F9
330
1B
100
AcDbEntity
  8
B.Cu
  6
CONTINUOUS
100
AcDbLine
 10
31.1365859999999977
 20
-23.268851999999999
 30
0
 11
31.2149999999999999
 21
-23.2650000000000006
 31
0
  0
LINE
  5
2FA
330
1B
100
AcDbEntity
  8
B.Cu
  6
CONTINUOUS
100
AcDbLine
 10
31.2149999999999999
 20
-23.2650000000000006
 30
0
 11
32.0150000000000006
 21
-23.2650000000000006
 31
0
  0
LINE
  5
2FB
330
1B
100
AcDbEntity
  8
B.Cu
  6
CONTINUOUS
100
AcDbLine
 10
32.0150000000000006
 20
-23.2650000000000006
 30
0
 11
32.0934139999999957
 21
-23.268851999999999
 31
0
  0
LINE
  5
2FC
330
1B
100
AcDbEntity
  8
B.Cu
  6
CONTINUOUS
100
AcDbLine
 10
44.5772279999999981
 20
-30.5844479999999983
 30
0
 11
44.7221169999999972
 21
-30.6444629999999982
 31
0
  0
LINE
  5
2FD
330
1B
100
AcDbEntity
  8
B.Cu
  6
CONTINUOUS
100
AcDbLine
 10
44.7221169999999972
 20
-30.6444629999999982
 30
0
 11
44.8525149999999968
 21
-30.7315919999999991
 31
0
  0
LINE
  5
2FE
330
1B
100
AcDbEntity
  8
B.Cu
  6
CONTINUOUS
100
AcDbLine
 10
44.8525149999999968
 20
-30.7315919999999991
 30
0
 11
44.9634080000000012
 21
-30.8424849999999999
 31
0
  0
LINE
  5
2FF
330
1B
100
AcDbEntity
  8
B.Cu
  6
CONTINUOUS
100
AcDbLine
 10
44.9634080000000012
 20
-30.8424849999999999
 30
0
 11
45.0505369999999985
 21
-30.9728829999999995
 31
0
  0
LINE
  5
300
330
1B
100
AcDbEntity
  8
B.Cu
  6
CONTINUOUS
100
AcDbLine
 10
45.0505369999999985
 20
-30.9728829999999995
 30
0
 11
45.1105519999999984
 21
-31.1177719999999987
 31
0
  0
LINE
  5
301
330
1B
100
AcDbEntity
  8
B.Cu
  6
CONTINUOUS
100
AcDbLine
 10
45.1105519999999984
 20
-31.1177719999999987
 30
0
 11
45.1411480000000012
 21
-31.2715859999999992
 31
0
  0
LINE
  5
302
330
1B
100
AcDbEntity
  8
B.Cu
  6
CONTINUOUS
100
AcDbLine
 10
45.1411480000000012
 20
-31.2715859999999992
 30
0
 11
45.144999999999996
 21
-31.3499999999999979
 31
0
  0
LINE
  5
303
330
1B
100
AcDbEntity
  8
B.Cu
  6
CONTINUOUS
100
AcDbLine
 10
45.144999999999996
 20
-31.3499999999999979
 30
0
 11
45.144999999999996
 21
-32.1499999999999986
 31
0
  0
LINE
  5
304
330
1B
100
AcDbEntity
  8
B.Cu
  6
CONTINUOUS
100
AcDbLine
 10
45.144999999999996
 20
-32.1499999999999986
 30
0
 11
45.1411480000000012
 21
-32.2284140000000008
 31
0
  0
LINE
  5
305
330
1B
100
AcDbEntity
  8
B.Cu
  6
CONTINUOUS
100
AcDbLine
 10
45.1411480000000012
 20
-32.2284140000000008
 30
0
 11
45.1105519999999984
 21
-32.3822279999999978
 31
0
  0
LINE
  5
306
330
1B
100
AcDbEntity
  8
B.Cu
  6
CONTINUOUS
100
AcDbLine
 10
45.1105519999999984
 20
-32.3822279999999978
 30
0
 11
45.0505369999999985
 21
-32.5271169999999969
 31
0
  0
LINE
  5
307
330
1B
100
AcDbEntity
  8
B.Cu
  6
CONTINUOUS
100
AcDbLine
 10
45.0505369999999985
 20
-32.5271169999999969
 30
0
 11
44.9634080000000012
 21
-32.6575149999999965
 31
0
  0
LINE
  5
308
330
1B
100
AcDbEntity
  8
B.Cu
  6
CONTINUOUS
100
AcDbLine
 10
44.9634080000000012
 20
-32.6575149999999965
 30
0
 11
44.8525149999999968
 21
-32.7684080000000009
 31
0
  0
LINE
  5
309
330
1B
100
AcDbEntity
  8
B.Cu
  6
CONTINUOUS
100
AcDbLine
 10
44.8525149999999968
 20
-32.7684080000000009
 30
0
 11
44.7221169999999972
 21
-32.8555369999999982
 31
0
  0
LINE
  5
30A
330
1B
100
AcDbEntity
  8
B.Cu
  6
CONTINUOUS
100
AcDbLine
 10
44.7221169999999972
 20
-32.8555369999999982
 30
0
 11
44.5772279999999981
 21
-32.9155519999999981
 31
0
  0
LINE
  5
30B
330
1B
100
AcDbEntity
  8
B.Cu
  6
CONTINUOUS
100
AcDbLine
 10
44.5772279999999981
 20
-32.9155519999999981
 30
0
 11
44.4234140000000011
 21
-32.9461480000000009
 31
0
  0
LINE
  5
30C
330
1B
100
AcDbEntity
  8
B.Cu
  6
CONTINUOUS
100
AcDbLine
 10
44.4234140000000011
 20
-32.9461480000000009
 30
0
 11
44.2665859999999967
 21
-32.9461480000000009
 31
0
  0
LINE
  5
30D
330
1B
100
AcDbEntity
  8
B.Cu
  6
CONTINUOUS
100
AcDbLine
 10
44.2665859999999967
 20
-32.9461480000000009
 30
0
 11
44.1127719999999997
 21
-32.9155519999999981
 31
0
  0
LINE
  5
30E
330
1B
100
AcDbEntity
  8
B.Cu
  6
CONTINUOUS
100
AcDbLine
 10
44.1127719999999997
 20
-32.9155519999999981
 30
0
 11
43.9678830000000005
 21
-32.8555369999999982
 31
0
  0
LINE
  5
30F
330
1B
100
AcDbEntity
  8
B.Cu
  6
CONTINUOUS
100
AcDbLine
 10
43.9678830000000005
 20
-32.8555369999999982
 30
0
 11
43.8374850000000009
 21
-32.7684080000000009
 31
0
  0
LINE
  5
310
330
1B
100
AcDbEntity
  8
B.Cu
  6
CONTINUOUS
100
AcDbLine
 10
43.8374850000000009
 20
-32.7684080000000009
 30
0
 11
43.7265919999999966
 21
-32.6575149999999965
 31
0
  0
LINE
  5
311
330
1B
100
AcDbEntity
  8
B.Cu
  6
CONTINUOUS
100
AcDbLine
 10
43.7265919999999966
 20
-32.6575149999999965
 30
0
 11
43.6394629999999992
 21
-32.5271169999999969
 31
0
  0
LINE
  5
312
330
1B
100
AcDbEntity
  8
B.Cu
  6
CONTINUOUS
100
AcDbLine
 10
43.6394629999999992
 20
-32.5271169999999969
 30
0
 11
43.5794479999999993
 21
-32.3822279999999978
 31
0
  0
LINE
  5
313
330
1B
100
AcDbEntity
  8
B.Cu
  6
CONTINUOUS
100
AcDbLine
 10
43.5794479999999993
 20
-32.3822279999999978
 30
0
 11
43.5488519999999966
 21
-32.2284140000000008
 31
0
  0
LINE
  5
314
330
1B
100
AcDbEntity
  8
B.Cu
  6
CONTINUOUS
100
AcDbLine
 10
43.5488519999999966
 20
-32.2284140000000008
 30
0
 11
43.5449999999999946
 21
-32.1499999999999986
 31
0
  0
LINE
  5
315
330
1B
100
AcDbEntity
  8
B.Cu
  6
CONTINUOUS
100
AcDbLine
 10
43.5449999999999946
 20
-32.1499999999999986
 30
0
 11
43.5449999999999946
 21
-31.3499999999999979
 31
0
  0
LINE
  5
316
330
1B
100
AcDbEntity
  8
B.Cu
  6
CONTINUOUS
100
AcDbLine
 10
43.5449999999999946
 20
-31.3499999999999979
 30
0
 11
43.5488519999999966
 21
-31.2715859999999992
 31
0
  0
LINE
  5
317
330
1B
100
AcDbEntity
  8
B.Cu
  6
CONTINUOUS
100
AcDbLine
 10
43.5488519999999966
 20
-31.2715859999999992
 30
0
 11
43.5794479999999993
 21
-31.1177719999999987
 31
0
  0
LINE
  5
318
330
1B
100
AcDbEntity
  8
B.Cu
  6
CONTINUOUS
100
AcDbLine
 10
43.5794479999999993
 20
-31.1177719999999987
 30
0
 11
43.6394629999999992
 21
-30.9728829999999995
 31
0
  0
LINE
  5
319
330
1B
100
AcDbEntity
  8
B.Cu
  6
CONTINUOUS
100
AcDbLine
 10
43.6394629999999992
 20
-30.9728829999999995
 30
0
 11
43.7265919999999966
 21
-30.8424849999999999
 31
0
  0
LINE
  5
31A
330
1B
100
AcDbEntity
  8
B.Cu
  6
CONTINUOUS
100
AcDbLine
 10
43.7265919999999966
 20
-30.8424849999999999
 30
0
 11
43.8374850000000009
 21
-30.7315919999999991
 31
0
  0
LINE
  5
31B
330
1B
100
AcDbEntity
  8
B.Cu
  6
CONTINUOUS
100
AcDbLine
 10
43.8374850000000009
 20
-30.7315919999999991
 30
0
 11
43.9678830000000005
 21
-30.6444629999999982
 31
0
  0
LINE
  5
31C
330
1B
100
AcDbEntity
  8
B.Cu
  6
CONTINUOUS
100
AcDbLine
 10
43.9678830000000005
 20
-30.6444629999999982
 30
0
 11
44.1127719999999997
 21
-30.5844479999999983
 31
0
  0
LINE
  5
31D
330
1B
100
AcDbEntity
  8
B.Cu
  6
CONTINUOUS
100
AcDbLine
 10
44.1127719999999997
 20
-30.5844479999999983
 30
0
 11
44.2665859999999967
 21
-30.5538519999999991
 31
0
  0
LINE
  5
31E
330
1B
100
AcDbEntity
  8
B.Cu
  6
CONTINUOUS
100
AcDbLine
 10
44.2665859999999967
 20
-30.5538519999999991
 30
0
 11
44.4234140000000011
 21
-30.5538519999999991
 31
0
  0
LINE
  5
31F
330
1B
100
AcDbEntity
  8
B.Cu
  6
CONTINUOUS
100
AcDbLine
 10
44.4234140000000011
 20
-30.5538519999999991
 30
0
 11
44.5772279999999981
 21
-30.5844479999999983
 31
0
  0
LINE
  5
320
330
1B
100
AcDbEntity
  8
B.Cu
  6
CONTINUOUS
100
AcDbLine
 10
32.0934139999999957
 20
-28.3488519999999973
 30
0
 11
32.2472279999999998
 21
-28.379448
 31
0
  0
LINE
  5
321
330
1B
100
AcDbEntity
  8
B.Cu
  6
CONTINUOUS
100
AcDbLine
 10
32.2472279999999998
 20
-28.379448
 30
0
 11
32.3921169999999989
 21
-28.4394629999999999
 31
0
  0
LINE
  5
322
330
1B
100
AcDbEntity
  8
B.Cu
  6
CONTINUOUS
100
AcDbLine
 10
32.3921169999999989
 20
-28.4394629999999999
 30
0
 11
32.5225149999999985
 21
-28.5265919999999973
 31
0
  0
LINE
  5
323
330
1B
100
AcDbEntity
  8
B.Cu
  6
CONTINUOUS
100
AcDbLine
 10
32.5225149999999985
 20
-28.5265919999999973
 30
0
 11
32.6334079999999958
 21
-28.6374849999999981
 31
0
  0
LINE
  5
324
330
1B
100
AcDbEntity
  8
B.Cu
  6
CONTINUOUS
100
AcDbLine
 10
32.6334079999999958
 20
-28.6374849999999981
 30
0
 11
32.7205370000000002
 21
-28.7678829999999977
 31
0
  0
LINE
  5
325
330
1B
100
AcDbEntity
  8
B.Cu
  6
CONTINUOUS
100
AcDbLine
 10
32.7205370000000002
 20
-28.7678829999999977
 30
0
 11
32.7805520000000001
 21
-28.9127720000000004
 31
0
  0
LINE
  5
326
330
1B
100
AcDbEntity
  8
B.Cu
  6
CONTINUOUS
100
AcDbLine
 10
32.7805520000000001
 20
-28.9127720000000004
 30
0
 11
32.8111479999999958
 21
-29.0665859999999974
 31
0
  0
LINE
  5
327
330
1B
100
AcDbEntity
  8
B.Cu
  6
CONTINUOUS
100
AcDbLine
 10
32.8111479999999958
 20
-29.0665859999999974
 30
0
 11
32.8111479999999958
 21
-29.2234139999999982
 31
0
  0
LINE
  5
328
330
1B
100
AcDbEntity
  8
B.Cu
  6
CONTINUOUS
100
AcDbLine
 10
32.8111479999999958
 20
-29.2234139999999982
 30
0
 11
32.7805520000000001
 21
-29.3772279999999988
 31
0
  0
LINE
  5
329
330
1B
100
AcDbEntity
  8
B.Cu
  6
CONTINUOUS
100
AcDbLine
 10
32.7805520000000001
 20
-29.3772279999999988
 30
0
 11
32.7205370000000002
 21
-29.5221169999999979
 31
0
  0
LINE
  5
32A
330
1B
100
AcDbEntity
  8
B.Cu
  6
CONTINUOUS
100
AcDbLine
 10
32.7205370000000002
 20
-29.5221169999999979
 30
0
 11
32.6334079999999958
 21
-29.6525149999999975
 31
0
  0
LINE
  5
32B
330
1B
100
AcDbEntity
  8
B.Cu
  6
CONTINUOUS
100
AcDbLine
 10
32.6334079999999958
 20
-29.6525149999999975
 30
0
 11
32.5225149999999985
 21
-29.7634079999999983
 31
0
  0
LINE
  5
32C
330
1B
100
AcDbEntity
  8
B.Cu
  6
CONTINUOUS
100
AcDbLine
 10
32.5225149999999985
 20
-29.7634079999999983
 30
0
 11
32.3921169999999989
 21
-29.8505369999999992
 31
0
  0
LINE
  5
32D
330
1B
100
AcDbEntity
  8
B.Cu
  6
CONTINUOUS
100
AcDbLine
 10
32.3921169999999989
 20
-29.8505369999999992
 30
0
 11
32.2472279999999998
 21
-29.9105519999999991
 31
0
  0
LINE
  5
32E
330
1B
100
AcDbEntity
  8
B.Cu
  6
CONTINUOUS
100
AcDbLine
 10
32.2472279999999998
 20
-29.9105519999999991
 30
0
 11
32.0934139999999957
 21
-29.9411479999999983
 31
0
  0
LINE
  5
32F
330
1B
100
AcDbEntity
  8
B.Cu
  6
CONTINUOUS
100
AcDbLine
 10
32.0934139999999957
 20
-29.9411479999999983
 30
0
 11
32.0150000000000006
 21
-29.9450000000000003
 31
0
  0
LINE
  5
330
330
1B
100
AcDbEntity
  8
B.Cu
  6
CONTINUOUS
100
AcDbLine
 10
32.0150000000000006
 20
-29.9450000000000003
 30
0
 11
31.2149999999999999
 21
-29.9450000000000003
 31
0
  0
LINE
  5
331
330
1B
100
AcDbEntity
  8
B.Cu
  6
CONTINUOUS
100
AcDbLine
 10
31.2149999999999999
 20
-29.9450000000000003
 30
0
 11
31.1365859999999977
 21
-29.9411479999999983
 31
0
  0
LINE
  5
332
330
1B
100
AcDbEntity
  8
B.Cu
  6
CONTINUOUS
100
AcDbLine
 10
31.1365859999999977
 20
-29.9411479999999983
 30
0
 11
30.9827719999999971
 21
-29.9105519999999991
 31
0
  0
LINE
  5
333
330
1B
100
AcDbEntity
  8
B.Cu
  6
CONTINUOUS
100
AcDbLine
 10
30.9827719999999971
 20
-29.9105519999999991
 30
0
 11
30.8378829999999979
 21
-29.8505369999999992
 31
0
  0
LINE
  5
334
330
1B
100
AcDbEntity
  8
B.Cu
  6
CONTINUOUS
100
AcDbLine
 10
30.8378829999999979
 20
-29.8505369999999992
 30
0
 11
30.7074849999999984
 21
-29.7634079999999983
 31
0
  0
LINE
  5
335
330
1B
100
AcDbEntity
  8
B.Cu
  6
CONTINUOUS
100
AcDbLine
 10
30.7074849999999984
 20
-29.7634079999999983
 30
0
 11
30.5965919999999976
 21
-29.6525149999999975
 31
0
  0
LINE
  5
336
330
1B
100
AcDbEntity
  8
B.Cu
  6
CONTINUOUS
100
AcDbLine
 10
30.5965919999999976
 20
-29.6525149999999975
 30
0
 11
30.5094630000000002
 21
-29.5221169999999979
 31
0
  0
LINE
  5
337
330
1B
100
AcDbEntity
  8
B.Cu
  6
CONTINUOUS
100
AcDbLine
 10
30.5094630000000002
 20
-29.5221169999999979
 30
0
 11
30.4494480000000003
 21
-29.3772279999999988
 31
0
  0
LINE
  5
338
330
1B
100
AcDbEntity
  8
B.Cu
  6
CONTINUOUS
100
AcDbLine
 10
30.4494480000000003
 20
-29.3772279999999988
 30
0
 11
30.4188519999999976
 21
-29.2234139999999982
 31
0
  0
LINE
  5
339
330
1B
100
AcDbEntity
  8
B.Cu
  6
CONTINUOUS
100
AcDbLine
 10
30.4188519999999976
 20
-29.2234139999999982
 30
0
 11
30.4188519999999976
 21
-29.0665859999999974
 31
0
  0
LINE
  5
33A
330
1B
100
AcDbEntity
  8
B.Cu
  6
CONTINUOUS
100
AcDbLine
 10
30.4188519999999976
 20
-29.0665859999999974
 30
0
 11
30.4494480000000003
 21
-28.9127720000000004
 31
0
  0
LINE
  5
33B
330
1B
100
AcDbEntity
  8
B.Cu
  6
CONTINUOUS
100
AcDbLine
 10
30.4494480000000003
 20
-28.9127720000000004
 30
0
 11
30.5094630000000002
 21
-28.7678829999999977
 31
0
  0
LINE
  5
33C
330
1B
100
AcDbEntity
  8
B.Cu
  6
CONTINUOUS
100
AcDbLine
 10
30.5094630000000002
 20
-28.7678829999999977
 30
0
 11
30.5965919999999976
 21
-28.6374849999999981
 31
0
  0
LINE
  5
33D
330
1B
100
AcDbEntity
  8
B.Cu
  6
CONTINUOUS
100
AcDbLine
 10
30.5965919999999976
 20
-28.6374849999999981
 30
0
 11
30.7074849999999984
 21
-28.5265919999999973
 31
0
  0
LINE
  5
33E
330
1B
100
AcDbEntity
  8
B.Cu
  6
CONTINUOUS
100
AcDbLine
 10
30.7074849999999984
 20
-28.5265919999999973
 30
0
 11
30.8378829999999979
 21
-28.4394629999999999
 31
0
  0
LINE
  5
33F
330
1B
100
AcDbEntity
  8
B.Cu
  6
CONTINUOUS
100
AcDbLine
 10
30.8378829999999979
 20
-28.4394629999999999
 30
0
 11
30.9827719999999971
 21
-28.379448
 31
0
  0
LINE
  5
340
330
1B
100
AcDbEntity
  8
B.Cu
  6
CONTINUOUS
100
AcDbLine
 10
30.9827719999999971
 20
-28.379448
 30
0
 11
31.1365859999999977
 21
-28.3488519999999973
 31
0
  0
LINE
  5
341
330
1B
100
AcDbEntity
  8
B.Cu
  6
CONTINUOUS
100
AcDbLine
 10
31.1365859999999977
 20
-28.3488519999999973
 30
0
 11
31.2149999999999999
 21
-28.3449999999999989
 31
0
  0
LINE
  5
342
330
1B
100
AcDbEntity
  8
B.Cu
  6
CONTINUOUS
100
AcDbLine
 10
31.2149999999999999
 20
-28.3449999999999989
 30
0
 11
32.0150000000000006
 21
-28.3449999999999989
 31
0
  0
LINE
  5
343
330
1B
100
AcDbEntity
  8
B.Cu
  6
CONTINUOUS
100
AcDbLine
 10
32.0150000000000006
 20
-28.3449999999999989
 30
0
 11
32.0934139999999957
 21
-28.3488519999999973
 31
0
  0
LINE
  5
344
330
1B
100
AcDbEntity
  8
B.Cu
  6
CONTINUOUS
100
AcDbLine
 10
32.0934139999999957
 20
-25.8088519999999981
 30
0
 11
32.2472279999999998
 21
-25.8394479999999973
 31
0
  0
LINE
  5
345
330
1B
100
AcDbEntity
  8
B.Cu
  6
CONTINUOUS
100
AcDbLine
 10
32.2472279999999998
 20
-25.8394479999999973
 30
0
 11
32.3921169999999989
 21
-25.8994629999999972
 31
0
  0
LINE
  5
346
330
1B
100
AcDbEntity
  8
B.Cu
  6
CONTINUOUS
100
AcDbLine
 10
32.3921169999999989
 20
-25.8994629999999972
 30
0
 11
32.5225149999999985
 21
-25.9865919999999981
 31
0
  0
LINE
  5
347
330
1B
100
AcDbEntity
  8
B.Cu
  6
CONTINUOUS
100
AcDbLine
 10
32.5225149999999985
 20
-25.9865919999999981
 30
0
 11
32.6334079999999958
 21
-26.0974849999999989
 31
0
  0
LINE
  5
348
330
1B
100
AcDbEntity
  8
B.Cu
  6
CONTINUOUS
100
AcDbLine
 10
32.6334079999999958
 20
-26.0974849999999989
 30
0
 11
32.7205370000000002
 21
-26.2278829999999985
 31
0
  0
LINE
  5
349
330
1B
100
AcDbEntity
  8
B.Cu
  6
CONTINUOUS
100
AcDbLine
 10
32.7205370000000002
 20
-26.2278829999999985
 30
0
 11
32.7805520000000001
 21
-26.3727719999999977
 31
0
  0
LINE
  5
34A
330
1B
100
AcDbEntity
  8
B.Cu
  6
CONTINUOUS
100
AcDbLine
 10
32.7805520000000001
 20
-26.3727719999999977
 30
0
 11
32.8111479999999958
 21
-26.5265859999999982
 31
0
  0
LINE
  5
34B
330
1B
100
AcDbEntity
  8
B.Cu
  6
CONTINUOUS
100
AcDbLine
 10
32.8111479999999958
 20
-26.5265859999999982
 30
0
 11
32.8111479999999958
 21
-26.6834139999999991
 31
0
  0
LINE
  5
34C
330
1B
100
AcDbEntity
  8
B.Cu
  6
CONTINUOUS
100
AcDbLine
 10
32.8111479999999958
 20
-26.6834139999999991
 30
0
 11
32.7805520000000001
 21
-26.8372279999999996
 31
0
  0
LINE
  5
34D
330
1B
100
AcDbEntity
  8
B.Cu
  6
CONTINUOUS
100
AcDbLine
 10
32.7805520000000001
 20
-26.8372279999999996
 30
0
 11
32.7205370000000002
 21
-26.9821169999999988
 31
0
  0
LINE
  5
34E
330
1B
100
AcDbEntity
  8
B.Cu
  6
CONTINUOUS
100
AcDbLine
 10
32.7205370000000002
 20
-26.9821169999999988
 30
0
 11
32.6334079999999958
 21
-27.1125149999999984
 31
0
  0
LINE
  5
34F
330
1B
100
AcDbEntity
  8
B.Cu
  6
CONTINUOUS
100
AcDbLine
 10
32.6334079999999958
 20
-27.1125149999999984
 30
0
 11
32.5225149999999985
 21
-27.2234079999999992
 31
0
  0
LINE
  5
350
330
1B
100
AcDbEntity
  8
B.Cu
  6
CONTINUOUS
100
AcDbLine
 10
32.5225149999999985
 20
-27.2234079999999992
 30
0
 11
32.3921169999999989
 21
-27.3105370000000001
 31
0
  0
LINE
  5
351
330
1B
100
AcDbEntity
  8
B.Cu
  6
CONTINUOUS
100
AcDbLine
 10
32.3921169999999989
 20
-27.3105370000000001
 30
0
 11
32.2472279999999998
 21
-27.370552
 31
0
  0
LINE
  5
352
330
1B
100
AcDbEntity
  8
B.Cu
  6
CONTINUOUS
100
AcDbLine
 10
32.2472279999999998
 20
-27.370552
 30
0
 11
32.0934139999999957
 21
-27.4011479999999992
 31
0
  0
LINE
  5
353
330
1B
100
AcDbEntity
  8
B.Cu
  6
CONTINUOUS
100
AcDbLine
 10
32.0934139999999957
 20
-27.4011479999999992
 30
0
 11
32.0150000000000006
 21
-27.4049999999999976
 31
0
  0
LINE
  5
354
330
1B
100
AcDbEntity
  8
B.Cu
  6
CONTINUOUS
100
AcDbLine
 10
32.0150000000000006
 20
-27.4049999999999976
 30
0
 11
31.2149999999999999
 21
-27.4049999999999976
 31
0
  0
LINE
  5
355
330
1B
100
AcDbEntity
  8
B.Cu
  6
CONTINUOUS
100
AcDbLine
 10
31.2149999999999999
 20
-27.4049999999999976
 30
0
 11
31.1365859999999977
 21
-27.4011479999999992
 31
0
  0
LINE
  5
356
330
1B
100
AcDbEntity
  8
B.Cu
  6
CONTINUOUS
100
AcDbLine
 10
31.1365859999999977
 20
-27.4011479999999992
 30
0
 11
30.9827719999999971
 21
-27.370552
 31
0
  0
LINE
  5
357
330
1B
100
AcDbEntity
  8
B.Cu
  6
CONTINUOUS
100
AcDbLine
 10
30.9827719999999971
 20
-27.370552
 30
0
 11
30.8378829999999979
 21
-27.3105370000000001
 31
0
  0
LINE
  5
358
330
1B
100
AcDbEntity
  8
B.Cu
  6
CONTINUOUS
100
AcDbLine
 10
30.8378829999999979
 20
-27.3105370000000001
 30
0
 11
30.7074849999999984
 21
-27.2234079999999992
 31
0
  0
LINE
  5
359
330
1B
100
AcDbEntity
  8
B.Cu
  6
CONTINUOUS
100
AcDbLine
 10
30.7074849999999984
 20
-27.2234079999999992
 30
0
 11
30.5965919999999976
 21
-27.1125149999999984
 31
0
  0
LINE
  5
35A
330
1B
100
AcDbEntity
  8
B.Cu
  6
CONTINUOUS
100
AcDbLine
 10
30.5965919999999976
 20
-27.1125149999999984
 30
0
 11
30.5094630000000002
 21
-26.9821169999999988
 31
0
  0
LINE
  5
35B
330
1B
100
AcDbEntity
  8
B.Cu
  6
CONTINUOUS
100
AcDbLine
 10
30.5094630000000002
 20
-26.9821169999999988
 30
0
 11
30.4494480000000003
 21
-26.8372279999999996
 31
0
  0
LINE
  5
35C
330
1B
100
AcDbEntity
  8
B.Cu
  6
CONTINUOUS
100
AcDbLine
 10
30.4494480000000003
 20
-26.8372279999999996
 30
0
 11
30.4188519999999976
 21
-26.6834139999999991
 31
0
  0
LINE
  5
35D
330
1B
100
AcDbEntity
  8
B.Cu
  6
CONTINUOUS
100
AcDbLine
 10
30.4188519999999976
 20
-26.6834139999999991
 30
0
 11
30.4188519999999976
 21
-26.5265859999999982
 31
0
  0
LINE
  5
35E
330
1B
100
AcDbEntity
  8
B.Cu
  6
CONTINUOUS
100
AcDbLine
 10
30.4188519999999976
 20
-26.5265859999999982
 30
0
 11
30.4494480000000003
 21
-26.3727719999999977
 31
0
  0
LINE
  5
35F
330
1B
100
AcDbEntity
  8
B.Cu
  6
CONTINUOUS
100
AcDbLine
 10
30.4494480000000003
 20
-26.3727719999999977
 30
0
 11
30.5094630000000002
 21
-26.2278829999999985
 31
0
  0
LINE
  5
360
330
1B
100
AcDbEntity
  8
B.Cu
  6
CONTINUOUS
100
AcDbLine
 10
30.5094630000000002
 20
-26.2278829999999985
 30
0
 11
30.5965919999999976
 21
-26.0974849999999989
 31
0
  0
LINE
  5
361
330
1B
100
AcDbEntity
  8
B.Cu
  6
CONTINUOUS
100
AcDbLine
 10
30.5965919999999976
 20
-26.0974849999999989
 30
0
 11
30.7074849999999984
 21
-25.9865919999999981
 31
0
  0
LINE
  5
362
330
1B
100
AcDbEntity
  8
B.Cu
  6
CONTINUOUS
100
AcDbLine
 10
30.7074849999999984
 20
-25.9865919999999981
 30
0
 11
30.8378829999999979
 21
-25.8994629999999972
 31
0
  0
LINE
  5
363
330
1B
100
AcDbEntity
  8
B.Cu
  6
CONTINUOUS
100
AcDbLine
 10
30.8378829999999979
 20
-25.8994629999999972
 30
0
 11
30.9827719999999971
 21
-25.8394479999999973
 31
0
  0
LINE
  5
364
330
1B
100
AcDbEntity
  8
B.Cu
  6
CONTINUOUS
100
AcDbLine
 10
30.9827719999999971
 20
-25.8394479999999973
 30
0
 11
31.1365859999999977
 21
-25.8088519999999981
 31
0
  0
LINE
  5
365
330
1B
100
AcDbEntity
  8
B.Cu
  6
CONTINUOUS
100
AcDbLine
 10
31.1365859999999977
 20
-25.8088519999999981
 30
0
 11
31.2149999999999999
 21
-25.8049999999999997
 31
0
  0
LINE
  5
366
330
1B
100
AcDbEntity
  8
B.Cu
  6
CONTINUOUS
100
AcDbLine
 10
31.2149999999999999
 20
-25.8049999999999997
 30
0
 11
32.0150000000000006
 21
-25.8049999999999997
 31
0
  0
LINE
  5
367
330
1B
100
AcDbEntity
  8
B.Cu
  6
CONTINUOUS
100
AcDbLine
 10
32.0150000000000006
 20
-25.8049999999999997
 30
0
 11
32.0934139999999957
 21
-25.8088519999999981
 31
0
  0
LINE
  5
368
330
1B
100
AcDbEntity
  8
B.Cu
  6
CONTINUOUS
100
AcDbLine
 10
52.1972279999999955
 20
-38.2044479999999993
 30
0
 11
52.3421169999999947
 21
-38.2644629999999992
 31
0
  0
LINE
  5
369
330
1B
100
AcDbEntity
  8
B.Cu
  6
CONTINUOUS
100
AcDbLine
 10
52.3421169999999947
 20
-38.2644629999999992
 30
0
 11
52.4725149999999942
 21
-38.3515919999999966
 31
0
  0
LINE
  5
36A
330
1B
100
AcDbEntity
  8
B.Cu
  6
CONTINUOUS
100
AcDbLine
 10
52.4725149999999942
 20
-38.3515919999999966
 30
0
 11
52.5834079999999986
 21
-38.4624850000000009
 31
0
  0
LINE
  5
36B
330
1B
100
AcDbEntity
  8
B.Cu
  6
CONTINUOUS
100
AcDbLine
 10
52.5834079999999986
 20
-38.4624850000000009
 30
0
 11
52.6705369999999959
 21
-38.5928830000000005
 31
0
  0
LINE
  5
36C
330
1B
100
AcDbEntity
  8
B.Cu
  6
CONTINUOUS
100
AcDbLine
 10
52.6705369999999959
 20
-38.5928830000000005
 30
0
 11
52.7305519999999959
 21
-38.7377719999999997
 31
0
  0
LINE
  5
36D
330
1B
100
AcDbEntity
  8
B.Cu
  6
CONTINUOUS
100
AcDbLine
 10
52.7305519999999959
 20
-38.7377719999999997
 30
0
 11
52.7611479999999986
 21
-38.8915859999999967
 31
0
  0
LINE
  5
36E
330
1B
100
AcDbEntity
  8
B.Cu
  6
CONTINUOUS
100
AcDbLine
 10
52.7611479999999986
 20
-38.8915859999999967
 30
0
 11
52.7650000000000006
 21
-38.9699999999999989
 31
0
  0
LINE
  5
36F
330
1B
100
AcDbEntity
  8
B.Cu
  6
CONTINUOUS
100
AcDbLine
 10
52.7650000000000006
 20
-38.9699999999999989
 30
0
 11
52.7650000000000006
 21
-39.769999999999996
 31
0
  0
LINE
  5
370
330
1B
100
AcDbEntity
  8
B.Cu
  6
CONTINUOUS
100
AcDbLine
 10
52.7650000000000006
 20
-39.769999999999996
 30
0
 11
52.7611479999999986
 21
-39.8484139999999982
 31
0
  0
LINE
  5
371
330
1B
100
AcDbEntity
  8
B.Cu
  6
CONTINUOUS
100
AcDbLine
 10
52.7611479999999986
 20
-39.8484139999999982
 30
0
 11
52.7305519999999959
 21
-40.0022279999999952
 31
0
  0
LINE
  5
372
330
1B
100
AcDbEntity
  8
B.Cu
  6
CONTINUOUS
100
AcDbLine
 10
52.7305519999999959
 20
-40.0022279999999952
 30
0
 11
52.6705369999999959
 21
-40.1471170000000015
 31
0
  0
LINE
  5
373
330
1B
100
AcDbEntity
  8
B.Cu
  6
CONTINUOUS
100
AcDbLine
 10
52.6705369999999959
 20
-40.1471170000000015
 30
0
 11
52.5834079999999986
 21
-40.2775150000000011
 31
0
  0
LINE
  5
374
330
1B
100
AcDbEntity
  8
B.Cu
  6
CONTINUOUS
100
AcDbLine
 10
52.5834079999999986
 20
-40.2775150000000011
 30
0
 11
52.4725149999999942
 21
-40.3884079999999983
 31
0
  0
LINE
  5
375
330
1B
100
AcDbEntity
  8
B.Cu
  6
CONTINUOUS
100
AcDbLine
 10
52.4725149999999942
 20
-40.3884079999999983
 30
0
 11
52.3421169999999947
 21
-40.4755369999999957
 31
0
  0
LINE
  5
376
330
1B
100
AcDbEntity
  8
B.Cu
  6
CONTINUOUS
100
AcDbLine
 10
52.3421169999999947
 20
-40.4755369999999957
 30
0
 11
52.1972279999999955
 21
-40.5355519999999956
 31
0
  0
LINE
  5
377
330
1B
100
AcDbEntity
  8
B.Cu
  6
CONTINUOUS
100
AcDbLine
 10
52.1972279999999955
 20
-40.5355519999999956
 30
0
 11
52.0434139999999985
 21
-40.5661479999999983
 31
0
  0
LINE
  5
378
330
1B
100
AcDbEntity
  8
B.Cu
  6
CONTINUOUS
100
AcDbLine
 10
52.0434139999999985
 20
-40.5661479999999983
 30
0
 11
51.8865859999999941
 21
-40.5661479999999983
 31
0
  0
LINE
  5
379
330
1B
100
AcDbEntity
  8
B.Cu
  6
CONTINUOUS
100
AcDbLine
 10
51.8865859999999941
 20
-40.5661479999999983
 30
0
 11
51.7327719999999971
 21
-40.5355519999999956
 31
0
  0
LINE
  5
37A
330
1B
100
AcDbEntity
  8
B.Cu
  6
CONTINUOUS
100
AcDbLine
 10
51.7327719999999971
 20
-40.5355519999999956
 30
0
 11
51.5878829999999979
 21
-40.4755369999999957
 31
0
  0
LINE
  5
37B
330
1B
100
AcDbEntity
  8
B.Cu
  6
CONTINUOUS
100
AcDbLine
 10
51.5878829999999979
 20
-40.4755369999999957
 30
0
 11
51.4574849999999984
 21
-40.3884079999999983
 31
0
  0
LINE
  5
37C
330
1B
100
AcDbEntity
  8
B.Cu
  6
CONTINUOUS
100
AcDbLine
 10
51.4574849999999984
 20
-40.3884079999999983
 30
0
 11
51.3465920000000011
 21
-40.2775150000000011
 31
0
  0
LINE
  5
37D
330
1B
100
AcDbEntity
  8
B.Cu
  6
CONTINUOUS
100
AcDbLine
 10
51.3465920000000011
 20
-40.2775150000000011
 30
0
 11
51.2594629999999967
 21
-40.1471170000000015
 31
0
  0
LINE
  5
37E
330
1B
100
AcDbEntity
  8
B.Cu
  6
CONTINUOUS
100
AcDbLine
 10
51.2594629999999967
 20
-40.1471170000000015
 30
0
 11
51.1994479999999967
 21
-40.0022279999999952
 31
0
  0
LINE
  5
37F
330
1B
100
AcDbEntity
  8
B.Cu
  6
CONTINUOUS
100
AcDbLine
 10
51.1994479999999967
 20
-40.0022279999999952
 30
0
 11
51.1688520000000011
 21
-39.8484139999999982
 31
0
  0
LINE
  5
380
330
1B
100
AcDbEntity
  8
B.Cu
  6
CONTINUOUS
100
AcDbLine
 10
51.1688520000000011
 20
-39.8484139999999982
 30
0
 11
51.1649999999999991
 21
-39.769999999999996
 31
0
  0
LINE
  5
381
330
1B
100
AcDbEntity
  8
B.Cu
  6
CONTINUOUS
100
AcDbLine
 10
51.1649999999999991
 20
-39.769999999999996
 30
0
 11
51.1649999999999991
 21
-38.9699999999999989
 31
0
  0
LINE
  5
382
330
1B
100
AcDbEntity
  8
B.Cu
  6
CONTINUOUS
100
AcDbLine
 10
51.1649999999999991
 20
-38.9699999999999989
 30
0
 11
51.1688520000000011
 21
-38.8915859999999967
 31
0
  0
LINE
  5
383
330
1B
100
AcDbEntity
  8
B.Cu
  6
CONTINUOUS
100
AcDbLine
 10
51.1688520000000011
 20
-38.8915859999999967
 30
0
 11
51.1994479999999967
 21
-38.7377719999999997
 31
0
  0
LINE
  5
384
330
1B
100
AcDbEntity
  8
B.Cu
  6
CONTINUOUS
100
AcDbLine
 10
51.1994479999999967
 20
-38.7377719999999997
 30
0
 11
51.2594629999999967
 21
-38.5928830000000005
 31
0
  0
LINE
  5
385
330
1B
100
AcDbEntity
  8
B.Cu
  6
CONTINUOUS
100
AcDbLine
 10
51.2594629999999967
 20
-38.5928830000000005
 30
0
 11
51.3465920000000011
 21
-38.4624850000000009
 31
0
  0
LINE
  5
386
330
1B
100
AcDbEntity
  8
B.Cu
  6
CONTINUOUS
100
AcDbLine
 10
51.3465920000000011
 20
-38.4624850000000009
 30
0
 11
51.4574849999999984
 21
-38.3515919999999966
 31
0
  0
LINE
  5
387
330
1B
100
AcDbEntity
  8
B.Cu
  6
CONTINUOUS
100
AcDbLine
 10
51.4574849999999984
 20
-38.3515919999999966
 30
0
 11
51.5878829999999979
 21
-38.2644629999999992
 31
0
  0
LINE
  5
388
330
1B
100
AcDbEntity
  8
B.Cu
  6
CONTINUOUS
100
AcDbLine
 10
51.5878829999999979
 20
-38.2644629999999992
 30
0
 11
51.7327719999999971
 21
-38.2044479999999993
 31
0
  0
LINE
  5
389
330
1B
100
AcDbEntity
  8
B.Cu
  6
CONTINUOUS
100
AcDbLine
 10
51.7327719999999971
 20
-38.2044479999999993
 30
0
 11
51.8865859999999941
 21
-38.1738519999999966
 31
0
  0
LINE
  5
38A
330
1B
100
AcDbEntity
  8
B.Cu
  6
CONTINUOUS
100
AcDbLine
 10
51.8865859999999941
 20
-38.1738519999999966
 30
0
 11
52.0434139999999985
 21
-38.1738519999999966
 31
0
  0
LINE
  5
38B
330
1B
100
AcDbEntity
  8
B.Cu
  6
CONTINUOUS
100
AcDbLine
 10
52.0434139999999985
 20
-38.1738519999999966
 30
0
 11
52.1972279999999955
 21
-38.2044479999999993
 31
0
  0
LINE
  5
38C
330
1B
100
AcDbEntity
  8
B.Cu
  6
CONTINUOUS
100
AcDbLine
 10
49.6572279999999964
 20
-30.5844479999999983
 30
0
 11
49.8021169999999955
 21
-30.6444629999999982
 31
0
  0
LINE
  5
38D
330
1B
100
AcDbEntity
  8
B.Cu
  6
CONTINUOUS
100
AcDbLine
 10
49.8021169999999955
 20
-30.6444629999999982
 30
0
 11
49.9325149999999951
 21
-30.7315919999999991
 31
0
  0
LINE
  5
38E
330
1B
100
AcDbEntity
  8
B.Cu
  6
CONTINUOUS
100
AcDbLine
 10
49.9325149999999951
 20
-30.7315919999999991
 30
0
 11
50.0434079999999994
 21
-30.8424849999999999
 31
0
  0
LINE
  5
38F
330
1B
100
AcDbEntity
  8
B.Cu
  6
CONTINUOUS
100
AcDbLine
 10
50.0434079999999994
 20
-30.8424849999999999
 30
0
 11
50.1305369999999968
 21
-30.9728829999999995
 31
0
  0
LINE
  5
390
330
1B
100
AcDbEntity
  8
B.Cu
  6
CONTINUOUS
100
AcDbLine
 10
50.1305369999999968
 20
-30.9728829999999995
 30
0
 11
50.1905519999999967
 21
-31.1177719999999987
 31
0
  0
LINE
  5
391
330
1B
100
AcDbEntity
  8
B.Cu
  6
CONTINUOUS
100
AcDbLine
 10
50.1905519999999967
 20
-31.1177719999999987
 30
0
 11
50.2211479999999995
 21
-31.2715859999999992
 31
0
  0
LINE
  5
392
330
1B
100
AcDbEntity
  8
B.Cu
  6
CONTINUOUS
100
AcDbLine
 10
50.2211479999999995
 20
-31.2715859999999992
 30
0
 11
50.2249999999999943
 21
-31.3499999999999979
 31
0
  0
LINE
  5
393
330
1B
100
AcDbEntity
  8
B.Cu
  6
CONTINUOUS
100
AcDbLine
 10
50.2249999999999943
 20
-31.3499999999999979
 30
0
 11
50.2249999999999943
 21
-32.1499999999999986
 31
0
  0
LINE
  5
394
330
1B
100
AcDbEntity
  8
B.Cu
  6
CONTINUOUS
100
AcDbLine
 10
50.2249999999999943
 20
-32.1499999999999986
 30
0
 11
50.2211479999999995
 21
-32.2284140000000008
 31
0
  0
LINE
  5
395
330
1B
100
AcDbEntity
  8
B.Cu
  6
CONTINUOUS
100
AcDbLine
 10
50.2211479999999995
 20
-32.2284140000000008
 30
0
 11
50.1905519999999967
 21
-32.3822279999999978
 31
0
  0
LINE
  5
396
330
1B
100
AcDbEntity
  8
B.Cu
  6
CONTINUOUS
100
AcDbLine
 10
50.1905519999999967
 20
-32.3822279999999978
 30
0
 11
50.1305369999999968
 21
-32.5271169999999969
 31
0
  0
LINE
  5
397
330
1B
100
AcDbEntity
  8
B.Cu
  6
CONTINUOUS
100
AcDbLine
 10
50.1305369999999968
 20
-32.5271169999999969
 30
0
 11
50.0434079999999994
 21
-32.6575149999999965
 31
0
  0
LINE
  5
398
330
1B
100
AcDbEntity
  8
B.Cu
  6
CONTINUOUS
100
AcDbLine
 10
50.0434079999999994
 20
-32.6575149999999965
 30
0
 11
49.9325149999999951
 21
-32.7684080000000009
 31
0
  0
LINE
  5
399
330
1B
100
AcDbEntity
  8
B.Cu
  6
CONTINUOUS
100
AcDbLine
 10
49.9325149999999951
 20
-32.7684080000000009
 30
0
 11
49.8021169999999955
 21
-32.8555369999999982
 31
0
  0
LINE
  5
39A
330
1B
100
AcDbEntity
  8
B.Cu
  6
CONTINUOUS
100
AcDbLine
 10
49.8021169999999955
 20
-32.8555369999999982
 30
0
 11
49.6572279999999964
 21
-32.9155519999999981
 31
0
  0
LINE
  5
39B
330
1B
100
AcDbEntity
  8
B.Cu
  6
CONTINUOUS
100
AcDbLine
 10
49.6572279999999964
 20
-32.9155519999999981
 30
0
 11
49.5034139999999994
 21
-32.9461480000000009
 31
0
  0
LINE
  5
39C
330
1B
100
AcDbEntity
  8
B.Cu
  6
CONTINUOUS
100
AcDbLine
 10
49.5034139999999994
 20
-32.9461480000000009
 30
0
 11
49.346585999999995
 21
-32.9461480000000009
 31
0
  0
LINE
  5
39D
330
1B
100
AcDbEntity
  8
B.Cu
  6
CONTINUOUS
100
AcDbLine
 10
49.346585999999995
 20
-32.9461480000000009
 30
0
 11
49.1927719999999979
 21
-32.9155519999999981
 31
0
  0
LINE
  5
39E
330
1B
100
AcDbEntity
  8
B.Cu
  6
CONTINUOUS
100
AcDbLine
 10
49.1927719999999979
 20
-32.9155519999999981
 30
0
 11
49.0478829999999988
 21
-32.8555369999999982
 31
0
  0
LINE
  5
39F
330
1B
100
AcDbEntity
  8
B.Cu
  6
CONTINUOUS
100
AcDbLine
 10
49.0478829999999988
 20
-32.8555369999999982
 30
0
 11
48.9174849999999992
 21
-32.7684080000000009
 31
0
  0
LINE
  5
3A0
330
1B
100
AcDbEntity
  8
B.Cu
  6
CONTINUOUS
100
AcDbLine
 10
48.9174849999999992
 20
-32.7684080000000009
 30
0
 11
48.8065919999999949
 21
-32.6575149999999965
 31
0
  0
LINE
  5
3A1
330
1B
100
AcDbEntity
  8
B.Cu
  6
CONTINUOUS
100
AcDbLine
 10
48.8065919999999949
 20
-32.6575149999999965
 30
0
 11
48.7194629999999975
 21
-32.5271169999999969
 31
0
  0
LINE
  5
3A2
330
1B
100
AcDbEntity
  8
B.Cu
  6
CONTINUOUS
100
AcDbLine
 10
48.7194629999999975
 20
-32.5271169999999969
 30
0
 11
48.6594479999999976
 21
-32.3822279999999978
 31
0
  0
LINE
  5
3A3
330
1B
100
AcDbEntity
  8
B.Cu
  6
CONTINUOUS
100
AcDbLine
 10
48.6594479999999976
 20
-32.3822279999999978
 30
0
 11
48.6288519999999949
 21
-32.2284140000000008
 31
0
  0
LINE
  5
3A4
330
1B
100
AcDbEntity
  8
B.Cu
  6
CONTINUOUS
100
AcDbLine
 10
48.6288519999999949
 20
-32.2284140000000008
 30
0
 11
48.625
 21
-32.1499999999999986
 31
0
  0
LINE
  5
3A5
330
1B
100
AcDbEntity
  8
B.Cu
  6
CONTINUOUS
100
AcDbLine
 10
48.625
 20
-32.1499999999999986
 30
0
 11
48.625
 21
-31.3499999999999979
 31
0
  0
LINE
  5
3A6
330
1B
100
AcDbEntity
  8
B.Cu
  6
CONTINUOUS
100
AcDbLine
 10
48.625
 20
-31.3499999999999979
 30
0
 11
48.6288519999999949
 21
-31.2715859999999992
 31
0
  0
LINE
  5
3A7
330
1B
100
AcDbEntity
  8
B.Cu
  6
CONTINUOUS
100
AcDbLine
 10
48.6288519999999949
 20
-31.2715859999999992
 30
0
 11
48.6594479999999976
 21
-31.1177719999999987
 31
0
  0
LINE
  5
3A8
330
1B
100
AcDbEntity
  8
B.Cu
  6
CONTINUOUS
100
AcDbLine
 10
48.6594479999999976
 20
-31.1177719999999987
 30
0
 11
48.7194629999999975
 21
-30.9728829999999995
 31
0
  0
LINE
  5
3A9
330
1B
100
AcDbEntity
  8
B.Cu
  6
CONTINUOUS
100
AcDbLine
 10
48.7194629999999975
 20
-30.9728829999999995
 30
0
 11
48.8065919999999949
 21
-30.8424849999999999
 31
0
  0
LINE
  5
3AA
330
1B
100
AcDbEntity
  8
B.Cu
  6
CONTINUOUS
100
AcDbLine
 10
48.8065919999999949
 20
-30.8424849999999999
 30
0
 11
48.9174849999999992
 21
-30.7315919999999991
 31
0
  0
LINE
  5
3AB
330
1B
100
AcDbEntity
  8
B.Cu
  6
CONTINUOUS
100
AcDbLine
 10
48.9174849999999992
 20
-30.7315919999999991
 30
0
 11
49.0478829999999988
 21
-30.6444629999999982
 31
0
  0
LINE
  5
3AC
330
1B
100
AcDbEntity
  8
B.Cu
  6
CONTINUOUS
100
AcDbLine
 10
49.0478829999999988
 20
-30.6444629999999982
 30
0
 11
49.1927719999999979
 21
-30.5844479999999983
 31
0
  0
LINE
  5
3AD
330
1B
100
AcDbEntity
  8
B.Cu
  6
CONTINUOUS
100
AcDbLine
 10
49.1927719999999979
 20
-30.5844479999999983
 30
0
 11
49.346585999999995
 21
-30.5538519999999991
 31
0
  0
LINE
  5
3AE
330
1B
100
AcDbEntity
  8
B.Cu
  6
CONTINUOUS
100
AcDbLine
 10
49.346585999999995
 20
-30.5538519999999991
 30
0
 11
49.5034139999999994
 21
-30.5538519999999991
 31
0
  0
LINE
  5
3AF
330
1B
100
AcDbEntity
  8
B.Cu
  6
CONTINUOUS
100
AcDbLine
 10
49.5034139999999994
 20
-30.5538519999999991
 30
0
 11
49.6572279999999964
 21
-30.5844479999999983
 31
0
  0
LINE
  5
3B0
330
1B
100
AcDbEntity
  8
B.Cu
  6
CONTINUOUS
100
AcDbLine
 10
54.7372279999999947
 20
-30.5844479999999983
 30
0
 11
54.8821170000000009
 21
-30.6444629999999982
 31
0
  0
LINE
  5
3B1
330
1B
100
AcDbEntity
  8
B.Cu
  6
CONTINUOUS
100
AcDbLine
 10
54.8821170000000009
 20
-30.6444629999999982
 30
0
 11
55.0125150000000005
 21
-30.7315919999999991
 31
0
  0
LINE
  5
3B2
330
1B
100
AcDbEntity
  8
B.Cu
  6
CONTINUOUS
100
AcDbLine
 10
55.0125150000000005
 20
-30.7315919999999991
 30
0
 11
55.1234079999999977
 21
-30.8424849999999999
 31
0
  0
LINE
  5
3B3
330
1B
100
AcDbEntity
  8
B.Cu
  6
CONTINUOUS
100
AcDbLine
 10
55.1234079999999977
 20
-30.8424849999999999
 30
0
 11
55.2105369999999951
 21
-30.9728829999999995
 31
0
  0
LINE
  5
3B4
330
1B
100
AcDbEntity
  8
B.Cu
  6
CONTINUOUS
100
AcDbLine
 10
55.2105369999999951
 20
-30.9728829999999995
 30
0
 11
55.270551999999995
 21
-31.1177719999999987
 31
0
  0
LINE
  5
3B5
330
1B
100
AcDbEntity
  8
B.Cu
  6
CONTINUOUS
100
AcDbLine
 10
55.270551999999995
 20
-31.1177719999999987
 30
0
 11
55.3011479999999978
 21
-31.2715859999999992
 31
0
  0
LINE
  5
3B6
330
1B
100
AcDbEntity
  8
B.Cu
  6
CONTINUOUS
100
AcDbLine
 10
55.3011479999999978
 20
-31.2715859999999992
 30
0
 11
55.3049999999999997
 21
-31.3499999999999979
 31
0
  0
LINE
  5
3B7
330
1B
100
AcDbEntity
  8
B.Cu
  6
CONTINUOUS
100
AcDbLine
 10
55.3049999999999997
 20
-31.3499999999999979
 30
0
 11
55.3049999999999997
 21
-32.1499999999999986
 31
0
  0
LINE
  5
3B8
330
1B
100
AcDbEntity
  8
B.Cu
  6
CONTINUOUS
100
AcDbLine
 10
55.3049999999999997
 20
-32.1499999999999986
 30
0
 11
55.3011479999999978
 21
-32.2284140000000008
 31
0
  0
LINE
  5
3B9
330
1B
100
AcDbEntity
  8
B.Cu
  6
CONTINUOUS
100
AcDbLine
 10
55.3011479999999978
 20
-32.2284140000000008
 30
0
 11
55.270551999999995
 21
-32.3822279999999978
 31
0
  0
LINE
  5
3BA
330
1B
100
AcDbEntity
  8
B.Cu
  6
CONTINUOUS
100
AcDbLine
 10
55.270551999999995
 20
-32.3822279999999978
 30
0
 11
55.2105369999999951
 21
-32.5271169999999969
 31
0
  0
LINE
  5
3BB
330
1B
100
AcDbEntity
  8
B.Cu
  6
CONTINUOUS
100
AcDbLine
 10
55.2105369999999951
 20
-32.5271169999999969
 30
0
 11
55.1234079999999977
 21
-32.6575149999999965
 31
0
  0
LINE
  5
3BC
330
1B
100
AcDbEntity
  8
B.Cu
  6
CONTINUOUS
100
AcDbLine
 10
55.1234079999999977
 20
-32.6575149999999965
 30
0
 11
55.0125150000000005
 21
-32.7684080000000009
 31
0
  0
LINE
  5
3BD
330
1B
100
AcDbEntity
  8
B.Cu
  6
CONTINUOUS
100
AcDbLine
 10
55.0125150000000005
 20
-32.7684080000000009
 30
0
 11
54.8821170000000009
 21
-32.8555369999999982
 31
0
  0
LINE
  5
3BE
330
1B
100
AcDbEntity
  8
B.Cu
  6
CONTINUOUS
100
AcDbLine
 10
54.8821170000000009
 20
-32.8555369999999982
 30
0
 11
54.7372279999999947
 21
-32.9155519999999981
 31
0
  0
LINE
  5
3BF
330
1B
100
AcDbEntity
  8
B.Cu
  6
CONTINUOUS
100
AcDbLine
 10
54.7372279999999947
 20
-32.9155519999999981
 30
0
 11
54.5834139999999977
 21
-32.9461480000000009
 31
0
  0
LINE
  5
3C0
330
1B
100
AcDbEntity
  8
B.Cu
  6
CONTINUOUS
100
AcDbLine
 10
54.5834139999999977
 20
-32.9461480000000009
 30
0
 11
54.4265860000000004
 21
-32.9461480000000009
 31
0
  0
LINE
  5
3C1
330
1B
100
AcDbEntity
  8
B.Cu
  6
CONTINUOUS
100
AcDbLine
 10
54.4265860000000004
 20
-32.9461480000000009
 30
0
 11
54.2727719999999962
 21
-32.9155519999999981
 31
0
  0
LINE
  5
3C2
330
1B
100
AcDbEntity
  8
B.Cu
  6
CONTINUOUS
100
AcDbLine
 10
54.2727719999999962
 20
-32.9155519999999981
 30
0
 11
54.1278829999999971
 21
-32.8555369999999982
 31
0
  0
LINE
  5
3C3
330
1B
100
AcDbEntity
  8
B.Cu
  6
CONTINUOUS
100
AcDbLine
 10
54.1278829999999971
 20
-32.8555369999999982
 30
0
 11
53.9974849999999975
 21
-32.7684080000000009
 31
0
  0
LINE
  5
3C4
330
1B
100
AcDbEntity
  8
B.Cu
  6
CONTINUOUS
100
AcDbLine
 10
53.9974849999999975
 20
-32.7684080000000009
 30
0
 11
53.8865920000000003
 21
-32.6575149999999965
 31
0
  0
LINE
  5
3C5
330
1B
100
AcDbEntity
  8
B.Cu
  6
CONTINUOUS
100
AcDbLine
 10
53.8865920000000003
 20
-32.6575149999999965
 30
0
 11
53.7994629999999958
 21
-32.5271169999999969
 31
0
  0
LINE
  5
3C6
330
1B
100
AcDbEntity
  8
B.Cu
  6
CONTINUOUS
100
AcDbLine
 10
53.7994629999999958
 20
-32.5271169999999969
 30
0
 11
53.7394479999999959
 21
-32.3822279999999978
 31
0
  0
LINE
  5
3C7
330
1B
100
AcDbEntity
  8
B.Cu
  6
CONTINUOUS
100
AcDbLine
 10
53.7394479999999959
 20
-32.3822279999999978
 30
0
 11
53.7088520000000003
 21
-32.2284140000000008
 31
0
  0
LINE
  5
3C8
330
1B
100
AcDbEntity
  8
B.Cu
  6
CONTINUOUS
100
AcDbLine
 10
53.7088520000000003
 20
-32.2284140000000008
 30
0
 11
53.7049999999999983
 21
-32.1499999999999986
 31
0
  0
LINE
  5
3C9
330
1B
100
AcDbEntity
  8
B.Cu
  6
CONTINUOUS
100
AcDbLine
 10
53.7049999999999983
 20
-32.1499999999999986
 30
0
 11
53.7049999999999983
 21
-31.3499999999999979
 31
0
  0
LINE
  5
3CA
330
1B
100
AcDbEntity
  8
B.Cu
  6
CONTINUOUS
100
AcDbLine
 10
53.7049999999999983
 20
-31.3499999999999979
 30
0
 11
53.7088520000000003
 21
-31.2715859999999992
 31
0
  0
LINE
  5
3CB
330
1B
100
AcDbEntity
  8
B.Cu
  6
CONTINUOUS
100
AcDbLine
 10
53.7088520000000003
 20
-31.2715859999999992
 30
0
 11
53.7394479999999959
 21
-31.1177719999999987
 31
0
  0
LINE
  5
3CC
330
1B
100
AcDbEntity
  8
B.Cu
  6
CONTINUOUS
100
AcDbLine
 10
53.7394479999999959
 20
-31.1177719999999987
 30
0
 11
53.7994629999999958
 21
-30.9728829999999995
 31
0
  0
LINE
  5
3CD
330
1B
100
AcDbEntity
  8
B.Cu
  6
CONTINUOUS
100
AcDbLine
 10
53.7994629999999958
 20
-30.9728829999999995
 30
0
 11
53.8865920000000003
 21
-30.8424849999999999
 31
0
  0
LINE
  5
3CE
330
1B
100
AcDbEntity
  8
B.Cu
  6
CONTINUOUS
100
AcDbLine
 10
53.8865920000000003
 20
-30.8424849999999999
 30
0
 11
53.9974849999999975
 21
-30.7315919999999991
 31
0
  0
LINE
  5
3CF
330
1B
100
AcDbEntity
  8
B.Cu
  6
CONTINUOUS
100
AcDbLine
 10
53.9974849999999975
 20
-30.7315919999999991
 30
0
 11
54.1278829999999971
 21
-30.6444629999999982
 31
0
  0
LINE
  5
3D0
330
1B
100
AcDbEntity
  8
B.Cu
  6
CONTINUOUS
100
AcDbLine
 10
54.1278829999999971
 20
-30.6444629999999982
 30
0
 11
54.2727719999999962
 21
-30.5844479999999983
 31
0
  0
LINE
  5
3D1
330
1B
100
AcDbEntity
  8
B.Cu
  6
CONTINUOUS
100
AcDbLine
 10
54.2727719999999962
 20
-30.5844479999999983
 30
0
 11
54.4265860000000004
 21
-30.5538519999999991
 31
0
  0
LINE
  5
3D2
330
1B
100
AcDbEntity
  8
B.Cu
  6
CONTINUOUS
100
AcDbLine
 10
54.4265860000000004
 20
-30.5538519999999991
 30
0
 11
54.5834139999999977
 21
-30.5538519999999991
 31
0
  0
LINE
  5
3D3
330
1B
100
AcDbEntity
  8
B.Cu
  6
CONTINUOUS
100
AcDbLine
 10
54.5834139999999977
 20
-30.5538519999999991
 30
0
 11
54.7372279999999947
 21
-30.5844479999999983
 31
0
  0
LINE
  5
3D4
330
1B
100
AcDbEntity
  8
B.Cu
  6
CONTINUOUS
100
AcDbLine
 10
24.4734139999999982
 20
-28.3488519999999973
 30
0
 11
24.6272279999999988
 21
-28.379448
 31
0
  0
LINE
  5
3D5
330
1B
100
AcDbEntity
  8
B.Cu
  6
CONTINUOUS
100
AcDbLine
 10
24.6272279999999988
 20
-28.379448
 30
0
 11
24.7721169999999979
 21
-28.4394629999999999
 31
0
  0
LINE
  5
3D6
330
1B
100
AcDbEntity
  8
B.Cu
  6
CONTINUOUS
100
AcDbLine
 10
24.7721169999999979
 20
-28.4394629999999999
 30
0
 11
24.9025149999999975
 21
-28.5265919999999973
 31
0
  0
LINE
  5
3D7
330
1B
100
AcDbEntity
  8
B.Cu
  6
CONTINUOUS
100
AcDbLine
 10
24.9025149999999975
 20
-28.5265919999999973
 30
0
 11
25.0134079999999983
 21
-28.6374849999999981
 31
0
  0
LINE
  5
3D8
330
1B
100
AcDbEntity
  8
B.Cu
  6
CONTINUOUS
100
AcDbLine
 10
25.0134079999999983
 20
-28.6374849999999981
 30
0
 11
25.1005369999999992
 21
-28.7678829999999977
 31
0
  0
LINE
  5
3D9
330
1B
100
AcDbEntity
  8
B.Cu
  6
CONTINUOUS
100
AcDbLine
 10
25.1005369999999992
 20
-28.7678829999999977
 30
0
 11
25.1605519999999991
 21
-28.9127720000000004
 31
0
  0
LINE
  5
3DA
330
1B
100
AcDbEntity
  8
B.Cu
  6
CONTINUOUS
100
AcDbLine
 10
25.1605519999999991
 20
-28.9127720000000004
 30
0
 11
25.1911479999999983
 21
-29.0665859999999974
 31
0
  0
LINE
  5
3DB
330
1B
100
AcDbEntity
  8
B.Cu
  6
CONTINUOUS
100
AcDbLine
 10
25.1911479999999983
 20
-29.0665859999999974
 30
0
 11
25.1911479999999983
 21
-29.2234139999999982
 31
0
  0
LINE
  5
3DC
330
1B
100
AcDbEntity
  8
B.Cu
  6
CONTINUOUS
100
AcDbLine
 10
25.1911479999999983
 20
-29.2234139999999982
 30
0
 11
25.1605519999999991
 21
-29.3772279999999988
 31
0
  0
LINE
  5
3DD
330
1B
100
AcDbEntity
  8
B.Cu
  6
CONTINUOUS
100
AcDbLine
 10
25.1605519999999991
 20
-29.3772279999999988
 30
0
 11
25.1005369999999992
 21
-29.5221169999999979
 31
0
  0
LINE
  5
3DE
330
1B
100
AcDbEntity
  8
B.Cu
  6
CONTINUOUS
100
AcDbLine
 10
25.1005369999999992
 20
-29.5221169999999979
 30
0
 11
25.0134079999999983
 21
-29.6525149999999975
 31
0
  0
LINE
  5
3DF
330
1B
100
AcDbEntity
  8
B.Cu
  6
CONTINUOUS
100
AcDbLine
 10
25.0134079999999983
 20
-29.6525149999999975
 30
0
 11
24.9025149999999975
 21
-29.7634079999999983
 31
0
  0
LINE
  5
3E0
330
1B
100
AcDbEntity
  8
B.Cu
  6
CONTINUOUS
100
AcDbLine
 10
24.9025149999999975
 20
-29.7634079999999983
 30
0
 11
24.7721169999999979
 21
-29.8505369999999992
 31
0
  0
LINE
  5
3E1
330
1B
100
AcDbEntity
  8
B.Cu
  6
CONTINUOUS
100
AcDbLine
 10
24.7721169999999979
 20
-29.8505369999999992
 30
0
 11
24.6272279999999988
 21
-29.9105519999999991
 31
0
  0
LINE
  5
3E2
330
1B
100
AcDbEntity
  8
B.Cu
  6
CONTINUOUS
100
AcDbLine
 10
24.6272279999999988
 20
-29.9105519999999991
 30
0
 11
24.4734139999999982
 21
-29.9411479999999983
 31
0
  0
LINE
  5
3E3
330
1B
100
AcDbEntity
  8
B.Cu
  6
CONTINUOUS
100
AcDbLine
 10
24.4734139999999982
 20
-29.9411479999999983
 30
0
 11
24.3949999999999996
 21
-29.9450000000000003
 31
0
  0
LINE
  5
3E4
330
1B
100
AcDbEntity
  8
B.Cu
  6
CONTINUOUS
100
AcDbLine
 10
24.3949999999999996
 20
-29.9450000000000003
 30
0
 11
23.5949999999999989
 21
-29.9450000000000003
 31
0
  0
LINE
  5
3E5
330
1B
100
AcDbEntity
  8
B.Cu
  6
CONTINUOUS
100
AcDbLine
 10
23.5949999999999989
 20
-29.9450000000000003
 30
0
 11
23.5165860000000002
 21
-29.9411479999999983
 31
0
  0
LINE
  5
3E6
330
1B
100
AcDbEntity
  8
B.Cu
  6
CONTINUOUS
100
AcDbLine
 10
23.5165860000000002
 20
-29.9411479999999983
 30
0
 11
23.3627719999999997
 21
-29.9105519999999991
 31
0
  0
LINE
  5
3E7
330
1B
100
AcDbEntity
  8
B.Cu
  6
CONTINUOUS
100
AcDbLine
 10
23.3627719999999997
 20
-29.9105519999999991
 30
0
 11
23.2178830000000005
 21
-29.8505369999999992
 31
0
  0
LINE
  5
3E8
330
1B
100
AcDbEntity
  8
B.Cu
  6
CONTINUOUS
100
AcDbLine
 10
23.2178830000000005
 20
-29.8505369999999992
 30
0
 11
23.0874849999999974
 21
-29.7634079999999983
 31
0
  0
LINE
  5
3E9
330
1B
100
AcDbEntity
  8
B.Cu
  6
CONTINUOUS
100
AcDbLine
 10
23.0874849999999974
 20
-29.7634079999999983
 30
0
 11
22.9765920000000001
 21
-29.6525149999999975
 31
0
  0
LINE
  5
3EA
330
1B
100
AcDbEntity
  8
B.Cu
  6
CONTINUOUS
100
AcDbLine
 10
22.9765920000000001
 20
-29.6525149999999975
 30
0
 11
22.8894629999999992
 21
-29.5221169999999979
 31
0
  0
LINE
  5
3EB
330
1B
100
AcDbEntity
  8
B.Cu
  6
CONTINUOUS
100
AcDbLine
 10
22.8894629999999992
 20
-29.5221169999999979
 30
0
 11
22.8294479999999993
 21
-29.3772279999999988
 31
0
  0
LINE
  5
3EC
330
1B
100
AcDbEntity
  8
B.Cu
  6
CONTINUOUS
100
AcDbLine
 10
22.8294479999999993
 20
-29.3772279999999988
 30
0
 11
22.7988520000000001
 21
-29.2234139999999982
 31
0
  0
LINE
  5
3ED
330
1B
100
AcDbEntity
  8
B.Cu
  6
CONTINUOUS
100
AcDbLine
 10
22.7988520000000001
 20
-29.2234139999999982
 30
0
 11
22.7988520000000001
 21
-29.0665859999999974
 31
0
  0
LINE
  5
3EE
330
1B
100
AcDbEntity
  8
B.Cu
  6
CONTINUOUS
100
AcDbLine
 10
22.7988520000000001
 20
-29.0665859999999974
 30
0
 11
22.8294479999999993
 21
-28.9127720000000004
 31
0
  0
LINE
  5
3EF
330
1B
100
AcDbEntity
  8
B.Cu
  6
CONTINUOUS
100
AcDbLine
 10
22.8294479999999993
 20
-28.9127720000000004
 30
0
 11
22.8894629999999992
 21
-28.7678829999999977
 31
0
  0
LINE
  5
3F0
330
1B
100
AcDbEntity
  8
B.Cu
  6
CONTINUOUS
100
AcDbLine
 10
22.8894629999999992
 20
-28.7678829999999977
 30
0
 11
22.9765920000000001
 21
-28.6374849999999981
 31
0
  0
LINE
  5
3F1
330
1B
100
AcDbEntity
  8
B.Cu
  6
CONTINUOUS
100
AcDbLine
 10
22.9765920000000001
 20
-28.6374849999999981
 30
0
 11
23.0874849999999974
 21
-28.5265919999999973
 31
0
  0
LINE
  5
3F2
330
1B
100
AcDbEntity
  8
B.Cu
  6
CONTINUOUS
100
AcDbLine
 10
23.0874849999999974
 20
-28.5265919999999973
 30
0
 11
23.2178830000000005
 21
-28.4394629999999999
 31
0
  0
LINE
  5
3F3
330
1B
100
AcDbEntity
  8
B.Cu
  6
CONTINUOUS
100
AcDbLine
 10
23.2178830000000005
 20
-28.4394629999999999
 30
0
 11
23.3627719999999997
 21
-28.379448
 31
0
  0
LINE
  5
3F4
330
1B
100
AcDbEntity
  8
B.Cu
  6
CONTINUOUS
100
AcDbLine
 10
23.3627719999999997
 20
-28.379448
 30
0
 11
23.5165860000000002
 21
-28.3488519999999973
 31
0
  0
LINE
  5
3F5
330
1B
100
AcDbEntity
  8
B.Cu
  6
CONTINUOUS
100
AcDbLine
 10
23.5165860000000002
 20
-28.3488519999999973
 30
0
 11
23.5949999999999989
 21
-28.3449999999999989
 31
0
  0
LINE
  5
3F6
330
1B
100
AcDbEntity
  8
B.Cu
  6
CONTINUOUS
100
AcDbLine
 10
23.5949999999999989
 20
-28.3449999999999989
 30
0
 11
24.3949999999999996
 21
-28.3449999999999989
 31
0
  0
LINE
  5
3F7
330
1B
100
AcDbEntity
  8
B.Cu
  6
CONTINUOUS
100
AcDbLine
 10
24.3949999999999996
 20
-28.3449999999999989
 30
0
 11
24.4734139999999982
 21
-28.3488519999999973
 31
0
  0
LINE
  5
3F8
330
1B
100
AcDbEntity
  8
B.Cu
  6
CONTINUOUS
100
AcDbLine
 10
24.4734139999999982
 20
-25.8088519999999981
 30
0
 11
24.6272279999999988
 21
-25.8394479999999973
 31
0
  0
LINE
  5
3F9
330
1B
100
AcDbEntity
  8
B.Cu
  6
CONTINUOUS
100
AcDbLine
 10
24.6272279999999988
 20
-25.8394479999999973
 30
0
 11
24.7721169999999979
 21
-25.8994629999999972
 31
0
  0
LINE
  5
3FA
330
1B
100
AcDbEntity
  8
B.Cu
  6
CONTINUOUS
100
AcDbLine
 10
24.7721169999999979
 20
-25.8994629999999972
 30
0
 11
24.9025149999999975
 21
-25.9865919999999981
 31
0
  0
LINE
  5
3FB
330
1B
100
AcDbEntity
  8
B.Cu
  6
CONTINUOUS
100
AcDbLine
 10
24.9025149999999975
 20
-25.9865919999999981
 30
0
 11
25.0134079999999983
 21
-26.0974849999999989
 31
0
  0
LINE
  5
3FC
330
1B
100
AcDbEntity
  8
B.Cu
  6
CONTINUOUS
100
AcDbLine
 10
25.0134079999999983
 20
-26.0974849999999989
 30
0
 11
25.1005369999999992
 21
-26.2278829999999985
 31
0
  0
LINE
  5
3FD
330
1B
100
AcDbEntity
  8
B.Cu
  6
CONTINUOUS
100
AcDbLine
 10
25.1005369999999992
 20
-26.2278829999999985
 30
0
 11
25.1605519999999991
 21
-26.3727719999999977
 31
0
  0
LINE
  5
3FE
330
1B
100
AcDbEntity
  8
B.Cu
  6
CONTINUOUS
100
AcDbLine
 10
25.1605519999999991
 20
-26.3727719999999977
 30
0
 11
25.1911479999999983
 21
-26.5265859999999982
 31
0
  0
LINE
  5
3FF
330
1B
100
AcDbEntity
  8
B.Cu
  6
CONTINUOUS
100
AcDbLine
 10
25.1911479999999983
 20
-26.5265859999999982
 30
0
 11
25.1911479999999983
 21
-26.6834139999999991
 31
0
  0
LINE
  5
400
330
1B
100
AcDbEntity
  8
B.Cu
  6
CONTINUOUS
100
AcDbLine
 10
25.1911479999999983
 20
-26.6834139999999991
 30
0
 11
25.1605519999999991
 21
-26.8372279999999996
 31
0
  0
LINE
  5
401
330
1B
100
AcDbEntity
  8
B.Cu
  6
CONTINUOUS
100
AcDbLine
 10
25.1605519999999991
 20
-26.8372279999999996
 30
0
 11
25.1005369999999992
 21
-26.9821169999999988
 31
0
  0
LINE
  5
402
330
1B
100
AcDbEntity
  8
B.Cu
  6
CONTINUOUS
100
AcDbLine
 10
25.1005369999999992
 20
-26.9821169999999988
 30
0
 11
25.0134079999999983
 21
-27.1125149999999984
 31
0
  0
LINE
  5
403
330
1B
100
AcDbEntity
  8
B.Cu
  6
CONTINUOUS
100
AcDbLine
 10
25.0134079999999983
 20
-27.1125149999999984
 30
0
 11
24.9025149999999975
 21
-27.2234079999999992
 31
0
  0
LINE
  5
404
330
1B
100
AcDbEntity
  8
B.Cu
  6
CONTINUOUS
100
AcDbLine
 10
24.9025149999999975
 20
-27.2234079999999992
 30
0
 11
24.7721169999999979
 21
-27.3105370000000001
 31
0
  0
LINE
  5
405
330
1B
100
AcDbEntity
  8
B.Cu
  6
CONTINUOUS
100
AcDbLine
 10
24.7721169999999979
 20
-27.3105370000000001
 30
0
 11
24.6272279999999988
 21
-27.370552
 31
0
  0
LINE
  5
406
330
1B
100
AcDbEntity
  8
B.Cu
  6
CONTINUOUS
100
AcDbLine
 10
24.6272279999999988
 20
-27.370552
 30
0
 11
24.4734139999999982
 21
-27.4011479999999992
 31
0
  0
LINE
  5
407
330
1B
100
AcDbEntity
  8
B.Cu
  6
CONTINUOUS
100
AcDbLine
 10
24.4734139999999982
 20
-27.4011479999999992
 30
0
 11
24.3949999999999996
 21
-27.4049999999999976
 31
0
  0
LINE
  5
408
330
1B
100
AcDbEntity
  8
B.Cu
  6
CONTINUOUS
100
AcDbLine
 10
24.3949999999999996
 20
-27.4049999999999976
 30
0
 11
23.5949999999999989
 21
-27.4049999999999976
 31
0
  0
LINE
  5
409
330
1B
100
AcDbEntity
  8
B.Cu
  6
CONTINUOUS
100
AcDbLine
 10
23.5949999999999989
 20
-27.4049999999999976
 30
0
 11
23.5165860000000002
 21
-27.4011479999999992
 31
0
  0
LINE
  5
40A
330
1B
100
AcDbEntity
  8
B.Cu
  6
CONTINUOUS
100
AcDbLine
 10
23.5165860000000002
 20
-27.4011479999999992
 30
0
 11
23.3627719999999997
 21
-27.370552
 31
0
  0
LINE
  5
40B
330
1B
100
AcDbEntity
  8
B.Cu
  6
CONTINUOUS
100
AcDbLine
 10
23.3627719999999997
 20
-27.370552
 30
0
 11
23.2178830000000005
 21
-27.3105370000000001
 31
0
  0
LINE
  5
40C
330
1B
100
AcDbEntity
  8
B.Cu
  6
CONTINUOUS
100
AcDbLine
 10
23.2178830000000005
 20
-27.3105370000000001
 30
0
 11
23.0874849999999974
 21
-27.2234079999999992
 31
0
  0
LINE
  5
40D
330
1B
100
AcDbEntity
  8
B.Cu
  6
CONTINUOUS
100
AcDbLine
 10
23.0874849999999974
 20
-27.2234079999999992
 30
0
 11
22.9765920000000001
 21
-27.1125149999999984
 31
0
  0
LINE
  5
40E
330
1B
100
AcDbEntity
  8
B.Cu
  6
CONTINUOUS
100
AcDbLine
 10
22.9765920000000001
 20
-27.1125149999999984
 30
0
 11
22.8894629999999992
 21
-26.9821169999999988
 31
0
  0
LINE
  5
40F
330
1B
100
AcDbEntity
  8
B.Cu
  6
CONTINUOUS
100
AcDbLine
 10
22.8894629999999992
 20
-26.9821169999999988
 30
0
 11
22.8294479999999993
 21
-26.8372279999999996
 31
0
  0
LINE
  5
410
330
1B
100
AcDbEntity
  8
B.Cu
  6
CONTINUOUS
100
AcDbLine
 10
22.8294479999999993
 20
-26.8372279999999996
 30
0
 11
22.7988520000000001
 21
-26.6834139999999991
 31
0
  0
LINE
  5
411
330
1B
100
AcDbEntity
  8
B.Cu
  6
CONTINUOUS
100
AcDbLine
 10
22.7988520000000001
 20
-26.6834139999999991
 30
0
 11
22.7988520000000001
 21
-26.5265859999999982
 31
0
  0
LINE
  5
412
330
1B
100
AcDbEntity
  8
B.Cu
  6
CONTINUOUS
100
AcDbLine
 10
22.7988520000000001
 20
-26.5265859999999982
 30
0
 11
22.8294479999999993
 21
-26.3727719999999977
 31
0
  0
LINE
  5
413
330
1B
100
AcDbEntity
  8
B.Cu
  6
CONTINUOUS
100
AcDbLine
 10
22.8294479999999993
 20
-26.3727719999999977
 30
0
 11
22.8894629999999992
 21
-26.2278829999999985
 31
0
  0
LINE
  5
414
330
1B
100
AcDbEntity
  8
B.Cu
  6
CONTINUOUS
100
AcDbLine
 10
22.8894629999999992
 20
-26.2278829999999985
 30
0
 11
22.9765920000000001
 21
-26.0974849999999989
 31
0
  0
LINE
  5
415
330
1B
100
AcDbEntity
  8
B.Cu
  6
CONTINUOUS
100
AcDbLine
 10
22.9765920000000001
 20
-26.0974849999999989
 30
0
 11
23.0874849999999974
 21
-25.9865919999999981
 31
0
  0
LINE
  5
416
330
1B
100
AcDbEntity
  8
B.Cu
  6
CONTINUOUS
100
AcDbLine
 10
23.0874849999999974
 20
-25.9865919999999981
 30
0
 11
23.2178830000000005
 21
-25.8994629999999972
 31
0
  0
LINE
  5
417
330
1B
100
AcDbEntity
  8
B.Cu
  6
CONTINUOUS
100
AcDbLine
 10
23.2178830000000005
 20
-25.8994629999999972
 30
0
 11
23.3627719999999997
 21
-25.8394479999999973
 31
0
  0
LINE
  5
418
330
1B
100
AcDbEntity
  8
B.Cu
  6
CONTINUOUS
100
AcDbLine
 10
23.3627719999999997
 20
-25.8394479999999973
 30
0
 11
23.5165860000000002
 21
-25.8088519999999981
 31
0
  0
LINE
  5
419
330
1B
100
AcDbEntity
  8
B.Cu
  6
CONTINUOUS
100
AcDbLine
 10
23.5165860000000002
 20
-25.8088519999999981
 30
0
 11
23.5949999999999989
 21
-25.8049999999999997
 31
0
  0
LINE
  5
41A
330
1B
100
AcDbEntity
  8
B.Cu
  6
CONTINUOUS
100
AcDbLine
 10
23.5949999999999989
 20
-25.8049999999999997
 30
0
 11
24.3949999999999996
 21
-25.8049999999999997
 31
0
  0
LINE
  5
41B
330
1B
100
AcDbEntity
  8
B.Cu
  6
CONTINUOUS
100
AcDbLine
 10
24.3949999999999996
 20
-25.8049999999999997
 30
0
 11
24.4734139999999982
 21
-25.8088519999999981
 31
0
  0
LINE
  5
41C
330
1B
100
AcDbEntity
  8
B.Cu
  6
CONTINUOUS
100
AcDbLine
 10
25.0406709999999997
 20
-23.2840299999999978
 30
0
 11
25.121776999999998
 21
-23.3382229999999993
 31
0
  0
LINE
  5
41D
330
1B
100
AcDbEntity
  8
B.Cu
  6
CONTINUOUS
100
AcDbLine
 10
25.121776999999998
 20
-23.3382229999999993
 30
0
 11
25.1759699999999995
 21
-23.4193289999999976
 31
0
  0
LINE
  5
41E
330
1B
100
AcDbEntity
  8
B.Cu
  6
CONTINUOUS
100
AcDbLine
 10
25.1759699999999995
 20
-23.4193289999999976
 30
0
 11
25.1950000000000003
 21
-23.5150000000000006
 31
0
  0
LINE
  5
41F
330
1B
100
AcDbEntity
  8
B.Cu
  6
CONTINUOUS
100
AcDbLine
 10
25.1950000000000003
 20
-23.5150000000000006
 30
0
 11
25.1950000000000003
 21
-24.6149999999999984
 31
0
  0
LINE
  5
420
330
1B
100
AcDbEntity
  8
B.Cu
  6
CONTINUOUS
100
AcDbLine
 10
25.1950000000000003
 20
-24.6149999999999984
 30
0
 11
25.1759699999999995
 21
-24.7106709999999978
 31
0
  0
LINE
  5
421
330
1B
100
AcDbEntity
  8
B.Cu
  6
CONTINUOUS
100
AcDbLine
 10
25.1759699999999995
 20
-24.7106709999999978
 30
0
 11
25.121776999999998
 21
-24.7917769999999997
 31
0
  0
LINE
  5
422
330
1B
100
AcDbEntity
  8
B.Cu
  6
CONTINUOUS
100
AcDbLine
 10
25.121776999999998
 20
-24.7917769999999997
 30
0
 11
25.0406709999999997
 21
-24.8459699999999977
 31
0
  0
LINE
  5
423
330
1B
100
AcDbEntity
  8
B.Cu
  6
CONTINUOUS
100
AcDbLine
 10
25.0406709999999997
 20
-24.8459699999999977
 30
0
 11
24.9450000000000003
 21
-24.8649999999999984
 31
0
  0
LINE
  5
424
330
1B
100
AcDbEntity
  8
B.Cu
  6
CONTINUOUS
100
AcDbLine
 10
24.9450000000000003
 20
-24.8649999999999984
 30
0
 11
23.0449999999999982
 21
-24.8649999999999984
 31
0
  0
LINE
  5
425
330
1B
100
AcDbEntity
  8
B.Cu
  6
CONTINUOUS
100
AcDbLine
 10
23.0449999999999982
 20
-24.8649999999999984
 30
0
 11
22.9493289999999988
 21
-24.8459699999999977
 31
0
  0
LINE
  5
426
330
1B
100
AcDbEntity
  8
B.Cu
  6
CONTINUOUS
100
AcDbLine
 10
22.9493289999999988
 20
-24.8459699999999977
 30
0
 11
22.8682230000000004
 21
-24.7917769999999997
 31
0
  0
LINE
  5
427
330
1B
100
AcDbEntity
  8
B.Cu
  6
CONTINUOUS
100
AcDbLine
 10
22.8682230000000004
 20
-24.7917769999999997
 30
0
 11
22.8140299999999989
 21
-24.7106709999999978
 31
0
  0
LINE
  5
428
330
1B
100
AcDbEntity
  8
B.Cu
  6
CONTINUOUS
100
AcDbLine
 10
22.8140299999999989
 20
-24.7106709999999978
 30
0
 11
22.7949999999999982
 21
-24.6149999999999984
 31
0
  0
LINE
  5
429
330
1B
100
AcDbEntity
  8
B.Cu
  6
CONTINUOUS
100
AcDbLine
 10
22.7949999999999982
 20
-24.6149999999999984
 30
0
 11
22.7949999999999982
 21
-23.5150000000000006
 31
0
  0
LINE
  5
42A
330
1B
100
AcDbEntity
  8
B.Cu
  6
CONTINUOUS
100
AcDbLine
 10
22.7949999999999982
 20
-23.5150000000000006
 30
0
 11
22.8140299999999989
 21
-23.4193289999999976
 31
0
  0
LINE
  5
42B
330
1B
100
AcDbEntity
  8
B.Cu
  6
CONTINUOUS
100
AcDbLine
 10
22.8140299999999989
 20
-23.4193289999999976
 30
0
 11
22.8682230000000004
 21
-23.3382229999999993
 31
0
  0
LINE
  5
42C
330
1B
100
AcDbEntity
  8
B.Cu
  6
CONTINUOUS
100
AcDbLine
 10
22.8682230000000004
 20
-23.3382229999999993
 30
0
 11
22.9493289999999988
 21
-23.2840299999999978
 31
0
  0
LINE
  5
42D
330
1B
100
AcDbEntity
  8
B.Cu
  6
CONTINUOUS
100
AcDbLine
 10
22.9493289999999988
 20
-23.2840299999999978
 30
0
 11
23.0449999999999982
 21
-23.2650000000000006
 31
0
  0
LINE
  5
42E
330
1B
100
AcDbEntity
  8
B.Cu
  6
CONTINUOUS
100
AcDbLine
 10
23.0449999999999982
 20
-23.2650000000000006
 30
0
 11
24.9450000000000003
 21
-23.2650000000000006
 31
0
  0
LINE
  5
42F
330
1B
100
AcDbEntity
  8
B.Cu
  6
CONTINUOUS
100
AcDbLine
 10
24.9450000000000003
 20
-23.2650000000000006
 30
0
 11
25.0406709999999997
 21
-23.2840299999999978
 31
0
  0
LINE
  5
430
330
1B
100
AcDbEntity
  8
B.Cu
  6
CONTINUOUS
100
AcDbLine
 10
61.342538999999995
 20
-20.5201849999999979
 30
0
 11
61.3882939999999948
 21
-20.5729889999999997
 31
0
  0
LINE
  5
431
330
1B
100
AcDbEntity
  8
B.Cu
  6
CONTINUOUS
100
AcDbLine
 10
61.3882939999999948
 20
-20.5729889999999997
 30
0
 11
61.3994999999999962
 21
-20.6244999999999976
 31
0
  0
LINE
  5
432
330
1B
100
AcDbEntity
  8
B.Cu
  6
CONTINUOUS
100
AcDbLine
 10
61.3994999999999962
 20
-20.6244999999999976
 30
0
 11
61.3994999999999962
 21
-63.3754999999999953
 31
0
  0
LINE
  5
433
330
1B
100
AcDbEntity
  8
B.Cu
  6
CONTINUOUS
100
AcDbLine
 10
61.3994999999999962
 20
-63.3754999999999953
 30
0
 11
61.3798150000000007
 21
-63.4425389999999965
 31
0
  0
LINE
  5
434
330
1B
100
AcDbEntity
  8
B.Cu
  6
CONTINUOUS
100
AcDbLine
 10
61.3798150000000007
 20
-63.4425389999999965
 30
0
 11
61.3270109999999988
 21
-63.4882939999999962
 31
0
  0
LINE
  5
435
330
1B
100
AcDbEntity
  8
B.Cu
  6
CONTINUOUS
100
AcDbLine
 10
61.3270109999999988
 20
-63.4882939999999962
 30
0
 11
61.2754999999999939
 21
-63.4994999999999976
 31
0
  0
LINE
  5
436
330
1B
100
AcDbEntity
  8
B.Cu
  6
CONTINUOUS
100
AcDbLine
 10
61.2754999999999939
 20
-63.4994999999999976
 30
0
 11
20.6244999999999976
 21
-63.4994999999999976
 31
0
  0
LINE
  5
437
330
1B
100
AcDbEntity
  8
B.Cu
  6
CONTINUOUS
100
AcDbLine
 10
20.6244999999999976
 20
-63.4994999999999976
 30
0
 11
20.557461
 21
-63.479814999999995
 31
0
  0
LINE
  5
438
330
1B
100
AcDbEntity
  8
B.Cu
  6
CONTINUOUS
100
AcDbLine
 10
20.557461
 20
-63.479814999999995
 30
0
 11
20.5117060000000002
 21
-63.4270110000000003
 31
0
  0
LINE
  5
439
330
1B
100
AcDbEntity
  8
B.Cu
  6
CONTINUOUS
100
AcDbLine
 10
20.5117060000000002
 20
-63.4270110000000003
 30
0
 11
20.5004999999999988
 21
-63.3754999999999953
 31
0
  0
LINE
  5
43A
330
1B
100
AcDbEntity
  8
B.Cu
  6
CONTINUOUS
100
AcDbLine
 10
20.5004999999999988
 20
-63.3754999999999953
 30
0
 11
20.5004999999999988
 21
-48.1300969999999992
 31
0
  0
LINE
  5
43B
330
1B
100
AcDbEntity
  8
B.Cu
  6
CONTINUOUS
100
AcDbLine
 10
20.5004999999999988
 20
-48.1300969999999992
 30
0
 11
20.5004999999999988
 21
-23.4309619999999974
 31
0
  0
LINE
  5
43C
330
1B
100
AcDbEntity
  8
B.Cu
  6
CONTINUOUS
100
AcDbLine
 10
20.5004999999999988
 20
-23.4309619999999974
 30
0
 11
20.5004999999999988
 21
-20.6244999999999976
 31
0
  0
LINE
  5
43D
330
1B
100
AcDbEntity
  8
B.Cu
  6
CONTINUOUS
100
AcDbLine
 10
20.5004999999999988
 20
-20.6244999999999976
 30
0
 11
20.5201849999999979
 21
-20.557461
 31
0
  0
LINE
  5
43E
330
1B
100
AcDbEntity
  8
B.Cu
  6
CONTINUOUS
100
AcDbLine
 10
20.5201849999999979
 20
-20.557461
 30
0
 11
20.5729889999999997
 21
-20.5117060000000002
 31
0
  0
LINE
  5
43F
330
1B
100
AcDbEntity
  8
B.Cu
  6
CONTINUOUS
100
AcDbLine
 10
20.5729889999999997
 20
-20.5117060000000002
 30
0
 11
20.6244999999999976
 21
-20.5004999999999988
 31
0
  0
LINE
  5
440
330
1B
100
AcDbEntity
  8
B.Cu
  6
CONTINUOUS
100
AcDbLine
 10
20.6244999999999976
 20
-20.5004999999999988
 30
0
 11
61.2754999999999939
 21
-20.5004999999999988
 31
0
  0
LINE
  5
441
330
1B
100
AcDbEntity
  8
B.Cu
  6
CONTINUOUS
100
AcDbLine
 10
61.2754999999999939
 20
-20.5004999999999988
 30
0
 11
61.342538999999995
 21
-20.5201849999999979
 31
0
  0
LINE
  5
442
330
1B
100
AcDbEntity
  8
B.Cu
  6
CONTINUOUS
100
AcDbLine
 10
21.9444999999999979
 20
-48.3899019999999993
 30
0
 11
21.9851399999999977
 21
-48.6464929999999995
 31
0
  0
LINE
  5
443
330
1B
100
AcDbEntity
  8
B.Cu
  6
CONTINUOUS
100
AcDbLine
 10
21.9851399999999977
 20
-48.6464929999999995
 30
0
 11
22.0654219999999981
 21
-48.8935759999999959
 31
0
  0
LINE
  5
444
330
1B
100
AcDbEntity
  8
B.Cu
  6
CONTINUOUS
100
AcDbLine
 10
22.0654219999999981
 20
-48.8935759999999959
 30
0
 11
22.1465339999999991
 21
-49.0527639999999963
 31
0
  0
LINE
  5
445
330
1B
100
AcDbEntity
  8
B.Cu
  6
CONTINUOUS
100
AcDbLine
 10
22.1465339999999991
 20
-49.0527639999999963
 30
0
 11
22.1833659999999995
 21
-49.1250509999999991
 31
0
  0
LINE
  5
446
330
1B
100
AcDbEntity
  8
B.Cu
  6
CONTINUOUS
100
AcDbLine
 10
22.1833659999999995
 20
-49.1250509999999991
 30
0
 11
22.3360689999999984
 21
-49.3352289999999982
 31
0
  0
LINE
  5
447
330
1B
100
AcDbEntity
  8
B.Cu
  6
CONTINUOUS
100
AcDbLine
 10
22.3360689999999984
 20
-49.3352289999999982
 30
0
 11
22.5197709999999987
 21
-49.5189309999999949
 31
0
  0
LINE
  5
448
330
1B
100
AcDbEntity
  8
B.Cu
  6
CONTINUOUS
100
AcDbLine
 10
22.5197709999999987
 20
-49.5189309999999949
 30
0
 11
22.7299489999999977
 21
-49.6716339999999974
 31
0
  0
LINE
  5
449
330
1B
100
AcDbEntity
  8
B.Cu
  6
CONTINUOUS
100
AcDbLine
 10
22.7299489999999977
 20
-49.6716339999999974
 30
0
 11
22.8704809999999981
 21
-49.7432389999999955
 31
0
  0
LINE
  5
44A
330
1B
100
AcDbEntity
  8
B.Cu
  6
CONTINUOUS
100
AcDbLine
 10
22.8704809999999981
 20
-49.7432389999999955
 30
0
 11
22.9614229999999999
 21
-49.7895769999999942
 31
0
  0
LINE
  5
44B
330
1B
100
AcDbEntity
  8
B.Cu
  6
CONTINUOUS
100
AcDbLine
 10
22.9614229999999999
 20
-49.7895769999999942
 30
0
 11
22.9614249999999984
 21
-49.7895769999999942
 31
0
  0
LINE
  5
44C
330
1B
100
AcDbEntity
  8
B.Cu
  6
CONTINUOUS
100
AcDbLine
 10
22.9614249999999984
 20
-49.7895769999999942
 30
0
 11
22.961427999999998
 21
-49.7895789999999963
 31
0
  0
LINE
  5
44D
330
1B
100
AcDbEntity
  8
B.Cu
  6
CONTINUOUS
100
AcDbLine
 10
22.961427999999998
 20
-49.7895789999999963
 30
0
 11
23.2085069999999973
 21
-49.8698599999999956
 31
0
  0
LINE
  5
44E
330
1B
100
AcDbEntity
  8
B.Cu
  6
CONTINUOUS
100
AcDbLine
 10
23.2085069999999973
 20
-49.8698599999999956
 30
0
 11
23.3407059999999973
 21
-49.8907969999999992
 31
0
  0
LINE
  5
44F
330
1B
100
AcDbEntity
  8
B.Cu
  6
CONTINUOUS
100
AcDbLine
 10
23.3407059999999973
 20
-49.8907969999999992
 30
0
 11
23.4650979999999976
 21
-49.910499999999999
 31
0
  0
LINE
  5
450
330
1B
100
AcDbEntity
  8
B.Cu
  6
CONTINUOUS
100
AcDbLine
 10
23.4650979999999976
 20
-49.910499999999999
 30
0
 11
23.4651029999999992
 21
-49.910499999999999
 31
0
  0
LINE
  5
451
330
1B
100
AcDbEntity
  8
B.Cu
  6
CONTINUOUS
100
AcDbLine
 10
23.4651029999999992
 20
-49.910499999999999
 30
0
 11
23.7249020000000002
 21
-49.910499999999999
 31
0
  0
LINE
  5
452
330
1B
100
AcDbEntity
  8
B.Cu
  6
CONTINUOUS
100
AcDbLine
 10
23.7249020000000002
 20
-49.910499999999999
 30
0
 11
23.8382979999999982
 21
-49.8925389999999993
 31
0
  0
LINE
  5
453
330
1B
100
AcDbEntity
  8
B.Cu
  6
CONTINUOUS
100
AcDbLine
 10
23.8382979999999982
 20
-49.8925389999999993
 30
0
 11
23.9814930000000004
 21
-49.8698599999999956
 31
0
  0
LINE
  5
454
330
1B
100
AcDbEntity
  8
B.Cu
  6
CONTINUOUS
100
AcDbLine
 10
23.9814930000000004
 20
-49.8698599999999956
 30
0
 11
24.2285719999999998
 21
-49.7895789999999963
 31
0
  0
LINE
  5
455
330
1B
100
AcDbEntity
  8
B.Cu
  6
CONTINUOUS
100
AcDbLine
 10
24.2285719999999998
 20
-49.7895789999999963
 30
0
 11
24.460051
 21
-49.6716339999999974
 31
0
  0
LINE
  5
456
330
1B
100
AcDbEntity
  8
B.Cu
  6
CONTINUOUS
100
AcDbLine
 10
24.460051
 20
-49.6716339999999974
 30
0
 11
24.6702289999999991
 21
-49.5189309999999949
 31
0
  0
LINE
  5
457
330
1B
100
AcDbEntity
  8
B.Cu
  6
CONTINUOUS
100
AcDbLine
 10
24.6702289999999991
 20
-49.5189309999999949
 30
0
 11
24.8539309999999993
 21
-49.3352289999999982
 31
0
  0
LINE
  5
458
330
1B
100
AcDbEntity
  8
B.Cu
  6
CONTINUOUS
100
AcDbLine
 10
24.8539309999999993
 20
-49.3352289999999982
 30
0
 11
25.0066339999999983
 21
-49.1250509999999991
 31
0
  0
LINE
  5
459
330
1B
100
AcDbEntity
  8
B.Cu
  6
CONTINUOUS
100
AcDbLine
 10
25.0066339999999983
 20
-49.1250509999999991
 30
0
 11
25.1245789999999971
 21
-48.8935719999999989
 31
0
  0
LINE
  5
45A
330
1B
100
AcDbEntity
  8
B.Cu
  6
CONTINUOUS
100
AcDbLine
 10
25.1245789999999971
 20
-48.8935719999999989
 30
0
 11
25.20486
 21
-48.6464929999999995
 31
0
  0
LINE
  5
45B
330
1B
100
AcDbEntity
  8
B.Cu
  6
CONTINUOUS
100
AcDbLine
 10
25.20486
 20
-48.6464929999999995
 30
0
 11
25.2374689999999973
 21
-48.4406040000000004
 31
0
  0
LINE
  5
45C
330
1B
100
AcDbEntity
  8
B.Cu
  6
CONTINUOUS
100
AcDbLine
 10
25.2374689999999973
 20
-48.4406040000000004
 30
0
 11
25.2454999999999998
 21
-48.3899019999999993
 31
0
  0
LINE
  5
45D
330
1B
100
AcDbEntity
  8
B.Cu
  6
CONTINUOUS
100
AcDbLine
 10
25.2454999999999998
 20
-48.3899019999999993
 30
0
 11
25.2454999999999998
 21
-48.1300969999999992
 31
0
  0
LINE
  5
45E
330
1B
100
AcDbEntity
  8
B.Cu
  6
CONTINUOUS
100
AcDbLine
 10
25.2454999999999998
 20
-48.1300969999999992
 30
0
 11
25.2116030000000002
 21
-47.9160830000000004
 31
0
  0
LINE
  5
45F
330
1B
100
AcDbEntity
  8
B.Cu
  6
CONTINUOUS
100
AcDbLine
 10
25.2116030000000002
 20
-47.9160830000000004
 30
0
 11
25.20486
 21
-47.8735069999999965
 31
0
  0
LINE
  5
460
330
1B
100
AcDbEntity
  8
B.Cu
  6
CONTINUOUS
100
AcDbLine
 10
25.20486
 20
-47.8735069999999965
 30
0
 11
25.1245789999999971
 21
-47.6264279999999971
 31
0
  0
LINE
  5
461
330
1B
100
AcDbEntity
  8
B.Cu
  6
CONTINUOUS
100
AcDbLine
 10
25.1245789999999971
 20
-47.6264279999999971
 30
0
 11
25.1245769999999986
 21
-47.6264249999999976
 31
0
  0
LINE
  5
462
330
1B
100
AcDbEntity
  8
B.Cu
  6
CONTINUOUS
100
AcDbLine
 10
25.1245769999999986
 20
-47.6264249999999976
 30
0
 11
25.1245769999999986
 21
-47.6264229999999955
 31
0
  0
LINE
  5
463
330
1B
100
AcDbEntity
  8
B.Cu
  6
CONTINUOUS
100
AcDbLine
 10
25.1245769999999986
 20
-47.6264229999999955
 30
0
 11
25.0623569999999987
 21
-47.5043119999999988
 31
0
  0
LINE
  5
464
330
1B
100
AcDbEntity
  8
B.Cu
  6
CONTINUOUS
100
AcDbLine
 10
25.0623569999999987
 20
-47.5043119999999988
 30
0
 11
25.0066339999999983
 21
-47.3949489999999969
 31
0
  0
LINE
  5
465
330
1B
100
AcDbEntity
  8
B.Cu
  6
CONTINUOUS
100
AcDbLine
 10
25.0066339999999983
 20
-47.3949489999999969
 30
0
 11
24.969180999999999
 21
-47.3433999999999955
 31
0
  0
LINE
  5
466
330
1B
100
AcDbEntity
  8
B.Cu
  6
CONTINUOUS
100
AcDbLine
 10
24.969180999999999
 20
-47.3433999999999955
 30
0
 11
24.9457019999999972
 21
-47.2775940000000006
 31
0
  0
LINE
  5
467
330
1B
100
AcDbEntity
  8
B.Cu
  6
CONTINUOUS
100
AcDbLine
 10
24.9457019999999972
 20
-47.2775940000000006
 30
0
 11
24.9454999999999991
 21
-47.2705149999999961
 31
0
  0
LINE
  5
468
330
1B
100
AcDbEntity
  8
B.Cu
  6
CONTINUOUS
100
AcDbLine
 10
24.9454999999999991
 20
-47.2705149999999961
 30
0
 11
24.9454999999999991
 21
-44.0157570000000007
 31
0
  0
LINE
  5
469
330
1B
100
AcDbEntity
  8
B.Cu
  6
CONTINUOUS
100
AcDbLine
 10
24.9454999999999991
 20
-44.0157570000000007
 30
0
 11
24.9651849999999982
 21
-43.9487179999999995
 31
0
  0
LINE
  5
46A
330
1B
100
AcDbEntity
  8
B.Cu
  6
CONTINUOUS
100
AcDbLine
 10
24.9651849999999982
 20
-43.9487179999999995
 30
0
 11
24.981818999999998
 21
-43.9280759999999972
 31
0
  0
LINE
  5
46B
330
1B
100
AcDbEntity
  8
B.Cu
  6
CONTINUOUS
100
AcDbLine
 10
24.981818999999998
 20
-43.9280759999999972
 30
0
 11
31.371376999999999
 21
-37.5385190000000009
 31
0
  0
LINE
  5
46C
330
1B
100
AcDbEntity
  8
B.Cu
  6
CONTINUOUS
100
AcDbLine
 10
31.371376999999999
 20
-37.5385190000000009
 30
0
 11
31.432699999999997
 21
-37.5050339999999949
 31
0
  0
LINE
  5
46D
330
1B
100
AcDbEntity
  8
B.Cu
  6
CONTINUOUS
100
AcDbLine
 10
31.432699999999997
 20
-37.5050339999999949
 30
0
 11
31.4590579999999989
 21
-37.5021999999999949
 31
0
  0
LINE
  5
46E
330
1B
100
AcDbEntity
  8
B.Cu
  6
CONTINUOUS
100
AcDbLine
 10
31.4590579999999989
 20
-37.5021999999999949
 30
0
 11
35.910817999999999
 21
-37.5021999999999949
 31
0
  0
LINE
  5
46F
330
1B
100
AcDbEntity
  8
B.Cu
  6
CONTINUOUS
100
AcDbLine
 10
35.910817999999999
 20
-37.5021999999999949
 30
0
 11
37.7770960000000002
 21
-37.5021999999999949
 31
0
  0
LINE
  5
470
330
1B
100
AcDbEntity
  8
B.Cu
  6
CONTINUOUS
100
AcDbLine
 10
37.7770960000000002
 20
-37.5021999999999949
 30
0
 11
37.8441350000000014
 21
-37.5218849999999975
 31
0
  0
LINE
  5
471
330
1B
100
AcDbEntity
  8
B.Cu
  6
CONTINUOUS
100
AcDbLine
 10
37.8441350000000014
 20
-37.5218849999999975
 30
0
 11
37.8898900000000012
 21
-37.5746889999999993
 31
0
  0
LINE
  5
472
330
1B
100
AcDbEntity
  8
B.Cu
  6
CONTINUOUS
100
AcDbLine
 10
37.8898900000000012
 20
-37.5746889999999993
 30
0
 11
37.8998339999999985
 21
-37.6438470000000009
 31
0
  0
LINE
  5
473
330
1B
100
AcDbEntity
  8
B.Cu
  6
CONTINUOUS
100
AcDbLine
 10
37.8998339999999985
 20
-37.6438470000000009
 30
0
 11
37.8708090000000013
 21
-37.7074029999999993
 31
0
  0
LINE
  5
474
330
1B
100
AcDbEntity
  8
B.Cu
  6
CONTINUOUS
100
AcDbLine
 10
37.8708090000000013
 20
-37.7074029999999993
 30
0
 11
37.8647769999999966
 21
-37.7138810000000007
 31
0
  0
LINE
  5
475
330
1B
100
AcDbEntity
  8
B.Cu
  6
CONTINUOUS
100
AcDbLine
 10
37.8647769999999966
 20
-37.7138810000000007
 30
0
 11
37.862524999999998
 21
-37.7161320000000018
 31
0
  0
LINE
  5
476
330
1B
100
AcDbEntity
  8
B.Cu
  6
CONTINUOUS
100
AcDbLine
 10
37.862524999999998
 20
-37.7161320000000018
 30
0
 11
37.862521000000001
 21
-37.7161369999999962
 31
0
  0
LINE
  5
477
330
1B
100
AcDbEntity
  8
B.Cu
  6
CONTINUOUS
100
AcDbLine
 10
37.862521000000001
 20
-37.7161369999999962
 30
0
 11
37.7447179999999989
 21
-37.8901910000000015
 31
0
  0
LINE
  5
478
330
1B
100
AcDbEntity
  8
B.Cu
  6
CONTINUOUS
100
AcDbLine
 10
37.7447179999999989
 20
-37.8901910000000015
 30
0
 11
37.6619869999999963
 21
-38.0833859999999973
 31
0
  0
LINE
  5
479
330
1B
100
AcDbEntity
  8
B.Cu
  6
CONTINUOUS
100
AcDbLine
 10
37.6619869999999963
 20
-38.0833859999999973
 30
0
 11
37.6619839999999968
 21
-38.0833969999999979
 31
0
  0
LINE
  5
47A
330
1B
100
AcDbEntity
  8
B.Cu
  6
CONTINUOUS
100
AcDbLine
 10
37.6619839999999968
 20
-38.0833969999999979
 30
0
 11
37.6173119999999983
 21
-38.2887489999999957
 31
0
  0
LINE
  5
47B
330
1B
100
AcDbEntity
  8
B.Cu
  6
CONTINUOUS
100
AcDbLine
 10
37.6173119999999983
 20
-38.2887489999999957
 30
0
 11
37.6173119999999983
 21
-38.2887549999999948
 31
0
  0
LINE
  5
47C
330
1B
100
AcDbEntity
  8
B.Cu
  6
CONTINUOUS
100
AcDbLine
 10
37.6173119999999983
 20
-38.2887549999999948
 30
0
 11
37.6144999999999996
 21
-38.335961999999995
 31
0
  0
LINE
  5
47D
330
1B
100
AcDbEntity
  8
B.Cu
  6
CONTINUOUS
100
AcDbLine
 10
37.6144999999999996
 20
-38.335961999999995
 30
0
 11
37.6144999999999996
 21
-40.4040379999999999
 31
0
  0
LINE
  5
47E
330
1B
100
AcDbEntity
  8
B.Cu
  6
CONTINUOUS
100
AcDbLine
 10
37.6144999999999996
 20
-40.4040379999999999
 30
0
 11
37.6164839999999998
 21
-40.4373599999999982
 31
0
  0
LINE
  5
47F
330
1B
100
AcDbEntity
  8
B.Cu
  6
CONTINUOUS
100
AcDbLine
 10
37.6164839999999998
 20
-40.4373599999999982
 30
0
 11
37.6173119999999983
 21
-40.4512500000000017
 31
0
  0
LINE
  5
480
330
1B
100
AcDbEntity
  8
B.Cu
  6
CONTINUOUS
100
AcDbLine
 10
37.6173119999999983
 20
-40.4512500000000017
 30
0
 11
37.6619839999999968
 21
-40.6566019999999995
 31
0
  0
LINE
  5
481
330
1B
100
AcDbEntity
  8
B.Cu
  6
CONTINUOUS
100
AcDbLine
 10
37.6619839999999968
 20
-40.6566019999999995
 30
0
 11
37.6619869999999963
 21
-40.6566130000000001
 31
0
  0
LINE
  5
482
330
1B
100
AcDbEntity
  8
B.Cu
  6
CONTINUOUS
100
AcDbLine
 10
37.6619869999999963
 20
-40.6566130000000001
 30
0
 11
37.7447179999999989
 21
-40.8498079999999959
 31
0
  0
LINE
  5
483
330
1B
100
AcDbEntity
  8
B.Cu
  6
CONTINUOUS
100
AcDbLine
 10
37.7447179999999989
 20
-40.8498079999999959
 30
0
 11
37.7447200000000009
 21
-40.8498109999999954
 31
0
  0
LINE
  5
484
330
1B
100
AcDbEntity
  8
B.Cu
  6
CONTINUOUS
100
AcDbLine
 10
37.7447200000000009
 20
-40.8498109999999954
 30
0
 11
37.7447209999999984
 21
-40.8498129999999975
 31
0
  0
LINE
  5
485
330
1B
100
AcDbEntity
  8
B.Cu
  6
CONTINUOUS
100
AcDbLine
 10
37.7447209999999984
 20
-40.8498129999999975
 30
0
 11
37.8625229999999959
 21
-41.0238650000000007
 31
0
  0
LINE
  5
486
330
1B
100
AcDbEntity
  8
B.Cu
  6
CONTINUOUS
100
AcDbLine
 10
37.8625229999999959
 20
-41.0238650000000007
 30
0
 11
38.0111349999999959
 21
-41.1724770000000007
 31
0
  0
LINE
  5
487
330
1B
100
AcDbEntity
  8
B.Cu
  6
CONTINUOUS
100
AcDbLine
 10
38.0111349999999959
 20
-41.1724770000000007
 30
0
 11
38.1851869999999991
 21
-41.2902789999999982
 31
0
  0
LINE
  5
488
330
1B
100
AcDbEntity
  8
B.Cu
  6
CONTINUOUS
100
AcDbLine
 10
38.1851869999999991
 20
-41.2902789999999982
 30
0
 11
38.2109279999999956
 21
-41.3013019999999997
 31
0
  0
LINE
  5
489
330
1B
100
AcDbEntity
  8
B.Cu
  6
CONTINUOUS
100
AcDbLine
 10
38.2109279999999956
 20
-41.3013019999999997
 30
0
 11
38.3783850000000015
 21
-41.3730119999999957
 31
0
  0
LINE
  5
48A
330
1B
100
AcDbEntity
  8
B.Cu
  6
CONTINUOUS
100
AcDbLine
 10
38.3783850000000015
 20
-41.3730119999999957
 30
0
 11
38.378385999999999
 21
-41.3730119999999957
 31
0
  0
LINE
  5
48B
330
1B
100
AcDbEntity
  8
B.Cu
  6
CONTINUOUS
100
AcDbLine
 10
38.378385999999999
 20
-41.3730119999999957
 30
0
 11
38.3783880000000011
 21
-41.3730130000000003
 31
0
  0
LINE
  5
48C
330
1B
100
AcDbEntity
  8
B.Cu
  6
CONTINUOUS
100
AcDbLine
 10
38.3783880000000011
 20
-41.3730130000000003
 30
0
 11
38.4439909999999969
 21
-41.3872829999999965
 31
0
  0
LINE
  5
48D
330
1B
100
AcDbEntity
  8
B.Cu
  6
CONTINUOUS
100
AcDbLine
 10
38.4439909999999969
 20
-41.3872829999999965
 30
0
 11
38.5053119999999964
 21
-41.4207660000000004
 31
0
  0
LINE
  5
48E
330
1B
100
AcDbEntity
  8
B.Cu
  6
CONTINUOUS
100
AcDbLine
 10
38.5053119999999964
 20
-41.4207660000000004
 30
0
 11
40.2723650000000006
 21
-43.1878189999999975
 31
0
  0
LINE
  5
48F
330
1B
100
AcDbEntity
  8
B.Cu
  6
CONTINUOUS
100
AcDbLine
 10
40.2723650000000006
 20
-43.1878189999999975
 30
0
 11
40.3058499999999995
 21
-43.2491419999999991
 31
0
  0
LINE
  5
490
330
1B
100
AcDbEntity
  8
B.Cu
  6
CONTINUOUS
100
AcDbLine
 10
40.3058499999999995
 20
-43.2491419999999991
 30
0
 11
40.3008659999999992
 21
-43.3188339999999954
 31
0
  0
LINE
  5
491
330
1B
100
AcDbEntity
  8
B.Cu
  6
CONTINUOUS
100
AcDbLine
 10
40.3008659999999992
 20
-43.3188339999999954
 30
0
 11
40.2589940000000013
 21
-43.3747669999999985
 31
0
  0
LINE
  5
492
330
1B
100
AcDbEntity
  8
B.Cu
  6
CONTINUOUS
100
AcDbLine
 10
40.2589940000000013
 20
-43.3747669999999985
 30
0
 11
40.1935299999999955
 21
-43.3991839999999982
 31
0
  0
LINE
  5
493
330
1B
100
AcDbEntity
  8
B.Cu
  6
CONTINUOUS
100
AcDbLine
 10
40.1935299999999955
 20
-43.3991839999999982
 30
0
 11
40.1846839999999972
 21
-43.3994999999999962
 31
0
  0
LINE
  5
494
330
1B
100
AcDbEntity
  8
B.Cu
  6
CONTINUOUS
100
AcDbLine
 10
40.1846839999999972
 20
-43.3994999999999962
 30
0
 11
36.6114219999999975
 21
-43.3994999999999962
 31
0
  0
LINE
  5
495
330
1B
100
AcDbEntity
  8
B.Cu
  6
CONTINUOUS
100
AcDbLine
 10
36.6114219999999975
 20
-43.3994999999999962
 30
0
 11
36.6113980000000012
 21
-43.3994989999999987
 31
0
  0
LINE
  5
496
330
1B
100
AcDbEntity
  8
B.Cu
  6
CONTINUOUS
100
AcDbLine
 10
36.6113980000000012
 20
-43.3994989999999987
 30
0
 11
36.6062870000000018
 21
-43.3994989999999987
 31
0
  0
LINE
  5
497
330
1B
100
AcDbEntity
  8
B.Cu
  6
CONTINUOUS
100
AcDbLine
 10
36.6062870000000018
 20
-43.3994989999999987
 30
0
 11
36.3937139999999957
 21
-43.3994989999999987
 31
0
  0
LINE
  5
498
330
1B
100
AcDbEntity
  8
B.Cu
  6
CONTINUOUS
100
AcDbLine
 10
36.3937139999999957
 20
-43.3994989999999987
 30
0
 11
36.3450409999999948
 21
-43.4072079999999971
 31
0
  0
LINE
  5
499
330
1B
100
AcDbEntity
  8
B.Cu
  6
CONTINUOUS
100
AcDbLine
 10
36.3450409999999948
 20
-43.4072079999999971
 30
0
 11
36.1837599999999995
 21
-43.4327529999999982
 31
0
  0
LINE
  5
49A
330
1B
100
AcDbEntity
  8
B.Cu
  6
CONTINUOUS
100
AcDbLine
 10
36.1837599999999995
 20
-43.4327529999999982
 30
0
 11
35.9815849999999955
 21
-43.4984439999999992
 31
0
  0
LINE
  5
49B
330
1B
100
AcDbEntity
  8
B.Cu
  6
CONTINUOUS
100
AcDbLine
 10
35.9815849999999955
 20
-43.4984439999999992
 30
0
 11
35.7921789999999973
 21
-43.5949509999999947
 31
0
  0
LINE
  5
49C
330
1B
100
AcDbEntity
  8
B.Cu
  6
CONTINUOUS
100
AcDbLine
 10
35.7921789999999973
 20
-43.5949509999999947
 30
0
 11
35.6202129999999997
 21
-43.7198899999999995
 31
0
  0
LINE
  5
49D
330
1B
100
AcDbEntity
  8
B.Cu
  6
CONTINUOUS
100
AcDbLine
 10
35.6202129999999997
 20
-43.7198899999999995
 30
0
 11
34.9148899999999998
 21
-44.4252129999999994
 31
0
  0
LINE
  5
49E
330
1B
100
AcDbEntity
  8
B.Cu
  6
CONTINUOUS
100
AcDbLine
 10
34.9148899999999998
 20
-44.4252129999999994
 30
0
 11
34.789950999999995
 21
-44.597178999999997
 31
0
  0
LINE
  5
49F
330
1B
100
AcDbEntity
  8
B.Cu
  6
CONTINUOUS
100
AcDbLine
 10
34.789950999999995
 20
-44.597178999999997
 30
0
 11
34.6934439999999995
 21
-44.7865849999999952
 31
0
  0
LINE
  5
4A0
330
1B
100
AcDbEntity
  8
B.Cu
  6
CONTINUOUS
100
AcDbLine
 10
34.6934439999999995
 20
-44.7865849999999952
 30
0
 11
34.6277529999999985
 21
-44.9887599999999992
 31
0
  0
LINE
  5
4A1
330
1B
100
AcDbEntity
  8
B.Cu
  6
CONTINUOUS
100
AcDbLine
 10
34.6277529999999985
 20
-44.9887599999999992
 30
0
 11
34.5944999999999965
 21
-45.1987129999999979
 31
0
  0
LINE
  5
4A2
330
1B
100
AcDbEntity
  8
B.Cu
  6
CONTINUOUS
100
AcDbLine
 10
34.5944999999999965
 20
-45.1987129999999979
 30
0
 11
34.5944999999999965
 21
-46.785499999999999
 31
0
  0
LINE
  5
4A3
330
1B
100
AcDbEntity
  8
B.Cu
  6
CONTINUOUS
100
AcDbLine
 10
34.5944999999999965
 20
-46.785499999999999
 30
0
 11
34.574815000000001
 21
-46.8525390000000002
 31
0
  0
LINE
  5
4A4
330
1B
100
AcDbEntity
  8
B.Cu
  6
CONTINUOUS
100
AcDbLine
 10
34.574815000000001
 20
-46.8525390000000002
 30
0
 11
34.5220109999999991
 21
-46.8982939999999999
 31
0
  0
LINE
  5
4A5
330
1B
100
AcDbEntity
  8
B.Cu
  6
CONTINUOUS
100
AcDbLine
 10
34.5220109999999991
 20
-46.8982939999999999
 30
0
 11
34.4705000000000013
 21
-46.9095000000000013
 31
0
  0
LINE
  5
4A6
330
1B
100
AcDbEntity
  8
B.Cu
  6
CONTINUOUS
100
AcDbLine
 10
34.4705000000000013
 20
-46.9095000000000013
 30
0
 11
32.2044849999999983
 21
-46.9095000000000013
 31
0
  0
LINE
  5
4A7
330
1B
100
AcDbEntity
  8
B.Cu
  6
CONTINUOUS
100
AcDbLine
 10
32.2044849999999983
 20
-46.9095000000000013
 30
0
 11
32.1374459999999971
 21
-46.8898149999999987
 31
0
  0
LINE
  5
4A8
330
1B
100
AcDbEntity
  8
B.Cu
  6
CONTINUOUS
100
AcDbLine
 10
32.1374459999999971
 20
-46.8898149999999987
 30
0
 11
32.1315990000000014
 21
-46.8858180000000004
 31
0
  0
LINE
  5
4A9
330
1B
100
AcDbEntity
  8
B.Cu
  6
CONTINUOUS
100
AcDbLine
 10
32.1315990000000014
 20
-46.8858180000000004
 30
0
 11
32.0800509999999974
 21
-46.8483659999999986
 31
0
  0
LINE
  5
4AA
330
1B
100
AcDbEntity
  8
B.Cu
  6
CONTINUOUS
100
AcDbLine
 10
32.0800509999999974
 20
-46.8483659999999986
 30
0
 11
31.8485759999999978
 21
-46.7304219999999972
 31
0
  0
LINE
  5
4AB
330
1B
100
AcDbEntity
  8
B.Cu
  6
CONTINUOUS
100
AcDbLine
 10
31.8485759999999978
 20
-46.7304219999999972
 30
0
 11
31.6014929999999978
 21
-46.6501400000000004
 31
0
  0
LINE
  5
4AC
330
1B
100
AcDbEntity
  8
B.Cu
  6
CONTINUOUS
100
AcDbLine
 10
31.6014929999999978
 20
-46.6501400000000004
 30
0
 11
31.3449019999999976
 21
-46.609499999999997
 31
0
  0
LINE
  5
4AD
330
1B
100
AcDbEntity
  8
B.Cu
  6
CONTINUOUS
100
AcDbLine
 10
31.3449019999999976
 20
-46.609499999999997
 30
0
 11
31.3448969999999996
 21
-46.609499999999997
 31
0
  0
LINE
  5
4AE
330
1B
100
AcDbEntity
  8
B.Cu
  6
CONTINUOUS
100
AcDbLine
 10
31.3448969999999996
 20
-46.609499999999997
 30
0
 11
31.0851030000000002
 21
-46.609499999999997
 31
0
  0
LINE
  5
4AF
330
1B
100
AcDbEntity
  8
B.Cu
  6
CONTINUOUS
100
AcDbLine
 10
31.0851030000000002
 20
-46.609499999999997
 30
0
 11
31.0850979999999986
 21
-46.609499999999997
 31
0
  0
LINE
  5
4B0
330
1B
100
AcDbEntity
  8
B.Cu
  6
CONTINUOUS
100
AcDbLine
 10
31.0850979999999986
 20
-46.609499999999997
 30
0
 11
30.8285059999999973
 21
-46.6501400000000004
 31
0
  0
LINE
  5
4B1
330
1B
100
AcDbEntity
  8
B.Cu
  6
CONTINUOUS
100
AcDbLine
 10
30.8285059999999973
 20
-46.6501400000000004
 30
0
 11
30.5814229999999974
 21
-46.7304219999999972
 31
0
  0
LINE
  5
4B2
330
1B
100
AcDbEntity
  8
B.Cu
  6
CONTINUOUS
100
AcDbLine
 10
30.5814229999999974
 20
-46.7304219999999972
 30
0
 11
30.3499449999999982
 21
-46.8483680000000007
 31
0
  0
LINE
  5
4B3
330
1B
100
AcDbEntity
  8
B.Cu
  6
CONTINUOUS
100
AcDbLine
 10
30.3499449999999982
 20
-46.8483680000000007
 30
0
 11
30.1397739999999992
 21
-47.0010659999999945
 31
0
  0
LINE
  5
4B4
330
1B
100
AcDbEntity
  8
B.Cu
  6
CONTINUOUS
100
AcDbLine
 10
30.1397739999999992
 20
-47.0010659999999945
 30
0
 11
30.1397680000000001
 21
-47.001070999999996
 31
0
  0
LINE
  5
4B5
330
1B
100
AcDbEntity
  8
B.Cu
  6
CONTINUOUS
100
AcDbLine
 10
30.1397680000000001
 20
-47.001070999999996
 30
0
 11
29.9560709999999979
 21
-47.1847679999999983
 31
0
  0
LINE
  5
4B6
330
1B
100
AcDbEntity
  8
B.Cu
  6
CONTINUOUS
100
AcDbLine
 10
29.9560709999999979
 20
-47.1847679999999983
 30
0
 11
29.9560659999999999
 21
-47.1847739999999973
 31
0
  0
LINE
  5
4B7
330
1B
100
AcDbEntity
  8
B.Cu
  6
CONTINUOUS
100
AcDbLine
 10
29.9560659999999999
 20
-47.1847739999999973
 30
0
 11
29.803367999999999
 21
-47.3949449999999999
 31
0
  0
LINE
  5
4B8
330
1B
100
AcDbEntity
  8
B.Cu
  6
CONTINUOUS
100
AcDbLine
 10
29.803367999999999
 20
-47.3949449999999999
 30
0
 11
29.6854219999999991
 21
-47.6264229999999955
 31
0
  0
LINE
  5
4B9
330
1B
100
AcDbEntity
  8
B.Cu
  6
CONTINUOUS
100
AcDbLine
 10
29.6854219999999991
 20
-47.6264229999999955
 30
0
 11
29.6051399999999987
 21
-47.873505999999999
 31
0
  0
LINE
  5
4BA
330
1B
100
AcDbEntity
  8
B.Cu
  6
CONTINUOUS
100
AcDbLine
 10
29.6051399999999987
 20
-47.873505999999999
 30
0
 11
29.5644999999999989
 21
-48.1300969999999992
 31
0
  0
LINE
  5
4BB
330
1B
100
AcDbEntity
  8
B.Cu
  6
CONTINUOUS
100
AcDbLine
 10
29.5644999999999989
 20
-48.1300969999999992
 30
0
 11
29.5644999999999989
 21
-48.3899019999999993
 31
0
  0
LINE
  5
4BC
330
1B
100
AcDbEntity
  8
B.Cu
  6
CONTINUOUS
100
AcDbLine
 10
29.5644999999999989
 20
-48.3899019999999993
 30
0
 11
29.6051399999999987
 21
-48.6464929999999995
 31
0
  0
LINE
  5
4BD
330
1B
100
AcDbEntity
  8
B.Cu
  6
CONTINUOUS
100
AcDbLine
 10
29.6051399999999987
 20
-48.6464929999999995
 30
0
 11
29.6854219999999991
 21
-48.8935759999999959
 31
0
  0
LINE
  5
4BE
330
1B
100
AcDbEntity
  8
B.Cu
  6
CONTINUOUS
100
AcDbLine
 10
29.6854219999999991
 20
-48.8935759999999959
 30
0
 11
29.766534
 21
-49.0527639999999963
 31
0
  0
LINE
  5
4BF
330
1B
100
AcDbEntity
  8
B.Cu
  6
CONTINUOUS
100
AcDbLine
 10
29.766534
 20
-49.0527639999999963
 30
0
 11
29.8033659999999969
 21
-49.1250509999999991
 31
0
  0
LINE
  5
4C0
330
1B
100
AcDbEntity
  8
B.Cu
  6
CONTINUOUS
100
AcDbLine
 10
29.8033659999999969
 20
-49.1250509999999991
 30
0
 11
29.9560689999999994
 21
-49.3352289999999982
 31
0
  0
LINE
  5
4C1
330
1B
100
AcDbEntity
  8
B.Cu
  6
CONTINUOUS
100
AcDbLine
 10
29.9560689999999994
 20
-49.3352289999999982
 30
0
 11
30.1397709999999996
 21
-49.5189309999999949
 31
0
  0
LINE
  5
4C2
330
1B
100
AcDbEntity
  8
B.Cu
  6
CONTINUOUS
100
AcDbLine
 10
30.1397709999999996
 20
-49.5189309999999949
 30
0
 11
30.3499489999999987
 21
-49.6716339999999974
 31
0
  0
LINE
  5
4C3
330
1B
100
AcDbEntity
  8
B.Cu
  6
CONTINUOUS
100
AcDbLine
 10
30.3499489999999987
 20
-49.6716339999999974
 30
0
 11
30.4904809999999991
 21
-49.7432389999999955
 31
0
  0
LINE
  5
4C4
330
1B
100
AcDbEntity
  8
B.Cu
  6
CONTINUOUS
100
AcDbLine
 10
30.4904809999999991
 20
-49.7432389999999955
 30
0
 11
30.5814229999999974
 21
-49.7895769999999942
 31
0
  0
LINE
  5
4C5
330
1B
100
AcDbEntity
  8
B.Cu
  6
CONTINUOUS
100
AcDbLine
 10
30.5814229999999974
 20
-49.7895769999999942
 30
0
 11
30.5814249999999994
 21
-49.7895769999999942
 31
0
  0
LINE
  5
4C6
330
1B
100
AcDbEntity
  8
B.Cu
  6
CONTINUOUS
100
AcDbLine
 10
30.5814249999999994
 20
-49.7895769999999942
 30
0
 11
30.5814279999999989
 21
-49.7895789999999963
 31
0
  0
LINE
  5
4C7
330
1B
100
AcDbEntity
  8
B.Cu
  6
CONTINUOUS
100
AcDbLine
 10
30.5814279999999989
 20
-49.7895789999999963
 30
0
 11
30.8285069999999983
 21
-49.8698599999999956
 31
0
  0
LINE
  5
4C8
330
1B
100
AcDbEntity
  8
B.Cu
  6
CONTINUOUS
100
AcDbLine
 10
30.8285069999999983
 20
-49.8698599999999956
 30
0
 11
30.9607059999999983
 21
-49.8907969999999992
 31
0
  0
LINE
  5
4C9
330
1B
100
AcDbEntity
  8
B.Cu
  6
CONTINUOUS
100
AcDbLine
 10
30.9607059999999983
 20
-49.8907969999999992
 30
0
 11
31.0850979999999986
 21
-49.910499999999999
 31
0
  0
LINE
  5
4CA
330
1B
100
AcDbEntity
  8
B.Cu
  6
CONTINUOUS
100
AcDbLine
 10
31.0850979999999986
 20
-49.910499999999999
 30
0
 11
31.0851030000000002
 21
-49.910499999999999
 31
0
  0
LINE
  5
4CB
330
1B
100
AcDbEntity
  8
B.Cu
  6
CONTINUOUS
100
AcDbLine
 10
31.0851030000000002
 20
-49.910499999999999
 30
0
 11
31.3449019999999976
 21
-49.910499999999999
 31
0
  0
LINE
  5
4CC
330
1B
100
AcDbEntity
  8
B.Cu
  6
CONTINUOUS
100
AcDbLine
 10
31.3449019999999976
 20
-49.910499999999999
 30
0
 11
31.4582979999999992
 21
-49.8925389999999993
 31
0
  0
LINE
  5
4CD
330
1B
100
AcDbEntity
  8
B.Cu
  6
CONTINUOUS
100
AcDbLine
 10
31.4582979999999992
 20
-49.8925389999999993
 30
0
 11
31.6014929999999978
 21
-49.8698599999999956
 31
0
  0
LINE
  5
4CE
330
1B
100
AcDbEntity
  8
B.Cu
  6
CONTINUOUS
100
AcDbLine
 10
31.6014929999999978
 20
-49.8698599999999956
 30
0
 11
31.8485719999999972
 21
-49.7895789999999963
 31
0
  0
LINE
  5
4CF
330
1B
100
AcDbEntity
  8
B.Cu
  6
CONTINUOUS
100
AcDbLine
 10
31.8485719999999972
 20
-49.7895789999999963
 30
0
 11
32.0800509999999974
 21
-49.6716339999999974
 31
0
  0
LINE
  5
4D0
330
1B
100
AcDbEntity
  8
B.Cu
  6
CONTINUOUS
100
AcDbLine
 10
32.0800509999999974
 20
-49.6716339999999974
 30
0
 11
32.1315990000000014
 21
-49.6341809999999981
 31
0
  0
LINE
  5
4D1
330
1B
100
AcDbEntity
  8
B.Cu
  6
CONTINUOUS
100
AcDbLine
 10
32.1315990000000014
 20
-49.6341809999999981
 30
0
 11
32.1974060000000009
 21
-49.6107019999999963
 31
0
  0
LINE
  5
4D2
330
1B
100
AcDbEntity
  8
B.Cu
  6
CONTINUOUS
100
AcDbLine
 10
32.1974060000000009
 20
-49.6107019999999963
 30
0
 11
32.2044849999999983
 21
-49.6104999999999947
 31
0
  0
LINE
  5
4D3
330
1B
100
AcDbEntity
  8
B.Cu
  6
CONTINUOUS
100
AcDbLine
 10
32.2044849999999983
 20
-49.6104999999999947
 30
0
 11
34.9555149999999983
 21
-49.6104999999999947
 31
0
  0
LINE
  5
4D4
330
1B
100
AcDbEntity
  8
B.Cu
  6
CONTINUOUS
100
AcDbLine
 10
34.9555149999999983
 20
-49.6104999999999947
 30
0
 11
35.0225539999999995
 21
-49.6301849999999973
 31
0
  0
LINE
  5
4D5
330
1B
100
AcDbEntity
  8
B.Cu
  6
CONTINUOUS
100
AcDbLine
 10
35.0225539999999995
 20
-49.6301849999999973
 30
0
 11
35.0283930000000012
 21
-49.6341770000000011
 31
0
  0
LINE
  5
4D6
330
1B
100
AcDbEntity
  8
B.Cu
  6
CONTINUOUS
100
AcDbLine
 10
35.0283930000000012
 20
-49.6341770000000011
 30
0
 11
35.0799489999999992
 21
-49.6716339999999974
 31
0
  0
LINE
  5
4D7
330
1B
100
AcDbEntity
  8
B.Cu
  6
CONTINUOUS
100
AcDbLine
 10
35.0799489999999992
 20
-49.6716339999999974
 30
0
 11
35.1509599999999978
 21
-49.7078160000000011
 31
0
  0
LINE
  5
4D8
330
1B
100
AcDbEntity
  8
B.Cu
  6
CONTINUOUS
100
AcDbLine
 10
35.1509599999999978
 20
-49.7078160000000011
 30
0
 11
35.3114229999999978
 21
-49.7895769999999942
 31
0
  0
LINE
  5
4D9
330
1B
100
AcDbEntity
  8
B.Cu
  6
CONTINUOUS
100
AcDbLine
 10
35.3114229999999978
 20
-49.7895769999999942
 30
0
 11
35.3114249999999998
 21
-49.7895769999999942
 31
0
  0
LINE
  5
4DA
330
1B
100
AcDbEntity
  8
B.Cu
  6
CONTINUOUS
100
AcDbLine
 10
35.3114249999999998
 20
-49.7895769999999942
 30
0
 11
35.3114279999999994
 21
-49.7895789999999963
 31
0
  0
LINE
  5
4DB
330
1B
100
AcDbEntity
  8
B.Cu
  6
CONTINUOUS
100
AcDbLine
 10
35.3114279999999994
 20
-49.7895789999999963
 30
0
 11
35.5585069999999988
 21
-49.8698599999999956
 31
0
  0
LINE
  5
4DC
330
1B
100
AcDbEntity
  8
B.Cu
  6
CONTINUOUS
100
AcDbLine
 10
35.5585069999999988
 20
-49.8698599999999956
 30
0
 11
35.6907059999999987
 21
-49.8907969999999992
 31
0
  0
LINE
  5
4DD
330
1B
100
AcDbEntity
  8
B.Cu
  6
CONTINUOUS
100
AcDbLine
 10
35.6907059999999987
 20
-49.8907969999999992
 30
0
 11
35.815097999999999
 21
-49.910499999999999
 31
0
  0
LINE
  5
4DE
330
1B
100
AcDbEntity
  8
B.Cu
  6
CONTINUOUS
100
AcDbLine
 10
35.815097999999999
 20
-49.910499999999999
 30
0
 11
35.8151030000000006
 21
-49.910499999999999
 31
0
  0
LINE
  5
4DF
330
1B
100
AcDbEntity
  8
B.Cu
  6
CONTINUOUS
100
AcDbLine
 10
35.8151030000000006
 20
-49.910499999999999
 30
0
 11
36.0749020000000016
 21
-49.910499999999999
 31
0
  0
LINE
  5
4E0
330
1B
100
AcDbEntity
  8
B.Cu
  6
CONTINUOUS
100
AcDbLine
 10
36.0749020000000016
 20
-49.910499999999999
 30
0
 11
36.1882979999999961
 21
-49.8925389999999993
 31
0
  0
LINE
  5
4E1
330
1B
100
AcDbEntity
  8
B.Cu
  6
CONTINUOUS
100
AcDbLine
 10
36.1882979999999961
 20
-49.8925389999999993
 30
0
 11
36.3314930000000018
 21
-49.8698599999999956
 31
0
  0
LINE
  5
4E2
330
1B
100
AcDbEntity
  8
B.Cu
  6
CONTINUOUS
100
AcDbLine
 10
36.3314930000000018
 20
-49.8698599999999956
 30
0
 11
36.5785720000000012
 21
-49.7895789999999963
 31
0
  0
LINE
  5
4E3
330
1B
100
AcDbEntity
  8
B.Cu
  6
CONTINUOUS
100
AcDbLine
 10
36.5785720000000012
 20
-49.7895789999999963
 30
0
 11
36.8100510000000014
 21
-49.6716339999999974
 31
0
  0
LINE
  5
4E4
330
1B
100
AcDbEntity
  8
B.Cu
  6
CONTINUOUS
100
AcDbLine
 10
36.8100510000000014
 20
-49.6716339999999974
 30
0
 11
37.0202290000000005
 21
-49.5189309999999949
 31
0
  0
LINE
  5
4E5
330
1B
100
AcDbEntity
  8
B.Cu
  6
CONTINUOUS
100
AcDbLine
 10
37.0202290000000005
 20
-49.5189309999999949
 30
0
 11
37.2039309999999972
 21
-49.3352289999999982
 31
0
  0
LINE
  5
4E6
330
1B
100
AcDbEntity
  8
B.Cu
  6
CONTINUOUS
100
AcDbLine
 10
37.2039309999999972
 20
-49.3352289999999982
 30
0
 11
37.3566339999999997
 21
-49.1250509999999991
 31
0
  0
LINE
  5
4E7
330
1B
100
AcDbEntity
  8
B.Cu
  6
CONTINUOUS
100
AcDbLine
 10
37.3566339999999997
 20
-49.1250509999999991
 30
0
 11
37.4745789999999985
 21
-48.8935719999999989
 31
0
  0
LINE
  5
4E8
330
1B
100
AcDbEntity
  8
B.Cu
  6
CONTINUOUS
100
AcDbLine
 10
37.4745789999999985
 20
-48.8935719999999989
 30
0
 11
37.5548599999999979
 21
-48.6464929999999995
 31
0
  0
LINE
  5
4E9
330
1B
100
AcDbEntity
  8
B.Cu
  6
CONTINUOUS
100
AcDbLine
 10
37.5548599999999979
 20
-48.6464929999999995
 30
0
 11
37.5874689999999987
 21
-48.4406040000000004
 31
0
  0
LINE
  5
4EA
330
1B
100
AcDbEntity
  8
B.Cu
  6
CONTINUOUS
100
AcDbLine
 10
37.5874689999999987
 20
-48.4406040000000004
 30
0
 11
37.5955000000000013
 21
-48.3899019999999993
 31
0
  0
LINE
  5
4EB
330
1B
100
AcDbEntity
  8
B.Cu
  6
CONTINUOUS
100
AcDbLine
 10
37.5955000000000013
 20
-48.3899019999999993
 30
0
 11
37.5955000000000013
 21
-48.1300969999999992
 31
0
  0
LINE
  5
4EC
330
1B
100
AcDbEntity
  8
B.Cu
  6
CONTINUOUS
100
AcDbLine
 10
37.5955000000000013
 20
-48.1300969999999992
 30
0
 11
37.5616029999999981
 21
-47.9160830000000004
 31
0
  0
LINE
  5
4ED
330
1B
100
AcDbEntity
  8
B.Cu
  6
CONTINUOUS
100
AcDbLine
 10
37.5616029999999981
 20
-47.9160830000000004
 30
0
 11
37.5548599999999979
 21
-47.8735069999999965
 31
0
  0
LINE
  5
4EE
330
1B
100
AcDbEntity
  8
B.Cu
  6
CONTINUOUS
100
AcDbLine
 10
37.5548599999999979
 20
-47.8735069999999965
 30
0
 11
37.4745789999999985
 21
-47.6264279999999971
 31
0
  0
LINE
  5
4EF
330
1B
100
AcDbEntity
  8
B.Cu
  6
CONTINUOUS
100
AcDbLine
 10
37.4745789999999985
 20
-47.6264279999999971
 30
0
 11
37.4745769999999965
 21
-47.6264249999999976
 31
0
  0
LINE
  5
4F0
330
1B
100
AcDbEntity
  8
B.Cu
  6
CONTINUOUS
100
AcDbLine
 10
37.4745769999999965
 20
-47.6264249999999976
 30
0
 11
37.4745769999999965
 21
-47.6264229999999955
 31
0
  0
LINE
  5
4F1
330
1B
100
AcDbEntity
  8
B.Cu
  6
CONTINUOUS
100
AcDbLine
 10
37.4745769999999965
 20
-47.6264229999999955
 30
0
 11
37.4123570000000001
 21
-47.5043119999999988
 31
0
  0
LINE
  5
4F2
330
1B
100
AcDbEntity
  8
B.Cu
  6
CONTINUOUS
100
AcDbLine
 10
37.4123570000000001
 20
-47.5043119999999988
 30
0
 11
37.3566339999999997
 21
-47.3949489999999969
 31
0
  0
LINE
  5
4F3
330
1B
100
AcDbEntity
  8
B.Cu
  6
CONTINUOUS
100
AcDbLine
 10
37.3566339999999997
 20
-47.3949489999999969
 30
0
 11
37.3191810000000004
 21
-47.3433999999999955
 31
0
  0
LINE
  5
4F4
330
1B
100
AcDbEntity
  8
B.Cu
  6
CONTINUOUS
100
AcDbLine
 10
37.3191810000000004
 20
-47.3433999999999955
 30
0
 11
37.2957019999999986
 21
-47.2775940000000006
 31
0
  0
LINE
  5
4F5
330
1B
100
AcDbEntity
  8
B.Cu
  6
CONTINUOUS
100
AcDbLine
 10
37.2957019999999986
 20
-47.2775940000000006
 30
0
 11
37.295499999999997
 21
-47.2705149999999961
 31
0
  0
LINE
  5
4F6
330
1B
100
AcDbEntity
  8
B.Cu
  6
CONTINUOUS
100
AcDbLine
 10
37.295499999999997
 20
-47.2705149999999961
 30
0
 11
37.295499999999997
 21
-46.224499999999999
 31
0
  0
LINE
  5
4F7
330
1B
100
AcDbEntity
  8
B.Cu
  6
CONTINUOUS
100
AcDbLine
 10
37.295499999999997
 20
-46.224499999999999
 30
0
 11
37.3151849999999996
 21
-46.1574609999999979
 31
0
  0
LINE
  5
4F8
330
1B
100
AcDbEntity
  8
B.Cu
  6
CONTINUOUS
100
AcDbLine
 10
37.3151849999999996
 20
-46.1574609999999979
 30
0
 11
37.3679890000000015
 21
-46.1117059999999981
 31
0
  0
LINE
  5
4F9
330
1B
100
AcDbEntity
  8
B.Cu
  6
CONTINUOUS
100
AcDbLine
 10
37.3679890000000015
 20
-46.1117059999999981
 30
0
 11
37.4194999999999993
 21
-46.1004999999999967
 31
0
  0
LINE
  5
4FA
330
1B
100
AcDbEntity
  8
B.Cu
  6
CONTINUOUS
100
AcDbLine
 10
37.4194999999999993
 20
-46.1004999999999967
 30
0
 11
40.3892430000000004
 21
-46.1004999999999967
 31
0
  0
LINE
  5
4FB
330
1B
100
AcDbEntity
  8
B.Cu
  6
CONTINUOUS
100
AcDbLine
 10
40.3892430000000004
 20
-46.1004999999999967
 30
0
 11
40.4562820000000016
 21
-46.1201849999999993
 31
0
  0
LINE
  5
4FC
330
1B
100
AcDbEntity
  8
B.Cu
  6
CONTINUOUS
100
AcDbLine
 10
40.4562820000000016
 20
-46.1201849999999993
 30
0
 11
40.4769239999999968
 21
-46.1368189999999956
 31
0
  0
LINE
  5
4FD
330
1B
100
AcDbEntity
  8
B.Cu
  6
CONTINUOUS
100
AcDbLine
 10
40.4769239999999968
 20
-46.1368189999999956
 30
0
 11
42.3631809999999973
 21
-48.0230759999999961
 31
0
  0
LINE
  5
4FE
330
1B
100
AcDbEntity
  8
B.Cu
  6
CONTINUOUS
100
AcDbLine
 10
42.3631809999999973
 20
-48.0230759999999961
 30
0
 11
42.3966659999999962
 21
-48.0843989999999977
 31
0
  0
LINE
  5
4FF
330
1B
100
AcDbEntity
  8
B.Cu
  6
CONTINUOUS
100
AcDbLine
 10
42.3966659999999962
 20
-48.0843989999999977
 30
0
 11
42.3994999999999962
 21
-48.1107569999999996
 31
0
  0
LINE
  5
500
330
1B
100
AcDbEntity
  8
B.Cu
  6
CONTINUOUS
100
AcDbLine
 10
42.3994999999999962
 20
-48.1107569999999996
 30
0
 11
42.3994999999999962
 21
-49.1062869999999947
 31
0
  0
LINE
  5
501
330
1B
100
AcDbEntity
  8
B.Cu
  6
CONTINUOUS
100
AcDbLine
 10
42.3994999999999962
 20
-49.1062869999999947
 30
0
 11
42.4095340000000007
 21
-49.1696439999999981
 31
0
  0
LINE
  5
502
330
1B
100
AcDbEntity
  8
B.Cu
  6
CONTINUOUS
100
AcDbLine
 10
42.4095340000000007
 20
-49.1696439999999981
 30
0
 11
42.4306009999999958
 21
-49.3026539999999969
 31
0
  0
LINE
  5
503
330
1B
100
AcDbEntity
  8
B.Cu
  6
CONTINUOUS
100
AcDbLine
 10
42.4306009999999958
 20
-49.3026539999999969
 30
0
 11
42.4327539999999956
 21
-49.3162430000000001
 31
0
  0
LINE
  5
504
330
1B
100
AcDbEntity
  8
B.Cu
  6
CONTINUOUS
100
AcDbLine
 10
42.4327539999999956
 20
-49.3162430000000001
 30
0
 11
42.4862210000000005
 21
-49.4807980000000001
 31
0
  0
LINE
  5
505
330
1B
100
AcDbEntity
  8
B.Cu
  6
CONTINUOUS
100
AcDbLine
 10
42.4862210000000005
 20
-49.4807980000000001
 30
0
 11
42.4984439999999992
 21
-49.5184139999999999
 31
0
  0
LINE
  5
506
330
1B
100
AcDbEntity
  8
B.Cu
  6
CONTINUOUS
100
AcDbLine
 10
42.4984439999999992
 20
-49.5184139999999999
 30
0
 11
42.5949509999999947
 21
-49.7078199999999981
 31
0
  0
LINE
  5
507
330
1B
100
AcDbEntity
  8
B.Cu
  6
CONTINUOUS
100
AcDbLine
 10
42.5949509999999947
 20
-49.7078199999999981
 30
0
 11
42.7198889999999949
 21
-49.8797840000000008
 31
0
  0
LINE
  5
508
330
1B
100
AcDbEntity
  8
B.Cu
  6
CONTINUOUS
100
AcDbLine
 10
42.7198889999999949
 20
-49.8797840000000008
 30
0
 11
42.719892999999999
 21
-49.8797879999999978
 31
0
  0
LINE
  5
509
330
1B
100
AcDbEntity
  8
B.Cu
  6
CONTINUOUS
100
AcDbLine
 10
42.719892999999999
 20
-49.8797879999999978
 30
0
 11
42.7198959999999985
 21
-49.8797919999999948
 31
0
  0
LINE
  5
50A
330
1B
100
AcDbEntity
  8
B.Cu
  6
CONTINUOUS
100
AcDbLine
 10
42.7198959999999985
 20
-49.8797919999999948
 30
0
 11
42.8702079999999981
 21
-50.0301039999999944
 31
0
  0
LINE
  5
50B
330
1B
100
AcDbEntity
  8
B.Cu
  6
CONTINUOUS
100
AcDbLine
 10
42.8702079999999981
 20
-50.0301039999999944
 30
0
 11
42.8745380000000011
 21
-50.0344339999999974
 31
0
  0
LINE
  5
50C
330
1B
100
AcDbEntity
  8
B.Cu
  6
CONTINUOUS
100
AcDbLine
 10
42.8745380000000011
 20
-50.0344339999999974
 30
0
 11
42.8745489999999947
 21
-50.0344440000000006
 31
0
  0
LINE
  5
50D
330
1B
100
AcDbEntity
  8
B.Cu
  6
CONTINUOUS
100
AcDbLine
 10
42.8745489999999947
 20
-50.0344440000000006
 30
0
 11
43.7779230000000013
 21
-50.9378189999999975
 31
0
  0
LINE
  5
50E
330
1B
100
AcDbEntity
  8
B.Cu
  6
CONTINUOUS
100
AcDbLine
 10
43.7779230000000013
 20
-50.9378189999999975
 30
0
 11
43.8114080000000001
 21
-50.9991419999999991
 31
0
  0
LINE
  5
50F
330
1B
100
AcDbEntity
  8
B.Cu
  6
CONTINUOUS
100
AcDbLine
 10
43.8114080000000001
 20
-50.9991419999999991
 30
0
 11
43.8064239999999998
 21
-51.0688339999999954
 31
0
  0
LINE
  5
510
330
1B
100
AcDbEntity
  8
B.Cu
  6
CONTINUOUS
100
AcDbLine
 10
43.8064239999999998
 20
-51.0688339999999954
 30
0
 11
43.7645519999999948
 21
-51.1247669999999985
 31
0
  0
LINE
  5
511
330
1B
100
AcDbEntity
  8
B.Cu
  6
CONTINUOUS
100
AcDbLine
 10
43.7645519999999948
 20
-51.1247669999999985
 30
0
 11
43.6990879999999962
 21
-51.1491839999999982
 31
0
  0
LINE
  5
512
330
1B
100
AcDbEntity
  8
B.Cu
  6
CONTINUOUS
100
AcDbLine
 10
43.6990879999999962
 20
-51.1491839999999982
 30
0
 11
43.6902419999999978
 21
-51.1494999999999962
 31
0
  0
LINE
  5
513
330
1B
100
AcDbEntity
  8
B.Cu
  6
CONTINUOUS
100
AcDbLine
 10
43.6902419999999978
 20
-51.1494999999999962
 30
0
 11
42.8114220000000003
 21
-51.1494999999999962
 31
0
  0
LINE
  5
514
330
1B
100
AcDbEntity
  8
B.Cu
  6
CONTINUOUS
100
AcDbLine
 10
42.8114220000000003
 20
-51.1494999999999962
 30
0
 11
42.811397999999997
 21
-51.1494989999999987
 31
0
  0
LINE
  5
515
330
1B
100
AcDbEntity
  8
B.Cu
  6
CONTINUOUS
100
AcDbLine
 10
42.811397999999997
 20
-51.1494989999999987
 30
0
 11
42.8062869999999975
 21
-51.1494989999999987
 31
0
  0
LINE
  5
516
330
1B
100
AcDbEntity
  8
B.Cu
  6
CONTINUOUS
100
AcDbLine
 10
42.8062869999999975
 20
-51.1494989999999987
 30
0
 11
42.593713000000001
 21
-51.1494989999999987
 31
0
  0
LINE
  5
517
330
1B
100
AcDbEntity
  8
B.Cu
  6
CONTINUOUS
100
AcDbLine
 10
42.593713000000001
 20
-51.1494989999999987
 30
0
 11
42.5450400000000002
 21
-51.1572079999999971
 31
0
  0
LINE
  5
518
330
1B
100
AcDbEntity
  8
B.Cu
  6
CONTINUOUS
100
AcDbLine
 10
42.5450400000000002
 20
-51.1572079999999971
 30
0
 11
42.3837599999999952
 21
-51.1827529999999982
 31
0
  0
LINE
  5
519
330
1B
100
AcDbEntity
  8
B.Cu
  6
CONTINUOUS
100
AcDbLine
 10
42.3837599999999952
 20
-51.1827529999999982
 30
0
 11
42.1815849999999983
 21
-51.2484439999999992
 31
0
  0
LINE
  5
51A
330
1B
100
AcDbEntity
  8
B.Cu
  6
CONTINUOUS
100
AcDbLine
 10
42.1815849999999983
 20
-51.2484439999999992
 30
0
 11
41.9921790000000001
 21
-51.3449509999999947
 31
0
  0
LINE
  5
51B
330
1B
100
AcDbEntity
  8
B.Cu
  6
CONTINUOUS
100
AcDbLine
 10
41.9921790000000001
 20
-51.3449509999999947
 30
0
 11
41.8202129999999954
 21
-51.4698899999999995
 31
0
  0
LINE
  5
51C
330
1B
100
AcDbEntity
  8
B.Cu
  6
CONTINUOUS
100
AcDbLine
 10
41.8202129999999954
 20
-51.4698899999999995
 30
0
 11
41.8202089999999984
 21
-51.4698939999999965
 31
0
  0
LINE
  5
51D
330
1B
100
AcDbEntity
  8
B.Cu
  6
CONTINUOUS
100
AcDbLine
 10
41.8202089999999984
 20
-51.4698939999999965
 30
0
 11
41.6698929999999947
 21
-51.6202109999999976
 31
0
  0
LINE
  5
51E
330
1B
100
AcDbEntity
  8
B.Cu
  6
CONTINUOUS
100
AcDbLine
 10
41.6698929999999947
 20
-51.6202109999999976
 30
0
 11
40.7376799999999974
 21
-52.5524229999999974
 31
0
  0
LINE
  5
51F
330
1B
100
AcDbEntity
  8
B.Cu
  6
CONTINUOUS
100
AcDbLine
 10
40.7376799999999974
 20
-52.5524229999999974
 30
0
 11
40.6763569999999959
 21
-52.5859079999999963
 31
0
  0
LINE
  5
520
330
1B
100
AcDbEntity
  8
B.Cu
  6
CONTINUOUS
100
AcDbLine
 10
40.6763569999999959
 20
-52.5859079999999963
 30
0
 11
40.6066649999999996
 21
-52.580923999999996
 31
0
  0
LINE
  5
521
330
1B
100
AcDbEntity
  8
B.Cu
  6
CONTINUOUS
100
AcDbLine
 10
40.6066649999999996
 20
-52.580923999999996
 30
0
 11
40.5623199999999997
 21
-52.5524239999999949
 31
0
  0
LINE
  5
522
330
1B
100
AcDbEntity
  8
B.Cu
  6
CONTINUOUS
100
AcDbLine
 10
40.5623199999999997
 20
-52.5524239999999949
 30
0
 11
39.7344429999999988
 21
-51.7245479999999986
 31
0
  0
LINE
  5
523
330
1B
100
AcDbEntity
  8
B.Cu
  6
CONTINUOUS
100
AcDbLine
 10
39.7344429999999988
 20
-51.7245479999999986
 30
0
 11
39.7344349999999977
 21
-51.724539
 31
0
  0
LINE
  5
524
330
1B
100
AcDbEntity
  8
B.Cu
  6
CONTINUOUS
100
AcDbLine
 10
39.7344349999999977
 20
-51.724539
 30
0
 11
39.7301039999999972
 21
-51.7202079999999995
 31
0
  0
LINE
  5
525
330
1B
100
AcDbEntity
  8
B.Cu
  6
CONTINUOUS
100
AcDbLine
 10
39.7301039999999972
 20
-51.7202079999999995
 30
0
 11
39.5797919999999976
 21
-51.569896
 31
0
  0
LINE
  5
526
330
1B
100
AcDbEntity
  8
B.Cu
  6
CONTINUOUS
100
AcDbLine
 10
39.5797919999999976
 20
-51.569896
 30
0
 11
39.5797880000000006
 21
-51.5698930000000004
 31
0
  0
LINE
  5
527
330
1B
100
AcDbEntity
  8
B.Cu
  6
CONTINUOUS
100
AcDbLine
 10
39.5797880000000006
 20
-51.5698930000000004
 30
0
 11
39.5797839999999965
 21
-51.5698889999999963
 31
0
  0
LINE
  5
528
330
1B
100
AcDbEntity
  8
B.Cu
  6
CONTINUOUS
100
AcDbLine
 10
39.5797839999999965
 20
-51.5698889999999963
 30
0
 11
39.407820000000001
 21
-51.4449509999999961
 31
0
  0
LINE
  5
529
330
1B
100
AcDbEntity
  8
B.Cu
  6
CONTINUOUS
100
AcDbLine
 10
39.407820000000001
 20
-51.4449509999999961
 30
0
 11
39.2184139999999957
 21
-51.3484440000000006
 31
0
  0
LINE
  5
52A
330
1B
100
AcDbEntity
  8
B.Cu
  6
CONTINUOUS
100
AcDbLine
 10
39.2184139999999957
 20
-51.3484440000000006
 30
0
 11
39.2184129999999982
 21
-51.3484429999999961
 31
0
  0
LINE
  5
52B
330
1B
100
AcDbEntity
  8
B.Cu
  6
CONTINUOUS
100
AcDbLine
 10
39.2184129999999982
 20
-51.3484429999999961
 30
0
 11
39.2184120000000007
 21
-51.3484429999999961
 31
0
  0
LINE
  5
52C
330
1B
100
AcDbEntity
  8
B.Cu
  6
CONTINUOUS
100
AcDbLine
 10
39.2184120000000007
 20
-51.3484429999999961
 30
0
 11
39.0162429999999958
 21
-51.2827539999999971
 31
0
  0
LINE
  5
52D
330
1B
100
AcDbEntity
  8
B.Cu
  6
CONTINUOUS
100
AcDbLine
 10
39.0162429999999958
 20
-51.2827539999999971
 30
0
 11
39.0162410000000008
 21
-51.2827529999999996
 31
0
  0
LINE
  5
52E
330
1B
100
AcDbEntity
  8
B.Cu
  6
CONTINUOUS
100
AcDbLine
 10
39.0162410000000008
 20
-51.2827529999999996
 30
0
 11
39.0162399999999963
 21
-51.2827529999999996
 31
0
  0
LINE
  5
52F
330
1B
100
AcDbEntity
  8
B.Cu
  6
CONTINUOUS
100
AcDbLine
 10
39.0162399999999963
 20
-51.2827529999999996
 30
0
 11
38.8549569999999989
 21
-51.2572079999999985
 31
0
  0
LINE
  5
530
330
1B
100
AcDbEntity
  8
B.Cu
  6
CONTINUOUS
100
AcDbLine
 10
38.8549569999999989
 20
-51.2572079999999985
 30
0
 11
38.8062869999999975
 21
-51.2494999999999976
 31
0
  0
LINE
  5
531
330
1B
100
AcDbEntity
  8
B.Cu
  6
CONTINUOUS
100
AcDbLine
 10
38.8062869999999975
 20
-51.2494999999999976
 30
0
 11
32.0062859999999958
 21
-51.2494999999999976
 31
0
  0
LINE
  5
532
330
1B
100
AcDbEntity
  8
B.Cu
  6
CONTINUOUS
100
AcDbLine
 10
32.0062859999999958
 20
-51.2494999999999976
 30
0
 11
31.7937130000000003
 21
-51.2494999999999976
 31
0
  0
LINE
  5
533
330
1B
100
AcDbEntity
  8
B.Cu
  6
CONTINUOUS
100
AcDbLine
 10
31.7937130000000003
 20
-51.2494999999999976
 30
0
 11
31.745041999999998
 21
-51.2572079999999985
 31
0
  0
LINE
  5
534
330
1B
100
AcDbEntity
  8
B.Cu
  6
CONTINUOUS
100
AcDbLine
 10
31.745041999999998
 20
-51.2572079999999985
 30
0
 11
31.5837599999999981
 21
-51.2827529999999996
 31
0
  0
LINE
  5
535
330
1B
100
AcDbEntity
  8
B.Cu
  6
CONTINUOUS
100
AcDbLine
 10
31.5837599999999981
 20
-51.2827529999999996
 30
0
 11
31.3815849999999976
 21
-51.3484440000000006
 31
0
  0
LINE
  5
536
330
1B
100
AcDbEntity
  8
B.Cu
  6
CONTINUOUS
100
AcDbLine
 10
31.3815849999999976
 20
-51.3484440000000006
 30
0
 11
31.1921789999999994
 21
-51.4449509999999961
 31
0
  0
LINE
  5
537
330
1B
100
AcDbEntity
  8
B.Cu
  6
CONTINUOUS
100
AcDbLine
 10
31.1921789999999994
 20
-51.4449509999999961
 30
0
 11
31.0202129999999983
 21
-51.5698900000000009
 31
0
  0
LINE
  5
538
330
1B
100
AcDbEntity
  8
B.Cu
  6
CONTINUOUS
100
AcDbLine
 10
31.0202129999999983
 20
-51.5698900000000009
 30
0
 11
29.6648899999999998
 21
-52.9252129999999994
 31
0
  0
LINE
  5
539
330
1B
100
AcDbEntity
  8
B.Cu
  6
CONTINUOUS
100
AcDbLine
 10
29.6648899999999998
 20
-52.9252129999999994
 30
0
 11
29.5399509999999985
 21
-53.097178999999997
 31
0
  0
LINE
  5
53A
330
1B
100
AcDbEntity
  8
B.Cu
  6
CONTINUOUS
100
AcDbLine
 10
29.5399509999999985
 20
-53.097178999999997
 30
0
 11
29.4434439999999995
 21
-53.2865849999999952
 31
0
  0
LINE
  5
53B
330
1B
100
AcDbEntity
  8
B.Cu
  6
CONTINUOUS
100
AcDbLine
 10
29.4434439999999995
 20
-53.2865849999999952
 30
0
 11
29.3777529999999985
 21
-53.4887599999999992
 31
0
  0
LINE
  5
53C
330
1B
100
AcDbEntity
  8
B.Cu
  6
CONTINUOUS
100
AcDbLine
 10
29.3777529999999985
 20
-53.4887599999999992
 30
0
 11
29.3445
 21
-53.6987129999999979
 31
0
  0
LINE
  5
53D
330
1B
100
AcDbEntity
  8
B.Cu
  6
CONTINUOUS
100
AcDbLine
 10
29.3445
 20
-53.6987129999999979
 30
0
 11
29.3445
 21
-54.8905150000000006
 31
0
  0
LINE
  5
53E
330
1B
100
AcDbEntity
  8
B.Cu
  6
CONTINUOUS
100
AcDbLine
 10
29.3445
 20
-54.8905150000000006
 30
0
 11
29.3248149999999974
 21
-54.9575539999999947
 31
0
  0
LINE
  5
53F
330
1B
100
AcDbEntity
  8
B.Cu
  6
CONTINUOUS
100
AcDbLine
 10
29.3248149999999974
 20
-54.9575539999999947
 30
0
 11
29.3208179999999992
 21
-54.9634009999999975
 31
0
  0
LINE
  5
540
330
1B
100
AcDbEntity
  8
B.Cu
  6
CONTINUOUS
100
AcDbLine
 10
29.3208179999999992
 20
-54.9634009999999975
 30
0
 11
29.2833659999999973
 21
-55.0149479999999969
 31
0
  0
LINE
  5
541
330
1B
100
AcDbEntity
  8
B.Cu
  6
CONTINUOUS
100
AcDbLine
 10
29.2833659999999973
 20
-55.0149479999999969
 30
0
 11
29.1654219999999995
 21
-55.2464230000000001
 31
0
  0
LINE
  5
542
330
1B
100
AcDbEntity
  8
B.Cu
  6
CONTINUOUS
100
AcDbLine
 10
29.1654219999999995
 20
-55.2464230000000001
 30
0
 11
29.0851399999999991
 21
-55.4935059999999964
 31
0
  0
LINE
  5
543
330
1B
100
AcDbEntity
  8
B.Cu
  6
CONTINUOUS
100
AcDbLine
 10
29.0851399999999991
 20
-55.4935059999999964
 30
0
 11
29.0444999999999993
 21
-55.7500969999999967
 31
0
  0
LINE
  5
544
330
1B
100
AcDbEntity
  8
B.Cu
  6
CONTINUOUS
100
AcDbLine
 10
29.0444999999999993
 20
-55.7500969999999967
 30
0
 11
29.0444999999999993
 21
-56.0099019999999967
 31
0
  0
LINE
  5
545
330
1B
100
AcDbEntity
  8
B.Cu
  6
CONTINUOUS
100
AcDbLine
 10
29.0444999999999993
 20
-56.0099019999999967
 30
0
 11
29.0851399999999991
 21
-56.266492999999997
 31
0
  0
LINE
  5
546
330
1B
100
AcDbEntity
  8
B.Cu
  6
CONTINUOUS
100
AcDbLine
 10
29.0851399999999991
 20
-56.266492999999997
 30
0
 11
29.1654219999999995
 21
-56.5135760000000005
 31
0
  0
LINE
  5
547
330
1B
100
AcDbEntity
  8
B.Cu
  6
CONTINUOUS
100
AcDbLine
 10
29.1654219999999995
 20
-56.5135760000000005
 30
0
 11
29.2833679999999994
 21
-56.7450539999999961
 31
0
  0
LINE
  5
548
330
1B
100
AcDbEntity
  8
B.Cu
  6
CONTINUOUS
100
AcDbLine
 10
29.2833679999999994
 20
-56.7450539999999961
 30
0
 11
29.4360660000000003
 21
-56.9552249999999987
 31
0
  0
LINE
  5
549
330
1B
100
AcDbEntity
  8
B.Cu
  6
CONTINUOUS
100
AcDbLine
 10
29.4360660000000003
 20
-56.9552249999999987
 30
0
 11
29.4360689999999998
 21
-56.9552289999999957
 31
0
  0
LINE
  5
54A
330
1B
100
AcDbEntity
  8
B.Cu
  6
CONTINUOUS
100
AcDbLine
 10
29.4360689999999998
 20
-56.9552289999999957
 30
0
 11
29.6197710000000001
 21
-57.1389309999999995
 31
0
  0
LINE
  5
54B
330
1B
100
AcDbEntity
  8
B.Cu
  6
CONTINUOUS
100
AcDbLine
 10
29.6197710000000001
 20
-57.1389309999999995
 30
0
 11
29.8299489999999992
 21
-57.2916339999999948
 31
0
  0
LINE
  5
54C
330
1B
100
AcDbEntity
  8
B.Cu
  6
CONTINUOUS
100
AcDbLine
 10
29.8299489999999992
 20
-57.2916339999999948
 30
0
 11
29.9774449999999995
 21
-57.3667869999999951
 31
0
  0
LINE
  5
54D
330
1B
100
AcDbEntity
  8
B.Cu
  6
CONTINUOUS
100
AcDbLine
 10
29.9774449999999995
 20
-57.3667869999999951
 30
0
 11
30.0614229999999978
 21
-57.4095769999999987
 31
0
  0
LINE
  5
54E
330
1B
100
AcDbEntity
  8
B.Cu
  6
CONTINUOUS
100
AcDbLine
 10
30.0614229999999978
 20
-57.4095769999999987
 30
0
 11
30.0614249999999998
 21
-57.4095769999999987
 31
0
  0
LINE
  5
54F
330
1B
100
AcDbEntity
  8
B.Cu
  6
CONTINUOUS
100
AcDbLine
 10
30.0614249999999998
 20
-57.4095769999999987
 30
0
 11
30.0614279999999994
 21
-57.4095790000000008
 31
0
  0
LINE
  5
550
330
1B
100
AcDbEntity
  8
B.Cu
  6
CONTINUOUS
100
AcDbLine
 10
30.0614279999999994
 20
-57.4095790000000008
 30
0
 11
30.3085069999999988
 21
-57.4898600000000002
 31
0
  0
LINE
  5
551
330
1B
100
AcDbEntity
  8
B.Cu
  6
CONTINUOUS
100
AcDbLine
 10
30.3085069999999988
 20
-57.4898600000000002
 30
0
 11
30.4407059999999987
 21
-57.5107969999999966
 31
0
  0
LINE
  5
552
330
1B
100
AcDbEntity
  8
B.Cu
  6
CONTINUOUS
100
AcDbLine
 10
30.4407059999999987
 20
-57.5107969999999966
 30
0
 11
30.565097999999999
 21
-57.5304999999999964
 31
0
  0
LINE
  5
553
330
1B
100
AcDbEntity
  8
B.Cu
  6
CONTINUOUS
100
AcDbLine
 10
30.565097999999999
 20
-57.5304999999999964
 30
0
 11
30.565102999999997
 21
-57.5304999999999964
 31
0
  0
LINE
  5
554
330
1B
100
AcDbEntity
  8
B.Cu
  6
CONTINUOUS
100
AcDbLine
 10
30.565102999999997
 20
-57.5304999999999964
 30
0
 11
30.824901999999998
 21
-57.5304999999999964
 31
0
  0
LINE
  5
555
330
1B
100
AcDbEntity
  8
B.Cu
  6
CONTINUOUS
100
AcDbLine
 10
30.824901999999998
 20
-57.5304999999999964
 30
0
 11
30.9382979999999996
 21
-57.5125389999999967
 31
0
  0
LINE
  5
556
330
1B
100
AcDbEntity
  8
B.Cu
  6
CONTINUOUS
100
AcDbLine
 10
30.9382979999999996
 20
-57.5125389999999967
 30
0
 11
31.0814929999999983
 21
-57.4898600000000002
 31
0
  0
LINE
  5
557
330
1B
100
AcDbEntity
  8
B.Cu
  6
CONTINUOUS
100
AcDbLine
 10
31.0814929999999983
 20
-57.4898600000000002
 30
0
 11
31.3285719999999976
 21
-57.4095790000000008
 31
0
  0
LINE
  5
558
330
1B
100
AcDbEntity
  8
B.Cu
  6
CONTINUOUS
100
AcDbLine
 10
31.3285719999999976
 20
-57.4095790000000008
 30
0
 11
31.5600509999999979
 21
-57.2916339999999948
 31
0
  0
LINE
  5
559
330
1B
100
AcDbEntity
  8
B.Cu
  6
CONTINUOUS
100
AcDbLine
 10
31.5600509999999979
 20
-57.2916339999999948
 30
0
 11
31.7702289999999969
 21
-57.1389309999999995
 31
0
  0
LINE
  5
55A
330
1B
100
AcDbEntity
  8
B.Cu
  6
CONTINUOUS
100
AcDbLine
 10
31.7702289999999969
 20
-57.1389309999999995
 30
0
 11
31.9539309999999972
 21
-56.9552289999999957
 31
0
  0
LINE
  5
55B
330
1B
100
AcDbEntity
  8
B.Cu
  6
CONTINUOUS
100
AcDbLine
 10
31.9539309999999972
 20
-56.9552289999999957
 30
0
 11
32.1066339999999997
 21
-56.7450509999999966
 31
0
  0
LINE
  5
55C
330
1B
100
AcDbEntity
  8
B.Cu
  6
CONTINUOUS
100
AcDbLine
 10
32.1066339999999997
 20
-56.7450509999999966
 30
0
 11
32.2245789999999985
 21
-56.5135719999999964
 31
0
  0
LINE
  5
55D
330
1B
100
AcDbEntity
  8
B.Cu
  6
CONTINUOUS
100
AcDbLine
 10
32.2245789999999985
 20
-56.5135719999999964
 30
0
 11
32.3048599999999979
 21
-56.266492999999997
 31
0
  0
LINE
  5
55E
330
1B
100
AcDbEntity
  8
B.Cu
  6
CONTINUOUS
100
AcDbLine
 10
32.3048599999999979
 20
-56.266492999999997
 30
0
 11
32.3275390000000016
 21
-56.1232979999999984
 31
0
  0
LINE
  5
55F
330
1B
100
AcDbEntity
  8
B.Cu
  6
CONTINUOUS
100
AcDbLine
 10
32.3275390000000016
 20
-56.1232979999999984
 30
0
 11
32.3455000000000013
 21
-56.0099019999999967
 31
0
  0
LINE
  5
560
330
1B
100
AcDbEntity
  8
B.Cu
  6
CONTINUOUS
100
AcDbLine
 10
32.3455000000000013
 20
-56.0099019999999967
 30
0
 11
32.3455000000000013
 21
-55.7500969999999967
 31
0
  0
LINE
  5
561
330
1B
100
AcDbEntity
  8
B.Cu
  6
CONTINUOUS
100
AcDbLine
 10
32.3455000000000013
 20
-55.7500969999999967
 30
0
 11
32.3239469999999969
 21
-55.6140209999999939
 31
0
  0
LINE
  5
562
330
1B
100
AcDbEntity
  8
B.Cu
  6
CONTINUOUS
100
AcDbLine
 10
32.3239469999999969
 20
-55.6140209999999939
 30
0
 11
32.3048599999999979
 21
-55.493507000000001
 31
0
  0
LINE
  5
563
330
1B
100
AcDbEntity
  8
B.Cu
  6
CONTINUOUS
100
AcDbLine
 10
32.3048599999999979
 20
-55.493507000000001
 30
0
 11
32.2245789999999985
 21
-55.2464279999999945
 31
0
  0
LINE
  5
564
330
1B
100
AcDbEntity
  8
B.Cu
  6
CONTINUOUS
100
AcDbLine
 10
32.2245789999999985
 20
-55.2464279999999945
 30
0
 11
32.2245769999999965
 21
-55.246424999999995
 31
0
  0
LINE
  5
565
330
1B
100
AcDbEntity
  8
B.Cu
  6
CONTINUOUS
100
AcDbLine
 10
32.2245769999999965
 20
-55.246424999999995
 30
0
 11
32.2245769999999965
 21
-55.2464230000000001
 31
0
  0
LINE
  5
566
330
1B
100
AcDbEntity
  8
B.Cu
  6
CONTINUOUS
100
AcDbLine
 10
32.2245769999999965
 20
-55.2464230000000001
 30
0
 11
32.1066329999999951
 21
-55.0149479999999969
 31
0
  0
LINE
  5
567
330
1B
100
AcDbEntity
  8
B.Cu
  6
CONTINUOUS
100
AcDbLine
 10
32.1066329999999951
 20
-55.0149479999999969
 30
0
 11
32.1066310000000001
 21
-55.0149449999999973
 31
0
  0
LINE
  5
568
330
1B
100
AcDbEntity
  8
B.Cu
  6
CONTINUOUS
100
AcDbLine
 10
32.1066310000000001
 20
-55.0149449999999973
 30
0
 11
32.0691810000000004
 21
-54.9634
 31
0
  0
LINE
  5
569
330
1B
100
AcDbEntity
  8
B.Cu
  6
CONTINUOUS
100
AcDbLine
 10
32.0691810000000004
 20
-54.9634
 30
0
 11
32.0457019999999986
 21
-54.897593999999998
 31
0
  0
LINE
  5
56A
330
1B
100
AcDbEntity
  8
B.Cu
  6
CONTINUOUS
100
AcDbLine
 10
32.0457019999999986
 20
-54.897593999999998
 30
0
 11
32.045499999999997
 21
-54.8905150000000006
 31
0
  0
LINE
  5
56B
330
1B
100
AcDbEntity
  8
B.Cu
  6
CONTINUOUS
100
AcDbLine
 10
32.045499999999997
 20
-54.8905150000000006
 30
0
 11
32.045499999999997
 21
-54.4157569999999993
 31
0
  0
LINE
  5
56C
330
1B
100
AcDbEntity
  8
B.Cu
  6
CONTINUOUS
100
AcDbLine
 10
32.045499999999997
 20
-54.4157569999999993
 30
0
 11
32.0651849999999996
 21
-54.3487179999999981
 31
0
  0
LINE
  5
56D
330
1B
100
AcDbEntity
  8
B.Cu
  6
CONTINUOUS
100
AcDbLine
 10
32.0651849999999996
 20
-54.3487179999999981
 30
0
 11
32.0818189999999959
 21
-54.3280759999999958
 31
0
  0
LINE
  5
56E
330
1B
100
AcDbEntity
  8
B.Cu
  6
CONTINUOUS
100
AcDbLine
 10
32.0818189999999959
 20
-54.3280759999999958
 30
0
 11
32.4230769999999993
 21
-53.986818999999997
 31
0
  0
LINE
  5
56F
330
1B
100
AcDbEntity
  8
B.Cu
  6
CONTINUOUS
100
AcDbLine
 10
32.4230769999999993
 20
-53.986818999999997
 30
0
 11
32.4844000000000008
 21
-53.9533339999999981
 31
0
  0
LINE
  5
570
330
1B
100
AcDbEntity
  8
B.Cu
  6
CONTINUOUS
100
AcDbLine
 10
32.4844000000000008
 20
-53.9533339999999981
 30
0
 11
32.5107579999999956
 21
-53.9504999999999981
 31
0
  0
LINE
  5
571
330
1B
100
AcDbEntity
  8
B.Cu
  6
CONTINUOUS
100
AcDbLine
 10
32.5107579999999956
 20
-53.9504999999999981
 30
0
 11
38.0892429999999962
 21
-53.9504999999999981
 31
0
  0
LINE
  5
572
330
1B
100
AcDbEntity
  8
B.Cu
  6
CONTINUOUS
100
AcDbLine
 10
38.0892429999999962
 20
-53.9504999999999981
 30
0
 11
38.1562819999999974
 21
-53.9701850000000007
 31
0
  0
LINE
  5
573
330
1B
100
AcDbEntity
  8
B.Cu
  6
CONTINUOUS
100
AcDbLine
 10
38.1562819999999974
 20
-53.9701850000000007
 30
0
 11
38.1769239999999996
 21
-53.986818999999997
 31
0
  0
LINE
  5
574
330
1B
100
AcDbEntity
  8
B.Cu
  6
CONTINUOUS
100
AcDbLine
 10
38.1769239999999996
 20
-53.986818999999997
 30
0
 11
39.0191419999999951
 21
-54.8290369999999996
 31
0
  0
LINE
  5
575
330
1B
100
AcDbEntity
  8
B.Cu
  6
CONTINUOUS
100
AcDbLine
 10
39.0191419999999951
 20
-54.8290369999999996
 30
0
 11
39.0526270000000011
 21
-54.890359999999994
 31
0
  0
LINE
  5
576
330
1B
100
AcDbEntity
  8
B.Cu
  6
CONTINUOUS
100
AcDbLine
 10
39.0526270000000011
 20
-54.890359999999994
 30
0
 11
39.0476430000000008
 21
-54.9600519999999975
 31
0
  0
LINE
  5
577
330
1B
100
AcDbEntity
  8
B.Cu
  6
CONTINUOUS
100
AcDbLine
 10
39.0476430000000008
 20
-54.9600519999999975
 30
0
 11
39.0317809999999952
 21
-54.9896010000000004
 31
0
  0
LINE
  5
578
330
1B
100
AcDbEntity
  8
B.Cu
  6
CONTINUOUS
100
AcDbLine
 10
39.0317809999999952
 20
-54.9896010000000004
 30
0
 11
39.0133669999999952
 21
-55.0149459999999948
 31
0
  0
LINE
  5
579
330
1B
100
AcDbEntity
  8
B.Cu
  6
CONTINUOUS
100
AcDbLine
 10
39.0133669999999952
 20
-55.0149459999999948
 30
0
 11
38.8954219999999964
 21
-55.2464230000000001
 31
0
  0
LINE
  5
57A
330
1B
100
AcDbEntity
  8
B.Cu
  6
CONTINUOUS
100
AcDbLine
 10
38.8954219999999964
 20
-55.2464230000000001
 30
0
 11
38.8151399999999995
 21
-55.4935059999999964
 31
0
  0
LINE
  5
57B
330
1B
100
AcDbEntity
  8
B.Cu
  6
CONTINUOUS
100
AcDbLine
 10
38.8151399999999995
 20
-55.4935059999999964
 30
0
 11
38.7744999999999962
 21
-55.7500969999999967
 31
0
  0
LINE
  5
57C
330
1B
100
AcDbEntity
  8
B.Cu
  6
CONTINUOUS
100
AcDbLine
 10
38.7744999999999962
 20
-55.7500969999999967
 30
0
 11
38.7744999999999962
 21
-56.0099019999999967
 31
0
  0
LINE
  5
57D
330
1B
100
AcDbEntity
  8
B.Cu
  6
CONTINUOUS
100
AcDbLine
 10
38.7744999999999962
 20
-56.0099019999999967
 30
0
 11
38.8151399999999995
 21
-56.266492999999997
 31
0
  0
LINE
  5
57E
330
1B
100
AcDbEntity
  8
B.Cu
  6
CONTINUOUS
100
AcDbLine
 10
38.8151399999999995
 20
-56.266492999999997
 30
0
 11
38.8954219999999964
 21
-56.5135760000000005
 31
0
  0
LINE
  5
57F
330
1B
100
AcDbEntity
  8
B.Cu
  6
CONTINUOUS
100
AcDbLine
 10
38.8954219999999964
 20
-56.5135760000000005
 30
0
 11
39.0133679999999998
 21
-56.7450539999999961
 31
0
  0
LINE
  5
580
330
1B
100
AcDbEntity
  8
B.Cu
  6
CONTINUOUS
100
AcDbLine
 10
39.0133679999999998
 20
-56.7450539999999961
 30
0
 11
39.1660660000000007
 21
-56.9552249999999987
 31
0
  0
LINE
  5
581
330
1B
100
AcDbEntity
  8
B.Cu
  6
CONTINUOUS
100
AcDbLine
 10
39.1660660000000007
 20
-56.9552249999999987
 30
0
 11
39.1660690000000002
 21
-56.9552289999999957
 31
0
  0
LINE
  5
582
330
1B
100
AcDbEntity
  8
B.Cu
  6
CONTINUOUS
100
AcDbLine
 10
39.1660690000000002
 20
-56.9552289999999957
 30
0
 11
39.3497709999999969
 21
-57.1389309999999995
 31
0
  0
LINE
  5
583
330
1B
100
AcDbEntity
  8
B.Cu
  6
CONTINUOUS
100
AcDbLine
 10
39.3497709999999969
 20
-57.1389309999999995
 30
0
 11
39.559948999999996
 21
-57.2916339999999948
 31
0
  0
LINE
  5
584
330
1B
100
AcDbEntity
  8
B.Cu
  6
CONTINUOUS
100
AcDbLine
 10
39.559948999999996
 20
-57.2916339999999948
 30
0
 11
39.7074449999999999
 21
-57.3667869999999951
 31
0
  0
LINE
  5
585
330
1B
100
AcDbEntity
  8
B.Cu
  6
CONTINUOUS
100
AcDbLine
 10
39.7074449999999999
 20
-57.3667869999999951
 30
0
 11
39.7914229999999947
 21
-57.4095769999999987
 31
0
  0
LINE
  5
586
330
1B
100
AcDbEntity
  8
B.Cu
  6
CONTINUOUS
100
AcDbLine
 10
39.7914229999999947
 20
-57.4095769999999987
 30
0
 11
39.7914249999999967
 21
-57.4095769999999987
 31
0
  0
LINE
  5
587
330
1B
100
AcDbEntity
  8
B.Cu
  6
CONTINUOUS
100
AcDbLine
 10
39.7914249999999967
 20
-57.4095769999999987
 30
0
 11
39.7914279999999962
 21
-57.4095790000000008
 31
0
  0
LINE
  5
588
330
1B
100
AcDbEntity
  8
B.Cu
  6
CONTINUOUS
100
AcDbLine
 10
39.7914279999999962
 20
-57.4095790000000008
 30
0
 11
40.0385069999999956
 21
-57.4898600000000002
 31
0
  0
LINE
  5
589
330
1B
100
AcDbEntity
  8
B.Cu
  6
CONTINUOUS
100
AcDbLine
 10
40.0385069999999956
 20
-57.4898600000000002
 30
0
 11
40.1707059999999956
 21
-57.5107969999999966
 31
0
  0
LINE
  5
58A
330
1B
100
AcDbEntity
  8
B.Cu
  6
CONTINUOUS
100
AcDbLine
 10
40.1707059999999956
 20
-57.5107969999999966
 30
0
 11
40.2950979999999959
 21
-57.5304999999999964
 31
0
  0
LINE
  5
58B
330
1B
100
AcDbEntity
  8
B.Cu
  6
CONTINUOUS
100
AcDbLine
 10
40.2950979999999959
 20
-57.5304999999999964
 30
0
 11
40.2951029999999975
 21
-57.5304999999999964
 31
0
  0
LINE
  5
58C
330
1B
100
AcDbEntity
  8
B.Cu
  6
CONTINUOUS
100
AcDbLine
 10
40.2951029999999975
 20
-57.5304999999999964
 30
0
 11
40.5549019999999985
 21
-57.5304999999999964
 31
0
  0
LINE
  5
58D
330
1B
100
AcDbEntity
  8
B.Cu
  6
CONTINUOUS
100
AcDbLine
 10
40.5549019999999985
 20
-57.5304999999999964
 30
0
 11
40.6682980000000001
 21
-57.5125389999999967
 31
0
  0
LINE
  5
58E
330
1B
100
AcDbEntity
  8
B.Cu
  6
CONTINUOUS
100
AcDbLine
 10
40.6682980000000001
 20
-57.5125389999999967
 30
0
 11
40.8114929999999987
 21
-57.4898600000000002
 31
0
  0
LINE
  5
58F
330
1B
100
AcDbEntity
  8
B.Cu
  6
CONTINUOUS
100
AcDbLine
 10
40.8114929999999987
 20
-57.4898600000000002
 30
0
 11
41.0585719999999981
 21
-57.4095790000000008
 31
0
  0
LINE
  5
590
330
1B
100
AcDbEntity
  8
B.Cu
  6
CONTINUOUS
100
AcDbLine
 10
41.0585719999999981
 20
-57.4095790000000008
 30
0
 11
41.2900509999999983
 21
-57.2916339999999948
 31
0
  0
LINE
  5
591
330
1B
100
AcDbEntity
  8
B.Cu
  6
CONTINUOUS
100
AcDbLine
 10
41.2900509999999983
 20
-57.2916339999999948
 30
0
 11
41.5002289999999974
 21
-57.1389309999999995
 31
0
  0
LINE
  5
592
330
1B
100
AcDbEntity
  8
B.Cu
  6
CONTINUOUS
100
AcDbLine
 10
41.5002289999999974
 20
-57.1389309999999995
 30
0
 11
41.6839310000000012
 21
-56.9552289999999957
 31
0
  0
LINE
  5
593
330
1B
100
AcDbEntity
  8
B.Cu
  6
CONTINUOUS
100
AcDbLine
 10
41.6839310000000012
 20
-56.9552289999999957
 30
0
 11
41.8366339999999965
 21
-56.7450509999999966
 31
0
  0
LINE
  5
594
330
1B
100
AcDbEntity
  8
B.Cu
  6
CONTINUOUS
100
AcDbLine
 10
41.8366339999999965
 20
-56.7450509999999966
 30
0
 11
41.9545789999999954
 21
-56.5135719999999964
 31
0
  0
LINE
  5
595
330
1B
100
AcDbEntity
  8
B.Cu
  6
CONTINUOUS
100
AcDbLine
 10
41.9545789999999954
 20
-56.5135719999999964
 30
0
 11
42.0348599999999948
 21
-56.266492999999997
 31
0
  0
LINE
  5
596
330
1B
100
AcDbEntity
  8
B.Cu
  6
CONTINUOUS
100
AcDbLine
 10
42.0348599999999948
 20
-56.266492999999997
 30
0
 11
42.0575389999999985
 21
-56.1232979999999984
 31
0
  0
LINE
  5
597
330
1B
100
AcDbEntity
  8
B.Cu
  6
CONTINUOUS
100
AcDbLine
 10
42.0575389999999985
 20
-56.1232979999999984
 30
0
 11
42.0754999999999981
 21
-56.0099019999999967
 31
0
  0
LINE
  5
598
330
1B
100
AcDbEntity
  8
B.Cu
  6
CONTINUOUS
100
AcDbLine
 10
42.0754999999999981
 20
-56.0099019999999967
 30
0
 11
42.0754999999999981
 21
-55.7500969999999967
 31
0
  0
LINE
  5
599
330
1B
100
AcDbEntity
  8
B.Cu
  6
CONTINUOUS
100
AcDbLine
 10
42.0754999999999981
 20
-55.7500969999999967
 30
0
 11
42.0348599999999948
 21
-55.4935059999999964
 31
0
  0
LINE
  5
59A
330
1B
100
AcDbEntity
  8
B.Cu
  6
CONTINUOUS
100
AcDbLine
 10
42.0348599999999948
 20
-55.4935059999999964
 30
0
 11
42.0182280000000006
 21
-55.4423199999999952
 31
0
  0
LINE
  5
59B
330
1B
100
AcDbEntity
  8
B.Cu
  6
CONTINUOUS
100
AcDbLine
 10
42.0182280000000006
 20
-55.4423199999999952
 30
0
 11
41.9557140000000004
 21
-55.2499229999999955
 31
0
  0
LINE
  5
59C
330
1B
100
AcDbEntity
  8
B.Cu
  6
CONTINUOUS
100
AcDbLine
 10
41.9557140000000004
 20
-55.2499229999999955
 30
0
 11
41.953719999999997
 21
-55.1800870000000003
 31
0
  0
LINE
  5
59D
330
1B
100
AcDbEntity
  8
B.Cu
  6
CONTINUOUS
100
AcDbLine
 10
41.953719999999997
 20
-55.1800870000000003
 30
0
 11
41.9859629999999981
 21
-55.1239299999999943
 31
0
  0
LINE
  5
59E
330
1B
100
AcDbEntity
  8
B.Cu
  6
CONTINUOUS
100
AcDbLine
 10
41.9859629999999981
 20
-55.1239299999999943
 30
0
 11
43.2230759999999989
 21
-53.8868189999999956
 31
0
  0
LINE
  5
59F
330
1B
100
AcDbEntity
  8
B.Cu
  6
CONTINUOUS
100
AcDbLine
 10
43.2230759999999989
 20
-53.8868189999999956
 30
0
 11
43.2843990000000005
 21
-53.8533339999999967
 31
0
  0
LINE
  5
5A0
330
1B
100
AcDbEntity
  8
B.Cu
  6
CONTINUOUS
100
AcDbLine
 10
43.2843990000000005
 20
-53.8533339999999967
 30
0
 11
43.3107569999999953
 21
-53.8504999999999967
 31
0
  0
LINE
  5
5A1
330
1B
100
AcDbEntity
  8
B.Cu
  6
CONTINUOUS
100
AcDbLine
 10
43.3107569999999953
 20
-53.8504999999999967
 30
0
 11
55.3562859999999972
 21
-53.8504999999999967
 31
0
  0
LINE
  5
5A2
330
1B
100
AcDbEntity
  8
B.Cu
  6
CONTINUOUS
100
AcDbLine
 10
55.3562859999999972
 20
-53.8504999999999967
 30
0
 11
55.3562869999999947
 21
-53.8504999999999967
 31
0
  0
LINE
  5
5A3
330
1B
100
AcDbEntity
  8
B.Cu
  6
CONTINUOUS
100
AcDbLine
 10
55.3562869999999947
 20
-53.8504999999999967
 30
0
 11
55.4348089999999942
 21
-53.8380629999999982
 31
0
  0
LINE
  5
5A4
330
1B
100
AcDbEntity
  8
B.Cu
  6
CONTINUOUS
100
AcDbLine
 10
55.4348089999999942
 20
-53.8380629999999982
 30
0
 11
55.5041009999999986
 21
-53.847017000000001
 31
0
  0
LINE
  5
5A5
330
1B
100
AcDbEntity
  8
B.Cu
  6
CONTINUOUS
100
AcDbLine
 10
55.5041009999999986
 20
-53.847017000000001
 30
0
 11
55.5575529999999986
 21
-53.8920129999999986
 31
0
  0
LINE
  5
5A6
330
1B
100
AcDbEntity
  8
B.Cu
  6
CONTINUOUS
100
AcDbLine
 10
55.5575529999999986
 20
-53.8920129999999986
 30
0
 11
55.5781929999999988
 21
-53.9587649999999996
 31
0
  0
LINE
  5
5A7
330
1B
100
AcDbEntity
  8
B.Cu
  6
CONTINUOUS
100
AcDbLine
 10
55.5781929999999988
 20
-53.9587649999999996
 30
0
 11
55.5594679999999954
 21
-54.0260789999999957
 31
0
  0
LINE
  5
5A8
330
1B
100
AcDbEntity
  8
B.Cu
  6
CONTINUOUS
100
AcDbLine
 10
55.5594679999999954
 20
-54.0260789999999957
 30
0
 11
55.5418869999999956
 21
-54.0482170000000011
 31
0
  0
LINE
  5
5A9
330
1B
100
AcDbEntity
  8
B.Cu
  6
CONTINUOUS
100
AcDbLine
 10
55.5418869999999956
 20
-54.0482170000000011
 30
0
 11
55.0969239999999942
 21
-54.4931809999999999
 31
0
  0
LINE
  5
5AA
330
1B
100
AcDbEntity
  8
B.Cu
  6
CONTINUOUS
100
AcDbLine
 10
55.0969239999999942
 20
-54.4931809999999999
 30
0
 11
55.0356009999999998
 21
-54.5266659999999987
 31
0
  0
LINE
  5
5AB
330
1B
100
AcDbEntity
  8
B.Cu
  6
CONTINUOUS
100
AcDbLine
 10
55.0356009999999998
 20
-54.5266659999999987
 30
0
 11
55.0092429999999979
 21
-54.5294999999999987
 31
0
  0
LINE
  5
5AC
330
1B
100
AcDbEntity
  8
B.Cu
  6
CONTINUOUS
100
AcDbLine
 10
55.0092429999999979
 20
-54.5294999999999987
 30
0
 11
49.0344849999999965
 21
-54.5294999999999987
 31
0
  0
LINE
  5
5AD
330
1B
100
AcDbEntity
  8
B.Cu
  6
CONTINUOUS
100
AcDbLine
 10
49.0344849999999965
 20
-54.5294999999999987
 30
0
 11
48.9674459999999954
 21
-54.5098149999999961
 31
0
  0
LINE
  5
5AE
330
1B
100
AcDbEntity
  8
B.Cu
  6
CONTINUOUS
100
AcDbLine
 10
48.9674459999999954
 20
-54.5098149999999961
 30
0
 11
48.9615989999999996
 21
-54.5058179999999979
 31
0
  0
LINE
  5
5AF
330
1B
100
AcDbEntity
  8
B.Cu
  6
CONTINUOUS
100
AcDbLine
 10
48.9615989999999996
 20
-54.5058179999999979
 30
0
 11
48.9100509999999957
 21
-54.4683659999999961
 31
0
  0
LINE
  5
5B0
330
1B
100
AcDbEntity
  8
B.Cu
  6
CONTINUOUS
100
AcDbLine
 10
48.9100509999999957
 20
-54.4683659999999961
 30
0
 11
48.6785759999999996
 21
-54.3504219999999947
 31
0
  0
LINE
  5
5B1
330
1B
100
AcDbEntity
  8
B.Cu
  6
CONTINUOUS
100
AcDbLine
 10
48.6785759999999996
 20
-54.3504219999999947
 30
0
 11
48.4314929999999961
 21
-54.2701399999999978
 31
0
  0
LINE
  5
5B2
330
1B
100
AcDbEntity
  8
B.Cu
  6
CONTINUOUS
100
AcDbLine
 10
48.4314929999999961
 20
-54.2701399999999978
 30
0
 11
48.1749019999999959
 21
-54.2294999999999945
 31
0
  0
LINE
  5
5B3
330
1B
100
AcDbEntity
  8
B.Cu
  6
CONTINUOUS
100
AcDbLine
 10
48.1749019999999959
 20
-54.2294999999999945
 30
0
 11
48.1748969999999943
 21
-54.2294999999999945
 31
0
  0
LINE
  5
5B4
330
1B
100
AcDbEntity
  8
B.Cu
  6
CONTINUOUS
100
AcDbLine
 10
48.1748969999999943
 20
-54.2294999999999945
 30
0
 11
47.9151029999999949
 21
-54.2294999999999945
 31
0
  0
LINE
  5
5B5
330
1B
100
AcDbEntity
  8
B.Cu
  6
CONTINUOUS
100
AcDbLine
 10
47.9151029999999949
 20
-54.2294999999999945
 30
0
 11
47.9150980000000004
 21
-54.2294999999999945
 31
0
  0
LINE
  5
5B6
330
1B
100
AcDbEntity
  8
B.Cu
  6
CONTINUOUS
100
AcDbLine
 10
47.9150980000000004
 20
-54.2294999999999945
 30
0
 11
47.6585059999999956
 21
-54.2701399999999978
 31
0
  0
LINE
  5
5B7
330
1B
100
AcDbEntity
  8
B.Cu
  6
CONTINUOUS
100
AcDbLine
 10
47.6585059999999956
 20
-54.2701399999999978
 30
0
 11
47.4114229999999992
 21
-54.3504219999999947
 31
0
  0
LINE
  5
5B8
330
1B
100
AcDbEntity
  8
B.Cu
  6
CONTINUOUS
100
AcDbLine
 10
47.4114229999999992
 20
-54.3504219999999947
 30
0
 11
47.1799449999999965
 21
-54.4683679999999981
 31
0
  0
LINE
  5
5B9
330
1B
100
AcDbEntity
  8
B.Cu
  6
CONTINUOUS
100
AcDbLine
 10
47.1799449999999965
 20
-54.4683679999999981
 30
0
 11
46.969774000000001
 21
-54.621065999999999
 31
0
  0
LINE
  5
5BA
330
1B
100
AcDbEntity
  8
B.Cu
  6
CONTINUOUS
100
AcDbLine
 10
46.969774000000001
 20
-54.621065999999999
 30
0
 11
46.9697679999999949
 21
-54.6210710000000006
 31
0
  0
LINE
  5
5BB
330
1B
100
AcDbEntity
  8
B.Cu
  6
CONTINUOUS
100
AcDbLine
 10
46.9697679999999949
 20
-54.6210710000000006
 30
0
 11
46.7860709999999997
 21
-54.8047679999999957
 31
0
  0
LINE
  5
5BC
330
1B
100
AcDbEntity
  8
B.Cu
  6
CONTINUOUS
100
AcDbLine
 10
46.7860709999999997
 20
-54.8047679999999957
 30
0
 11
46.7860659999999982
 21
-54.8047739999999948
 31
0
  0
LINE
  5
5BD
330
1B
100
AcDbEntity
  8
B.Cu
  6
CONTINUOUS
100
AcDbLine
 10
46.7860659999999982
 20
-54.8047739999999948
 30
0
 11
46.6333679999999973
 21
-55.0149449999999973
 31
0
  0
LINE
  5
5BE
330
1B
100
AcDbEntity
  8
B.Cu
  6
CONTINUOUS
100
AcDbLine
 10
46.6333679999999973
 20
-55.0149449999999973
 30
0
 11
46.5154220000000009
 21
-55.2464230000000001
 31
0
  0
LINE
  5
5BF
330
1B
100
AcDbEntity
  8
B.Cu
  6
CONTINUOUS
100
AcDbLine
 10
46.5154220000000009
 20
-55.2464230000000001
 30
0
 11
46.435139999999997
 21
-55.4935059999999964
 31
0
  0
LINE
  5
5C0
330
1B
100
AcDbEntity
  8
B.Cu
  6
CONTINUOUS
100
AcDbLine
 10
46.435139999999997
 20
-55.4935059999999964
 30
0
 11
46.3945000000000007
 21
-55.7500969999999967
 31
0
  0
LINE
  5
5C1
330
1B
100
AcDbEntity
  8
B.Cu
  6
CONTINUOUS
100
AcDbLine
 10
46.3945000000000007
 20
-55.7500969999999967
 30
0
 11
46.3945000000000007
 21
-56.0099019999999967
 31
0
  0
LINE
  5
5C2
330
1B
100
AcDbEntity
  8
B.Cu
  6
CONTINUOUS
100
AcDbLine
 10
46.3945000000000007
 20
-56.0099019999999967
 30
0
 11
46.435139999999997
 21
-56.266492999999997
 31
0
  0
LINE
  5
5C3
330
1B
100
AcDbEntity
  8
B.Cu
  6
CONTINUOUS
100
AcDbLine
 10
46.435139999999997
 20
-56.266492999999997
 30
0
 11
46.5154220000000009
 21
-56.5135760000000005
 31
0
  0
LINE
  5
5C4
330
1B
100
AcDbEntity
  8
B.Cu
  6
CONTINUOUS
100
AcDbLine
 10
46.5154220000000009
 20
-56.5135760000000005
 30
0
 11
46.6333679999999973
 21
-56.7450539999999961
 31
0
  0
LINE
  5
5C5
330
1B
100
AcDbEntity
  8
B.Cu
  6
CONTINUOUS
100
AcDbLine
 10
46.6333679999999973
 20
-56.7450539999999961
 30
0
 11
46.7860659999999982
 21
-56.9552249999999987
 31
0
  0
LINE
  5
5C6
330
1B
100
AcDbEntity
  8
B.Cu
  6
CONTINUOUS
100
AcDbLine
 10
46.7860659999999982
 20
-56.9552249999999987
 30
0
 11
46.7860689999999977
 21
-56.9552289999999957
 31
0
  0
LINE
  5
5C7
330
1B
100
AcDbEntity
  8
B.Cu
  6
CONTINUOUS
100
AcDbLine
 10
46.7860689999999977
 20
-56.9552289999999957
 30
0
 11
46.9697709999999944
 21
-57.1389309999999995
 31
0
  0
LINE
  5
5C8
330
1B
100
AcDbEntity
  8
B.Cu
  6
CONTINUOUS
100
AcDbLine
 10
46.9697709999999944
 20
-57.1389309999999995
 30
0
 11
47.1799490000000006
 21
-57.2916339999999948
 31
0
  0
LINE
  5
5C9
330
1B
100
AcDbEntity
  8
B.Cu
  6
CONTINUOUS
100
AcDbLine
 10
47.1799490000000006
 20
-57.2916339999999948
 30
0
 11
47.3274449999999973
 21
-57.3667869999999951
 31
0
  0
LINE
  5
5CA
330
1B
100
AcDbEntity
  8
B.Cu
  6
CONTINUOUS
100
AcDbLine
 10
47.3274449999999973
 20
-57.3667869999999951
 30
0
 11
47.4114229999999992
 21
-57.4095769999999987
 31
0
  0
LINE
  5
5CB
330
1B
100
AcDbEntity
  8
B.Cu
  6
CONTINUOUS
100
AcDbLine
 10
47.4114229999999992
 20
-57.4095769999999987
 30
0
 11
47.4114250000000013
 21
-57.4095769999999987
 31
0
  0
LINE
  5
5CC
330
1B
100
AcDbEntity
  8
B.Cu
  6
CONTINUOUS
100
AcDbLine
 10
47.4114250000000013
 20
-57.4095769999999987
 30
0
 11
47.4114280000000008
 21
-57.4095790000000008
 31
0
  0
LINE
  5
5CD
330
1B
100
AcDbEntity
  8
B.Cu
  6
CONTINUOUS
100
AcDbLine
 10
47.4114280000000008
 20
-57.4095790000000008
 30
0
 11
47.6585070000000002
 21
-57.4898600000000002
 31
0
  0
LINE
  5
5CE
330
1B
100
AcDbEntity
  8
B.Cu
  6
CONTINUOUS
100
AcDbLine
 10
47.6585070000000002
 20
-57.4898600000000002
 30
0
 11
47.7907060000000001
 21
-57.5107969999999966
 31
0
  0
LINE
  5
5CF
330
1B
100
AcDbEntity
  8
B.Cu
  6
CONTINUOUS
100
AcDbLine
 10
47.7907060000000001
 20
-57.5107969999999966
 30
0
 11
47.9150980000000004
 21
-57.5304999999999964
 31
0
  0
LINE
  5
5D0
330
1B
100
AcDbEntity
  8
B.Cu
  6
CONTINUOUS
100
AcDbLine
 10
47.9150980000000004
 20
-57.5304999999999964
 30
0
 11
47.9151029999999949
 21
-57.5304999999999964
 31
0
  0
LINE
  5
5D1
330
1B
100
AcDbEntity
  8
B.Cu
  6
CONTINUOUS
100
AcDbLine
 10
47.9151029999999949
 20
-57.5304999999999964
 30
0
 11
48.1749019999999959
 21
-57.5304999999999964
 31
0
  0
LINE
  5
5D2
330
1B
100
AcDbEntity
  8
B.Cu
  6
CONTINUOUS
100
AcDbLine
 10
48.1749019999999959
 20
-57.5304999999999964
 30
0
 11
48.2882979999999975
 21
-57.5125389999999967
 31
0
  0
LINE
  5
5D3
330
1B
100
AcDbEntity
  8
B.Cu
  6
CONTINUOUS
100
AcDbLine
 10
48.2882979999999975
 20
-57.5125389999999967
 30
0
 11
48.4314929999999961
 21
-57.4898600000000002
 31
0
  0
LINE
  5
5D4
330
1B
100
AcDbEntity
  8
B.Cu
  6
CONTINUOUS
100
AcDbLine
 10
48.4314929999999961
 20
-57.4898600000000002
 30
0
 11
48.6785719999999955
 21
-57.4095790000000008
 31
0
  0
LINE
  5
5D5
330
1B
100
AcDbEntity
  8
B.Cu
  6
CONTINUOUS
100
AcDbLine
 10
48.6785719999999955
 20
-57.4095790000000008
 30
0
 11
48.9100509999999957
 21
-57.2916339999999948
 31
0
  0
LINE
  5
5D6
330
1B
100
AcDbEntity
  8
B.Cu
  6
CONTINUOUS
100
AcDbLine
 10
48.9100509999999957
 20
-57.2916339999999948
 30
0
 11
48.9615989999999996
 21
-57.2541809999999955
 31
0
  0
LINE
  5
5D7
330
1B
100
AcDbEntity
  8
B.Cu
  6
CONTINUOUS
100
AcDbLine
 10
48.9615989999999996
 20
-57.2541809999999955
 30
0
 11
49.0274059999999992
 21
-57.2307020000000009
 31
0
  0
LINE
  5
5D8
330
1B
100
AcDbEntity
  8
B.Cu
  6
CONTINUOUS
100
AcDbLine
 10
49.0274059999999992
 20
-57.2307020000000009
 30
0
 11
49.0344849999999965
 21
-57.2304999999999993
 31
0
  0
LINE
  5
5D9
330
1B
100
AcDbEntity
  8
B.Cu
  6
CONTINUOUS
100
AcDbLine
 10
49.0344849999999965
 20
-57.2304999999999993
 30
0
 11
55.7262859999999947
 21
-57.2304999999999993
 31
0
  0
LINE
  5
5DA
330
1B
100
AcDbEntity
  8
B.Cu
  6
CONTINUOUS
100
AcDbLine
 10
55.7262859999999947
 20
-57.2304999999999993
 30
0
 11
55.7262869999999992
 21
-57.2304999999999993
 31
0
  0
LINE
  5
5DB
330
1B
100
AcDbEntity
  8
B.Cu
  6
CONTINUOUS
100
AcDbLine
 10
55.7262869999999992
 20
-57.2304999999999993
 30
0
 11
55.9362429999999975
 21
-57.1972459999999998
 31
0
  0
LINE
  5
5DC
330
1B
100
AcDbEntity
  8
B.Cu
  6
CONTINUOUS
100
AcDbLine
 10
55.9362429999999975
 20
-57.1972459999999998
 30
0
 11
56.1384119999999953
 21
-57.1315570000000008
 31
0
  0
LINE
  5
5DD
330
1B
100
AcDbEntity
  8
B.Cu
  6
CONTINUOUS
100
AcDbLine
 10
56.1384119999999953
 20
-57.1315570000000008
 30
0
 11
56.3278159999999986
 21
-57.0350509999999957
 31
0
  0
LINE
  5
5DE
330
1B
100
AcDbEntity
  8
B.Cu
  6
CONTINUOUS
100
AcDbLine
 10
56.3278159999999986
 20
-57.0350509999999957
 30
0
 11
56.4376819999999952
 21
-56.9552289999999957
 31
0
  0
LINE
  5
5DF
330
1B
100
AcDbEntity
  8
B.Cu
  6
CONTINUOUS
100
AcDbLine
 10
56.4376819999999952
 20
-56.9552289999999957
 30
0
 11
56.4997919999999993
 21
-56.9101039999999969
 31
0
  0
LINE
  5
5E0
330
1B
100
AcDbEntity
  8
B.Cu
  6
CONTINUOUS
100
AcDbLine
 10
56.4997919999999993
 20
-56.9101039999999969
 30
0
 11
56.6501039999999989
 21
-56.7597919999999974
 31
0
  0
LINE
  5
5E1
330
1B
100
AcDbEntity
  8
B.Cu
  6
CONTINUOUS
100
AcDbLine
 10
56.6501039999999989
 20
-56.7597919999999974
 30
0
 11
56.6501049999999964
 21
-56.7597899999999953
 31
0
  0
LINE
  5
5E2
330
1B
100
AcDbEntity
  8
B.Cu
  6
CONTINUOUS
100
AcDbLine
 10
56.6501049999999964
 20
-56.7597899999999953
 30
0
 11
56.6571649999999991
 21
-56.7527299999999997
 31
0
  0
LINE
  5
5E3
330
1B
100
AcDbEntity
  8
B.Cu
  6
CONTINUOUS
100
AcDbLine
 10
56.6571649999999991
 20
-56.7527299999999997
 30
0
 11
56.6571700000000007
 21
-56.752722999999996
 31
0
  0
LINE
  5
5E4
330
1B
100
AcDbEntity
  8
B.Cu
  6
CONTINUOUS
100
AcDbLine
 10
56.6571700000000007
 20
-56.752722999999996
 30
0
 11
59.7801039999999944
 21
-53.6297919999999948
 31
0
  0
LINE
  5
5E5
330
1B
100
AcDbEntity
  8
B.Cu
  6
CONTINUOUS
100
AcDbLine
 10
59.7801039999999944
 20
-53.6297919999999948
 30
0
 11
59.7801059999999964
 21
-53.6297879999999978
 31
0
  0
LINE
  5
5E6
330
1B
100
AcDbEntity
  8
B.Cu
  6
CONTINUOUS
100
AcDbLine
 10
59.7801059999999964
 20
-53.6297879999999978
 30
0
 11
59.7801089999999959
 21
-53.6297859999999957
 31
0
  0
LINE
  5
5E7
330
1B
100
AcDbEntity
  8
B.Cu
  6
CONTINUOUS
100
AcDbLine
 10
59.7801089999999959
 20
-53.6297859999999957
 30
0
 11
59.9050480000000007
 21
-53.4578199999999981
 31
0
  0
LINE
  5
5E8
330
1B
100
AcDbEntity
  8
B.Cu
  6
CONTINUOUS
100
AcDbLine
 10
59.9050480000000007
 20
-53.4578199999999981
 30
0
 11
59.9050469999999962
 21
-53.4578199999999981
 31
0
  0
LINE
  5
5E9
330
1B
100
AcDbEntity
  8
B.Cu
  6
CONTINUOUS
100
AcDbLine
 10
59.9050469999999962
 20
-53.4578199999999981
 30
0
 11
59.9050510000000003
 21
-53.4578160000000011
 31
0
  0
LINE
  5
5EA
330
1B
100
AcDbEntity
  8
B.Cu
  6
CONTINUOUS
100
AcDbLine
 10
59.9050510000000003
 20
-53.4578160000000011
 30
0
 11
60.0015569999999983
 21
-53.2684119999999979
 31
0
  0
LINE
  5
5EB
330
1B
100
AcDbEntity
  8
B.Cu
  6
CONTINUOUS
100
AcDbLine
 10
60.0015569999999983
 20
-53.2684119999999979
 30
0
 11
60.0672459999999973
 21
-53.0662430000000001
 31
0
  0
LINE
  5
5EC
330
1B
100
AcDbEntity
  8
B.Cu
  6
CONTINUOUS
100
AcDbLine
 10
60.0672459999999973
 20
-53.0662430000000001
 30
0
 11
60.1004999999999967
 21
-52.8562869999999947
 31
0
  0
LINE
  5
5ED
330
1B
100
AcDbEntity
  8
B.Cu
  6
CONTINUOUS
100
AcDbLine
 10
60.1004999999999967
 20
-52.8562869999999947
 30
0
 11
60.1004999999999967
 21
-52.6437139999999957
 31
0
  0
LINE
  5
5EE
330
1B
100
AcDbEntity
  8
B.Cu
  6
CONTINUOUS
100
AcDbLine
 10
60.1004999999999967
 20
-52.6437139999999957
 30
0
 11
60.1004999999999967
 21
-45.3937129999999982
 31
0
  0
LINE
  5
5EF
330
1B
100
AcDbEntity
  8
B.Cu
  6
CONTINUOUS
100
AcDbLine
 10
60.1004999999999967
 20
-45.3937129999999982
 30
0
 11
60.0672459999999973
 21
-45.1837569999999999
 31
0
  0
LINE
  5
5F0
330
1B
100
AcDbEntity
  8
B.Cu
  6
CONTINUOUS
100
AcDbLine
 10
60.0672459999999973
 20
-45.1837569999999999
 30
0
 11
60.0015569999999983
 21
-44.981587999999995
 31
0
  0
LINE
  5
5F1
330
1B
100
AcDbEntity
  8
B.Cu
  6
CONTINUOUS
100
AcDbLine
 10
60.0015569999999983
 20
-44.981587999999995
 30
0
 11
59.9050510000000003
 21
-44.7921839999999989
 31
0
  0
LINE
  5
5F2
330
1B
100
AcDbEntity
  8
B.Cu
  6
CONTINUOUS
100
AcDbLine
 10
59.9050510000000003
 20
-44.7921839999999989
 30
0
 11
59.9050489999999982
 21
-44.7921809999999994
 31
0
  0
LINE
  5
5F3
330
1B
100
AcDbEntity
  8
B.Cu
  6
CONTINUOUS
100
AcDbLine
 10
59.9050489999999982
 20
-44.7921809999999994
 30
0
 11
59.9050480000000007
 21
-44.7921789999999973
 31
0
  0
LINE
  5
5F4
330
1B
100
AcDbEntity
  8
B.Cu
  6
CONTINUOUS
100
AcDbLine
 10
59.9050480000000007
 20
-44.7921789999999973
 30
0
 11
59.7801089999999959
 21
-44.6202129999999997
 31
0
  0
LINE
  5
5F5
330
1B
100
AcDbEntity
  8
B.Cu
  6
CONTINUOUS
100
AcDbLine
 10
59.7801089999999959
 20
-44.6202129999999997
 30
0
 11
59.6297909999999973
 21
-44.4698950000000011
 31
0
  0
LINE
  5
5F6
330
1B
100
AcDbEntity
  8
B.Cu
  6
CONTINUOUS
100
AcDbLine
 10
59.6297909999999973
 20
-44.4698950000000011
 30
0
 11
58.2844440000000006
 21
-43.1245489999999947
 31
0
  0
LINE
  5
5F7
330
1B
100
AcDbEntity
  8
B.Cu
  6
CONTINUOUS
100
AcDbLine
 10
58.2844440000000006
 20
-43.1245489999999947
 30
0
 11
58.2844349999999949
 21
-43.1245389999999986
 31
0
  0
LINE
  5
5F8
330
1B
100
AcDbEntity
  8
B.Cu
  6
CONTINUOUS
100
AcDbLine
 10
58.2844349999999949
 20
-43.1245389999999986
 30
0
 11
58.2486529999999973
 21
-43.0887570000000011
 31
0
  0
LINE
  5
5F9
330
1B
100
AcDbEntity
  8
B.Cu
  6
CONTINUOUS
100
AcDbLine
 10
58.2486529999999973
 20
-43.0887570000000011
 30
0
 11
58.1297919999999948
 21
-42.9698959999999985
 31
0
  0
LINE
  5
5FA
330
1B
100
AcDbEntity
  8
B.Cu
  6
CONTINUOUS
100
AcDbLine
 10
58.1297919999999948
 20
-42.9698959999999985
 30
0
 11
58.1297879999999978
 21
-42.969892999999999
 31
0
  0
LINE
  5
5FB
330
1B
100
AcDbEntity
  8
B.Cu
  6
CONTINUOUS
100
AcDbLine
 10
58.1297879999999978
 20
-42.969892999999999
 30
0
 11
58.1297840000000008
 21
-42.9698889999999949
 31
0
  0
LINE
  5
5FC
330
1B
100
AcDbEntity
  8
B.Cu
  6
CONTINUOUS
100
AcDbLine
 10
58.1297840000000008
 20
-42.9698889999999949
 30
0
 11
57.9578199999999981
 21
-42.8449509999999947
 31
0
  0
LINE
  5
5FD
330
1B
100
AcDbEntity
  8
B.Cu
  6
CONTINUOUS
100
AcDbLine
 10
57.9578199999999981
 20
-42.8449509999999947
 30
0
 11
57.7684139999999999
 21
-42.7484439999999992
 31
0
  0
LINE
  5
5FE
330
1B
100
AcDbEntity
  8
B.Cu
  6
CONTINUOUS
100
AcDbLine
 10
57.7684139999999999
 20
-42.7484439999999992
 30
0
 11
57.7684129999999953
 21
-42.7484429999999946
 31
0
  0
LINE
  5
5FF
330
1B
100
AcDbEntity
  8
B.Cu
  6
CONTINUOUS
100
AcDbLine
 10
57.7684129999999953
 20
-42.7484429999999946
 30
0
 11
57.7684119999999979
 21
-42.7484429999999946
 31
0
  0
LINE
  5
600
330
1B
100
AcDbEntity
  8
B.Cu
  6
CONTINUOUS
100
AcDbLine
 10
57.7684119999999979
 20
-42.7484429999999946
 30
0
 11
57.5662430000000001
 21
-42.6827539999999956
 31
0
  0
LINE
  5
601
330
1B
100
AcDbEntity
  8
B.Cu
  6
CONTINUOUS
100
AcDbLine
 10
57.5662430000000001
 20
-42.6827539999999956
 30
0
 11
57.566240999999998
 21
-42.6827529999999982
 31
0
  0
LINE
  5
602
330
1B
100
AcDbEntity
  8
B.Cu
  6
CONTINUOUS
100
AcDbLine
 10
57.566240999999998
 20
-42.6827529999999982
 30
0
 11
57.5662400000000005
 21
-42.6827529999999982
 31
0
  0
LINE
  5
603
330
1B
100
AcDbEntity
  8
B.Cu
  6
CONTINUOUS
100
AcDbLine
 10
57.5662400000000005
 20
-42.6827529999999982
 30
0
 11
57.404956999999996
 21
-42.6572079999999971
 31
0
  0
LINE
  5
604
330
1B
100
AcDbEntity
  8
B.Cu
  6
CONTINUOUS
100
AcDbLine
 10
57.404956999999996
 20
-42.6572079999999971
 30
0
 11
57.3562869999999947
 21
-42.6494999999999962
 31
0
  0
LINE
  5
605
330
1B
100
AcDbEntity
  8
B.Cu
  6
CONTINUOUS
100
AcDbLine
 10
57.3562869999999947
 20
-42.6494999999999962
 30
0
 11
57.3562859999999972
 21
-42.6494999999999962
 31
0
  0
LINE
  5
606
330
1B
100
AcDbEntity
  8
B.Cu
  6
CONTINUOUS
100
AcDbLine
 10
57.3562859999999972
 20
-42.6494999999999962
 30
0
 11
46.8607569999999996
 21
-42.6494999999999962
 31
0
  0
LINE
  5
607
330
1B
100
AcDbEntity
  8
B.Cu
  6
CONTINUOUS
100
AcDbLine
 10
46.8607569999999996
 20
-42.6494999999999962
 30
0
 11
46.7937179999999984
 21
-42.6298150000000007
 31
0
  0
LINE
  5
608
330
1B
100
AcDbEntity
  8
B.Cu
  6
CONTINUOUS
100
AcDbLine
 10
46.7937179999999984
 20
-42.6298150000000007
 30
0
 11
46.7730759999999961
 21
-42.6131809999999973
 31
0
  0
LINE
  5
609
330
1B
100
AcDbEntity
  8
B.Cu
  6
CONTINUOUS
100
AcDbLine
 10
46.7730759999999961
 20
-42.6131809999999973
 30
0
 11
45.7318189999999944
 21
-41.5719239999999957
 31
0
  0
LINE
  5
60A
330
1B
100
AcDbEntity
  8
B.Cu
  6
CONTINUOUS
100
AcDbLine
 10
45.7318189999999944
 20
-41.5719239999999957
 30
0
 11
45.6983339999999956
 21
-41.5106010000000012
 31
0
  0
LINE
  5
60B
330
1B
100
AcDbEntity
  8
B.Cu
  6
CONTINUOUS
100
AcDbLine
 10
45.6983339999999956
 20
-41.5106010000000012
 30
0
 11
45.6954999999999956
 21
-41.4842429999999993
 31
0
  0
LINE
  5
60C
330
1B
100
AcDbEntity
  8
B.Cu
  6
CONTINUOUS
100
AcDbLine
 10
45.6954999999999956
 20
-41.4842429999999993
 30
0
 11
45.6954999999999956
 21
-41.189270999999998
 31
0
  0
LINE
  5
60D
330
1B
100
AcDbEntity
  8
B.Cu
  6
CONTINUOUS
100
AcDbLine
 10
45.6954999999999956
 20
-41.189270999999998
 30
0
 11
45.7151849999999982
 21
-41.1222319999999968
 31
0
  0
LINE
  5
60E
330
1B
100
AcDbEntity
  8
B.Cu
  6
CONTINUOUS
100
AcDbLine
 10
45.7151849999999982
 20
-41.1222319999999968
 30
0
 11
45.767989
 21
-41.076476999999997
 31
0
  0
LINE
  5
60F
330
1B
100
AcDbEntity
  8
B.Cu
  6
CONTINUOUS
100
AcDbLine
 10
45.767989
 20
-41.076476999999997
 30
0
 11
45.8371469999999945
 21
-41.0665329999999997
 31
0
  0
LINE
  5
610
330
1B
100
AcDbEntity
  8
B.Cu
  6
CONTINUOUS
100
AcDbLine
 10
45.8371469999999945
 20
-41.0665329999999997
 30
0
 11
45.8923819999999978
 21
-41.0889510000000016
 31
0
  0
LINE
  5
611
330
1B
100
AcDbEntity
  8
B.Cu
  6
CONTINUOUS
100
AcDbLine
 10
45.8923819999999978
 20
-41.0889510000000016
 30
0
 11
46.0199489999999969
 21
-41.1816339999999954
 31
0
  0
LINE
  5
612
330
1B
100
AcDbEntity
  8
B.Cu
  6
CONTINUOUS
100
AcDbLine
 10
46.0199489999999969
 20
-41.1816339999999954
 30
0
 11
46.1293119999999988
 21
-41.2373569999999958
 31
0
  0
LINE
  5
613
330
1B
100
AcDbEntity
  8
B.Cu
  6
CONTINUOUS
100
AcDbLine
 10
46.1293119999999988
 20
-41.2373569999999958
 30
0
 11
46.2514229999999955
 21
-41.2995769999999993
 31
0
  0
LINE
  5
614
330
1B
100
AcDbEntity
  8
B.Cu
  6
CONTINUOUS
100
AcDbLine
 10
46.2514229999999955
 20
-41.2995769999999993
 30
0
 11
46.2514249999999976
 21
-41.2995769999999993
 31
0
  0
LINE
  5
615
330
1B
100
AcDbEntity
  8
B.Cu
  6
CONTINUOUS
100
AcDbLine
 10
46.2514249999999976
 20
-41.2995769999999993
 30
0
 11
46.2514279999999971
 21
-41.2995790000000014
 31
0
  0
LINE
  5
616
330
1B
100
AcDbEntity
  8
B.Cu
  6
CONTINUOUS
100
AcDbLine
 10
46.2514279999999971
 20
-41.2995790000000014
 30
0
 11
46.4985069999999965
 21
-41.3798600000000008
 31
0
  0
LINE
  5
617
330
1B
100
AcDbEntity
  8
B.Cu
  6
CONTINUOUS
100
AcDbLine
 10
46.4985069999999965
 20
-41.3798600000000008
 30
0
 11
46.6307059999999964
 21
-41.4007969999999972
 31
0
  0
LINE
  5
618
330
1B
100
AcDbEntity
  8
B.Cu
  6
CONTINUOUS
100
AcDbLine
 10
46.6307059999999964
 20
-41.4007969999999972
 30
0
 11
46.7550979999999967
 21
-41.420499999999997
 31
0
  0
LINE
  5
619
330
1B
100
AcDbEntity
  8
B.Cu
  6
CONTINUOUS
100
AcDbLine
 10
46.7550979999999967
 20
-41.420499999999997
 30
0
 11
46.7551029999999983
 21
-41.420499999999997
 31
0
  0
LINE
  5
61A
330
1B
100
AcDbEntity
  8
B.Cu
  6
CONTINUOUS
100
AcDbLine
 10
46.7551029999999983
 20
-41.420499999999997
 30
0
 11
47.0149019999999993
 21
-41.420499999999997
 31
0
  0
LINE
  5
61B
330
1B
100
AcDbEntity
  8
B.Cu
  6
CONTINUOUS
100
AcDbLine
 10
47.0149019999999993
 20
-41.420499999999997
 30
0
 11
47.1282980000000009
 21
-41.4025389999999973
 31
0
  0
LINE
  5
61C
330
1B
100
AcDbEntity
  8
B.Cu
  6
CONTINUOUS
100
AcDbLine
 10
47.1282980000000009
 20
-41.4025389999999973
 30
0
 11
47.2714929999999995
 21
-41.3798600000000008
 31
0
  0
LINE
  5
61D
330
1B
100
AcDbEntity
  8
B.Cu
  6
CONTINUOUS
100
AcDbLine
 10
47.2714929999999995
 20
-41.3798600000000008
 30
0
 11
47.5185719999999989
 21
-41.2995790000000014
 31
0
  0
LINE
  5
61E
330
1B
100
AcDbEntity
  8
B.Cu
  6
CONTINUOUS
100
AcDbLine
 10
47.5185719999999989
 20
-41.2995790000000014
 30
0
 11
47.7500509999999991
 21
-41.1816339999999954
 31
0
  0
LINE
  5
61F
330
1B
100
AcDbEntity
  8
B.Cu
  6
CONTINUOUS
100
AcDbLine
 10
47.7500509999999991
 20
-41.1816339999999954
 30
0
 11
47.9602289999999982
 21
-41.028931
 31
0
  0
LINE
  5
620
330
1B
100
AcDbEntity
  8
B.Cu
  6
CONTINUOUS
100
AcDbLine
 10
47.9602289999999982
 20
-41.028931
 30
0
 11
48.1439309999999949
 21
-40.8452289999999962
 31
0
  0
LINE
  5
621
330
1B
100
AcDbEntity
  8
B.Cu
  6
CONTINUOUS
100
AcDbLine
 10
48.1439309999999949
 20
-40.8452289999999962
 30
0
 11
48.2966339999999974
 21
-40.6350509999999971
 31
0
  0
LINE
  5
622
330
1B
100
AcDbEntity
  8
B.Cu
  6
CONTINUOUS
100
AcDbLine
 10
48.2966339999999974
 20
-40.6350509999999971
 30
0
 11
48.4145789999999963
 21
-40.4035719999999969
 31
0
  0
LINE
  5
623
330
1B
100
AcDbEntity
  8
B.Cu
  6
CONTINUOUS
100
AcDbLine
 10
48.4145789999999963
 20
-40.4035719999999969
 30
0
 11
48.4948599999999956
 21
-40.1564929999999976
 31
0
  0
LINE
  5
624
330
1B
100
AcDbEntity
  8
B.Cu
  6
CONTINUOUS
100
AcDbLine
 10
48.4948599999999956
 20
-40.1564929999999976
 30
0
 11
48.5175389999999993
 21
-40.0132979999999989
 31
0
  0
LINE
  5
625
330
1B
100
AcDbEntity
  8
B.Cu
  6
CONTINUOUS
100
AcDbLine
 10
48.5175389999999993
 20
-40.0132979999999989
 30
0
 11
48.535499999999999
 21
-39.8999019999999973
 31
0
  0
LINE
  5
626
330
1B
100
AcDbEntity
  8
B.Cu
  6
CONTINUOUS
100
AcDbLine
 10
48.535499999999999
 20
-39.8999019999999973
 30
0
 11
48.535499999999999
 21
-38.8400970000000001
 31
0
  0
LINE
  5
627
330
1B
100
AcDbEntity
  8
B.Cu
  6
CONTINUOUS
100
AcDbLine
 10
48.535499999999999
 20
-38.8400970000000001
 30
0
 11
48.5139469999999946
 21
-38.7040209999999973
 31
0
  0
LINE
  5
628
330
1B
100
AcDbEntity
  8
B.Cu
  6
CONTINUOUS
100
AcDbLine
 10
48.5139469999999946
 20
-38.7040209999999973
 30
0
 11
48.4948599999999956
 21
-38.5835069999999973
 31
0
  0
LINE
  5
629
330
1B
100
AcDbEntity
  8
B.Cu
  6
CONTINUOUS
100
AcDbLine
 10
48.4948599999999956
 20
-38.5835069999999973
 30
0
 11
48.4145789999999963
 21
-38.336427999999998
 31
0
  0
LINE
  5
62A
330
1B
100
AcDbEntity
  8
B.Cu
  6
CONTINUOUS
100
AcDbLine
 10
48.4145789999999963
 20
-38.336427999999998
 30
0
 11
48.4145770000000013
 21
-38.3364249999999984
 31
0
  0
LINE
  5
62B
330
1B
100
AcDbEntity
  8
B.Cu
  6
CONTINUOUS
100
AcDbLine
 10
48.4145770000000013
 20
-38.3364249999999984
 30
0
 11
48.4145770000000013
 21
-38.3364229999999964
 31
0
  0
LINE
  5
62C
330
1B
100
AcDbEntity
  8
B.Cu
  6
CONTINUOUS
100
AcDbLine
 10
48.4145770000000013
 20
-38.3364229999999964
 30
0
 11
48.3717869999999976
 21
-38.2524450000000016
 31
0
  0
LINE
  5
62D
330
1B
100
AcDbEntity
  8
B.Cu
  6
CONTINUOUS
100
AcDbLine
 10
48.3717869999999976
 20
-38.2524450000000016
 30
0
 11
48.2966339999999974
 21
-38.1049489999999977
 31
0
  0
LINE
  5
62E
330
1B
100
AcDbEntity
  8
B.Cu
  6
CONTINUOUS
100
AcDbLine
 10
48.2966339999999974
 20
-38.1049489999999977
 30
0
 11
48.1439309999999949
 21
-37.8947709999999987
 31
0
  0
LINE
  5
62F
330
1B
100
AcDbEntity
  8
B.Cu
  6
CONTINUOUS
100
AcDbLine
 10
48.1439309999999949
 20
-37.8947709999999987
 30
0
 11
48.1373630000000006
 21
-37.8882029999999972
 31
0
  0
LINE
  5
630
330
1B
100
AcDbEntity
  8
B.Cu
  6
CONTINUOUS
100
AcDbLine
 10
48.1373630000000006
 20
-37.8882029999999972
 30
0
 11
48.1145589999999999
 21
-37.8568159999999949
 31
0
  0
LINE
  5
631
330
1B
100
AcDbEntity
  8
B.Cu
  6
CONTINUOUS
100
AcDbLine
 10
48.1145589999999999
 20
-37.8568159999999949
 30
0
 11
48.0400509999999983
 21
-37.7105839999999972
 31
0
  0
LINE
  5
632
330
1B
100
AcDbEntity
  8
B.Cu
  6
CONTINUOUS
100
AcDbLine
 10
48.0400509999999983
 20
-37.7105839999999972
 30
0
 11
48.0023559999999989
 21
-37.6587010000000006
 31
0
  0
LINE
  5
633
330
1B
100
AcDbEntity
  8
B.Cu
  6
CONTINUOUS
100
AcDbLine
 10
48.0023559999999989
 20
-37.6587010000000006
 30
0
 11
47.9151099999999985
 21
-37.5386150000000001
 31
0
  0
LINE
  5
634
330
1B
100
AcDbEntity
  8
B.Cu
  6
CONTINUOUS
100
AcDbLine
 10
47.9151099999999985
 20
-37.5386150000000001
 30
0
 11
47.9151059999999944
 21
-37.538610999999996
 31
0
  0
LINE
  5
635
330
1B
100
AcDbEntity
  8
B.Cu
  6
CONTINUOUS
100
AcDbLine
 10
47.9151059999999944
 20
-37.538610999999996
 30
0
 11
47.9151039999999995
 21
-37.5386079999999964
 31
0
  0
LINE
  5
636
330
1B
100
AcDbEntity
  8
B.Cu
  6
CONTINUOUS
100
AcDbLine
 10
47.9151039999999995
 20
-37.5386079999999964
 30
0
 11
47.7647919999999999
 21
-37.3882959999999969
 31
0
  0
LINE
  5
637
330
1B
100
AcDbEntity
  8
B.Cu
  6
CONTINUOUS
100
AcDbLine
 10
47.7647919999999999
 20
-37.3882959999999969
 30
0
 11
47.7647909999999953
 21
-37.3882949999999994
 31
0
  0
LINE
  5
638
330
1B
100
AcDbEntity
  8
B.Cu
  6
CONTINUOUS
100
AcDbLine
 10
47.7647909999999953
 20
-37.3882949999999994
 30
0
 11
47.7616799999999984
 21
-37.3851839999999953
 31
0
  0
LINE
  5
639
330
1B
100
AcDbEntity
  8
B.Cu
  6
CONTINUOUS
100
AcDbLine
 10
47.7616799999999984
 20
-37.3851839999999953
 30
0
 11
47.7616650000000007
 21
-37.3851699999999951
 31
0
  0
LINE
  5
63A
330
1B
100
AcDbEntity
  8
B.Cu
  6
CONTINUOUS
100
AcDbLine
 10
47.7616650000000007
 20
-37.3851699999999951
 30
0
 11
44.3886759999999967
 21
-34.0121809999999982
 31
0
  0
LINE
  5
63B
330
1B
100
AcDbEntity
  8
B.Cu
  6
CONTINUOUS
100
AcDbLine
 10
44.3886759999999967
 20
-34.0121809999999982
 30
0
 11
44.3551909999999978
 21
-33.9508579999999967
 31
0
  0
LINE
  5
63C
330
1B
100
AcDbEntity
  8
B.Cu
  6
CONTINUOUS
100
AcDbLine
 10
44.3551909999999978
 20
-33.9508579999999967
 30
0
 11
44.3601749999999981
 21
-33.8811660000000003
 31
0
  0
LINE
  5
63D
330
1B
100
AcDbEntity
  8
B.Cu
  6
CONTINUOUS
100
AcDbLine
 10
44.3601749999999981
 20
-33.8811660000000003
 30
0
 11
44.402046999999996
 21
-33.8252329999999972
 31
0
  0
LINE
  5
63E
330
1B
100
AcDbEntity
  8
B.Cu
  6
CONTINUOUS
100
AcDbLine
 10
44.402046999999996
 20
-33.8252329999999972
 30
0
 11
44.4675109999999947
 21
-33.8008159999999975
 31
0
  0
LINE
  5
63F
330
1B
100
AcDbEntity
  8
B.Cu
  6
CONTINUOUS
100
AcDbLine
 10
44.4675109999999947
 20
-33.8008159999999975
 30
0
 11
44.4736939999999947
 21
-33.8005950000000013
 31
0
  0
LINE
  5
640
330
1B
100
AcDbEntity
  8
B.Cu
  6
CONTINUOUS
100
AcDbLine
 10
44.4736939999999947
 20
-33.8005950000000013
 30
0
 11
44.4748999999999981
 21
-33.8004999999999995
 31
0
  0
LINE
  5
641
330
1B
100
AcDbEntity
  8
B.Cu
  6
CONTINUOUS
100
AcDbLine
 10
44.4748999999999981
 20
-33.8004999999999995
 30
0
 11
44.557547999999997
 21
-33.7874089999999967
 31
0
  0
LINE
  5
642
330
1B
100
AcDbEntity
  8
B.Cu
  6
CONTINUOUS
100
AcDbLine
 10
44.557547999999997
 20
-33.7874089999999967
 30
0
 11
44.7314930000000004
 21
-33.7598599999999962
 31
0
  0
LINE
  5
643
330
1B
100
AcDbEntity
  8
B.Cu
  6
CONTINUOUS
100
AcDbLine
 10
44.7314930000000004
 20
-33.7598599999999962
 30
0
 11
44.9785719999999998
 21
-33.6795789999999968
 31
0
  0
LINE
  5
644
330
1B
100
AcDbEntity
  8
B.Cu
  6
CONTINUOUS
100
AcDbLine
 10
44.9785719999999998
 20
-33.6795789999999968
 30
0
 11
45.210051
 21
-33.561633999999998
 31
0
  0
LINE
  5
645
330
1B
100
AcDbEntity
  8
B.Cu
  6
CONTINUOUS
100
AcDbLine
 10
45.210051
 20
-33.561633999999998
 30
0
 11
45.4202289999999991
 21
-33.4089309999999955
 31
0
  0
LINE
  5
646
330
1B
100
AcDbEntity
  8
B.Cu
  6
CONTINUOUS
100
AcDbLine
 10
45.4202289999999991
 20
-33.4089309999999955
 30
0
 11
45.6039309999999958
 21
-33.2252289999999988
 31
0
  0
LINE
  5
647
330
1B
100
AcDbEntity
  8
B.Cu
  6
CONTINUOUS
100
AcDbLine
 10
45.6039309999999958
 20
-33.2252289999999988
 30
0
 11
45.7566339999999983
 21
-33.0150509999999997
 31
0
  0
LINE
  5
648
330
1B
100
AcDbEntity
  8
B.Cu
  6
CONTINUOUS
100
AcDbLine
 10
45.7566339999999983
 20
-33.0150509999999997
 30
0
 11
45.8745789999999971
 21
-32.7835719999999995
 31
0
  0
LINE
  5
649
330
1B
100
AcDbEntity
  8
B.Cu
  6
CONTINUOUS
100
AcDbLine
 10
45.8745789999999971
 20
-32.7835719999999995
 30
0
 11
45.9548599999999965
 21
-32.5364930000000001
 31
0
  0
LINE
  5
64A
330
1B
100
AcDbEntity
  8
B.Cu
  6
CONTINUOUS
100
AcDbLine
 10
45.9548599999999965
 20
-32.5364930000000001
 30
0
 11
45.9893749999999955
 21
-32.3185719999999961
 31
0
  0
LINE
  5
64B
330
1B
100
AcDbEntity
  8
B.Cu
  6
CONTINUOUS
100
AcDbLine
 10
45.9893749999999955
 20
-32.3185719999999961
 30
0
 11
45.9954999999999998
 21
-32.2799019999999999
 31
0
  0
LINE
  5
64C
330
1B
100
AcDbEntity
  8
B.Cu
  6
CONTINUOUS
100
AcDbLine
 10
45.9954999999999998
 20
-32.2799019999999999
 30
0
 11
45.9954999999999998
 21
-31.2200969999999991
 31
0
  0
LINE
  5
64D
330
1B
100
AcDbEntity
  8
B.Cu
  6
CONTINUOUS
100
AcDbLine
 10
45.9954999999999998
 20
-31.2200969999999991
 30
0
 11
45.9687839999999994
 21
-31.0514229999999998
 31
0
  0
LINE
  5
64E
330
1B
100
AcDbEntity
  8
B.Cu
  6
CONTINUOUS
100
AcDbLine
 10
45.9687839999999994
 20
-31.0514229999999998
 30
0
 11
45.9548599999999965
 21
-30.9635069999999999
 31
0
  0
LINE
  5
64F
330
1B
100
AcDbEntity
  8
B.Cu
  6
CONTINUOUS
100
AcDbLine
 10
45.9548599999999965
 20
-30.9635069999999999
 30
0
 11
45.8745789999999971
 21
-30.716427999999997
 31
0
  0
LINE
  5
650
330
1B
100
AcDbEntity
  8
B.Cu
  6
CONTINUOUS
100
AcDbLine
 10
45.8745789999999971
 20
-30.716427999999997
 30
0
 11
45.8745769999999951
 21
-30.7164249999999974
 31
0
  0
LINE
  5
651
330
1B
100
AcDbEntity
  8
B.Cu
  6
CONTINUOUS
100
AcDbLine
 10
45.8745769999999951
 20
-30.7164249999999974
 30
0
 11
45.8745769999999951
 21
-30.7164229999999989
 31
0
  0
LINE
  5
652
330
1B
100
AcDbEntity
  8
B.Cu
  6
CONTINUOUS
100
AcDbLine
 10
45.8745769999999951
 20
-30.7164229999999989
 30
0
 11
45.8202329999999947
 21
-30.609767999999999
 31
0
  0
LINE
  5
653
330
1B
100
AcDbEntity
  8
B.Cu
  6
CONTINUOUS
100
AcDbLine
 10
45.8202329999999947
 20
-30.609767999999999
 30
0
 11
45.7566339999999983
 21
-30.4849490000000003
 31
0
  0
LINE
  5
654
330
1B
100
AcDbEntity
  8
B.Cu
  6
CONTINUOUS
100
AcDbLine
 10
45.7566339999999983
 20
-30.4849490000000003
 30
0
 11
45.6039309999999958
 21
-30.2747709999999977
 31
0
  0
LINE
  5
655
330
1B
100
AcDbEntity
  8
B.Cu
  6
CONTINUOUS
100
AcDbLine
 10
45.6039309999999958
 20
-30.2747709999999977
 30
0
 11
45.4202289999999991
 21
-30.0910689999999974
 31
0
  0
LINE
  5
656
330
1B
100
AcDbEntity
  8
B.Cu
  6
CONTINUOUS
100
AcDbLine
 10
45.4202289999999991
 20
-30.0910689999999974
 30
0
 11
45.210051
 21
-29.9383659999999985
 31
0
  0
LINE
  5
657
330
1B
100
AcDbEntity
  8
B.Cu
  6
CONTINUOUS
100
AcDbLine
 10
45.210051
 20
-29.9383659999999985
 30
0
 11
45.1377639999999971
 21
-29.9015339999999981
 31
0
  0
LINE
  5
658
330
1B
100
AcDbEntity
  8
B.Cu
  6
CONTINUOUS
100
AcDbLine
 10
45.1377639999999971
 20
-29.9015339999999981
 30
0
 11
44.9785759999999968
 21
-29.8204219999999971
 31
0
  0
LINE
  5
659
330
1B
100
AcDbEntity
  8
B.Cu
  6
CONTINUOUS
100
AcDbLine
 10
44.9785759999999968
 20
-29.8204219999999971
 30
0
 11
44.7314930000000004
 21
-29.7401400000000002
 31
0
  0
LINE
  5
65A
330
1B
100
AcDbEntity
  8
B.Cu
  6
CONTINUOUS
100
AcDbLine
 10
44.7314930000000004
 20
-29.7401400000000002
 30
0
 11
44.4749020000000002
 21
-29.6994999999999969
 31
0
  0
LINE
  5
65B
330
1B
100
AcDbEntity
  8
B.Cu
  6
CONTINUOUS
100
AcDbLine
 10
44.4749020000000002
 20
-29.6994999999999969
 30
0
 11
44.4748969999999986
 21
-29.6994999999999969
 31
0
  0
LINE
  5
65C
330
1B
100
AcDbEntity
  8
B.Cu
  6
CONTINUOUS
100
AcDbLine
 10
44.4748969999999986
 20
-29.6994999999999969
 30
0
 11
44.2151029999999992
 21
-29.6994999999999969
 31
0
  0
LINE
  5
65D
330
1B
100
AcDbEntity
  8
B.Cu
  6
CONTINUOUS
100
AcDbLine
 10
44.2151029999999992
 20
-29.6994999999999969
 30
0
 11
44.2150979999999976
 21
-29.6994999999999969
 31
0
  0
LINE
  5
65E
330
1B
100
AcDbEntity
  8
B.Cu
  6
CONTINUOUS
100
AcDbLine
 10
44.2150979999999976
 20
-29.6994999999999969
 30
0
 11
43.9585059999999999
 21
-29.7401400000000002
 31
0
  0
LINE
  5
65F
330
1B
100
AcDbEntity
  8
B.Cu
  6
CONTINUOUS
100
AcDbLine
 10
43.9585059999999999
 20
-29.7401400000000002
 30
0
 11
43.7114229999999964
 21
-29.8204219999999971
 31
0
  0
LINE
  5
660
330
1B
100
AcDbEntity
  8
B.Cu
  6
CONTINUOUS
100
AcDbLine
 10
43.7114229999999964
 20
-29.8204219999999971
 30
0
 11
43.4799450000000007
 21
-29.938367999999997
 31
0
  0
LINE
  5
661
330
1B
100
AcDbEntity
  8
B.Cu
  6
CONTINUOUS
100
AcDbLine
 10
43.4799450000000007
 20
-29.938367999999997
 30
0
 11
43.2697739999999982
 21
-30.0910659999999979
 31
0
  0
LINE
  5
662
330
1B
100
AcDbEntity
  8
B.Cu
  6
CONTINUOUS
100
AcDbLine
 10
43.2697739999999982
 20
-30.0910659999999979
 30
0
 11
43.2697679999999991
 21
-30.0910709999999995
 31
0
  0
LINE
  5
663
330
1B
100
AcDbEntity
  8
B.Cu
  6
CONTINUOUS
100
AcDbLine
 10
43.2697679999999991
 20
-30.0910709999999995
 30
0
 11
43.0860709999999969
 21
-30.2747679999999981
 31
0
  0
LINE
  5
664
330
1B
100
AcDbEntity
  8
B.Cu
  6
CONTINUOUS
100
AcDbLine
 10
43.0860709999999969
 20
-30.2747679999999981
 30
0
 11
43.0860659999999953
 21
-30.2747739999999972
 31
0
  0
LINE
  5
665
330
1B
100
AcDbEntity
  8
B.Cu
  6
CONTINUOUS
100
AcDbLine
 10
43.0860659999999953
 20
-30.2747739999999972
 30
0
 11
42.9333680000000015
 21
-30.4849449999999997
 31
0
  0
LINE
  5
666
330
1B
100
AcDbEntity
  8
B.Cu
  6
CONTINUOUS
100
AcDbLine
 10
42.9333680000000015
 20
-30.4849449999999997
 30
0
 11
42.8154219999999981
 21
-30.7164229999999989
 31
0
  0
LINE
  5
667
330
1B
100
AcDbEntity
  8
B.Cu
  6
CONTINUOUS
100
AcDbLine
 10
42.8154219999999981
 20
-30.7164229999999989
 30
0
 11
42.7351400000000012
 21
-30.9635059999999989
 31
0
  0
LINE
  5
668
330
1B
100
AcDbEntity
  8
B.Cu
  6
CONTINUOUS
100
AcDbLine
 10
42.7351400000000012
 20
-30.9635059999999989
 30
0
 11
42.6944999999999979
 21
-31.2200969999999991
 31
0
  0
LINE
  5
669
330
1B
100
AcDbEntity
  8
B.Cu
  6
CONTINUOUS
100
AcDbLine
 10
42.6944999999999979
 20
-31.2200969999999991
 30
0
 11
42.6944999999999979
 21
-32.2799019999999999
 31
0
  0
LINE
  5
66A
330
1B
100
AcDbEntity
  8
B.Cu
  6
CONTINUOUS
100
AcDbLine
 10
42.6944999999999979
 20
-32.2799019999999999
 30
0
 11
42.7351400000000012
 21
-32.5364930000000001
 31
0
  0
LINE
  5
66B
330
1B
100
AcDbEntity
  8
B.Cu
  6
CONTINUOUS
100
AcDbLine
 10
42.7351400000000012
 20
-32.5364930000000001
 30
0
 11
42.8154210000000006
 21
-32.7835719999999995
 31
0
  0
LINE
  5
66C
330
1B
100
AcDbEntity
  8
B.Cu
  6
CONTINUOUS
100
AcDbLine
 10
42.8154210000000006
 20
-32.7835719999999995
 30
0
 11
42.8154219999999981
 21
-32.783574999999999
 31
0
  0
LINE
  5
66D
330
1B
100
AcDbEntity
  8
B.Cu
  6
CONTINUOUS
100
AcDbLine
 10
42.8154219999999981
 20
-32.783574999999999
 30
0
 11
42.8169269999999997
 21
-32.7882049999999978
 31
0
  0
LINE
  5
66E
330
1B
100
AcDbEntity
  8
B.Cu
  6
CONTINUOUS
100
AcDbLine
 10
42.8169269999999997
 20
-32.7882049999999978
 30
0
 11
42.8148199999999974
 21
-32.7888889999999975
 31
0
  0
LINE
  5
66F
330
1B
100
AcDbEntity
  8
B.Cu
  6
CONTINUOUS
100
AcDbLine
 10
42.8148199999999974
 20
-32.7888889999999975
 30
0
 11
42.8213059999999999
 21
-32.8492180000000005
 31
0
  0
LINE
  5
670
330
1B
100
AcDbEntity
  8
B.Cu
  6
CONTINUOUS
100
AcDbLine
 10
42.8213059999999999
 20
-32.8492180000000005
 30
0
 11
42.7900300000000016
 21
-32.9116969999999966
 31
0
  0
LINE
  5
671
330
1B
100
AcDbEntity
  8
B.Cu
  6
CONTINUOUS
100
AcDbLine
 10
42.7900300000000016
 20
-32.9116969999999966
 30
0
 11
42.7299409999999966
 21
-32.9473489999999956
 31
0
  0
LINE
  5
672
330
1B
100
AcDbEntity
  8
B.Cu
  6
CONTINUOUS
100
AcDbLine
 10
42.7299409999999966
 20
-32.9473489999999956
 30
0
 11
42.6992759999999976
 21
-32.9512
 31
0
  0
LINE
  5
673
330
1B
100
AcDbEntity
  8
B.Cu
  6
CONTINUOUS
100
AcDbLine
 10
42.6992759999999976
 20
-32.9512
 30
0
 11
40.9107239999999948
 21
-32.9512
 31
0
  0
LINE
  5
674
330
1B
100
AcDbEntity
  8
B.Cu
  6
CONTINUOUS
100
AcDbLine
 10
40.9107239999999948
 20
-32.9512
 30
0
 11
40.8436850000000007
 21
-32.9315149999999974
 31
0
  0
LINE
  5
675
330
1B
100
AcDbEntity
  8
B.Cu
  6
CONTINUOUS
100
AcDbLine
 10
40.8436850000000007
 20
-32.9315149999999974
 30
0
 11
40.7979300000000009
 21
-32.8787109999999956
 31
0
  0
LINE
  5
676
330
1B
100
AcDbEntity
  8
B.Cu
  6
CONTINUOUS
100
AcDbLine
 10
40.7979300000000009
 20
-32.8787109999999956
 30
0
 11
40.7879859999999965
 21
-32.8095530000000011
 31
0
  0
LINE
  5
677
330
1B
100
AcDbEntity
  8
B.Cu
  6
CONTINUOUS
100
AcDbLine
 10
40.7879859999999965
 20
-32.8095530000000011
 30
0
 11
40.7937790000000007
 21
-32.7884339999999952
 31
0
  0
LINE
  5
678
330
1B
100
AcDbEntity
  8
B.Cu
  6
CONTINUOUS
100
AcDbLine
 10
40.7937790000000007
 20
-32.7884339999999952
 30
0
 11
40.7930729999999997
 21
-32.7882049999999978
 31
0
  0
LINE
  5
679
330
1B
100
AcDbEntity
  8
B.Cu
  6
CONTINUOUS
100
AcDbLine
 10
40.7930729999999997
 20
-32.7882049999999978
 30
0
 11
40.7945769999999968
 21
-32.783574999999999
 31
0
  0
LINE
  5
67A
330
1B
100
AcDbEntity
  8
B.Cu
  6
CONTINUOUS
100
AcDbLine
 10
40.7945769999999968
 20
-32.783574999999999
 30
0
 11
40.7945789999999988
 21
-32.7835719999999995
 31
0
  0
LINE
  5
67B
330
1B
100
AcDbEntity
  8
B.Cu
  6
CONTINUOUS
100
AcDbLine
 10
40.7945789999999988
 20
-32.7835719999999995
 30
0
 11
40.8748599999999982
 21
-32.5364930000000001
 31
0
  0
LINE
  5
67C
330
1B
100
AcDbEntity
  8
B.Cu
  6
CONTINUOUS
100
AcDbLine
 10
40.8748599999999982
 20
-32.5364930000000001
 30
0
 11
40.9093749999999972
 21
-32.3185719999999961
 31
0
  0
LINE
  5
67D
330
1B
100
AcDbEntity
  8
B.Cu
  6
CONTINUOUS
100
AcDbLine
 10
40.9093749999999972
 20
-32.3185719999999961
 30
0
 11
40.9155000000000015
 21
-32.2799019999999999
 31
0
  0
LINE
  5
67E
330
1B
100
AcDbEntity
  8
B.Cu
  6
CONTINUOUS
100
AcDbLine
 10
40.9155000000000015
 20
-32.2799019999999999
 30
0
 11
40.9155000000000015
 21
-31.2200969999999991
 31
0
  0
LINE
  5
67F
330
1B
100
AcDbEntity
  8
B.Cu
  6
CONTINUOUS
100
AcDbLine
 10
40.9155000000000015
 20
-31.2200969999999991
 30
0
 11
40.8887840000000011
 21
-31.0514229999999998
 31
0
  0
LINE
  5
680
330
1B
100
AcDbEntity
  8
B.Cu
  6
CONTINUOUS
100
AcDbLine
 10
40.8887840000000011
 20
-31.0514229999999998
 30
0
 11
40.8748599999999982
 21
-30.9635069999999999
 31
0
  0
LINE
  5
681
330
1B
100
AcDbEntity
  8
B.Cu
  6
CONTINUOUS
100
AcDbLine
 10
40.8748599999999982
 20
-30.9635069999999999
 30
0
 11
40.7945789999999988
 21
-30.716427999999997
 31
0
  0
LINE
  5
682
330
1B
100
AcDbEntity
  8
B.Cu
  6
CONTINUOUS
100
AcDbLine
 10
40.7945789999999988
 20
-30.716427999999997
 30
0
 11
40.7945769999999968
 21
-30.7164249999999974
 31
0
  0
LINE
  5
683
330
1B
100
AcDbEntity
  8
B.Cu
  6
CONTINUOUS
100
AcDbLine
 10
40.7945769999999968
 20
-30.7164249999999974
 30
0
 11
40.7945769999999968
 21
-30.7164229999999989
 31
0
  0
LINE
  5
684
330
1B
100
AcDbEntity
  8
B.Cu
  6
CONTINUOUS
100
AcDbLine
 10
40.7945769999999968
 20
-30.7164229999999989
 30
0
 11
40.7323570000000004
 21
-30.5943119999999986
 31
0
  0
LINE
  5
685
330
1B
100
AcDbEntity
  8
B.Cu
  6
CONTINUOUS
100
AcDbLine
 10
40.7323570000000004
 20
-30.5943119999999986
 30
0
 11
40.676634
 21
-30.4849490000000003
 31
0
  0
LINE
  5
686
330
1B
100
AcDbEntity
  8
B.Cu
  6
CONTINUOUS
100
AcDbLine
 10
40.676634
 20
-30.4849490000000003
 30
0
 11
40.6391810000000007
 21
-30.4333999999999989
 31
0
  0
LINE
  5
687
330
1B
100
AcDbEntity
  8
B.Cu
  6
CONTINUOUS
100
AcDbLine
 10
40.6391810000000007
 20
-30.4333999999999989
 30
0
 11
40.6157019999999989
 21
-30.3675939999999969
 31
0
  0
LINE
  5
688
330
1B
100
AcDbEntity
  8
B.Cu
  6
CONTINUOUS
100
AcDbLine
 10
40.6157019999999989
 20
-30.3675939999999969
 30
0
 11
40.6154999999999973
 21
-30.3605149999999995
 31
0
  0
LINE
  5
689
330
1B
100
AcDbEntity
  8
B.Cu
  6
CONTINUOUS
100
AcDbLine
 10
40.6154999999999973
 20
-30.3605149999999995
 30
0
 11
40.6154999999999973
 21
-28.5637129999999999
 31
0
  0
LINE
  5
68A
330
1B
100
AcDbEntity
  8
B.Cu
  6
CONTINUOUS
100
AcDbLine
 10
40.6154999999999973
 20
-28.5637129999999999
 30
0
 11
40.5822459999999978
 21
-28.3537599999999976
 31
0
  0
LINE
  5
68B
330
1B
100
AcDbEntity
  8
B.Cu
  6
CONTINUOUS
100
AcDbLine
 10
40.5822459999999978
 20
-28.3537599999999976
 30
0
 11
40.5822459999999978
 21
-28.3537569999999981
 31
0
  0
LINE
  5
68C
330
1B
100
AcDbEntity
  8
B.Cu
  6
CONTINUOUS
100
AcDbLine
 10
40.5822459999999978
 20
-28.3537569999999981
 30
0
 11
40.5165569999999988
 21
-28.1515880000000003
 31
0
  0
LINE
  5
68D
330
1B
100
AcDbEntity
  8
B.Cu
  6
CONTINUOUS
100
AcDbLine
 10
40.5165569999999988
 20
-28.1515880000000003
 30
0
 11
40.4200510000000008
 21
-27.962183999999997
 31
0
  0
LINE
  5
68E
330
1B
100
AcDbEntity
  8
B.Cu
  6
CONTINUOUS
100
AcDbLine
 10
40.4200510000000008
 20
-27.962183999999997
 30
0
 11
40.4200489999999988
 21
-27.9621809999999975
 31
0
  0
LINE
  5
68F
330
1B
100
AcDbEntity
  8
B.Cu
  6
CONTINUOUS
100
AcDbLine
 10
40.4200489999999988
 20
-27.9621809999999975
 30
0
 11
40.4200480000000013
 21
-27.962178999999999
 31
0
  0
LINE
  5
690
330
1B
100
AcDbEntity
  8
B.Cu
  6
CONTINUOUS
100
AcDbLine
 10
40.4200480000000013
 20
-27.962178999999999
 30
0
 11
40.2951100000000011
 21
-27.7902149999999999
 31
0
  0
LINE
  5
691
330
1B
100
AcDbEntity
  8
B.Cu
  6
CONTINUOUS
100
AcDbLine
 10
40.2951100000000011
 20
-27.7902149999999999
 30
0
 11
40.295105999999997
 21
-27.7902109999999993
 31
0
  0
LINE
  5
692
330
1B
100
AcDbEntity
  8
B.Cu
  6
CONTINUOUS
100
AcDbLine
 10
40.295105999999997
 20
-27.7902109999999993
 30
0
 11
40.2951039999999949
 21
-27.7902079999999998
 31
0
  0
LINE
  5
693
330
1B
100
AcDbEntity
  8
B.Cu
  6
CONTINUOUS
100
AcDbLine
 10
40.2951039999999949
 20
-27.7902079999999998
 30
0
 11
40.1447919999999954
 21
-27.6398960000000002
 31
0
  0
LINE
  5
694
330
1B
100
AcDbEntity
  8
B.Cu
  6
CONTINUOUS
100
AcDbLine
 10
40.1447919999999954
 20
-27.6398960000000002
 30
0
 11
40.1447909999999979
 21
-27.6398949999999992
 31
0
  0
LINE
  5
695
330
1B
100
AcDbEntity
  8
B.Cu
  6
CONTINUOUS
100
AcDbLine
 10
40.1447909999999979
 20
-27.6398949999999992
 30
0
 11
40.1416800000000009
 21
-27.6367839999999987
 31
0
  0
LINE
  5
696
330
1B
100
AcDbEntity
  8
B.Cu
  6
CONTINUOUS
100
AcDbLine
 10
40.1416800000000009
 20
-27.6367839999999987
 30
0
 11
40.1416649999999962
 21
-27.6367699999999985
 31
0
  0
LINE
  5
697
330
1B
100
AcDbEntity
  8
B.Cu
  6
CONTINUOUS
100
AcDbLine
 10
40.1416649999999962
 20
-27.6367699999999985
 30
0
 11
38.4196189999999973
 21
-25.9147239999999996
 31
0
  0
LINE
  5
698
330
1B
100
AcDbEntity
  8
B.Cu
  6
CONTINUOUS
100
AcDbLine
 10
38.4196189999999973
 20
-25.9147239999999996
 30
0
 11
38.3861339999999984
 21
-25.8534009999999981
 31
0
  0
LINE
  5
699
330
1B
100
AcDbEntity
  8
B.Cu
  6
CONTINUOUS
100
AcDbLine
 10
38.3861339999999984
 20
-25.8534009999999981
 30
0
 11
38.3848339999999979
 21
-25.8464829999999992
 31
0
  0
LINE
  5
69A
330
1B
100
AcDbEntity
  8
B.Cu
  6
CONTINUOUS
100
AcDbLine
 10
38.3848339999999979
 20
-25.8464829999999992
 30
0
 11
38.3748599999999982
 21
-25.7835070000000002
 31
0
  0
LINE
  5
69B
330
1B
100
AcDbEntity
  8
B.Cu
  6
CONTINUOUS
100
AcDbLine
 10
38.3748599999999982
 20
-25.7835070000000002
 30
0
 11
38.2945789999999988
 21
-25.5364279999999972
 31
0
  0
LINE
  5
69C
330
1B
100
AcDbEntity
  8
B.Cu
  6
CONTINUOUS
100
AcDbLine
 10
38.2945789999999988
 20
-25.5364279999999972
 30
0
 11
38.176634
 21
-25.3049490000000006
 31
0
  0
LINE
  5
69D
330
1B
100
AcDbEntity
  8
B.Cu
  6
CONTINUOUS
100
AcDbLine
 10
38.176634
 20
-25.3049490000000006
 30
0
 11
38.0239309999999975
 21
-25.0947709999999979
 31
0
  0
LINE
  5
69E
330
1B
100
AcDbEntity
  8
B.Cu
  6
CONTINUOUS
100
AcDbLine
 10
38.0239309999999975
 20
-25.0947709999999979
 30
0
 11
37.8402290000000008
 21
-24.9110689999999977
 31
0
  0
LINE
  5
69F
330
1B
100
AcDbEntity
  8
B.Cu
  6
CONTINUOUS
100
AcDbLine
 10
37.8402290000000008
 20
-24.9110689999999977
 30
0
 11
37.6300510000000017
 21
-24.7583659999999988
 31
0
  0
LINE
  5
6A0
330
1B
100
AcDbEntity
  8
B.Cu
  6
CONTINUOUS
100
AcDbLine
 10
37.6300510000000017
 20
-24.7583659999999988
 30
0
 11
37.3985720000000015
 21
-24.6404209999999999
 31
0
  0
LINE
  5
6A1
330
1B
100
AcDbEntity
  8
B.Cu
  6
CONTINUOUS
100
AcDbLine
 10
37.3985720000000015
 20
-24.6404209999999999
 30
0
 11
37.151492999999995
 21
-24.5601400000000005
 31
0
  0
LINE
  5
6A2
330
1B
100
AcDbEntity
  8
B.Cu
  6
CONTINUOUS
100
AcDbLine
 10
37.151492999999995
 20
-24.5601400000000005
 30
0
 11
37.151491
 21
-24.5601389999999995
 31
0
  0
LINE
  5
6A3
330
1B
100
AcDbEntity
  8
B.Cu
  6
CONTINUOUS
100
AcDbLine
 10
37.151491
 20
-24.5601389999999995
 30
0
 11
37.088555999999997
 21
-24.5501709999999989
 31
0
  0
LINE
  5
6A4
330
1B
100
AcDbEntity
  8
B.Cu
  6
CONTINUOUS
100
AcDbLine
 10
37.088555999999997
 20
-24.5501709999999989
 30
0
 11
37.0254210000000015
 21
-24.5202409999999986
 31
0
  0
LINE
  5
6A5
330
1B
100
AcDbEntity
  8
B.Cu
  6
CONTINUOUS
100
AcDbLine
 10
37.0254210000000015
 20
-24.5202409999999986
 30
0
 11
37.0202740000000006
 21
-24.5153789999999994
 31
0
  0
LINE
  5
6A6
330
1B
100
AcDbEntity
  8
B.Cu
  6
CONTINUOUS
100
AcDbLine
 10
37.0202740000000006
 20
-24.5153789999999994
 30
0
 11
35.6944439999999972
 21
-23.1895489999999995
 31
0
  0
LINE
  5
6A7
330
1B
100
AcDbEntity
  8
B.Cu
  6
CONTINUOUS
100
AcDbLine
 10
35.6944439999999972
 20
-23.1895489999999995
 30
0
 11
35.6944349999999986
 21
-23.1895389999999999
 31
0
  0
LINE
  5
6A8
330
1B
100
AcDbEntity
  8
B.Cu
  6
CONTINUOUS
100
AcDbLine
 10
35.6944349999999986
 20
-23.1895389999999999
 30
0
 11
35.6832819999999984
 21
-23.1783859999999997
 31
0
  0
LINE
  5
6A9
330
1B
100
AcDbEntity
  8
B.Cu
  6
CONTINUOUS
100
AcDbLine
 10
35.6832819999999984
 20
-23.1783859999999997
 30
0
 11
35.5397919999999985
 21
-23.0348959999999998
 31
0
  0
LINE
  5
6AA
330
1B
100
AcDbEntity
  8
B.Cu
  6
CONTINUOUS
100
AcDbLine
 10
35.5397919999999985
 20
-23.0348959999999998
 30
0
 11
35.5397880000000015
 21
-23.0348930000000003
 31
0
  0
LINE
  5
6AB
330
1B
100
AcDbEntity
  8
B.Cu
  6
CONTINUOUS
100
AcDbLine
 10
35.5397880000000015
 20
-23.0348930000000003
 30
0
 11
35.5397839999999974
 21
-23.0348889999999997
 31
0
  0
LINE
  5
6AC
330
1B
100
AcDbEntity
  8
B.Cu
  6
CONTINUOUS
100
AcDbLine
 10
35.5397839999999974
 20
-23.0348889999999997
 30
0
 11
35.3678200000000018
 21
-22.9099509999999995
 31
0
  0
LINE
  5
6AD
330
1B
100
AcDbEntity
  8
B.Cu
  6
CONTINUOUS
100
AcDbLine
 10
35.3678200000000018
 20
-22.9099509999999995
 30
0
 11
35.1784139999999965
 21
-22.8134440000000005
 31
0
  0
LINE
  5
6AE
330
1B
100
AcDbEntity
  8
B.Cu
  6
CONTINUOUS
100
AcDbLine
 10
35.1784139999999965
 20
-22.8134440000000005
 30
0
 11
35.178412999999999
 21
-22.8134429999999995
 31
0
  0
LINE
  5
6AF
330
1B
100
AcDbEntity
  8
B.Cu
  6
CONTINUOUS
100
AcDbLine
 10
35.178412999999999
 20
-22.8134429999999995
 30
0
 11
35.1784120000000016
 21
-22.8134429999999995
 31
0
  0
LINE
  5
6B0
330
1B
100
AcDbEntity
  8
B.Cu
  6
CONTINUOUS
100
AcDbLine
 10
35.1784120000000016
 20
-22.8134429999999995
 30
0
 11
34.9762429999999966
 21
-22.7477540000000005
 31
0
  0
LINE
  5
6B1
330
1B
100
AcDbEntity
  8
B.Cu
  6
CONTINUOUS
100
AcDbLine
 10
34.9762429999999966
 20
-22.7477540000000005
 30
0
 11
34.9762410000000017
 21
-22.7477529999999994
 31
0
  0
LINE
  5
6B2
330
1B
100
AcDbEntity
  8
B.Cu
  6
CONTINUOUS
100
AcDbLine
 10
34.9762410000000017
 20
-22.7477529999999994
 30
0
 11
34.9762399999999971
 21
-22.7477529999999994
 31
0
  0
LINE
  5
6B3
330
1B
100
AcDbEntity
  8
B.Cu
  6
CONTINUOUS
100
AcDbLine
 10
34.9762399999999971
 20
-22.7477529999999994
 30
0
 11
34.8149569999999997
 21
-22.7222079999999984
 31
0
  0
LINE
  5
6B4
330
1B
100
AcDbEntity
  8
B.Cu
  6
CONTINUOUS
100
AcDbLine
 10
34.8149569999999997
 20
-22.7222079999999984
 30
0
 11
34.7662869999999984
 21
-22.7144999999999975
 31
0
  0
LINE
  5
6B5
330
1B
100
AcDbEntity
  8
B.Cu
  6
CONTINUOUS
100
AcDbLine
 10
34.7662869999999984
 20
-22.7144999999999975
 30
0
 11
34.7662860000000009
 21
-22.7144999999999975
 31
0
  0
LINE
  5
6B6
330
1B
100
AcDbEntity
  8
B.Cu
  6
CONTINUOUS
100
AcDbLine
 10
34.7662860000000009
 20
-22.7144999999999975
 30
0
 11
33.0044849999999954
 21
-22.7144999999999975
 31
0
  0
LINE
  5
6B7
330
1B
100
AcDbEntity
  8
B.Cu
  6
CONTINUOUS
100
AcDbLine
 10
33.0044849999999954
 20
-22.7144999999999975
 30
0
 11
32.9374460000000013
 21
-22.6948149999999984
 31
0
  0
LINE
  5
6B8
330
1B
100
AcDbEntity
  8
B.Cu
  6
CONTINUOUS
100
AcDbLine
 10
32.9374460000000013
 20
-22.6948149999999984
 30
0
 11
32.9315989999999985
 21
-22.6908180000000002
 31
0
  0
LINE
  5
6B9
330
1B
100
AcDbEntity
  8
B.Cu
  6
CONTINUOUS
100
AcDbLine
 10
32.9315989999999985
 20
-22.6908180000000002
 30
0
 11
32.8926540000000003
 21
-22.6625230000000002
 31
0
  0
LINE
  5
6BA
330
1B
100
AcDbEntity
  8
B.Cu
  6
CONTINUOUS
100
AcDbLine
 10
32.8926540000000003
 20
-22.6625230000000002
 30
0
 11
32.8800510000000017
 21
-22.6533659999999983
 31
0
  0
LINE
  5
6BB
330
1B
100
AcDbEntity
  8
B.Cu
  6
CONTINUOUS
100
AcDbLine
 10
32.8800510000000017
 20
-22.6533659999999983
 30
0
 11
32.6485759999999985
 21
-22.5354220000000005
 31
0
  0
LINE
  5
6BC
330
1B
100
AcDbEntity
  8
B.Cu
  6
CONTINUOUS
100
AcDbLine
 10
32.6485759999999985
 20
-22.5354220000000005
 30
0
 11
32.401492999999995
 21
-22.4551400000000001
 31
0
  0
LINE
  5
6BD
330
1B
100
AcDbEntity
  8
B.Cu
  6
CONTINUOUS
100
AcDbLine
 10
32.401492999999995
 20
-22.4551400000000001
 30
0
 11
32.1449020000000019
 21
-22.4145000000000003
 31
0
  0
LINE
  5
6BE
330
1B
100
AcDbEntity
  8
B.Cu
  6
CONTINUOUS
100
AcDbLine
 10
32.1449020000000019
 20
-22.4145000000000003
 30
0
 11
32.1448970000000003
 21
-22.4145000000000003
 31
0
  0
LINE
  5
6BF
330
1B
100
AcDbEntity
  8
B.Cu
  6
CONTINUOUS
100
AcDbLine
 10
32.1448970000000003
 20
-22.4145000000000003
 30
0
 11
31.0851030000000002
 21
-22.4145000000000003
 31
0
  0
LINE
  5
6C0
330
1B
100
AcDbEntity
  8
B.Cu
  6
CONTINUOUS
100
AcDbLine
 10
31.0851030000000002
 20
-22.4145000000000003
 30
0
 11
31.0850979999999986
 21
-22.4145000000000003
 31
0
  0
LINE
  5
6C1
330
1B
100
AcDbEntity
  8
B.Cu
  6
CONTINUOUS
100
AcDbLine
 10
31.0850979999999986
 20
-22.4145000000000003
 30
0
 11
30.8285059999999973
 21
-22.4551400000000001
 31
0
  0
LINE
  5
6C2
330
1B
100
AcDbEntity
  8
B.Cu
  6
CONTINUOUS
100
AcDbLine
 10
30.8285059999999973
 20
-22.4551400000000001
 30
0
 11
30.5814229999999974
 21
-22.5354220000000005
 31
0
  0
LINE
  5
6C3
330
1B
100
AcDbEntity
  8
B.Cu
  6
CONTINUOUS
100
AcDbLine
 10
30.5814229999999974
 20
-22.5354220000000005
 30
0
 11
30.3499449999999982
 21
-22.6533680000000004
 31
0
  0
LINE
  5
6C4
330
1B
100
AcDbEntity
  8
B.Cu
  6
CONTINUOUS
100
AcDbLine
 10
30.3499449999999982
 20
-22.6533680000000004
 30
0
 11
30.1397739999999992
 21
-22.8060659999999977
 31
0
  0
LINE
  5
6C5
330
1B
100
AcDbEntity
  8
B.Cu
  6
CONTINUOUS
100
AcDbLine
 10
30.1397739999999992
 20
-22.8060659999999977
 30
0
 11
30.1397680000000001
 21
-22.8060709999999993
 31
0
  0
LINE
  5
6C6
330
1B
100
AcDbEntity
  8
B.Cu
  6
CONTINUOUS
100
AcDbLine
 10
30.1397680000000001
 20
-22.8060709999999993
 30
0
 11
29.9560709999999979
 21
-22.989767999999998
 31
0
  0
LINE
  5
6C7
330
1B
100
AcDbEntity
  8
B.Cu
  6
CONTINUOUS
100
AcDbLine
 10
29.9560709999999979
 20
-22.989767999999998
 30
0
 11
29.9560659999999999
 21
-22.9897740000000006
 31
0
  0
LINE
  5
6C8
330
1B
100
AcDbEntity
  8
B.Cu
  6
CONTINUOUS
100
AcDbLine
 10
29.9560659999999999
 20
-22.9897740000000006
 30
0
 11
29.803367999999999
 21
-23.1999449999999996
 31
0
  0
LINE
  5
6C9
330
1B
100
AcDbEntity
  8
B.Cu
  6
CONTINUOUS
100
AcDbLine
 10
29.803367999999999
 20
-23.1999449999999996
 30
0
 11
29.6854219999999991
 21
-23.4314229999999988
 31
0
  0
LINE
  5
6CA
330
1B
100
AcDbEntity
  8
B.Cu
  6
CONTINUOUS
100
AcDbLine
 10
29.6854219999999991
 20
-23.4314229999999988
 30
0
 11
29.6051399999999987
 21
-23.6785059999999987
 31
0
  0
LINE
  5
6CB
330
1B
100
AcDbEntity
  8
B.Cu
  6
CONTINUOUS
100
AcDbLine
 10
29.6051399999999987
 20
-23.6785059999999987
 30
0
 11
29.5644999999999989
 21
-23.935096999999999
 31
0
  0
LINE
  5
6CC
330
1B
100
AcDbEntity
  8
B.Cu
  6
CONTINUOUS
100
AcDbLine
 10
29.5644999999999989
 20
-23.935096999999999
 30
0
 11
29.5644999999999989
 21
-24.194901999999999
 31
0
  0
LINE
  5
6CD
330
1B
100
AcDbEntity
  8
B.Cu
  6
CONTINUOUS
100
AcDbLine
 10
29.5644999999999989
 20
-24.194901999999999
 30
0
 11
29.6051399999999987
 21
-24.4514929999999993
 31
0
  0
LINE
  5
6CE
330
1B
100
AcDbEntity
  8
B.Cu
  6
CONTINUOUS
100
AcDbLine
 10
29.6051399999999987
 20
-24.4514929999999993
 30
0
 11
29.6854219999999991
 21
-24.6985759999999992
 31
0
  0
LINE
  5
6CF
330
1B
100
AcDbEntity
  8
B.Cu
  6
CONTINUOUS
100
AcDbLine
 10
29.6854219999999991
 20
-24.6985759999999992
 30
0
 11
29.766534
 21
-24.8577639999999995
 31
0
  0
LINE
  5
6D0
330
1B
100
AcDbEntity
  8
B.Cu
  6
CONTINUOUS
100
AcDbLine
 10
29.766534
 20
-24.8577639999999995
 30
0
 11
29.7936949999999996
 21
-24.9110709999999997
 31
0
  0
LINE
  5
6D1
330
1B
100
AcDbEntity
  8
B.Cu
  6
CONTINUOUS
100
AcDbLine
 10
29.7936949999999996
 20
-24.9110709999999997
 30
0
 11
29.803367999999999
 21
-24.9300539999999984
 31
0
  0
LINE
  5
6D2
330
1B
100
AcDbEntity
  8
B.Cu
  6
CONTINUOUS
100
AcDbLine
 10
29.803367999999999
 20
-24.9300539999999984
 30
0
 11
29.9560659999999999
 21
-25.1402249999999974
 31
0
  0
LINE
  5
6D3
330
1B
100
AcDbEntity
  8
B.Cu
  6
CONTINUOUS
100
AcDbLine
 10
29.9560659999999999
 20
-25.1402249999999974
 30
0
 11
29.9560709999999979
 21
-25.140231
 31
0
  0
LINE
  5
6D4
330
1B
100
AcDbEntity
  8
B.Cu
  6
CONTINUOUS
100
AcDbLine
 10
29.9560709999999979
 20
-25.140231
 30
0
 11
30.0631589999999989
 21
-25.2473189999999974
 31
0
  0
LINE
  5
6D5
330
1B
100
AcDbEntity
  8
B.Cu
  6
CONTINUOUS
100
AcDbLine
 10
30.0631589999999989
 20
-25.2473189999999974
 30
0
 11
30.0966439999999977
 21
-25.308641999999999
 31
0
  0
LINE
  5
6D6
330
1B
100
AcDbEntity
  8
B.Cu
  6
CONTINUOUS
100
AcDbLine
 10
30.0966439999999977
 20
-25.308641999999999
 30
0
 11
30.0916599999999974
 21
-25.3783339999999988
 31
0
  0
LINE
  5
6D7
330
1B
100
AcDbEntity
  8
B.Cu
  6
CONTINUOUS
100
AcDbLine
 10
30.0916599999999974
 20
-25.3783339999999988
 30
0
 11
30.0631589999999989
 21
-25.4226809999999972
 31
0
  0
LINE
  5
6D8
330
1B
100
AcDbEntity
  8
B.Cu
  6
CONTINUOUS
100
AcDbLine
 10
30.0631589999999989
 20
-25.4226809999999972
 30
0
 11
29.9560709999999979
 21
-25.5297679999999971
 31
0
  0
LINE
  5
6D9
330
1B
100
AcDbEntity
  8
B.Cu
  6
CONTINUOUS
100
AcDbLine
 10
29.9560709999999979
 20
-25.5297679999999971
 30
0
 11
29.9560659999999999
 21
-25.5297739999999997
 31
0
  0
LINE
  5
6DA
330
1B
100
AcDbEntity
  8
B.Cu
  6
CONTINUOUS
100
AcDbLine
 10
29.9560659999999999
 20
-25.5297739999999997
 30
0
 11
29.803367999999999
 21
-25.7399449999999987
 31
0
  0
LINE
  5
6DB
330
1B
100
AcDbEntity
  8
B.Cu
  6
CONTINUOUS
100
AcDbLine
 10
29.803367999999999
 20
-25.7399449999999987
 30
0
 11
29.6854219999999991
 21
-25.9714229999999979
 31
0
  0
LINE
  5
6DC
330
1B
100
AcDbEntity
  8
B.Cu
  6
CONTINUOUS
100
AcDbLine
 10
29.6854219999999991
 20
-25.9714229999999979
 30
0
 11
29.6051399999999987
 21
-26.2185059999999979
 31
0
  0
LINE
  5
6DD
330
1B
100
AcDbEntity
  8
B.Cu
  6
CONTINUOUS
100
AcDbLine
 10
29.6051399999999987
 20
-26.2185059999999979
 30
0
 11
29.5644999999999989
 21
-26.4750969999999981
 31
0
  0
LINE
  5
6DE
330
1B
100
AcDbEntity
  8
B.Cu
  6
CONTINUOUS
100
AcDbLine
 10
29.5644999999999989
 20
-26.4750969999999981
 30
0
 11
29.5644999999999989
 21
-26.7349019999999982
 31
0
  0
LINE
  5
6DF
330
1B
100
AcDbEntity
  8
B.Cu
  6
CONTINUOUS
100
AcDbLine
 10
29.5644999999999989
 20
-26.7349019999999982
 30
0
 11
29.6051399999999987
 21
-26.9914929999999984
 31
0
  0
LINE
  5
6E0
330
1B
100
AcDbEntity
  8
B.Cu
  6
CONTINUOUS
100
AcDbLine
 10
29.6051399999999987
 20
-26.9914929999999984
 30
0
 11
29.6854219999999991
 21
-27.2385759999999983
 31
0
  0
LINE
  5
6E1
330
1B
100
AcDbEntity
  8
B.Cu
  6
CONTINUOUS
100
AcDbLine
 10
29.6854219999999991
 20
-27.2385759999999983
 30
0
 11
29.803367999999999
 21
-27.4700539999999975
 31
0
  0
LINE
  5
6E2
330
1B
100
AcDbEntity
  8
B.Cu
  6
CONTINUOUS
100
AcDbLine
 10
29.803367999999999
 20
-27.4700539999999975
 30
0
 11
29.9560659999999999
 21
-27.6802250000000001
 31
0
  0
LINE
  5
6E3
330
1B
100
AcDbEntity
  8
B.Cu
  6
CONTINUOUS
100
AcDbLine
 10
29.9560659999999999
 20
-27.6802250000000001
 30
0
 11
29.9560709999999979
 21
-27.6802309999999991
 31
0
  0
LINE
  5
6E4
330
1B
100
AcDbEntity
  8
B.Cu
  6
CONTINUOUS
100
AcDbLine
 10
29.9560709999999979
 20
-27.6802309999999991
 30
0
 11
30.0631589999999989
 21
-27.7873190000000001
 31
0
  0
LINE
  5
6E5
330
1B
100
AcDbEntity
  8
B.Cu
  6
CONTINUOUS
100
AcDbLine
 10
30.0631589999999989
 20
-27.7873190000000001
 30
0
 11
30.0966439999999977
 21
-27.8486419999999981
 31
0
  0
LINE
  5
6E6
330
1B
100
AcDbEntity
  8
B.Cu
  6
CONTINUOUS
100
AcDbLine
 10
30.0966439999999977
 20
-27.8486419999999981
 30
0
 11
30.0916599999999974
 21
-27.918333999999998
 31
0
  0
LINE
  5
6E7
330
1B
100
AcDbEntity
  8
B.Cu
  6
CONTINUOUS
100
AcDbLine
 10
30.0916599999999974
 20
-27.918333999999998
 30
0
 11
30.0631589999999989
 21
-27.9626809999999999
 31
0
  0
LINE
  5
6E8
330
1B
100
AcDbEntity
  8
B.Cu
  6
CONTINUOUS
100
AcDbLine
 10
30.0631589999999989
 20
-27.9626809999999999
 30
0
 11
29.9560709999999979
 21
-28.0697679999999998
 31
0
  0
LINE
  5
6E9
330
1B
100
AcDbEntity
  8
B.Cu
  6
CONTINUOUS
100
AcDbLine
 10
29.9560709999999979
 20
-28.0697679999999998
 30
0
 11
29.9560659999999999
 21
-28.0697739999999989
 31
0
  0
LINE
  5
6EA
330
1B
100
AcDbEntity
  8
B.Cu
  6
CONTINUOUS
100
AcDbLine
 10
29.9560659999999999
 20
-28.0697739999999989
 30
0
 11
29.803367999999999
 21
-28.2799449999999979
 31
0
  0
LINE
  5
6EB
330
1B
100
AcDbEntity
  8
B.Cu
  6
CONTINUOUS
100
AcDbLine
 10
29.803367999999999
 20
-28.2799449999999979
 30
0
 11
29.6854219999999991
 21
-28.5114229999999971
 31
0
  0
LINE
  5
6EC
330
1B
100
AcDbEntity
  8
B.Cu
  6
CONTINUOUS
100
AcDbLine
 10
29.6854219999999991
 20
-28.5114229999999971
 30
0
 11
29.6051399999999987
 21
-28.758505999999997
 31
0
  0
LINE
  5
6ED
330
1B
100
AcDbEntity
  8
B.Cu
  6
CONTINUOUS
100
AcDbLine
 10
29.6051399999999987
 20
-28.758505999999997
 30
0
 11
29.5644999999999989
 21
-29.0150969999999973
 31
0
  0
LINE
  5
6EE
330
1B
100
AcDbEntity
  8
B.Cu
  6
CONTINUOUS
100
AcDbLine
 10
29.5644999999999989
 20
-29.0150969999999973
 30
0
 11
29.5644999999999989
 21
-29.2749019999999973
 31
0
  0
LINE
  5
6EF
330
1B
100
AcDbEntity
  8
B.Cu
  6
CONTINUOUS
100
AcDbLine
 10
29.5644999999999989
 20
-29.2749019999999973
 30
0
 11
29.6051399999999987
 21
-29.5314929999999976
 31
0
  0
LINE
  5
6F0
330
1B
100
AcDbEntity
  8
B.Cu
  6
CONTINUOUS
100
AcDbLine
 10
29.6051399999999987
 20
-29.5314929999999976
 30
0
 11
29.6854219999999991
 21
-29.7785759999999975
 31
0
  0
LINE
  5
6F1
330
1B
100
AcDbEntity
  8
B.Cu
  6
CONTINUOUS
100
AcDbLine
 10
29.6854219999999991
 20
-29.7785759999999975
 30
0
 11
29.803367999999999
 21
-30.0100540000000002
 31
0
  0
LINE
  5
6F2
330
1B
100
AcDbEntity
  8
B.Cu
  6
CONTINUOUS
100
AcDbLine
 10
29.803367999999999
 20
-30.0100540000000002
 30
0
 11
29.9560659999999999
 21
-30.2202249999999992
 31
0
  0
LINE
  5
6F3
330
1B
100
AcDbEntity
  8
B.Cu
  6
CONTINUOUS
100
AcDbLine
 10
29.9560659999999999
 20
-30.2202249999999992
 30
0
 11
29.9560709999999979
 21
-30.2202309999999983
 31
0
  0
LINE
  5
6F4
330
1B
100
AcDbEntity
  8
B.Cu
  6
CONTINUOUS
100
AcDbLine
 10
29.9560709999999979
 20
-30.2202309999999983
 30
0
 11
30.0631589999999989
 21
-30.3273189999999992
 31
0
  0
LINE
  5
6F5
330
1B
100
AcDbEntity
  8
B.Cu
  6
CONTINUOUS
100
AcDbLine
 10
30.0631589999999989
 20
-30.3273189999999992
 30
0
 11
30.0966439999999977
 21
-30.3886419999999973
 31
0
  0
LINE
  5
6F6
330
1B
100
AcDbEntity
  8
B.Cu
  6
CONTINUOUS
100
AcDbLine
 10
30.0966439999999977
 20
-30.3886419999999973
 30
0
 11
30.0916599999999974
 21
-30.4583339999999971
 31
0
  0
LINE
  5
6F7
330
1B
100
AcDbEntity
  8
B.Cu
  6
CONTINUOUS
100
AcDbLine
 10
30.0916599999999974
 20
-30.4583339999999971
 30
0
 11
30.0631589999999989
 21
-30.502680999999999
 31
0
  0
LINE
  5
6F8
330
1B
100
AcDbEntity
  8
B.Cu
  6
CONTINUOUS
100
AcDbLine
 10
30.0631589999999989
 20
-30.502680999999999
 30
0
 11
29.9560709999999979
 21
-30.609767999999999
 31
0
  0
LINE
  5
6F9
330
1B
100
AcDbEntity
  8
B.Cu
  6
CONTINUOUS
100
AcDbLine
 10
29.9560709999999979
 20
-30.609767999999999
 30
0
 11
29.9560659999999999
 21
-30.609773999999998
 31
0
  0
LINE
  5
6FA
330
1B
100
AcDbEntity
  8
B.Cu
  6
CONTINUOUS
100
AcDbLine
 10
29.9560659999999999
 20
-30.609773999999998
 30
0
 11
29.803367999999999
 21
-30.819944999999997
 31
0
  0
LINE
  5
6FB
330
1B
100
AcDbEntity
  8
B.Cu
  6
CONTINUOUS
100
AcDbLine
 10
29.803367999999999
 20
-30.819944999999997
 30
0
 11
29.6854219999999991
 21
-31.0514229999999998
 31
0
  0
LINE
  5
6FC
330
1B
100
AcDbEntity
  8
B.Cu
  6
CONTINUOUS
100
AcDbLine
 10
29.6854219999999991
 20
-31.0514229999999998
 30
0
 11
29.6051399999999987
 21
-31.2985059999999997
 31
0
  0
LINE
  5
6FD
330
1B
100
AcDbEntity
  8
B.Cu
  6
CONTINUOUS
100
AcDbLine
 10
29.6051399999999987
 20
-31.2985059999999997
 30
0
 11
29.5644999999999989
 21
-31.555097
 31
0
  0
LINE
  5
6FE
330
1B
100
AcDbEntity
  8
B.Cu
  6
CONTINUOUS
100
AcDbLine
 10
29.5644999999999989
 20
-31.555097
 30
0
 11
29.5644999999999989
 21
-31.814902
 31
0
  0
LINE
  5
6FF
330
1B
100
AcDbEntity
  8
B.Cu
  6
CONTINUOUS
100
AcDbLine
 10
29.5644999999999989
 20
-31.814902
 30
0
 11
29.6051399999999987
 21
-32.0714929999999967
 31
0
  0
LINE
  5
700
330
1B
100
AcDbEntity
  8
B.Cu
  6
CONTINUOUS
100
AcDbLine
 10
29.6051399999999987
 20
-32.0714929999999967
 30
0
 11
29.6854219999999991
 21
-32.3185760000000002
 31
0
  0
LINE
  5
701
330
1B
100
AcDbEntity
  8
B.Cu
  6
CONTINUOUS
100
AcDbLine
 10
29.6854219999999991
 20
-32.3185760000000002
 30
0
 11
29.766534
 21
-32.4777640000000005
 31
0
  0
LINE
  5
702
330
1B
100
AcDbEntity
  8
B.Cu
  6
CONTINUOUS
100
AcDbLine
 10
29.766534
 20
-32.4777640000000005
 30
0
 11
29.8033659999999969
 21
-32.5500509999999963
 31
0
  0
LINE
  5
703
330
1B
100
AcDbEntity
  8
B.Cu
  6
CONTINUOUS
100
AcDbLine
 10
29.8033659999999969
 20
-32.5500509999999963
 30
0
 11
29.9560689999999994
 21
-32.7602289999999954
 31
0
  0
LINE
  5
704
330
1B
100
AcDbEntity
  8
B.Cu
  6
CONTINUOUS
100
AcDbLine
 10
29.9560689999999994
 20
-32.7602289999999954
 30
0
 11
30.1397709999999996
 21
-32.9439309999999992
 31
0
  0
LINE
  5
705
330
1B
100
AcDbEntity
  8
B.Cu
  6
CONTINUOUS
100
AcDbLine
 10
30.1397709999999996
 20
-32.9439309999999992
 30
0
 11
30.3499489999999987
 21
-33.0966340000000017
 31
0
  0
LINE
  5
706
330
1B
100
AcDbEntity
  8
B.Cu
  6
CONTINUOUS
100
AcDbLine
 10
30.3499489999999987
 20
-33.0966340000000017
 30
0
 11
30.497444999999999
 21
-33.1717870000000019
 31
0
  0
LINE
  5
707
330
1B
100
AcDbEntity
  8
B.Cu
  6
CONTINUOUS
100
AcDbLine
 10
30.497444999999999
 20
-33.1717870000000019
 30
0
 11
30.5814229999999974
 21
-33.2145769999999985
 31
0
  0
LINE
  5
708
330
1B
100
AcDbEntity
  8
B.Cu
  6
CONTINUOUS
100
AcDbLine
 10
30.5814229999999974
 20
-33.2145769999999985
 30
0
 11
30.5814249999999994
 21
-33.2145769999999985
 31
0
  0
LINE
  5
709
330
1B
100
AcDbEntity
  8
B.Cu
  6
CONTINUOUS
100
AcDbLine
 10
30.5814249999999994
 20
-33.2145769999999985
 30
0
 11
30.5814279999999989
 21
-33.2145790000000005
 31
0
  0
LINE
  5
70A
330
1B
100
AcDbEntity
  8
B.Cu
  6
CONTINUOUS
100
AcDbLine
 10
30.5814279999999989
 20
-33.2145790000000005
 30
0
 11
30.8285069999999983
 21
-33.2948599999999999
 31
0
  0
LINE
  5
70B
330
1B
100
AcDbEntity
  8
B.Cu
  6
CONTINUOUS
100
AcDbLine
 10
30.8285069999999983
 20
-33.2948599999999999
 30
0
 11
30.9607059999999983
 21
-33.3157969999999963
 31
0
  0
LINE
  5
70C
330
1B
100
AcDbEntity
  8
B.Cu
  6
CONTINUOUS
100
AcDbLine
 10
30.9607059999999983
 20
-33.3157969999999963
 30
0
 11
31.0850979999999986
 21
-33.3354999999999961
 31
0
  0
LINE
  5
70D
330
1B
100
AcDbEntity
  8
B.Cu
  6
CONTINUOUS
100
AcDbLine
 10
31.0850979999999986
 20
-33.3354999999999961
 30
0
 11
31.0851030000000002
 21
-33.3354999999999961
 31
0
  0
LINE
  5
70E
330
1B
100
AcDbEntity
  8
B.Cu
  6
CONTINUOUS
100
AcDbLine
 10
31.0851030000000002
 20
-33.3354999999999961
 30
0
 11
32.1449020000000019
 21
-33.3354999999999961
 31
0
  0
LINE
  5
70F
330
1B
100
AcDbEntity
  8
B.Cu
  6
CONTINUOUS
100
AcDbLine
 10
32.1449020000000019
 20
-33.3354999999999961
 30
0
 11
32.2582979999999964
 21
-33.3175389999999965
 31
0
  0
LINE
  5
710
330
1B
100
AcDbEntity
  8
B.Cu
  6
CONTINUOUS
100
AcDbLine
 10
32.2582979999999964
 20
-33.3175389999999965
 30
0
 11
32.401492999999995
 21
-33.2948599999999999
 31
0
  0
LINE
  5
711
330
1B
100
AcDbEntity
  8
B.Cu
  6
CONTINUOUS
100
AcDbLine
 10
32.401492999999995
 20
-33.2948599999999999
 30
0
 11
32.6485720000000015
 21
-33.2145790000000005
 31
0
  0
LINE
  5
712
330
1B
100
AcDbEntity
  8
B.Cu
  6
CONTINUOUS
100
AcDbLine
 10
32.6485720000000015
 20
-33.2145790000000005
 30
0
 11
32.8800510000000017
 21
-33.0966340000000017
 31
0
  0
LINE
  5
713
330
1B
100
AcDbEntity
  8
B.Cu
  6
CONTINUOUS
100
AcDbLine
 10
32.8800510000000017
 20
-33.0966340000000017
 30
0
 11
32.9315989999999985
 21
-33.0591809999999953
 31
0
  0
LINE
  5
714
330
1B
100
AcDbEntity
  8
B.Cu
  6
CONTINUOUS
100
AcDbLine
 10
32.9315989999999985
 20
-33.0591809999999953
 30
0
 11
32.997405999999998
 21
-33.0357020000000006
 31
0
  0
LINE
  5
715
330
1B
100
AcDbEntity
  8
B.Cu
  6
CONTINUOUS
100
AcDbLine
 10
32.997405999999998
 20
-33.0357020000000006
 30
0
 11
33.0044849999999954
 21
-33.035499999999999
 31
0
  0
LINE
  5
716
330
1B
100
AcDbEntity
  8
B.Cu
  6
CONTINUOUS
100
AcDbLine
 10
33.0044849999999954
 20
-33.035499999999999
 30
0
 11
33.5559429999999992
 21
-33.035499999999999
 31
0
  0
LINE
  5
717
330
1B
100
AcDbEntity
  8
B.Cu
  6
CONTINUOUS
100
AcDbLine
 10
33.5559429999999992
 20
-33.035499999999999
 30
0
 11
33.6229820000000004
 21
-33.0551850000000016
 31
0
  0
LINE
  5
718
330
1B
100
AcDbEntity
  8
B.Cu
  6
CONTINUOUS
100
AcDbLine
 10
33.6229820000000004
 20
-33.0551850000000016
 30
0
 11
33.6436239999999955
 21
-33.0718189999999979
 31
0
  0
LINE
  5
719
330
1B
100
AcDbEntity
  8
B.Cu
  6
CONTINUOUS
100
AcDbLine
 10
33.6436239999999955
 20
-33.0718189999999979
 30
0
 11
35.1613240000000005
 21
-34.5895189999999957
 31
0
  0
LINE
  5
71A
330
1B
100
AcDbEntity
  8
B.Cu
  6
CONTINUOUS
100
AcDbLine
 10
35.1613240000000005
 20
-34.5895189999999957
 30
0
 11
35.1948089999999993
 21
-34.6508419999999973
 31
0
  0
LINE
  5
71B
330
1B
100
AcDbEntity
  8
B.Cu
  6
CONTINUOUS
100
AcDbLine
 10
35.1948089999999993
 20
-34.6508419999999973
 30
0
 11
35.189824999999999
 21
-34.7205340000000007
 31
0
  0
LINE
  5
71C
330
1B
100
AcDbEntity
  8
B.Cu
  6
CONTINUOUS
100
AcDbLine
 10
35.189824999999999
 20
-34.7205340000000007
 30
0
 11
35.1479530000000011
 21
-34.7764669999999967
 31
0
  0
LINE
  5
71D
330
1B
100
AcDbEntity
  8
B.Cu
  6
CONTINUOUS
100
AcDbLine
 10
35.1479530000000011
 20
-34.7764669999999967
 30
0
 11
35.0824889999999954
 21
-34.8008839999999964
 31
0
  0
LINE
  5
71E
330
1B
100
AcDbEntity
  8
B.Cu
  6
CONTINUOUS
100
AcDbLine
 10
35.0824889999999954
 20
-34.8008839999999964
 30
0
 11
35.073642999999997
 21
-34.8012000000000015
 31
0
  0
LINE
  5
71F
330
1B
100
AcDbEntity
  8
B.Cu
  6
CONTINUOUS
100
AcDbLine
 10
35.073642999999997
 20
-34.8012000000000015
 30
0
 11
30.954585999999999
 21
-34.8012000000000015
 31
0
  0
LINE
  5
720
330
1B
100
AcDbEntity
  8
B.Cu
  6
CONTINUOUS
100
AcDbLine
 10
30.954585999999999
 20
-34.8012000000000015
 30
0
 11
30.742013
 21
-34.8012000000000015
 31
0
  0
LINE
  5
721
330
1B
100
AcDbEntity
  8
B.Cu
  6
CONTINUOUS
100
AcDbLine
 10
30.742013
 20
-34.8012000000000015
 30
0
 11
30.6933419999999977
 21
-34.8089079999999953
 31
0
  0
LINE
  5
722
330
1B
100
AcDbEntity
  8
B.Cu
  6
CONTINUOUS
100
AcDbLine
 10
30.6933419999999977
 20
-34.8089079999999953
 30
0
 11
30.5320599999999978
 21
-34.8344529999999963
 31
0
  0
LINE
  5
723
330
1B
100
AcDbEntity
  8
B.Cu
  6
CONTINUOUS
100
AcDbLine
 10
30.5320599999999978
 20
-34.8344529999999963
 30
0
 11
30.3298849999999973
 21
-34.9001439999999974
 31
0
  0
LINE
  5
724
330
1B
100
AcDbEntity
  8
B.Cu
  6
CONTINUOUS
100
AcDbLine
 10
30.3298849999999973
 20
-34.9001439999999974
 30
0
 11
30.1404789999999991
 21
-34.996651
 31
0
  0
LINE
  5
725
330
1B
100
AcDbEntity
  8
B.Cu
  6
CONTINUOUS
100
AcDbLine
 10
30.1404789999999991
 20
-34.996651
 30
0
 11
29.968512999999998
 21
-35.1215899999999976
 31
0
  0
LINE
  5
726
330
1B
100
AcDbEntity
  8
B.Cu
  6
CONTINUOUS
100
AcDbLine
 10
29.968512999999998
 20
-35.1215899999999976
 30
0
 11
22.5648899999999983
 21
-42.5252130000000008
 31
0
  0
LINE
  5
727
330
1B
100
AcDbEntity
  8
B.Cu
  6
CONTINUOUS
100
AcDbLine
 10
22.5648899999999983
 20
-42.5252130000000008
 30
0
 11
22.4399510000000006
 21
-42.6971789999999984
 31
0
  0
LINE
  5
728
330
1B
100
AcDbEntity
  8
B.Cu
  6
CONTINUOUS
100
AcDbLine
 10
22.4399510000000006
 20
-42.6971789999999984
 30
0
 11
22.3434439999999981
 21
-42.8865849999999966
 31
0
  0
LINE
  5
729
330
1B
100
AcDbEntity
  8
B.Cu
  6
CONTINUOUS
100
AcDbLine
 10
22.3434439999999981
 20
-42.8865849999999966
 30
0
 11
22.2777530000000006
 21
-43.0887600000000006
 31
0
  0
LINE
  5
72A
330
1B
100
AcDbEntity
  8
B.Cu
  6
CONTINUOUS
100
AcDbLine
 10
22.2777530000000006
 20
-43.0887600000000006
 30
0
 11
22.2444999999999986
 21
-43.2987129999999993
 31
0
  0
LINE
  5
72B
330
1B
100
AcDbEntity
  8
B.Cu
  6
CONTINUOUS
100
AcDbLine
 10
22.2444999999999986
 20
-43.2987129999999993
 30
0
 11
22.2444999999999986
 21
-47.2705149999999961
 31
0
  0
LINE
  5
72C
330
1B
100
AcDbEntity
  8
B.Cu
  6
CONTINUOUS
100
AcDbLine
 10
22.2444999999999986
 20
-47.2705149999999961
 30
0
 11
22.2248149999999995
 21
-47.3375539999999972
 31
0
  0
LINE
  5
72D
330
1B
100
AcDbEntity
  8
B.Cu
  6
CONTINUOUS
100
AcDbLine
 10
22.2248149999999995
 20
-47.3375539999999972
 30
0
 11
22.2208179999999977
 21
-47.3434010000000001
 31
0
  0
LINE
  5
72E
330
1B
100
AcDbEntity
  8
B.Cu
  6
CONTINUOUS
100
AcDbLine
 10
22.2208179999999977
 20
-47.3434010000000001
 30
0
 11
22.1833659999999995
 21
-47.3949479999999994
 31
0
  0
LINE
  5
72F
330
1B
100
AcDbEntity
  8
B.Cu
  6
CONTINUOUS
100
AcDbLine
 10
22.1833659999999995
 20
-47.3949479999999994
 30
0
 11
22.0654219999999981
 21
-47.6264229999999955
 31
0
  0
LINE
  5
730
330
1B
100
AcDbEntity
  8
B.Cu
  6
CONTINUOUS
100
AcDbLine
 10
22.0654219999999981
 20
-47.6264229999999955
 30
0
 11
21.9851399999999977
 21
-47.873505999999999
 31
0
  0
LINE
  5
731
330
1B
100
AcDbEntity
  8
B.Cu
  6
CONTINUOUS
100
AcDbLine
 10
21.9851399999999977
 20
-47.873505999999999
 30
0
 11
21.9444999999999979
 21
-48.1300969999999992
 31
0
  0
LINE
  5
732
330
1B
100
AcDbEntity
  8
B.Cu
  6
CONTINUOUS
100
AcDbLine
 10
21.9444999999999979
 20
-48.1300969999999992
 30
0
 11
21.9444999999999979
 21
-48.3899019999999993
 31
0
  0
LINE
  5
733
330
1B
100
AcDbEntity
  8
B.Cu
  6
CONTINUOUS
100
AcDbLine
 10
51.5785059999999973
 20
-37.3601400000000012
 30
0
 11
51.3314230000000009
 21
-37.4404219999999981
 31
0
  0
LINE
  5
734
330
1B
100
AcDbEntity
  8
B.Cu
  6
CONTINUOUS
100
AcDbLine
 10
51.3314230000000009
 20
-37.4404219999999981
 30
0
 11
51.0999449999999982
 21
-37.5583680000000015
 31
0
  0
LINE
  5
735
330
1B
100
AcDbEntity
  8
B.Cu
  6
CONTINUOUS
100
AcDbLine
 10
51.0999449999999982
 20
-37.5583680000000015
 30
0
 11
50.8897739999999956
 21
-37.7110659999999953
 31
0
  0
LINE
  5
736
330
1B
100
AcDbEntity
  8
B.Cu
  6
CONTINUOUS
100
AcDbLine
 10
50.8897739999999956
 20
-37.7110659999999953
 30
0
 11
50.8897679999999966
 21
-37.7110709999999969
 31
0
  0
LINE
  5
737
330
1B
100
AcDbEntity
  8
B.Cu
  6
CONTINUOUS
100
AcDbLine
 10
50.8897679999999966
 20
-37.7110709999999969
 30
0
 11
50.7060709999999943
 21
-37.8947679999999991
 31
0
  0
LINE
  5
738
330
1B
100
AcDbEntity
  8
B.Cu
  6
CONTINUOUS
100
AcDbLine
 10
50.7060709999999943
 20
-37.8947679999999991
 30
0
 11
50.7060659999999999
 21
-37.8947739999999982
 31
0
  0
LINE
  5
739
330
1B
100
AcDbEntity
  8
B.Cu
  6
CONTINUOUS
100
AcDbLine
 10
50.7060659999999999
 20
-37.8947739999999982
 30
0
 11
50.553367999999999
 21
-38.1049450000000007
 31
0
  0
LINE
  5
73A
330
1B
100
AcDbEntity
  8
B.Cu
  6
CONTINUOUS
100
AcDbLine
 10
50.553367999999999
 20
-38.1049450000000007
 30
0
 11
50.4354219999999955
 21
-38.3364229999999964
 31
0
  0
LINE
  5
73B
330
1B
100
AcDbEntity
  8
B.Cu
  6
CONTINUOUS
100
AcDbLine
 10
50.4354219999999955
 20
-38.3364229999999964
 30
0
 11
50.3551399999999987
 21
-38.5835059999999999
 31
0
  0
LINE
  5
73C
330
1B
100
AcDbEntity
  8
B.Cu
  6
CONTINUOUS
100
AcDbLine
 10
50.3551399999999987
 20
-38.5835059999999999
 30
0
 11
50.3144999999999953
 21
-38.8400970000000001
 31
0
  0
LINE
  5
73D
330
1B
100
AcDbEntity
  8
B.Cu
  6
CONTINUOUS
100
AcDbLine
 10
50.3144999999999953
 20
-38.8400970000000001
 30
0
 11
50.3144999999999953
 21
-39.8999019999999973
 31
0
  0
LINE
  5
73E
330
1B
100
AcDbEntity
  8
B.Cu
  6
CONTINUOUS
100
AcDbLine
 10
50.3144999999999953
 20
-39.8999019999999973
 30
0
 11
50.3551399999999987
 21
-40.1564929999999976
 31
0
  0
LINE
  5
73F
330
1B
100
AcDbEntity
  8
B.Cu
  6
CONTINUOUS
100
AcDbLine
 10
50.3551399999999987
 20
-40.1564929999999976
 30
0
 11
50.4354219999999955
 21
-40.403576000000001
 31
0
  0
LINE
  5
740
330
1B
100
AcDbEntity
  8
B.Cu
  6
CONTINUOUS
100
AcDbLine
 10
50.4354219999999955
 20
-40.403576000000001
 30
0
 11
50.4597139999999982
 21
-40.4512500000000017
 31
0
  0
LINE
  5
741
330
1B
100
AcDbEntity
  8
B.Cu
  6
CONTINUOUS
100
AcDbLine
 10
50.4597139999999982
 20
-40.4512500000000017
 30
0
 11
50.5533659999999969
 21
-40.6350509999999971
 31
0
  0
LINE
  5
742
330
1B
100
AcDbEntity
  8
B.Cu
  6
CONTINUOUS
100
AcDbLine
 10
50.5533659999999969
 20
-40.6350509999999971
 30
0
 11
50.7060689999999994
 21
-40.8452289999999962
 31
0
  0
LINE
  5
743
330
1B
100
AcDbEntity
  8
B.Cu
  6
CONTINUOUS
100
AcDbLine
 10
50.7060689999999994
 20
-40.8452289999999962
 30
0
 11
50.8897709999999961
 21
-41.028931
 31
0
  0
LINE
  5
744
330
1B
100
AcDbEntity
  8
B.Cu
  6
CONTINUOUS
100
AcDbLine
 10
50.8897709999999961
 20
-41.028931
 30
0
 11
51.0999489999999952
 21
-41.1816339999999954
 31
0
  0
LINE
  5
745
330
1B
100
AcDbEntity
  8
B.Cu
  6
CONTINUOUS
100
AcDbLine
 10
51.0999489999999952
 20
-41.1816339999999954
 30
0
 11
51.247444999999999
 21
-41.2567869999999957
 31
0
  0
LINE
  5
746
330
1B
100
AcDbEntity
  8
B.Cu
  6
CONTINUOUS
100
AcDbLine
 10
51.247444999999999
 20
-41.2567869999999957
 30
0
 11
51.3314230000000009
 21
-41.2995769999999993
 31
0
  0
LINE
  5
747
330
1B
100
AcDbEntity
  8
B.Cu
  6
CONTINUOUS
100
AcDbLine
 10
51.3314230000000009
 20
-41.2995769999999993
 30
0
 11
51.3314249999999959
 21
-41.2995769999999993
 31
0
  0
LINE
  5
748
330
1B
100
AcDbEntity
  8
B.Cu
  6
CONTINUOUS
100
AcDbLine
 10
51.3314249999999959
 20
-41.2995769999999993
 30
0
 11
51.3314279999999954
 21
-41.2995790000000014
 31
0
  0
LINE
  5
749
330
1B
100
AcDbEntity
  8
B.Cu
  6
CONTINUOUS
100
AcDbLine
 10
51.3314279999999954
 20
-41.2995790000000014
 30
0
 11
51.5785069999999948
 21
-41.3798600000000008
 31
0
  0
LINE
  5
74A
330
1B
100
AcDbEntity
  8
B.Cu
  6
CONTINUOUS
100
AcDbLine
 10
51.5785069999999948
 20
-41.3798600000000008
 30
0
 11
51.7107059999999947
 21
-41.4007969999999972
 31
0
  0
LINE
  5
74B
330
1B
100
AcDbEntity
  8
B.Cu
  6
CONTINUOUS
100
AcDbLine
 10
51.7107059999999947
 20
-41.4007969999999972
 30
0
 11
51.835097999999995
 21
-41.420499999999997
 31
0
  0
LINE
  5
74C
330
1B
100
AcDbEntity
  8
B.Cu
  6
CONTINUOUS
100
AcDbLine
 10
51.835097999999995
 20
-41.420499999999997
 30
0
 11
51.8351029999999966
 21
-41.420499999999997
 31
0
  0
LINE
  5
74D
330
1B
100
AcDbEntity
  8
B.Cu
  6
CONTINUOUS
100
AcDbLine
 10
51.8351029999999966
 20
-41.420499999999997
 30
0
 11
52.0949019999999976
 21
-41.420499999999997
 31
0
  0
LINE
  5
74E
330
1B
100
AcDbEntity
  8
B.Cu
  6
CONTINUOUS
100
AcDbLine
 10
52.0949019999999976
 20
-41.420499999999997
 30
0
 11
52.2082979999999992
 21
-41.4025389999999973
 31
0
  0
LINE
  5
74F
330
1B
100
AcDbEntity
  8
B.Cu
  6
CONTINUOUS
100
AcDbLine
 10
52.2082979999999992
 20
-41.4025389999999973
 30
0
 11
52.3514929999999978
 21
-41.3798600000000008
 31
0
  0
LINE
  5
750
330
1B
100
AcDbEntity
  8
B.Cu
  6
CONTINUOUS
100
AcDbLine
 10
52.3514929999999978
 20
-41.3798600000000008
 30
0
 11
52.5985719999999972
 21
-41.2995790000000014
 31
0
  0
LINE
  5
751
330
1B
100
AcDbEntity
  8
B.Cu
  6
CONTINUOUS
100
AcDbLine
 10
52.5985719999999972
 20
-41.2995790000000014
 30
0
 11
52.8300509999999974
 21
-41.1816339999999954
 31
0
  0
LINE
  5
752
330
1B
100
AcDbEntity
  8
B.Cu
  6
CONTINUOUS
100
AcDbLine
 10
52.8300509999999974
 20
-41.1816339999999954
 30
0
 11
53.0402289999999965
 21
-41.028931
 31
0
  0
LINE
  5
753
330
1B
100
AcDbEntity
  8
B.Cu
  6
CONTINUOUS
100
AcDbLine
 10
53.0402289999999965
 20
-41.028931
 30
0
 11
53.2239310000000003
 21
-40.8452289999999962
 31
0
  0
LINE
  5
754
330
1B
100
AcDbEntity
  8
B.Cu
  6
CONTINUOUS
100
AcDbLine
 10
53.2239310000000003
 20
-40.8452289999999962
 30
0
 11
53.3766339999999957
 21
-40.6350509999999971
 31
0
  0
LINE
  5
755
330
1B
100
AcDbEntity
  8
B.Cu
  6
CONTINUOUS
100
AcDbLine
 10
53.3766339999999957
 20
-40.6350509999999971
 30
0
 11
53.4945789999999946
 21
-40.4035719999999969
 31
0
  0
LINE
  5
756
330
1B
100
AcDbEntity
  8
B.Cu
  6
CONTINUOUS
100
AcDbLine
 10
53.4945789999999946
 20
-40.4035719999999969
 30
0
 11
53.574860000000001
 21
-40.1564929999999976
 31
0
  0
LINE
  5
757
330
1B
100
AcDbEntity
  8
B.Cu
  6
CONTINUOUS
100
AcDbLine
 10
53.574860000000001
 20
-40.1564929999999976
 30
0
 11
53.5975389999999976
 21
-40.0132979999999989
 31
0
  0
LINE
  5
758
330
1B
100
AcDbEntity
  8
B.Cu
  6
CONTINUOUS
100
AcDbLine
 10
53.5975389999999976
 20
-40.0132979999999989
 30
0
 11
53.6154999999999973
 21
-39.8999019999999973
 31
0
  0
LINE
  5
759
330
1B
100
AcDbEntity
  8
B.Cu
  6
CONTINUOUS
100
AcDbLine
 10
53.6154999999999973
 20
-39.8999019999999973
 30
0
 11
53.6154999999999973
 21
-38.8400970000000001
 31
0
  0
LINE
  5
75A
330
1B
100
AcDbEntity
  8
B.Cu
  6
CONTINUOUS
100
AcDbLine
 10
53.6154999999999973
 20
-38.8400970000000001
 30
0
 11
53.593947
 21
-38.7040209999999973
 31
0
  0
LINE
  5
75B
330
1B
100
AcDbEntity
  8
B.Cu
  6
CONTINUOUS
100
AcDbLine
 10
53.593947
 20
-38.7040209999999973
 30
0
 11
53.574860000000001
 21
-38.5835069999999973
 31
0
  0
LINE
  5
75C
330
1B
100
AcDbEntity
  8
B.Cu
  6
CONTINUOUS
100
AcDbLine
 10
53.574860000000001
 20
-38.5835069999999973
 30
0
 11
53.4945789999999946
 21
-38.336427999999998
 31
0
  0
LINE
  5
75D
330
1B
100
AcDbEntity
  8
B.Cu
  6
CONTINUOUS
100
AcDbLine
 10
53.4945789999999946
 20
-38.336427999999998
 30
0
 11
53.4945769999999996
 21
-38.3364249999999984
 31
0
  0
LINE
  5
75E
330
1B
100
AcDbEntity
  8
B.Cu
  6
CONTINUOUS
100
AcDbLine
 10
53.4945769999999996
 20
-38.3364249999999984
 30
0
 11
53.4945769999999996
 21
-38.3364229999999964
 31
0
  0
LINE
  5
75F
330
1B
100
AcDbEntity
  8
B.Cu
  6
CONTINUOUS
100
AcDbLine
 10
53.4945769999999996
 20
-38.3364229999999964
 30
0
 11
53.4517869999999959
 21
-38.2524450000000016
 31
0
  0
LINE
  5
760
330
1B
100
AcDbEntity
  8
B.Cu
  6
CONTINUOUS
100
AcDbLine
 10
53.4517869999999959
 20
-38.2524450000000016
 30
0
 11
53.3766339999999957
 21
-38.1049489999999977
 31
0
  0
LINE
  5
761
330
1B
100
AcDbEntity
  8
B.Cu
  6
CONTINUOUS
100
AcDbLine
 10
53.3766339999999957
 20
-38.1049489999999977
 30
0
 11
53.2239310000000003
 21
-37.8947709999999987
 31
0
  0
LINE
  5
762
330
1B
100
AcDbEntity
  8
B.Cu
  6
CONTINUOUS
100
AcDbLine
 10
53.2239310000000003
 20
-37.8947709999999987
 30
0
 11
53.0402289999999965
 21
-37.7110689999999948
 31
0
  0
LINE
  5
763
330
1B
100
AcDbEntity
  8
B.Cu
  6
CONTINUOUS
100
AcDbLine
 10
53.0402289999999965
 20
-37.7110689999999948
 30
0
 11
53.0395660000000007
 21
-37.7105869999999967
 31
0
  0
LINE
  5
764
330
1B
100
AcDbEntity
  8
B.Cu
  6
CONTINUOUS
100
AcDbLine
 10
53.0395660000000007
 20
-37.7105869999999967
 30
0
 11
52.830053999999997
 21
-37.5583680000000015
 31
0
  0
LINE
  5
765
330
1B
100
AcDbEntity
  8
B.Cu
  6
CONTINUOUS
100
AcDbLine
 10
52.830053999999997
 20
-37.5583680000000015
 30
0
 11
52.8300529999999995
 21
-37.5583669999999969
 31
0
  0
LINE
  5
766
330
1B
100
AcDbEntity
  8
B.Cu
  6
CONTINUOUS
100
AcDbLine
 10
52.8300529999999995
 20
-37.5583669999999969
 30
0
 11
52.8300509999999974
 21
-37.5583659999999995
 31
0
  0
LINE
  5
767
330
1B
100
AcDbEntity
  8
B.Cu
  6
CONTINUOUS
100
AcDbLine
 10
52.8300509999999974
 20
-37.5583659999999995
 30
0
 11
52.7198199999999986
 21
-37.5021999999999949
 31
0
  0
LINE
  5
768
330
1B
100
AcDbEntity
  8
B.Cu
  6
CONTINUOUS
100
AcDbLine
 10
52.7198199999999986
 20
-37.5021999999999949
 30
0
 11
52.5985759999999942
 21
-37.4404219999999981
 31
0
  0
LINE
  5
769
330
1B
100
AcDbEntity
  8
B.Cu
  6
CONTINUOUS
100
AcDbLine
 10
52.5985759999999942
 20
-37.4404219999999981
 30
0
 11
52.3514929999999978
 21
-37.3601400000000012
 31
0
  0
LINE
  5
76A
330
1B
100
AcDbEntity
  8
B.Cu
  6
CONTINUOUS
100
AcDbLine
 10
52.3514929999999978
 20
-37.3601400000000012
 30
0
 11
52.0949019999999976
 21
-37.3194999999999979
 31
0
  0
LINE
  5
76B
330
1B
100
AcDbEntity
  8
B.Cu
  6
CONTINUOUS
100
AcDbLine
 10
52.0949019999999976
 20
-37.3194999999999979
 30
0
 11
52.094896999999996
 21
-37.3194999999999979
 31
0
  0
LINE
  5
76C
330
1B
100
AcDbEntity
  8
B.Cu
  6
CONTINUOUS
100
AcDbLine
 10
52.094896999999996
 20
-37.3194999999999979
 30
0
 11
51.8351029999999966
 21
-37.3194999999999979
 31
0
  0
LINE
  5
76D
330
1B
100
AcDbEntity
  8
B.Cu
  6
CONTINUOUS
100
AcDbLine
 10
51.8351029999999966
 20
-37.3194999999999979
 30
0
 11
51.835097999999995
 21
-37.3194999999999979
 31
0
  0
LINE
  5
76E
330
1B
100
AcDbEntity
  8
B.Cu
  6
CONTINUOUS
100
AcDbLine
 10
51.835097999999995
 20
-37.3194999999999979
 30
0
 11
51.5785059999999973
 21
-37.3601400000000012
 31
0
  0
LINE
  5
76F
330
1B
100
AcDbEntity
  8
B.Cu
  6
CONTINUOUS
100
AcDbLine
 10
49.0385059999999982
 20
-29.7401400000000002
 30
0
 11
48.7914229999999947
 21
-29.8204219999999971
 31
0
  0
LINE
  5
770
330
1B
100
AcDbEntity
  8
B.Cu
  6
CONTINUOUS
100
AcDbLine
 10
48.7914229999999947
 20
-29.8204219999999971
 30
0
 11
48.559944999999999
 21
-29.938367999999997
 31
0
  0
LINE
  5
771
330
1B
100
AcDbEntity
  8
B.Cu
  6
CONTINUOUS
100
AcDbLine
 10
48.559944999999999
 20
-29.938367999999997
 30
0
 11
48.3497739999999965
 21
-30.0910659999999979
 31
0
  0
LINE
  5
772
330
1B
100
AcDbEntity
  8
B.Cu
  6
CONTINUOUS
100
AcDbLine
 10
48.3497739999999965
 20
-30.0910659999999979
 30
0
 11
48.3497679999999974
 21
-30.0910709999999995
 31
0
  0
LINE
  5
773
330
1B
100
AcDbEntity
  8
B.Cu
  6
CONTINUOUS
100
AcDbLine
 10
48.3497679999999974
 20
-30.0910709999999995
 30
0
 11
48.1660709999999952
 21
-30.2747679999999981
 31
0
  0
LINE
  5
774
330
1B
100
AcDbEntity
  8
B.Cu
  6
CONTINUOUS
100
AcDbLine
 10
48.1660709999999952
 20
-30.2747679999999981
 30
0
 11
48.1660660000000007
 21
-30.2747739999999972
 31
0
  0
LINE
  5
775
330
1B
100
AcDbEntity
  8
B.Cu
  6
CONTINUOUS
100
AcDbLine
 10
48.1660660000000007
 20
-30.2747739999999972
 30
0
 11
48.0133679999999998
 21
-30.4849449999999997
 31
0
  0
LINE
  5
776
330
1B
100
AcDbEntity
  8
B.Cu
  6
CONTINUOUS
100
AcDbLine
 10
48.0133679999999998
 20
-30.4849449999999997
 30
0
 11
47.8954219999999964
 21
-30.7164229999999989
 31
0
  0
LINE
  5
777
330
1B
100
AcDbEntity
  8
B.Cu
  6
CONTINUOUS
100
AcDbLine
 10
47.8954219999999964
 20
-30.7164229999999989
 30
0
 11
47.8151399999999995
 21
-30.9635059999999989
 31
0
  0
LINE
  5
778
330
1B
100
AcDbEntity
  8
B.Cu
  6
CONTINUOUS
100
AcDbLine
 10
47.8151399999999995
 20
-30.9635059999999989
 30
0
 11
47.7744999999999962
 21
-31.2200969999999991
 31
0
  0
LINE
  5
779
330
1B
100
AcDbEntity
  8
B.Cu
  6
CONTINUOUS
100
AcDbLine
 10
47.7744999999999962
 20
-31.2200969999999991
 30
0
 11
47.7744999999999962
 21
-32.2799019999999999
 31
0
  0
LINE
  5
77A
330
1B
100
AcDbEntity
  8
B.Cu
  6
CONTINUOUS
100
AcDbLine
 10
47.7744999999999962
 20
-32.2799019999999999
 30
0
 11
47.8151399999999995
 21
-32.5364930000000001
 31
0
  0
LINE
  5
77B
330
1B
100
AcDbEntity
  8
B.Cu
  6
CONTINUOUS
100
AcDbLine
 10
47.8151399999999995
 20
-32.5364930000000001
 30
0
 11
47.8954219999999964
 21
-32.7835759999999965
 31
0
  0
LINE
  5
77C
330
1B
100
AcDbEntity
  8
B.Cu
  6
CONTINUOUS
100
AcDbLine
 10
47.8954219999999964
 20
-32.7835759999999965
 30
0
 11
47.9692359999999951
 21
-32.9284419999999969
 31
0
  0
LINE
  5
77D
330
1B
100
AcDbEntity
  8
B.Cu
  6
CONTINUOUS
100
AcDbLine
 10
47.9692359999999951
 20
-32.9284419999999969
 30
0
 11
48.0133659999999978
 21
-33.0150509999999997
 31
0
  0
LINE
  5
77E
330
1B
100
AcDbEntity
  8
B.Cu
  6
CONTINUOUS
100
AcDbLine
 10
48.0133659999999978
 20
-33.0150509999999997
 30
0
 11
48.1660690000000002
 21
-33.2252289999999988
 31
0
  0
LINE
  5
77F
330
1B
100
AcDbEntity
  8
B.Cu
  6
CONTINUOUS
100
AcDbLine
 10
48.1660690000000002
 20
-33.2252289999999988
 30
0
 11
48.3497709999999969
 21
-33.4089309999999955
 31
0
  0
LINE
  5
780
330
1B
100
AcDbEntity
  8
B.Cu
  6
CONTINUOUS
100
AcDbLine
 10
48.3497709999999969
 20
-33.4089309999999955
 30
0
 11
48.559948999999996
 21
-33.561633999999998
 31
0
  0
LINE
  5
781
330
1B
100
AcDbEntity
  8
B.Cu
  6
CONTINUOUS
100
AcDbLine
 10
48.559948999999996
 20
-33.561633999999998
 30
0
 11
48.7074449999999999
 21
-33.6367869999999982
 31
0
  0
LINE
  5
782
330
1B
100
AcDbEntity
  8
B.Cu
  6
CONTINUOUS
100
AcDbLine
 10
48.7074449999999999
 20
-33.6367869999999982
 30
0
 11
48.7914229999999947
 21
-33.6795770000000019
 31
0
  0
LINE
  5
783
330
1B
100
AcDbEntity
  8
B.Cu
  6
CONTINUOUS
100
AcDbLine
 10
48.7914229999999947
 20
-33.6795770000000019
 30
0
 11
48.7914249999999967
 21
-33.6795770000000019
 31
0
  0
LINE
  5
784
330
1B
100
AcDbEntity
  8
B.Cu
  6
CONTINUOUS
100
AcDbLine
 10
48.7914249999999967
 20
-33.6795770000000019
 30
0
 11
48.7914279999999962
 21
-33.6795789999999968
 31
0
  0
LINE
  5
785
330
1B
100
AcDbEntity
  8
B.Cu
  6
CONTINUOUS
100
AcDbLine
 10
48.7914279999999962
 20
-33.6795789999999968
 30
0
 11
49.0385069999999956
 21
-33.7598599999999962
 31
0
  0
LINE
  5
786
330
1B
100
AcDbEntity
  8
B.Cu
  6
CONTINUOUS
100
AcDbLine
 10
49.0385069999999956
 20
-33.7598599999999962
 30
0
 11
49.1707059999999956
 21
-33.7807969999999997
 31
0
  0
LINE
  5
787
330
1B
100
AcDbEntity
  8
B.Cu
  6
CONTINUOUS
100
AcDbLine
 10
49.1707059999999956
 20
-33.7807969999999997
 30
0
 11
49.2950979999999959
 21
-33.8004999999999995
 31
0
  0
LINE
  5
788
330
1B
100
AcDbEntity
  8
B.Cu
  6
CONTINUOUS
100
AcDbLine
 10
49.2950979999999959
 20
-33.8004999999999995
 30
0
 11
49.2951029999999975
 21
-33.8004999999999995
 31
0
  0
LINE
  5
789
330
1B
100
AcDbEntity
  8
B.Cu
  6
CONTINUOUS
100
AcDbLine
 10
49.2951029999999975
 20
-33.8004999999999995
 30
0
 11
49.5549019999999985
 21
-33.8004999999999995
 31
0
  0
LINE
  5
78A
330
1B
100
AcDbEntity
  8
B.Cu
  6
CONTINUOUS
100
AcDbLine
 10
49.5549019999999985
 20
-33.8004999999999995
 30
0
 11
49.6682980000000001
 21
-33.7825389999999999
 31
0
  0
LINE
  5
78B
330
1B
100
AcDbEntity
  8
B.Cu
  6
CONTINUOUS
100
AcDbLine
 10
49.6682980000000001
 20
-33.7825389999999999
 30
0
 11
49.8114929999999987
 21
-33.7598599999999962
 31
0
  0
LINE
  5
78C
330
1B
100
AcDbEntity
  8
B.Cu
  6
CONTINUOUS
100
AcDbLine
 10
49.8114929999999987
 20
-33.7598599999999962
 30
0
 11
50.0585719999999981
 21
-33.6795789999999968
 31
0
  0
LINE
  5
78D
330
1B
100
AcDbEntity
  8
B.Cu
  6
CONTINUOUS
100
AcDbLine
 10
50.0585719999999981
 20
-33.6795789999999968
 30
0
 11
50.2900509999999983
 21
-33.561633999999998
 31
0
  0
LINE
  5
78E
330
1B
100
AcDbEntity
  8
B.Cu
  6
CONTINUOUS
100
AcDbLine
 10
50.2900509999999983
 20
-33.561633999999998
 30
0
 11
50.5002289999999974
 21
-33.4089309999999955
 31
0
  0
LINE
  5
78F
330
1B
100
AcDbEntity
  8
B.Cu
  6
CONTINUOUS
100
AcDbLine
 10
50.5002289999999974
 20
-33.4089309999999955
 30
0
 11
50.6839310000000012
 21
-33.2252289999999988
 31
0
  0
LINE
  5
790
330
1B
100
AcDbEntity
  8
B.Cu
  6
CONTINUOUS
100
AcDbLine
 10
50.6839310000000012
 20
-33.2252289999999988
 30
0
 11
50.8366339999999965
 21
-33.0150509999999997
 31
0
  0
LINE
  5
791
330
1B
100
AcDbEntity
  8
B.Cu
  6
CONTINUOUS
100
AcDbLine
 10
50.8366339999999965
 20
-33.0150509999999997
 30
0
 11
50.9545789999999954
 21
-32.7835719999999995
 31
0
  0
LINE
  5
792
330
1B
100
AcDbEntity
  8
B.Cu
  6
CONTINUOUS
100
AcDbLine
 10
50.9545789999999954
 20
-32.7835719999999995
 30
0
 11
51.0348599999999948
 21
-32.5364930000000001
 31
0
  0
LINE
  5
793
330
1B
100
AcDbEntity
  8
B.Cu
  6
CONTINUOUS
100
AcDbLine
 10
51.0348599999999948
 20
-32.5364930000000001
 30
0
 11
51.0693750000000009
 21
-32.3185719999999961
 31
0
  0
LINE
  5
794
330
1B
100
AcDbEntity
  8
B.Cu
  6
CONTINUOUS
100
AcDbLine
 10
51.0693750000000009
 20
-32.3185719999999961
 30
0
 11
51.0754999999999981
 21
-32.2799019999999999
 31
0
  0
LINE
  5
795
330
1B
100
AcDbEntity
  8
B.Cu
  6
CONTINUOUS
100
AcDbLine
 10
51.0754999999999981
 20
-32.2799019999999999
 30
0
 11
51.0754999999999981
 21
-31.2200969999999991
 31
0
  0
LINE
  5
796
330
1B
100
AcDbEntity
  8
B.Cu
  6
CONTINUOUS
100
AcDbLine
 10
51.0754999999999981
 20
-31.2200969999999991
 30
0
 11
51.0487839999999977
 21
-31.0514229999999998
 31
0
  0
LINE
  5
797
330
1B
100
AcDbEntity
  8
B.Cu
  6
CONTINUOUS
100
AcDbLine
 10
51.0487839999999977
 20
-31.0514229999999998
 30
0
 11
51.0348599999999948
 21
-30.9635069999999999
 31
0
  0
LINE
  5
798
330
1B
100
AcDbEntity
  8
B.Cu
  6
CONTINUOUS
100
AcDbLine
 10
51.0348599999999948
 20
-30.9635069999999999
 30
0
 11
50.9545789999999954
 21
-30.716427999999997
 31
0
  0
LINE
  5
799
330
1B
100
AcDbEntity
  8
B.Cu
  6
CONTINUOUS
100
AcDbLine
 10
50.9545789999999954
 20
-30.716427999999997
 30
0
 11
50.9545770000000005
 21
-30.7164249999999974
 31
0
  0
LINE
  5
79A
330
1B
100
AcDbEntity
  8
B.Cu
  6
CONTINUOUS
100
AcDbLine
 10
50.9545770000000005
 20
-30.7164249999999974
 30
0
 11
50.9545770000000005
 21
-30.7164229999999989
 31
0
  0
LINE
  5
79B
330
1B
100
AcDbEntity
  8
B.Cu
  6
CONTINUOUS
100
AcDbLine
 10
50.9545770000000005
 20
-30.7164229999999989
 30
0
 11
50.9002330000000001
 21
-30.609767999999999
 31
0
  0
LINE
  5
79C
330
1B
100
AcDbEntity
  8
B.Cu
  6
CONTINUOUS
100
AcDbLine
 10
50.9002330000000001
 20
-30.609767999999999
 30
0
 11
50.8366339999999965
 21
-30.4849490000000003
 31
0
  0
LINE
  5
79D
330
1B
100
AcDbEntity
  8
B.Cu
  6
CONTINUOUS
100
AcDbLine
 10
50.8366339999999965
 20
-30.4849490000000003
 30
0
 11
50.6839310000000012
 21
-30.2747709999999977
 31
0
  0
LINE
  5
79E
330
1B
100
AcDbEntity
  8
B.Cu
  6
CONTINUOUS
100
AcDbLine
 10
50.6839310000000012
 20
-30.2747709999999977
 30
0
 11
50.5002289999999974
 21
-30.0910689999999974
 31
0
  0
LINE
  5
79F
330
1B
100
AcDbEntity
  8
B.Cu
  6
CONTINUOUS
100
AcDbLine
 10
50.5002289999999974
 20
-30.0910689999999974
 30
0
 11
50.2900509999999983
 21
-29.9383659999999985
 31
0
  0
LINE
  5
7A0
330
1B
100
AcDbEntity
  8
B.Cu
  6
CONTINUOUS
100
AcDbLine
 10
50.2900509999999983
 20
-29.9383659999999985
 30
0
 11
50.2177639999999954
 21
-29.9015339999999981
 31
0
  0
LINE
  5
7A1
330
1B
100
AcDbEntity
  8
B.Cu
  6
CONTINUOUS
100
AcDbLine
 10
50.2177639999999954
 20
-29.9015339999999981
 30
0
 11
50.0585759999999951
 21
-29.8204219999999971
 31
0
  0
LINE
  5
7A2
330
1B
100
AcDbEntity
  8
B.Cu
  6
CONTINUOUS
100
AcDbLine
 10
50.0585759999999951
 20
-29.8204219999999971
 30
0
 11
49.8114929999999987
 21
-29.7401400000000002
 31
0
  0
LINE
  5
7A3
330
1B
100
AcDbEntity
  8
B.Cu
  6
CONTINUOUS
100
AcDbLine
 10
49.8114929999999987
 20
-29.7401400000000002
 30
0
 11
49.5549019999999985
 21
-29.6994999999999969
 31
0
  0
LINE
  5
7A4
330
1B
100
AcDbEntity
  8
B.Cu
  6
CONTINUOUS
100
AcDbLine
 10
49.5549019999999985
 20
-29.6994999999999969
 30
0
 11
49.5548969999999969
 21
-29.6994999999999969
 31
0
  0
LINE
  5
7A5
330
1B
100
AcDbEntity
  8
B.Cu
  6
CONTINUOUS
100
AcDbLine
 10
49.5548969999999969
 20
-29.6994999999999969
 30
0
 11
49.2951029999999975
 21
-29.6994999999999969
 31
0
  0
LINE
  5
7A6
330
1B
100
AcDbEntity
  8
B.Cu
  6
CONTINUOUS
100
AcDbLine
 10
49.2951029999999975
 20
-29.6994999999999969
 30
0
 11
49.2950979999999959
 21
-29.6994999999999969
 31
0
  0
LINE
  5
7A7
330
1B
100
AcDbEntity
  8
B.Cu
  6
CONTINUOUS
100
AcDbLine
 10
49.2950979999999959
 20
-29.6994999999999969
 30
0
 11
49.0385059999999982
 21
-29.7401400000000002
 31
0
  0
LINE
  5
7A8
330
1B
100
AcDbEntity
  8
B.Cu
  6
CONTINUOUS
100
AcDbLine
 10
54.1185059999999964
 20
-29.7401400000000002
 30
0
 11
53.8714230000000001
 21
-29.8204219999999971
 31
0
  0
LINE
  5
7A9
330
1B
100
AcDbEntity
  8
B.Cu
  6
CONTINUOUS
100
AcDbLine
 10
53.8714230000000001
 20
-29.8204219999999971
 30
0
 11
53.6399449999999973
 21
-29.938367999999997
 31
0
  0
LINE
  5
7AA
330
1B
100
AcDbEntity
  8
B.Cu
  6
CONTINUOUS
100
AcDbLine
 10
53.6399449999999973
 20
-29.938367999999997
 30
0
 11
53.4297739999999948
 21
-30.0910659999999979
 31
0
  0
LINE
  5
7AB
330
1B
100
AcDbEntity
  8
B.Cu
  6
CONTINUOUS
100
AcDbLine
 10
53.4297739999999948
 20
-30.0910659999999979
 30
0
 11
53.4297679999999957
 21
-30.0910709999999995
 31
0
  0
LINE
  5
7AC
330
1B
100
AcDbEntity
  8
B.Cu
  6
CONTINUOUS
100
AcDbLine
 10
53.4297679999999957
 20
-30.0910709999999995
 30
0
 11
53.2460710000000006
 21
-30.2747679999999981
 31
0
  0
LINE
  5
7AD
330
1B
100
AcDbEntity
  8
B.Cu
  6
CONTINUOUS
100
AcDbLine
 10
53.2460710000000006
 20
-30.2747679999999981
 30
0
 11
53.246065999999999
 21
-30.2747739999999972
 31
0
  0
LINE
  5
7AE
330
1B
100
AcDbEntity
  8
B.Cu
  6
CONTINUOUS
100
AcDbLine
 10
53.246065999999999
 20
-30.2747739999999972
 30
0
 11
53.0933679999999981
 21
-30.4849449999999997
 31
0
  0
LINE
  5
7AF
330
1B
100
AcDbEntity
  8
B.Cu
  6
CONTINUOUS
100
AcDbLine
 10
53.0933679999999981
 20
-30.4849449999999997
 30
0
 11
52.9754219999999947
 21
-30.7164229999999989
 31
0
  0
LINE
  5
7B0
330
1B
100
AcDbEntity
  8
B.Cu
  6
CONTINUOUS
100
AcDbLine
 10
52.9754219999999947
 20
-30.7164229999999989
 30
0
 11
52.8951399999999978
 21
-30.9635059999999989
 31
0
  0
LINE
  5
7B1
330
1B
100
AcDbEntity
  8
B.Cu
  6
CONTINUOUS
100
AcDbLine
 10
52.8951399999999978
 20
-30.9635059999999989
 30
0
 11
52.8544999999999945
 21
-31.2200969999999991
 31
0
  0
LINE
  5
7B2
330
1B
100
AcDbEntity
  8
B.Cu
  6
CONTINUOUS
100
AcDbLine
 10
52.8544999999999945
 20
-31.2200969999999991
 30
0
 11
52.8544999999999945
 21
-32.2799019999999999
 31
0
  0
LINE
  5
7B3
330
1B
100
AcDbEntity
  8
B.Cu
  6
CONTINUOUS
100
AcDbLine
 10
52.8544999999999945
 20
-32.2799019999999999
 30
0
 11
52.8951399999999978
 21
-32.5364930000000001
 31
0
  0
LINE
  5
7B4
330
1B
100
AcDbEntity
  8
B.Cu
  6
CONTINUOUS
100
AcDbLine
 10
52.8951399999999978
 20
-32.5364930000000001
 30
0
 11
52.9754219999999947
 21
-32.7835759999999965
 31
0
  0
LINE
  5
7B5
330
1B
100
AcDbEntity
  8
B.Cu
  6
CONTINUOUS
100
AcDbLine
 10
52.9754219999999947
 20
-32.7835759999999965
 30
0
 11
53.0492360000000005
 21
-32.9284419999999969
 31
0
  0
LINE
  5
7B6
330
1B
100
AcDbEntity
  8
B.Cu
  6
CONTINUOUS
100
AcDbLine
 10
53.0492360000000005
 20
-32.9284419999999969
 30
0
 11
53.0933659999999961
 21
-33.0150509999999997
 31
0
  0
LINE
  5
7B7
330
1B
100
AcDbEntity
  8
B.Cu
  6
CONTINUOUS
100
AcDbLine
 10
53.0933659999999961
 20
-33.0150509999999997
 30
0
 11
53.2460689999999985
 21
-33.2252289999999988
 31
0
  0
LINE
  5
7B8
330
1B
100
AcDbEntity
  8
B.Cu
  6
CONTINUOUS
100
AcDbLine
 10
53.2460689999999985
 20
-33.2252289999999988
 30
0
 11
53.4297709999999952
 21
-33.4089309999999955
 31
0
  0
LINE
  5
7B9
330
1B
100
AcDbEntity
  8
B.Cu
  6
CONTINUOUS
100
AcDbLine
 10
53.4297709999999952
 20
-33.4089309999999955
 30
0
 11
53.6399489999999943
 21
-33.561633999999998
 31
0
  0
LINE
  5
7BA
330
1B
100
AcDbEntity
  8
B.Cu
  6
CONTINUOUS
100
AcDbLine
 10
53.6399489999999943
 20
-33.561633999999998
 30
0
 11
53.7874449999999982
 21
-33.6367869999999982
 31
0
  0
LINE
  5
7BB
330
1B
100
AcDbEntity
  8
B.Cu
  6
CONTINUOUS
100
AcDbLine
 10
53.7874449999999982
 20
-33.6367869999999982
 30
0
 11
53.8714230000000001
 21
-33.6795770000000019
 31
0
  0
LINE
  5
7BC
330
1B
100
AcDbEntity
  8
B.Cu
  6
CONTINUOUS
100
AcDbLine
 10
53.8714230000000001
 20
-33.6795770000000019
 30
0
 11
53.871424999999995
 21
-33.6795770000000019
 31
0
  0
LINE
  5
7BD
330
1B
100
AcDbEntity
  8
B.Cu
  6
CONTINUOUS
100
AcDbLine
 10
53.871424999999995
 20
-33.6795770000000019
 30
0
 11
53.8714279999999945
 21
-33.6795789999999968
 31
0
  0
LINE
  5
7BE
330
1B
100
AcDbEntity
  8
B.Cu
  6
CONTINUOUS
100
AcDbLine
 10
53.8714279999999945
 20
-33.6795789999999968
 30
0
 11
54.118507000000001
 21
-33.7598599999999962
 31
0
  0
LINE
  5
7BF
330
1B
100
AcDbEntity
  8
B.Cu
  6
CONTINUOUS
100
AcDbLine
 10
54.118507000000001
 20
-33.7598599999999962
 30
0
 11
54.250706000000001
 21
-33.7807969999999997
 31
0
  0
LINE
  5
7C0
330
1B
100
AcDbEntity
  8
B.Cu
  6
CONTINUOUS
100
AcDbLine
 10
54.250706000000001
 20
-33.7807969999999997
 30
0
 11
54.3750979999999942
 21
-33.8004999999999995
 31
0
  0
LINE
  5
7C1
330
1B
100
AcDbEntity
  8
B.Cu
  6
CONTINUOUS
100
AcDbLine
 10
54.3750979999999942
 20
-33.8004999999999995
 30
0
 11
54.3751029999999957
 21
-33.8004999999999995
 31
0
  0
LINE
  5
7C2
330
1B
100
AcDbEntity
  8
B.Cu
  6
CONTINUOUS
100
AcDbLine
 10
54.3751029999999957
 20
-33.8004999999999995
 30
0
 11
54.6349019999999967
 21
-33.8004999999999995
 31
0
  0
LINE
  5
7C3
330
1B
100
AcDbEntity
  8
B.Cu
  6
CONTINUOUS
100
AcDbLine
 10
54.6349019999999967
 20
-33.8004999999999995
 30
0
 11
54.7482979999999984
 21
-33.7825389999999999
 31
0
  0
LINE
  5
7C4
330
1B
100
AcDbEntity
  8
B.Cu
  6
CONTINUOUS
100
AcDbLine
 10
54.7482979999999984
 20
-33.7825389999999999
 30
0
 11
54.891492999999997
 21
-33.7598599999999962
 31
0
  0
LINE
  5
7C5
330
1B
100
AcDbEntity
  8
B.Cu
  6
CONTINUOUS
100
AcDbLine
 10
54.891492999999997
 20
-33.7598599999999962
 30
0
 11
55.1385719999999964
 21
-33.6795789999999968
 31
0
  0
LINE
  5
7C6
330
1B
100
AcDbEntity
  8
B.Cu
  6
CONTINUOUS
100
AcDbLine
 10
55.1385719999999964
 20
-33.6795789999999968
 30
0
 11
55.3700509999999966
 21
-33.561633999999998
 31
0
  0
LINE
  5
7C7
330
1B
100
AcDbEntity
  8
B.Cu
  6
CONTINUOUS
100
AcDbLine
 10
55.3700509999999966
 20
-33.561633999999998
 30
0
 11
55.5802289999999957
 21
-33.4089309999999955
 31
0
  0
LINE
  5
7C8
330
1B
100
AcDbEntity
  8
B.Cu
  6
CONTINUOUS
100
AcDbLine
 10
55.5802289999999957
 20
-33.4089309999999955
 30
0
 11
55.7639309999999995
 21
-33.2252289999999988
 31
0
  0
LINE
  5
7C9
330
1B
100
AcDbEntity
  8
B.Cu
  6
CONTINUOUS
100
AcDbLine
 10
55.7639309999999995
 20
-33.2252289999999988
 30
0
 11
55.9166339999999948
 21
-33.0150509999999997
 31
0
  0
LINE
  5
7CA
330
1B
100
AcDbEntity
  8
B.Cu
  6
CONTINUOUS
100
AcDbLine
 10
55.9166339999999948
 20
-33.0150509999999997
 30
0
 11
56.0345790000000008
 21
-32.7835719999999995
 31
0
  0
LINE
  5
7CB
330
1B
100
AcDbEntity
  8
B.Cu
  6
CONTINUOUS
100
AcDbLine
 10
56.0345790000000008
 20
-32.7835719999999995
 30
0
 11
56.1148600000000002
 21
-32.5364930000000001
 31
0
  0
LINE
  5
7CC
330
1B
100
AcDbEntity
  8
B.Cu
  6
CONTINUOUS
100
AcDbLine
 10
56.1148600000000002
 20
-32.5364930000000001
 30
0
 11
56.1493749999999991
 21
-32.3185719999999961
 31
0
  0
LINE
  5
7CD
330
1B
100
AcDbEntity
  8
B.Cu
  6
CONTINUOUS
100
AcDbLine
 10
56.1493749999999991
 20
-32.3185719999999961
 30
0
 11
56.1554999999999964
 21
-32.2799019999999999
 31
0
  0
LINE
  5
7CE
330
1B
100
AcDbEntity
  8
B.Cu
  6
CONTINUOUS
100
AcDbLine
 10
56.1554999999999964
 20
-32.2799019999999999
 30
0
 11
56.1554999999999964
 21
-31.2200969999999991
 31
0
  0
LINE
  5
7CF
330
1B
100
AcDbEntity
  8
B.Cu
  6
CONTINUOUS
100
AcDbLine
 10
56.1554999999999964
 20
-31.2200969999999991
 30
0
 11
56.128783999999996
 21
-31.0514229999999998
 31
0
  0
LINE
  5
7D0
330
1B
100
AcDbEntity
  8
B.Cu
  6
CONTINUOUS
100
AcDbLine
 10
56.128783999999996
 20
-31.0514229999999998
 30
0
 11
56.1148600000000002
 21
-30.9635069999999999
 31
0
  0
LINE
  5
7D1
330
1B
100
AcDbEntity
  8
B.Cu
  6
CONTINUOUS
100
AcDbLine
 10
56.1148600000000002
 20
-30.9635069999999999
 30
0
 11
56.0345790000000008
 21
-30.716427999999997
 31
0
  0
LINE
  5
7D2
330
1B
100
AcDbEntity
  8
B.Cu
  6
CONTINUOUS
100
AcDbLine
 10
56.0345790000000008
 20
-30.716427999999997
 30
0
 11
56.0345769999999987
 21
-30.7164249999999974
 31
0
  0
LINE
  5
7D3
330
1B
100
AcDbEntity
  8
B.Cu
  6
CONTINUOUS
100
AcDbLine
 10
56.0345769999999987
 20
-30.7164249999999974
 30
0
 11
56.0345769999999987
 21
-30.7164229999999989
 31
0
  0
LINE
  5
7D4
330
1B
100
AcDbEntity
  8
B.Cu
  6
CONTINUOUS
100
AcDbLine
 10
56.0345769999999987
 20
-30.7164229999999989
 30
0
 11
55.9802329999999984
 21
-30.609767999999999
 31
0
  0
LINE
  5
7D5
330
1B
100
AcDbEntity
  8
B.Cu
  6
CONTINUOUS
100
AcDbLine
 10
55.9802329999999984
 20
-30.609767999999999
 30
0
 11
55.9166339999999948
 21
-30.4849490000000003
 31
0
  0
LINE
  5
7D6
330
1B
100
AcDbEntity
  8
B.Cu
  6
CONTINUOUS
100
AcDbLine
 10
55.9166339999999948
 20
-30.4849490000000003
 30
0
 11
55.7639309999999995
 21
-30.2747709999999977
 31
0
  0
LINE
  5
7D7
330
1B
100
AcDbEntity
  8
B.Cu
  6
CONTINUOUS
100
AcDbLine
 10
55.7639309999999995
 20
-30.2747709999999977
 30
0
 11
55.5802289999999957
 21
-30.0910689999999974
 31
0
  0
LINE
  5
7D8
330
1B
100
AcDbEntity
  8
B.Cu
  6
CONTINUOUS
100
AcDbLine
 10
55.5802289999999957
 20
-30.0910689999999974
 30
0
 11
55.3700509999999966
 21
-29.9383659999999985
 31
0
  0
LINE
  5
7D9
330
1B
100
AcDbEntity
  8
B.Cu
  6
CONTINUOUS
100
AcDbLine
 10
55.3700509999999966
 20
-29.9383659999999985
 30
0
 11
55.2977640000000008
 21
-29.9015339999999981
 31
0
  0
LINE
  5
7DA
330
1B
100
AcDbEntity
  8
B.Cu
  6
CONTINUOUS
100
AcDbLine
 10
55.2977640000000008
 20
-29.9015339999999981
 30
0
 11
55.1385760000000005
 21
-29.8204219999999971
 31
0
  0
LINE
  5
7DB
330
1B
100
AcDbEntity
  8
B.Cu
  6
CONTINUOUS
100
AcDbLine
 10
55.1385760000000005
 20
-29.8204219999999971
 30
0
 11
54.891492999999997
 21
-29.7401400000000002
 31
0
  0
LINE
  5
7DC
330
1B
100
AcDbEntity
  8
B.Cu
  6
CONTINUOUS
100
AcDbLine
 10
54.891492999999997
 20
-29.7401400000000002
 30
0
 11
54.6349019999999967
 21
-29.6994999999999969
 31
0
  0
LINE
  5
7DD
330
1B
100
AcDbEntity
  8
B.Cu
  6
CONTINUOUS
100
AcDbLine
 10
54.6349019999999967
 20
-29.6994999999999969
 30
0
 11
54.6348969999999952
 21
-29.6994999999999969
 31
0
  0
LINE
  5
7DE
330
1B
100
AcDbEntity
  8
B.Cu
  6
CONTINUOUS
100
AcDbLine
 10
54.6348969999999952
 20
-29.6994999999999969
 30
0
 11
54.3751029999999957
 21
-29.6994999999999969
 31
0
  0
LINE
  5
7DF
330
1B
100
AcDbEntity
  8
B.Cu
  6
CONTINUOUS
100
AcDbLine
 10
54.3751029999999957
 20
-29.6994999999999969
 30
0
 11
54.3750979999999942
 21
-29.6994999999999969
 31
0
  0
LINE
  5
7E0
330
1B
100
AcDbEntity
  8
B.Cu
  6
CONTINUOUS
100
AcDbLine
 10
54.3750979999999942
 20
-29.6994999999999969
 30
0
 11
54.1185059999999964
 21
-29.7401400000000002
 31
0
  0
LINE
  5
7E1
330
1B
100
AcDbEntity
  8
B.Cu
  6
CONTINUOUS
100
AcDbLine
 10
21.9444999999999979
 20
-24.699037999999998
 30
0
 11
21.9464839999999981
 21
-24.7323599999999999
 31
0
  0
LINE
  5
7E2
330
1B
100
AcDbEntity
  8
B.Cu
  6
CONTINUOUS
100
AcDbLine
 10
21.9464839999999981
 20
-24.7323599999999999
 30
0
 11
21.9473120000000002
 21
-24.7462499999999999
 31
0
  0
LINE
  5
7E3
330
1B
100
AcDbEntity
  8
B.Cu
  6
CONTINUOUS
100
AcDbLine
 10
21.9473120000000002
 20
-24.7462499999999999
 30
0
 11
21.9919839999999986
 21
-24.9516019999999976
 31
0
  0
LINE
  5
7E4
330
1B
100
AcDbEntity
  8
B.Cu
  6
CONTINUOUS
100
AcDbLine
 10
21.9919839999999986
 20
-24.9516019999999976
 30
0
 11
21.9919869999999982
 21
-24.9516129999999983
 31
0
  0
LINE
  5
7E5
330
1B
100
AcDbEntity
  8
B.Cu
  6
CONTINUOUS
100
AcDbLine
 10
21.9919869999999982
 20
-24.9516129999999983
 30
0
 11
22.0747180000000007
 21
-25.1448079999999976
 31
0
  0
LINE
  5
7E6
330
1B
100
AcDbEntity
  8
B.Cu
  6
CONTINUOUS
100
AcDbLine
 10
22.0747180000000007
 20
-25.1448079999999976
 30
0
 11
22.1925209999999993
 21
-25.3188619999999993
 31
0
  0
LINE
  5
7E7
330
1B
100
AcDbEntity
  8
B.Cu
  6
CONTINUOUS
100
AcDbLine
 10
22.1925209999999993
 20
-25.3188619999999993
 30
0
 11
22.1925249999999998
 21
-25.3188669999999973
 31
0
  0
LINE
  5
7E8
330
1B
100
AcDbEntity
  8
B.Cu
  6
CONTINUOUS
100
AcDbLine
 10
22.1925249999999998
 20
-25.3188669999999973
 30
0
 11
22.2895269999999996
 21
-25.4158689999999972
 31
0
  0
LINE
  5
7E9
330
1B
100
AcDbEntity
  8
B.Cu
  6
CONTINUOUS
100
AcDbLine
 10
22.2895269999999996
 20
-25.4158689999999972
 30
0
 11
22.3230119999999985
 21
-25.4771919999999987
 31
0
  0
LINE
  5
7EA
330
1B
100
AcDbEntity
  8
B.Cu
  6
CONTINUOUS
100
AcDbLine
 10
22.3230119999999985
 20
-25.4771919999999987
 30
0
 11
22.3180279999999982
 21
-25.5468839999999986
 31
0
  0
LINE
  5
7EB
330
1B
100
AcDbEntity
  8
B.Cu
  6
CONTINUOUS
100
AcDbLine
 10
22.3180279999999982
 20
-25.5468839999999986
 30
0
 11
22.3021639999999977
 21
-25.576435
 31
0
  0
LINE
  5
7EC
330
1B
100
AcDbEntity
  8
B.Cu
  6
CONTINUOUS
100
AcDbLine
 10
22.3021639999999977
 20
-25.576435
 30
0
 11
22.183367999999998
 21
-25.7399449999999987
 31
0
  0
LINE
  5
7ED
330
1B
100
AcDbEntity
  8
B.Cu
  6
CONTINUOUS
100
AcDbLine
 10
22.183367999999998
 20
-25.7399449999999987
 30
0
 11
22.0654219999999981
 21
-25.9714229999999979
 31
0
  0
LINE
  5
7EE
330
1B
100
AcDbEntity
  8
B.Cu
  6
CONTINUOUS
100
AcDbLine
 10
22.0654219999999981
 20
-25.9714229999999979
 30
0
 11
21.9851399999999977
 21
-26.2185059999999979
 31
0
  0
LINE
  5
7EF
330
1B
100
AcDbEntity
  8
B.Cu
  6
CONTINUOUS
100
AcDbLine
 10
21.9851399999999977
 20
-26.2185059999999979
 30
0
 11
21.9444999999999979
 21
-26.4750969999999981
 31
0
  0
LINE
  5
7F0
330
1B
100
AcDbEntity
  8
B.Cu
  6
CONTINUOUS
100
AcDbLine
 10
21.9444999999999979
 20
-26.4750969999999981
 30
0
 11
21.9444999999999979
 21
-26.7349019999999982
 31
0
  0
LINE
  5
7F1
330
1B
100
AcDbEntity
  8
B.Cu
  6
CONTINUOUS
100
AcDbLine
 10
21.9444999999999979
 20
-26.7349019999999982
 30
0
 11
21.9851399999999977
 21
-26.9914929999999984
 31
0
  0
LINE
  5
7F2
330
1B
100
AcDbEntity
  8
B.Cu
  6
CONTINUOUS
100
AcDbLine
 10
21.9851399999999977
 20
-26.9914929999999984
 30
0
 11
22.0654219999999981
 21
-27.2385759999999983
 31
0
  0
LINE
  5
7F3
330
1B
100
AcDbEntity
  8
B.Cu
  6
CONTINUOUS
100
AcDbLine
 10
22.0654219999999981
 20
-27.2385759999999983
 30
0
 11
22.183367999999998
 21
-27.4700539999999975
 31
0
  0
LINE
  5
7F4
330
1B
100
AcDbEntity
  8
B.Cu
  6
CONTINUOUS
100
AcDbLine
 10
22.183367999999998
 20
-27.4700539999999975
 30
0
 11
22.3360659999999989
 21
-27.6802250000000001
 31
0
  0
LINE
  5
7F5
330
1B
100
AcDbEntity
  8
B.Cu
  6
CONTINUOUS
100
AcDbLine
 10
22.3360659999999989
 20
-27.6802250000000001
 30
0
 11
22.3360710000000005
 21
-27.6802309999999991
 31
0
  0
LINE
  5
7F6
330
1B
100
AcDbEntity
  8
B.Cu
  6
CONTINUOUS
100
AcDbLine
 10
22.3360710000000005
 20
-27.6802309999999991
 30
0
 11
22.4431589999999979
 21
-27.7873190000000001
 31
0
  0
LINE
  5
7F7
330
1B
100
AcDbEntity
  8
B.Cu
  6
CONTINUOUS
100
AcDbLine
 10
22.4431589999999979
 20
-27.7873190000000001
 30
0
 11
22.4766440000000003
 21
-27.8486419999999981
 31
0
  0
LINE
  5
7F8
330
1B
100
AcDbEntity
  8
B.Cu
  6
CONTINUOUS
100
AcDbLine
 10
22.4766440000000003
 20
-27.8486419999999981
 30
0
 11
22.47166
 21
-27.918333999999998
 31
0
  0
LINE
  5
7F9
330
1B
100
AcDbEntity
  8
B.Cu
  6
CONTINUOUS
100
AcDbLine
 10
22.47166
 20
-27.918333999999998
 30
0
 11
22.4431589999999979
 21
-27.9626809999999999
 31
0
  0
LINE
  5
7FA
330
1B
100
AcDbEntity
  8
B.Cu
  6
CONTINUOUS
100
AcDbLine
 10
22.4431589999999979
 20
-27.9626809999999999
 30
0
 11
22.3360710000000005
 21
-28.0697679999999998
 31
0
  0
LINE
  5
7FB
330
1B
100
AcDbEntity
  8
B.Cu
  6
CONTINUOUS
100
AcDbLine
 10
22.3360710000000005
 20
-28.0697679999999998
 30
0
 11
22.3360659999999989
 21
-28.0697739999999989
 31
0
  0
LINE
  5
7FC
330
1B
100
AcDbEntity
  8
B.Cu
  6
CONTINUOUS
100
AcDbLine
 10
22.3360659999999989
 20
-28.0697739999999989
 30
0
 11
22.183367999999998
 21
-28.2799449999999979
 31
0
  0
LINE
  5
7FD
330
1B
100
AcDbEntity
  8
B.Cu
  6
CONTINUOUS
100
AcDbLine
 10
22.183367999999998
 20
-28.2799449999999979
 30
0
 11
22.0654219999999981
 21
-28.5114229999999971
 31
0
  0
LINE
  5
7FE
330
1B
100
AcDbEntity
  8
B.Cu
  6
CONTINUOUS
100
AcDbLine
 10
22.0654219999999981
 20
-28.5114229999999971
 30
0
 11
21.9851399999999977
 21
-28.758505999999997
 31
0
  0
LINE
  5
7FF
330
1B
100
AcDbEntity
  8
B.Cu
  6
CONTINUOUS
100
AcDbLine
 10
21.9851399999999977
 20
-28.758505999999997
 30
0
 11
21.9444999999999979
 21
-29.0150969999999973
 31
0
  0
LINE
  5
800
330
1B
100
AcDbEntity
  8
B.Cu
  6
CONTINUOUS
100
AcDbLine
 10
21.9444999999999979
 20
-29.0150969999999973
 30
0
 11
21.9444999999999979
 21
-29.2749019999999973
 31
0
  0
LINE
  5
801
330
1B
100
AcDbEntity
  8
B.Cu
  6
CONTINUOUS
100
AcDbLine
 10
21.9444999999999979
 20
-29.2749019999999973
 30
0
 11
21.9851399999999977
 21
-29.5314929999999976
 31
0
  0
LINE
  5
802
330
1B
100
AcDbEntity
  8
B.Cu
  6
CONTINUOUS
100
AcDbLine
 10
21.9851399999999977
 20
-29.5314929999999976
 30
0
 11
22.0654219999999981
 21
-29.7785759999999975
 31
0
  0
LINE
  5
803
330
1B
100
AcDbEntity
  8
B.Cu
  6
CONTINUOUS
100
AcDbLine
 10
22.0654219999999981
 20
-29.7785759999999975
 30
0
 11
22.183367999999998
 21
-30.0100540000000002
 31
0
  0
LINE
  5
804
330
1B
100
AcDbEntity
  8
B.Cu
  6
CONTINUOUS
100
AcDbLine
 10
22.183367999999998
 20
-30.0100540000000002
 30
0
 11
22.3161789999999982
 21
-30.1928529999999995
 31
0
  0
LINE
  5
805
330
1B
100
AcDbEntity
  8
B.Cu
  6
CONTINUOUS
100
AcDbLine
 10
22.3161789999999982
 20
-30.1928529999999995
 30
0
 11
22.3360689999999984
 21
-30.2202289999999998
 31
0
  0
LINE
  5
806
330
1B
100
AcDbEntity
  8
B.Cu
  6
CONTINUOUS
100
AcDbLine
 10
22.3360689999999984
 20
-30.2202289999999998
 30
0
 11
22.5197709999999987
 21
-30.403931
 31
0
  0
LINE
  5
807
330
1B
100
AcDbEntity
  8
B.Cu
  6
CONTINUOUS
100
AcDbLine
 10
22.5197709999999987
 20
-30.403931
 30
0
 11
22.7299489999999977
 21
-30.556633999999999
 31
0
  0
LINE
  5
808
330
1B
100
AcDbEntity
  8
B.Cu
  6
CONTINUOUS
100
AcDbLine
 10
22.7299489999999977
 20
-30.556633999999999
 30
0
 11
22.834229999999998
 21
-30.609767999999999
 31
0
  0
LINE
  5
809
330
1B
100
AcDbEntity
  8
B.Cu
  6
CONTINUOUS
100
AcDbLine
 10
22.834229999999998
 20
-30.609767999999999
 30
0
 11
22.9614229999999999
 21
-30.6745769999999993
 31
0
  0
LINE
  5
80A
330
1B
100
AcDbEntity
  8
B.Cu
  6
CONTINUOUS
100
AcDbLine
 10
22.9614229999999999
 20
-30.6745769999999993
 30
0
 11
22.9614249999999984
 21
-30.6745769999999993
 31
0
  0
LINE
  5
80B
330
1B
100
AcDbEntity
  8
B.Cu
  6
CONTINUOUS
100
AcDbLine
 10
22.9614249999999984
 20
-30.6745769999999993
 30
0
 11
22.961427999999998
 21
-30.6745789999999978
 31
0
  0
LINE
  5
80C
330
1B
100
AcDbEntity
  8
B.Cu
  6
CONTINUOUS
100
AcDbLine
 10
22.961427999999998
 20
-30.6745789999999978
 30
0
 11
23.2085069999999973
 21
-30.7548599999999972
 31
0
  0
LINE
  5
80D
330
1B
100
AcDbEntity
  8
B.Cu
  6
CONTINUOUS
100
AcDbLine
 10
23.2085069999999973
 20
-30.7548599999999972
 30
0
 11
23.3407059999999973
 21
-30.7757969999999972
 31
0
  0
LINE
  5
80E
330
1B
100
AcDbEntity
  8
B.Cu
  6
CONTINUOUS
100
AcDbLine
 10
23.3407059999999973
 20
-30.7757969999999972
 30
0
 11
23.4650979999999976
 21
-30.795499999999997
 31
0
  0
LINE
  5
80F
330
1B
100
AcDbEntity
  8
B.Cu
  6
CONTINUOUS
100
AcDbLine
 10
23.4650979999999976
 20
-30.795499999999997
 30
0
 11
23.4651029999999992
 21
-30.795499999999997
 31
0
  0
LINE
  5
810
330
1B
100
AcDbEntity
  8
B.Cu
  6
CONTINUOUS
100
AcDbLine
 10
23.4651029999999992
 20
-30.795499999999997
 30
0
 11
24.5249019999999973
 21
-30.795499999999997
 31
0
  0
LINE
  5
811
330
1B
100
AcDbEntity
  8
B.Cu
  6
CONTINUOUS
100
AcDbLine
 10
24.5249019999999973
 20
-30.795499999999997
 30
0
 11
24.6382979999999989
 21
-30.7775389999999973
 31
0
  0
LINE
  5
812
330
1B
100
AcDbEntity
  8
B.Cu
  6
CONTINUOUS
100
AcDbLine
 10
24.6382979999999989
 20
-30.7775389999999973
 30
0
 11
24.7814929999999976
 21
-30.7548599999999972
 31
0
  0
LINE
  5
813
330
1B
100
AcDbEntity
  8
B.Cu
  6
CONTINUOUS
100
AcDbLine
 10
24.7814929999999976
 20
-30.7548599999999972
 30
0
 11
25.0285720000000005
 21
-30.6745789999999978
 31
0
  0
LINE
  5
814
330
1B
100
AcDbEntity
  8
B.Cu
  6
CONTINUOUS
100
AcDbLine
 10
25.0285720000000005
 20
-30.6745789999999978
 30
0
 11
25.2600509999999971
 21
-30.556633999999999
 31
0
  0
LINE
  5
815
330
1B
100
AcDbEntity
  8
B.Cu
  6
CONTINUOUS
100
AcDbLine
 10
25.2600509999999971
 20
-30.556633999999999
 30
0
 11
25.4702289999999998
 21
-30.403931
 31
0
  0
LINE
  5
816
330
1B
100
AcDbEntity
  8
B.Cu
  6
CONTINUOUS
100
AcDbLine
 10
25.4702289999999998
 20
-30.403931
 30
0
 11
25.653931
 21
-30.2202289999999998
 31
0
  0
LINE
  5
817
330
1B
100
AcDbEntity
  8
B.Cu
  6
CONTINUOUS
100
AcDbLine
 10
25.653931
 20
-30.2202289999999998
 30
0
 11
25.806633999999999
 21
-30.0100509999999971
 31
0
  0
LINE
  5
818
330
1B
100
AcDbEntity
  8
B.Cu
  6
CONTINUOUS
100
AcDbLine
 10
25.806633999999999
 20
-30.0100509999999971
 30
0
 11
25.9245789999999978
 21
-29.7785719999999969
 31
0
  0
LINE
  5
819
330
1B
100
AcDbEntity
  8
B.Cu
  6
CONTINUOUS
100
AcDbLine
 10
25.9245789999999978
 20
-29.7785719999999969
 30
0
 11
26.0048599999999972
 21
-29.5314929999999976
 31
0
  0
LINE
  5
81A
330
1B
100
AcDbEntity
  8
B.Cu
  6
CONTINUOUS
100
AcDbLine
 10
26.0048599999999972
 20
-29.5314929999999976
 30
0
 11
26.0275389999999973
 21
-29.3882979999999989
 31
0
  0
LINE
  5
81B
330
1B
100
AcDbEntity
  8
B.Cu
  6
CONTINUOUS
100
AcDbLine
 10
26.0275389999999973
 20
-29.3882979999999989
 30
0
 11
26.0455000000000005
 21
-29.2749019999999973
 31
0
  0
LINE
  5
81C
330
1B
100
AcDbEntity
  8
B.Cu
  6
CONTINUOUS
100
AcDbLine
 10
26.0455000000000005
 20
-29.2749019999999973
 30
0
 11
26.0455000000000005
 21
-29.0150969999999973
 31
0
  0
LINE
  5
81D
330
1B
100
AcDbEntity
  8
B.Cu
  6
CONTINUOUS
100
AcDbLine
 10
26.0455000000000005
 20
-29.0150969999999973
 30
0
 11
26.0239469999999997
 21
-28.8790209999999981
 31
0
  0
LINE
  5
81E
330
1B
100
AcDbEntity
  8
B.Cu
  6
CONTINUOUS
100
AcDbLine
 10
26.0239469999999997
 20
-28.8790209999999981
 30
0
 11
26.0048599999999972
 21
-28.758506999999998
 31
0
  0
LINE
  5
81F
330
1B
100
AcDbEntity
  8
B.Cu
  6
CONTINUOUS
100
AcDbLine
 10
26.0048599999999972
 20
-28.758506999999998
 30
0
 11
25.9245789999999978
 21
-28.5114279999999987
 31
0
  0
LINE
  5
820
330
1B
100
AcDbEntity
  8
B.Cu
  6
CONTINUOUS
100
AcDbLine
 10
25.9245789999999978
 20
-28.5114279999999987
 30
0
 11
25.9245769999999993
 21
-28.5114249999999991
 31
0
  0
LINE
  5
821
330
1B
100
AcDbEntity
  8
B.Cu
  6
CONTINUOUS
100
AcDbLine
 10
25.9245769999999993
 20
-28.5114249999999991
 30
0
 11
25.9245769999999993
 21
-28.5114229999999971
 31
0
  0
LINE
  5
822
330
1B
100
AcDbEntity
  8
B.Cu
  6
CONTINUOUS
100
AcDbLine
 10
25.9245769999999993
 20
-28.5114229999999971
 30
0
 11
25.8817869999999992
 21
-28.4274449999999987
 31
0
  0
LINE
  5
823
330
1B
100
AcDbEntity
  8
B.Cu
  6
CONTINUOUS
100
AcDbLine
 10
25.8817869999999992
 20
-28.4274449999999987
 30
0
 11
25.806633999999999
 21
-28.2799489999999984
 31
0
  0
LINE
  5
824
330
1B
100
AcDbEntity
  8
B.Cu
  6
CONTINUOUS
100
AcDbLine
 10
25.806633999999999
 20
-28.2799489999999984
 30
0
 11
25.653931
 21
-28.0697709999999994
 31
0
  0
LINE
  5
825
330
1B
100
AcDbEntity
  8
B.Cu
  6
CONTINUOUS
100
AcDbLine
 10
25.653931
 20
-28.0697709999999994
 30
0
 11
25.5468410000000006
 21
-27.9626809999999999
 31
0
  0
LINE
  5
826
330
1B
100
AcDbEntity
  8
B.Cu
  6
CONTINUOUS
100
AcDbLine
 10
25.5468410000000006
 20
-27.9626809999999999
 30
0
 11
25.5133559999999981
 21
-27.9013579999999983
 31
0
  0
LINE
  5
827
330
1B
100
AcDbEntity
  8
B.Cu
  6
CONTINUOUS
100
AcDbLine
 10
25.5133559999999981
 20
-27.9013579999999983
 30
0
 11
25.5183399999999985
 21
-27.8316659999999985
 31
0
  0
LINE
  5
828
330
1B
100
AcDbEntity
  8
B.Cu
  6
CONTINUOUS
100
AcDbLine
 10
25.5183399999999985
 20
-27.8316659999999985
 30
0
 11
25.5468410000000006
 21
-27.7873190000000001
 31
0
  0
LINE
  5
829
330
1B
100
AcDbEntity
  8
B.Cu
  6
CONTINUOUS
100
AcDbLine
 10
25.5468410000000006
 20
-27.7873190000000001
 30
0
 11
25.5543029999999973
 21
-27.7798569999999998
 31
0
  0
LINE
  5
82A
330
1B
100
AcDbEntity
  8
B.Cu
  6
CONTINUOUS
100
AcDbLine
 10
25.5543029999999973
 20
-27.7798569999999998
 30
0
 11
25.653931
 21
-27.6802289999999971
 31
0
  0
LINE
  5
82B
330
1B
100
AcDbEntity
  8
B.Cu
  6
CONTINUOUS
100
AcDbLine
 10
25.653931
 20
-27.6802289999999971
 30
0
 11
25.806633999999999
 21
-27.470050999999998
 31
0
  0
LINE
  5
82C
330
1B
100
AcDbEntity
  8
B.Cu
  6
CONTINUOUS
100
AcDbLine
 10
25.806633999999999
 20
-27.470050999999998
 30
0
 11
25.9245789999999978
 21
-27.2385719999999978
 31
0
  0
LINE
  5
82D
330
1B
100
AcDbEntity
  8
B.Cu
  6
CONTINUOUS
100
AcDbLine
 10
25.9245789999999978
 20
-27.2385719999999978
 30
0
 11
26.0048599999999972
 21
-26.9914929999999984
 31
0
  0
LINE
  5
82E
330
1B
100
AcDbEntity
  8
B.Cu
  6
CONTINUOUS
100
AcDbLine
 10
26.0048599999999972
 20
-26.9914929999999984
 30
0
 11
26.0346229999999998
 21
-26.8035719999999991
 31
0
  0
LINE
  5
82F
330
1B
100
AcDbEntity
  8
B.Cu
  6
CONTINUOUS
100
AcDbLine
 10
26.0346229999999998
 20
-26.8035719999999991
 30
0
 11
26.0455000000000005
 21
-26.7349019999999982
 31
0
  0
LINE
  5
830
330
1B
100
AcDbEntity
  8
B.Cu
  6
CONTINUOUS
100
AcDbLine
 10
26.0455000000000005
 20
-26.7349019999999982
 30
0
 11
26.0455000000000005
 21
-26.4750969999999981
 31
0
  0
LINE
  5
831
330
1B
100
AcDbEntity
  8
B.Cu
  6
CONTINUOUS
100
AcDbLine
 10
26.0455000000000005
 20
-26.4750969999999981
 30
0
 11
26.0239469999999997
 21
-26.3390209999999989
 31
0
  0
LINE
  5
832
330
1B
100
AcDbEntity
  8
B.Cu
  6
CONTINUOUS
100
AcDbLine
 10
26.0239469999999997
 20
-26.3390209999999989
 30
0
 11
26.0048599999999972
 21
-26.2185069999999989
 31
0
  0
LINE
  5
833
330
1B
100
AcDbEntity
  8
B.Cu
  6
CONTINUOUS
100
AcDbLine
 10
26.0048599999999972
 20
-26.2185069999999989
 30
0
 11
25.9245789999999978
 21
-25.9714279999999995
 31
0
  0
LINE
  5
834
330
1B
100
AcDbEntity
  8
B.Cu
  6
CONTINUOUS
100
AcDbLine
 10
25.9245789999999978
 20
-25.9714279999999995
 30
0
 11
25.9245769999999993
 21
-25.971425
 31
0
  0
LINE
  5
835
330
1B
100
AcDbEntity
  8
B.Cu
  6
CONTINUOUS
100
AcDbLine
 10
25.9245769999999993
 20
-25.971425
 30
0
 11
25.9245769999999993
 21
-25.9714229999999979
 31
0
  0
LINE
  5
836
330
1B
100
AcDbEntity
  8
B.Cu
  6
CONTINUOUS
100
AcDbLine
 10
25.9245769999999993
 20
-25.9714229999999979
 30
0
 11
25.8608939999999983
 21
-25.8464399999999976
 31
0
  0
LINE
  5
837
330
1B
100
AcDbEntity
  8
B.Cu
  6
CONTINUOUS
100
AcDbLine
 10
25.8608939999999983
 20
-25.8464399999999976
 30
0
 11
25.806633999999999
 21
-25.7399489999999993
 31
0
  0
LINE
  5
838
330
1B
100
AcDbEntity
  8
B.Cu
  6
CONTINUOUS
100
AcDbLine
 10
25.806633999999999
 20
-25.7399489999999993
 30
0
 11
25.792154
 21
-25.7200189999999971
 31
0
  0
LINE
  5
839
330
1B
100
AcDbEntity
  8
B.Cu
  6
CONTINUOUS
100
AcDbLine
 10
25.792154
 20
-25.7200189999999971
 30
0
 11
25.6878349999999998
 21
-25.576435
 31
0
  0
LINE
  5
83A
330
1B
100
AcDbEntity
  8
B.Cu
  6
CONTINUOUS
100
AcDbLine
 10
25.6878349999999998
 20
-25.576435
 30
0
 11
25.6643550000000005
 21
-25.510628999999998
 31
0
  0
LINE
  5
83B
330
1B
100
AcDbEntity
  8
B.Cu
  6
CONTINUOUS
100
AcDbLine
 10
25.6643550000000005
 20
-25.510628999999998
 30
0
 11
25.6801809999999975
 21
-25.4425749999999979
 31
0
  0
LINE
  5
83C
330
1B
100
AcDbEntity
  8
B.Cu
  6
CONTINUOUS
100
AcDbLine
 10
25.6801809999999975
 20
-25.4425749999999979
 30
0
 11
25.7004649999999977
 21
-25.4158759999999972
 31
0
  0
LINE
  5
83D
330
1B
100
AcDbEntity
  8
B.Cu
  6
CONTINUOUS
100
AcDbLine
 10
25.7004649999999977
 20
-25.4158759999999972
 30
0
 11
25.7974769999999971
 21
-25.3188649999999988
 31
0
  0
LINE
  5
83E
330
1B
100
AcDbEntity
  8
B.Cu
  6
CONTINUOUS
100
AcDbLine
 10
25.7974769999999971
 20
-25.3188649999999988
 30
0
 11
25.9152789999999982
 21
-25.1448129999999992
 31
0
  0
LINE
  5
83F
330
1B
100
AcDbEntity
  8
B.Cu
  6
CONTINUOUS
100
AcDbLine
 10
25.9152789999999982
 20
-25.1448129999999992
 30
0
 11
25.9980130000000003
 21
-24.9516119999999972
 31
0
  0
LINE
  5
840
330
1B
100
AcDbEntity
  8
B.Cu
  6
CONTINUOUS
100
AcDbLine
 10
25.9980130000000003
 20
-24.9516119999999972
 30
0
 11
26.0426879999999983
 21
-24.7462449999999983
 31
0
  0
LINE
  5
841
330
1B
100
AcDbEntity
  8
B.Cu
  6
CONTINUOUS
100
AcDbLine
 10
26.0426879999999983
 20
-24.7462449999999983
 30
0
 11
26.0455000000000005
 21
-24.699037999999998
 31
0
  0
LINE
  5
842
330
1B
100
AcDbEntity
  8
B.Cu
  6
CONTINUOUS
100
AcDbLine
 10
26.0455000000000005
 20
-24.699037999999998
 30
0
 11
26.0455000000000005
 21
-23.4309619999999974
 31
0
  0
LINE
  5
843
330
1B
100
AcDbEntity
  8
B.Cu
  6
CONTINUOUS
100
AcDbLine
 10
26.0455000000000005
 20
-23.4309619999999974
 30
0
 11
26.0426879999999983
 21
-23.3837549999999972
 31
0
  0
LINE
  5
844
330
1B
100
AcDbEntity
  8
B.Cu
  6
CONTINUOUS
100
AcDbLine
 10
26.0426879999999983
 20
-23.3837549999999972
 30
0
 11
26.0027019999999993
 21
-23.1999449999999996
 31
0
  0
LINE
  5
845
330
1B
100
AcDbEntity
  8
B.Cu
  6
CONTINUOUS
100
AcDbLine
 10
26.0027019999999993
 20
-23.1999449999999996
 30
0
 11
25.9980149999999988
 21
-23.1783970000000004
 31
0
  0
LINE
  5
846
330
1B
100
AcDbEntity
  8
B.Cu
  6
CONTINUOUS
100
AcDbLine
 10
25.9980149999999988
 20
-23.1783970000000004
 30
0
 11
25.9980119999999992
 21
-23.1783859999999997
 31
0
  0
LINE
  5
847
330
1B
100
AcDbEntity
  8
B.Cu
  6
CONTINUOUS
100
AcDbLine
 10
25.9980119999999992
 20
-23.1783859999999997
 30
0
 11
25.9152810000000002
 21
-22.9851910000000004
 31
0
  0
LINE
  5
848
330
1B
100
AcDbEntity
  8
B.Cu
  6
CONTINUOUS
100
AcDbLine
 10
25.9152810000000002
 20
-22.9851910000000004
 30
0
 11
25.9152799999999992
 21
-22.9851889999999983
 31
0
  0
LINE
  5
849
330
1B
100
AcDbEntity
  8
B.Cu
  6
CONTINUOUS
100
AcDbLine
 10
25.9152799999999992
 20
-22.9851889999999983
 30
0
 11
25.9152789999999982
 21
-22.9851869999999998
 31
0
  0
LINE
  5
84A
330
1B
100
AcDbEntity
  8
B.Cu
  6
CONTINUOUS
100
AcDbLine
 10
25.9152789999999982
 20
-22.9851869999999998
 30
0
 11
25.7974769999999971
 21
-22.8111350000000002
 31
0
  0
LINE
  5
84B
330
1B
100
AcDbEntity
  8
B.Cu
  6
CONTINUOUS
100
AcDbLine
 10
25.7974769999999971
 20
-22.8111350000000002
 30
0
 11
25.6488649999999971
 21
-22.6625230000000002
 31
0
  0
LINE
  5
84C
330
1B
100
AcDbEntity
  8
B.Cu
  6
CONTINUOUS
100
AcDbLine
 10
25.6488649999999971
 20
-22.6625230000000002
 30
0
 11
25.4748129999999975
 21
-22.5447209999999991
 31
0
  0
LINE
  5
84D
330
1B
100
AcDbEntity
  8
B.Cu
  6
CONTINUOUS
100
AcDbLine
 10
25.4748129999999975
 20
-22.5447209999999991
 30
0
 11
25.474810999999999
 21
-22.5447199999999981
 31
0
  0
LINE
  5
84E
330
1B
100
AcDbEntity
  8
B.Cu
  6
CONTINUOUS
100
AcDbLine
 10
25.474810999999999
 20
-22.5447199999999981
 30
0
 11
25.4748079999999995
 21
-22.5447179999999996
 31
0
  0
LINE
  5
84F
330
1B
100
AcDbEntity
  8
B.Cu
  6
CONTINUOUS
100
AcDbLine
 10
25.4748079999999995
 20
-22.5447179999999996
 30
0
 11
25.2816130000000001
 21
-22.4619870000000006
 31
0
  0
LINE
  5
850
330
1B
100
AcDbEntity
  8
B.Cu
  6
CONTINUOUS
100
AcDbLine
 10
25.2816130000000001
 20
-22.4619870000000006
 30
0
 11
25.2816019999999995
 21
-22.4619839999999975
 31
0
  0
LINE
  5
851
330
1B
100
AcDbEntity
  8
B.Cu
  6
CONTINUOUS
100
AcDbLine
 10
25.2816019999999995
 20
-22.4619839999999975
 30
0
 11
25.0762499999999982
 21
-22.417311999999999
 31
0
  0
LINE
  5
852
330
1B
100
AcDbEntity
  8
B.Cu
  6
CONTINUOUS
100
AcDbLine
 10
25.0762499999999982
 20
-22.417311999999999
 30
0
 11
25.0614919999999977
 21
-22.4164329999999978
 31
0
  0
LINE
  5
853
330
1B
100
AcDbEntity
  8
B.Cu
  6
CONTINUOUS
100
AcDbLine
 10
25.0614919999999977
 20
-22.4164329999999978
 30
0
 11
25.0290379999999999
 21
-22.4145000000000003
 31
0
  0
LINE
  5
854
330
1B
100
AcDbEntity
  8
B.Cu
  6
CONTINUOUS
100
AcDbLine
 10
25.0290379999999999
 20
-22.4145000000000003
 30
0
 11
22.9609619999999985
 21
-22.4145000000000003
 31
0
  0
LINE
  5
855
330
1B
100
AcDbEntity
  8
B.Cu
  6
CONTINUOUS
100
AcDbLine
 10
22.9609619999999985
 20
-22.4145000000000003
 30
0
 11
22.9304159999999975
 21
-22.4163189999999979
 31
0
  0
LINE
  5
856
330
1B
100
AcDbEntity
  8
B.Cu
  6
CONTINUOUS
100
AcDbLine
 10
22.9304159999999975
 20
-22.4163189999999979
 30
0
 11
22.9137489999999993
 21
-22.417311999999999
 31
0
  0
LINE
  5
857
330
1B
100
AcDbEntity
  8
B.Cu
  6
CONTINUOUS
100
AcDbLine
 10
22.9137489999999993
 20
-22.417311999999999
 30
0
 11
22.7083969999999979
 21
-22.4619839999999975
 31
0
  0
LINE
  5
858
330
1B
100
AcDbEntity
  8
B.Cu
  6
CONTINUOUS
100
AcDbLine
 10
22.7083969999999979
 20
-22.4619839999999975
 30
0
 11
22.7083859999999973
 21
-22.4619870000000006
 31
0
  0
LINE
  5
859
330
1B
100
AcDbEntity
  8
B.Cu
  6
CONTINUOUS
100
AcDbLine
 10
22.7083859999999973
 20
-22.4619870000000006
 30
0
 11
22.515190999999998
 21
-22.5447179999999996
 31
0
  0
LINE
  5
85A
330
1B
100
AcDbEntity
  8
B.Cu
  6
CONTINUOUS
100
AcDbLine
 10
22.515190999999998
 20
-22.5447179999999996
 30
0
 11
22.3411369999999998
 21
-22.6625209999999981
 31
0
  0
LINE
  5
85B
330
1B
100
AcDbEntity
  8
B.Cu
  6
CONTINUOUS
100
AcDbLine
 10
22.3411369999999998
 20
-22.6625209999999981
 30
0
 11
22.3411319999999982
 21
-22.6625249999999987
 31
0
  0
LINE
  5
85C
330
1B
100
AcDbEntity
  8
B.Cu
  6
CONTINUOUS
100
AcDbLine
 10
22.3411319999999982
 20
-22.6625249999999987
 30
0
 11
22.1925249999999998
 21
-22.8111320000000006
 31
0
  0
LINE
  5
85D
330
1B
100
AcDbEntity
  8
B.Cu
  6
CONTINUOUS
100
AcDbLine
 10
22.1925249999999998
 20
-22.8111320000000006
 30
0
 11
22.1925209999999993
 21
-22.8111369999999987
 31
0
  0
LINE
  5
85E
330
1B
100
AcDbEntity
  8
B.Cu
  6
CONTINUOUS
100
AcDbLine
 10
22.1925209999999993
 20
-22.8111369999999987
 30
0
 11
22.0747180000000007
 21
-22.9851910000000004
 31
0
  0
LINE
  5
85F
330
1B
100
AcDbEntity
  8
B.Cu
  6
CONTINUOUS
100
AcDbLine
 10
22.0747180000000007
 20
-22.9851910000000004
 30
0
 11
21.9919869999999982
 21
-23.1783859999999997
 31
0
  0
LINE
  5
860
330
1B
100
AcDbEntity
  8
B.Cu
  6
CONTINUOUS
100
AcDbLine
 10
21.9919869999999982
 20
-23.1783859999999997
 30
0
 11
21.9919839999999986
 21
-23.1783970000000004
 31
0
  0
LINE
  5
861
330
1B
100
AcDbEntity
  8
B.Cu
  6
CONTINUOUS
100
AcDbLine
 10
21.9919839999999986
 20
-23.1783970000000004
 30
0
 11
21.9473120000000002
 21
-23.3837489999999981
 31
0
  0
LINE
  5
862
330
1B
100
AcDbEntity
  8
B.Cu
  6
CONTINUOUS
100
AcDbLine
 10
21.9473120000000002
 20
-23.3837489999999981
 30
0
 11
21.9473120000000002
 21
-23.3837549999999972
 31
0
  0
LINE
  5
863
330
1B
100
AcDbEntity
  8
B.Cu
  6
CONTINUOUS
100
AcDbLine
 10
21.9473120000000002
 20
-23.3837549999999972
 30
0
 11
21.9444999999999979
 21
-23.4309619999999974
 31
0
  0
LINE
  5
864
330
1B
100
AcDbEntity
  8
B.Cu
  6
CONTINUOUS
100
AcDbLine
 10
21.9444999999999979
 20
-23.4309619999999974
 30
0
 11
21.9444999999999979
 21
-24.699037999999998
 31
0
  0
CIRCLE
  5
865
330
1B
100
AcDbEntity
  8
B.Cu
100
AcDbCircle
 10
48.134999999999998
 20
-48.259999999999998
 30
0
 40
0.175
  0
CIRCLE
  5
866
330
1B
100
AcDbEntity
  8
B.Cu
100
AcDbCircle
 10
53.0150000000000006
 20
-48.259999999999998
 30
0
 40
0.175
  0
CIRCLE
  5
867
330
1B
100
AcDbEntity
  8
B.Cu
100
AcDbCircle
 10
39.2650000000000006
 20
-39.3699999999999974
 30
0
 40
0.175
  0
CIRCLE
  5
868
330
1B
100
AcDbEntity
  8
B.Cu
100
AcDbCircle
 10
41.8049999999999997
 20
-39.3699999999999974
 30
0
 40
0.175
  0
CIRCLE
  5
869
330
1B
100
AcDbEntity
  8
B.Cu
100
AcDbCircle
 10
44.3449999999999989
 20
-39.3699999999999974
 30
0
 40
0.175
  0
CIRCLE
  5
86A
330
1B
100
AcDbEntity
  8
B.Cu
100
AcDbCircle
 10
46.884999999999998
 20
-39.3699999999999974
 30
0
 40
0.175
  0
CIRCLE
  5
86B
330
1B
100
AcDbEntity
  8
B.Cu
100
AcDbCircle
 10
49.4249999999999972
 20
-39.3699999999999974
 30
0
 40
0.175
  0
CIRCLE
  5
86C
330
1B
100
AcDbEntity
  8
B.Cu
100
AcDbCircle
 10
51.9649999999999963
 20
-39.3699999999999974
 30
0
 40
0.175
  0
CIRCLE
  5
86D
330
1B
100
AcDbEntity
  8
B.Cu
100
AcDbCircle
 10
54.5049999999999955
 20
-39.3699999999999974
 30
0
 40
0.175
  0
CIRCLE
  5
86E
330
1B
100
AcDbEntity
  8
B.Cu
100
AcDbCircle
 10
54.5049999999999955
 20
-31.75
 30
0
 40
0.175
  0
CIRCLE
  5
86F
330
1B
100
AcDbEntity
  8
B.Cu
100
AcDbCircle
 10
51.9649999999999963
 20
-31.75
 30
0
 40
0.175
  0
CIRCLE
  5
870
330
1B
100
AcDbEntity
  8
B.Cu
100
AcDbCircle
 10
49.4249999999999972
 20
-31.75
 30
0
 40
0.175
  0
CIRCLE
  5
871
330
1B
100
AcDbEntity
  8
B.Cu
100
AcDbCircle
 10
46.884999999999998
 20
-31.75
 30
0
 40
0.175
  0
CIRCLE
  5
872
330
1B
100
AcDbEntity
  8
B.Cu
100
AcDbCircle
 10
44.3449999999999989
 20
-31.75
 30
0
 40
0.175
  0
CIRCLE
  5
873
330
1B
100
AcDbEntity
  8
B.Cu
100
AcDbCircle
 10
41.8049999999999997
 20
-31.75
 30
0
 40
0.175
  0
CIRCLE
  5
874
330
1B
100
AcDbEntity
  8
B.Cu
100
AcDbCircle
 10
39.2650000000000006
 20
-31.75
 30
0
 40
0.175
  0
CIRCLE
  5
875
330
1B
100
AcDbEntity
  8
B.Cu
100
AcDbCircle
 10
30.6950000000000003
 20
-55.8799999999999955
 30
0
 40
0.175
  0
CIRCLE
  5
876
330
1B
100
AcDbEntity
  8
B.Cu
100
AcDbCircle
 10
35.6950000000000003
 20
-55.8799999999999955
 30
0
 40
0.175
  0
CIRCLE
  5
877
330
1B
100
AcDbEntity
  8
B.Cu
100
AcDbCircle
 10
23.9949999999999974
 20
-24.0649999999999977
 30
0
 40
0.175
  0
CIRCLE
  5
878
330
1B
100
AcDbEntity
  8
B.Cu
100
AcDbCircle
 10
23.9949999999999974
 20
-26.6050000000000004
 30
0
 40
0.175
  0
CIRCLE
  5
879
330
1B
100
AcDbEntity
  8
B.Cu
100
AcDbCircle
 10
23.9949999999999974
 20
-29.1449999999999996
 30
0
 40
0.175
  0
CIRCLE
  5
87A
330
1B
100
AcDbEntity
  8
B.Cu
100
AcDbCircle
 10
23.9949999999999974
 20
-31.6849999999999987
 30
0
 40
0.175
  0
CIRCLE
  5
87B
330
1B
100
AcDbEntity
  8
B.Cu
100
AcDbCircle
 10
31.6149999999999984
 20
-31.6849999999999987
 30
0
 40
0.175
  0
CIRCLE
  5
87C
330
1B
100
AcDbEntity
  8
B.Cu
100
AcDbCircle
 10
31.6149999999999984
 20
-29.1449999999999996
 30
0
 40
0.175
  0
CIRCLE
  5
87D
330
1B
100
AcDbEntity
  8
B.Cu
100
AcDbCircle
 10
31.6149999999999984
 20
-26.6050000000000004
 30
0
 40
0.175
  0
CIRCLE
  5
87E
330
1B
100
AcDbEntity
  8
B.Cu
100
AcDbCircle
 10
31.6149999999999984
 20
-24.0649999999999977
 30
0
 40
0.175
  0
CIRCLE
  5
87F
330
1B
100
AcDbEntity
  8
B.Cu
100
AcDbCircle
 10
40.4249999999999972
 20
-55.8799999999999955
 30
0
 40
0.175
  0
CIRCLE
  5
880
330
1B
100
AcDbEntity
  8
B.Cu
100
AcDbCircle
 10
48.0449999999999946
 20
-55.8799999999999955
 30
0
 40
0.175
  0
CIRCLE
  5
881
330
1B
100
AcDbEntity
  8
B.Cu
100
AcDbCircle
 10
36.7650000000000006
 20
-26.1699999999999982
 30
0
 40
0.175
  0
CIRCLE
  5
882
330
1B
100
AcDbEntity
  8
B.Cu
100
AcDbCircle
 10
41.7650000000000006
 20
-26.1699999999999982
 30
0
 40
0.175
  0
CIRCLE
  5
883
330
1B
100
AcDbEntity
  8
B.Cu
100
AcDbCircle
 10
35.9450000000000003
 20
-48.259999999999998
 30
0
 40
0.175
  0
CIRCLE
  5
884
330
1B
100
AcDbEntity
  8
B.Cu
100
AcDbCircle
 10
40.9450000000000003
 20
-48.259999999999998
 30
0
 40
0.175
  0
CIRCLE
  5
885
330
1B
100
AcDbEntity
  8
B.Cu
100
AcDbCircle
 10
23.5949999999999989
 20
-48.259999999999998
 30
0
 40
0.175
  0
CIRCLE
  5
886
330
1B
100
AcDbEntity
  8
B.Cu
100
AcDbCircle
 10
31.2149999999999999
 20
-48.259999999999998
 30
0
 40
0.175
  0
CIRCLE
  5
887
330
1B
100
AcDbEntity
  8
B.Cu
100
AcDbCircle
 10
48.134999999999998
 20
-48.259999999999998
 30
0
 40
0.175
  0
CIRCLE
  5
888
330
1B
100
AcDbEntity
  8
B.Cu
100
AcDbCircle
 10
53.0150000000000006
 20
-48.259999999999998
 30
0
 40
0.175
  0
CIRCLE
  5
889
330
1B
100
AcDbEntity
  8
B.Cu
100
AcDbCircle
 10
39.2650000000000006
 20
-39.3699999999999974
 30
0
 40
0.175
  0
CIRCLE
  5
88A
330
1B
100
AcDbEntity
  8
B.Cu
100
AcDbCircle
 10
41.8049999999999997
 20
-39.3699999999999974
 30
0
 40
0.175
  0
CIRCLE
  5
88B
330
1B
100
AcDbEntity
  8
B.Cu
100
AcDbCircle
 10
44.3449999999999989
 20
-39.3699999999999974
 30
0
 40
0.175
  0
CIRCLE
  5
88C
330
1B
100
AcDbEntity
  8
B.Cu
100
AcDbCircle
 10
46.884999999999998
 20
-39.3699999999999974
 30
0
 40
0.175
  0
CIRCLE
  5
88D
330
1B
100
AcDbEntity
  8
B.Cu
100
AcDbCircle
 10
49.4249999999999972
 20
-39.3699999999999974
 30
0
 40
0.175
  0
CIRCLE
  5
88E
330
1B
100
AcDbEntity
  8
B.Cu
100
AcDbCircle
 10
51.9649999999999963
 20
-39.3699999999999974
 30
0
 40
0.175
  0
CIRCLE
  5
88F
330
1B
100
AcDbEntity
  8
B.Cu
100
AcDbCircle
 10
54.5049999999999955
 20
-39.3699999999999974
 30
0
 40
0.175
  0
CIRCLE
  5
890
330
1B
100
AcDbEntity
  8
B.Cu
100
AcDbCircle
 10
54.5049999999999955
 20
-31.75
 30
0
 40
0.175
  0
CIRCLE
  5
891
330
1B
100
AcDbEntity
  8
B.Cu
100
AcDbCircle
 10
51.9649999999999963
 20
-31.75
 30
0
 40
0.175
  0
CIRCLE
  5
892
330
1B
100
AcDbEntity
  8
B.Cu
100
AcDbCircle
 10
49.4249999999999972
 20
-31.75
 30
0
 40
0.175
  0
CIRCLE
  5
893
330
1B
100
AcDbEntity
  8
B.Cu
100
AcDbCircle
 10
46.884999999999998
 20
-31.75
 30
0
 40
0.175
  0
CIRCLE
  5
894
330
1B
100
AcDbEntity
  8
B.Cu
100
AcDbCircle
 10
44.3449999999999989
 20
-31.75
 30
0
 40
0.175
  0
CIRCLE
  5
895
330
1B
100
AcDbEntity
  8
B.Cu
100
AcDbCircle
 10
41.8049999999999997
 20
-31.75
 30
0
 40
0.175
  0
CIRCLE
  5
896
330
1B
100
AcDbEntity
  8
B.Cu
100
AcDbCircle
 10
39.2650000000000006
 20
-31.75
 30
0
 40
0.175
  0
CIRCLE
  5
897
330
1B
100
AcDbEntity
  8
B.Cu
100
AcDbCircle
 10
30.6950000000000003
 20
-55.8799999999999955
 30
0
 40
0.175
  0
CIRCLE
  5
898
330
1B
100
AcDbEntity
  8
B.Cu
100
AcDbCircle
 10
35.6950000000000003
 20
-55.8799999999999955
 30
0
 40
0.175
  0
CIRCLE
  5
899
330
1B
100
AcDbEntity
  8
B.Cu
100
AcDbCircle
 10
23.9949999999999974
 20
-24.0649999999999977
 30
0
 40
0.175
  0
CIRCLE
  5
89A
330
1B
100
AcDbEntity
  8
B.Cu
100
AcDbCircle
 10
23.9949999999999974
 20
-26.6050000000000004
 30
0
 40
0.175
  0
CIRCLE
  5
89B
330
1B
100
AcDbEntity
  8
B.Cu
100
AcDbCircle
 10
23.9949999999999974
 20
-29.1449999999999996
 30
0
 40
0.175
  0
CIRCLE
  5
89C
330
1B
100
AcDbEntity
  8
B.Cu
100
AcDbCircle
 10
23.9949999999999974
 20
-31.6849999999999987
 30
0
 40
0.175
  0
CIRCLE
  5
89D
330
1B
100
AcDbEntity
  8
B.Cu
100
AcDbCircle
 10
31.6149999999999984
 20
-31.6849999999999987
 30
0
 40
0.175
  0
CIRCLE
  5
89E
330
1B
100
AcDbEntity
  8
B.Cu
100
AcDbCircle
 10
31.6149999999999984
 20
-29.1449999999999996
 30
0
 40
0.175
  0
CIRCLE
  5
89F
330
1B
100
AcDbEntity
  8
B.Cu
100
AcDbCircle
 10
31.6149999999999984
 20
-26.6050000000000004
 30
0
 40
0.175
  0
CIRCLE
  5
8A0
330
1B
100
AcDbEntity
  8
B.Cu
100
AcDbCircle
 10
31.6149999999999984
 20
-24.0649999999999977
 30
0
 40
0.175
  0
CIRCLE
  5
8A1
330
1B
100
AcDbEntity
  8
B.Cu
100
AcDbCircle
 10
40.4249999999999972
 20
-55.8799999999999955
 30
0
 40
0.175
  0
CIRCLE
  5
8A2
330
1B
100
AcDbEntity
  8
B.Cu
100
AcDbCircle
 10
48.0449999999999946
 20
-55.8799999999999955
 30
0
 40
0.175
  0
CIRCLE
  5
8A3
330
1B
100
AcDbEntity
  8
B.Cu
100
AcDbCircle
 10
36.7650000000000006
 20
-26.1699999999999982
 30
0
 40
0.175
  0
CIRCLE
  5
8A4
330
1B
100
AcDbEntity
  8
B.Cu
100
AcDbCircle
 10
41.7650000000000006
 20
-26.1699999999999982
 30
0
 40
0.175
  0
CIRCLE
  5
8A5
330
1B
100
AcDbEntity
  8
B.Cu
100
AcDbCircle
 10
35.9450000000000003
 20
-48.259999999999998
 30
0
 40
0.175
  0
CIRCLE
  5
8A6
330
1B
100
AcDbEntity
  8
B.Cu
100
AcDbCircle
 10
40.9450000000000003
 20
-48.259999999999998
 30
0
 40
0.175
  0
CIRCLE
  5
8A7
330
1B
100
AcDbEntity
  8
B.Cu
100
AcDbCircle
 10
23.5949999999999989
 20
-48.259999999999998
 30
0
 40
0.175
  0
CIRCLE
  5
8A8
330
1B
100
AcDbEntity
  8
B.Cu
100
AcDbCircle
 10
31.2149999999999999
 20
-48.259999999999998
 30
0
 40
0.175
  0
LINE
  5
8A9
330
1B
100
AcDbEntity
  8
Edge.Cuts
  6
CONTINUOUS
100
AcDbLine
 10
20.
 20
-20.
 30
0
 11
61.8999999999999986
 21
-20.
 31
0
  0
LINE
  5
8AA
330
1B
100
AcDbEntity
  8
Edge.Cuts
  6
CONTINUOUS
100
AcDbLine
 10
61.8999999999999986
 20
-20.
 30
0
 11
61.8999999999999986
 21
-64.
 31
0
  0
LINE
  5
8AB
330
1B
100
AcDbEntity
  8
Edge.Cuts
  6
CONTINUOUS
100
AcDbLine
 10
61.8999999999999986
 20
-64.
 30
0
 11
20.
 21
-64.
 31
0
  0
LINE
  5
8AC
330
1B
100
AcDbEntity
  8
Edge.Cuts
  6
CONTINUOUS
100
AcDbLine
 10
20.
 20
-64.
 30
0
 11
20.
 21
-20.
 31
0
  0
CIRCLE
  5
8AD
330
1B
100
AcDbEntity
  8
Edge.Cuts
100
AcDbCircle
 10
48.134999999999998
 20
-48.259999999999998
 30
0
 40
0.175
  0
CIRCLE
  5
8AE
330
1B
100
AcDbEntity
  8
Edge.Cuts
100
AcDbCircle
 10
53.0150000000000006
 20
-48.259999999999998
 30
0
 40
0.175
  0
CIRCLE
  5
8AF
330
1B
100
AcDbEntity
  8
Edge.Cuts
100
AcDbCircle
 10
39.2650000000000006
 20
-39.3699999999999974
 30
0
 40
0.175
  0
CIRCLE
  5
8B0
330
1B
100
AcDbEntity
  8
Edge.Cuts
100
AcDbCircle
 10
41.8049999999999997
 20
-39.3699999999999974
 30
0
 40
0.175
  0
CIRCLE
  5
8B1
330
1B
100
AcDbEntity
  8
Edge.Cuts
100
AcDbCircle
 10
44.3449999999999989
 20
-39.3699999999999974
 30
0
 40
0.175
  0
CIRCLE
  5
8B2
330
1B
100
AcDbEntity
  8
Edge.Cuts
100
AcDbCircle
 10
46.884999999999998
 20
-39.3699999999999974
 30
0
 40
0.175
  0
CIRCLE
  5
8B3
330
1B
100
AcDbEntity
  8
Edge.Cuts
100
AcDbCircle
 10
49.4249999999999972
 20
-39.3699999999999974
 30
0
 40
0.175
  0
CIRCLE
  5
8B4
330
1B
100
AcDbEntity
  8
Edge.Cuts
100
AcDbCircle
 10
51.9649999999999963
 20
-39.3699999999999974
 30
0
 40
0.175
  0
CIRCLE
  5
8B5
330
1B
100
AcDbEntity
  8
Edge.Cuts
100
AcDbCircle
 10
54.5049999999999955
 20
-39.3699999999999974
 30
0
 40
0.175
  0
CIRCLE
  5
8B6
330
1B
100
AcDbEntity
  8
Edge.Cuts
100
AcDbCircle
 10
54.5049999999999955
 20
-31.75
 30
0
 40
0.175
  0
CIRCLE
  5
8B7
330
1B
100
AcDbEntity
  8
Edge.Cuts
100
AcDbCircle
 10
51.9649999999999963
 20
-31.75
 30
0
 40
0.175
  0
CIRCLE
  5
8B8
330
1B
100
AcDbEntity
  8
Edge.Cuts
100
AcDbCircle
 10
49.4249999999999972
 20
-31.75
 30
0
 40
0.175
  0
CIRCLE
  5
8B9
330
1B
100
AcDbEntity
  8
Edge.Cuts
100
AcDbCircle
 10
46.884999999999998
 20
-31.75
 30
0
 40
0.175
  0
CIRCLE
  5
8BA
330
1B
100
AcDbEntity
  8
Edge.Cuts
100
AcDbCircle
 10
44.3449999999999989
 20
-31.75
 30
0
 40
0.175
  0
CIRCLE
  5
8BB
330
1B
100
AcDbEntity
  8
Edge.Cuts
100
AcDbCircle
 10
41.8049999999999997
 20
-31.75
 30
0
 40
0.175
  0
CIRCLE
  5
8BC
330
1B
100
AcDbEntity
  8
Edge.Cuts
100
AcDbCircle
 10
39.2650000000000006
 20
-31.75
 30
0
 40
0.175
  0
CIRCLE
  5
8BD
330
1B
100
AcDbEntity
  8
Edge.Cuts
100
AcDbCircle
 10
30.6950000000000003
 20
-55.8799999999999955
 30
0
 40
0.175
  0
CIRCLE
  5
8BE
330
1B
100
AcDbEntity
  8
Edge.Cuts
100
AcDbCircle
 10
35.6950000000000003
 20
-55.8799999999999955
 30
0
 40
0.175
  0
CIRCLE
  5
8BF
330
1B
100
AcDbEntity
  8
Edge.Cuts
100
AcDbCircle
 10
23.9949999999999974
 20
-24.0649999999999977
 30
0
 40
0.175
  0
CIRCLE
  5
8C0
330
1B
100
AcDbEntity
  8
Edge.Cuts
100
AcDbCircle
 10
23.9949999999999974
 20
-26.6050000000000004
 30
0
 40
0.175
  0
CIRCLE
  5
8C1
330
1B
100
AcDbEntity
  8
Edge.Cuts
100
AcDbCircle
 10
23.9949999999999974
 20
-29.1449999999999996
 30
0
 40
0.175
  0
CIRCLE
  5
8C2
330
1B
100
AcDbEntity
  8
Edge.Cuts
100
AcDbCircle
 10
23.9949999999999974
 20
-31.6849999999999987
 30
0
 40
0.175
  0
CIRCLE
  5
8C3
330
1B
100
AcDbEntity
  8
Edge.Cuts
100
AcDbCircle
 10
31.6149999999999984
 20
-31.6849999999999987
 30
0
 40
0.175
  0
CIRCLE
  5
8C4
330
1B
100
AcDbEntity
  8
Edge.Cuts
100
AcDbCircle
 10
31.6149999999999984
 20
-29.1449999999999996
 30
0
 40
0.175
  0
CIRCLE
  5
8C5
330
1B
100
AcDbEntity
  8
Edge.Cuts
100
AcDbCircle
 10
31.6149999999999984
 20
-26.6050000000000004
 30
0
 40
0.175
  0
CIRCLE
  5
8C6
330
1B
100
AcDbEntity
  8
Edge.Cuts
100
AcDbCircle
 10
31.6149999999999984
 20
-24.0649999999999977
 30
0
 40
0.175
  0
CIRCLE
  5
8C7
330
1B
100
AcDbEntity
  8
Edge.Cuts
100
AcDbCircle
 10
40.4249999999999972
 20
-55.8799999999999955
 30
0
 40
0.175
  0
CIRCLE
  5
8C8
330
1B
100
AcDbEntity
  8
Edge.Cuts
100
AcDbCircle
 10
48.0449999999999946
 20
-55.8799999999999955
 30
0
 40
0.175
  0
CIRCLE
  5
8C9
330
1B
100
AcDbEntity
  8
Edge.Cuts
100
AcDbCircle
 10
36.7650000000000006
 20
-26.1699999999999982
 30
0
 40
0.175
  0
CIRCLE
  5
8CA
330
1B
100
AcDbEntity
  8
Edge.Cuts
100
AcDbCircle
 10
41.7650000000000006
 20
-26.1699999999999982
 30
0
 40
0.175
  0
CIRCLE
  5
8CB
330
1B
100
AcDbEntity
  8
Edge.Cuts
100
AcDbCircle
 10
35.9450000000000003
 20
-48.259999999999998
 30
0
 40
0.175
  0
CIRCLE
  5
8CC
330
1B
100
AcDbEntity
  8
Edge.Cuts
100
AcDbCircle
 10
40.9450000000000003
 20
-48.259999999999998
 30
0
 40
0.175
  0
CIRCLE
  5
8CD
330
1B
100
AcDbEntity
  8
Edge.Cuts
100
AcDbCircle
 10
23.5949999999999989
 20
-48.259999999999998
 30
0
 40
0.175
  0
CIRCLE
  5
8CE
330
1B
100
AcDbEntity
  8
Edge.Cuts
100
AcDbCircle
 10
31.2149999999999999
 20
-48.259999999999998
 30
0
 40
0.175
  0
ENDSEC
  0
SECTION
  2
OBJECTS
  0
DICTIONARY
  5
21
330
0
100
AcDbDictionary
281
1
  3
ACAD_GROUP
350
8CF
  3
ACAD_LAYOUT
350
22
  3
ACAD_PLOTSTYLENAME
350
11
  0
DICTIONARY
  5
8CF
330
21
100
AcDbDictionary
281
1
  0
ACDBDICTIONARYWDFLT
  5
11
330
21
100
AcDbDictionary
281
1
  3
Normal
350
10
100
AcDbDictionaryWithDefault
340
10
  0
ACDBPLACEHOLDER
  5
10
330
11
  0
DICTIONARY
  5
22
330
21
100
AcDbDictionary
281
1
  3
Model
350
1E
  3
Layout1
350
1F
  3
Layout2
350
20
  0
LAYOUT
  5
1E
330
22
100
AcDbPlotSettings
  1

  2
none_device
  4
A3
  6

 40
0.0
 41
0.0
 42
0.0
 43
0.0
 44
420.0
 45
297.0
 46
0.0
 47
0.0
 48
0.0
 49
0.0
140
0.0
141
0.0
142
1.0
143
1.0
 70
1024
 72
1
 73
0
 74
5
  7

 75
16
 76
0
 77
2
 78
300
147
1.0
148
0.0
149
0.0
100
AcDbLayout
  1
Model
 70
1
 71
0
 10
0.0
 20
0.0
 11
420.0
 21
297.0
 12
0.0
 22
0.0
 32
0.0
 14
1e+20
 24
1e+20
 34
1e+20
 15
-1e+20
 25
-1e+20
 35
-1e+20
146
0.0
 13
0.0
 23
0.0
 33
0.0
 16
1.0
 26
0.0
 36
0.0
 17
0.0
 27
1.0
 37
0.0
 76
0
330
1B
  0
LAYOUT
  5
1F
330
22
100
AcDbPlotSettings
  1

  2
none_device
  4
A3
  6

 40
0.0
 41
0.0
 42
0.0
 43
0.0
 44
420.0
 45
297.0
 46
0.0
 47
0.0
 48
0.0
 49
0.0
140
0.0
141
0.0
142
1.0
143
1.0
 70
0
 72
1
 73
0
 74
5
  7

 75
16
 76
0
 77
2
 78
300
147
1.0
148
0.0
149
0.0
100
AcDbLayout
  1
Layout1
 70
1
 71
1
 10
0.0
 20
0.0
 11
420.0
 21
297.0
 12
0.0
 22
0.0
 32
0.0
 14
1e+20
 24
1e+20
 34
1e+20
 15
-1e+20
 25
-1e+20
 35
-1e+20
146
0.0
 13
0.0
 23
0.0
 33
0.0
 16
1.0
 26
0.0
 36
0.0
 17
0.0
 27
1.0
 37
0.0
 76
0
330
1C
  0
LAYOUT
  5
20
330
22
100
AcDbPlotSettings
  1

  2
none_device
  4
A3
  6

 40
0.0
 41
0.0
 42
0.0
 43
0.0
 44
420.0
 45
297.0
 46
0.0
 47
0.0
 48
0.0
 49
0.0
140
0.0
141
0.0
142
1.0
143
1.0
 70
0
 72
1
 73
0
 74
5
  7

 75
16
 76
0
 77
2
 78
300
147
1.0
148
0.0
149
0.0
100
AcDbLayout
  1
Layout2
 70
1
 71
2
 10
0.0
 20
0.0
 11
420.0
 21
297.0
 12
0.0
 22
0.0
 32
0.0
 14
1e+20
 24
1e+20
 34
1e+20
 15
-1e+20
 25
-1e+20
 35
-1e+20
146
0.0
 13
0.0
 23
0.0
 33
0.0
 16
1.0
 26
0.0
 36
0.0
 17
0.0
 27
1.0
 37
0.0
 76
0
330
1D
  0
ENDSEC
  0
EOF
