  0
SECTION
  2
HEADER
  9
$ACADVER
  1
AC1018
  9
$HANDSEED
  5
FFFFFFFF
  9
$ANGBASE
  50
0.0
  9
$ANGDIR
  70
1
  9
$MEASUREMENT
  70
1
  9
$INSUNITS
  70
4
  0
ENDSEC
  0
SECTION
  2
TABLES
  0
TABLE
  2
APPID
  5
1
330
0
100
AcDbSymbolTable
 70
1
  0
APPID
  5
2
330
1
100
AcDbSymbolTableRecord
100
AcDbRegAppTableRecord
  2
ACAD
 70
0
  0
ENDTAB
  0
TABLE
  2
LTYPE
  5
3
330
0
100
AcDbSymbolTable
 70
6
  0
LTYPE
  5
4
330
3
100
AcDbSymbolTableRecord
100
AcDbLinetypeTableRecord
  2
ByBlock
 70
0
  3

 72
65
 73
0
 40
0
  0
LTYPE
  5
5
330
3
100
AcDbSymbolTableRecord
100
AcDbLinetypeTableRecord
  2
ByLayer
 70
0
  3

 72
65
 73
0
 40
0
  0
LTYPE
  5
6
330
3
100
AcDbSymbolTableRecord
100
AcDbLinetypeTableRecord
  2
CONTINUOUS
 70
0
  3
Solid line
 72
65
 73
0
 40
0
  0
LTYPE
  5
7
330
3
100
AcDbSymbolTableRecord
100
AcDbLinetypeTableRecord
  2
DASHDOT
 70
0
  3
Dash Dot ____ _ ____ _
 72
65
 73
4
 40
2
 49
1.25
 74
0
 49
-0.25
 74
0
 49
0.25
 74
0
 49
-0.25
 74
0
  0
LTYPE
  5
8
330
3
100
AcDbSymbolTableRecord
100
AcDbLinetypeTableRecord
  2
DASHED
 70
0
  3
Dashed __ __ __ __ __
 72
65
 73
2
 40
0.75
 49
0.5
 74
0
 49
-0.25
 74
0
  0
LTYPE
  5
9
330
3
100
AcDbSymbolTableRecord
100
AcDbLinetypeTableRecord
  2
DOTTED
 70
0
  3
Dotted .  .  .  .
 72
65
 73
2
 40
0.2
 49
0.0
 74
0
 49
-0.2
 74
0
  0
ENDTAB
  0
TABLE
  2
STYLE
  5
A
330
0
100
AcDbSymbolTable
 70
4
  0
STYLE
  5
B
330
A
100
AcDbSymbolTableRecord
100
AcDbTextStyleTableRecord
  2
KICAD
 70
0
 40
0
 41
1
 42
1
 50
0
 71
0
  3
isocp.shx
  0
STYLE
  5
C
330
A
100
AcDbSymbolTableRecord
100
AcDbTextStyleTableRecord
  2
KICADB
 70
0
 40
0
 41
1
 42
1
 50
0
 71
0
  3
isocp.shx
  0
STYLE
  5
D
330
A
100
AcDbSymbolTableRecord
100
AcDbTextStyleTableRecord
  2
KICADI
 70
0
 40
0
 41
1
 42
1
 50
15
 71
0
  3
isocp.shx
  0
STYLE
  5
E
330
A
100
AcDbSymbolTableRecord
100
AcDbTextStyleTableRecord
  2
KICADBI
 70
0
 40
0
 41
1
 42
1
 50
15
 71
0
  3
isocp.shx
  0
ENDTAB
  0
TABLE
  2
LAYER
  5
F
330
0
100
AcDbSymbolTable
 70
3
  0
LAYER
  5
12
330
F
100
AcDbSymbolTableRecord
100
AcDbLayerTableRecord
  2
0
 70
0
 62
7
  6
CONTINUOUS
390
10
  0
LAYER
  5
13
330
F
100
AcDbSymbolTableRecord
100
AcDbLayerTableRecord
  2
F.Silkscreen
 70
0
 62
41
420
15920545
  6
CONTINUOUS
390
10
  0
LAYER
  5
14
330
F
100
AcDbSymbolTableRecord
100
AcDbLayerTableRecord
  2
Edge.Cuts
 70
0
 62
254
420
13685453
  6
CONTINUOUS
390
10
  0
ENDTAB
  0
TABLE
  2
VPORT
  5
15
330
0
100
AcDbSymbolTable
 70
0
  0
ENDTAB
  0
TABLE
  2
VIEW
  5
16
330
0
100
AcDbSymbolTable
 70
0
  0
ENDTAB
  0
TABLE
  2
UCS
  5
17
330
0
100
AcDbSymbolTable
 70
0
  0
ENDTAB
  0
TABLE
  2
DIMSTYLE
  5
18
330
0
100
AcDbSymbolTable
 70
1
100
AcDbDimStyleTable
 71
0
  0
DIMSTYLE
105
19
330
18
100
AcDbSymbolTableRecord
100
AcDbDimStyleTableRecord
  2
Standard
 70
0
  0
ENDTAB
  0
TABLE
  2
BLOCK_RECORD
  5
1A
330
0
100
AcDbSymbolTable
 70
3
  0
BLOCK_RECORD
  5
1B
330
1A
100
AcDbSymbolTableRecord
100
AcDbBlockTableRecord
  2
*Model_Space
340
1E
 70
0
280
1
281
0
  0
BLOCK_RECORD
  5
1C
330
1A
100
AcDbSymbolTableRecord
100
AcDbBlockTableRecord
  2
*Paper_Space
340
1F
 70
0
280
1
281
0
  0
BLOCK_RECORD
  5
1D
330
1A
100
AcDbSymbolTableRecord
100
AcDbBlockTableRecord
  2
*Paper_Space0
340
20
 70
0
280
1
281
0
  0
ENDTAB
  0
ENDSEC
  0
SECTION
  2
BLOCKS
  0
BLOCK
  5
24
330
1B
100
AcDbEntity
  8
0
100
AcDbBlockBegin
  2
*Model_Space
 70
0
 10
0.0
 20
0.0
 30
0.0
  3
*Model_Space
  1

  0
ENDBLK
  5
23
330
1B
100
AcDbEntity
  8
0
100
AcDbBlockEnd
  0
BLOCK
  5
26
330
1C
100
AcDbEntity
 67
1
  8
0
100
AcDbBlockBegin
  2
*Paper_Space
 70
0
 10
0.0
 20
0.0
 30
0.0
  3
*Paper_Space
  1

  0
ENDBLK
  5
25
330
1C
100
AcDbEntity
 67
1
  8
0
100
AcDbBlockEnd
  0
BLOCK
  5
28
330
1D
100
AcDbEntity
 67
1
  8
0
100
AcDbBlockBegin
  2
*Paper_Space0
 70
0
 10
0.0
 20
0.0
 30
0.0
  3
*Paper_Space0
  1

  0
ENDBLK
  5
27
330
1D
100
AcDbEntity
 67
1
  8
0
100
AcDbBlockEnd
  0
ENDSEC
  0
SECTION
  2
ENTITIES
  0
LINE
  5
29
330
1B
100
AcDbEntity
  8
F.Silkscreen
  6
CONTINUOUS
100
AcDbLine
 10
102.6248190000000022
 20
-97.8478569999999905
 30
0
 11
102.1486280000000022
 21
-98.1811900000000009
 31
0
  0
LINE
  5
2A
330
1B
100
AcDbEntity
  8
F.Silkscreen
  6
CONTINUOUS
100
AcDbLine
 10
102.6248190000000022
 20
-98.4192850000000021
 30
0
 11
101.6248190000000022
 21
-98.4192850000000021
 31
0
  0
LINE
  5
2B
330
1B
100
AcDbEntity
  8
F.Silkscreen
  6
CONTINUOUS
100
AcDbLine
 10
101.6248190000000022
 20
-98.4192850000000021
 30
0
 11
101.6248190000000022
 21
-98.0383329999999944
 31
0
  0
LINE
  5
2C
330
1B
100
AcDbEntity
  8
F.Silkscreen
  6
CONTINUOUS
100
AcDbLine
 10
101.6248190000000022
 20
-98.0383329999999944
 30
0
 11
101.6724379999999996
 21
-97.9430949999999996
 31
0
  0
LINE
  5
2D
330
1B
100
AcDbEntity
  8
F.Silkscreen
  6
CONTINUOUS
100
AcDbLine
 10
101.6724379999999996
 20
-97.9430949999999996
 30
0
 11
101.7200569999999971
 21
-97.8954760000000022
 31
0
  0
LINE
  5
2E
330
1B
100
AcDbEntity
  8
F.Silkscreen
  6
CONTINUOUS
100
AcDbLine
 10
101.7200569999999971
 20
-97.8954760000000022
 30
0
 11
101.8152949999999919
 21
-97.8478569999999905
 31
0
  0
LINE
  5
2F
330
1B
100
AcDbEntity
  8
F.Silkscreen
  6
CONTINUOUS
100
AcDbLine
 10
101.8152949999999919
 20
-97.8478569999999905
 30
0
 11
101.9581519999999983
 21
-97.8478569999999905
 31
0
  0
LINE
  5
30
330
1B
100
AcDbEntity
  8
F.Silkscreen
  6
CONTINUOUS
100
AcDbLine
 10
101.9581519999999983
 20
-97.8478569999999905
 30
0
 11
102.0533899999999932
 21
-97.8954760000000022
 31
0
  0
LINE
  5
31
330
1B
100
AcDbEntity
  8
F.Silkscreen
  6
CONTINUOUS
100
AcDbLine
 10
102.0533899999999932
 20
-97.8954760000000022
 30
0
 11
102.1010089999999906
 21
-97.9430949999999996
 31
0
  0
LINE
  5
32
330
1B
100
AcDbEntity
  8
F.Silkscreen
  6
CONTINUOUS
100
AcDbLine
 10
102.1010089999999906
 20
-97.9430949999999996
 30
0
 11
102.1486280000000022
 21
-98.0383329999999944
 31
0
  0
LINE
  5
33
330
1B
100
AcDbEntity
  8
F.Silkscreen
  6
CONTINUOUS
100
AcDbLine
 10
102.1486280000000022
 20
-98.0383329999999944
 30
0
 11
102.1486280000000022
 21
-98.4192850000000021
 31
0
  0
LINE
  5
34
330
1B
100
AcDbEntity
  8
F.Silkscreen
  6
CONTINUOUS
100
AcDbLine
 10
101.7200569999999971
 20
-97.4669039999999995
 30
0
 11
101.6724379999999996
 21
-97.4192850000000021
 31
0
  0
LINE
  5
35
330
1B
100
AcDbEntity
  8
F.Silkscreen
  6
CONTINUOUS
100
AcDbLine
 10
101.6724379999999996
 20
-97.4192850000000021
 30
0
 11
101.6248190000000022
 21
-97.3240469999999931
 31
0
  0
LINE
  5
36
330
1B
100
AcDbEntity
  8
F.Silkscreen
  6
CONTINUOUS
100
AcDbLine
 10
101.6248190000000022
 20
-97.3240469999999931
 30
0
 11
101.6248190000000022
 21
-97.0859519999999918
 31
0
  0
LINE
  5
37
330
1B
100
AcDbEntity
  8
F.Silkscreen
  6
CONTINUOUS
100
AcDbLine
 10
101.6248190000000022
 20
-97.0859519999999918
 30
0
 11
101.6724379999999996
 21
-96.990713999999997
 31
0
  0
LINE
  5
38
330
1B
100
AcDbEntity
  8
F.Silkscreen
  6
CONTINUOUS
100
AcDbLine
 10
101.6724379999999996
 20
-96.990713999999997
 30
0
 11
101.7200569999999971
 21
-96.9430949999999996
 31
0
  0
LINE
  5
39
330
1B
100
AcDbEntity
  8
F.Silkscreen
  6
CONTINUOUS
100
AcDbLine
 10
101.7200569999999971
 20
-96.9430949999999996
 30
0
 11
101.8152949999999919
 21
-96.8954760000000022
 31
0
  0
LINE
  5
3A
330
1B
100
AcDbEntity
  8
F.Silkscreen
  6
CONTINUOUS
100
AcDbLine
 10
101.8152949999999919
 20
-96.8954760000000022
 30
0
 11
101.9105330000000009
 21
-96.8954760000000022
 31
0
  0
LINE
  5
3B
330
1B
100
AcDbEntity
  8
F.Silkscreen
  6
CONTINUOUS
100
AcDbLine
 10
101.9105330000000009
 20
-96.8954760000000022
 30
0
 11
102.0533899999999932
 21
-96.9430949999999996
 31
0
  0
LINE
  5
3C
330
1B
100
AcDbEntity
  8
F.Silkscreen
  6
CONTINUOUS
100
AcDbLine
 10
102.0533899999999932
 20
-96.9430949999999996
 30
0
 11
102.6248190000000022
 21
-97.514522999999997
 31
0
  0
LINE
  5
3D
330
1B
100
AcDbEntity
  8
F.Silkscreen
  6
CONTINUOUS
100
AcDbLine
 10
102.6248190000000022
 20
-97.514522999999997
 30
0
 11
102.6248190000000022
 21
-96.8954760000000022
 31
0
  0
LINE
  5
3E
330
1B
100
AcDbEntity
  8
F.Silkscreen
  6
CONTINUOUS
100
AcDbLine
 10
101.6248190000000022
 20
-96.2764279999999957
 30
0
 11
101.6248190000000022
 21
-96.1811900000000009
 31
0
  0
LINE
  5
3F
330
1B
100
AcDbEntity
  8
F.Silkscreen
  6
CONTINUOUS
100
AcDbLine
 10
101.6248190000000022
 20
-96.1811900000000009
 30
0
 11
101.6724379999999996
 21
-96.0859519999999918
 31
0
  0
LINE
  5
40
330
1B
100
AcDbEntity
  8
F.Silkscreen
  6
CONTINUOUS
100
AcDbLine
 10
101.6724379999999996
 20
-96.0859519999999918
 30
0
 11
101.7200569999999971
 21
-96.0383329999999944
 31
0
  0
LINE
  5
41
330
1B
100
AcDbEntity
  8
F.Silkscreen
  6
CONTINUOUS
100
AcDbLine
 10
101.7200569999999971
 20
-96.0383329999999944
 30
0
 11
101.8152949999999919
 21
-95.990713999999997
 31
0
  0
LINE
  5
42
330
1B
100
AcDbEntity
  8
F.Silkscreen
  6
CONTINUOUS
100
AcDbLine
 10
101.8152949999999919
 20
-95.990713999999997
 30
0
 11
102.0057709999999958
 21
-95.9430949999999996
 31
0
  0
LINE
  5
43
330
1B
100
AcDbEntity
  8
F.Silkscreen
  6
CONTINUOUS
100
AcDbLine
 10
102.0057709999999958
 20
-95.9430949999999996
 30
0
 11
102.243865999999997
 21
-95.9430949999999996
 31
0
  0
LINE
  5
44
330
1B
100
AcDbEntity
  8
F.Silkscreen
  6
CONTINUOUS
100
AcDbLine
 10
102.243865999999997
 20
-95.9430949999999996
 30
0
 11
102.4343420000000009
 21
-95.990713999999997
 31
0
  0
LINE
  5
45
330
1B
100
AcDbEntity
  8
F.Silkscreen
  6
CONTINUOUS
100
AcDbLine
 10
102.4343420000000009
 20
-95.990713999999997
 30
0
 11
102.5295799999999957
 21
-96.0383329999999944
 31
0
  0
LINE
  5
46
330
1B
100
AcDbEntity
  8
F.Silkscreen
  6
CONTINUOUS
100
AcDbLine
 10
102.5295799999999957
 20
-96.0383329999999944
 30
0
 11
102.5771999999999906
 21
-96.0859519999999918
 31
0
  0
LINE
  5
47
330
1B
100
AcDbEntity
  8
F.Silkscreen
  6
CONTINUOUS
100
AcDbLine
 10
102.5771999999999906
 20
-96.0859519999999918
 30
0
 11
102.6248190000000022
 21
-96.1811900000000009
 31
0
  0
LINE
  5
48
330
1B
100
AcDbEntity
  8
F.Silkscreen
  6
CONTINUOUS
100
AcDbLine
 10
102.6248190000000022
 20
-96.1811900000000009
 30
0
 11
102.6248190000000022
 21
-96.2764279999999957
 31
0
  0
LINE
  5
49
330
1B
100
AcDbEntity
  8
F.Silkscreen
  6
CONTINUOUS
100
AcDbLine
 10
102.6248190000000022
 20
-96.2764279999999957
 30
0
 11
102.5771999999999906
 21
-96.3716659999999905
 31
0
  0
LINE
  5
4A
330
1B
100
AcDbEntity
  8
F.Silkscreen
  6
CONTINUOUS
100
AcDbLine
 10
102.5771999999999906
 20
-96.3716659999999905
 30
0
 11
102.5295799999999957
 21
-96.4192850000000021
 31
0
  0
LINE
  5
4B
330
1B
100
AcDbEntity
  8
F.Silkscreen
  6
CONTINUOUS
100
AcDbLine
 10
102.5295799999999957
 20
-96.4192850000000021
 30
0
 11
102.4343420000000009
 21
-96.4669039999999995
 31
0
  0
LINE
  5
4C
330
1B
100
AcDbEntity
  8
F.Silkscreen
  6
CONTINUOUS
100
AcDbLine
 10
102.4343420000000009
 20
-96.4669039999999995
 30
0
 11
102.243865999999997
 21
-96.514522999999997
 31
0
  0
LINE
  5
4D
330
1B
100
AcDbEntity
  8
F.Silkscreen
  6
CONTINUOUS
100
AcDbLine
 10
102.243865999999997
 20
-96.514522999999997
 30
0
 11
102.0057709999999958
 21
-96.514522999999997
 31
0
  0
LINE
  5
4E
330
1B
100
AcDbEntity
  8
F.Silkscreen
  6
CONTINUOUS
100
AcDbLine
 10
102.0057709999999958
 20
-96.514522999999997
 30
0
 11
101.8152949999999919
 21
-96.4669039999999995
 31
0
  0
LINE
  5
4F
330
1B
100
AcDbEntity
  8
F.Silkscreen
  6
CONTINUOUS
100
AcDbLine
 10
101.8152949999999919
 20
-96.4669039999999995
 30
0
 11
101.7200569999999971
 21
-96.4192850000000021
 31
0
  0
LINE
  5
50
330
1B
100
AcDbEntity
  8
F.Silkscreen
  6
CONTINUOUS
100
AcDbLine
 10
101.7200569999999971
 20
-96.4192850000000021
 30
0
 11
101.6724379999999996
 21
-96.3716659999999905
 31
0
  0
LINE
  5
51
330
1B
100
AcDbEntity
  8
F.Silkscreen
  6
CONTINUOUS
100
AcDbLine
 10
101.6724379999999996
 20
-96.3716659999999905
 30
0
 11
101.6248190000000022
 21
-96.2764279999999957
 31
0
  0
LINE
  5
52
330
1B
100
AcDbEntity
  8
F.Silkscreen
  6
CONTINUOUS
100
AcDbLine
 10
52.4595799999999954
 20
-75.7428570000000008
 30
0
 11
52.5071999999999974
 21
-75.7904759999999982
 31
0
  0
LINE
  5
53
330
1B
100
AcDbEntity
  8
F.Silkscreen
  6
CONTINUOUS
100
AcDbLine
 10
52.5071999999999974
 20
-75.7904759999999982
 30
0
 11
52.5548189999999948
 21
-75.9333329999999904
 31
0
  0
LINE
  5
54
330
1B
100
AcDbEntity
  8
F.Silkscreen
  6
CONTINUOUS
100
AcDbLine
 10
52.5548189999999948
 20
-75.9333329999999904
 30
0
 11
52.5548189999999948
 21
-76.0285709999999995
 31
0
  0
LINE
  5
55
330
1B
100
AcDbEntity
  8
F.Silkscreen
  6
CONTINUOUS
100
AcDbLine
 10
52.5548189999999948
 20
-76.0285709999999995
 30
0
 11
52.5071999999999974
 21
-76.1714279999999917
 31
0
  0
LINE
  5
56
330
1B
100
AcDbEntity
  8
F.Silkscreen
  6
CONTINUOUS
100
AcDbLine
 10
52.5071999999999974
 20
-76.1714279999999917
 30
0
 11
52.411960999999998
 21
-76.2666660000000007
 31
0
  0
LINE
  5
57
330
1B
100
AcDbEntity
  8
F.Silkscreen
  6
CONTINUOUS
100
AcDbLine
 10
52.411960999999998
 20
-76.2666660000000007
 30
0
 11
52.3167229999999961
 21
-76.3142849999999981
 31
0
  0
LINE
  5
58
330
1B
100
AcDbEntity
  8
F.Silkscreen
  6
CONTINUOUS
100
AcDbLine
 10
52.3167229999999961
 20
-76.3142849999999981
 30
0
 11
52.1262469999999993
 21
-76.3619039999999956
 31
0
  0
LINE
  5
59
330
1B
100
AcDbEntity
  8
F.Silkscreen
  6
CONTINUOUS
100
AcDbLine
 10
52.1262469999999993
 20
-76.3619039999999956
 30
0
 11
51.98339
 21
-76.3619039999999956
 31
0
  0
LINE
  5
5A
330
1B
100
AcDbEntity
  8
F.Silkscreen
  6
CONTINUOUS
100
AcDbLine
 10
51.98339
 20
-76.3619039999999956
 30
0
 11
51.7929139999999961
 21
-76.3142849999999981
 31
0
  0
LINE
  5
5B
330
1B
100
AcDbEntity
  8
F.Silkscreen
  6
CONTINUOUS
100
AcDbLine
 10
51.7929139999999961
 20
-76.3142849999999981
 30
0
 11
51.6976759999999942
 21
-76.2666660000000007
 31
0
  0
LINE
  5
5C
330
1B
100
AcDbEntity
  8
F.Silkscreen
  6
CONTINUOUS
100
AcDbLine
 10
51.6976759999999942
 20
-76.2666660000000007
 30
0
 11
51.6024379999999994
 21
-76.1714279999999917
 31
0
  0
LINE
  5
5D
330
1B
100
AcDbEntity
  8
F.Silkscreen
  6
CONTINUOUS
100
AcDbLine
 10
51.6024379999999994
 20
-76.1714279999999917
 30
0
 11
51.5548189999999948
 21
-76.0285709999999995
 31
0
  0
LINE
  5
5E
330
1B
100
AcDbEntity
  8
F.Silkscreen
  6
CONTINUOUS
100
AcDbLine
 10
51.5548189999999948
 20
-76.0285709999999995
 30
0
 11
51.5548189999999948
 21
-75.9333329999999904
 31
0
  0
LINE
  5
5F
330
1B
100
AcDbEntity
  8
F.Silkscreen
  6
CONTINUOUS
100
AcDbLine
 10
51.5548189999999948
 20
-75.9333329999999904
 30
0
 11
51.6024379999999994
 21
-75.7904759999999982
 31
0
  0
LINE
  5
60
330
1B
100
AcDbEntity
  8
F.Silkscreen
  6
CONTINUOUS
100
AcDbLine
 10
51.6024379999999994
 20
-75.7904759999999982
 30
0
 11
51.6500569999999968
 21
-75.7428570000000008
 31
0
  0
LINE
  5
61
330
1B
100
AcDbEntity
  8
F.Silkscreen
  6
CONTINUOUS
100
AcDbLine
 10
51.5548189999999948
 20
-75.409522999999993
 30
0
 11
51.5548189999999948
 21
-74.7904759999999982
 31
0
  0
LINE
  5
62
330
1B
100
AcDbEntity
  8
F.Silkscreen
  6
CONTINUOUS
100
AcDbLine
 10
51.5548189999999948
 20
-74.7904759999999982
 30
0
 11
51.9357709999999955
 21
-75.1238089999999943
 31
0
  0
LINE
  5
63
330
1B
100
AcDbEntity
  8
F.Silkscreen
  6
CONTINUOUS
100
AcDbLine
 10
51.9357709999999955
 20
-75.1238089999999943
 30
0
 11
51.9357709999999955
 21
-74.980952000000002
 31
0
  0
LINE
  5
64
330
1B
100
AcDbEntity
  8
F.Silkscreen
  6
CONTINUOUS
100
AcDbLine
 10
51.9357709999999955
 20
-74.980952000000002
 30
0
 11
51.98339
 21
-74.885713999999993
 31
0
  0
LINE
  5
65
330
1B
100
AcDbEntity
  8
F.Silkscreen
  6
CONTINUOUS
100
AcDbLine
 10
51.98339
 20
-74.885713999999993
 30
0
 11
52.0310089999999974
 21
-74.8380949999999956
 31
0
  0
LINE
  5
66
330
1B
100
AcDbEntity
  8
F.Silkscreen
  6
CONTINUOUS
100
AcDbLine
 10
52.0310089999999974
 20
-74.8380949999999956
 30
0
 11
52.1262469999999993
 21
-74.7904759999999982
 31
0
  0
LINE
  5
67
330
1B
100
AcDbEntity
  8
F.Silkscreen
  6
CONTINUOUS
100
AcDbLine
 10
52.1262469999999993
 20
-74.7904759999999982
 30
0
 11
52.3643420000000006
 21
-74.7904759999999982
 31
0
  0
LINE
  5
68
330
1B
100
AcDbEntity
  8
F.Silkscreen
  6
CONTINUOUS
100
AcDbLine
 10
52.3643420000000006
 20
-74.7904759999999982
 30
0
 11
52.4595799999999954
 21
-74.8380949999999956
 31
0
  0
LINE
  5
69
330
1B
100
AcDbEntity
  8
F.Silkscreen
  6
CONTINUOUS
100
AcDbLine
 10
52.4595799999999954
 20
-74.8380949999999956
 30
0
 11
52.5071999999999974
 21
-74.885713999999993
 31
0
  0
LINE
  5
6A
330
1B
100
AcDbEntity
  8
F.Silkscreen
  6
CONTINUOUS
100
AcDbLine
 10
52.5071999999999974
 20
-74.885713999999993
 30
0
 11
52.5548189999999948
 21
-74.980952000000002
 31
0
  0
LINE
  5
6B
330
1B
100
AcDbEntity
  8
F.Silkscreen
  6
CONTINUOUS
100
AcDbLine
 10
52.5548189999999948
 20
-74.980952000000002
 30
0
 11
52.5548189999999948
 21
-75.2666660000000007
 31
0
  0
LINE
  5
6C
330
1B
100
AcDbEntity
  8
F.Silkscreen
  6
CONTINUOUS
100
AcDbLine
 10
52.5548189999999948
 20
-75.2666660000000007
 30
0
 11
52.5071999999999974
 21
-75.3619039999999956
 31
0
  0
LINE
  5
6D
330
1B
100
AcDbEntity
  8
F.Silkscreen
  6
CONTINUOUS
100
AcDbLine
 10
52.5071999999999974
 20
-75.3619039999999956
 30
0
 11
52.4595799999999954
 21
-75.409522999999993
 31
0
  0
LINE
  5
6E
330
1B
100
AcDbEntity
  8
F.Silkscreen
  6
CONTINUOUS
100
AcDbLine
 10
52.5548189999999948
 20
-73.8380949999999956
 30
0
 11
52.5548189999999948
 21
-74.409522999999993
 31
0
  0
LINE
  5
6F
330
1B
100
AcDbEntity
  8
F.Silkscreen
  6
CONTINUOUS
100
AcDbLine
 10
52.5548189999999948
 20
-74.1238089999999943
 30
0
 11
51.5548189999999948
 21
-74.1238089999999943
 31
0
  0
LINE
  5
70
330
1B
100
AcDbEntity
  8
F.Silkscreen
  6
CONTINUOUS
100
AcDbLine
 10
51.5548189999999948
 20
-74.1238089999999943
 30
0
 11
51.6976759999999942
 21
-74.2190470000000033
 31
0
  0
LINE
  5
71
330
1B
100
AcDbEntity
  8
F.Silkscreen
  6
CONTINUOUS
100
AcDbLine
 10
51.6976759999999942
 20
-74.2190470000000033
 30
0
 11
51.7929139999999961
 21
-74.3142849999999981
 31
0
  0
LINE
  5
72
330
1B
100
AcDbEntity
  8
F.Silkscreen
  6
CONTINUOUS
100
AcDbLine
 10
51.7929139999999961
 20
-74.3142849999999981
 30
0
 11
51.8405330000000006
 21
-74.409522999999993
 31
0
  0
LINE
  5
73
330
1B
100
AcDbEntity
  8
F.Silkscreen
  6
CONTINUOUS
100
AcDbLine
 10
49.9671419999999955
 20
-88.0645799999999923
 30
0
 11
49.9195229999999981
 21
-88.1122000000000014
 31
0
  0
LINE
  5
74
330
1B
100
AcDbEntity
  8
F.Silkscreen
  6
CONTINUOUS
100
AcDbLine
 10
49.9195229999999981
 20
-88.1122000000000014
 30
0
 11
49.7766659999999987
 21
-88.1598189999999988
 31
0
  0
LINE
  5
75
330
1B
100
AcDbEntity
  8
F.Silkscreen
  6
CONTINUOUS
100
AcDbLine
 10
49.7766659999999987
 20
-88.1598189999999988
 30
0
 11
49.6814279999999968
 21
-88.1598189999999988
 31
0
  0
LINE
  5
76
330
1B
100
AcDbEntity
  8
F.Silkscreen
  6
CONTINUOUS
100
AcDbLine
 10
49.6814279999999968
 20
-88.1598189999999988
 30
0
 11
49.5385709999999975
 21
-88.1122000000000014
 31
0
  0
LINE
  5
77
330
1B
100
AcDbEntity
  8
F.Silkscreen
  6
CONTINUOUS
100
AcDbLine
 10
49.5385709999999975
 20
-88.1122000000000014
 30
0
 11
49.4433329999999955
 21
-88.0169609999999949
 31
0
  0
LINE
  5
78
330
1B
100
AcDbEntity
  8
F.Silkscreen
  6
CONTINUOUS
100
AcDbLine
 10
49.4433329999999955
 20
-88.0169609999999949
 30
0
 11
49.3957139999999981
 21
-87.9217230000000001
 31
0
  0
LINE
  5
79
330
1B
100
AcDbEntity
  8
F.Silkscreen
  6
CONTINUOUS
100
AcDbLine
 10
49.3957139999999981
 20
-87.9217230000000001
 30
0
 11
49.3480950000000007
 21
-87.7312469999999962
 31
0
  0
LINE
  5
7A
330
1B
100
AcDbEntity
  8
F.Silkscreen
  6
CONTINUOUS
100
AcDbLine
 10
49.3480950000000007
 20
-87.7312469999999962
 30
0
 11
49.3480950000000007
 21
-87.5883899999999898
 31
0
  0
LINE
  5
7B
330
1B
100
AcDbEntity
  8
F.Silkscreen
  6
CONTINUOUS
100
AcDbLine
 10
49.3480950000000007
 20
-87.5883899999999898
 30
0
 11
49.3957139999999981
 21
-87.3979140000000001
 31
0
  0
LINE
  5
7C
330
1B
100
AcDbEntity
  8
F.Silkscreen
  6
CONTINUOUS
100
AcDbLine
 10
49.3957139999999981
 20
-87.3979140000000001
 30
0
 11
49.4433329999999955
 21
-87.3026759999999911
 31
0
  0
LINE
  5
7D
330
1B
100
AcDbEntity
  8
F.Silkscreen
  6
CONTINUOUS
100
AcDbLine
 10
49.4433329999999955
 20
-87.3026759999999911
 30
0
 11
49.5385709999999975
 21
-87.2074379999999962
 31
0
  0
LINE
  5
7E
330
1B
100
AcDbEntity
  8
F.Silkscreen
  6
CONTINUOUS
100
AcDbLine
 10
49.5385709999999975
 20
-87.2074379999999962
 30
0
 11
49.6814279999999968
 21
-87.1598189999999988
 31
0
  0
LINE
  5
7F
330
1B
100
AcDbEntity
  8
F.Silkscreen
  6
CONTINUOUS
100
AcDbLine
 10
49.6814279999999968
 20
-87.1598189999999988
 30
0
 11
49.7766659999999987
 21
-87.1598189999999988
 31
0
  0
LINE
  5
80
330
1B
100
AcDbEntity
  8
F.Silkscreen
  6
CONTINUOUS
100
AcDbLine
 10
49.7766659999999987
 20
-87.1598189999999988
 30
0
 11
49.9195229999999981
 21
-87.2074379999999962
 31
0
  0
LINE
  5
81
330
1B
100
AcDbEntity
  8
F.Silkscreen
  6
CONTINUOUS
100
AcDbLine
 10
49.9195229999999981
 20
-87.2074379999999962
 30
0
 11
49.9671419999999955
 21
-87.2550569999999936
 31
0
  0
LINE
  5
82
330
1B
100
AcDbEntity
  8
F.Silkscreen
  6
CONTINUOUS
100
AcDbLine
 10
50.3480950000000007
 20
-87.2550569999999936
 30
0
 11
50.3957139999999981
 21
-87.2074379999999962
 31
0
  0
LINE
  5
83
330
1B
100
AcDbEntity
  8
F.Silkscreen
  6
CONTINUOUS
100
AcDbLine
 10
50.3957139999999981
 20
-87.2074379999999962
 30
0
 11
50.4909520000000001
 21
-87.1598189999999988
 31
0
  0
LINE
  5
84
330
1B
100
AcDbEntity
  8
F.Silkscreen
  6
CONTINUOUS
100
AcDbLine
 10
50.4909520000000001
 20
-87.1598189999999988
 30
0
 11
50.7290469999999942
 21
-87.1598189999999988
 31
0
  0
LINE
  5
85
330
1B
100
AcDbEntity
  8
F.Silkscreen
  6
CONTINUOUS
100
AcDbLine
 10
50.7290469999999942
 20
-87.1598189999999988
 30
0
 11
50.8242849999999962
 21
-87.2074379999999962
 31
0
  0
LINE
  5
86
330
1B
100
AcDbEntity
  8
F.Silkscreen
  6
CONTINUOUS
100
AcDbLine
 10
50.8242849999999962
 20
-87.2074379999999962
 30
0
 11
50.8719040000000007
 21
-87.2550569999999936
 31
0
  0
LINE
  5
87
330
1B
100
AcDbEntity
  8
F.Silkscreen
  6
CONTINUOUS
100
AcDbLine
 10
50.8719040000000007
 20
-87.2550569999999936
 30
0
 11
50.9195229999999981
 21
-87.3502950000000027
 31
0
  0
LINE
  5
88
330
1B
100
AcDbEntity
  8
F.Silkscreen
  6
CONTINUOUS
100
AcDbLine
 10
50.9195229999999981
 20
-87.3502950000000027
 30
0
 11
50.9195229999999981
 21
-87.4455329999999975
 31
0
  0
LINE
  5
89
330
1B
100
AcDbEntity
  8
F.Silkscreen
  6
CONTINUOUS
100
AcDbLine
 10
50.9195229999999981
 20
-87.4455329999999975
 30
0
 11
50.8719040000000007
 21
-87.5883899999999898
 31
0
  0
LINE
  5
8A
330
1B
100
AcDbEntity
  8
F.Silkscreen
  6
CONTINUOUS
100
AcDbLine
 10
50.8719040000000007
 20
-87.5883899999999898
 30
0
 11
50.3004759999999962
 21
-88.1598189999999988
 31
0
  0
LINE
  5
8B
330
1B
100
AcDbEntity
  8
F.Silkscreen
  6
CONTINUOUS
100
AcDbLine
 10
50.3004759999999962
 20
-88.1598189999999988
 30
0
 11
50.9195229999999981
 21
-88.1598189999999988
 31
0
  0
LINE
  5
8C
330
1B
100
AcDbEntity
  8
F.Silkscreen
  6
CONTINUOUS
100
AcDbLine
 10
51.3004759999999962
 20
-87.2550569999999936
 30
0
 11
51.3480950000000007
 21
-87.2074379999999962
 31
0
  0
LINE
  5
8D
330
1B
100
AcDbEntity
  8
F.Silkscreen
  6
CONTINUOUS
100
AcDbLine
 10
51.3480950000000007
 20
-87.2074379999999962
 30
0
 11
51.4433329999999955
 21
-87.1598189999999988
 31
0
  0
LINE
  5
8E
330
1B
100
AcDbEntity
  8
F.Silkscreen
  6
CONTINUOUS
100
AcDbLine
 10
51.4433329999999955
 20
-87.1598189999999988
 30
0
 11
51.6814279999999968
 21
-87.1598189999999988
 31
0
  0
LINE
  5
8F
330
1B
100
AcDbEntity
  8
F.Silkscreen
  6
CONTINUOUS
100
AcDbLine
 10
51.6814279999999968
 20
-87.1598189999999988
 30
0
 11
51.7766659999999987
 21
-87.2074379999999962
 31
0
  0
LINE
  5
90
330
1B
100
AcDbEntity
  8
F.Silkscreen
  6
CONTINUOUS
100
AcDbLine
 10
51.7766659999999987
 20
-87.2074379999999962
 30
0
 11
51.8242849999999962
 21
-87.2550569999999936
 31
0
  0
LINE
  5
91
330
1B
100
AcDbEntity
  8
F.Silkscreen
  6
CONTINUOUS
100
AcDbLine
 10
51.8242849999999962
 20
-87.2550569999999936
 30
0
 11
51.8719040000000007
 21
-87.3502950000000027
 31
0
  0
LINE
  5
92
330
1B
100
AcDbEntity
  8
F.Silkscreen
  6
CONTINUOUS
100
AcDbLine
 10
51.8719040000000007
 20
-87.3502950000000027
 30
0
 11
51.8719040000000007
 21
-87.4455329999999975
 31
0
  0
LINE
  5
93
330
1B
100
AcDbEntity
  8
F.Silkscreen
  6
CONTINUOUS
100
AcDbLine
 10
51.8719040000000007
 20
-87.4455329999999975
 30
0
 11
51.8242849999999962
 21
-87.5883899999999898
 31
0
  0
LINE
  5
94
330
1B
100
AcDbEntity
  8
F.Silkscreen
  6
CONTINUOUS
100
AcDbLine
 10
51.8242849999999962
 20
-87.5883899999999898
 30
0
 11
51.2528569999999988
 21
-88.1598189999999988
 31
0
  0
LINE
  5
95
330
1B
100
AcDbEntity
  8
F.Silkscreen
  6
CONTINUOUS
100
AcDbLine
 10
51.2528569999999988
 20
-88.1598189999999988
 30
0
 11
51.8719040000000007
 21
-88.1598189999999988
 31
0
  0
LINE
  5
96
330
1B
100
AcDbEntity
  8
F.Silkscreen
  6
CONTINUOUS
100
AcDbLine
 10
113.2380950000000013
 20
-22.3048189999999984
 30
0
 11
113.2380950000000013
 21
-21.3048189999999984
 31
0
  0
LINE
  5
97
330
1B
100
AcDbEntity
  8
F.Silkscreen
  6
CONTINUOUS
100
AcDbLine
 10
113.2380950000000013
 20
-21.7810089999999974
 30
0
 11
113.8095229999999987
 21
-21.7810089999999974
 31
0
  0
LINE
  5
98
330
1B
100
AcDbEntity
  8
F.Silkscreen
  6
CONTINUOUS
100
AcDbLine
 10
113.8095229999999987
 20
-22.3048189999999984
 30
0
 11
113.8095229999999987
 21
-21.3048189999999984
 31
0
  0
LINE
  5
99
330
1B
100
AcDbEntity
  8
F.Silkscreen
  6
CONTINUOUS
100
AcDbLine
 10
114.2380950000000013
 20
-21.4000570000000003
 30
0
 11
114.2857139999999987
 21
-21.3524379999999994
 31
0
  0
LINE
  5
9A
330
1B
100
AcDbEntity
  8
F.Silkscreen
  6
CONTINUOUS
100
AcDbLine
 10
114.2857139999999987
 20
-21.3524379999999994
 30
0
 11
114.3809519999999935
 21
-21.3048189999999984
 31
0
  0
LINE
  5
9B
330
1B
100
AcDbEntity
  8
F.Silkscreen
  6
CONTINUOUS
100
AcDbLine
 10
114.3809519999999935
 20
-21.3048189999999984
 30
0
 11
114.6190469999999948
 21
-21.3048189999999984
 31
0
  0
LINE
  5
9C
330
1B
100
AcDbEntity
  8
F.Silkscreen
  6
CONTINUOUS
100
AcDbLine
 10
114.6190469999999948
 20
-21.3048189999999984
 30
0
 11
114.7142849999999896
 21
-21.3524379999999994
 31
0
  0
LINE
  5
9D
330
1B
100
AcDbEntity
  8
F.Silkscreen
  6
CONTINUOUS
100
AcDbLine
 10
114.7142849999999896
 20
-21.3524379999999994
 30
0
 11
114.7619040000000012
 21
-21.4000570000000003
 31
0
  0
LINE
  5
9E
330
1B
100
AcDbEntity
  8
F.Silkscreen
  6
CONTINUOUS
100
AcDbLine
 10
114.7619040000000012
 20
-21.4000570000000003
 30
0
 11
114.8095229999999987
 21
-21.4952949999999987
 31
0
  0
LINE
  5
9F
330
1B
100
AcDbEntity
  8
F.Silkscreen
  6
CONTINUOUS
100
AcDbLine
 10
114.8095229999999987
 20
-21.4952949999999987
 30
0
 11
114.8095229999999987
 21
-21.5905330000000006
 31
0
  0
LINE
  5
A0
330
1B
100
AcDbEntity
  8
F.Silkscreen
  6
CONTINUOUS
100
AcDbLine
 10
114.8095229999999987
 20
-21.5905330000000006
 30
0
 11
114.7619040000000012
 21
-21.73339
 31
0
  0
LINE
  5
A1
330
1B
100
AcDbEntity
  8
F.Silkscreen
  6
CONTINUOUS
100
AcDbLine
 10
114.7619040000000012
 20
-21.73339
 30
0
 11
114.1904759999999897
 21
-22.3048189999999984
 31
0
  0
LINE
  5
A2
330
1B
100
AcDbEntity
  8
F.Silkscreen
  6
CONTINUOUS
100
AcDbLine
 10
114.1904759999999897
 20
-22.3048189999999984
 30
0
 11
114.8095229999999987
 21
-22.3048189999999984
 31
0
  0
LINE
  5
A3
330
1B
100
AcDbEntity
  8
F.Silkscreen
  6
CONTINUOUS
100
AcDbLine
 10
59.9671419999999955
 20
-111.0645799999999923
 30
0
 11
59.9195229999999981
 21
-111.1122000000000014
 31
0
  0
LINE
  5
A4
330
1B
100
AcDbEntity
  8
F.Silkscreen
  6
CONTINUOUS
100
AcDbLine
 10
59.9195229999999981
 20
-111.1122000000000014
 30
0
 11
59.7766659999999987
 21
-111.1598189999999988
 31
0
  0
LINE
  5
A5
330
1B
100
AcDbEntity
  8
F.Silkscreen
  6
CONTINUOUS
100
AcDbLine
 10
59.7766659999999987
 20
-111.1598189999999988
 30
0
 11
59.6814279999999968
 21
-111.1598189999999988
 31
0
  0
LINE
  5
A6
330
1B
100
AcDbEntity
  8
F.Silkscreen
  6
CONTINUOUS
100
AcDbLine
 10
59.6814279999999968
 20
-111.1598189999999988
 30
0
 11
59.5385709999999975
 21
-111.1122000000000014
 31
0
  0
LINE
  5
A7
330
1B
100
AcDbEntity
  8
F.Silkscreen
  6
CONTINUOUS
100
AcDbLine
 10
59.5385709999999975
 20
-111.1122000000000014
 30
0
 11
59.4433329999999955
 21
-111.0169609999999949
 31
0
  0
LINE
  5
A8
330
1B
100
AcDbEntity
  8
F.Silkscreen
  6
CONTINUOUS
100
AcDbLine
 10
59.4433329999999955
 20
-111.0169609999999949
 30
0
 11
59.3957139999999981
 21
-110.9217230000000001
 31
0
  0
LINE
  5
A9
330
1B
100
AcDbEntity
  8
F.Silkscreen
  6
CONTINUOUS
100
AcDbLine
 10
59.3957139999999981
 20
-110.9217230000000001
 30
0
 11
59.3480950000000007
 21
-110.7312469999999962
 31
0
  0
LINE
  5
AA
330
1B
100
AcDbEntity
  8
F.Silkscreen
  6
CONTINUOUS
100
AcDbLine
 10
59.3480950000000007
 20
-110.7312469999999962
 30
0
 11
59.3480950000000007
 21
-110.5883899999999898
 31
0
  0
LINE
  5
AB
330
1B
100
AcDbEntity
  8
F.Silkscreen
  6
CONTINUOUS
100
AcDbLine
 10
59.3480950000000007
 20
-110.5883899999999898
 30
0
 11
59.3957139999999981
 21
-110.3979140000000001
 31
0
  0
LINE
  5
AC
330
1B
100
AcDbEntity
  8
F.Silkscreen
  6
CONTINUOUS
100
AcDbLine
 10
59.3957139999999981
 20
-110.3979140000000001
 30
0
 11
59.4433329999999955
 21
-110.3026759999999911
 31
0
  0
LINE
  5
AD
330
1B
100
AcDbEntity
  8
F.Silkscreen
  6
CONTINUOUS
100
AcDbLine
 10
59.4433329999999955
 20
-110.3026759999999911
 30
0
 11
59.5385709999999975
 21
-110.2074379999999962
 31
0
  0
LINE
  5
AE
330
1B
100
AcDbEntity
  8
F.Silkscreen
  6
CONTINUOUS
100
AcDbLine
 10
59.5385709999999975
 20
-110.2074379999999962
 30
0
 11
59.6814279999999968
 21
-110.1598189999999988
 31
0
  0
LINE
  5
AF
330
1B
100
AcDbEntity
  8
F.Silkscreen
  6
CONTINUOUS
100
AcDbLine
 10
59.6814279999999968
 20
-110.1598189999999988
 30
0
 11
59.7766659999999987
 21
-110.1598189999999988
 31
0
  0
LINE
  5
B0
330
1B
100
AcDbEntity
  8
F.Silkscreen
  6
CONTINUOUS
100
AcDbLine
 10
59.7766659999999987
 20
-110.1598189999999988
 30
0
 11
59.9195229999999981
 21
-110.2074379999999962
 31
0
  0
LINE
  5
B1
330
1B
100
AcDbEntity
  8
F.Silkscreen
  6
CONTINUOUS
100
AcDbLine
 10
59.9195229999999981
 20
-110.2074379999999962
 30
0
 11
59.9671419999999955
 21
-110.2550569999999936
 31
0
  0
LINE
  5
B2
330
1B
100
AcDbEntity
  8
F.Silkscreen
  6
CONTINUOUS
100
AcDbLine
 10
60.3480950000000007
 20
-110.2550569999999936
 30
0
 11
60.3957139999999981
 21
-110.2074379999999962
 31
0
  0
LINE
  5
B3
330
1B
100
AcDbEntity
  8
F.Silkscreen
  6
CONTINUOUS
100
AcDbLine
 10
60.3957139999999981
 20
-110.2074379999999962
 30
0
 11
60.4909520000000001
 21
-110.1598189999999988
 31
0
  0
LINE
  5
B4
330
1B
100
AcDbEntity
  8
F.Silkscreen
  6
CONTINUOUS
100
AcDbLine
 10
60.4909520000000001
 20
-110.1598189999999988
 30
0
 11
60.7290469999999942
 21
-110.1598189999999988
 31
0
  0
LINE
  5
B5
330
1B
100
AcDbEntity
  8
F.Silkscreen
  6
CONTINUOUS
100
AcDbLine
 10
60.7290469999999942
 20
-110.1598189999999988
 30
0
 11
60.8242849999999962
 21
-110.2074379999999962
 31
0
  0
LINE
  5
B6
330
1B
100
AcDbEntity
  8
F.Silkscreen
  6
CONTINUOUS
100
AcDbLine
 10
60.8242849999999962
 20
-110.2074379999999962
 30
0
 11
60.8719040000000007
 21
-110.2550569999999936
 31
0
  0
LINE
  5
B7
330
1B
100
AcDbEntity
  8
F.Silkscreen
  6
CONTINUOUS
100
AcDbLine
 10
60.8719040000000007
 20
-110.2550569999999936
 30
0
 11
60.9195229999999981
 21
-110.3502949999999885
 31
0
  0
LINE
  5
B8
330
1B
100
AcDbEntity
  8
F.Silkscreen
  6
CONTINUOUS
100
AcDbLine
 10
60.9195229999999981
 20
-110.3502949999999885
 30
0
 11
60.9195229999999981
 21
-110.4455329999999975
 31
0
  0
LINE
  5
B9
330
1B
100
AcDbEntity
  8
F.Silkscreen
  6
CONTINUOUS
100
AcDbLine
 10
60.9195229999999981
 20
-110.4455329999999975
 30
0
 11
60.8719040000000007
 21
-110.5883899999999898
 31
0
  0
LINE
  5
BA
330
1B
100
AcDbEntity
  8
F.Silkscreen
  6
CONTINUOUS
100
AcDbLine
 10
60.8719040000000007
 20
-110.5883899999999898
 30
0
 11
60.3004759999999962
 21
-111.1598189999999988
 31
0
  0
LINE
  5
BB
330
1B
100
AcDbEntity
  8
F.Silkscreen
  6
CONTINUOUS
100
AcDbLine
 10
60.3004759999999962
 20
-111.1598189999999988
 30
0
 11
60.9195229999999981
 21
-111.1598189999999988
 31
0
  0
LINE
  5
BC
330
1B
100
AcDbEntity
  8
F.Silkscreen
  6
CONTINUOUS
100
AcDbLine
 10
61.7766659999999987
 20
-110.1598189999999988
 30
0
 11
61.5861899999999949
 21
-110.1598189999999988
 31
0
  0
LINE
  5
BD
330
1B
100
AcDbEntity
  8
F.Silkscreen
  6
CONTINUOUS
100
AcDbLine
 10
61.5861899999999949
 20
-110.1598189999999988
 30
0
 11
61.4909520000000001
 21
-110.2074379999999962
 31
0
  0
LINE
  5
BE
330
1B
100
AcDbEntity
  8
F.Silkscreen
  6
CONTINUOUS
100
AcDbLine
 10
61.4909520000000001
 20
-110.2074379999999962
 30
0
 11
61.4433329999999955
 21
-110.2550569999999936
 31
0
  0
LINE
  5
BF
330
1B
100
AcDbEntity
  8
F.Silkscreen
  6
CONTINUOUS
100
AcDbLine
 10
61.4433329999999955
 20
-110.2550569999999936
 30
0
 11
61.3480950000000007
 21
-110.3979140000000001
 31
0
  0
LINE
  5
C0
330
1B
100
AcDbEntity
  8
F.Silkscreen
  6
CONTINUOUS
100
AcDbLine
 10
61.3480950000000007
 20
-110.3979140000000001
 30
0
 11
61.3004759999999962
 21
-110.5883899999999898
 31
0
  0
LINE
  5
C1
330
1B
100
AcDbEntity
  8
F.Silkscreen
  6
CONTINUOUS
100
AcDbLine
 10
61.3004759999999962
 20
-110.5883899999999898
 30
0
 11
61.3004759999999962
 21
-110.9693419999999975
 31
0
  0
LINE
  5
C2
330
1B
100
AcDbEntity
  8
F.Silkscreen
  6
CONTINUOUS
100
AcDbLine
 10
61.3004759999999962
 20
-110.9693419999999975
 30
0
 11
61.3480950000000007
 21
-111.0645799999999923
 31
0
  0
LINE
  5
C3
330
1B
100
AcDbEntity
  8
F.Silkscreen
  6
CONTINUOUS
100
AcDbLine
 10
61.3480950000000007
 20
-111.0645799999999923
 30
0
 11
61.3957139999999981
 21
-111.1122000000000014
 31
0
  0
LINE
  5
C4
330
1B
100
AcDbEntity
  8
F.Silkscreen
  6
CONTINUOUS
100
AcDbLine
 10
61.3957139999999981
 20
-111.1122000000000014
 30
0
 11
61.4909520000000001
 21
-111.1598189999999988
 31
0
  0
LINE
  5
C5
330
1B
100
AcDbEntity
  8
F.Silkscreen
  6
CONTINUOUS
100
AcDbLine
 10
61.4909520000000001
 20
-111.1598189999999988
 30
0
 11
61.6814279999999968
 21
-111.1598189999999988
 31
0
  0
LINE
  5
C6
330
1B
100
AcDbEntity
  8
F.Silkscreen
  6
CONTINUOUS
100
AcDbLine
 10
61.6814279999999968
 20
-111.1598189999999988
 30
0
 11
61.7766659999999987
 21
-111.1122000000000014
 31
0
  0
LINE
  5
C7
330
1B
100
AcDbEntity
  8
F.Silkscreen
  6
CONTINUOUS
100
AcDbLine
 10
61.7766659999999987
 20
-111.1122000000000014
 30
0
 11
61.8242849999999962
 21
-111.0645799999999923
 31
0
  0
LINE
  5
C8
330
1B
100
AcDbEntity
  8
F.Silkscreen
  6
CONTINUOUS
100
AcDbLine
 10
61.8242849999999962
 20
-111.0645799999999923
 30
0
 11
61.8719040000000007
 21
-110.9693419999999975
 31
0
  0
LINE
  5
C9
330
1B
100
AcDbEntity
  8
F.Silkscreen
  6
CONTINUOUS
100
AcDbLine
 10
61.8719040000000007
 20
-110.9693419999999975
 30
0
 11
61.8719040000000007
 21
-110.7312469999999962
 31
0
  0
LINE
  5
CA
330
1B
100
AcDbEntity
  8
F.Silkscreen
  6
CONTINUOUS
100
AcDbLine
 10
61.8719040000000007
 20
-110.7312469999999962
 30
0
 11
61.8242849999999962
 21
-110.6360090000000014
 31
0
  0
LINE
  5
CB
330
1B
100
AcDbEntity
  8
F.Silkscreen
  6
CONTINUOUS
100
AcDbLine
 10
61.8242849999999962
 20
-110.6360090000000014
 30
0
 11
61.7766659999999987
 21
-110.5883899999999898
 31
0
  0
LINE
  5
CC
330
1B
100
AcDbEntity
  8
F.Silkscreen
  6
CONTINUOUS
100
AcDbLine
 10
61.7766659999999987
 20
-110.5883899999999898
 30
0
 11
61.6814279999999968
 21
-110.5407709999999923
 31
0
  0
LINE
  5
CD
330
1B
100
AcDbEntity
  8
F.Silkscreen
  6
CONTINUOUS
100
AcDbLine
 10
61.6814279999999968
 20
-110.5407709999999923
 30
0
 11
61.4909520000000001
 21
-110.5407709999999923
 31
0
  0
LINE
  5
CE
330
1B
100
AcDbEntity
  8
F.Silkscreen
  6
CONTINUOUS
100
AcDbLine
 10
61.4909520000000001
 20
-110.5407709999999923
 30
0
 11
61.3957139999999981
 21
-110.5883899999999898
 31
0
  0
LINE
  5
CF
330
1B
100
AcDbEntity
  8
F.Silkscreen
  6
CONTINUOUS
100
AcDbLine
 10
61.3957139999999981
 20
-110.5883899999999898
 30
0
 11
61.3480950000000007
 21
-110.6360090000000014
 31
0
  0
LINE
  5
D0
330
1B
100
AcDbEntity
  8
F.Silkscreen
  6
CONTINUOUS
100
AcDbLine
 10
61.3480950000000007
 20
-110.6360090000000014
 30
0
 11
61.3004759999999962
 21
-110.7312469999999962
 31
0
  0
LINE
  5
D1
330
1B
100
AcDbEntity
  8
F.Silkscreen
  6
CONTINUOUS
100
AcDbLine
 10
46.9671419999999955
 20
-100.2898189999999943
 30
0
 11
46.6338089999999994
 21
-99.8136279999999942
 31
0
  0
LINE
  5
D2
330
1B
100
AcDbEntity
  8
F.Silkscreen
  6
CONTINUOUS
100
AcDbLine
 10
46.3957139999999981
 20
-100.2898189999999943
 30
0
 11
46.3957139999999981
 21
-99.2898189999999943
 31
0
  0
LINE
  5
D3
330
1B
100
AcDbEntity
  8
F.Silkscreen
  6
CONTINUOUS
100
AcDbLine
 10
46.3957139999999981
 20
-99.2898189999999943
 30
0
 11
46.7766659999999987
 21
-99.2898189999999943
 31
0
  0
LINE
  5
D4
330
1B
100
AcDbEntity
  8
F.Silkscreen
  6
CONTINUOUS
100
AcDbLine
 10
46.7766659999999987
 20
-99.2898189999999943
 30
0
 11
46.8719040000000007
 21
-99.3374379999999917
 31
0
  0
LINE
  5
D5
330
1B
100
AcDbEntity
  8
F.Silkscreen
  6
CONTINUOUS
100
AcDbLine
 10
46.8719040000000007
 20
-99.3374379999999917
 30
0
 11
46.9195229999999981
 21
-99.3850569999999891
 31
0
  0
LINE
  5
D6
330
1B
100
AcDbEntity
  8
F.Silkscreen
  6
CONTINUOUS
100
AcDbLine
 10
46.9195229999999981
 20
-99.3850569999999891
 30
0
 11
46.9671419999999955
 21
-99.4802949999999981
 31
0
  0
LINE
  5
D7
330
1B
100
AcDbEntity
  8
F.Silkscreen
  6
CONTINUOUS
100
AcDbLine
 10
46.9671419999999955
 20
-99.4802949999999981
 30
0
 11
46.9671419999999955
 21
-99.6231519999999904
 31
0
  0
LINE
  5
D8
330
1B
100
AcDbEntity
  8
F.Silkscreen
  6
CONTINUOUS
100
AcDbLine
 10
46.9671419999999955
 20
-99.6231519999999904
 30
0
 11
46.9195229999999981
 21
-99.7183899999999994
 31
0
  0
LINE
  5
D9
330
1B
100
AcDbEntity
  8
F.Silkscreen
  6
CONTINUOUS
100
AcDbLine
 10
46.9195229999999981
 20
-99.7183899999999994
 30
0
 11
46.8719040000000007
 21
-99.7660089999999968
 31
0
  0
LINE
  5
DA
330
1B
100
AcDbEntity
  8
F.Silkscreen
  6
CONTINUOUS
100
AcDbLine
 10
46.8719040000000007
 20
-99.7660089999999968
 30
0
 11
46.7766659999999987
 21
-99.8136279999999942
 31
0
  0
LINE
  5
DB
330
1B
100
AcDbEntity
  8
F.Silkscreen
  6
CONTINUOUS
100
AcDbLine
 10
46.7766659999999987
 20
-99.8136279999999942
 30
0
 11
46.3957139999999981
 21
-99.8136279999999942
 31
0
  0
LINE
  5
DC
330
1B
100
AcDbEntity
  8
F.Silkscreen
  6
CONTINUOUS
100
AcDbLine
 10
47.3480950000000007
 20
-99.3850569999999891
 30
0
 11
47.3957139999999981
 21
-99.3374379999999917
 31
0
  0
LINE
  5
DD
330
1B
100
AcDbEntity
  8
F.Silkscreen
  6
CONTINUOUS
100
AcDbLine
 10
47.3957139999999981
 20
-99.3374379999999917
 30
0
 11
47.4909520000000001
 21
-99.2898189999999943
 31
0
  0
LINE
  5
DE
330
1B
100
AcDbEntity
  8
F.Silkscreen
  6
CONTINUOUS
100
AcDbLine
 10
47.4909520000000001
 20
-99.2898189999999943
 30
0
 11
47.7290470000000013
 21
-99.2898189999999943
 31
0
  0
LINE
  5
DF
330
1B
100
AcDbEntity
  8
F.Silkscreen
  6
CONTINUOUS
100
AcDbLine
 10
47.7290470000000013
 20
-99.2898189999999943
 30
0
 11
47.8242849999999962
 21
-99.3374379999999917
 31
0
  0
LINE
  5
E0
330
1B
100
AcDbEntity
  8
F.Silkscreen
  6
CONTINUOUS
100
AcDbLine
 10
47.8242849999999962
 20
-99.3374379999999917
 30
0
 11
47.8719040000000007
 21
-99.3850569999999891
 31
0
  0
LINE
  5
E1
330
1B
100
AcDbEntity
  8
F.Silkscreen
  6
CONTINUOUS
100
AcDbLine
 10
47.8719040000000007
 20
-99.3850569999999891
 30
0
 11
47.9195229999999981
 21
-99.4802949999999981
 31
0
  0
LINE
  5
E2
330
1B
100
AcDbEntity
  8
F.Silkscreen
  6
CONTINUOUS
100
AcDbLine
 10
47.9195229999999981
 20
-99.4802949999999981
 30
0
 11
47.9195229999999981
 21
-99.575532999999993
 31
0
  0
LINE
  5
E3
330
1B
100
AcDbEntity
  8
F.Silkscreen
  6
CONTINUOUS
100
AcDbLine
 10
47.9195229999999981
 20
-99.575532999999993
 30
0
 11
47.8719040000000007
 21
-99.7183899999999994
 31
0
  0
LINE
  5
E4
330
1B
100
AcDbEntity
  8
F.Silkscreen
  6
CONTINUOUS
100
AcDbLine
 10
47.8719040000000007
 20
-99.7183899999999994
 30
0
 11
47.3004759999999962
 21
-100.2898189999999943
 31
0
  0
LINE
  5
E5
330
1B
100
AcDbEntity
  8
F.Silkscreen
  6
CONTINUOUS
100
AcDbLine
 10
47.3004759999999962
 20
-100.2898189999999943
 30
0
 11
47.9195229999999981
 21
-100.2898189999999943
 31
0
  0
LINE
  5
E6
330
1B
100
AcDbEntity
  8
F.Silkscreen
  6
CONTINUOUS
100
AcDbLine
 10
48.2528569999999988
 20
-99.2898189999999943
 30
0
 11
48.8719040000000007
 21
-99.2898189999999943
 31
0
  0
LINE
  5
E7
330
1B
100
AcDbEntity
  8
F.Silkscreen
  6
CONTINUOUS
100
AcDbLine
 10
48.8719040000000007
 20
-99.2898189999999943
 30
0
 11
48.5385709999999975
 21
-99.670771000000002
 31
0
  0
LINE
  5
E8
330
1B
100
AcDbEntity
  8
F.Silkscreen
  6
CONTINUOUS
100
AcDbLine
 10
48.5385709999999975
 20
-99.670771000000002
 30
0
 11
48.6814279999999968
 21
-99.670771000000002
 31
0
  0
LINE
  5
E9
330
1B
100
AcDbEntity
  8
F.Silkscreen
  6
CONTINUOUS
100
AcDbLine
 10
48.6814279999999968
 20
-99.670771000000002
 30
0
 11
48.7766659999999987
 21
-99.7183899999999994
 31
0
  0
LINE
  5
EA
330
1B
100
AcDbEntity
  8
F.Silkscreen
  6
CONTINUOUS
100
AcDbLine
 10
48.7766659999999987
 20
-99.7183899999999994
 30
0
 11
48.8242849999999962
 21
-99.7660089999999968
 31
0
  0
LINE
  5
EB
330
1B
100
AcDbEntity
  8
F.Silkscreen
  6
CONTINUOUS
100
AcDbLine
 10
48.8242849999999962
 20
-99.7660089999999968
 30
0
 11
48.8719040000000007
 21
-99.8612469999999917
 31
0
  0
LINE
  5
EC
330
1B
100
AcDbEntity
  8
F.Silkscreen
  6
CONTINUOUS
100
AcDbLine
 10
48.8719040000000007
 20
-99.8612469999999917
 30
0
 11
48.8719040000000007
 21
-100.0993419999999929
 31
0
  0
LINE
  5
ED
330
1B
100
AcDbEntity
  8
F.Silkscreen
  6
CONTINUOUS
100
AcDbLine
 10
48.8719040000000007
 20
-100.0993419999999929
 30
0
 11
48.8242849999999962
 21
-100.194580000000002
 31
0
  0
LINE
  5
EE
330
1B
100
AcDbEntity
  8
F.Silkscreen
  6
CONTINUOUS
100
AcDbLine
 10
48.8242849999999962
 20
-100.194580000000002
 30
0
 11
48.7766659999999987
 21
-100.2421999999999969
 31
0
  0
LINE
  5
EF
330
1B
100
AcDbEntity
  8
F.Silkscreen
  6
CONTINUOUS
100
AcDbLine
 10
48.7766659999999987
 20
-100.2421999999999969
 30
0
 11
48.6814279999999968
 21
-100.2898189999999943
 31
0
  0
LINE
  5
F0
330
1B
100
AcDbEntity
  8
F.Silkscreen
  6
CONTINUOUS
100
AcDbLine
 10
48.6814279999999968
 20
-100.2898189999999943
 30
0
 11
48.3957139999999981
 21
-100.2898189999999943
 31
0
  0
LINE
  5
F1
330
1B
100
AcDbEntity
  8
F.Silkscreen
  6
CONTINUOUS
100
AcDbLine
 10
48.3957139999999981
 20
-100.2898189999999943
 30
0
 11
48.3004759999999962
 21
-100.2421999999999969
 31
0
  0
LINE
  5
F2
330
1B
100
AcDbEntity
  8
F.Silkscreen
  6
CONTINUOUS
100
AcDbLine
 10
48.3004759999999962
 20
-100.2421999999999969
 30
0
 11
48.2528569999999988
 21
-100.194580000000002
 31
0
  0
LINE
  5
F3
330
1B
100
AcDbEntity
  8
F.Silkscreen
  6
CONTINUOUS
100
AcDbLine
 10
74.9671419999999955
 20
-109.0298189999999892
 30
0
 11
74.6338089999999994
 21
-108.5536279999999891
 31
0
  0
LINE
  5
F4
330
1B
100
AcDbEntity
  8
F.Silkscreen
  6
CONTINUOUS
100
AcDbLine
 10
74.3957139999999981
 20
-109.0298189999999892
 30
0
 11
74.3957139999999981
 21
-108.0298189999999892
 31
0
  0
LINE
  5
F5
330
1B
100
AcDbEntity
  8
F.Silkscreen
  6
CONTINUOUS
100
AcDbLine
 10
74.3957139999999981
 20
-108.0298189999999892
 30
0
 11
74.7766659999999916
 21
-108.0298189999999892
 31
0
  0
LINE
  5
F6
330
1B
100
AcDbEntity
  8
F.Silkscreen
  6
CONTINUOUS
100
AcDbLine
 10
74.7766659999999916
 20
-108.0298189999999892
 30
0
 11
74.8719040000000007
 21
-108.0774380000000008
 31
0
  0
LINE
  5
F7
330
1B
100
AcDbEntity
  8
F.Silkscreen
  6
CONTINUOUS
100
AcDbLine
 10
74.8719040000000007
 20
-108.0774380000000008
 30
0
 11
74.9195229999999981
 21
-108.1250569999999982
 31
0
  0
LINE
  5
F8
330
1B
100
AcDbEntity
  8
F.Silkscreen
  6
CONTINUOUS
100
AcDbLine
 10
74.9195229999999981
 20
-108.1250569999999982
 30
0
 11
74.9671419999999955
 21
-108.220294999999993
 31
0
  0
LINE
  5
F9
330
1B
100
AcDbEntity
  8
F.Silkscreen
  6
CONTINUOUS
100
AcDbLine
 10
74.9671419999999955
 20
-108.220294999999993
 30
0
 11
74.9671419999999955
 21
-108.3631519999999995
 31
0
  0
LINE
  5
FA
330
1B
100
AcDbEntity
  8
F.Silkscreen
  6
CONTINUOUS
100
AcDbLine
 10
74.9671419999999955
 20
-108.3631519999999995
 30
0
 11
74.9195229999999981
 21
-108.4583899999999943
 31
0
  0
LINE
  5
FB
330
1B
100
AcDbEntity
  8
F.Silkscreen
  6
CONTINUOUS
100
AcDbLine
 10
74.9195229999999981
 20
-108.4583899999999943
 30
0
 11
74.8719040000000007
 21
-108.5060089999999917
 31
0
  0
LINE
  5
FC
330
1B
100
AcDbEntity
  8
F.Silkscreen
  6
CONTINUOUS
100
AcDbLine
 10
74.8719040000000007
 20
-108.5060089999999917
 30
0
 11
74.7766659999999916
 21
-108.5536279999999891
 31
0
  0
LINE
  5
FD
330
1B
100
AcDbEntity
  8
F.Silkscreen
  6
CONTINUOUS
100
AcDbLine
 10
74.7766659999999916
 20
-108.5536279999999891
 30
0
 11
74.3957139999999981
 21
-108.5536279999999891
 31
0
  0
LINE
  5
FE
330
1B
100
AcDbEntity
  8
F.Silkscreen
  6
CONTINUOUS
100
AcDbLine
 10
75.3480950000000007
 20
-108.1250569999999982
 30
0
 11
75.3957139999999981
 21
-108.0774380000000008
 31
0
  0
LINE
  5
FF
330
1B
100
AcDbEntity
  8
F.Silkscreen
  6
CONTINUOUS
100
AcDbLine
 10
75.3957139999999981
 20
-108.0774380000000008
 30
0
 11
75.4909519999999929
 21
-108.0298189999999892
 31
0
  0
LINE
  5
100
330
1B
100
AcDbEntity
  8
F.Silkscreen
  6
CONTINUOUS
100
AcDbLine
 10
75.4909519999999929
 20
-108.0298189999999892
 30
0
 11
75.7290469999999942
 21
-108.0298189999999892
 31
0
  0
LINE
  5
101
330
1B
100
AcDbEntity
  8
F.Silkscreen
  6
CONTINUOUS
100
AcDbLine
 10
75.7290469999999942
 20
-108.0298189999999892
 30
0
 11
75.8242850000000033
 21
-108.0774380000000008
 31
0
  0
LINE
  5
102
330
1B
100
AcDbEntity
  8
F.Silkscreen
  6
CONTINUOUS
100
AcDbLine
 10
75.8242850000000033
 20
-108.0774380000000008
 30
0
 11
75.8719040000000007
 21
-108.1250569999999982
 31
0
  0
LINE
  5
103
330
1B
100
AcDbEntity
  8
F.Silkscreen
  6
CONTINUOUS
100
AcDbLine
 10
75.8719040000000007
 20
-108.1250569999999982
 30
0
 11
75.9195229999999981
 21
-108.220294999999993
 31
0
  0
LINE
  5
104
330
1B
100
AcDbEntity
  8
F.Silkscreen
  6
CONTINUOUS
100
AcDbLine
 10
75.9195229999999981
 20
-108.220294999999993
 30
0
 11
75.9195229999999981
 21
-108.3155330000000021
 31
0
  0
LINE
  5
105
330
1B
100
AcDbEntity
  8
F.Silkscreen
  6
CONTINUOUS
100
AcDbLine
 10
75.9195229999999981
 20
-108.3155330000000021
 30
0
 11
75.8719040000000007
 21
-108.4583899999999943
 31
0
  0
LINE
  5
106
330
1B
100
AcDbEntity
  8
F.Silkscreen
  6
CONTINUOUS
100
AcDbLine
 10
75.8719040000000007
 20
-108.4583899999999943
 30
0
 11
75.3004760000000033
 21
-109.0298189999999892
 31
0
  0
LINE
  5
107
330
1B
100
AcDbEntity
  8
F.Silkscreen
  6
CONTINUOUS
100
AcDbLine
 10
75.3004760000000033
 20
-109.0298189999999892
 30
0
 11
75.9195229999999981
 21
-109.0298189999999892
 31
0
  0
LINE
  5
108
330
1B
100
AcDbEntity
  8
F.Silkscreen
  6
CONTINUOUS
100
AcDbLine
 10
76.7766659999999916
 20
-108.0298189999999892
 30
0
 11
76.586190000000002
 21
-108.0298189999999892
 31
0
  0
LINE
  5
109
330
1B
100
AcDbEntity
  8
F.Silkscreen
  6
CONTINUOUS
100
AcDbLine
 10
76.586190000000002
 20
-108.0298189999999892
 30
0
 11
76.4909519999999929
 21
-108.0774380000000008
 31
0
  0
LINE
  5
10A
330
1B
100
AcDbEntity
  8
F.Silkscreen
  6
CONTINUOUS
100
AcDbLine
 10
76.4909519999999929
 20
-108.0774380000000008
 30
0
 11
76.4433329999999955
 21
-108.1250569999999982
 31
0
  0
LINE
  5
10B
330
1B
100
AcDbEntity
  8
F.Silkscreen
  6
CONTINUOUS
100
AcDbLine
 10
76.4433329999999955
 20
-108.1250569999999982
 30
0
 11
76.3480950000000007
 21
-108.2679139999999904
 31
0
  0
LINE
  5
10C
330
1B
100
AcDbEntity
  8
F.Silkscreen
  6
CONTINUOUS
100
AcDbLine
 10
76.3480950000000007
 20
-108.2679139999999904
 30
0
 11
76.3004760000000033
 21
-108.4583899999999943
 31
0
  0
LINE
  5
10D
330
1B
100
AcDbEntity
  8
F.Silkscreen
  6
CONTINUOUS
100
AcDbLine
 10
76.3004760000000033
 20
-108.4583899999999943
 30
0
 11
76.3004760000000033
 21
-108.839342000000002
 31
0
  0
LINE
  5
10E
330
1B
100
AcDbEntity
  8
F.Silkscreen
  6
CONTINUOUS
100
AcDbLine
 10
76.3004760000000033
 20
-108.839342000000002
 30
0
 11
76.3480950000000007
 21
-108.9345799999999969
 31
0
  0
LINE
  5
10F
330
1B
100
AcDbEntity
  8
F.Silkscreen
  6
CONTINUOUS
100
AcDbLine
 10
76.3480950000000007
 20
-108.9345799999999969
 30
0
 11
76.3957139999999981
 21
-108.9821999999999917
 31
0
  0
LINE
  5
110
330
1B
100
AcDbEntity
  8
F.Silkscreen
  6
CONTINUOUS
100
AcDbLine
 10
76.3957139999999981
 20
-108.9821999999999917
 30
0
 11
76.4909519999999929
 21
-109.0298189999999892
 31
0
  0
LINE
  5
111
330
1B
100
AcDbEntity
  8
F.Silkscreen
  6
CONTINUOUS
100
AcDbLine
 10
76.4909519999999929
 20
-109.0298189999999892
 30
0
 11
76.6814279999999968
 21
-109.0298189999999892
 31
0
  0
LINE
  5
112
330
1B
100
AcDbEntity
  8
F.Silkscreen
  6
CONTINUOUS
100
AcDbLine
 10
76.6814279999999968
 20
-109.0298189999999892
 30
0
 11
76.7766659999999916
 21
-108.9821999999999917
 31
0
  0
LINE
  5
113
330
1B
100
AcDbEntity
  8
F.Silkscreen
  6
CONTINUOUS
100
AcDbLine
 10
76.7766659999999916
 20
-108.9821999999999917
 30
0
 11
76.8242850000000033
 21
-108.9345799999999969
 31
0
  0
LINE
  5
114
330
1B
100
AcDbEntity
  8
F.Silkscreen
  6
CONTINUOUS
100
AcDbLine
 10
76.8242850000000033
 20
-108.9345799999999969
 30
0
 11
76.8719040000000007
 21
-108.839342000000002
 31
0
  0
LINE
  5
115
330
1B
100
AcDbEntity
  8
F.Silkscreen
  6
CONTINUOUS
100
AcDbLine
 10
76.8719040000000007
 20
-108.839342000000002
 30
0
 11
76.8719040000000007
 21
-108.6012470000000008
 31
0
  0
LINE
  5
116
330
1B
100
AcDbEntity
  8
F.Silkscreen
  6
CONTINUOUS
100
AcDbLine
 10
76.8719040000000007
 20
-108.6012470000000008
 30
0
 11
76.8242850000000033
 21
-108.5060089999999917
 31
0
  0
LINE
  5
117
330
1B
100
AcDbEntity
  8
F.Silkscreen
  6
CONTINUOUS
100
AcDbLine
 10
76.8242850000000033
 20
-108.5060089999999917
 30
0
 11
76.7766659999999916
 21
-108.4583899999999943
 31
0
  0
LINE
  5
118
330
1B
100
AcDbEntity
  8
F.Silkscreen
  6
CONTINUOUS
100
AcDbLine
 10
76.7766659999999916
 20
-108.4583899999999943
 30
0
 11
76.6814279999999968
 21
-108.4107709999999969
 31
0
  0
LINE
  5
119
330
1B
100
AcDbEntity
  8
F.Silkscreen
  6
CONTINUOUS
100
AcDbLine
 10
76.6814279999999968
 20
-108.4107709999999969
 30
0
 11
76.4909519999999929
 21
-108.4107709999999969
 31
0
  0
LINE
  5
11A
330
1B
100
AcDbEntity
  8
F.Silkscreen
  6
CONTINUOUS
100
AcDbLine
 10
76.4909519999999929
 20
-108.4107709999999969
 30
0
 11
76.3957139999999981
 21
-108.4583899999999943
 31
0
  0
LINE
  5
11B
330
1B
100
AcDbEntity
  8
F.Silkscreen
  6
CONTINUOUS
100
AcDbLine
 10
76.3957139999999981
 20
-108.4583899999999943
 30
0
 11
76.3480950000000007
 21
-108.5060089999999917
 31
0
  0
LINE
  5
11C
330
1B
100
AcDbEntity
  8
F.Silkscreen
  6
CONTINUOUS
100
AcDbLine
 10
76.3480950000000007
 20
-108.5060089999999917
 30
0
 11
76.3004760000000033
 21
-108.6012470000000008
 31
0
  0
LINE
  5
11D
330
1B
100
AcDbEntity
  8
F.Silkscreen
  6
CONTINUOUS
100
AcDbLine
 10
40.9671419999999955
 20
-96.2898189999999943
 30
0
 11
40.6338089999999994
 21
-95.8136279999999942
 31
0
  0
LINE
  5
11E
330
1B
100
AcDbEntity
  8
F.Silkscreen
  6
CONTINUOUS
100
AcDbLine
 10
40.3957139999999981
 20
-96.2898189999999943
 30
0
 11
40.3957139999999981
 21
-95.2898189999999943
 31
0
  0
LINE
  5
11F
330
1B
100
AcDbEntity
  8
F.Silkscreen
  6
CONTINUOUS
100
AcDbLine
 10
40.3957139999999981
 20
-95.2898189999999943
 30
0
 11
40.7766659999999987
 21
-95.2898189999999943
 31
0
  0
LINE
  5
120
330
1B
100
AcDbEntity
  8
F.Silkscreen
  6
CONTINUOUS
100
AcDbLine
 10
40.7766659999999987
 20
-95.2898189999999943
 30
0
 11
40.8719040000000007
 21
-95.3374379999999917
 31
0
  0
LINE
  5
121
330
1B
100
AcDbEntity
  8
F.Silkscreen
  6
CONTINUOUS
100
AcDbLine
 10
40.8719040000000007
 20
-95.3374379999999917
 30
0
 11
40.9195229999999981
 21
-95.3850569999999891
 31
0
  0
LINE
  5
122
330
1B
100
AcDbEntity
  8
F.Silkscreen
  6
CONTINUOUS
100
AcDbLine
 10
40.9195229999999981
 20
-95.3850569999999891
 30
0
 11
40.9671419999999955
 21
-95.4802949999999981
 31
0
  0
LINE
  5
123
330
1B
100
AcDbEntity
  8
F.Silkscreen
  6
CONTINUOUS
100
AcDbLine
 10
40.9671419999999955
 20
-95.4802949999999981
 30
0
 11
40.9671419999999955
 21
-95.6231519999999904
 31
0
  0
LINE
  5
124
330
1B
100
AcDbEntity
  8
F.Silkscreen
  6
CONTINUOUS
100
AcDbLine
 10
40.9671419999999955
 20
-95.6231519999999904
 30
0
 11
40.9195229999999981
 21
-95.7183899999999994
 31
0
  0
LINE
  5
125
330
1B
100
AcDbEntity
  8
F.Silkscreen
  6
CONTINUOUS
100
AcDbLine
 10
40.9195229999999981
 20
-95.7183899999999994
 30
0
 11
40.8719040000000007
 21
-95.7660089999999968
 31
0
  0
LINE
  5
126
330
1B
100
AcDbEntity
  8
F.Silkscreen
  6
CONTINUOUS
100
AcDbLine
 10
40.8719040000000007
 20
-95.7660089999999968
 30
0
 11
40.7766659999999987
 21
-95.8136279999999942
 31
0
  0
LINE
  5
127
330
1B
100
AcDbEntity
  8
F.Silkscreen
  6
CONTINUOUS
100
AcDbLine
 10
40.7766659999999987
 20
-95.8136279999999942
 30
0
 11
40.3957139999999981
 21
-95.8136279999999942
 31
0
  0
LINE
  5
128
330
1B
100
AcDbEntity
  8
F.Silkscreen
  6
CONTINUOUS
100
AcDbLine
 10
41.3480950000000007
 20
-95.3850569999999891
 30
0
 11
41.3957139999999981
 21
-95.3374379999999917
 31
0
  0
LINE
  5
129
330
1B
100
AcDbEntity
  8
F.Silkscreen
  6
CONTINUOUS
100
AcDbLine
 10
41.3957139999999981
 20
-95.3374379999999917
 30
0
 11
41.4909520000000001
 21
-95.2898189999999943
 31
0
  0
LINE
  5
12A
330
1B
100
AcDbEntity
  8
F.Silkscreen
  6
CONTINUOUS
100
AcDbLine
 10
41.4909520000000001
 20
-95.2898189999999943
 30
0
 11
41.7290470000000013
 21
-95.2898189999999943
 31
0
  0
LINE
  5
12B
330
1B
100
AcDbEntity
  8
F.Silkscreen
  6
CONTINUOUS
100
AcDbLine
 10
41.7290470000000013
 20
-95.2898189999999943
 30
0
 11
41.8242849999999962
 21
-95.3374379999999917
 31
0
  0
LINE
  5
12C
330
1B
100
AcDbEntity
  8
F.Silkscreen
  6
CONTINUOUS
100
AcDbLine
 10
41.8242849999999962
 20
-95.3374379999999917
 30
0
 11
41.8719040000000007
 21
-95.3850569999999891
 31
0
  0
LINE
  5
12D
330
1B
100
AcDbEntity
  8
F.Silkscreen
  6
CONTINUOUS
100
AcDbLine
 10
41.8719040000000007
 20
-95.3850569999999891
 30
0
 11
41.9195229999999981
 21
-95.4802949999999981
 31
0
  0
LINE
  5
12E
330
1B
100
AcDbEntity
  8
F.Silkscreen
  6
CONTINUOUS
100
AcDbLine
 10
41.9195229999999981
 20
-95.4802949999999981
 30
0
 11
41.9195229999999981
 21
-95.575532999999993
 31
0
  0
LINE
  5
12F
330
1B
100
AcDbEntity
  8
F.Silkscreen
  6
CONTINUOUS
100
AcDbLine
 10
41.9195229999999981
 20
-95.575532999999993
 30
0
 11
41.8719040000000007
 21
-95.7183899999999994
 31
0
  0
LINE
  5
130
330
1B
100
AcDbEntity
  8
F.Silkscreen
  6
CONTINUOUS
100
AcDbLine
 10
41.8719040000000007
 20
-95.7183899999999994
 30
0
 11
41.3004759999999962
 21
-96.2898189999999943
 31
0
  0
LINE
  5
131
330
1B
100
AcDbEntity
  8
F.Silkscreen
  6
CONTINUOUS
100
AcDbLine
 10
41.3004759999999962
 20
-96.2898189999999943
 30
0
 11
41.9195229999999981
 21
-96.2898189999999943
 31
0
  0
LINE
  5
132
330
1B
100
AcDbEntity
  8
F.Silkscreen
  6
CONTINUOUS
100
AcDbLine
 10
42.3004759999999962
 20
-95.3850569999999891
 30
0
 11
42.3480950000000007
 21
-95.3374379999999917
 31
0
  0
LINE
  5
133
330
1B
100
AcDbEntity
  8
F.Silkscreen
  6
CONTINUOUS
100
AcDbLine
 10
42.3480950000000007
 20
-95.3374379999999917
 30
0
 11
42.4433329999999955
 21
-95.2898189999999943
 31
0
  0
LINE
  5
134
330
1B
100
AcDbEntity
  8
F.Silkscreen
  6
CONTINUOUS
100
AcDbLine
 10
42.4433329999999955
 20
-95.2898189999999943
 30
0
 11
42.6814279999999968
 21
-95.2898189999999943
 31
0
  0
LINE
  5
135
330
1B
100
AcDbEntity
  8
F.Silkscreen
  6
CONTINUOUS
100
AcDbLine
 10
42.6814279999999968
 20
-95.2898189999999943
 30
0
 11
42.7766659999999987
 21
-95.3374379999999917
 31
0
  0
LINE
  5
136
330
1B
100
AcDbEntity
  8
F.Silkscreen
  6
CONTINUOUS
100
AcDbLine
 10
42.7766659999999987
 20
-95.3374379999999917
 30
0
 11
42.8242849999999962
 21
-95.3850569999999891
 31
0
  0
LINE
  5
137
330
1B
100
AcDbEntity
  8
F.Silkscreen
  6
CONTINUOUS
100
AcDbLine
 10
42.8242849999999962
 20
-95.3850569999999891
 30
0
 11
42.8719040000000007
 21
-95.4802949999999981
 31
0
  0
LINE
  5
138
330
1B
100
AcDbEntity
  8
F.Silkscreen
  6
CONTINUOUS
100
AcDbLine
 10
42.8719040000000007
 20
-95.4802949999999981
 30
0
 11
42.8719040000000007
 21
-95.575532999999993
 31
0
  0
LINE
  5
139
330
1B
100
AcDbEntity
  8
F.Silkscreen
  6
CONTINUOUS
100
AcDbLine
 10
42.8719040000000007
 20
-95.575532999999993
 30
0
 11
42.8242849999999962
 21
-95.7183899999999994
 31
0
  0
LINE
  5
13A
330
1B
100
AcDbEntity
  8
F.Silkscreen
  6
CONTINUOUS
100
AcDbLine
 10
42.8242849999999962
 20
-95.7183899999999994
 30
0
 11
42.2528569999999988
 21
-96.2898189999999943
 31
0
  0
LINE
  5
13B
330
1B
100
AcDbEntity
  8
F.Silkscreen
  6
CONTINUOUS
100
AcDbLine
 10
42.2528569999999988
 20
-96.2898189999999943
 30
0
 11
42.8719040000000007
 21
-96.2898189999999943
 31
0
  0
LINE
  5
13C
330
1B
100
AcDbEntity
  8
F.Silkscreen
  6
CONTINUOUS
100
AcDbLine
 10
81.9671419999999955
 20
-70.0645799999999923
 30
0
 11
81.9195229999999981
 21
-70.1122000000000014
 31
0
  0
LINE
  5
13D
330
1B
100
AcDbEntity
  8
F.Silkscreen
  6
CONTINUOUS
100
AcDbLine
 10
81.9195229999999981
 20
-70.1122000000000014
 30
0
 11
81.7766659999999916
 21
-70.1598189999999988
 31
0
  0
LINE
  5
13E
330
1B
100
AcDbEntity
  8
F.Silkscreen
  6
CONTINUOUS
100
AcDbLine
 10
81.7766659999999916
 20
-70.1598189999999988
 30
0
 11
81.6814279999999968
 21
-70.1598189999999988
 31
0
  0
LINE
  5
13F
330
1B
100
AcDbEntity
  8
F.Silkscreen
  6
CONTINUOUS
100
AcDbLine
 10
81.6814279999999968
 20
-70.1598189999999988
 30
0
 11
81.5385709999999904
 21
-70.1122000000000014
 31
0
  0
LINE
  5
140
330
1B
100
AcDbEntity
  8
F.Silkscreen
  6
CONTINUOUS
100
AcDbLine
 10
81.5385709999999904
 20
-70.1122000000000014
 30
0
 11
81.4433329999999955
 21
-70.0169609999999949
 31
0
  0
LINE
  5
141
330
1B
100
AcDbEntity
  8
F.Silkscreen
  6
CONTINUOUS
100
AcDbLine
 10
81.4433329999999955
 20
-70.0169609999999949
 30
0
 11
81.3957139999999981
 21
-69.9217230000000001
 31
0
  0
LINE
  5
142
330
1B
100
AcDbEntity
  8
F.Silkscreen
  6
CONTINUOUS
100
AcDbLine
 10
81.3957139999999981
 20
-69.9217230000000001
 30
0
 11
81.3480950000000007
 21
-69.7312469999999962
 31
0
  0
LINE
  5
143
330
1B
100
AcDbEntity
  8
F.Silkscreen
  6
CONTINUOUS
100
AcDbLine
 10
81.3480950000000007
 20
-69.7312469999999962
 30
0
 11
81.3480950000000007
 21
-69.5883899999999898
 31
0
  0
LINE
  5
144
330
1B
100
AcDbEntity
  8
F.Silkscreen
  6
CONTINUOUS
100
AcDbLine
 10
81.3480950000000007
 20
-69.5883899999999898
 30
0
 11
81.3957139999999981
 21
-69.3979140000000001
 31
0
  0
LINE
  5
145
330
1B
100
AcDbEntity
  8
F.Silkscreen
  6
CONTINUOUS
100
AcDbLine
 10
81.3957139999999981
 20
-69.3979140000000001
 30
0
 11
81.4433329999999955
 21
-69.3026759999999911
 31
0
  0
LINE
  5
146
330
1B
100
AcDbEntity
  8
F.Silkscreen
  6
CONTINUOUS
100
AcDbLine
 10
81.4433329999999955
 20
-69.3026759999999911
 30
0
 11
81.5385709999999904
 21
-69.2074379999999962
 31
0
  0
LINE
  5
147
330
1B
100
AcDbEntity
  8
F.Silkscreen
  6
CONTINUOUS
100
AcDbLine
 10
81.5385709999999904
 20
-69.2074379999999962
 30
0
 11
81.6814279999999968
 21
-69.1598189999999988
 31
0
  0
LINE
  5
148
330
1B
100
AcDbEntity
  8
F.Silkscreen
  6
CONTINUOUS
100
AcDbLine
 10
81.6814279999999968
 20
-69.1598189999999988
 30
0
 11
81.7766659999999916
 21
-69.1598189999999988
 31
0
  0
LINE
  5
149
330
1B
100
AcDbEntity
  8
F.Silkscreen
  6
CONTINUOUS
100
AcDbLine
 10
81.7766659999999916
 20
-69.1598189999999988
 30
0
 11
81.9195229999999981
 21
-69.2074379999999962
 31
0
  0
LINE
  5
14A
330
1B
100
AcDbEntity
  8
F.Silkscreen
  6
CONTINUOUS
100
AcDbLine
 10
81.9195229999999981
 20
-69.2074379999999962
 30
0
 11
81.9671419999999955
 21
-69.2550569999999936
 31
0
  0
LINE
  5
14B
330
1B
100
AcDbEntity
  8
F.Silkscreen
  6
CONTINUOUS
100
AcDbLine
 10
82.3480950000000007
 20
-69.2550569999999936
 30
0
 11
82.3957139999999981
 21
-69.2074379999999962
 31
0
  0
LINE
  5
14C
330
1B
100
AcDbEntity
  8
F.Silkscreen
  6
CONTINUOUS
100
AcDbLine
 10
82.3957139999999981
 20
-69.2074379999999962
 30
0
 11
82.4909519999999929
 21
-69.1598189999999988
 31
0
  0
LINE
  5
14D
330
1B
100
AcDbEntity
  8
F.Silkscreen
  6
CONTINUOUS
100
AcDbLine
 10
82.4909519999999929
 20
-69.1598189999999988
 30
0
 11
82.7290469999999942
 21
-69.1598189999999988
 31
0
  0
LINE
  5
14E
330
1B
100
AcDbEntity
  8
F.Silkscreen
  6
CONTINUOUS
100
AcDbLine
 10
82.7290469999999942
 20
-69.1598189999999988
 30
0
 11
82.8242850000000033
 21
-69.2074379999999962
 31
0
  0
LINE
  5
14F
330
1B
100
AcDbEntity
  8
F.Silkscreen
  6
CONTINUOUS
100
AcDbLine
 10
82.8242850000000033
 20
-69.2074379999999962
 30
0
 11
82.8719040000000007
 21
-69.2550569999999936
 31
0
  0
LINE
  5
150
330
1B
100
AcDbEntity
  8
F.Silkscreen
  6
CONTINUOUS
100
AcDbLine
 10
82.8719040000000007
 20
-69.2550569999999936
 30
0
 11
82.9195229999999981
 21
-69.3502950000000027
 31
0
  0
LINE
  5
151
330
1B
100
AcDbEntity
  8
F.Silkscreen
  6
CONTINUOUS
100
AcDbLine
 10
82.9195229999999981
 20
-69.3502950000000027
 30
0
 11
82.9195229999999981
 21
-69.4455329999999975
 31
0
  0
LINE
  5
152
330
1B
100
AcDbEntity
  8
F.Silkscreen
  6
CONTINUOUS
100
AcDbLine
 10
82.9195229999999981
 20
-69.4455329999999975
 30
0
 11
82.8719040000000007
 21
-69.5883899999999898
 31
0
  0
LINE
  5
153
330
1B
100
AcDbEntity
  8
F.Silkscreen
  6
CONTINUOUS
100
AcDbLine
 10
82.8719040000000007
 20
-69.5883899999999898
 30
0
 11
82.3004760000000033
 21
-70.1598189999999988
 31
0
  0
LINE
  5
154
330
1B
100
AcDbEntity
  8
F.Silkscreen
  6
CONTINUOUS
100
AcDbLine
 10
82.3004760000000033
 20
-70.1598189999999988
 30
0
 11
82.9195229999999981
 21
-70.1598189999999988
 31
0
  0
LINE
  5
155
330
1B
100
AcDbEntity
  8
F.Silkscreen
  6
CONTINUOUS
100
AcDbLine
 10
83.4909519999999929
 20
-69.5883899999999898
 30
0
 11
83.3957139999999981
 21
-69.5407709999999923
 31
0
  0
LINE
  5
156
330
1B
100
AcDbEntity
  8
F.Silkscreen
  6
CONTINUOUS
100
AcDbLine
 10
83.3957139999999981
 20
-69.5407709999999923
 30
0
 11
83.3480950000000007
 21
-69.4931519999999949
 31
0
  0
LINE
  5
157
330
1B
100
AcDbEntity
  8
F.Silkscreen
  6
CONTINUOUS
100
AcDbLine
 10
83.3480950000000007
 20
-69.4931519999999949
 30
0
 11
83.3004760000000033
 21
-69.3979140000000001
 31
0
  0
LINE
  5
158
330
1B
100
AcDbEntity
  8
F.Silkscreen
  6
CONTINUOUS
100
AcDbLine
 10
83.3004760000000033
 20
-69.3979140000000001
 30
0
 11
83.3004760000000033
 21
-69.3502950000000027
 31
0
  0
LINE
  5
159
330
1B
100
AcDbEntity
  8
F.Silkscreen
  6
CONTINUOUS
100
AcDbLine
 10
83.3004760000000033
 20
-69.3502950000000027
 30
0
 11
83.3480950000000007
 21
-69.2550569999999936
 31
0
  0
LINE
  5
15A
330
1B
100
AcDbEntity
  8
F.Silkscreen
  6
CONTINUOUS
100
AcDbLine
 10
83.3480950000000007
 20
-69.2550569999999936
 30
0
 11
83.3957139999999981
 21
-69.2074379999999962
 31
0
  0
LINE
  5
15B
330
1B
100
AcDbEntity
  8
F.Silkscreen
  6
CONTINUOUS
100
AcDbLine
 10
83.3957139999999981
 20
-69.2074379999999962
 30
0
 11
83.4909519999999929
 21
-69.1598189999999988
 31
0
  0
LINE
  5
15C
330
1B
100
AcDbEntity
  8
F.Silkscreen
  6
CONTINUOUS
100
AcDbLine
 10
83.4909519999999929
 20
-69.1598189999999988
 30
0
 11
83.6814279999999968
 21
-69.1598189999999988
 31
0
  0
LINE
  5
15D
330
1B
100
AcDbEntity
  8
F.Silkscreen
  6
CONTINUOUS
100
AcDbLine
 10
83.6814279999999968
 20
-69.1598189999999988
 30
0
 11
83.7766659999999916
 21
-69.2074379999999962
 31
0
  0
LINE
  5
15E
330
1B
100
AcDbEntity
  8
F.Silkscreen
  6
CONTINUOUS
100
AcDbLine
 10
83.7766659999999916
 20
-69.2074379999999962
 30
0
 11
83.8242850000000033
 21
-69.2550569999999936
 31
0
  0
LINE
  5
15F
330
1B
100
AcDbEntity
  8
F.Silkscreen
  6
CONTINUOUS
100
AcDbLine
 10
83.8242850000000033
 20
-69.2550569999999936
 30
0
 11
83.8719040000000007
 21
-69.3502950000000027
 31
0
  0
LINE
  5
160
330
1B
100
AcDbEntity
  8
F.Silkscreen
  6
CONTINUOUS
100
AcDbLine
 10
83.8719040000000007
 20
-69.3502950000000027
 30
0
 11
83.8719040000000007
 21
-69.3979140000000001
 31
0
  0
LINE
  5
161
330
1B
100
AcDbEntity
  8
F.Silkscreen
  6
CONTINUOUS
100
AcDbLine
 10
83.8719040000000007
 20
-69.3979140000000001
 30
0
 11
83.8242850000000033
 21
-69.4931519999999949
 31
0
  0
LINE
  5
162
330
1B
100
AcDbEntity
  8
F.Silkscreen
  6
CONTINUOUS
100
AcDbLine
 10
83.8242850000000033
 20
-69.4931519999999949
 30
0
 11
83.7766659999999916
 21
-69.5407709999999923
 31
0
  0
LINE
  5
163
330
1B
100
AcDbEntity
  8
F.Silkscreen
  6
CONTINUOUS
100
AcDbLine
 10
83.7766659999999916
 20
-69.5407709999999923
 30
0
 11
83.6814279999999968
 21
-69.5883899999999898
 31
0
  0
LINE
  5
164
330
1B
100
AcDbEntity
  8
F.Silkscreen
  6
CONTINUOUS
100
AcDbLine
 10
83.6814279999999968
 20
-69.5883899999999898
 30
0
 11
83.4909519999999929
 21
-69.5883899999999898
 31
0
  0
LINE
  5
165
330
1B
100
AcDbEntity
  8
F.Silkscreen
  6
CONTINUOUS
100
AcDbLine
 10
83.4909519999999929
 20
-69.5883899999999898
 30
0
 11
83.3957139999999981
 21
-69.6360090000000014
 31
0
  0
LINE
  5
166
330
1B
100
AcDbEntity
  8
F.Silkscreen
  6
CONTINUOUS
100
AcDbLine
 10
83.3957139999999981
 20
-69.6360090000000014
 30
0
 11
83.3480950000000007
 21
-69.6836279999999988
 31
0
  0
LINE
  5
167
330
1B
100
AcDbEntity
  8
F.Silkscreen
  6
CONTINUOUS
100
AcDbLine
 10
83.3480950000000007
 20
-69.6836279999999988
 30
0
 11
83.3004760000000033
 21
-69.7788659999999936
 31
0
  0
LINE
  5
168
330
1B
100
AcDbEntity
  8
F.Silkscreen
  6
CONTINUOUS
100
AcDbLine
 10
83.3004760000000033
 20
-69.7788659999999936
 30
0
 11
83.3004760000000033
 21
-69.9693419999999975
 31
0
  0
LINE
  5
169
330
1B
100
AcDbEntity
  8
F.Silkscreen
  6
CONTINUOUS
100
AcDbLine
 10
83.3004760000000033
 20
-69.9693419999999975
 30
0
 11
83.3480950000000007
 21
-70.0645799999999923
 31
0
  0
LINE
  5
16A
330
1B
100
AcDbEntity
  8
F.Silkscreen
  6
CONTINUOUS
100
AcDbLine
 10
83.3480950000000007
 20
-70.0645799999999923
 30
0
 11
83.3957139999999981
 21
-70.1122000000000014
 31
0
  0
LINE
  5
16B
330
1B
100
AcDbEntity
  8
F.Silkscreen
  6
CONTINUOUS
100
AcDbLine
 10
83.3957139999999981
 20
-70.1122000000000014
 30
0
 11
83.4909519999999929
 21
-70.1598189999999988
 31
0
  0
LINE
  5
16C
330
1B
100
AcDbEntity
  8
F.Silkscreen
  6
CONTINUOUS
100
AcDbLine
 10
83.4909519999999929
 20
-70.1598189999999988
 30
0
 11
83.6814279999999968
 21
-70.1598189999999988
 31
0
  0
LINE
  5
16D
330
1B
100
AcDbEntity
  8
F.Silkscreen
  6
CONTINUOUS
100
AcDbLine
 10
83.6814279999999968
 20
-70.1598189999999988
 30
0
 11
83.7766659999999916
 21
-70.1122000000000014
 31
0
  0
LINE
  5
16E
330
1B
100
AcDbEntity
  8
F.Silkscreen
  6
CONTINUOUS
100
AcDbLine
 10
83.7766659999999916
 20
-70.1122000000000014
 30
0
 11
83.8242850000000033
 21
-70.0645799999999923
 31
0
  0
LINE
  5
16F
330
1B
100
AcDbEntity
  8
F.Silkscreen
  6
CONTINUOUS
100
AcDbLine
 10
83.8242850000000033
 20
-70.0645799999999923
 30
0
 11
83.8719040000000007
 21
-69.9693419999999975
 31
0
  0
LINE
  5
170
330
1B
100
AcDbEntity
  8
F.Silkscreen
  6
CONTINUOUS
100
AcDbLine
 10
83.8719040000000007
 20
-69.9693419999999975
 30
0
 11
83.8719040000000007
 21
-69.7788659999999936
 31
0
  0
LINE
  5
171
330
1B
100
AcDbEntity
  8
F.Silkscreen
  6
CONTINUOUS
100
AcDbLine
 10
83.8719040000000007
 20
-69.7788659999999936
 30
0
 11
83.8242850000000033
 21
-69.6836279999999988
 31
0
  0
LINE
  5
172
330
1B
100
AcDbEntity
  8
F.Silkscreen
  6
CONTINUOUS
100
AcDbLine
 10
83.8242850000000033
 20
-69.6836279999999988
 30
0
 11
83.7766659999999916
 21
-69.6360090000000014
 31
0
  0
LINE
  5
173
330
1B
100
AcDbEntity
  8
F.Silkscreen
  6
CONTINUOUS
100
AcDbLine
 10
83.7766659999999916
 20
-69.6360090000000014
 30
0
 11
83.6814279999999968
 21
-69.5883899999999898
 31
0
  0
LINE
  5
174
330
1B
100
AcDbEntity
  8
F.Silkscreen
  6
CONTINUOUS
100
AcDbLine
 10
91.3719049999999982
 20
-41.5198189999999983
 30
0
 11
91.3719049999999982
 21
-42.3293419999999969
 31
0
  0
LINE
  5
175
330
1B
100
AcDbEntity
  8
F.Silkscreen
  6
CONTINUOUS
100
AcDbLine
 10
91.3719049999999982
 20
-42.3293419999999969
 30
0
 11
91.4195239999999956
 21
-42.4245799999999988
 31
0
  0
LINE
  5
176
330
1B
100
AcDbEntity
  8
F.Silkscreen
  6
CONTINUOUS
100
AcDbLine
 10
91.4195239999999956
 20
-42.4245799999999988
 30
0
 11
91.467142999999993
 21
-42.4722000000000008
 31
0
  0
LINE
  5
177
330
1B
100
AcDbEntity
  8
F.Silkscreen
  6
CONTINUOUS
100
AcDbLine
 10
91.467142999999993
 20
-42.4722000000000008
 30
0
 11
91.562381000000002
 21
-42.5198189999999983
 31
0
  0
LINE
  5
178
330
1B
100
AcDbEntity
  8
F.Silkscreen
  6
CONTINUOUS
100
AcDbLine
 10
91.562381000000002
 20
-42.5198189999999983
 30
0
 11
91.7528569999999917
 21
-42.5198189999999983
 31
0
  0
LINE
  5
179
330
1B
100
AcDbEntity
  8
F.Silkscreen
  6
CONTINUOUS
100
AcDbLine
 10
91.7528569999999917
 20
-42.5198189999999983
 30
0
 11
91.8480950000000007
 21
-42.4722000000000008
 31
0
  0
LINE
  5
17A
330
1B
100
AcDbEntity
  8
F.Silkscreen
  6
CONTINUOUS
100
AcDbLine
 10
91.8480950000000007
 20
-42.4722000000000008
 30
0
 11
91.8957139999999981
 21
-42.4245799999999988
 31
0
  0
LINE
  5
17B
330
1B
100
AcDbEntity
  8
F.Silkscreen
  6
CONTINUOUS
100
AcDbLine
 10
91.8957139999999981
 20
-42.4245799999999988
 30
0
 11
91.9433329999999955
 21
-42.3293419999999969
 31
0
  0
LINE
  5
17C
330
1B
100
AcDbEntity
  8
F.Silkscreen
  6
CONTINUOUS
100
AcDbLine
 10
91.9433329999999955
 20
-42.3293419999999969
 30
0
 11
91.9433329999999955
 21
-41.5198189999999983
 31
0
  0
LINE
  5
17D
330
1B
100
AcDbEntity
  8
F.Silkscreen
  6
CONTINUOUS
100
AcDbLine
 10
92.3719049999999982
 20
-41.6150570000000002
 30
0
 11
92.4195239999999956
 21
-41.5674379999999957
 31
0
  0
LINE
  5
17E
330
1B
100
AcDbEntity
  8
F.Silkscreen
  6
CONTINUOUS
100
AcDbLine
 10
92.4195239999999956
 20
-41.5674379999999957
 30
0
 11
92.5147619999999904
 21
-41.5198189999999983
 31
0
  0
LINE
  5
17F
330
1B
100
AcDbEntity
  8
F.Silkscreen
  6
CONTINUOUS
100
AcDbLine
 10
92.5147619999999904
 20
-41.5198189999999983
 30
0
 11
92.7528569999999917
 21
-41.5198189999999983
 31
0
  0
LINE
  5
180
330
1B
100
AcDbEntity
  8
F.Silkscreen
  6
CONTINUOUS
100
AcDbLine
 10
92.7528569999999917
 20
-41.5198189999999983
 30
0
 11
92.8480950000000007
 21
-41.5674379999999957
 31
0
  0
LINE
  5
181
330
1B
100
AcDbEntity
  8
F.Silkscreen
  6
CONTINUOUS
100
AcDbLine
 10
92.8480950000000007
 20
-41.5674379999999957
 30
0
 11
92.8957139999999981
 21
-41.6150570000000002
 31
0
  0
LINE
  5
182
330
1B
100
AcDbEntity
  8
F.Silkscreen
  6
CONTINUOUS
100
AcDbLine
 10
92.8957139999999981
 20
-41.6150570000000002
 30
0
 11
92.9433329999999955
 21
-41.710294999999995
 31
0
  0
LINE
  5
183
330
1B
100
AcDbEntity
  8
F.Silkscreen
  6
CONTINUOUS
100
AcDbLine
 10
92.9433329999999955
 20
-41.710294999999995
 30
0
 11
92.9433329999999955
 21
-41.8055329999999969
 31
0
  0
LINE
  5
184
330
1B
100
AcDbEntity
  8
F.Silkscreen
  6
CONTINUOUS
100
AcDbLine
 10
92.9433329999999955
 20
-41.8055329999999969
 30
0
 11
92.8957139999999981
 21
-41.9483899999999963
 31
0
  0
LINE
  5
185
330
1B
100
AcDbEntity
  8
F.Silkscreen
  6
CONTINUOUS
100
AcDbLine
 10
92.8957139999999981
 20
-41.9483899999999963
 30
0
 11
92.3242860000000007
 21
-42.5198189999999983
 31
0
  0
LINE
  5
186
330
1B
100
AcDbEntity
  8
F.Silkscreen
  6
CONTINUOUS
100
AcDbLine
 10
92.3242860000000007
 20
-42.5198189999999983
 30
0
 11
92.9433329999999955
 21
-42.5198189999999983
 31
0
  0
LINE
  5
187
330
1B
100
AcDbEntity
  8
F.Silkscreen
  6
CONTINUOUS
100
AcDbLine
 10
93.8957139999999981
 20
-42.5198189999999983
 30
0
 11
93.3242860000000007
 21
-42.5198189999999983
 31
0
  0
LINE
  5
188
330
1B
100
AcDbEntity
  8
F.Silkscreen
  6
CONTINUOUS
100
AcDbLine
 10
93.6099999999999994
 20
-42.5198189999999983
 30
0
 11
93.6099999999999994
 21
-41.5198189999999983
 31
0
  0
LINE
  5
189
330
1B
100
AcDbEntity
  8
F.Silkscreen
  6
CONTINUOUS
100
AcDbLine
 10
93.6099999999999994
 20
-41.5198189999999983
 30
0
 11
93.5147619999999904
 21
-41.6626759999999976
 31
0
  0
LINE
  5
18A
330
1B
100
AcDbEntity
  8
F.Silkscreen
  6
CONTINUOUS
100
AcDbLine
 10
93.5147619999999904
 20
-41.6626759999999976
 30
0
 11
93.4195239999999956
 21
-41.7579139999999995
 31
0
  0
LINE
  5
18B
330
1B
100
AcDbEntity
  8
F.Silkscreen
  6
CONTINUOUS
100
AcDbLine
 10
93.4195239999999956
 20
-41.7579139999999995
 30
0
 11
93.3242860000000007
 21
-41.8055329999999969
 31
0
  0
LINE
  5
18C
330
1B
100
AcDbEntity
  8
F.Silkscreen
  6
CONTINUOUS
100
AcDbLine
 10
39.3619050000000001
 20
-62.9048189999999963
 30
0
 11
39.3619050000000001
 21
-63.7143419999999949
 31
0
  0
LINE
  5
18D
330
1B
100
AcDbEntity
  8
F.Silkscreen
  6
CONTINUOUS
100
AcDbLine
 10
39.3619050000000001
 20
-63.7143419999999949
 30
0
 11
39.4095239999999976
 21
-63.8095799999999969
 31
0
  0
LINE
  5
18E
330
1B
100
AcDbEntity
  8
F.Silkscreen
  6
CONTINUOUS
100
AcDbLine
 10
39.4095239999999976
 20
-63.8095799999999969
 30
0
 11
39.457142999999995
 21
-63.8571999999999989
 31
0
  0
LINE
  5
18F
330
1B
100
AcDbEntity
  8
F.Silkscreen
  6
CONTINUOUS
100
AcDbLine
 10
39.457142999999995
 20
-63.8571999999999989
 30
0
 11
39.5523809999999969
 21
-63.9048189999999963
 31
0
  0
LINE
  5
190
330
1B
100
AcDbEntity
  8
F.Silkscreen
  6
CONTINUOUS
100
AcDbLine
 10
39.5523809999999969
 20
-63.9048189999999963
 30
0
 11
39.7428570000000008
 21
-63.9048189999999963
 31
0
  0
LINE
  5
191
330
1B
100
AcDbEntity
  8
F.Silkscreen
  6
CONTINUOUS
100
AcDbLine
 10
39.7428570000000008
 20
-63.9048189999999963
 30
0
 11
39.8380949999999956
 21
-63.8571999999999989
 31
0
  0
LINE
  5
192
330
1B
100
AcDbEntity
  8
F.Silkscreen
  6
CONTINUOUS
100
AcDbLine
 10
39.8380949999999956
 20
-63.8571999999999989
 30
0
 11
39.8857140000000001
 21
-63.8095799999999969
 31
0
  0
LINE
  5
193
330
1B
100
AcDbEntity
  8
F.Silkscreen
  6
CONTINUOUS
100
AcDbLine
 10
39.8857140000000001
 20
-63.8095799999999969
 30
0
 11
39.9333329999999975
 21
-63.7143419999999949
 31
0
  0
LINE
  5
194
330
1B
100
AcDbEntity
  8
F.Silkscreen
  6
CONTINUOUS
100
AcDbLine
 10
39.9333329999999975
 20
-63.7143419999999949
 30
0
 11
39.9333329999999975
 21
-62.9048189999999963
 31
0
  0
LINE
  5
195
330
1B
100
AcDbEntity
  8
F.Silkscreen
  6
CONTINUOUS
100
AcDbLine
 10
40.3619050000000001
 20
-63.0000569999999982
 30
0
 11
40.4095239999999976
 21
-62.9524379999999937
 31
0
  0
LINE
  5
196
330
1B
100
AcDbEntity
  8
F.Silkscreen
  6
CONTINUOUS
100
AcDbLine
 10
40.4095239999999976
 20
-62.9524379999999937
 30
0
 11
40.5047619999999995
 21
-62.9048189999999963
 31
0
  0
LINE
  5
197
330
1B
100
AcDbEntity
  8
F.Silkscreen
  6
CONTINUOUS
100
AcDbLine
 10
40.5047619999999995
 20
-62.9048189999999963
 30
0
 11
40.7428570000000008
 21
-62.9048189999999963
 31
0
  0
LINE
  5
198
330
1B
100
AcDbEntity
  8
F.Silkscreen
  6
CONTINUOUS
100
AcDbLine
 10
40.7428570000000008
 20
-62.9048189999999963
 30
0
 11
40.8380949999999956
 21
-62.9524379999999937
 31
0
  0
LINE
  5
199
330
1B
100
AcDbEntity
  8
F.Silkscreen
  6
CONTINUOUS
100
AcDbLine
 10
40.8380949999999956
 20
-62.9524379999999937
 30
0
 11
40.8857140000000001
 21
-63.0000569999999982
 31
0
  0
LINE
  5
19A
330
1B
100
AcDbEntity
  8
F.Silkscreen
  6
CONTINUOUS
100
AcDbLine
 10
40.8857140000000001
 20
-63.0000569999999982
 30
0
 11
40.9333329999999975
 21
-63.0952950000000001
 31
0
  0
LINE
  5
19B
330
1B
100
AcDbEntity
  8
F.Silkscreen
  6
CONTINUOUS
100
AcDbLine
 10
40.9333329999999975
 20
-63.0952950000000001
 30
0
 11
40.9333329999999975
 21
-63.190532999999995
 31
0
  0
LINE
  5
19C
330
1B
100
AcDbEntity
  8
F.Silkscreen
  6
CONTINUOUS
100
AcDbLine
 10
40.9333329999999975
 20
-63.190532999999995
 30
0
 11
40.8857140000000001
 21
-63.3333899999999943
 31
0
  0
LINE
  5
19D
330
1B
100
AcDbEntity
  8
F.Silkscreen
  6
CONTINUOUS
100
AcDbLine
 10
40.8857140000000001
 20
-63.3333899999999943
 30
0
 11
40.3142859999999956
 21
-63.9048189999999963
 31
0
  0
LINE
  5
19E
330
1B
100
AcDbEntity
  8
F.Silkscreen
  6
CONTINUOUS
100
AcDbLine
 10
40.3142859999999956
 20
-63.9048189999999963
 30
0
 11
40.9333329999999975
 21
-63.9048189999999963
 31
0
  0
LINE
  5
19F
330
1B
100
AcDbEntity
  8
F.Silkscreen
  6
CONTINUOUS
100
AcDbLine
 10
41.7904759999999982
 20
-63.2381519999999995
 30
0
 11
41.7904759999999982
 21
-63.9048189999999963
 31
0
  0
LINE
  5
1A0
330
1B
100
AcDbEntity
  8
F.Silkscreen
  6
CONTINUOUS
100
AcDbLine
 10
41.5523809999999969
 20
-62.8571999999999989
 30
0
 11
41.3142859999999956
 21
-63.5714849999999956
 31
0
  0
LINE
  5
1A1
330
1B
100
AcDbEntity
  8
F.Silkscreen
  6
CONTINUOUS
100
AcDbLine
 10
41.3142859999999956
 20
-63.5714849999999956
 30
0
 11
41.9333329999999975
 21
-63.5714849999999956
 31
0
  0
LINE
  5
1A2
330
1B
100
AcDbEntity
  8
F.Silkscreen
  6
CONTINUOUS
100
AcDbLine
 10
81.3719049999999982
 20
-68.5198189999999983
 30
0
 11
81.3719049999999982
 21
-69.3293419999999969
 31
0
  0
LINE
  5
1A3
330
1B
100
AcDbEntity
  8
F.Silkscreen
  6
CONTINUOUS
100
AcDbLine
 10
81.3719049999999982
 20
-69.3293419999999969
 30
0
 11
81.4195239999999956
 21
-69.4245799999999917
 31
0
  0
LINE
  5
1A4
330
1B
100
AcDbEntity
  8
F.Silkscreen
  6
CONTINUOUS
100
AcDbLine
 10
81.4195239999999956
 20
-69.4245799999999917
 30
0
 11
81.467142999999993
 21
-69.4722000000000008
 31
0
  0
LINE
  5
1A5
330
1B
100
AcDbEntity
  8
F.Silkscreen
  6
CONTINUOUS
100
AcDbLine
 10
81.467142999999993
 20
-69.4722000000000008
 30
0
 11
81.562381000000002
 21
-69.5198189999999983
 31
0
  0
LINE
  5
1A6
330
1B
100
AcDbEntity
  8
F.Silkscreen
  6
CONTINUOUS
100
AcDbLine
 10
81.562381000000002
 20
-69.5198189999999983
 30
0
 11
81.7528569999999917
 21
-69.5198189999999983
 31
0
  0
LINE
  5
1A7
330
1B
100
AcDbEntity
  8
F.Silkscreen
  6
CONTINUOUS
100
AcDbLine
 10
81.7528569999999917
 20
-69.5198189999999983
 30
0
 11
81.8480950000000007
 21
-69.4722000000000008
 31
0
  0
LINE
  5
1A8
330
1B
100
AcDbEntity
  8
F.Silkscreen
  6
CONTINUOUS
100
AcDbLine
 10
81.8480950000000007
 20
-69.4722000000000008
 30
0
 11
81.8957139999999981
 21
-69.4245799999999917
 31
0
  0
LINE
  5
1A9
330
1B
100
AcDbEntity
  8
F.Silkscreen
  6
CONTINUOUS
100
AcDbLine
 10
81.8957139999999981
 20
-69.4245799999999917
 30
0
 11
81.9433329999999955
 21
-69.3293419999999969
 31
0
  0
LINE
  5
1AA
330
1B
100
AcDbEntity
  8
F.Silkscreen
  6
CONTINUOUS
100
AcDbLine
 10
81.9433329999999955
 20
-69.3293419999999969
 30
0
 11
81.9433329999999955
 21
-68.5198189999999983
 31
0
  0
LINE
  5
1AB
330
1B
100
AcDbEntity
  8
F.Silkscreen
  6
CONTINUOUS
100
AcDbLine
 10
82.3719049999999982
 20
-68.6150569999999931
 30
0
 11
82.4195239999999956
 21
-68.5674379999999957
 31
0
  0
LINE
  5
1AC
330
1B
100
AcDbEntity
  8
F.Silkscreen
  6
CONTINUOUS
100
AcDbLine
 10
82.4195239999999956
 20
-68.5674379999999957
 30
0
 11
82.5147619999999904
 21
-68.5198189999999983
 31
0
  0
LINE
  5
1AD
330
1B
100
AcDbEntity
  8
F.Silkscreen
  6
CONTINUOUS
100
AcDbLine
 10
82.5147619999999904
 20
-68.5198189999999983
 30
0
 11
82.7528569999999917
 21
-68.5198189999999983
 31
0
  0
LINE
  5
1AE
330
1B
100
AcDbEntity
  8
F.Silkscreen
  6
CONTINUOUS
100
AcDbLine
 10
82.7528569999999917
 20
-68.5198189999999983
 30
0
 11
82.8480950000000007
 21
-68.5674379999999957
 31
0
  0
LINE
  5
1AF
330
1B
100
AcDbEntity
  8
F.Silkscreen
  6
CONTINUOUS
100
AcDbLine
 10
82.8480950000000007
 20
-68.5674379999999957
 30
0
 11
82.8957139999999981
 21
-68.6150569999999931
 31
0
  0
LINE
  5
1B0
330
1B
100
AcDbEntity
  8
F.Silkscreen
  6
CONTINUOUS
100
AcDbLine
 10
82.8957139999999981
 20
-68.6150569999999931
 30
0
 11
82.9433329999999955
 21
-68.7102950000000021
 31
0
  0
LINE
  5
1B1
330
1B
100
AcDbEntity
  8
F.Silkscreen
  6
CONTINUOUS
100
AcDbLine
 10
82.9433329999999955
 20
-68.7102950000000021
 30
0
 11
82.9433329999999955
 21
-68.8055329999999969
 31
0
  0
LINE
  5
1B2
330
1B
100
AcDbEntity
  8
F.Silkscreen
  6
CONTINUOUS
100
AcDbLine
 10
82.9433329999999955
 20
-68.8055329999999969
 30
0
 11
82.8957139999999981
 21
-68.9483900000000034
 31
0
  0
LINE
  5
1B3
330
1B
100
AcDbEntity
  8
F.Silkscreen
  6
CONTINUOUS
100
AcDbLine
 10
82.8957139999999981
 20
-68.9483900000000034
 30
0
 11
82.3242860000000007
 21
-69.5198189999999983
 31
0
  0
LINE
  5
1B4
330
1B
100
AcDbEntity
  8
F.Silkscreen
  6
CONTINUOUS
100
AcDbLine
 10
82.3242860000000007
 20
-69.5198189999999983
 30
0
 11
82.9433329999999955
 21
-69.5198189999999983
 31
0
  0
LINE
  5
1B5
330
1B
100
AcDbEntity
  8
F.Silkscreen
  6
CONTINUOUS
100
AcDbLine
 10
83.3242860000000007
 20
-68.6150569999999931
 30
0
 11
83.3719049999999982
 21
-68.5674379999999957
 31
0
  0
LINE
  5
1B6
330
1B
100
AcDbEntity
  8
F.Silkscreen
  6
CONTINUOUS
100
AcDbLine
 10
83.3719049999999982
 20
-68.5674379999999957
 30
0
 11
83.467142999999993
 21
-68.5198189999999983
 31
0
  0
LINE
  5
1B7
330
1B
100
AcDbEntity
  8
F.Silkscreen
  6
CONTINUOUS
100
AcDbLine
 10
83.467142999999993
 20
-68.5198189999999983
 30
0
 11
83.7052379999999943
 21
-68.5198189999999983
 31
0
  0
LINE
  5
1B8
330
1B
100
AcDbEntity
  8
F.Silkscreen
  6
CONTINUOUS
100
AcDbLine
 10
83.7052379999999943
 20
-68.5198189999999983
 30
0
 11
83.8004760000000033
 21
-68.5674379999999957
 31
0
  0
LINE
  5
1B9
330
1B
100
AcDbEntity
  8
F.Silkscreen
  6
CONTINUOUS
100
AcDbLine
 10
83.8004760000000033
 20
-68.5674379999999957
 30
0
 11
83.8480950000000007
 21
-68.6150569999999931
 31
0
  0
LINE
  5
1BA
330
1B
100
AcDbEntity
  8
F.Silkscreen
  6
CONTINUOUS
100
AcDbLine
 10
83.8480950000000007
 20
-68.6150569999999931
 30
0
 11
83.8957139999999981
 21
-68.7102950000000021
 31
0
  0
LINE
  5
1BB
330
1B
100
AcDbEntity
  8
F.Silkscreen
  6
CONTINUOUS
100
AcDbLine
 10
83.8957139999999981
 20
-68.7102950000000021
 30
0
 11
83.8957139999999981
 21
-68.8055329999999969
 31
0
  0
LINE
  5
1BC
330
1B
100
AcDbEntity
  8
F.Silkscreen
  6
CONTINUOUS
100
AcDbLine
 10
83.8957139999999981
 20
-68.8055329999999969
 30
0
 11
83.8480950000000007
 21
-68.9483900000000034
 31
0
  0
LINE
  5
1BD
330
1B
100
AcDbEntity
  8
F.Silkscreen
  6
CONTINUOUS
100
AcDbLine
 10
83.8480950000000007
 20
-68.9483900000000034
 30
0
 11
83.2766670000000033
 21
-69.5198189999999983
 31
0
  0
LINE
  5
1BE
330
1B
100
AcDbEntity
  8
F.Silkscreen
  6
CONTINUOUS
100
AcDbLine
 10
83.2766670000000033
 20
-69.5198189999999983
 30
0
 11
83.8957139999999981
 21
-69.5198189999999983
 31
0
  0
LINE
  5
1BF
330
1B
100
AcDbEntity
  8
F.Silkscreen
  6
CONTINUOUS
100
AcDbLine
 10
77.9671419999999955
 20
-38.2898190000000014
 30
0
 11
77.6338089999999994
 21
-37.8136280000000014
 31
0
  0
LINE
  5
1C0
330
1B
100
AcDbEntity
  8
F.Silkscreen
  6
CONTINUOUS
100
AcDbLine
 10
77.3957139999999981
 20
-38.2898190000000014
 30
0
 11
77.3957139999999981
 21
-37.2898190000000014
 31
0
  0
LINE
  5
1C1
330
1B
100
AcDbEntity
  8
F.Silkscreen
  6
CONTINUOUS
100
AcDbLine
 10
77.3957139999999981
 20
-37.2898190000000014
 30
0
 11
77.7766659999999916
 21
-37.2898190000000014
 31
0
  0
LINE
  5
1C2
330
1B
100
AcDbEntity
  8
F.Silkscreen
  6
CONTINUOUS
100
AcDbLine
 10
77.7766659999999916
 20
-37.2898190000000014
 30
0
 11
77.8719040000000007
 21
-37.3374379999999988
 31
0
  0
LINE
  5
1C3
330
1B
100
AcDbEntity
  8
F.Silkscreen
  6
CONTINUOUS
100
AcDbLine
 10
77.8719040000000007
 20
-37.3374379999999988
 30
0
 11
77.9195229999999981
 21
-37.3850569999999962
 31
0
  0
LINE
  5
1C4
330
1B
100
AcDbEntity
  8
F.Silkscreen
  6
CONTINUOUS
100
AcDbLine
 10
77.9195229999999981
 20
-37.3850569999999962
 30
0
 11
77.9671419999999955
 21
-37.4802949999999981
 31
0
  0
LINE
  5
1C5
330
1B
100
AcDbEntity
  8
F.Silkscreen
  6
CONTINUOUS
100
AcDbLine
 10
77.9671419999999955
 20
-37.4802949999999981
 30
0
 11
77.9671419999999955
 21
-37.6231519999999975
 31
0
  0
LINE
  5
1C6
330
1B
100
AcDbEntity
  8
F.Silkscreen
  6
CONTINUOUS
100
AcDbLine
 10
77.9671419999999955
 20
-37.6231519999999975
 30
0
 11
77.9195229999999981
 21
-37.7183899999999994
 31
0
  0
LINE
  5
1C7
330
1B
100
AcDbEntity
  8
F.Silkscreen
  6
CONTINUOUS
100
AcDbLine
 10
77.9195229999999981
 20
-37.7183899999999994
 30
0
 11
77.8719040000000007
 21
-37.7660089999999968
 31
0
  0
LINE
  5
1C8
330
1B
100
AcDbEntity
  8
F.Silkscreen
  6
CONTINUOUS
100
AcDbLine
 10
77.8719040000000007
 20
-37.7660089999999968
 30
0
 11
77.7766659999999916
 21
-37.8136280000000014
 31
0
  0
LINE
  5
1C9
330
1B
100
AcDbEntity
  8
F.Silkscreen
  6
CONTINUOUS
100
AcDbLine
 10
77.7766659999999916
 20
-37.8136280000000014
 30
0
 11
77.3957139999999981
 21
-37.8136280000000014
 31
0
  0
LINE
  5
1CA
330
1B
100
AcDbEntity
  8
F.Silkscreen
  6
CONTINUOUS
100
AcDbLine
 10
78.3004760000000033
 20
-37.2898190000000014
 30
0
 11
78.9195229999999981
 21
-37.2898190000000014
 31
0
  0
LINE
  5
1CB
330
1B
100
AcDbEntity
  8
F.Silkscreen
  6
CONTINUOUS
100
AcDbLine
 10
78.9195229999999981
 20
-37.2898190000000014
 30
0
 11
78.586190000000002
 21
-37.6707709999999949
 31
0
  0
LINE
  5
1CC
330
1B
100
AcDbEntity
  8
F.Silkscreen
  6
CONTINUOUS
100
AcDbLine
 10
78.586190000000002
 20
-37.6707709999999949
 30
0
 11
78.7290469999999942
 21
-37.6707709999999949
 31
0
  0
LINE
  5
1CD
330
1B
100
AcDbEntity
  8
F.Silkscreen
  6
CONTINUOUS
100
AcDbLine
 10
78.7290469999999942
 20
-37.6707709999999949
 30
0
 11
78.8242850000000033
 21
-37.7183899999999994
 31
0
  0
LINE
  5
1CE
330
1B
100
AcDbEntity
  8
F.Silkscreen
  6
CONTINUOUS
100
AcDbLine
 10
78.8242850000000033
 20
-37.7183899999999994
 30
0
 11
78.8719040000000007
 21
-37.7660089999999968
 31
0
  0
LINE
  5
1CF
330
1B
100
AcDbEntity
  8
F.Silkscreen
  6
CONTINUOUS
100
AcDbLine
 10
78.8719040000000007
 20
-37.7660089999999968
 30
0
 11
78.9195229999999981
 21
-37.8612469999999988
 31
0
  0
LINE
  5
1D0
330
1B
100
AcDbEntity
  8
F.Silkscreen
  6
CONTINUOUS
100
AcDbLine
 10
78.9195229999999981
 20
-37.8612469999999988
 30
0
 11
78.9195229999999981
 21
-38.099342
 31
0
  0
LINE
  5
1D1
330
1B
100
AcDbEntity
  8
F.Silkscreen
  6
CONTINUOUS
100
AcDbLine
 10
78.9195229999999981
 20
-38.099342
 30
0
 11
78.8719040000000007
 21
-38.1945799999999949
 31
0
  0
LINE
  5
1D2
330
1B
100
AcDbEntity
  8
F.Silkscreen
  6
CONTINUOUS
100
AcDbLine
 10
78.8719040000000007
 20
-38.1945799999999949
 30
0
 11
78.8242850000000033
 21
-38.2421999999999969
 31
0
  0
LINE
  5
1D3
330
1B
100
AcDbEntity
  8
F.Silkscreen
  6
CONTINUOUS
100
AcDbLine
 10
78.8242850000000033
 20
-38.2421999999999969
 30
0
 11
78.7290469999999942
 21
-38.2898190000000014
 31
0
  0
LINE
  5
1D4
330
1B
100
AcDbEntity
  8
F.Silkscreen
  6
CONTINUOUS
100
AcDbLine
 10
78.7290469999999942
 20
-38.2898190000000014
 30
0
 11
78.4433329999999955
 21
-38.2898190000000014
 31
0
  0
LINE
  5
1D5
330
1B
100
AcDbEntity
  8
F.Silkscreen
  6
CONTINUOUS
100
AcDbLine
 10
78.4433329999999955
 20
-38.2898190000000014
 30
0
 11
78.3480950000000007
 21
-38.2421999999999969
 31
0
  0
LINE
  5
1D6
330
1B
100
AcDbEntity
  8
F.Silkscreen
  6
CONTINUOUS
100
AcDbLine
 10
78.3480950000000007
 20
-38.2421999999999969
 30
0
 11
78.3004760000000033
 21
-38.1945799999999949
 31
0
  0
LINE
  5
1D7
330
1B
100
AcDbEntity
  8
F.Silkscreen
  6
CONTINUOUS
100
AcDbLine
 10
79.8242850000000033
 20
-37.2898190000000014
 30
0
 11
79.3480950000000007
 21
-37.2898190000000014
 31
0
  0
LINE
  5
1D8
330
1B
100
AcDbEntity
  8
F.Silkscreen
  6
CONTINUOUS
100
AcDbLine
 10
79.3480950000000007
 20
-37.2898190000000014
 30
0
 11
79.3004760000000033
 21
-37.7660089999999968
 31
0
  0
LINE
  5
1D9
330
1B
100
AcDbEntity
  8
F.Silkscreen
  6
CONTINUOUS
100
AcDbLine
 10
79.3004760000000033
 20
-37.7660089999999968
 30
0
 11
79.3480950000000007
 21
-37.7183899999999994
 31
0
  0
LINE
  5
1DA
330
1B
100
AcDbEntity
  8
F.Silkscreen
  6
CONTINUOUS
100
AcDbLine
 10
79.3480950000000007
 20
-37.7183899999999994
 30
0
 11
79.4433329999999955
 21
-37.6707709999999949
 31
0
  0
LINE
  5
1DB
330
1B
100
AcDbEntity
  8
F.Silkscreen
  6
CONTINUOUS
100
AcDbLine
 10
79.4433329999999955
 20
-37.6707709999999949
 30
0
 11
79.6814279999999968
 21
-37.6707709999999949
 31
0
  0
LINE
  5
1DC
330
1B
100
AcDbEntity
  8
F.Silkscreen
  6
CONTINUOUS
100
AcDbLine
 10
79.6814279999999968
 20
-37.6707709999999949
 30
0
 11
79.7766659999999916
 21
-37.7183899999999994
 31
0
  0
LINE
  5
1DD
330
1B
100
AcDbEntity
  8
F.Silkscreen
  6
CONTINUOUS
100
AcDbLine
 10
79.7766659999999916
 20
-37.7183899999999994
 30
0
 11
79.8242850000000033
 21
-37.7660089999999968
 31
0
  0
LINE
  5
1DE
330
1B
100
AcDbEntity
  8
F.Silkscreen
  6
CONTINUOUS
100
AcDbLine
 10
79.8242850000000033
 20
-37.7660089999999968
 30
0
 11
79.8719040000000007
 21
-37.8612469999999988
 31
0
  0
LINE
  5
1DF
330
1B
100
AcDbEntity
  8
F.Silkscreen
  6
CONTINUOUS
100
AcDbLine
 10
79.8719040000000007
 20
-37.8612469999999988
 30
0
 11
79.8719040000000007
 21
-38.099342
 31
0
  0
LINE
  5
1E0
330
1B
100
AcDbEntity
  8
F.Silkscreen
  6
CONTINUOUS
100
AcDbLine
 10
79.8719040000000007
 20
-38.099342
 30
0
 11
79.8242850000000033
 21
-38.1945799999999949
 31
0
  0
LINE
  5
1E1
330
1B
100
AcDbEntity
  8
F.Silkscreen
  6
CONTINUOUS
100
AcDbLine
 10
79.8242850000000033
 20
-38.1945799999999949
 30
0
 11
79.7766659999999916
 21
-38.2421999999999969
 31
0
  0
LINE
  5
1E2
330
1B
100
AcDbEntity
  8
F.Silkscreen
  6
CONTINUOUS
100
AcDbLine
 10
79.7766659999999916
 20
-38.2421999999999969
 30
0
 11
79.6814279999999968
 21
-38.2898190000000014
 31
0
  0
LINE
  5
1E3
330
1B
100
AcDbEntity
  8
F.Silkscreen
  6
CONTINUOUS
100
AcDbLine
 10
79.6814279999999968
 20
-38.2898190000000014
 30
0
 11
79.4433329999999955
 21
-38.2898190000000014
 31
0
  0
LINE
  5
1E4
330
1B
100
AcDbEntity
  8
F.Silkscreen
  6
CONTINUOUS
100
AcDbLine
 10
79.4433329999999955
 20
-38.2898190000000014
 30
0
 11
79.3480950000000007
 21
-38.2421999999999969
 31
0
  0
LINE
  5
1E5
330
1B
100
AcDbEntity
  8
F.Silkscreen
  6
CONTINUOUS
100
AcDbLine
 10
79.3480950000000007
 20
-38.2421999999999969
 30
0
 11
79.3004760000000033
 21
-38.1945799999999949
 31
0
  0
LINE
  5
1E6
330
1B
100
AcDbEntity
  8
F.Silkscreen
  6
CONTINUOUS
100
AcDbLine
 10
102.7595799999999997
 20
-97.8478569999999905
 30
0
 11
102.8071999999999946
 21
-97.8954760000000022
 31
0
  0
LINE
  5
1E7
330
1B
100
AcDbEntity
  8
F.Silkscreen
  6
CONTINUOUS
100
AcDbLine
 10
102.8071999999999946
 20
-97.8954760000000022
 30
0
 11
102.854818999999992
 21
-98.0383329999999944
 31
0
  0
LINE
  5
1E8
330
1B
100
AcDbEntity
  8
F.Silkscreen
  6
CONTINUOUS
100
AcDbLine
 10
102.854818999999992
 20
-98.0383329999999944
 30
0
 11
102.854818999999992
 21
-98.1335709999999892
 31
0
  0
LINE
  5
1E9
330
1B
100
AcDbEntity
  8
F.Silkscreen
  6
CONTINUOUS
100
AcDbLine
 10
102.854818999999992
 20
-98.1335709999999892
 30
0
 11
102.8071999999999946
 21
-98.2764279999999957
 31
0
  0
LINE
  5
1EA
330
1B
100
AcDbEntity
  8
F.Silkscreen
  6
CONTINUOUS
100
AcDbLine
 10
102.8071999999999946
 20
-98.2764279999999957
 30
0
 11
102.7119610000000023
 21
-98.3716659999999905
 31
0
  0
LINE
  5
1EB
330
1B
100
AcDbEntity
  8
F.Silkscreen
  6
CONTINUOUS
100
AcDbLine
 10
102.7119610000000023
 20
-98.3716659999999905
 30
0
 11
102.6167229999999932
 21
-98.4192850000000021
 31
0
  0
LINE
  5
1EC
330
1B
100
AcDbEntity
  8
F.Silkscreen
  6
CONTINUOUS
100
AcDbLine
 10
102.6167229999999932
 20
-98.4192850000000021
 30
0
 11
102.4262469999999894
 21
-98.4669039999999995
 31
0
  0
LINE
  5
1ED
330
1B
100
AcDbEntity
  8
F.Silkscreen
  6
CONTINUOUS
100
AcDbLine
 10
102.4262469999999894
 20
-98.4669039999999995
 30
0
 11
102.2833899999999971
 21
-98.4669039999999995
 31
0
  0
LINE
  5
1EE
330
1B
100
AcDbEntity
  8
F.Silkscreen
  6
CONTINUOUS
100
AcDbLine
 10
102.2833899999999971
 20
-98.4669039999999995
 30
0
 11
102.0929139999999933
 21
-98.4192850000000021
 31
0
  0
LINE
  5
1EF
330
1B
100
AcDbEntity
  8
F.Silkscreen
  6
CONTINUOUS
100
AcDbLine
 10
102.0929139999999933
 20
-98.4192850000000021
 30
0
 11
101.9976759999999985
 21
-98.3716659999999905
 31
0
  0
LINE
  5
1F0
330
1B
100
AcDbEntity
  8
F.Silkscreen
  6
CONTINUOUS
100
AcDbLine
 10
101.9976759999999985
 20
-98.3716659999999905
 30
0
 11
101.9024379999999894
 21
-98.2764279999999957
 31
0
  0
LINE
  5
1F1
330
1B
100
AcDbEntity
  8
F.Silkscreen
  6
CONTINUOUS
100
AcDbLine
 10
101.9024379999999894
 20
-98.2764279999999957
 30
0
 11
101.854818999999992
 21
-98.1335709999999892
 31
0
  0
LINE
  5
1F2
330
1B
100
AcDbEntity
  8
F.Silkscreen
  6
CONTINUOUS
100
AcDbLine
 10
101.854818999999992
 20
-98.1335709999999892
 30
0
 11
101.854818999999992
 21
-98.0383329999999944
 31
0
  0
LINE
  5
1F3
330
1B
100
AcDbEntity
  8
F.Silkscreen
  6
CONTINUOUS
100
AcDbLine
 10
101.854818999999992
 20
-98.0383329999999944
 30
0
 11
101.9024379999999894
 21
-97.8954760000000022
 31
0
  0
LINE
  5
1F4
330
1B
100
AcDbEntity
  8
F.Silkscreen
  6
CONTINUOUS
100
AcDbLine
 10
101.9024379999999894
 20
-97.8954760000000022
 30
0
 11
101.950057000000001
 21
-97.8478569999999905
 31
0
  0
LINE
  5
1F5
330
1B
100
AcDbEntity
  8
F.Silkscreen
  6
CONTINUOUS
100
AcDbLine
 10
101.950057000000001
 20
-97.4669039999999995
 30
0
 11
101.9024379999999894
 21
-97.4192850000000021
 31
0
  0
LINE
  5
1F6
330
1B
100
AcDbEntity
  8
F.Silkscreen
  6
CONTINUOUS
100
AcDbLine
 10
101.9024379999999894
 20
-97.4192850000000021
 30
0
 11
101.854818999999992
 21
-97.3240469999999931
 31
0
  0
LINE
  5
1F7
330
1B
100
AcDbEntity
  8
F.Silkscreen
  6
CONTINUOUS
100
AcDbLine
 10
101.854818999999992
 20
-97.3240469999999931
 30
0
 11
101.854818999999992
 21
-97.0859519999999918
 31
0
  0
LINE
  5
1F8
330
1B
100
AcDbEntity
  8
F.Silkscreen
  6
CONTINUOUS
100
AcDbLine
 10
101.854818999999992
 20
-97.0859519999999918
 30
0
 11
101.9024379999999894
 21
-96.990713999999997
 31
0
  0
LINE
  5
1F9
330
1B
100
AcDbEntity
  8
F.Silkscreen
  6
CONTINUOUS
100
AcDbLine
 10
101.9024379999999894
 20
-96.990713999999997
 30
0
 11
101.950057000000001
 21
-96.9430949999999996
 31
0
  0
LINE
  5
1FA
330
1B
100
AcDbEntity
  8
F.Silkscreen
  6
CONTINUOUS
100
AcDbLine
 10
101.950057000000001
 20
-96.9430949999999996
 30
0
 11
102.0452949999999959
 21
-96.8954760000000022
 31
0
  0
LINE
  5
1FB
330
1B
100
AcDbEntity
  8
F.Silkscreen
  6
CONTINUOUS
100
AcDbLine
 10
102.0452949999999959
 20
-96.8954760000000022
 30
0
 11
102.1405329999999907
 21
-96.8954760000000022
 31
0
  0
LINE
  5
1FC
330
1B
100
AcDbEntity
  8
F.Silkscreen
  6
CONTINUOUS
100
AcDbLine
 10
102.1405329999999907
 20
-96.8954760000000022
 30
0
 11
102.2833899999999971
 21
-96.9430949999999996
 31
0
  0
LINE
  5
1FD
330
1B
100
AcDbEntity
  8
F.Silkscreen
  6
CONTINUOUS
100
AcDbLine
 10
102.2833899999999971
 20
-96.9430949999999996
 30
0
 11
102.854818999999992
 21
-97.514522999999997
 31
0
  0
LINE
  5
1FE
330
1B
100
AcDbEntity
  8
F.Silkscreen
  6
CONTINUOUS
100
AcDbLine
 10
102.854818999999992
 20
-97.514522999999997
 30
0
 11
102.854818999999992
 21
-96.8954760000000022
 31
0
  0
LINE
  5
1FF
330
1B
100
AcDbEntity
  8
F.Silkscreen
  6
CONTINUOUS
100
AcDbLine
 10
101.854818999999992
 20
-96.2764279999999957
 30
0
 11
101.854818999999992
 21
-96.1811900000000009
 31
0
  0
LINE
  5
200
330
1B
100
AcDbEntity
  8
F.Silkscreen
  6
CONTINUOUS
100
AcDbLine
 10
101.854818999999992
 20
-96.1811900000000009
 30
0
 11
101.9024379999999894
 21
-96.0859519999999918
 31
0
  0
LINE
  5
201
330
1B
100
AcDbEntity
  8
F.Silkscreen
  6
CONTINUOUS
100
AcDbLine
 10
101.9024379999999894
 20
-96.0859519999999918
 30
0
 11
101.950057000000001
 21
-96.0383329999999944
 31
0
  0
LINE
  5
202
330
1B
100
AcDbEntity
  8
F.Silkscreen
  6
CONTINUOUS
100
AcDbLine
 10
101.950057000000001
 20
-96.0383329999999944
 30
0
 11
102.0452949999999959
 21
-95.990713999999997
 31
0
  0
LINE
  5
203
330
1B
100
AcDbEntity
  8
F.Silkscreen
  6
CONTINUOUS
100
AcDbLine
 10
102.0452949999999959
 20
-95.990713999999997
 30
0
 11
102.2357709999999997
 21
-95.9430949999999996
 31
0
  0
LINE
  5
204
330
1B
100
AcDbEntity
  8
F.Silkscreen
  6
CONTINUOUS
100
AcDbLine
 10
102.2357709999999997
 20
-95.9430949999999996
 30
0
 11
102.473866000000001
 21
-95.9430949999999996
 31
0
  0
LINE
  5
205
330
1B
100
AcDbEntity
  8
F.Silkscreen
  6
CONTINUOUS
100
AcDbLine
 10
102.473866000000001
 20
-95.9430949999999996
 30
0
 11
102.6643419999999907
 21
-95.990713999999997
 31
0
  0
LINE
  5
206
330
1B
100
AcDbEntity
  8
F.Silkscreen
  6
CONTINUOUS
100
AcDbLine
 10
102.6643419999999907
 20
-95.990713999999997
 30
0
 11
102.7595799999999997
 21
-96.0383329999999944
 31
0
  0
LINE
  5
207
330
1B
100
AcDbEntity
  8
F.Silkscreen
  6
CONTINUOUS
100
AcDbLine
 10
102.7595799999999997
 20
-96.0383329999999944
 30
0
 11
102.8071999999999946
 21
-96.0859519999999918
 31
0
  0
LINE
  5
208
330
1B
100
AcDbEntity
  8
F.Silkscreen
  6
CONTINUOUS
100
AcDbLine
 10
102.8071999999999946
 20
-96.0859519999999918
 30
0
 11
102.854818999999992
 21
-96.1811900000000009
 31
0
  0
LINE
  5
209
330
1B
100
AcDbEntity
  8
F.Silkscreen
  6
CONTINUOUS
100
AcDbLine
 10
102.854818999999992
 20
-96.1811900000000009
 30
0
 11
102.854818999999992
 21
-96.2764279999999957
 31
0
  0
LINE
  5
20A
330
1B
100
AcDbEntity
  8
F.Silkscreen
  6
CONTINUOUS
100
AcDbLine
 10
102.854818999999992
 20
-96.2764279999999957
 30
0
 11
102.8071999999999946
 21
-96.3716659999999905
 31
0
  0
LINE
  5
20B
330
1B
100
AcDbEntity
  8
F.Silkscreen
  6
CONTINUOUS
100
AcDbLine
 10
102.8071999999999946
 20
-96.3716659999999905
 30
0
 11
102.7595799999999997
 21
-96.4192850000000021
 31
0
  0
LINE
  5
20C
330
1B
100
AcDbEntity
  8
F.Silkscreen
  6
CONTINUOUS
100
AcDbLine
 10
102.7595799999999997
 20
-96.4192850000000021
 30
0
 11
102.6643419999999907
 21
-96.4669039999999995
 31
0
  0
LINE
  5
20D
330
1B
100
AcDbEntity
  8
F.Silkscreen
  6
CONTINUOUS
100
AcDbLine
 10
102.6643419999999907
 20
-96.4669039999999995
 30
0
 11
102.473866000000001
 21
-96.514522999999997
 31
0
  0
LINE
  5
20E
330
1B
100
AcDbEntity
  8
F.Silkscreen
  6
CONTINUOUS
100
AcDbLine
 10
102.473866000000001
 20
-96.514522999999997
 30
0
 11
102.2357709999999997
 21
-96.514522999999997
 31
0
  0
LINE
  5
20F
330
1B
100
AcDbEntity
  8
F.Silkscreen
  6
CONTINUOUS
100
AcDbLine
 10
102.2357709999999997
 20
-96.514522999999997
 30
0
 11
102.0452949999999959
 21
-96.4669039999999995
 31
0
  0
LINE
  5
210
330
1B
100
AcDbEntity
  8
F.Silkscreen
  6
CONTINUOUS
100
AcDbLine
 10
102.0452949999999959
 20
-96.4669039999999995
 30
0
 11
101.950057000000001
 21
-96.4192850000000021
 31
0
  0
LINE
  5
211
330
1B
100
AcDbEntity
  8
F.Silkscreen
  6
CONTINUOUS
100
AcDbLine
 10
101.950057000000001
 20
-96.4192850000000021
 30
0
 11
101.9024379999999894
 21
-96.3716659999999905
 31
0
  0
LINE
  5
212
330
1B
100
AcDbEntity
  8
F.Silkscreen
  6
CONTINUOUS
100
AcDbLine
 10
101.9024379999999894
 20
-96.3716659999999905
 30
0
 11
101.854818999999992
 21
-96.2764279999999957
 31
0
  0
LINE
  5
213
330
1B
100
AcDbEntity
  8
F.Silkscreen
  6
CONTINUOUS
100
AcDbLine
 10
95.347141999999991
 20
-77.2898189999999943
 30
0
 11
95.0138089999999949
 21
-76.8136279999999942
 31
0
  0
LINE
  5
214
330
1B
100
AcDbEntity
  8
F.Silkscreen
  6
CONTINUOUS
100
AcDbLine
 10
94.7757139999999936
 20
-77.2898189999999943
 30
0
 11
94.7757139999999936
 21
-76.2898189999999943
 31
0
  0
LINE
  5
215
330
1B
100
AcDbEntity
  8
F.Silkscreen
  6
CONTINUOUS
100
AcDbLine
 10
94.7757139999999936
 20
-76.2898189999999943
 30
0
 11
95.1566660000000013
 21
-76.2898189999999943
 31
0
  0
LINE
  5
216
330
1B
100
AcDbEntity
  8
F.Silkscreen
  6
CONTINUOUS
100
AcDbLine
 10
95.1566660000000013
 20
-76.2898189999999943
 30
0
 11
95.2519039999999961
 21
-76.3374379999999917
 31
0
  0
LINE
  5
217
330
1B
100
AcDbEntity
  8
F.Silkscreen
  6
CONTINUOUS
100
AcDbLine
 10
95.2519039999999961
 20
-76.3374379999999917
 30
0
 11
95.2995229999999935
 21
-76.3850570000000033
 31
0
  0
LINE
  5
218
330
1B
100
AcDbEntity
  8
F.Silkscreen
  6
CONTINUOUS
100
AcDbLine
 10
95.2995229999999935
 20
-76.3850570000000033
 30
0
 11
95.347141999999991
 21
-76.4802949999999981
 31
0
  0
LINE
  5
219
330
1B
100
AcDbEntity
  8
F.Silkscreen
  6
CONTINUOUS
100
AcDbLine
 10
95.347141999999991
 20
-76.4802949999999981
 30
0
 11
95.347141999999991
 21
-76.6231519999999904
 31
0
  0
LINE
  5
21A
330
1B
100
AcDbEntity
  8
F.Silkscreen
  6
CONTINUOUS
100
AcDbLine
 10
95.347141999999991
 20
-76.6231519999999904
 30
0
 11
95.2995229999999935
 21
-76.7183899999999994
 31
0
  0
LINE
  5
21B
330
1B
100
AcDbEntity
  8
F.Silkscreen
  6
CONTINUOUS
100
AcDbLine
 10
95.2995229999999935
 20
-76.7183899999999994
 30
0
 11
95.2519039999999961
 21
-76.7660089999999968
 31
0
  0
LINE
  5
21C
330
1B
100
AcDbEntity
  8
F.Silkscreen
  6
CONTINUOUS
100
AcDbLine
 10
95.2519039999999961
 20
-76.7660089999999968
 30
0
 11
95.1566660000000013
 21
-76.8136279999999942
 31
0
  0
LINE
  5
21D
330
1B
100
AcDbEntity
  8
F.Silkscreen
  6
CONTINUOUS
100
AcDbLine
 10
95.1566660000000013
 20
-76.8136279999999942
 30
0
 11
94.7757139999999936
 21
-76.8136279999999942
 31
0
  0
LINE
  5
21E
330
1B
100
AcDbEntity
  8
F.Silkscreen
  6
CONTINUOUS
100
AcDbLine
 10
95.6804759999999987
 20
-76.2898189999999943
 30
0
 11
96.2995229999999935
 21
-76.2898189999999943
 31
0
  0
LINE
  5
21F
330
1B
100
AcDbEntity
  8
F.Silkscreen
  6
CONTINUOUS
100
AcDbLine
 10
96.2995229999999935
 20
-76.2898189999999943
 30
0
 11
95.9661899999999974
 21
-76.670771000000002
 31
0
  0
LINE
  5
220
330
1B
100
AcDbEntity
  8
F.Silkscreen
  6
CONTINUOUS
100
AcDbLine
 10
95.9661899999999974
 20
-76.670771000000002
 30
0
 11
96.1090469999999897
 21
-76.670771000000002
 31
0
  0
LINE
  5
221
330
1B
100
AcDbEntity
  8
F.Silkscreen
  6
CONTINUOUS
100
AcDbLine
 10
96.1090469999999897
 20
-76.670771000000002
 30
0
 11
96.2042849999999987
 21
-76.7183899999999994
 31
0
  0
LINE
  5
222
330
1B
100
AcDbEntity
  8
F.Silkscreen
  6
CONTINUOUS
100
AcDbLine
 10
96.2042849999999987
 20
-76.7183899999999994
 30
0
 11
96.2519039999999961
 21
-76.7660089999999968
 31
0
  0
LINE
  5
223
330
1B
100
AcDbEntity
  8
F.Silkscreen
  6
CONTINUOUS
100
AcDbLine
 10
96.2519039999999961
 20
-76.7660089999999968
 30
0
 11
96.2995229999999935
 21
-76.8612469999999917
 31
0
  0
LINE
  5
224
330
1B
100
AcDbEntity
  8
F.Silkscreen
  6
CONTINUOUS
100
AcDbLine
 10
96.2995229999999935
 20
-76.8612469999999917
 30
0
 11
96.2995229999999935
 21
-77.0993419999999929
 31
0
  0
LINE
  5
225
330
1B
100
AcDbEntity
  8
F.Silkscreen
  6
CONTINUOUS
100
AcDbLine
 10
96.2995229999999935
 20
-77.0993419999999929
 30
0
 11
96.2519039999999961
 21
-77.194580000000002
 31
0
  0
LINE
  5
226
330
1B
100
AcDbEntity
  8
F.Silkscreen
  6
CONTINUOUS
100
AcDbLine
 10
96.2519039999999961
 20
-77.194580000000002
 30
0
 11
96.2042849999999987
 21
-77.2421999999999969
 31
0
  0
LINE
  5
227
330
1B
100
AcDbEntity
  8
F.Silkscreen
  6
CONTINUOUS
100
AcDbLine
 10
96.2042849999999987
 20
-77.2421999999999969
 30
0
 11
96.1090469999999897
 21
-77.2898189999999943
 31
0
  0
LINE
  5
228
330
1B
100
AcDbEntity
  8
F.Silkscreen
  6
CONTINUOUS
100
AcDbLine
 10
96.1090469999999897
 20
-77.2898189999999943
 30
0
 11
95.823332999999991
 21
-77.2898189999999943
 31
0
  0
LINE
  5
229
330
1B
100
AcDbEntity
  8
F.Silkscreen
  6
CONTINUOUS
100
AcDbLine
 10
95.823332999999991
 20
-77.2898189999999943
 30
0
 11
95.7280949999999962
 21
-77.2421999999999969
 31
0
  0
LINE
  5
22A
330
1B
100
AcDbEntity
  8
F.Silkscreen
  6
CONTINUOUS
100
AcDbLine
 10
95.7280949999999962
 20
-77.2421999999999969
 30
0
 11
95.6804759999999987
 21
-77.194580000000002
 31
0
  0
LINE
  5
22B
330
1B
100
AcDbEntity
  8
F.Silkscreen
  6
CONTINUOUS
100
AcDbLine
 10
97.2519039999999961
 20
-77.2898189999999943
 30
0
 11
96.6804759999999987
 21
-77.2898189999999943
 31
0
  0
LINE
  5
22C
330
1B
100
AcDbEntity
  8
F.Silkscreen
  6
CONTINUOUS
100
AcDbLine
 10
96.9661899999999974
 20
-77.2898189999999943
 30
0
 11
96.9661899999999974
 21
-76.2898189999999943
 31
0
  0
LINE
  5
22D
330
1B
100
AcDbEntity
  8
F.Silkscreen
  6
CONTINUOUS
100
AcDbLine
 10
96.9661899999999974
 20
-76.2898189999999943
 30
0
 11
96.8709520000000026
 21
-76.4326760000000007
 31
0
  0
LINE
  5
22E
330
1B
100
AcDbEntity
  8
F.Silkscreen
  6
CONTINUOUS
100
AcDbLine
 10
96.8709520000000026
 20
-76.4326760000000007
 30
0
 11
96.7757139999999936
 21
-76.5279139999999956
 31
0
  0
LINE
  5
22F
330
1B
100
AcDbEntity
  8
F.Silkscreen
  6
CONTINUOUS
100
AcDbLine
 10
96.7757139999999936
 20
-76.5279139999999956
 30
0
 11
96.6804759999999987
 21
-76.575532999999993
 31
0
  0
LINE
  5
230
330
1B
100
AcDbEntity
  8
F.Silkscreen
  6
CONTINUOUS
100
AcDbLine
 10
55.3719049999999982
 20
-39.1848189999999974
 30
0
 11
55.3719049999999982
 21
-39.9943419999999961
 31
0
  0
LINE
  5
231
330
1B
100
AcDbEntity
  8
F.Silkscreen
  6
CONTINUOUS
100
AcDbLine
 10
55.3719049999999982
 20
-39.9943419999999961
 30
0
 11
55.4195239999999956
 21
-40.089579999999998
 31
0
  0
LINE
  5
232
330
1B
100
AcDbEntity
  8
F.Silkscreen
  6
CONTINUOUS
100
AcDbLine
 10
55.4195239999999956
 20
-40.089579999999998
 30
0
 11
55.4671430000000001
 21
-40.1372
 31
0
  0
LINE
  5
233
330
1B
100
AcDbEntity
  8
F.Silkscreen
  6
CONTINUOUS
100
AcDbLine
 10
55.4671430000000001
 20
-40.1372
 30
0
 11
55.5623809999999949
 21
-40.1848189999999974
 31
0
  0
LINE
  5
234
330
1B
100
AcDbEntity
  8
F.Silkscreen
  6
CONTINUOUS
100
AcDbLine
 10
55.5623809999999949
 20
-40.1848189999999974
 30
0
 11
55.7528569999999988
 21
-40.1848189999999974
 31
0
  0
LINE
  5
235
330
1B
100
AcDbEntity
  8
F.Silkscreen
  6
CONTINUOUS
100
AcDbLine
 10
55.7528569999999988
 20
-40.1848189999999974
 30
0
 11
55.8480950000000007
 21
-40.1372
 31
0
  0
LINE
  5
236
330
1B
100
AcDbEntity
  8
F.Silkscreen
  6
CONTINUOUS
100
AcDbLine
 10
55.8480950000000007
 20
-40.1372
 30
0
 11
55.8957139999999981
 21
-40.089579999999998
 31
0
  0
LINE
  5
237
330
1B
100
AcDbEntity
  8
F.Silkscreen
  6
CONTINUOUS
100
AcDbLine
 10
55.8957139999999981
 20
-40.089579999999998
 30
0
 11
55.9433329999999955
 21
-39.9943419999999961
 31
0
  0
LINE
  5
238
330
1B
100
AcDbEntity
  8
F.Silkscreen
  6
CONTINUOUS
100
AcDbLine
 10
55.9433329999999955
 20
-39.9943419999999961
 30
0
 11
55.9433329999999955
 21
-39.1848189999999974
 31
0
  0
LINE
  5
239
330
1B
100
AcDbEntity
  8
F.Silkscreen
  6
CONTINUOUS
100
AcDbLine
 10
56.3719049999999982
 20
-39.2800569999999993
 30
0
 11
56.4195239999999956
 21
-39.2324379999999948
 31
0
  0
LINE
  5
23A
330
1B
100
AcDbEntity
  8
F.Silkscreen
  6
CONTINUOUS
100
AcDbLine
 10
56.4195239999999956
 20
-39.2324379999999948
 30
0
 11
56.5147619999999975
 21
-39.1848189999999974
 31
0
  0
LINE
  5
23B
330
1B
100
AcDbEntity
  8
F.Silkscreen
  6
CONTINUOUS
100
AcDbLine
 10
56.5147619999999975
 20
-39.1848189999999974
 30
0
 11
56.7528569999999988
 21
-39.1848189999999974
 31
0
  0
LINE
  5
23C
330
1B
100
AcDbEntity
  8
F.Silkscreen
  6
CONTINUOUS
100
AcDbLine
 10
56.7528569999999988
 20
-39.1848189999999974
 30
0
 11
56.8480950000000007
 21
-39.2324379999999948
 31
0
  0
LINE
  5
23D
330
1B
100
AcDbEntity
  8
F.Silkscreen
  6
CONTINUOUS
100
AcDbLine
 10
56.8480950000000007
 20
-39.2324379999999948
 30
0
 11
56.8957139999999981
 21
-39.2800569999999993
 31
0
  0
LINE
  5
23E
330
1B
100
AcDbEntity
  8
F.Silkscreen
  6
CONTINUOUS
100
AcDbLine
 10
56.8957139999999981
 20
-39.2800569999999993
 30
0
 11
56.9433329999999955
 21
-39.3752950000000013
 31
0
  0
LINE
  5
23F
330
1B
100
AcDbEntity
  8
F.Silkscreen
  6
CONTINUOUS
100
AcDbLine
 10
56.9433329999999955
 20
-39.3752950000000013
 30
0
 11
56.9433329999999955
 21
-39.4705329999999961
 31
0
  0
LINE
  5
240
330
1B
100
AcDbEntity
  8
F.Silkscreen
  6
CONTINUOUS
100
AcDbLine
 10
56.9433329999999955
 20
-39.4705329999999961
 30
0
 11
56.8957139999999981
 21
-39.6133899999999954
 31
0
  0
LINE
  5
241
330
1B
100
AcDbEntity
  8
F.Silkscreen
  6
CONTINUOUS
100
AcDbLine
 10
56.8957139999999981
 20
-39.6133899999999954
 30
0
 11
56.3242860000000007
 21
-40.1848189999999974
 31
0
  0
LINE
  5
242
330
1B
100
AcDbEntity
  8
F.Silkscreen
  6
CONTINUOUS
100
AcDbLine
 10
56.3242860000000007
 20
-40.1848189999999974
 30
0
 11
56.9433329999999955
 21
-40.1848189999999974
 31
0
  0
LINE
  5
243
330
1B
100
AcDbEntity
  8
F.Silkscreen
  6
CONTINUOUS
100
AcDbLine
 10
57.2766669999999962
 20
-39.1848189999999974
 30
0
 11
57.8957139999999981
 21
-39.1848189999999974
 31
0
  0
LINE
  5
244
330
1B
100
AcDbEntity
  8
F.Silkscreen
  6
CONTINUOUS
100
AcDbLine
 10
57.8957139999999981
 20
-39.1848189999999974
 30
0
 11
57.5623809999999949
 21
-39.565770999999998
 31
0
  0
LINE
  5
245
330
1B
100
AcDbEntity
  8
F.Silkscreen
  6
CONTINUOUS
100
AcDbLine
 10
57.5623809999999949
 20
-39.565770999999998
 30
0
 11
57.7052379999999943
 21
-39.565770999999998
 31
0
  0
LINE
  5
246
330
1B
100
AcDbEntity
  8
F.Silkscreen
  6
CONTINUOUS
100
AcDbLine
 10
57.7052379999999943
 20
-39.565770999999998
 30
0
 11
57.8004759999999962
 21
-39.6133899999999954
 31
0
  0
LINE
  5
247
330
1B
100
AcDbEntity
  8
F.Silkscreen
  6
CONTINUOUS
100
AcDbLine
 10
57.8004759999999962
 20
-39.6133899999999954
 30
0
 11
57.8480950000000007
 21
-39.661009
 31
0
  0
LINE
  5
248
330
1B
100
AcDbEntity
  8
F.Silkscreen
  6
CONTINUOUS
100
AcDbLine
 10
57.8480950000000007
 20
-39.661009
 30
0
 11
57.8957139999999981
 21
-39.7562469999999948
 31
0
  0
LINE
  5
249
330
1B
100
AcDbEntity
  8
F.Silkscreen
  6
CONTINUOUS
100
AcDbLine
 10
57.8957139999999981
 20
-39.7562469999999948
 30
0
 11
57.8957139999999981
 21
-39.9943419999999961
 31
0
  0
LINE
  5
24A
330
1B
100
AcDbEntity
  8
F.Silkscreen
  6
CONTINUOUS
100
AcDbLine
 10
57.8957139999999981
 20
-39.9943419999999961
 30
0
 11
57.8480950000000007
 21
-40.089579999999998
 31
0
  0
LINE
  5
24B
330
1B
100
AcDbEntity
  8
F.Silkscreen
  6
CONTINUOUS
100
AcDbLine
 10
57.8480950000000007
 20
-40.089579999999998
 30
0
 11
57.8004759999999962
 21
-40.1372
 31
0
  0
LINE
  5
24C
330
1B
100
AcDbEntity
  8
F.Silkscreen
  6
CONTINUOUS
100
AcDbLine
 10
57.8004759999999962
 20
-40.1372
 30
0
 11
57.7052379999999943
 21
-40.1848189999999974
 31
0
  0
LINE
  5
24D
330
1B
100
AcDbEntity
  8
F.Silkscreen
  6
CONTINUOUS
100
AcDbLine
 10
57.7052379999999943
 20
-40.1848189999999974
 30
0
 11
57.4195239999999956
 21
-40.1848189999999974
 31
0
  0
LINE
  5
24E
330
1B
100
AcDbEntity
  8
F.Silkscreen
  6
CONTINUOUS
100
AcDbLine
 10
57.4195239999999956
 20
-40.1848189999999974
 30
0
 11
57.3242860000000007
 21
-40.1372
 31
0
  0
LINE
  5
24F
330
1B
100
AcDbEntity
  8
F.Silkscreen
  6
CONTINUOUS
100
AcDbLine
 10
57.3242860000000007
 20
-40.1372
 30
0
 11
57.2766669999999962
 21
-40.089579999999998
 31
0
  0
LINE
  5
250
330
1B
100
AcDbEntity
  8
F.Silkscreen
  6
CONTINUOUS
100
AcDbLine
 10
25.2380949999999977
 20
-22.3048189999999984
 30
0
 11
25.2380949999999977
 21
-21.3048189999999984
 31
0
  0
LINE
  5
251
330
1B
100
AcDbEntity
  8
F.Silkscreen
  6
CONTINUOUS
100
AcDbLine
 10
25.2380949999999977
 20
-21.7810089999999974
 30
0
 11
25.8095229999999987
 21
-21.7810089999999974
 31
0
  0
LINE
  5
252
330
1B
100
AcDbEntity
  8
F.Silkscreen
  6
CONTINUOUS
100
AcDbLine
 10
25.8095229999999987
 20
-22.3048189999999984
 30
0
 11
25.8095229999999987
 21
-21.3048189999999984
 31
0
  0
LINE
  5
253
330
1B
100
AcDbEntity
  8
F.Silkscreen
  6
CONTINUOUS
100
AcDbLine
 10
26.8095229999999987
 20
-22.3048189999999984
 30
0
 11
26.2380949999999977
 21
-22.3048189999999984
 31
0
  0
LINE
  5
254
330
1B
100
AcDbEntity
  8
F.Silkscreen
  6
CONTINUOUS
100
AcDbLine
 10
26.523809
 20
-22.3048189999999984
 30
0
 11
26.523809
 21
-21.3048189999999984
 31
0
  0
LINE
  5
255
330
1B
100
AcDbEntity
  8
F.Silkscreen
  6
CONTINUOUS
100
AcDbLine
 10
26.523809
 20
-21.3048189999999984
 30
0
 11
26.428570999999998
 21
-21.4476759999999977
 31
0
  0
LINE
  5
256
330
1B
100
AcDbEntity
  8
F.Silkscreen
  6
CONTINUOUS
100
AcDbLine
 10
26.428570999999998
 20
-21.4476759999999977
 30
0
 11
26.3333329999999997
 21
-21.5429139999999997
 31
0
  0
LINE
  5
257
330
1B
100
AcDbEntity
  8
F.Silkscreen
  6
CONTINUOUS
100
AcDbLine
 10
26.3333329999999997
 20
-21.5429139999999997
 30
0
 11
26.2380949999999977
 21
-21.5905330000000006
 31
0
  0
LINE
  5
258
330
1B
100
AcDbEntity
  8
F.Silkscreen
  6
CONTINUOUS
100
AcDbLine
 10
77.9671419999999955
 20
-52.2898189999999943
 30
0
 11
77.6338089999999994
 21
-51.8136279999999942
 31
0
  0
LINE
  5
259
330
1B
100
AcDbEntity
  8
F.Silkscreen
  6
CONTINUOUS
100
AcDbLine
 10
77.3957139999999981
 20
-52.2898189999999943
 30
0
 11
77.3957139999999981
 21
-51.2898189999999943
 31
0
  0
LINE
  5
25A
330
1B
100
AcDbEntity
  8
F.Silkscreen
  6
CONTINUOUS
100
AcDbLine
 10
77.3957139999999981
 20
-51.2898189999999943
 30
0
 11
77.7766659999999916
 21
-51.2898189999999943
 31
0
  0
LINE
  5
25B
330
1B
100
AcDbEntity
  8
F.Silkscreen
  6
CONTINUOUS
100
AcDbLine
 10
77.7766659999999916
 20
-51.2898189999999943
 30
0
 11
77.8719040000000007
 21
-51.3374379999999988
 31
0
  0
LINE
  5
25C
330
1B
100
AcDbEntity
  8
F.Silkscreen
  6
CONTINUOUS
100
AcDbLine
 10
77.8719040000000007
 20
-51.3374379999999988
 30
0
 11
77.9195229999999981
 21
-51.3850569999999962
 31
0
  0
LINE
  5
25D
330
1B
100
AcDbEntity
  8
F.Silkscreen
  6
CONTINUOUS
100
AcDbLine
 10
77.9195229999999981
 20
-51.3850569999999962
 30
0
 11
77.9671419999999955
 21
-51.4802949999999981
 31
0
  0
LINE
  5
25E
330
1B
100
AcDbEntity
  8
F.Silkscreen
  6
CONTINUOUS
100
AcDbLine
 10
77.9671419999999955
 20
-51.4802949999999981
 30
0
 11
77.9671419999999955
 21
-51.6231519999999975
 31
0
  0
LINE
  5
25F
330
1B
100
AcDbEntity
  8
F.Silkscreen
  6
CONTINUOUS
100
AcDbLine
 10
77.9671419999999955
 20
-51.6231519999999975
 30
0
 11
77.9195229999999981
 21
-51.7183899999999994
 31
0
  0
LINE
  5
260
330
1B
100
AcDbEntity
  8
F.Silkscreen
  6
CONTINUOUS
100
AcDbLine
 10
77.9195229999999981
 20
-51.7183899999999994
 30
0
 11
77.8719040000000007
 21
-51.7660089999999968
 31
0
  0
LINE
  5
261
330
1B
100
AcDbEntity
  8
F.Silkscreen
  6
CONTINUOUS
100
AcDbLine
 10
77.8719040000000007
 20
-51.7660089999999968
 30
0
 11
77.7766659999999916
 21
-51.8136279999999942
 31
0
  0
LINE
  5
262
330
1B
100
AcDbEntity
  8
F.Silkscreen
  6
CONTINUOUS
100
AcDbLine
 10
77.7766659999999916
 20
-51.8136279999999942
 30
0
 11
77.3957139999999981
 21
-51.8136279999999942
 31
0
  0
LINE
  5
263
330
1B
100
AcDbEntity
  8
F.Silkscreen
  6
CONTINUOUS
100
AcDbLine
 10
78.3004760000000033
 20
-51.2898189999999943
 30
0
 11
78.9195229999999981
 21
-51.2898189999999943
 31
0
  0
LINE
  5
264
330
1B
100
AcDbEntity
  8
F.Silkscreen
  6
CONTINUOUS
100
AcDbLine
 10
78.9195229999999981
 20
-51.2898189999999943
 30
0
 11
78.586190000000002
 21
-51.6707709999999949
 31
0
  0
LINE
  5
265
330
1B
100
AcDbEntity
  8
F.Silkscreen
  6
CONTINUOUS
100
AcDbLine
 10
78.586190000000002
 20
-51.6707709999999949
 30
0
 11
78.7290469999999942
 21
-51.6707709999999949
 31
0
  0
LINE
  5
266
330
1B
100
AcDbEntity
  8
F.Silkscreen
  6
CONTINUOUS
100
AcDbLine
 10
78.7290469999999942
 20
-51.6707709999999949
 30
0
 11
78.8242850000000033
 21
-51.7183899999999994
 31
0
  0
LINE
  5
267
330
1B
100
AcDbEntity
  8
F.Silkscreen
  6
CONTINUOUS
100
AcDbLine
 10
78.8242850000000033
 20
-51.7183899999999994
 30
0
 11
78.8719040000000007
 21
-51.7660089999999968
 31
0
  0
LINE
  5
268
330
1B
100
AcDbEntity
  8
F.Silkscreen
  6
CONTINUOUS
100
AcDbLine
 10
78.8719040000000007
 20
-51.7660089999999968
 30
0
 11
78.9195229999999981
 21
-51.8612469999999988
 31
0
  0
LINE
  5
269
330
1B
100
AcDbEntity
  8
F.Silkscreen
  6
CONTINUOUS
100
AcDbLine
 10
78.9195229999999981
 20
-51.8612469999999988
 30
0
 11
78.9195229999999981
 21
-52.099342
 31
0
  0
LINE
  5
26A
330
1B
100
AcDbEntity
  8
F.Silkscreen
  6
CONTINUOUS
100
AcDbLine
 10
78.9195229999999981
 20
-52.099342
 30
0
 11
78.8719040000000007
 21
-52.1945799999999949
 31
0
  0
LINE
  5
26B
330
1B
100
AcDbEntity
  8
F.Silkscreen
  6
CONTINUOUS
100
AcDbLine
 10
78.8719040000000007
 20
-52.1945799999999949
 30
0
 11
78.8242850000000033
 21
-52.2421999999999969
 31
0
  0
LINE
  5
26C
330
1B
100
AcDbEntity
  8
F.Silkscreen
  6
CONTINUOUS
100
AcDbLine
 10
78.8242850000000033
 20
-52.2421999999999969
 30
0
 11
78.7290469999999942
 21
-52.2898189999999943
 31
0
  0
LINE
  5
26D
330
1B
100
AcDbEntity
  8
F.Silkscreen
  6
CONTINUOUS
100
AcDbLine
 10
78.7290469999999942
 20
-52.2898189999999943
 30
0
 11
78.4433329999999955
 21
-52.2898189999999943
 31
0
  0
LINE
  5
26E
330
1B
100
AcDbEntity
  8
F.Silkscreen
  6
CONTINUOUS
100
AcDbLine
 10
78.4433329999999955
 20
-52.2898189999999943
 30
0
 11
78.3480950000000007
 21
-52.2421999999999969
 31
0
  0
LINE
  5
26F
330
1B
100
AcDbEntity
  8
F.Silkscreen
  6
CONTINUOUS
100
AcDbLine
 10
78.3480950000000007
 20
-52.2421999999999969
 30
0
 11
78.3004760000000033
 21
-52.1945799999999949
 31
0
  0
LINE
  5
270
330
1B
100
AcDbEntity
  8
F.Silkscreen
  6
CONTINUOUS
100
AcDbLine
 10
79.7766659999999916
 20
-51.2898189999999943
 30
0
 11
79.586190000000002
 21
-51.2898189999999943
 31
0
  0
LINE
  5
271
330
1B
100
AcDbEntity
  8
F.Silkscreen
  6
CONTINUOUS
100
AcDbLine
 10
79.586190000000002
 20
-51.2898189999999943
 30
0
 11
79.4909519999999929
 21
-51.3374379999999988
 31
0
  0
LINE
  5
272
330
1B
100
AcDbEntity
  8
F.Silkscreen
  6
CONTINUOUS
100
AcDbLine
 10
79.4909519999999929
 20
-51.3374379999999988
 30
0
 11
79.4433329999999955
 21
-51.3850569999999962
 31
0
  0
LINE
  5
273
330
1B
100
AcDbEntity
  8
F.Silkscreen
  6
CONTINUOUS
100
AcDbLine
 10
79.4433329999999955
 20
-51.3850569999999962
 30
0
 11
79.3480950000000007
 21
-51.5279139999999956
 31
0
  0
LINE
  5
274
330
1B
100
AcDbEntity
  8
F.Silkscreen
  6
CONTINUOUS
100
AcDbLine
 10
79.3480950000000007
 20
-51.5279139999999956
 30
0
 11
79.3004760000000033
 21
-51.7183899999999994
 31
0
  0
LINE
  5
275
330
1B
100
AcDbEntity
  8
F.Silkscreen
  6
CONTINUOUS
100
AcDbLine
 10
79.3004760000000033
 20
-51.7183899999999994
 30
0
 11
79.3004760000000033
 21
-52.099342
 31
0
  0
LINE
  5
276
330
1B
100
AcDbEntity
  8
F.Silkscreen
  6
CONTINUOUS
100
AcDbLine
 10
79.3004760000000033
 20
-52.099342
 30
0
 11
79.3480950000000007
 21
-52.1945799999999949
 31
0
  0
LINE
  5
277
330
1B
100
AcDbEntity
  8
F.Silkscreen
  6
CONTINUOUS
100
AcDbLine
 10
79.3480950000000007
 20
-52.1945799999999949
 30
0
 11
79.3957139999999981
 21
-52.2421999999999969
 31
0
  0
LINE
  5
278
330
1B
100
AcDbEntity
  8
F.Silkscreen
  6
CONTINUOUS
100
AcDbLine
 10
79.3957139999999981
 20
-52.2421999999999969
 30
0
 11
79.4909519999999929
 21
-52.2898189999999943
 31
0
  0
LINE
  5
279
330
1B
100
AcDbEntity
  8
F.Silkscreen
  6
CONTINUOUS
100
AcDbLine
 10
79.4909519999999929
 20
-52.2898189999999943
 30
0
 11
79.6814279999999968
 21
-52.2898189999999943
 31
0
  0
LINE
  5
27A
330
1B
100
AcDbEntity
  8
F.Silkscreen
  6
CONTINUOUS
100
AcDbLine
 10
79.6814279999999968
 20
-52.2898189999999943
 30
0
 11
79.7766659999999916
 21
-52.2421999999999969
 31
0
  0
LINE
  5
27B
330
1B
100
AcDbEntity
  8
F.Silkscreen
  6
CONTINUOUS
100
AcDbLine
 10
79.7766659999999916
 20
-52.2421999999999969
 30
0
 11
79.8242850000000033
 21
-52.1945799999999949
 31
0
  0
LINE
  5
27C
330
1B
100
AcDbEntity
  8
F.Silkscreen
  6
CONTINUOUS
100
AcDbLine
 10
79.8242850000000033
 20
-52.1945799999999949
 30
0
 11
79.8719040000000007
 21
-52.099342
 31
0
  0
LINE
  5
27D
330
1B
100
AcDbEntity
  8
F.Silkscreen
  6
CONTINUOUS
100
AcDbLine
 10
79.8719040000000007
 20
-52.099342
 30
0
 11
79.8719040000000007
 21
-51.8612469999999988
 31
0
  0
LINE
  5
27E
330
1B
100
AcDbEntity
  8
F.Silkscreen
  6
CONTINUOUS
100
AcDbLine
 10
79.8719040000000007
 20
-51.8612469999999988
 30
0
 11
79.8242850000000033
 21
-51.7660089999999968
 31
0
  0
LINE
  5
27F
330
1B
100
AcDbEntity
  8
F.Silkscreen
  6
CONTINUOUS
100
AcDbLine
 10
79.8242850000000033
 20
-51.7660089999999968
 30
0
 11
79.7766659999999916
 21
-51.7183899999999994
 31
0
  0
LINE
  5
280
330
1B
100
AcDbEntity
  8
F.Silkscreen
  6
CONTINUOUS
100
AcDbLine
 10
79.7766659999999916
 20
-51.7183899999999994
 30
0
 11
79.6814279999999968
 21
-51.6707709999999949
 31
0
  0
LINE
  5
281
330
1B
100
AcDbEntity
  8
F.Silkscreen
  6
CONTINUOUS
100
AcDbLine
 10
79.6814279999999968
 20
-51.6707709999999949
 30
0
 11
79.4909519999999929
 21
-51.6707709999999949
 31
0
  0
LINE
  5
282
330
1B
100
AcDbEntity
  8
F.Silkscreen
  6
CONTINUOUS
100
AcDbLine
 10
79.4909519999999929
 20
-51.6707709999999949
 30
0
 11
79.3957139999999981
 21
-51.7183899999999994
 31
0
  0
LINE
  5
283
330
1B
100
AcDbEntity
  8
F.Silkscreen
  6
CONTINUOUS
100
AcDbLine
 10
79.3957139999999981
 20
-51.7183899999999994
 30
0
 11
79.3480950000000007
 21
-51.7660089999999968
 31
0
  0
LINE
  5
284
330
1B
100
AcDbEntity
  8
F.Silkscreen
  6
CONTINUOUS
100
AcDbLine
 10
79.3480950000000007
 20
-51.7660089999999968
 30
0
 11
79.3004760000000033
 21
-51.8612469999999988
 31
0
  0
LINE
  5
285
330
1B
100
AcDbEntity
  8
F.Silkscreen
  6
CONTINUOUS
100
AcDbLine
 10
80.7248189999999965
 20
-31.6033329999999992
 30
0
 11
81.4391040000000004
 21
-31.6033329999999992
 31
0
  0
LINE
  5
286
330
1B
100
AcDbEntity
  8
F.Silkscreen
  6
CONTINUOUS
100
AcDbLine
 10
81.4391040000000004
 20
-31.6033329999999992
 30
0
 11
81.5819609999999926
 21
-31.6509520000000002
 31
0
  0
LINE
  5
287
330
1B
100
AcDbEntity
  8
F.Silkscreen
  6
CONTINUOUS
100
AcDbLine
 10
81.5819609999999926
 20
-31.6509520000000002
 30
0
 11
81.6771999999999991
 21
-31.7461899999999986
 31
0
  0
LINE
  5
288
330
1B
100
AcDbEntity
  8
F.Silkscreen
  6
CONTINUOUS
100
AcDbLine
 10
81.6771999999999991
 20
-31.7461899999999986
 30
0
 11
81.7248189999999965
 21
-31.8890469999999979
 31
0
  0
LINE
  5
289
330
1B
100
AcDbEntity
  8
F.Silkscreen
  6
CONTINUOUS
100
AcDbLine
 10
81.7248189999999965
 20
-31.8890469999999979
 30
0
 11
81.7248189999999965
 21
-31.9842849999999999
 31
0
  0
LINE
  5
28A
330
1B
100
AcDbEntity
  8
F.Silkscreen
  6
CONTINUOUS
100
AcDbLine
 10
80.7248189999999965
 20
-31.2223799999999976
 30
0
 11
80.7248189999999965
 21
-30.5557139999999983
 31
0
  0
LINE
  5
28B
330
1B
100
AcDbEntity
  8
F.Silkscreen
  6
CONTINUOUS
100
AcDbLine
 10
80.7248189999999965
 20
-30.5557139999999983
 30
0
 11
81.7248189999999965
 21
-30.9842849999999999
 31
0
  0
LINE
  5
28C
330
1B
100
AcDbEntity
  8
F.Silkscreen
  6
CONTINUOUS
100
AcDbLine
 10
77.9671419999999955
 20
-47.6231189999999955
 30
0
 11
77.6338089999999994
 21
-47.1469279999999955
 31
0
  0
LINE
  5
28D
330
1B
100
AcDbEntity
  8
F.Silkscreen
  6
CONTINUOUS
100
AcDbLine
 10
77.3957139999999981
 20
-47.6231189999999955
 30
0
 11
77.3957139999999981
 21
-46.6231189999999955
 31
0
  0
LINE
  5
28E
330
1B
100
AcDbEntity
  8
F.Silkscreen
  6
CONTINUOUS
100
AcDbLine
 10
77.3957139999999981
 20
-46.6231189999999955
 30
0
 11
77.7766659999999916
 21
-46.6231189999999955
 31
0
  0
LINE
  5
28F
330
1B
100
AcDbEntity
  8
F.Silkscreen
  6
CONTINUOUS
100
AcDbLine
 10
77.7766659999999916
 20
-46.6231189999999955
 30
0
 11
77.8719040000000007
 21
-46.6707380000000001
 31
0
  0
LINE
  5
290
330
1B
100
AcDbEntity
  8
F.Silkscreen
  6
CONTINUOUS
100
AcDbLine
 10
77.8719040000000007
 20
-46.6707380000000001
 30
0
 11
77.9195229999999981
 21
-46.7183569999999975
 31
0
  0
LINE
  5
291
330
1B
100
AcDbEntity
  8
F.Silkscreen
  6
CONTINUOUS
100
AcDbLine
 10
77.9195229999999981
 20
-46.7183569999999975
 30
0
 11
77.9671419999999955
 21
-46.8135949999999994
 31
0
  0
LINE
  5
292
330
1B
100
AcDbEntity
  8
F.Silkscreen
  6
CONTINUOUS
100
AcDbLine
 10
77.9671419999999955
 20
-46.8135949999999994
 30
0
 11
77.9671419999999955
 21
-46.9564519999999987
 31
0
  0
LINE
  5
293
330
1B
100
AcDbEntity
  8
F.Silkscreen
  6
CONTINUOUS
100
AcDbLine
 10
77.9671419999999955
 20
-46.9564519999999987
 30
0
 11
77.9195229999999981
 21
-47.0516900000000007
 31
0
  0
LINE
  5
294
330
1B
100
AcDbEntity
  8
F.Silkscreen
  6
CONTINUOUS
100
AcDbLine
 10
77.9195229999999981
 20
-47.0516900000000007
 30
0
 11
77.8719040000000007
 21
-47.0993089999999981
 31
0
  0
LINE
  5
295
330
1B
100
AcDbEntity
  8
F.Silkscreen
  6
CONTINUOUS
100
AcDbLine
 10
77.8719040000000007
 20
-47.0993089999999981
 30
0
 11
77.7766659999999916
 21
-47.1469279999999955
 31
0
  0
LINE
  5
296
330
1B
100
AcDbEntity
  8
F.Silkscreen
  6
CONTINUOUS
100
AcDbLine
 10
77.7766659999999916
 20
-47.1469279999999955
 30
0
 11
77.3957139999999981
 21
-47.1469279999999955
 31
0
  0
LINE
  5
297
330
1B
100
AcDbEntity
  8
F.Silkscreen
  6
CONTINUOUS
100
AcDbLine
 10
78.3004760000000033
 20
-46.6231189999999955
 30
0
 11
78.9195229999999981
 21
-46.6231189999999955
 31
0
  0
LINE
  5
298
330
1B
100
AcDbEntity
  8
F.Silkscreen
  6
CONTINUOUS
100
AcDbLine
 10
78.9195229999999981
 20
-46.6231189999999955
 30
0
 11
78.586190000000002
 21
-47.0040709999999962
 31
0
  0
LINE
  5
299
330
1B
100
AcDbEntity
  8
F.Silkscreen
  6
CONTINUOUS
100
AcDbLine
 10
78.586190000000002
 20
-47.0040709999999962
 30
0
 11
78.7290469999999942
 21
-47.0040709999999962
 31
0
  0
LINE
  5
29A
330
1B
100
AcDbEntity
  8
F.Silkscreen
  6
CONTINUOUS
100
AcDbLine
 10
78.7290469999999942
 20
-47.0040709999999962
 30
0
 11
78.8242850000000033
 21
-47.0516900000000007
 31
0
  0
LINE
  5
29B
330
1B
100
AcDbEntity
  8
F.Silkscreen
  6
CONTINUOUS
100
AcDbLine
 10
78.8242850000000033
 20
-47.0516900000000007
 30
0
 11
78.8719040000000007
 21
-47.0993089999999981
 31
0
  0
LINE
  5
29C
330
1B
100
AcDbEntity
  8
F.Silkscreen
  6
CONTINUOUS
100
AcDbLine
 10
78.8719040000000007
 20
-47.0993089999999981
 30
0
 11
78.9195229999999981
 21
-47.194547
 31
0
  0
LINE
  5
29D
330
1B
100
AcDbEntity
  8
F.Silkscreen
  6
CONTINUOUS
100
AcDbLine
 10
78.9195229999999981
 20
-47.194547
 30
0
 11
78.9195229999999981
 21
-47.4326420000000013
 31
0
  0
LINE
  5
29E
330
1B
100
AcDbEntity
  8
F.Silkscreen
  6
CONTINUOUS
100
AcDbLine
 10
78.9195229999999981
 20
-47.4326420000000013
 30
0
 11
78.8719040000000007
 21
-47.5278799999999961
 31
0
  0
LINE
  5
29F
330
1B
100
AcDbEntity
  8
F.Silkscreen
  6
CONTINUOUS
100
AcDbLine
 10
78.8719040000000007
 20
-47.5278799999999961
 30
0
 11
78.8242850000000033
 21
-47.5754999999999981
 31
0
  0
LINE
  5
2A0
330
1B
100
AcDbEntity
  8
F.Silkscreen
  6
CONTINUOUS
100
AcDbLine
 10
78.8242850000000033
 20
-47.5754999999999981
 30
0
 11
78.7290469999999942
 21
-47.6231189999999955
 31
0
  0
LINE
  5
2A1
330
1B
100
AcDbEntity
  8
F.Silkscreen
  6
CONTINUOUS
100
AcDbLine
 10
78.7290469999999942
 20
-47.6231189999999955
 30
0
 11
78.4433329999999955
 21
-47.6231189999999955
 31
0
  0
LINE
  5
2A2
330
1B
100
AcDbEntity
  8
F.Silkscreen
  6
CONTINUOUS
100
AcDbLine
 10
78.4433329999999955
 20
-47.6231189999999955
 30
0
 11
78.3480950000000007
 21
-47.5754999999999981
 31
0
  0
LINE
  5
2A3
330
1B
100
AcDbEntity
  8
F.Silkscreen
  6
CONTINUOUS
100
AcDbLine
 10
78.3480950000000007
 20
-47.5754999999999981
 30
0
 11
78.3004760000000033
 21
-47.5278799999999961
 31
0
  0
LINE
  5
2A4
330
1B
100
AcDbEntity
  8
F.Silkscreen
  6
CONTINUOUS
100
AcDbLine
 10
79.2528569999999917
 20
-46.6231189999999955
 30
0
 11
79.8719040000000007
 21
-46.6231189999999955
 31
0
  0
LINE
  5
2A5
330
1B
100
AcDbEntity
  8
F.Silkscreen
  6
CONTINUOUS
100
AcDbLine
 10
79.8719040000000007
 20
-46.6231189999999955
 30
0
 11
79.5385709999999904
 21
-47.0040709999999962
 31
0
  0
LINE
  5
2A6
330
1B
100
AcDbEntity
  8
F.Silkscreen
  6
CONTINUOUS
100
AcDbLine
 10
79.5385709999999904
 20
-47.0040709999999962
 30
0
 11
79.6814279999999968
 21
-47.0040709999999962
 31
0
  0
LINE
  5
2A7
330
1B
100
AcDbEntity
  8
F.Silkscreen
  6
CONTINUOUS
100
AcDbLine
 10
79.6814279999999968
 20
-47.0040709999999962
 30
0
 11
79.7766659999999916
 21
-47.0516900000000007
 31
0
  0
LINE
  5
2A8
330
1B
100
AcDbEntity
  8
F.Silkscreen
  6
CONTINUOUS
100
AcDbLine
 10
79.7766659999999916
 20
-47.0516900000000007
 30
0
 11
79.8242850000000033
 21
-47.0993089999999981
 31
0
  0
LINE
  5
2A9
330
1B
100
AcDbEntity
  8
F.Silkscreen
  6
CONTINUOUS
100
AcDbLine
 10
79.8242850000000033
 20
-47.0993089999999981
 30
0
 11
79.8719040000000007
 21
-47.194547
 31
0
  0
LINE
  5
2AA
330
1B
100
AcDbEntity
  8
F.Silkscreen
  6
CONTINUOUS
100
AcDbLine
 10
79.8719040000000007
 20
-47.194547
 30
0
 11
79.8719040000000007
 21
-47.4326420000000013
 31
0
  0
LINE
  5
2AB
330
1B
100
AcDbEntity
  8
F.Silkscreen
  6
CONTINUOUS
100
AcDbLine
 10
79.8719040000000007
 20
-47.4326420000000013
 30
0
 11
79.8242850000000033
 21
-47.5278799999999961
 31
0
  0
LINE
  5
2AC
330
1B
100
AcDbEntity
  8
F.Silkscreen
  6
CONTINUOUS
100
AcDbLine
 10
79.8242850000000033
 20
-47.5278799999999961
 30
0
 11
79.7766659999999916
 21
-47.5754999999999981
 31
0
  0
LINE
  5
2AD
330
1B
100
AcDbEntity
  8
F.Silkscreen
  6
CONTINUOUS
100
AcDbLine
 10
79.7766659999999916
 20
-47.5754999999999981
 30
0
 11
79.6814279999999968
 21
-47.6231189999999955
 31
0
  0
LINE
  5
2AE
330
1B
100
AcDbEntity
  8
F.Silkscreen
  6
CONTINUOUS
100
AcDbLine
 10
79.6814279999999968
 20
-47.6231189999999955
 30
0
 11
79.3957139999999981
 21
-47.6231189999999955
 31
0
  0
LINE
  5
2AF
330
1B
100
AcDbEntity
  8
F.Silkscreen
  6
CONTINUOUS
100
AcDbLine
 10
79.3957139999999981
 20
-47.6231189999999955
 30
0
 11
79.3004760000000033
 21
-47.5754999999999981
 31
0
  0
LINE
  5
2B0
330
1B
100
AcDbEntity
  8
F.Silkscreen
  6
CONTINUOUS
100
AcDbLine
 10
79.3004760000000033
 20
-47.5754999999999981
 30
0
 11
79.2528569999999917
 21
-47.5278799999999961
 31
0
  0
LINE
  5
2B1
330
1B
100
AcDbEntity
  8
F.Silkscreen
  6
CONTINUOUS
100
AcDbLine
 10
95.347141999999991
 20
-77.0298190000000034
 30
0
 11
95.0138089999999949
 21
-76.5536280000000033
 31
0
  0
LINE
  5
2B2
330
1B
100
AcDbEntity
  8
F.Silkscreen
  6
CONTINUOUS
100
AcDbLine
 10
94.7757139999999936
 20
-77.0298190000000034
 30
0
 11
94.7757139999999936
 21
-76.0298190000000034
 31
0
  0
LINE
  5
2B3
330
1B
100
AcDbEntity
  8
F.Silkscreen
  6
CONTINUOUS
100
AcDbLine
 10
94.7757139999999936
 20
-76.0298190000000034
 30
0
 11
95.1566660000000013
 21
-76.0298190000000034
 31
0
  0
LINE
  5
2B4
330
1B
100
AcDbEntity
  8
F.Silkscreen
  6
CONTINUOUS
100
AcDbLine
 10
95.1566660000000013
 20
-76.0298190000000034
 30
0
 11
95.2519039999999961
 21
-76.0774380000000008
 31
0
  0
LINE
  5
2B5
330
1B
100
AcDbEntity
  8
F.Silkscreen
  6
CONTINUOUS
100
AcDbLine
 10
95.2519039999999961
 20
-76.0774380000000008
 30
0
 11
95.2995229999999935
 21
-76.1250569999999982
 31
0
  0
LINE
  5
2B6
330
1B
100
AcDbEntity
  8
F.Silkscreen
  6
CONTINUOUS
100
AcDbLine
 10
95.2995229999999935
 20
-76.1250569999999982
 30
0
 11
95.347141999999991
 21
-76.220294999999993
 31
0
  0
LINE
  5
2B7
330
1B
100
AcDbEntity
  8
F.Silkscreen
  6
CONTINUOUS
100
AcDbLine
 10
95.347141999999991
 20
-76.220294999999993
 30
0
 11
95.347141999999991
 21
-76.3631519999999995
 31
0
  0
LINE
  5
2B8
330
1B
100
AcDbEntity
  8
F.Silkscreen
  6
CONTINUOUS
100
AcDbLine
 10
95.347141999999991
 20
-76.3631519999999995
 30
0
 11
95.2995229999999935
 21
-76.4583899999999943
 31
0
  0
LINE
  5
2B9
330
1B
100
AcDbEntity
  8
F.Silkscreen
  6
CONTINUOUS
100
AcDbLine
 10
95.2995229999999935
 20
-76.4583899999999943
 30
0
 11
95.2519039999999961
 21
-76.5060089999999917
 31
0
  0
LINE
  5
2BA
330
1B
100
AcDbEntity
  8
F.Silkscreen
  6
CONTINUOUS
100
AcDbLine
 10
95.2519039999999961
 20
-76.5060089999999917
 30
0
 11
95.1566660000000013
 21
-76.5536280000000033
 31
0
  0
LINE
  5
2BB
330
1B
100
AcDbEntity
  8
F.Silkscreen
  6
CONTINUOUS
100
AcDbLine
 10
95.1566660000000013
 20
-76.5536280000000033
 30
0
 11
94.7757139999999936
 21
-76.5536280000000033
 31
0
  0
LINE
  5
2BC
330
1B
100
AcDbEntity
  8
F.Silkscreen
  6
CONTINUOUS
100
AcDbLine
 10
95.6804759999999987
 20
-76.0298190000000034
 30
0
 11
96.2995229999999935
 21
-76.0298190000000034
 31
0
  0
LINE
  5
2BD
330
1B
100
AcDbEntity
  8
F.Silkscreen
  6
CONTINUOUS
100
AcDbLine
 10
96.2995229999999935
 20
-76.0298190000000034
 30
0
 11
95.9661899999999974
 21
-76.4107709999999969
 31
0
  0
LINE
  5
2BE
330
1B
100
AcDbEntity
  8
F.Silkscreen
  6
CONTINUOUS
100
AcDbLine
 10
95.9661899999999974
 20
-76.4107709999999969
 30
0
 11
96.1090469999999897
 21
-76.4107709999999969
 31
0
  0
LINE
  5
2BF
330
1B
100
AcDbEntity
  8
F.Silkscreen
  6
CONTINUOUS
100
AcDbLine
 10
96.1090469999999897
 20
-76.4107709999999969
 30
0
 11
96.2042849999999987
 21
-76.4583899999999943
 31
0
  0
LINE
  5
2C0
330
1B
100
AcDbEntity
  8
F.Silkscreen
  6
CONTINUOUS
100
AcDbLine
 10
96.2042849999999987
 20
-76.4583899999999943
 30
0
 11
96.2519039999999961
 21
-76.5060089999999917
 31
0
  0
LINE
  5
2C1
330
1B
100
AcDbEntity
  8
F.Silkscreen
  6
CONTINUOUS
100
AcDbLine
 10
96.2519039999999961
 20
-76.5060089999999917
 30
0
 11
96.2995229999999935
 21
-76.6012470000000008
 31
0
  0
LINE
  5
2C2
330
1B
100
AcDbEntity
  8
F.Silkscreen
  6
CONTINUOUS
100
AcDbLine
 10
96.2995229999999935
 20
-76.6012470000000008
 30
0
 11
96.2995229999999935
 21
-76.839342000000002
 31
0
  0
LINE
  5
2C3
330
1B
100
AcDbEntity
  8
F.Silkscreen
  6
CONTINUOUS
100
AcDbLine
 10
96.2995229999999935
 20
-76.839342000000002
 30
0
 11
96.2519039999999961
 21
-76.9345799999999969
 31
0
  0
LINE
  5
2C4
330
1B
100
AcDbEntity
  8
F.Silkscreen
  6
CONTINUOUS
100
AcDbLine
 10
96.2519039999999961
 20
-76.9345799999999969
 30
0
 11
96.2042849999999987
 21
-76.9821999999999917
 31
0
  0
LINE
  5
2C5
330
1B
100
AcDbEntity
  8
F.Silkscreen
  6
CONTINUOUS
100
AcDbLine
 10
96.2042849999999987
 20
-76.9821999999999917
 30
0
 11
96.1090469999999897
 21
-77.0298190000000034
 31
0
  0
LINE
  5
2C6
330
1B
100
AcDbEntity
  8
F.Silkscreen
  6
CONTINUOUS
100
AcDbLine
 10
96.1090469999999897
 20
-77.0298190000000034
 30
0
 11
95.823332999999991
 21
-77.0298190000000034
 31
0
  0
LINE
  5
2C7
330
1B
100
AcDbEntity
  8
F.Silkscreen
  6
CONTINUOUS
100
AcDbLine
 10
95.823332999999991
 20
-77.0298190000000034
 30
0
 11
95.7280949999999962
 21
-76.9821999999999917
 31
0
  0
LINE
  5
2C8
330
1B
100
AcDbEntity
  8
F.Silkscreen
  6
CONTINUOUS
100
AcDbLine
 10
95.7280949999999962
 20
-76.9821999999999917
 30
0
 11
95.6804759999999987
 21
-76.9345799999999969
 31
0
  0
LINE
  5
2C9
330
1B
100
AcDbEntity
  8
F.Silkscreen
  6
CONTINUOUS
100
AcDbLine
 10
96.6804759999999987
 20
-76.1250569999999982
 30
0
 11
96.7280949999999962
 21
-76.0774380000000008
 31
0
  0
LINE
  5
2CA
330
1B
100
AcDbEntity
  8
F.Silkscreen
  6
CONTINUOUS
100
AcDbLine
 10
96.7280949999999962
 20
-76.0774380000000008
 30
0
 11
96.823332999999991
 21
-76.0298190000000034
 31
0
  0
LINE
  5
2CB
330
1B
100
AcDbEntity
  8
F.Silkscreen
  6
CONTINUOUS
100
AcDbLine
 10
96.823332999999991
 20
-76.0298190000000034
 30
0
 11
97.0614279999999923
 21
-76.0298190000000034
 31
0
  0
LINE
  5
2CC
330
1B
100
AcDbEntity
  8
F.Silkscreen
  6
CONTINUOUS
100
AcDbLine
 10
97.0614279999999923
 20
-76.0298190000000034
 30
0
 11
97.1566660000000013
 21
-76.0774380000000008
 31
0
  0
LINE
  5
2CD
330
1B
100
AcDbEntity
  8
F.Silkscreen
  6
CONTINUOUS
100
AcDbLine
 10
97.1566660000000013
 20
-76.0774380000000008
 30
0
 11
97.2042849999999987
 21
-76.1250569999999982
 31
0
  0
LINE
  5
2CE
330
1B
100
AcDbEntity
  8
F.Silkscreen
  6
CONTINUOUS
100
AcDbLine
 10
97.2042849999999987
 20
-76.1250569999999982
 30
0
 11
97.2519039999999961
 21
-76.220294999999993
 31
0
  0
LINE
  5
2CF
330
1B
100
AcDbEntity
  8
F.Silkscreen
  6
CONTINUOUS
100
AcDbLine
 10
97.2519039999999961
 20
-76.220294999999993
 30
0
 11
97.2519039999999961
 21
-76.3155330000000021
 31
0
  0
LINE
  5
2D0
330
1B
100
AcDbEntity
  8
F.Silkscreen
  6
CONTINUOUS
100
AcDbLine
 10
97.2519039999999961
 20
-76.3155330000000021
 30
0
 11
97.2042849999999987
 21
-76.4583899999999943
 31
0
  0
LINE
  5
2D1
330
1B
100
AcDbEntity
  8
F.Silkscreen
  6
CONTINUOUS
100
AcDbLine
 10
97.2042849999999987
 20
-76.4583899999999943
 30
0
 11
96.6328570000000013
 21
-77.0298190000000034
 31
0
  0
LINE
  5
2D2
330
1B
100
AcDbEntity
  8
F.Silkscreen
  6
CONTINUOUS
100
AcDbLine
 10
96.6328570000000013
 20
-77.0298190000000034
 30
0
 11
97.2519039999999961
 21
-77.0298190000000034
 31
0
  0
LINE
  5
2D3
330
1B
100
AcDbEntity
  8
F.Silkscreen
  6
CONTINUOUS
100
AcDbLine
 10
74.9671419999999955
 20
-94.0298189999999892
 30
0
 11
74.6338089999999994
 21
-93.5536279999999891
 31
0
  0
LINE
  5
2D4
330
1B
100
AcDbEntity
  8
F.Silkscreen
  6
CONTINUOUS
100
AcDbLine
 10
74.3957139999999981
 20
-94.0298189999999892
 30
0
 11
74.3957139999999981
 21
-93.0298189999999892
 31
0
  0
LINE
  5
2D5
330
1B
100
AcDbEntity
  8
F.Silkscreen
  6
CONTINUOUS
100
AcDbLine
 10
74.3957139999999981
 20
-93.0298189999999892
 30
0
 11
74.7766659999999916
 21
-93.0298189999999892
 31
0
  0
LINE
  5
2D6
330
1B
100
AcDbEntity
  8
F.Silkscreen
  6
CONTINUOUS
100
AcDbLine
 10
74.7766659999999916
 20
-93.0298189999999892
 30
0
 11
74.8719040000000007
 21
-93.0774380000000008
 31
0
  0
LINE
  5
2D7
330
1B
100
AcDbEntity
  8
F.Silkscreen
  6
CONTINUOUS
100
AcDbLine
 10
74.8719040000000007
 20
-93.0774380000000008
 30
0
 11
74.9195229999999981
 21
-93.1250569999999982
 31
0
  0
LINE
  5
2D8
330
1B
100
AcDbEntity
  8
F.Silkscreen
  6
CONTINUOUS
100
AcDbLine
 10
74.9195229999999981
 20
-93.1250569999999982
 30
0
 11
74.9671419999999955
 21
-93.220294999999993
 31
0
  0
LINE
  5
2D9
330
1B
100
AcDbEntity
  8
F.Silkscreen
  6
CONTINUOUS
100
AcDbLine
 10
74.9671419999999955
 20
-93.220294999999993
 30
0
 11
74.9671419999999955
 21
-93.3631519999999995
 31
0
  0
LINE
  5
2DA
330
1B
100
AcDbEntity
  8
F.Silkscreen
  6
CONTINUOUS
100
AcDbLine
 10
74.9671419999999955
 20
-93.3631519999999995
 30
0
 11
74.9195229999999981
 21
-93.4583899999999943
 31
0
  0
LINE
  5
2DB
330
1B
100
AcDbEntity
  8
F.Silkscreen
  6
CONTINUOUS
100
AcDbLine
 10
74.9195229999999981
 20
-93.4583899999999943
 30
0
 11
74.8719040000000007
 21
-93.5060089999999917
 31
0
  0
LINE
  5
2DC
330
1B
100
AcDbEntity
  8
F.Silkscreen
  6
CONTINUOUS
100
AcDbLine
 10
74.8719040000000007
 20
-93.5060089999999917
 30
0
 11
74.7766659999999916
 21
-93.5536279999999891
 31
0
  0
LINE
  5
2DD
330
1B
100
AcDbEntity
  8
F.Silkscreen
  6
CONTINUOUS
100
AcDbLine
 10
74.7766659999999916
 20
-93.5536279999999891
 30
0
 11
74.3957139999999981
 21
-93.5536279999999891
 31
0
  0
LINE
  5
2DE
330
1B
100
AcDbEntity
  8
F.Silkscreen
  6
CONTINUOUS
100
AcDbLine
 10
75.3480950000000007
 20
-93.1250569999999982
 30
0
 11
75.3957139999999981
 21
-93.0774380000000008
 31
0
  0
LINE
  5
2DF
330
1B
100
AcDbEntity
  8
F.Silkscreen
  6
CONTINUOUS
100
AcDbLine
 10
75.3957139999999981
 20
-93.0774380000000008
 30
0
 11
75.4909519999999929
 21
-93.0298189999999892
 31
0
  0
LINE
  5
2E0
330
1B
100
AcDbEntity
  8
F.Silkscreen
  6
CONTINUOUS
100
AcDbLine
 10
75.4909519999999929
 20
-93.0298189999999892
 30
0
 11
75.7290469999999942
 21
-93.0298189999999892
 31
0
  0
LINE
  5
2E1
330
1B
100
AcDbEntity
  8
F.Silkscreen
  6
CONTINUOUS
100
AcDbLine
 10
75.7290469999999942
 20
-93.0298189999999892
 30
0
 11
75.8242850000000033
 21
-93.0774380000000008
 31
0
  0
LINE
  5
2E2
330
1B
100
AcDbEntity
  8
F.Silkscreen
  6
CONTINUOUS
100
AcDbLine
 10
75.8242850000000033
 20
-93.0774380000000008
 30
0
 11
75.8719040000000007
 21
-93.1250569999999982
 31
0
  0
LINE
  5
2E3
330
1B
100
AcDbEntity
  8
F.Silkscreen
  6
CONTINUOUS
100
AcDbLine
 10
75.8719040000000007
 20
-93.1250569999999982
 30
0
 11
75.9195229999999981
 21
-93.220294999999993
 31
0
  0
LINE
  5
2E4
330
1B
100
AcDbEntity
  8
F.Silkscreen
  6
CONTINUOUS
100
AcDbLine
 10
75.9195229999999981
 20
-93.220294999999993
 30
0
 11
75.9195229999999981
 21
-93.3155330000000021
 31
0
  0
LINE
  5
2E5
330
1B
100
AcDbEntity
  8
F.Silkscreen
  6
CONTINUOUS
100
AcDbLine
 10
75.9195229999999981
 20
-93.3155330000000021
 30
0
 11
75.8719040000000007
 21
-93.4583899999999943
 31
0
  0
LINE
  5
2E6
330
1B
100
AcDbEntity
  8
F.Silkscreen
  6
CONTINUOUS
100
AcDbLine
 10
75.8719040000000007
 20
-93.4583899999999943
 30
0
 11
75.3004760000000033
 21
-94.0298189999999892
 31
0
  0
LINE
  5
2E7
330
1B
100
AcDbEntity
  8
F.Silkscreen
  6
CONTINUOUS
100
AcDbLine
 10
75.3004760000000033
 20
-94.0298189999999892
 30
0
 11
75.9195229999999981
 21
-94.0298189999999892
 31
0
  0
LINE
  5
2E8
330
1B
100
AcDbEntity
  8
F.Silkscreen
  6
CONTINUOUS
100
AcDbLine
 10
76.2528569999999917
 20
-93.0298189999999892
 30
0
 11
76.9195229999999981
 21
-93.0298189999999892
 31
0
  0
LINE
  5
2E9
330
1B
100
AcDbEntity
  8
F.Silkscreen
  6
CONTINUOUS
100
AcDbLine
 10
76.9195229999999981
 20
-93.0298189999999892
 30
0
 11
76.4909519999999929
 21
-94.0298189999999892
 31
0
  0
LINE
  5
2EA
330
1B
100
AcDbEntity
  8
F.Silkscreen
  6
CONTINUOUS
100
AcDbLine
 10
46.9671419999999955
 20
-92.2898189999999943
 30
0
 11
46.6338089999999994
 21
-91.8136279999999942
 31
0
  0
LINE
  5
2EB
330
1B
100
AcDbEntity
  8
F.Silkscreen
  6
CONTINUOUS
100
AcDbLine
 10
46.3957139999999981
 20
-92.2898189999999943
 30
0
 11
46.3957139999999981
 21
-91.2898189999999943
 31
0
  0
LINE
  5
2EC
330
1B
100
AcDbEntity
  8
F.Silkscreen
  6
CONTINUOUS
100
AcDbLine
 10
46.3957139999999981
 20
-91.2898189999999943
 30
0
 11
46.7766659999999987
 21
-91.2898189999999943
 31
0
  0
LINE
  5
2ED
330
1B
100
AcDbEntity
  8
F.Silkscreen
  6
CONTINUOUS
100
AcDbLine
 10
46.7766659999999987
 20
-91.2898189999999943
 30
0
 11
46.8719040000000007
 21
-91.3374379999999917
 31
0
  0
LINE
  5
2EE
330
1B
100
AcDbEntity
  8
F.Silkscreen
  6
CONTINUOUS
100
AcDbLine
 10
46.8719040000000007
 20
-91.3374379999999917
 30
0
 11
46.9195229999999981
 21
-91.3850569999999891
 31
0
  0
LINE
  5
2EF
330
1B
100
AcDbEntity
  8
F.Silkscreen
  6
CONTINUOUS
100
AcDbLine
 10
46.9195229999999981
 20
-91.3850569999999891
 30
0
 11
46.9671419999999955
 21
-91.4802949999999981
 31
0
  0
LINE
  5
2F0
330
1B
100
AcDbEntity
  8
F.Silkscreen
  6
CONTINUOUS
100
AcDbLine
 10
46.9671419999999955
 20
-91.4802949999999981
 30
0
 11
46.9671419999999955
 21
-91.6231519999999904
 31
0
  0
LINE
  5
2F1
330
1B
100
AcDbEntity
  8
F.Silkscreen
  6
CONTINUOUS
100
AcDbLine
 10
46.9671419999999955
 20
-91.6231519999999904
 30
0
 11
46.9195229999999981
 21
-91.7183899999999994
 31
0
  0
LINE
  5
2F2
330
1B
100
AcDbEntity
  8
F.Silkscreen
  6
CONTINUOUS
100
AcDbLine
 10
46.9195229999999981
 20
-91.7183899999999994
 30
0
 11
46.8719040000000007
 21
-91.7660089999999968
 31
0
  0
LINE
  5
2F3
330
1B
100
AcDbEntity
  8
F.Silkscreen
  6
CONTINUOUS
100
AcDbLine
 10
46.8719040000000007
 20
-91.7660089999999968
 30
0
 11
46.7766659999999987
 21
-91.8136279999999942
 31
0
  0
LINE
  5
2F4
330
1B
100
AcDbEntity
  8
F.Silkscreen
  6
CONTINUOUS
100
AcDbLine
 10
46.7766659999999987
 20
-91.8136279999999942
 30
0
 11
46.3957139999999981
 21
-91.8136279999999942
 31
0
  0
LINE
  5
2F5
330
1B
100
AcDbEntity
  8
F.Silkscreen
  6
CONTINUOUS
100
AcDbLine
 10
47.3480950000000007
 20
-91.3850569999999891
 30
0
 11
47.3957139999999981
 21
-91.3374379999999917
 31
0
  0
LINE
  5
2F6
330
1B
100
AcDbEntity
  8
F.Silkscreen
  6
CONTINUOUS
100
AcDbLine
 10
47.3957139999999981
 20
-91.3374379999999917
 30
0
 11
47.4909520000000001
 21
-91.2898189999999943
 31
0
  0
LINE
  5
2F7
330
1B
100
AcDbEntity
  8
F.Silkscreen
  6
CONTINUOUS
100
AcDbLine
 10
47.4909520000000001
 20
-91.2898189999999943
 30
0
 11
47.7290470000000013
 21
-91.2898189999999943
 31
0
  0
LINE
  5
2F8
330
1B
100
AcDbEntity
  8
F.Silkscreen
  6
CONTINUOUS
100
AcDbLine
 10
47.7290470000000013
 20
-91.2898189999999943
 30
0
 11
47.8242849999999962
 21
-91.3374379999999917
 31
0
  0
LINE
  5
2F9
330
1B
100
AcDbEntity
  8
F.Silkscreen
  6
CONTINUOUS
100
AcDbLine
 10
47.8242849999999962
 20
-91.3374379999999917
 30
0
 11
47.8719040000000007
 21
-91.3850569999999891
 31
0
  0
LINE
  5
2FA
330
1B
100
AcDbEntity
  8
F.Silkscreen
  6
CONTINUOUS
100
AcDbLine
 10
47.8719040000000007
 20
-91.3850569999999891
 30
0
 11
47.9195229999999981
 21
-91.4802949999999981
 31
0
  0
LINE
  5
2FB
330
1B
100
AcDbEntity
  8
F.Silkscreen
  6
CONTINUOUS
100
AcDbLine
 10
47.9195229999999981
 20
-91.4802949999999981
 30
0
 11
47.9195229999999981
 21
-91.575532999999993
 31
0
  0
LINE
  5
2FC
330
1B
100
AcDbEntity
  8
F.Silkscreen
  6
CONTINUOUS
100
AcDbLine
 10
47.9195229999999981
 20
-91.575532999999993
 30
0
 11
47.8719040000000007
 21
-91.7183899999999994
 31
0
  0
LINE
  5
2FD
330
1B
100
AcDbEntity
  8
F.Silkscreen
  6
CONTINUOUS
100
AcDbLine
 10
47.8719040000000007
 20
-91.7183899999999994
 30
0
 11
47.3004759999999962
 21
-92.2898189999999943
 31
0
  0
LINE
  5
2FE
330
1B
100
AcDbEntity
  8
F.Silkscreen
  6
CONTINUOUS
100
AcDbLine
 10
47.3004759999999962
 20
-92.2898189999999943
 30
0
 11
47.9195229999999981
 21
-92.2898189999999943
 31
0
  0
LINE
  5
2FF
330
1B
100
AcDbEntity
  8
F.Silkscreen
  6
CONTINUOUS
100
AcDbLine
 10
48.8719040000000007
 20
-92.2898189999999943
 30
0
 11
48.3004759999999962
 21
-92.2898189999999943
 31
0
  0
LINE
  5
300
330
1B
100
AcDbEntity
  8
F.Silkscreen
  6
CONTINUOUS
100
AcDbLine
 10
48.5861899999999949
 20
-92.2898189999999943
 30
0
 11
48.5861899999999949
 21
-91.2898189999999943
 31
0
  0
LINE
  5
301
330
1B
100
AcDbEntity
  8
F.Silkscreen
  6
CONTINUOUS
100
AcDbLine
 10
48.5861899999999949
 20
-91.2898189999999943
 30
0
 11
48.4909520000000001
 21
-91.4326760000000007
 31
0
  0
LINE
  5
302
330
1B
100
AcDbEntity
  8
F.Silkscreen
  6
CONTINUOUS
100
AcDbLine
 10
48.4909520000000001
 20
-91.4326760000000007
 30
0
 11
48.3957139999999981
 21
-91.5279139999999956
 31
0
  0
LINE
  5
303
330
1B
100
AcDbEntity
  8
F.Silkscreen
  6
CONTINUOUS
100
AcDbLine
 10
48.3957139999999981
 20
-91.5279139999999956
 30
0
 11
48.3004759999999962
 21
-91.575532999999993
 31
0
  0
LINE
  5
304
330
1B
100
AcDbEntity
  8
F.Silkscreen
  6
CONTINUOUS
100
AcDbLine
 10
105.4348189999999903
 20
-43.8478569999999976
 30
0
 11
104.9586279999999903
 21
-44.1811900000000009
 31
0
  0
LINE
  5
305
330
1B
100
AcDbEntity
  8
F.Silkscreen
  6
CONTINUOUS
100
AcDbLine
 10
105.4348189999999903
 20
-44.419284999999995
 30
0
 11
104.4348189999999903
 21
-44.419284999999995
 31
0
  0
LINE
  5
306
330
1B
100
AcDbEntity
  8
F.Silkscreen
  6
CONTINUOUS
100
AcDbLine
 10
104.4348189999999903
 20
-44.419284999999995
 30
0
 11
104.4348189999999903
 21
-44.0383330000000015
 31
0
  0
LINE
  5
307
330
1B
100
AcDbEntity
  8
F.Silkscreen
  6
CONTINUOUS
100
AcDbLine
 10
104.4348189999999903
 20
-44.0383330000000015
 30
0
 11
104.4824380000000019
 21
-43.9430949999999996
 31
0
  0
LINE
  5
308
330
1B
100
AcDbEntity
  8
F.Silkscreen
  6
CONTINUOUS
100
AcDbLine
 10
104.4824380000000019
 20
-43.9430949999999996
 30
0
 11
104.5300569999999993
 21
-43.8954759999999951
 31
0
  0
LINE
  5
309
330
1B
100
AcDbEntity
  8
F.Silkscreen
  6
CONTINUOUS
100
AcDbLine
 10
104.5300569999999993
 20
-43.8954759999999951
 30
0
 11
104.6252949999999942
 21
-43.8478569999999976
 31
0
  0
LINE
  5
30A
330
1B
100
AcDbEntity
  8
F.Silkscreen
  6
CONTINUOUS
100
AcDbLine
 10
104.6252949999999942
 20
-43.8478569999999976
 30
0
 11
104.7681520000000006
 21
-43.8478569999999976
 31
0
  0
LINE
  5
30B
330
1B
100
AcDbEntity
  8
F.Silkscreen
  6
CONTINUOUS
100
AcDbLine
 10
104.7681520000000006
 20
-43.8478569999999976
 30
0
 11
104.8633899999999954
 21
-43.8954759999999951
 31
0
  0
LINE
  5
30C
330
1B
100
AcDbEntity
  8
F.Silkscreen
  6
CONTINUOUS
100
AcDbLine
 10
104.8633899999999954
 20
-43.8954759999999951
 30
0
 11
104.9110089999999929
 21
-43.9430949999999996
 31
0
  0
LINE
  5
30D
330
1B
100
AcDbEntity
  8
F.Silkscreen
  6
CONTINUOUS
100
AcDbLine
 10
104.9110089999999929
 20
-43.9430949999999996
 30
0
 11
104.9586279999999903
 21
-44.0383330000000015
 31
0
  0
LINE
  5
30E
330
1B
100
AcDbEntity
  8
F.Silkscreen
  6
CONTINUOUS
100
AcDbLine
 10
104.9586279999999903
 20
-44.0383330000000015
 30
0
 11
104.9586279999999903
 21
-44.419284999999995
 31
0
  0
LINE
  5
30F
330
1B
100
AcDbEntity
  8
F.Silkscreen
  6
CONTINUOUS
100
AcDbLine
 10
104.4348189999999903
 20
-43.514522999999997
 30
0
 11
104.4348189999999903
 21
-42.8954759999999951
 31
0
  0
LINE
  5
310
330
1B
100
AcDbEntity
  8
F.Silkscreen
  6
CONTINUOUS
100
AcDbLine
 10
104.4348189999999903
 20
-42.8954759999999951
 30
0
 11
104.815770999999998
 21
-43.2288089999999983
 31
0
  0
LINE
  5
311
330
1B
100
AcDbEntity
  8
F.Silkscreen
  6
CONTINUOUS
100
AcDbLine
 10
104.815770999999998
 20
-43.2288089999999983
 30
0
 11
104.815770999999998
 21
-43.0859519999999989
 31
0
  0
LINE
  5
312
330
1B
100
AcDbEntity
  8
F.Silkscreen
  6
CONTINUOUS
100
AcDbLine
 10
104.815770999999998
 20
-43.0859519999999989
 30
0
 11
104.8633899999999954
 21
-42.990713999999997
 31
0
  0
LINE
  5
313
330
1B
100
AcDbEntity
  8
F.Silkscreen
  6
CONTINUOUS
100
AcDbLine
 10
104.8633899999999954
 20
-42.990713999999997
 30
0
 11
104.9110089999999929
 21
-42.9430949999999996
 31
0
  0
LINE
  5
314
330
1B
100
AcDbEntity
  8
F.Silkscreen
  6
CONTINUOUS
100
AcDbLine
 10
104.9110089999999929
 20
-42.9430949999999996
 30
0
 11
105.0062470000000019
 21
-42.8954759999999951
 31
0
  0
LINE
  5
315
330
1B
100
AcDbEntity
  8
F.Silkscreen
  6
CONTINUOUS
100
AcDbLine
 10
105.0062470000000019
 20
-42.8954759999999951
 30
0
 11
105.244341999999989
 21
-42.8954759999999951
 31
0
  0
LINE
  5
316
330
1B
100
AcDbEntity
  8
F.Silkscreen
  6
CONTINUOUS
100
AcDbLine
 10
105.244341999999989
 20
-42.8954759999999951
 30
0
 11
105.339579999999998
 21
-42.9430949999999996
 31
0
  0
LINE
  5
317
330
1B
100
AcDbEntity
  8
F.Silkscreen
  6
CONTINUOUS
100
AcDbLine
 10
105.339579999999998
 20
-42.9430949999999996
 30
0
 11
105.3871999999999929
 21
-42.990713999999997
 31
0
  0
LINE
  5
318
330
1B
100
AcDbEntity
  8
F.Silkscreen
  6
CONTINUOUS
100
AcDbLine
 10
105.3871999999999929
 20
-42.990713999999997
 30
0
 11
105.4348189999999903
 21
-43.0859519999999989
 31
0
  0
LINE
  5
319
330
1B
100
AcDbEntity
  8
F.Silkscreen
  6
CONTINUOUS
100
AcDbLine
 10
105.4348189999999903
 20
-43.0859519999999989
 30
0
 11
105.4348189999999903
 21
-43.3716659999999976
 31
0
  0
LINE
  5
31A
330
1B
100
AcDbEntity
  8
F.Silkscreen
  6
CONTINUOUS
100
AcDbLine
 10
105.4348189999999903
 20
-43.3716659999999976
 30
0
 11
105.3871999999999929
 21
-43.4669039999999995
 31
0
  0
LINE
  5
31B
330
1B
100
AcDbEntity
  8
F.Silkscreen
  6
CONTINUOUS
100
AcDbLine
 10
105.3871999999999929
 20
-43.4669039999999995
 30
0
 11
105.339579999999998
 21
-43.514522999999997
 31
0
  0
LINE
  5
31C
330
1B
100
AcDbEntity
  8
F.Silkscreen
  6
CONTINUOUS
100
AcDbLine
 10
104.4348189999999903
 20
-42.5621420000000015
 30
0
 11
104.4348189999999903
 21
-41.8954759999999951
 31
0
  0
LINE
  5
31D
330
1B
100
AcDbEntity
  8
F.Silkscreen
  6
CONTINUOUS
100
AcDbLine
 10
104.4348189999999903
 20
-41.8954759999999951
 30
0
 11
105.4348189999999903
 21
-42.3240470000000002
 31
0
  0
LINE
  5
31E
330
1B
100
AcDbEntity
  8
F.Silkscreen
  6
CONTINUOUS
100
AcDbLine
 10
81.9671419999999955
 20
-87.0645799999999923
 30
0
 11
81.9195229999999981
 21
-87.1122000000000014
 31
0
  0
LINE
  5
31F
330
1B
100
AcDbEntity
  8
F.Silkscreen
  6
CONTINUOUS
100
AcDbLine
 10
81.9195229999999981
 20
-87.1122000000000014
 30
0
 11
81.7766659999999916
 21
-87.1598189999999988
 31
0
  0
LINE
  5
320
330
1B
100
AcDbEntity
  8
F.Silkscreen
  6
CONTINUOUS
100
AcDbLine
 10
81.7766659999999916
 20
-87.1598189999999988
 30
0
 11
81.6814279999999968
 21
-87.1598189999999988
 31
0
  0
LINE
  5
321
330
1B
100
AcDbEntity
  8
F.Silkscreen
  6
CONTINUOUS
100
AcDbLine
 10
81.6814279999999968
 20
-87.1598189999999988
 30
0
 11
81.5385709999999904
 21
-87.1122000000000014
 31
0
  0
LINE
  5
322
330
1B
100
AcDbEntity
  8
F.Silkscreen
  6
CONTINUOUS
100
AcDbLine
 10
81.5385709999999904
 20
-87.1122000000000014
 30
0
 11
81.4433329999999955
 21
-87.0169609999999949
 31
0
  0
LINE
  5
323
330
1B
100
AcDbEntity
  8
F.Silkscreen
  6
CONTINUOUS
100
AcDbLine
 10
81.4433329999999955
 20
-87.0169609999999949
 30
0
 11
81.3957139999999981
 21
-86.9217230000000001
 31
0
  0
LINE
  5
324
330
1B
100
AcDbEntity
  8
F.Silkscreen
  6
CONTINUOUS
100
AcDbLine
 10
81.3957139999999981
 20
-86.9217230000000001
 30
0
 11
81.3480950000000007
 21
-86.7312469999999962
 31
0
  0
LINE
  5
325
330
1B
100
AcDbEntity
  8
F.Silkscreen
  6
CONTINUOUS
100
AcDbLine
 10
81.3480950000000007
 20
-86.7312469999999962
 30
0
 11
81.3480950000000007
 21
-86.5883899999999898
 31
0
  0
LINE
  5
326
330
1B
100
AcDbEntity
  8
F.Silkscreen
  6
CONTINUOUS
100
AcDbLine
 10
81.3480950000000007
 20
-86.5883899999999898
 30
0
 11
81.3957139999999981
 21
-86.3979140000000001
 31
0
  0
LINE
  5
327
330
1B
100
AcDbEntity
  8
F.Silkscreen
  6
CONTINUOUS
100
AcDbLine
 10
81.3957139999999981
 20
-86.3979140000000001
 30
0
 11
81.4433329999999955
 21
-86.3026759999999911
 31
0
  0
LINE
  5
328
330
1B
100
AcDbEntity
  8
F.Silkscreen
  6
CONTINUOUS
100
AcDbLine
 10
81.4433329999999955
 20
-86.3026759999999911
 30
0
 11
81.5385709999999904
 21
-86.2074379999999962
 31
0
  0
LINE
  5
329
330
1B
100
AcDbEntity
  8
F.Silkscreen
  6
CONTINUOUS
100
AcDbLine
 10
81.5385709999999904
 20
-86.2074379999999962
 30
0
 11
81.6814279999999968
 21
-86.1598189999999988
 31
0
  0
LINE
  5
32A
330
1B
100
AcDbEntity
  8
F.Silkscreen
  6
CONTINUOUS
100
AcDbLine
 10
81.6814279999999968
 20
-86.1598189999999988
 30
0
 11
81.7766659999999916
 21
-86.1598189999999988
 31
0
  0
LINE
  5
32B
330
1B
100
AcDbEntity
  8
F.Silkscreen
  6
CONTINUOUS
100
AcDbLine
 10
81.7766659999999916
 20
-86.1598189999999988
 30
0
 11
81.9195229999999981
 21
-86.2074379999999962
 31
0
  0
LINE
  5
32C
330
1B
100
AcDbEntity
  8
F.Silkscreen
  6
CONTINUOUS
100
AcDbLine
 10
81.9195229999999981
 20
-86.2074379999999962
 30
0
 11
81.9671419999999955
 21
-86.2550569999999936
 31
0
  0
LINE
  5
32D
330
1B
100
AcDbEntity
  8
F.Silkscreen
  6
CONTINUOUS
100
AcDbLine
 10
82.3480950000000007
 20
-86.2550569999999936
 30
0
 11
82.3957139999999981
 21
-86.2074379999999962
 31
0
  0
LINE
  5
32E
330
1B
100
AcDbEntity
  8
F.Silkscreen
  6
CONTINUOUS
100
AcDbLine
 10
82.3957139999999981
 20
-86.2074379999999962
 30
0
 11
82.4909519999999929
 21
-86.1598189999999988
 31
0
  0
LINE
  5
32F
330
1B
100
AcDbEntity
  8
F.Silkscreen
  6
CONTINUOUS
100
AcDbLine
 10
82.4909519999999929
 20
-86.1598189999999988
 30
0
 11
82.7290469999999942
 21
-86.1598189999999988
 31
0
  0
LINE
  5
330
330
1B
100
AcDbEntity
  8
F.Silkscreen
  6
CONTINUOUS
100
AcDbLine
 10
82.7290469999999942
 20
-86.1598189999999988
 30
0
 11
82.8242850000000033
 21
-86.2074379999999962
 31
0
  0
LINE
  5
331
330
1B
100
AcDbEntity
  8
F.Silkscreen
  6
CONTINUOUS
100
AcDbLine
 10
82.8242850000000033
 20
-86.2074379999999962
 30
0
 11
82.8719040000000007
 21
-86.2550569999999936
 31
0
  0
LINE
  5
332
330
1B
100
AcDbEntity
  8
F.Silkscreen
  6
CONTINUOUS
100
AcDbLine
 10
82.8719040000000007
 20
-86.2550569999999936
 30
0
 11
82.9195229999999981
 21
-86.3502950000000027
 31
0
  0
LINE
  5
333
330
1B
100
AcDbEntity
  8
F.Silkscreen
  6
CONTINUOUS
100
AcDbLine
 10
82.9195229999999981
 20
-86.3502950000000027
 30
0
 11
82.9195229999999981
 21
-86.4455329999999975
 31
0
  0
LINE
  5
334
330
1B
100
AcDbEntity
  8
F.Silkscreen
  6
CONTINUOUS
100
AcDbLine
 10
82.9195229999999981
 20
-86.4455329999999975
 30
0
 11
82.8719040000000007
 21
-86.5883899999999898
 31
0
  0
LINE
  5
335
330
1B
100
AcDbEntity
  8
F.Silkscreen
  6
CONTINUOUS
100
AcDbLine
 10
82.8719040000000007
 20
-86.5883899999999898
 30
0
 11
82.3004760000000033
 21
-87.1598189999999988
 31
0
  0
LINE
  5
336
330
1B
100
AcDbEntity
  8
F.Silkscreen
  6
CONTINUOUS
100
AcDbLine
 10
82.3004760000000033
 20
-87.1598189999999988
 30
0
 11
82.9195229999999981
 21
-87.1598189999999988
 31
0
  0
LINE
  5
337
330
1B
100
AcDbEntity
  8
F.Silkscreen
  6
CONTINUOUS
100
AcDbLine
 10
83.3957139999999981
 20
-87.1598189999999988
 30
0
 11
83.586190000000002
 21
-87.1598189999999988
 31
0
  0
LINE
  5
338
330
1B
100
AcDbEntity
  8
F.Silkscreen
  6
CONTINUOUS
100
AcDbLine
 10
83.586190000000002
 20
-87.1598189999999988
 30
0
 11
83.6814279999999968
 21
-87.1122000000000014
 31
0
  0
LINE
  5
339
330
1B
100
AcDbEntity
  8
F.Silkscreen
  6
CONTINUOUS
100
AcDbLine
 10
83.6814279999999968
 20
-87.1122000000000014
 30
0
 11
83.7290469999999942
 21
-87.0645799999999923
 31
0
  0
LINE
  5
33A
330
1B
100
AcDbEntity
  8
F.Silkscreen
  6
CONTINUOUS
100
AcDbLine
 10
83.7290469999999942
 20
-87.0645799999999923
 30
0
 11
83.8242850000000033
 21
-86.9217230000000001
 31
0
  0
LINE
  5
33B
330
1B
100
AcDbEntity
  8
F.Silkscreen
  6
CONTINUOUS
100
AcDbLine
 10
83.8242850000000033
 20
-86.9217230000000001
 30
0
 11
83.8719040000000007
 21
-86.7312469999999962
 31
0
  0
LINE
  5
33C
330
1B
100
AcDbEntity
  8
F.Silkscreen
  6
CONTINUOUS
100
AcDbLine
 10
83.8719040000000007
 20
-86.7312469999999962
 30
0
 11
83.8719040000000007
 21
-86.3502950000000027
 31
0
  0
LINE
  5
33D
330
1B
100
AcDbEntity
  8
F.Silkscreen
  6
CONTINUOUS
100
AcDbLine
 10
83.8719040000000007
 20
-86.3502950000000027
 30
0
 11
83.8242850000000033
 21
-86.2550569999999936
 31
0
  0
LINE
  5
33E
330
1B
100
AcDbEntity
  8
F.Silkscreen
  6
CONTINUOUS
100
AcDbLine
 10
83.8242850000000033
 20
-86.2550569999999936
 30
0
 11
83.7766659999999916
 21
-86.2074379999999962
 31
0
  0
LINE
  5
33F
330
1B
100
AcDbEntity
  8
F.Silkscreen
  6
CONTINUOUS
100
AcDbLine
 10
83.7766659999999916
 20
-86.2074379999999962
 30
0
 11
83.6814279999999968
 21
-86.1598189999999988
 31
0
  0
LINE
  5
340
330
1B
100
AcDbEntity
  8
F.Silkscreen
  6
CONTINUOUS
100
AcDbLine
 10
83.6814279999999968
 20
-86.1598189999999988
 30
0
 11
83.4909519999999929
 21
-86.1598189999999988
 31
0
  0
LINE
  5
341
330
1B
100
AcDbEntity
  8
F.Silkscreen
  6
CONTINUOUS
100
AcDbLine
 10
83.4909519999999929
 20
-86.1598189999999988
 30
0
 11
83.3957139999999981
 21
-86.2074379999999962
 31
0
  0
LINE
  5
342
330
1B
100
AcDbEntity
  8
F.Silkscreen
  6
CONTINUOUS
100
AcDbLine
 10
83.3957139999999981
 20
-86.2074379999999962
 30
0
 11
83.3480950000000007
 21
-86.2550569999999936
 31
0
  0
LINE
  5
343
330
1B
100
AcDbEntity
  8
F.Silkscreen
  6
CONTINUOUS
100
AcDbLine
 10
83.3480950000000007
 20
-86.2550569999999936
 30
0
 11
83.3004760000000033
 21
-86.3502950000000027
 31
0
  0
LINE
  5
344
330
1B
100
AcDbEntity
  8
F.Silkscreen
  6
CONTINUOUS
100
AcDbLine
 10
83.3004760000000033
 20
-86.3502950000000027
 30
0
 11
83.3004760000000033
 21
-86.5883899999999898
 31
0
  0
LINE
  5
345
330
1B
100
AcDbEntity
  8
F.Silkscreen
  6
CONTINUOUS
100
AcDbLine
 10
83.3004760000000033
 20
-86.5883899999999898
 30
0
 11
83.3480950000000007
 21
-86.6836279999999988
 31
0
  0
LINE
  5
346
330
1B
100
AcDbEntity
  8
F.Silkscreen
  6
CONTINUOUS
100
AcDbLine
 10
83.3480950000000007
 20
-86.6836279999999988
 30
0
 11
83.3957139999999981
 21
-86.7312469999999962
 31
0
  0
LINE
  5
347
330
1B
100
AcDbEntity
  8
F.Silkscreen
  6
CONTINUOUS
100
AcDbLine
 10
83.3957139999999981
 20
-86.7312469999999962
 30
0
 11
83.4909519999999929
 21
-86.7788659999999936
 31
0
  0
LINE
  5
348
330
1B
100
AcDbEntity
  8
F.Silkscreen
  6
CONTINUOUS
100
AcDbLine
 10
83.4909519999999929
 20
-86.7788659999999936
 30
0
 11
83.6814279999999968
 21
-86.7788659999999936
 31
0
  0
LINE
  5
349
330
1B
100
AcDbEntity
  8
F.Silkscreen
  6
CONTINUOUS
100
AcDbLine
 10
83.6814279999999968
 20
-86.7788659999999936
 30
0
 11
83.7766659999999916
 21
-86.7312469999999962
 31
0
  0
LINE
  5
34A
330
1B
100
AcDbEntity
  8
F.Silkscreen
  6
CONTINUOUS
100
AcDbLine
 10
83.7766659999999916
 20
-86.7312469999999962
 30
0
 11
83.8242850000000033
 21
-86.6836279999999988
 31
0
  0
LINE
  5
34B
330
1B
100
AcDbEntity
  8
F.Silkscreen
  6
CONTINUOUS
100
AcDbLine
 10
83.8242850000000033
 20
-86.6836279999999988
 30
0
 11
83.8719040000000007
 21
-86.5883899999999898
 31
0
  0
LINE
  5
34C
330
1B
100
AcDbEntity
  8
F.Silkscreen
  6
CONTINUOUS
100
AcDbLine
 10
68.9471419999999995
 20
-77.084818999999996
 30
0
 11
68.6138090000000034
 21
-76.608627999999996
 31
0
  0
LINE
  5
34D
330
1B
100
AcDbEntity
  8
F.Silkscreen
  6
CONTINUOUS
100
AcDbLine
 10
68.3757140000000021
 20
-77.084818999999996
 30
0
 11
68.3757140000000021
 21
-76.084818999999996
 31
0
  0
LINE
  5
34E
330
1B
100
AcDbEntity
  8
F.Silkscreen
  6
CONTINUOUS
100
AcDbLine
 10
68.3757140000000021
 20
-76.084818999999996
 30
0
 11
68.7566659999999956
 21
-76.084818999999996
 31
0
  0
LINE
  5
34F
330
1B
100
AcDbEntity
  8
F.Silkscreen
  6
CONTINUOUS
100
AcDbLine
 10
68.7566659999999956
 20
-76.084818999999996
 30
0
 11
68.8519039999999904
 21
-76.1324379999999934
 31
0
  0
LINE
  5
350
330
1B
100
AcDbEntity
  8
F.Silkscreen
  6
CONTINUOUS
100
AcDbLine
 10
68.8519039999999904
 20
-76.1324379999999934
 30
0
 11
68.8995230000000021
 21
-76.1800569999999908
 31
0
  0
LINE
  5
351
330
1B
100
AcDbEntity
  8
F.Silkscreen
  6
CONTINUOUS
100
AcDbLine
 10
68.8995230000000021
 20
-76.1800569999999908
 30
0
 11
68.9471419999999995
 21
-76.2752949999999998
 31
0
  0
LINE
  5
352
330
1B
100
AcDbEntity
  8
F.Silkscreen
  6
CONTINUOUS
100
AcDbLine
 10
68.9471419999999995
 20
-76.2752949999999998
 30
0
 11
68.9471419999999995
 21
-76.4181519999999921
 31
0
  0
LINE
  5
353
330
1B
100
AcDbEntity
  8
F.Silkscreen
  6
CONTINUOUS
100
AcDbLine
 10
68.9471419999999995
 20
-76.4181519999999921
 30
0
 11
68.8995230000000021
 21
-76.5133900000000011
 31
0
  0
LINE
  5
354
330
1B
100
AcDbEntity
  8
F.Silkscreen
  6
CONTINUOUS
100
AcDbLine
 10
68.8995230000000021
 20
-76.5133900000000011
 30
0
 11
68.8519039999999904
 21
-76.5610089999999985
 31
0
  0
LINE
  5
355
330
1B
100
AcDbEntity
  8
F.Silkscreen
  6
CONTINUOUS
100
AcDbLine
 10
68.8519039999999904
 20
-76.5610089999999985
 30
0
 11
68.7566659999999956
 21
-76.608627999999996
 31
0
  0
LINE
  5
356
330
1B
100
AcDbEntity
  8
F.Silkscreen
  6
CONTINUOUS
100
AcDbLine
 10
68.7566659999999956
 20
-76.608627999999996
 30
0
 11
68.3757140000000021
 21
-76.608627999999996
 31
0
  0
LINE
  5
357
330
1B
100
AcDbEntity
  8
F.Silkscreen
  6
CONTINUOUS
100
AcDbLine
 10
69.3280949999999905
 20
-76.1800569999999908
 30
0
 11
69.3757140000000021
 21
-76.1324379999999934
 31
0
  0
LINE
  5
358
330
1B
100
AcDbEntity
  8
F.Silkscreen
  6
CONTINUOUS
100
AcDbLine
 10
69.3757140000000021
 20
-76.1324379999999934
 30
0
 11
69.4709519999999969
 21
-76.084818999999996
 31
0
  0
LINE
  5
359
330
1B
100
AcDbEntity
  8
F.Silkscreen
  6
CONTINUOUS
100
AcDbLine
 10
69.4709519999999969
 20
-76.084818999999996
 30
0
 11
69.7090469999999982
 21
-76.084818999999996
 31
0
  0
LINE
  5
35A
330
1B
100
AcDbEntity
  8
F.Silkscreen
  6
CONTINUOUS
100
AcDbLine
 10
69.7090469999999982
 20
-76.084818999999996
 30
0
 11
69.804284999999993
 21
-76.1324379999999934
 31
0
  0
LINE
  5
35B
330
1B
100
AcDbEntity
  8
F.Silkscreen
  6
CONTINUOUS
100
AcDbLine
 10
69.804284999999993
 20
-76.1324379999999934
 30
0
 11
69.8519039999999904
 21
-76.1800569999999908
 31
0
  0
LINE
  5
35C
330
1B
100
AcDbEntity
  8
F.Silkscreen
  6
CONTINUOUS
100
AcDbLine
 10
69.8519039999999904
 20
-76.1800569999999908
 30
0
 11
69.8995230000000021
 21
-76.2752949999999998
 31
0
  0
LINE
  5
35D
330
1B
100
AcDbEntity
  8
F.Silkscreen
  6
CONTINUOUS
100
AcDbLine
 10
69.8995230000000021
 20
-76.2752949999999998
 30
0
 11
69.8995230000000021
 21
-76.3705329999999947
 31
0
  0
LINE
  5
35E
330
1B
100
AcDbEntity
  8
F.Silkscreen
  6
CONTINUOUS
100
AcDbLine
 10
69.8995230000000021
 20
-76.3705329999999947
 30
0
 11
69.8519039999999904
 21
-76.5133900000000011
 31
0
  0
LINE
  5
35F
330
1B
100
AcDbEntity
  8
F.Silkscreen
  6
CONTINUOUS
100
AcDbLine
 10
69.8519039999999904
 20
-76.5133900000000011
 30
0
 11
69.2804759999999931
 21
-77.084818999999996
 31
0
  0
LINE
  5
360
330
1B
100
AcDbEntity
  8
F.Silkscreen
  6
CONTINUOUS
100
AcDbLine
 10
69.2804759999999931
 20
-77.084818999999996
 30
0
 11
69.8995230000000021
 21
-77.084818999999996
 31
0
  0
LINE
  5
361
330
1B
100
AcDbEntity
  8
F.Silkscreen
  6
CONTINUOUS
100
AcDbLine
 10
70.4709519999999969
 20
-76.5133900000000011
 30
0
 11
70.3757140000000021
 21
-76.4657709999999895
 31
0
  0
LINE
  5
362
330
1B
100
AcDbEntity
  8
F.Silkscreen
  6
CONTINUOUS
100
AcDbLine
 10
70.3757140000000021
 20
-76.4657709999999895
 30
0
 11
70.3280949999999905
 21
-76.4181519999999921
 31
0
  0
LINE
  5
363
330
1B
100
AcDbEntity
  8
F.Silkscreen
  6
CONTINUOUS
100
AcDbLine
 10
70.3280949999999905
 20
-76.4181519999999921
 30
0
 11
70.2804759999999931
 21
-76.3229139999999973
 31
0
  0
LINE
  5
364
330
1B
100
AcDbEntity
  8
F.Silkscreen
  6
CONTINUOUS
100
AcDbLine
 10
70.2804759999999931
 20
-76.3229139999999973
 30
0
 11
70.2804759999999931
 21
-76.2752949999999998
 31
0
  0
LINE
  5
365
330
1B
100
AcDbEntity
  8
F.Silkscreen
  6
CONTINUOUS
100
AcDbLine
 10
70.2804759999999931
 20
-76.2752949999999998
 30
0
 11
70.3280949999999905
 21
-76.1800569999999908
 31
0
  0
LINE
  5
366
330
1B
100
AcDbEntity
  8
F.Silkscreen
  6
CONTINUOUS
100
AcDbLine
 10
70.3280949999999905
 20
-76.1800569999999908
 30
0
 11
70.3757140000000021
 21
-76.1324379999999934
 31
0
  0
LINE
  5
367
330
1B
100
AcDbEntity
  8
F.Silkscreen
  6
CONTINUOUS
100
AcDbLine
 10
70.3757140000000021
 20
-76.1324379999999934
 30
0
 11
70.4709519999999969
 21
-76.084818999999996
 31
0
  0
LINE
  5
368
330
1B
100
AcDbEntity
  8
F.Silkscreen
  6
CONTINUOUS
100
AcDbLine
 10
70.4709519999999969
 20
-76.084818999999996
 30
0
 11
70.6614280000000008
 21
-76.084818999999996
 31
0
  0
LINE
  5
369
330
1B
100
AcDbEntity
  8
F.Silkscreen
  6
CONTINUOUS
100
AcDbLine
 10
70.6614280000000008
 20
-76.084818999999996
 30
0
 11
70.7566659999999956
 21
-76.1324379999999934
 31
0
  0
LINE
  5
36A
330
1B
100
AcDbEntity
  8
F.Silkscreen
  6
CONTINUOUS
100
AcDbLine
 10
70.7566659999999956
 20
-76.1324379999999934
 30
0
 11
70.804284999999993
 21
-76.1800569999999908
 31
0
  0
LINE
  5
36B
330
1B
100
AcDbEntity
  8
F.Silkscreen
  6
CONTINUOUS
100
AcDbLine
 10
70.804284999999993
 20
-76.1800569999999908
 30
0
 11
70.8519039999999904
 21
-76.2752949999999998
 31
0
  0
LINE
  5
36C
330
1B
100
AcDbEntity
  8
F.Silkscreen
  6
CONTINUOUS
100
AcDbLine
 10
70.8519039999999904
 20
-76.2752949999999998
 30
0
 11
70.8519039999999904
 21
-76.3229139999999973
 31
0
  0
LINE
  5
36D
330
1B
100
AcDbEntity
  8
F.Silkscreen
  6
CONTINUOUS
100
AcDbLine
 10
70.8519039999999904
 20
-76.3229139999999973
 30
0
 11
70.804284999999993
 21
-76.4181519999999921
 31
0
  0
LINE
  5
36E
330
1B
100
AcDbEntity
  8
F.Silkscreen
  6
CONTINUOUS
100
AcDbLine
 10
70.804284999999993
 20
-76.4181519999999921
 30
0
 11
70.7566659999999956
 21
-76.4657709999999895
 31
0
  0
LINE
  5
36F
330
1B
100
AcDbEntity
  8
F.Silkscreen
  6
CONTINUOUS
100
AcDbLine
 10
70.7566659999999956
 20
-76.4657709999999895
 30
0
 11
70.6614280000000008
 21
-76.5133900000000011
 31
0
  0
LINE
  5
370
330
1B
100
AcDbEntity
  8
F.Silkscreen
  6
CONTINUOUS
100
AcDbLine
 10
70.6614280000000008
 20
-76.5133900000000011
 30
0
 11
70.4709519999999969
 21
-76.5133900000000011
 31
0
  0
LINE
  5
371
330
1B
100
AcDbEntity
  8
F.Silkscreen
  6
CONTINUOUS
100
AcDbLine
 10
70.4709519999999969
 20
-76.5133900000000011
 30
0
 11
70.3757140000000021
 21
-76.5610089999999985
 31
0
  0
LINE
  5
372
330
1B
100
AcDbEntity
  8
F.Silkscreen
  6
CONTINUOUS
100
AcDbLine
 10
70.3757140000000021
 20
-76.5610089999999985
 30
0
 11
70.3280949999999905
 21
-76.608627999999996
 31
0
  0
LINE
  5
373
330
1B
100
AcDbEntity
  8
F.Silkscreen
  6
CONTINUOUS
100
AcDbLine
 10
70.3280949999999905
 20
-76.608627999999996
 30
0
 11
70.2804759999999931
 21
-76.7038659999999908
 31
0
  0
LINE
  5
374
330
1B
100
AcDbEntity
  8
F.Silkscreen
  6
CONTINUOUS
100
AcDbLine
 10
70.2804759999999931
 20
-76.7038659999999908
 30
0
 11
70.2804759999999931
 21
-76.8943419999999946
 31
0
  0
LINE
  5
375
330
1B
100
AcDbEntity
  8
F.Silkscreen
  6
CONTINUOUS
100
AcDbLine
 10
70.2804759999999931
 20
-76.8943419999999946
 30
0
 11
70.3280949999999905
 21
-76.9895799999999895
 31
0
  0
LINE
  5
376
330
1B
100
AcDbEntity
  8
F.Silkscreen
  6
CONTINUOUS
100
AcDbLine
 10
70.3280949999999905
 20
-76.9895799999999895
 30
0
 11
70.3757140000000021
 21
-77.0371999999999986
 31
0
  0
LINE
  5
377
330
1B
100
AcDbEntity
  8
F.Silkscreen
  6
CONTINUOUS
100
AcDbLine
 10
70.3757140000000021
 20
-77.0371999999999986
 30
0
 11
70.4709519999999969
 21
-77.084818999999996
 31
0
  0
LINE
  5
378
330
1B
100
AcDbEntity
  8
F.Silkscreen
  6
CONTINUOUS
100
AcDbLine
 10
70.4709519999999969
 20
-77.084818999999996
 30
0
 11
70.6614280000000008
 21
-77.084818999999996
 31
0
  0
LINE
  5
379
330
1B
100
AcDbEntity
  8
F.Silkscreen
  6
CONTINUOUS
100
AcDbLine
 10
70.6614280000000008
 20
-77.084818999999996
 30
0
 11
70.7566659999999956
 21
-77.0371999999999986
 31
0
  0
LINE
  5
37A
330
1B
100
AcDbEntity
  8
F.Silkscreen
  6
CONTINUOUS
100
AcDbLine
 10
70.7566659999999956
 20
-77.0371999999999986
 30
0
 11
70.804284999999993
 21
-76.9895799999999895
 31
0
  0
LINE
  5
37B
330
1B
100
AcDbEntity
  8
F.Silkscreen
  6
CONTINUOUS
100
AcDbLine
 10
70.804284999999993
 20
-76.9895799999999895
 30
0
 11
70.8519039999999904
 21
-76.8943419999999946
 31
0
  0
LINE
  5
37C
330
1B
100
AcDbEntity
  8
F.Silkscreen
  6
CONTINUOUS
100
AcDbLine
 10
70.8519039999999904
 20
-76.8943419999999946
 30
0
 11
70.8519039999999904
 21
-76.7038659999999908
 31
0
  0
LINE
  5
37D
330
1B
100
AcDbEntity
  8
F.Silkscreen
  6
CONTINUOUS
100
AcDbLine
 10
70.8519039999999904
 20
-76.7038659999999908
 30
0
 11
70.804284999999993
 21
-76.608627999999996
 31
0
  0
LINE
  5
37E
330
1B
100
AcDbEntity
  8
F.Silkscreen
  6
CONTINUOUS
100
AcDbLine
 10
70.804284999999993
 20
-76.608627999999996
 30
0
 11
70.7566659999999956
 21
-76.5610089999999985
 31
0
  0
LINE
  5
37F
330
1B
100
AcDbEntity
  8
F.Silkscreen
  6
CONTINUOUS
100
AcDbLine
 10
70.7566659999999956
 20
-76.5610089999999985
 30
0
 11
70.6614280000000008
 21
-76.5133900000000011
 31
0
  0
LINE
  5
380
330
1B
100
AcDbEntity
  8
F.Silkscreen
  6
CONTINUOUS
100
AcDbLine
 10
68.4695799999999934
 20
-45.3228569999999991
 30
0
 11
68.5172000000000025
 21
-45.3704759999999965
 31
0
  0
LINE
  5
381
330
1B
100
AcDbEntity
  8
F.Silkscreen
  6
CONTINUOUS
100
AcDbLine
 10
68.5172000000000025
 20
-45.3704759999999965
 30
0
 11
68.564819
 21
-45.5133329999999958
 31
0
  0
LINE
  5
382
330
1B
100
AcDbEntity
  8
F.Silkscreen
  6
CONTINUOUS
100
AcDbLine
 10
68.564819
 20
-45.5133329999999958
 30
0
 11
68.564819
 21
-45.6085709999999978
 31
0
  0
LINE
  5
383
330
1B
100
AcDbEntity
  8
F.Silkscreen
  6
CONTINUOUS
100
AcDbLine
 10
68.564819
 20
-45.6085709999999978
 30
0
 11
68.5172000000000025
 21
-45.7514279999999971
 31
0
  0
LINE
  5
384
330
1B
100
AcDbEntity
  8
F.Silkscreen
  6
CONTINUOUS
100
AcDbLine
 10
68.5172000000000025
 20
-45.7514279999999971
 30
0
 11
68.421960999999996
 21
-45.846665999999999
 31
0
  0
LINE
  5
385
330
1B
100
AcDbEntity
  8
F.Silkscreen
  6
CONTINUOUS
100
AcDbLine
 10
68.421960999999996
 20
-45.846665999999999
 30
0
 11
68.3267230000000012
 21
-45.8942849999999964
 31
0
  0
LINE
  5
386
330
1B
100
AcDbEntity
  8
F.Silkscreen
  6
CONTINUOUS
100
AcDbLine
 10
68.3267230000000012
 20
-45.8942849999999964
 30
0
 11
68.1362469999999973
 21
-45.941904000000001
 31
0
  0
LINE
  5
387
330
1B
100
AcDbEntity
  8
F.Silkscreen
  6
CONTINUOUS
100
AcDbLine
 10
68.1362469999999973
 20
-45.941904000000001
 30
0
 11
67.9933899999999909
 21
-45.941904000000001
 31
0
  0
LINE
  5
388
330
1B
100
AcDbEntity
  8
F.Silkscreen
  6
CONTINUOUS
100
AcDbLine
 10
67.9933899999999909
 20
-45.941904000000001
 30
0
 11
67.8029140000000012
 21
-45.8942849999999964
 31
0
  0
LINE
  5
389
330
1B
100
AcDbEntity
  8
F.Silkscreen
  6
CONTINUOUS
100
AcDbLine
 10
67.8029140000000012
 20
-45.8942849999999964
 30
0
 11
67.7076759999999922
 21
-45.846665999999999
 31
0
  0
LINE
  5
38A
330
1B
100
AcDbEntity
  8
F.Silkscreen
  6
CONTINUOUS
100
AcDbLine
 10
67.7076759999999922
 20
-45.846665999999999
 30
0
 11
67.6124379999999974
 21
-45.7514279999999971
 31
0
  0
LINE
  5
38B
330
1B
100
AcDbEntity
  8
F.Silkscreen
  6
CONTINUOUS
100
AcDbLine
 10
67.6124379999999974
 20
-45.7514279999999971
 30
0
 11
67.564819
 21
-45.6085709999999978
 31
0
  0
LINE
  5
38C
330
1B
100
AcDbEntity
  8
F.Silkscreen
  6
CONTINUOUS
100
AcDbLine
 10
67.564819
 20
-45.6085709999999978
 30
0
 11
67.564819
 21
-45.5133329999999958
 31
0
  0
LINE
  5
38D
330
1B
100
AcDbEntity
  8
F.Silkscreen
  6
CONTINUOUS
100
AcDbLine
 10
67.564819
 20
-45.5133329999999958
 30
0
 11
67.6124379999999974
 21
-45.3704759999999965
 31
0
  0
LINE
  5
38E
330
1B
100
AcDbEntity
  8
F.Silkscreen
  6
CONTINUOUS
100
AcDbLine
 10
67.6124379999999974
 20
-45.3704759999999965
 30
0
 11
67.6600569999999948
 21
-45.3228569999999991
 31
0
  0
LINE
  5
38F
330
1B
100
AcDbEntity
  8
F.Silkscreen
  6
CONTINUOUS
100
AcDbLine
 10
67.564819
 20
-44.9895229999999984
 30
0
 11
67.564819
 21
-44.3704759999999965
 31
0
  0
LINE
  5
390
330
1B
100
AcDbEntity
  8
F.Silkscreen
  6
CONTINUOUS
100
AcDbLine
 10
67.564819
 20
-44.3704759999999965
 30
0
 11
67.9457709999999935
 21
-44.7038089999999997
 31
0
  0
LINE
  5
391
330
1B
100
AcDbEntity
  8
F.Silkscreen
  6
CONTINUOUS
100
AcDbLine
 10
67.9457709999999935
 20
-44.7038089999999997
 30
0
 11
67.9457709999999935
 21
-44.5609520000000003
 31
0
  0
LINE
  5
392
330
1B
100
AcDbEntity
  8
F.Silkscreen
  6
CONTINUOUS
100
AcDbLine
 10
67.9457709999999935
 20
-44.5609520000000003
 30
0
 11
67.9933899999999909
 21
-44.4657139999999984
 31
0
  0
LINE
  5
393
330
1B
100
AcDbEntity
  8
F.Silkscreen
  6
CONTINUOUS
100
AcDbLine
 10
67.9933899999999909
 20
-44.4657139999999984
 30
0
 11
68.0410090000000025
 21
-44.418095000000001
 31
0
  0
LINE
  5
394
330
1B
100
AcDbEntity
  8
F.Silkscreen
  6
CONTINUOUS
100
AcDbLine
 10
68.0410090000000025
 20
-44.418095000000001
 30
0
 11
68.1362469999999973
 21
-44.3704759999999965
 31
0
  0
LINE
  5
395
330
1B
100
AcDbEntity
  8
F.Silkscreen
  6
CONTINUOUS
100
AcDbLine
 10
68.1362469999999973
 20
-44.3704759999999965
 30
0
 11
68.3743419999999986
 21
-44.3704759999999965
 31
0
  0
LINE
  5
396
330
1B
100
AcDbEntity
  8
F.Silkscreen
  6
CONTINUOUS
100
AcDbLine
 10
68.3743419999999986
 20
-44.3704759999999965
 30
0
 11
68.4695799999999934
 21
-44.418095000000001
 31
0
  0
LINE
  5
397
330
1B
100
AcDbEntity
  8
F.Silkscreen
  6
CONTINUOUS
100
AcDbLine
 10
68.4695799999999934
 20
-44.418095000000001
 30
0
 11
68.5172000000000025
 21
-44.4657139999999984
 31
0
  0
LINE
  5
398
330
1B
100
AcDbEntity
  8
F.Silkscreen
  6
CONTINUOUS
100
AcDbLine
 10
68.5172000000000025
 20
-44.4657139999999984
 30
0
 11
68.564819
 21
-44.5609520000000003
 31
0
  0
LINE
  5
399
330
1B
100
AcDbEntity
  8
F.Silkscreen
  6
CONTINUOUS
100
AcDbLine
 10
68.564819
 20
-44.5609520000000003
 30
0
 11
68.564819
 21
-44.846665999999999
 31
0
  0
LINE
  5
39A
330
1B
100
AcDbEntity
  8
F.Silkscreen
  6
CONTINUOUS
100
AcDbLine
 10
68.564819
 20
-44.846665999999999
 30
0
 11
68.5172000000000025
 21
-44.941904000000001
 31
0
  0
LINE
  5
39B
330
1B
100
AcDbEntity
  8
F.Silkscreen
  6
CONTINUOUS
100
AcDbLine
 10
68.5172000000000025
 20
-44.941904000000001
 30
0
 11
68.4695799999999934
 21
-44.9895229999999984
 31
0
  0
LINE
  5
39C
330
1B
100
AcDbEntity
  8
F.Silkscreen
  6
CONTINUOUS
100
AcDbLine
 10
67.564819
 20
-43.7514279999999971
 30
0
 11
67.564819
 21
-43.6561899999999952
 31
0
  0
LINE
  5
39D
330
1B
100
AcDbEntity
  8
F.Silkscreen
  6
CONTINUOUS
100
AcDbLine
 10
67.564819
 20
-43.6561899999999952
 30
0
 11
67.6124379999999974
 21
-43.5609520000000003
 31
0
  0
LINE
  5
39E
330
1B
100
AcDbEntity
  8
F.Silkscreen
  6
CONTINUOUS
100
AcDbLine
 10
67.6124379999999974
 20
-43.5609520000000003
 30
0
 11
67.6600569999999948
 21
-43.5133329999999958
 31
0
  0
LINE
  5
39F
330
1B
100
AcDbEntity
  8
F.Silkscreen
  6
CONTINUOUS
100
AcDbLine
 10
67.6600569999999948
 20
-43.5133329999999958
 30
0
 11
67.7552950000000038
 21
-43.4657139999999984
 31
0
  0
LINE
  5
3A0
330
1B
100
AcDbEntity
  8
F.Silkscreen
  6
CONTINUOUS
100
AcDbLine
 10
67.7552950000000038
 20
-43.4657139999999984
 30
0
 11
67.9457709999999935
 21
-43.418095000000001
 31
0
  0
LINE
  5
3A1
330
1B
100
AcDbEntity
  8
F.Silkscreen
  6
CONTINUOUS
100
AcDbLine
 10
67.9457709999999935
 20
-43.418095000000001
 30
0
 11
68.1838659999999948
 21
-43.418095000000001
 31
0
  0
LINE
  5
3A2
330
1B
100
AcDbEntity
  8
F.Silkscreen
  6
CONTINUOUS
100
AcDbLine
 10
68.1838659999999948
 20
-43.418095000000001
 30
0
 11
68.3743419999999986
 21
-43.4657139999999984
 31
0
  0
LINE
  5
3A3
330
1B
100
AcDbEntity
  8
F.Silkscreen
  6
CONTINUOUS
100
AcDbLine
 10
68.3743419999999986
 20
-43.4657139999999984
 30
0
 11
68.4695799999999934
 21
-43.5133329999999958
 31
0
  0
LINE
  5
3A4
330
1B
100
AcDbEntity
  8
F.Silkscreen
  6
CONTINUOUS
100
AcDbLine
 10
68.4695799999999934
 20
-43.5133329999999958
 30
0
 11
68.5172000000000025
 21
-43.5609520000000003
 31
0
  0
LINE
  5
3A5
330
1B
100
AcDbEntity
  8
F.Silkscreen
  6
CONTINUOUS
100
AcDbLine
 10
68.5172000000000025
 20
-43.5609520000000003
 30
0
 11
68.564819
 21
-43.6561899999999952
 31
0
  0
LINE
  5
3A6
330
1B
100
AcDbEntity
  8
F.Silkscreen
  6
CONTINUOUS
100
AcDbLine
 10
68.564819
 20
-43.6561899999999952
 30
0
 11
68.564819
 21
-43.7514279999999971
 31
0
  0
LINE
  5
3A7
330
1B
100
AcDbEntity
  8
F.Silkscreen
  6
CONTINUOUS
100
AcDbLine
 10
68.564819
 20
-43.7514279999999971
 30
0
 11
68.5172000000000025
 21
-43.846665999999999
 31
0
  0
LINE
  5
3A8
330
1B
100
AcDbEntity
  8
F.Silkscreen
  6
CONTINUOUS
100
AcDbLine
 10
68.5172000000000025
 20
-43.846665999999999
 30
0
 11
68.4695799999999934
 21
-43.8942849999999964
 31
0
  0
LINE
  5
3A9
330
1B
100
AcDbEntity
  8
F.Silkscreen
  6
CONTINUOUS
100
AcDbLine
 10
68.4695799999999934
 20
-43.8942849999999964
 30
0
 11
68.3743419999999986
 21
-43.941904000000001
 31
0
  0
LINE
  5
3AA
330
1B
100
AcDbEntity
  8
F.Silkscreen
  6
CONTINUOUS
100
AcDbLine
 10
68.3743419999999986
 20
-43.941904000000001
 30
0
 11
68.1838659999999948
 21
-43.9895229999999984
 31
0
  0
LINE
  5
3AB
330
1B
100
AcDbEntity
  8
F.Silkscreen
  6
CONTINUOUS
100
AcDbLine
 10
68.1838659999999948
 20
-43.9895229999999984
 30
0
 11
67.9457709999999935
 21
-43.9895229999999984
 31
0
  0
LINE
  5
3AC
330
1B
100
AcDbEntity
  8
F.Silkscreen
  6
CONTINUOUS
100
AcDbLine
 10
67.9457709999999935
 20
-43.9895229999999984
 30
0
 11
67.7552950000000038
 21
-43.941904000000001
 31
0
  0
LINE
  5
3AD
330
1B
100
AcDbEntity
  8
F.Silkscreen
  6
CONTINUOUS
100
AcDbLine
 10
67.7552950000000038
 20
-43.941904000000001
 30
0
 11
67.6600569999999948
 21
-43.8942849999999964
 31
0
  0
LINE
  5
3AE
330
1B
100
AcDbEntity
  8
F.Silkscreen
  6
CONTINUOUS
100
AcDbLine
 10
67.6600569999999948
 20
-43.8942849999999964
 30
0
 11
67.6124379999999974
 21
-43.846665999999999
 31
0
  0
LINE
  5
3AF
330
1B
100
AcDbEntity
  8
F.Silkscreen
  6
CONTINUOUS
100
AcDbLine
 10
67.6124379999999974
 20
-43.846665999999999
 30
0
 11
67.564819
 21
-43.7514279999999971
 31
0
  0
LINE
  5
3B0
330
1B
100
AcDbEntity
  8
F.Silkscreen
  6
CONTINUOUS
100
AcDbLine
 10
94.8648189999999971
 20
-113.8714279999999945
 30
0
 11
94.3886279999999971
 21
-114.2047609999999906
 31
0
  0
LINE
  5
3B1
330
1B
100
AcDbEntity
  8
F.Silkscreen
  6
CONTINUOUS
100
AcDbLine
 10
94.8648189999999971
 20
-114.4428559999999919
 30
0
 11
93.8648189999999971
 21
-114.4428559999999919
 31
0
  0
LINE
  5
3B2
330
1B
100
AcDbEntity
  8
F.Silkscreen
  6
CONTINUOUS
100
AcDbLine
 10
93.8648189999999971
 20
-114.4428559999999919
 30
0
 11
93.8648189999999971
 21
-114.0619039999999984
 31
0
  0
LINE
  5
3B3
330
1B
100
AcDbEntity
  8
F.Silkscreen
  6
CONTINUOUS
100
AcDbLine
 10
93.8648189999999971
 20
-114.0619039999999984
 30
0
 11
93.9124379999999945
 21
-113.9666659999999894
 31
0
  0
LINE
  5
3B4
330
1B
100
AcDbEntity
  8
F.Silkscreen
  6
CONTINUOUS
100
AcDbLine
 10
93.9124379999999945
 20
-113.9666659999999894
 30
0
 11
93.9600569999999919
 21
-113.919046999999992
 31
0
  0
LINE
  5
3B5
330
1B
100
AcDbEntity
  8
F.Silkscreen
  6
CONTINUOUS
100
AcDbLine
 10
93.9600569999999919
 20
-113.919046999999992
 30
0
 11
94.055295000000001
 21
-113.8714279999999945
 31
0
  0
LINE
  5
3B6
330
1B
100
AcDbEntity
  8
F.Silkscreen
  6
CONTINUOUS
100
AcDbLine
 10
94.055295000000001
 20
-113.8714279999999945
 30
0
 11
94.1981519999999932
 21
-113.8714279999999945
 31
0
  0
LINE
  5
3B7
330
1B
100
AcDbEntity
  8
F.Silkscreen
  6
CONTINUOUS
100
AcDbLine
 10
94.1981519999999932
 20
-113.8714279999999945
 30
0
 11
94.2933900000000023
 21
-113.919046999999992
 31
0
  0
LINE
  5
3B8
330
1B
100
AcDbEntity
  8
F.Silkscreen
  6
CONTINUOUS
100
AcDbLine
 10
94.2933900000000023
 20
-113.919046999999992
 30
0
 11
94.3410089999999997
 21
-113.9666659999999894
 31
0
  0
LINE
  5
3B9
330
1B
100
AcDbEntity
  8
F.Silkscreen
  6
CONTINUOUS
100
AcDbLine
 10
94.3410089999999997
 20
-113.9666659999999894
 30
0
 11
94.3886279999999971
 21
-114.0619039999999984
 31
0
  0
LINE
  5
3BA
330
1B
100
AcDbEntity
  8
F.Silkscreen
  6
CONTINUOUS
100
AcDbLine
 10
94.3886279999999971
 20
-114.0619039999999984
 30
0
 11
94.3886279999999971
 21
-114.4428559999999919
 31
0
  0
LINE
  5
3BB
330
1B
100
AcDbEntity
  8
F.Silkscreen
  6
CONTINUOUS
100
AcDbLine
 10
93.8648189999999971
 20
-113.5857129999999984
 30
0
 11
94.8648189999999971
 21
-113.2523799999999881
 31
0
  0
LINE
  5
3BC
330
1B
100
AcDbEntity
  8
F.Silkscreen
  6
CONTINUOUS
100
AcDbLine
 10
94.8648189999999971
 20
-113.2523799999999881
 30
0
 11
93.8648189999999971
 21
-112.919046999999992
 31
0
  0
LINE
  5
3BD
330
1B
100
AcDbEntity
  8
F.Silkscreen
  6
CONTINUOUS
100
AcDbLine
 10
93.9600569999999919
 20
-112.6333319999999958
 30
0
 11
93.9124379999999945
 21
-112.5857129999999984
 31
0
  0
LINE
  5
3BE
330
1B
100
AcDbEntity
  8
F.Silkscreen
  6
CONTINUOUS
100
AcDbLine
 10
93.9124379999999945
 20
-112.5857129999999984
 30
0
 11
93.8648189999999971
 21
-112.4904749999999893
 31
0
  0
LINE
  5
3BF
330
1B
100
AcDbEntity
  8
F.Silkscreen
  6
CONTINUOUS
100
AcDbLine
 10
93.8648189999999971
 20
-112.4904749999999893
 30
0
 11
93.8648189999999971
 21
-112.2523799999999881
 31
0
  0
LINE
  5
3C0
330
1B
100
AcDbEntity
  8
F.Silkscreen
  6
CONTINUOUS
100
AcDbLine
 10
93.8648189999999971
 20
-112.2523799999999881
 30
0
 11
93.9124379999999945
 21
-112.1571419999999932
 31
0
  0
LINE
  5
3C1
330
1B
100
AcDbEntity
  8
F.Silkscreen
  6
CONTINUOUS
100
AcDbLine
 10
93.9124379999999945
 20
-112.1571419999999932
 30
0
 11
93.9600569999999919
 21
-112.1095229999999958
 31
0
  0
LINE
  5
3C2
330
1B
100
AcDbEntity
  8
F.Silkscreen
  6
CONTINUOUS
100
AcDbLine
 10
93.9600569999999919
 20
-112.1095229999999958
 30
0
 11
94.055295000000001
 21
-112.0619039999999984
 31
0
  0
LINE
  5
3C3
330
1B
100
AcDbEntity
  8
F.Silkscreen
  6
CONTINUOUS
100
AcDbLine
 10
94.055295000000001
 20
-112.0619039999999984
 30
0
 11
94.1505329999999958
 21
-112.0619039999999984
 31
0
  0
LINE
  5
3C4
330
1B
100
AcDbEntity
  8
F.Silkscreen
  6
CONTINUOUS
100
AcDbLine
 10
94.1505329999999958
 20
-112.0619039999999984
 30
0
 11
94.2933900000000023
 21
-112.1095229999999958
 31
0
  0
LINE
  5
3C5
330
1B
100
AcDbEntity
  8
F.Silkscreen
  6
CONTINUOUS
100
AcDbLine
 10
94.2933900000000023
 20
-112.1095229999999958
 30
0
 11
94.8648189999999971
 21
-112.6809509999999932
 31
0
  0
LINE
  5
3C6
330
1B
100
AcDbEntity
  8
F.Silkscreen
  6
CONTINUOUS
100
AcDbLine
 10
94.8648189999999971
 20
-112.6809509999999932
 30
0
 11
94.8648189999999971
 21
-112.0619039999999984
 31
0
  0
LINE
  5
3C7
330
1B
100
AcDbEntity
  8
F.Silkscreen
  6
CONTINUOUS
100
AcDbLine
 10
93.8648189999999971
 20
-111.4428559999999919
 30
0
 11
93.8648189999999971
 21
-111.3476179999999971
 31
0
  0
LINE
  5
3C8
330
1B
100
AcDbEntity
  8
F.Silkscreen
  6
CONTINUOUS
100
AcDbLine
 10
93.8648189999999971
 20
-111.3476179999999971
 30
0
 11
93.9124379999999945
 21
-111.2523799999999881
 31
0
  0
LINE
  5
3C9
330
1B
100
AcDbEntity
  8
F.Silkscreen
  6
CONTINUOUS
100
AcDbLine
 10
93.9124379999999945
 20
-111.2523799999999881
 30
0
 11
93.9600569999999919
 21
-111.2047609999999906
 31
0
  0
LINE
  5
3CA
330
1B
100
AcDbEntity
  8
F.Silkscreen
  6
CONTINUOUS
100
AcDbLine
 10
93.9600569999999919
 20
-111.2047609999999906
 30
0
 11
94.055295000000001
 21
-111.1571419999999932
 31
0
  0
LINE
  5
3CB
330
1B
100
AcDbEntity
  8
F.Silkscreen
  6
CONTINUOUS
100
AcDbLine
 10
94.055295000000001
 20
-111.1571419999999932
 30
0
 11
94.2457709999999906
 21
-111.1095229999999958
 31
0
  0
LINE
  5
3CC
330
1B
100
AcDbEntity
  8
F.Silkscreen
  6
CONTINUOUS
100
AcDbLine
 10
94.2457709999999906
 20
-111.1095229999999958
 30
0
 11
94.4838659999999919
 21
-111.1095229999999958
 31
0
  0
LINE
  5
3CD
330
1B
100
AcDbEntity
  8
F.Silkscreen
  6
CONTINUOUS
100
AcDbLine
 10
94.4838659999999919
 20
-111.1095229999999958
 30
0
 11
94.6743419999999958
 21
-111.1571419999999932
 31
0
  0
LINE
  5
3CE
330
1B
100
AcDbEntity
  8
F.Silkscreen
  6
CONTINUOUS
100
AcDbLine
 10
94.6743419999999958
 20
-111.1571419999999932
 30
0
 11
94.7695799999999906
 21
-111.2047609999999906
 31
0
  0
LINE
  5
3CF
330
1B
100
AcDbEntity
  8
F.Silkscreen
  6
CONTINUOUS
100
AcDbLine
 10
94.7695799999999906
 20
-111.2047609999999906
 30
0
 11
94.8171999999999997
 21
-111.2523799999999881
 31
0
  0
LINE
  5
3D0
330
1B
100
AcDbEntity
  8
F.Silkscreen
  6
CONTINUOUS
100
AcDbLine
 10
94.8171999999999997
 20
-111.2523799999999881
 30
0
 11
94.8648189999999971
 21
-111.3476179999999971
 31
0
  0
LINE
  5
3D1
330
1B
100
AcDbEntity
  8
F.Silkscreen
  6
CONTINUOUS
100
AcDbLine
 10
94.8648189999999971
 20
-111.3476179999999971
 30
0
 11
94.8648189999999971
 21
-111.4428559999999919
 31
0
  0
LINE
  5
3D2
330
1B
100
AcDbEntity
  8
F.Silkscreen
  6
CONTINUOUS
100
AcDbLine
 10
94.8648189999999971
 20
-111.4428559999999919
 30
0
 11
94.8171999999999997
 21
-111.538094000000001
 31
0
  0
LINE
  5
3D3
330
1B
100
AcDbEntity
  8
F.Silkscreen
  6
CONTINUOUS
100
AcDbLine
 10
94.8171999999999997
 20
-111.538094000000001
 30
0
 11
94.7695799999999906
 21
-111.5857129999999984
 31
0
  0
LINE
  5
3D4
330
1B
100
AcDbEntity
  8
F.Silkscreen
  6
CONTINUOUS
100
AcDbLine
 10
94.7695799999999906
 20
-111.5857129999999984
 30
0
 11
94.6743419999999958
 21
-111.6333319999999958
 31
0
  0
LINE
  5
3D5
330
1B
100
AcDbEntity
  8
F.Silkscreen
  6
CONTINUOUS
100
AcDbLine
 10
94.6743419999999958
 20
-111.6333319999999958
 30
0
 11
94.4838659999999919
 21
-111.6809509999999932
 31
0
  0
LINE
  5
3D6
330
1B
100
AcDbEntity
  8
F.Silkscreen
  6
CONTINUOUS
100
AcDbLine
 10
94.4838659999999919
 20
-111.6809509999999932
 30
0
 11
94.2457709999999906
 21
-111.6809509999999932
 31
0
  0
LINE
  5
3D7
330
1B
100
AcDbEntity
  8
F.Silkscreen
  6
CONTINUOUS
100
AcDbLine
 10
94.2457709999999906
 20
-111.6809509999999932
 30
0
 11
94.055295000000001
 21
-111.6333319999999958
 31
0
  0
LINE
  5
3D8
330
1B
100
AcDbEntity
  8
F.Silkscreen
  6
CONTINUOUS
100
AcDbLine
 10
94.055295000000001
 20
-111.6333319999999958
 30
0
 11
93.9600569999999919
 21
-111.5857129999999984
 31
0
  0
LINE
  5
3D9
330
1B
100
AcDbEntity
  8
F.Silkscreen
  6
CONTINUOUS
100
AcDbLine
 10
93.9600569999999919
 20
-111.5857129999999984
 30
0
 11
93.9124379999999945
 21
-111.538094000000001
 31
0
  0
LINE
  5
3DA
330
1B
100
AcDbEntity
  8
F.Silkscreen
  6
CONTINUOUS
100
AcDbLine
 10
93.9124379999999945
 20
-111.538094000000001
 30
0
 11
93.8648189999999971
 21
-111.4428559999999919
 31
0
  0
LINE
  5
3DB
330
1B
100
AcDbEntity
  8
F.Silkscreen
  6
CONTINUOUS
100
AcDbLine
 10
113.2380950000000013
 20
-110.3048189999999948
 30
0
 11
113.2380950000000013
 21
-109.3048189999999948
 31
0
  0
LINE
  5
3DC
330
1B
100
AcDbEntity
  8
F.Silkscreen
  6
CONTINUOUS
100
AcDbLine
 10
113.2380950000000013
 20
-109.7810089999999974
 30
0
 11
113.8095229999999987
 21
-109.7810089999999974
 31
0
  0
LINE
  5
3DD
330
1B
100
AcDbEntity
  8
F.Silkscreen
  6
CONTINUOUS
100
AcDbLine
 10
113.8095229999999987
 20
-110.3048189999999948
 30
0
 11
113.8095229999999987
 21
-109.3048189999999948
 31
0
  0
LINE
  5
3DE
330
1B
100
AcDbEntity
  8
F.Silkscreen
  6
CONTINUOUS
100
AcDbLine
 10
114.7142849999999896
 20
-109.6381519999999909
 30
0
 11
114.7142849999999896
 21
-110.3048189999999948
 31
0
  0
LINE
  5
3DF
330
1B
100
AcDbEntity
  8
F.Silkscreen
  6
CONTINUOUS
100
AcDbLine
 10
114.4761899999999883
 20
-109.2571999999999974
 30
0
 11
114.2380950000000013
 21
-109.9714850000000013
 31
0
  0
LINE
  5
3E0
330
1B
100
AcDbEntity
  8
F.Silkscreen
  6
CONTINUOUS
100
AcDbLine
 10
114.2380950000000013
 20
-109.9714850000000013
 30
0
 11
114.8571419999999961
 21
-109.9714850000000013
 31
0
  0
LINE
  5
3E1
330
1B
100
AcDbEntity
  8
F.Silkscreen
  6
CONTINUOUS
100
AcDbLine
 10
59.3719049999999982
 20
-91.5198189999999983
 30
0
 11
59.3719049999999982
 21
-92.3293419999999969
 31
0
  0
LINE
  5
3E2
330
1B
100
AcDbEntity
  8
F.Silkscreen
  6
CONTINUOUS
100
AcDbLine
 10
59.3719049999999982
 20
-92.3293419999999969
 30
0
 11
59.4195239999999956
 21
-92.4245799999999917
 31
0
  0
LINE
  5
3E3
330
1B
100
AcDbEntity
  8
F.Silkscreen
  6
CONTINUOUS
100
AcDbLine
 10
59.4195239999999956
 20
-92.4245799999999917
 30
0
 11
59.4671430000000001
 21
-92.4722000000000008
 31
0
  0
LINE
  5
3E4
330
1B
100
AcDbEntity
  8
F.Silkscreen
  6
CONTINUOUS
100
AcDbLine
 10
59.4671430000000001
 20
-92.4722000000000008
 30
0
 11
59.5623809999999949
 21
-92.5198189999999983
 31
0
  0
LINE
  5
3E5
330
1B
100
AcDbEntity
  8
F.Silkscreen
  6
CONTINUOUS
100
AcDbLine
 10
59.5623809999999949
 20
-92.5198189999999983
 30
0
 11
59.7528569999999988
 21
-92.5198189999999983
 31
0
  0
LINE
  5
3E6
330
1B
100
AcDbEntity
  8
F.Silkscreen
  6
CONTINUOUS
100
AcDbLine
 10
59.7528569999999988
 20
-92.5198189999999983
 30
0
 11
59.8480950000000007
 21
-92.4722000000000008
 31
0
  0
LINE
  5
3E7
330
1B
100
AcDbEntity
  8
F.Silkscreen
  6
CONTINUOUS
100
AcDbLine
 10
59.8480950000000007
 20
-92.4722000000000008
 30
0
 11
59.8957139999999981
 21
-92.4245799999999917
 31
0
  0
LINE
  5
3E8
330
1B
100
AcDbEntity
  8
F.Silkscreen
  6
CONTINUOUS
100
AcDbLine
 10
59.8957139999999981
 20
-92.4245799999999917
 30
0
 11
59.9433329999999955
 21
-92.3293419999999969
 31
0
  0
LINE
  5
3E9
330
1B
100
AcDbEntity
  8
F.Silkscreen
  6
CONTINUOUS
100
AcDbLine
 10
59.9433329999999955
 20
-92.3293419999999969
 30
0
 11
59.9433329999999955
 21
-91.5198189999999983
 31
0
  0
LINE
  5
3EA
330
1B
100
AcDbEntity
  8
F.Silkscreen
  6
CONTINUOUS
100
AcDbLine
 10
60.3719049999999982
 20
-91.6150569999999931
 30
0
 11
60.4195239999999956
 21
-91.5674379999999957
 31
0
  0
LINE
  5
3EB
330
1B
100
AcDbEntity
  8
F.Silkscreen
  6
CONTINUOUS
100
AcDbLine
 10
60.4195239999999956
 20
-91.5674379999999957
 30
0
 11
60.5147619999999975
 21
-91.5198189999999983
 31
0
  0
LINE
  5
3EC
330
1B
100
AcDbEntity
  8
F.Silkscreen
  6
CONTINUOUS
100
AcDbLine
 10
60.5147619999999975
 20
-91.5198189999999983
 30
0
 11
60.7528569999999988
 21
-91.5198189999999983
 31
0
  0
LINE
  5
3ED
330
1B
100
AcDbEntity
  8
F.Silkscreen
  6
CONTINUOUS
100
AcDbLine
 10
60.7528569999999988
 20
-91.5198189999999983
 30
0
 11
60.8480950000000007
 21
-91.5674379999999957
 31
0
  0
LINE
  5
3EE
330
1B
100
AcDbEntity
  8
F.Silkscreen
  6
CONTINUOUS
100
AcDbLine
 10
60.8480950000000007
 20
-91.5674379999999957
 30
0
 11
60.8957139999999981
 21
-91.6150569999999931
 31
0
  0
LINE
  5
3EF
330
1B
100
AcDbEntity
  8
F.Silkscreen
  6
CONTINUOUS
100
AcDbLine
 10
60.8957139999999981
 20
-91.6150569999999931
 30
0
 11
60.9433329999999955
 21
-91.7102950000000021
 31
0
  0
LINE
  5
3F0
330
1B
100
AcDbEntity
  8
F.Silkscreen
  6
CONTINUOUS
100
AcDbLine
 10
60.9433329999999955
 20
-91.7102950000000021
 30
0
 11
60.9433329999999955
 21
-91.8055329999999969
 31
0
  0
LINE
  5
3F1
330
1B
100
AcDbEntity
  8
F.Silkscreen
  6
CONTINUOUS
100
AcDbLine
 10
60.9433329999999955
 20
-91.8055329999999969
 30
0
 11
60.8957139999999981
 21
-91.9483899999999892
 31
0
  0
LINE
  5
3F2
330
1B
100
AcDbEntity
  8
F.Silkscreen
  6
CONTINUOUS
100
AcDbLine
 10
60.8957139999999981
 20
-91.9483899999999892
 30
0
 11
60.3242860000000007
 21
-92.5198189999999983
 31
0
  0
LINE
  5
3F3
330
1B
100
AcDbEntity
  8
F.Silkscreen
  6
CONTINUOUS
100
AcDbLine
 10
60.3242860000000007
 20
-92.5198189999999983
 30
0
 11
60.9433329999999955
 21
-92.5198189999999983
 31
0
  0
LINE
  5
3F4
330
1B
100
AcDbEntity
  8
F.Silkscreen
  6
CONTINUOUS
100
AcDbLine
 10
61.5623809999999949
 20
-91.5198189999999983
 30
0
 11
61.6576189999999968
 21
-91.5198189999999983
 31
0
  0
LINE
  5
3F5
330
1B
100
AcDbEntity
  8
F.Silkscreen
  6
CONTINUOUS
100
AcDbLine
 10
61.6576189999999968
 20
-91.5198189999999983
 30
0
 11
61.7528569999999988
 21
-91.5674379999999957
 31
0
  0
LINE
  5
3F6
330
1B
100
AcDbEntity
  8
F.Silkscreen
  6
CONTINUOUS
100
AcDbLine
 10
61.7528569999999988
 20
-91.5674379999999957
 30
0
 11
61.8004759999999962
 21
-91.6150569999999931
 31
0
  0
LINE
  5
3F7
330
1B
100
AcDbEntity
  8
F.Silkscreen
  6
CONTINUOUS
100
AcDbLine
 10
61.8004759999999962
 20
-91.6150569999999931
 30
0
 11
61.8480950000000007
 21
-91.7102950000000021
 31
0
  0
LINE
  5
3F8
330
1B
100
AcDbEntity
  8
F.Silkscreen
  6
CONTINUOUS
100
AcDbLine
 10
61.8480950000000007
 20
-91.7102950000000021
 30
0
 11
61.8957139999999981
 21
-91.9007709999999918
 31
0
  0
LINE
  5
3F9
330
1B
100
AcDbEntity
  8
F.Silkscreen
  6
CONTINUOUS
100
AcDbLine
 10
61.8957139999999981
 20
-91.9007709999999918
 30
0
 11
61.8957139999999981
 21
-92.1388659999999931
 31
0
  0
LINE
  5
3FA
330
1B
100
AcDbEntity
  8
F.Silkscreen
  6
CONTINUOUS
100
AcDbLine
 10
61.8957139999999981
 20
-92.1388659999999931
 30
0
 11
61.8480950000000007
 21
-92.3293419999999969
 31
0
  0
LINE
  5
3FB
330
1B
100
AcDbEntity
  8
F.Silkscreen
  6
CONTINUOUS
100
AcDbLine
 10
61.8480950000000007
 20
-92.3293419999999969
 30
0
 11
61.8004759999999962
 21
-92.4245799999999917
 31
0
  0
LINE
  5
3FC
330
1B
100
AcDbEntity
  8
F.Silkscreen
  6
CONTINUOUS
100
AcDbLine
 10
61.8004759999999962
 20
-92.4245799999999917
 30
0
 11
61.7528569999999988
 21
-92.4722000000000008
 31
0
  0
LINE
  5
3FD
330
1B
100
AcDbEntity
  8
F.Silkscreen
  6
CONTINUOUS
100
AcDbLine
 10
61.7528569999999988
 20
-92.4722000000000008
 30
0
 11
61.6576189999999968
 21
-92.5198189999999983
 31
0
  0
LINE
  5
3FE
330
1B
100
AcDbEntity
  8
F.Silkscreen
  6
CONTINUOUS
100
AcDbLine
 10
61.6576189999999968
 20
-92.5198189999999983
 30
0
 11
61.5623809999999949
 21
-92.5198189999999983
 31
0
  0
LINE
  5
3FF
330
1B
100
AcDbEntity
  8
F.Silkscreen
  6
CONTINUOUS
100
AcDbLine
 10
61.5623809999999949
 20
-92.5198189999999983
 30
0
 11
61.4671430000000001
 21
-92.4722000000000008
 31
0
  0
LINE
  5
400
330
1B
100
AcDbEntity
  8
F.Silkscreen
  6
CONTINUOUS
100
AcDbLine
 10
61.4671430000000001
 20
-92.4722000000000008
 30
0
 11
61.4195239999999956
 21
-92.4245799999999917
 31
0
  0
LINE
  5
401
330
1B
100
AcDbEntity
  8
F.Silkscreen
  6
CONTINUOUS
100
AcDbLine
 10
61.4195239999999956
 20
-92.4245799999999917
 30
0
 11
61.3719049999999982
 21
-92.3293419999999969
 31
0
  0
LINE
  5
402
330
1B
100
AcDbEntity
  8
F.Silkscreen
  6
CONTINUOUS
100
AcDbLine
 10
61.3719049999999982
 20
-92.3293419999999969
 30
0
 11
61.3242860000000007
 21
-92.1388659999999931
 31
0
  0
LINE
  5
403
330
1B
100
AcDbEntity
  8
F.Silkscreen
  6
CONTINUOUS
100
AcDbLine
 10
61.3242860000000007
 20
-92.1388659999999931
 30
0
 11
61.3242860000000007
 21
-91.9007709999999918
 31
0
  0
LINE
  5
404
330
1B
100
AcDbEntity
  8
F.Silkscreen
  6
CONTINUOUS
100
AcDbLine
 10
61.3242860000000007
 20
-91.9007709999999918
 30
0
 11
61.3719049999999982
 21
-91.7102950000000021
 31
0
  0
LINE
  5
405
330
1B
100
AcDbEntity
  8
F.Silkscreen
  6
CONTINUOUS
100
AcDbLine
 10
61.3719049999999982
 20
-91.7102950000000021
 30
0
 11
61.4195239999999956
 21
-91.6150569999999931
 31
0
  0
LINE
  5
406
330
1B
100
AcDbEntity
  8
F.Silkscreen
  6
CONTINUOUS
100
AcDbLine
 10
61.4195239999999956
 20
-91.6150569999999931
 30
0
 11
61.4671430000000001
 21
-91.5674379999999957
 31
0
  0
LINE
  5
407
330
1B
100
AcDbEntity
  8
F.Silkscreen
  6
CONTINUOUS
100
AcDbLine
 10
61.4671430000000001
 20
-91.5674379999999957
 30
0
 11
61.5623809999999949
 21
-91.5198189999999983
 31
0
  0
LINE
  5
408
330
1B
100
AcDbEntity
  8
F.Silkscreen
  6
CONTINUOUS
100
AcDbLine
 10
65.1471420000000023
 20
-81.2848189999999988
 30
0
 11
64.813808999999992
 21
-80.8086279999999988
 31
0
  0
LINE
  5
409
330
1B
100
AcDbEntity
  8
F.Silkscreen
  6
CONTINUOUS
100
AcDbLine
 10
64.5757139999999907
 20
-81.2848189999999988
 30
0
 11
64.5757139999999907
 21
-80.2848189999999988
 31
0
  0
LINE
  5
40A
330
1B
100
AcDbEntity
  8
F.Silkscreen
  6
CONTINUOUS
100
AcDbLine
 10
64.5757139999999907
 20
-80.2848189999999988
 30
0
 11
64.9566659999999985
 21
-80.2848189999999988
 31
0
  0
LINE
  5
40B
330
1B
100
AcDbEntity
  8
F.Silkscreen
  6
CONTINUOUS
100
AcDbLine
 10
64.9566659999999985
 20
-80.2848189999999988
 30
0
 11
65.0519039999999933
 21
-80.3324379999999962
 31
0
  0
LINE
  5
40C
330
1B
100
AcDbEntity
  8
F.Silkscreen
  6
CONTINUOUS
100
AcDbLine
 10
65.0519039999999933
 20
-80.3324379999999962
 30
0
 11
65.0995229999999907
 21
-80.3800569999999936
 31
0
  0
LINE
  5
40D
330
1B
100
AcDbEntity
  8
F.Silkscreen
  6
CONTINUOUS
100
AcDbLine
 10
65.0995229999999907
 20
-80.3800569999999936
 30
0
 11
65.1471420000000023
 21
-80.4752950000000027
 31
0
  0
LINE
  5
40E
330
1B
100
AcDbEntity
  8
F.Silkscreen
  6
CONTINUOUS
100
AcDbLine
 10
65.1471420000000023
 20
-80.4752950000000027
 30
0
 11
65.1471420000000023
 21
-80.6181519999999949
 31
0
  0
LINE
  5
40F
330
1B
100
AcDbEntity
  8
F.Silkscreen
  6
CONTINUOUS
100
AcDbLine
 10
65.1471420000000023
 20
-80.6181519999999949
 30
0
 11
65.0995229999999907
 21
-80.7133899999999898
 31
0
  0
LINE
  5
410
330
1B
100
AcDbEntity
  8
F.Silkscreen
  6
CONTINUOUS
100
AcDbLine
 10
65.0995229999999907
 20
-80.7133899999999898
 30
0
 11
65.0519039999999933
 21
-80.7610090000000014
 31
0
  0
LINE
  5
411
330
1B
100
AcDbEntity
  8
F.Silkscreen
  6
CONTINUOUS
100
AcDbLine
 10
65.0519039999999933
 20
-80.7610090000000014
 30
0
 11
64.9566659999999985
 21
-80.8086279999999988
 31
0
  0
LINE
  5
412
330
1B
100
AcDbEntity
  8
F.Silkscreen
  6
CONTINUOUS
100
AcDbLine
 10
64.9566659999999985
 20
-80.8086279999999988
 30
0
 11
64.5757139999999907
 21
-80.8086279999999988
 31
0
  0
LINE
  5
413
330
1B
100
AcDbEntity
  8
F.Silkscreen
  6
CONTINUOUS
100
AcDbLine
 10
65.5280949999999933
 20
-80.3800569999999936
 30
0
 11
65.5757139999999907
 21
-80.3324379999999962
 31
0
  0
LINE
  5
414
330
1B
100
AcDbEntity
  8
F.Silkscreen
  6
CONTINUOUS
100
AcDbLine
 10
65.5757139999999907
 20
-80.3324379999999962
 30
0
 11
65.6709519999999998
 21
-80.2848189999999988
 31
0
  0
LINE
  5
415
330
1B
100
AcDbEntity
  8
F.Silkscreen
  6
CONTINUOUS
100
AcDbLine
 10
65.6709519999999998
 20
-80.2848189999999988
 30
0
 11
65.909047000000001
 21
-80.2848189999999988
 31
0
  0
LINE
  5
416
330
1B
100
AcDbEntity
  8
F.Silkscreen
  6
CONTINUOUS
100
AcDbLine
 10
65.909047000000001
 20
-80.2848189999999988
 30
0
 11
66.0042849999999959
 21
-80.3324379999999962
 31
0
  0
LINE
  5
417
330
1B
100
AcDbEntity
  8
F.Silkscreen
  6
CONTINUOUS
100
AcDbLine
 10
66.0042849999999959
 20
-80.3324379999999962
 30
0
 11
66.0519039999999933
 21
-80.3800569999999936
 31
0
  0
LINE
  5
418
330
1B
100
AcDbEntity
  8
F.Silkscreen
  6
CONTINUOUS
100
AcDbLine
 10
66.0519039999999933
 20
-80.3800569999999936
 30
0
 11
66.0995229999999907
 21
-80.4752950000000027
 31
0
  0
LINE
  5
419
330
1B
100
AcDbEntity
  8
F.Silkscreen
  6
CONTINUOUS
100
AcDbLine
 10
66.0995229999999907
 20
-80.4752950000000027
 30
0
 11
66.0995229999999907
 21
-80.5705329999999975
 31
0
  0
LINE
  5
41A
330
1B
100
AcDbEntity
  8
F.Silkscreen
  6
CONTINUOUS
100
AcDbLine
 10
66.0995229999999907
 20
-80.5705329999999975
 30
0
 11
66.0519039999999933
 21
-80.7133899999999898
 31
0
  0
LINE
  5
41B
330
1B
100
AcDbEntity
  8
F.Silkscreen
  6
CONTINUOUS
100
AcDbLine
 10
66.0519039999999933
 20
-80.7133899999999898
 30
0
 11
65.4804759999999959
 21
-81.2848189999999988
 31
0
  0
LINE
  5
41C
330
1B
100
AcDbEntity
  8
F.Silkscreen
  6
CONTINUOUS
100
AcDbLine
 10
65.4804759999999959
 20
-81.2848189999999988
 30
0
 11
66.0995229999999907
 21
-81.2848189999999988
 31
0
  0
LINE
  5
41D
330
1B
100
AcDbEntity
  8
F.Silkscreen
  6
CONTINUOUS
100
AcDbLine
 10
67.0042849999999959
 20
-80.2848189999999988
 30
0
 11
66.5280949999999933
 21
-80.2848189999999988
 31
0
  0
LINE
  5
41E
330
1B
100
AcDbEntity
  8
F.Silkscreen
  6
CONTINUOUS
100
AcDbLine
 10
66.5280949999999933
 20
-80.2848189999999988
 30
0
 11
66.4804759999999959
 21
-80.7610090000000014
 31
0
  0
LINE
  5
41F
330
1B
100
AcDbEntity
  8
F.Silkscreen
  6
CONTINUOUS
100
AcDbLine
 10
66.4804759999999959
 20
-80.7610090000000014
 30
0
 11
66.5280949999999933
 21
-80.7133899999999898
 31
0
  0
LINE
  5
420
330
1B
100
AcDbEntity
  8
F.Silkscreen
  6
CONTINUOUS
100
AcDbLine
 10
66.5280949999999933
 20
-80.7133899999999898
 30
0
 11
66.6233330000000024
 21
-80.6657709999999923
 31
0
  0
LINE
  5
421
330
1B
100
AcDbEntity
  8
F.Silkscreen
  6
CONTINUOUS
100
AcDbLine
 10
66.6233330000000024
 20
-80.6657709999999923
 30
0
 11
66.8614280000000036
 21
-80.6657709999999923
 31
0
  0
LINE
  5
422
330
1B
100
AcDbEntity
  8
F.Silkscreen
  6
CONTINUOUS
100
AcDbLine
 10
66.8614280000000036
 20
-80.6657709999999923
 30
0
 11
66.9566659999999985
 21
-80.7133899999999898
 31
0
  0
LINE
  5
423
330
1B
100
AcDbEntity
  8
F.Silkscreen
  6
CONTINUOUS
100
AcDbLine
 10
66.9566659999999985
 20
-80.7133899999999898
 30
0
 11
67.0042849999999959
 21
-80.7610090000000014
 31
0
  0
LINE
  5
424
330
1B
100
AcDbEntity
  8
F.Silkscreen
  6
CONTINUOUS
100
AcDbLine
 10
67.0042849999999959
 20
-80.7610090000000014
 30
0
 11
67.0519039999999933
 21
-80.8562469999999962
 31
0
  0
LINE
  5
425
330
1B
100
AcDbEntity
  8
F.Silkscreen
  6
CONTINUOUS
100
AcDbLine
 10
67.0519039999999933
 20
-80.8562469999999962
 30
0
 11
67.0519039999999933
 21
-81.0943419999999975
 31
0
  0
LINE
  5
426
330
1B
100
AcDbEntity
  8
F.Silkscreen
  6
CONTINUOUS
100
AcDbLine
 10
67.0519039999999933
 20
-81.0943419999999975
 30
0
 11
67.0042849999999959
 21
-81.1895799999999923
 31
0
  0
LINE
  5
427
330
1B
100
AcDbEntity
  8
F.Silkscreen
  6
CONTINUOUS
100
AcDbLine
 10
67.0042849999999959
 20
-81.1895799999999923
 30
0
 11
66.9566659999999985
 21
-81.2372000000000014
 31
0
  0
LINE
  5
428
330
1B
100
AcDbEntity
  8
F.Silkscreen
  6
CONTINUOUS
100
AcDbLine
 10
66.9566659999999985
 20
-81.2372000000000014
 30
0
 11
66.8614280000000036
 21
-81.2848189999999988
 31
0
  0
LINE
  5
429
330
1B
100
AcDbEntity
  8
F.Silkscreen
  6
CONTINUOUS
100
AcDbLine
 10
66.8614280000000036
 20
-81.2848189999999988
 30
0
 11
66.6233330000000024
 21
-81.2848189999999988
 31
0
  0
LINE
  5
42A
330
1B
100
AcDbEntity
  8
F.Silkscreen
  6
CONTINUOUS
100
AcDbLine
 10
66.6233330000000024
 20
-81.2848189999999988
 30
0
 11
66.5280949999999933
 21
-81.2372000000000014
 31
0
  0
LINE
  5
42B
330
1B
100
AcDbEntity
  8
F.Silkscreen
  6
CONTINUOUS
100
AcDbLine
 10
66.5280949999999933
 20
-81.2372000000000014
 30
0
 11
66.4804759999999959
 21
-81.1895799999999923
 31
0
  0
LINE
  5
42C
330
1B
100
AcDbEntity
  8
F.Silkscreen
  6
CONTINUOUS
100
AcDbLine
 10
91.6595799999999912
 20
-98.8478569999999905
 30
0
 11
91.7072000000000003
 21
-98.8954760000000022
 31
0
  0
LINE
  5
42D
330
1B
100
AcDbEntity
  8
F.Silkscreen
  6
CONTINUOUS
100
AcDbLine
 10
91.7072000000000003
 20
-98.8954760000000022
 30
0
 11
91.7548189999999977
 21
-99.0383329999999944
 31
0
  0
LINE
  5
42E
330
1B
100
AcDbEntity
  8
F.Silkscreen
  6
CONTINUOUS
100
AcDbLine
 10
91.7548189999999977
 20
-99.0383329999999944
 30
0
 11
91.7548189999999977
 21
-99.1335709999999892
 31
0
  0
LINE
  5
42F
330
1B
100
AcDbEntity
  8
F.Silkscreen
  6
CONTINUOUS
100
AcDbLine
 10
91.7548189999999977
 20
-99.1335709999999892
 30
0
 11
91.7072000000000003
 21
-99.2764279999999957
 31
0
  0
LINE
  5
430
330
1B
100
AcDbEntity
  8
F.Silkscreen
  6
CONTINUOUS
100
AcDbLine
 10
91.7072000000000003
 20
-99.2764279999999957
 30
0
 11
91.6119609999999938
 21
-99.3716659999999905
 31
0
  0
LINE
  5
431
330
1B
100
AcDbEntity
  8
F.Silkscreen
  6
CONTINUOUS
100
AcDbLine
 10
91.6119609999999938
 20
-99.3716659999999905
 30
0
 11
91.5167229999999989
 21
-99.4192850000000021
 31
0
  0
LINE
  5
432
330
1B
100
AcDbEntity
  8
F.Silkscreen
  6
CONTINUOUS
100
AcDbLine
 10
91.5167229999999989
 20
-99.4192850000000021
 30
0
 11
91.3262469999999951
 21
-99.4669039999999995
 31
0
  0
LINE
  5
433
330
1B
100
AcDbEntity
  8
F.Silkscreen
  6
CONTINUOUS
100
AcDbLine
 10
91.3262469999999951
 20
-99.4669039999999995
 30
0
 11
91.1833900000000028
 21
-99.4669039999999995
 31
0
  0
LINE
  5
434
330
1B
100
AcDbEntity
  8
F.Silkscreen
  6
CONTINUOUS
100
AcDbLine
 10
91.1833900000000028
 20
-99.4669039999999995
 30
0
 11
90.992913999999999
 21
-99.4192850000000021
 31
0
  0
LINE
  5
435
330
1B
100
AcDbEntity
  8
F.Silkscreen
  6
CONTINUOUS
100
AcDbLine
 10
90.992913999999999
 20
-99.4192850000000021
 30
0
 11
90.8976759999999899
 21
-99.3716659999999905
 31
0
  0
LINE
  5
436
330
1B
100
AcDbEntity
  8
F.Silkscreen
  6
CONTINUOUS
100
AcDbLine
 10
90.8976759999999899
 20
-99.3716659999999905
 30
0
 11
90.8024379999999951
 21
-99.2764279999999957
 31
0
  0
LINE
  5
437
330
1B
100
AcDbEntity
  8
F.Silkscreen
  6
CONTINUOUS
100
AcDbLine
 10
90.8024379999999951
 20
-99.2764279999999957
 30
0
 11
90.7548189999999977
 21
-99.1335709999999892
 31
0
  0
LINE
  5
438
330
1B
100
AcDbEntity
  8
F.Silkscreen
  6
CONTINUOUS
100
AcDbLine
 10
90.7548189999999977
 20
-99.1335709999999892
 30
0
 11
90.7548189999999977
 21
-99.0383329999999944
 31
0
  0
LINE
  5
439
330
1B
100
AcDbEntity
  8
F.Silkscreen
  6
CONTINUOUS
100
AcDbLine
 10
90.7548189999999977
 20
-99.0383329999999944
 30
0
 11
90.8024379999999951
 21
-98.8954760000000022
 31
0
  0
LINE
  5
43A
330
1B
100
AcDbEntity
  8
F.Silkscreen
  6
CONTINUOUS
100
AcDbLine
 10
90.8024379999999951
 20
-98.8954760000000022
 30
0
 11
90.8500569999999925
 21
-98.8478569999999905
 31
0
  0
LINE
  5
43B
330
1B
100
AcDbEntity
  8
F.Silkscreen
  6
CONTINUOUS
100
AcDbLine
 10
90.8500569999999925
 20
-98.4669039999999995
 30
0
 11
90.8024379999999951
 21
-98.4192850000000021
 31
0
  0
LINE
  5
43C
330
1B
100
AcDbEntity
  8
F.Silkscreen
  6
CONTINUOUS
100
AcDbLine
 10
90.8024379999999951
 20
-98.4192850000000021
 30
0
 11
90.7548189999999977
 21
-98.3240469999999931
 31
0
  0
LINE
  5
43D
330
1B
100
AcDbEntity
  8
F.Silkscreen
  6
CONTINUOUS
100
AcDbLine
 10
90.7548189999999977
 20
-98.3240469999999931
 30
0
 11
90.7548189999999977
 21
-98.0859519999999918
 31
0
  0
LINE
  5
43E
330
1B
100
AcDbEntity
  8
F.Silkscreen
  6
CONTINUOUS
100
AcDbLine
 10
90.7548189999999977
 20
-98.0859519999999918
 30
0
 11
90.8024379999999951
 21
-97.990713999999997
 31
0
  0
LINE
  5
43F
330
1B
100
AcDbEntity
  8
F.Silkscreen
  6
CONTINUOUS
100
AcDbLine
 10
90.8024379999999951
 20
-97.990713999999997
 30
0
 11
90.8500569999999925
 21
-97.9430949999999996
 31
0
  0
LINE
  5
440
330
1B
100
AcDbEntity
  8
F.Silkscreen
  6
CONTINUOUS
100
AcDbLine
 10
90.8500569999999925
 20
-97.9430949999999996
 30
0
 11
90.9452950000000016
 21
-97.8954760000000022
 31
0
  0
LINE
  5
441
330
1B
100
AcDbEntity
  8
F.Silkscreen
  6
CONTINUOUS
100
AcDbLine
 10
90.9452950000000016
 20
-97.8954760000000022
 30
0
 11
91.0405329999999964
 21
-97.8954760000000022
 31
0
  0
LINE
  5
442
330
1B
100
AcDbEntity
  8
F.Silkscreen
  6
CONTINUOUS
100
AcDbLine
 10
91.0405329999999964
 20
-97.8954760000000022
 30
0
 11
91.1833900000000028
 21
-97.9430949999999996
 31
0
  0
LINE
  5
443
330
1B
100
AcDbEntity
  8
F.Silkscreen
  6
CONTINUOUS
100
AcDbLine
 10
91.1833900000000028
 20
-97.9430949999999996
 30
0
 11
91.7548189999999977
 21
-98.514522999999997
 31
0
  0
LINE
  5
444
330
1B
100
AcDbEntity
  8
F.Silkscreen
  6
CONTINUOUS
100
AcDbLine
 10
91.7548189999999977
 20
-98.514522999999997
 30
0
 11
91.7548189999999977
 21
-97.8954760000000022
 31
0
  0
LINE
  5
445
330
1B
100
AcDbEntity
  8
F.Silkscreen
  6
CONTINUOUS
100
AcDbLine
 10
91.7548189999999977
 20
-96.9430949999999996
 30
0
 11
91.7548189999999977
 21
-97.514522999999997
 31
0
  0
LINE
  5
446
330
1B
100
AcDbEntity
  8
F.Silkscreen
  6
CONTINUOUS
100
AcDbLine
 10
91.7548189999999977
 20
-97.2288089999999983
 30
0
 11
90.7548189999999977
 21
-97.2288089999999983
 31
0
  0
LINE
  5
447
330
1B
100
AcDbEntity
  8
F.Silkscreen
  6
CONTINUOUS
100
AcDbLine
 10
90.7548189999999977
 20
-97.2288089999999983
 30
0
 11
90.8976759999999899
 21
-97.3240469999999931
 31
0
  0
LINE
  5
448
330
1B
100
AcDbEntity
  8
F.Silkscreen
  6
CONTINUOUS
100
AcDbLine
 10
90.8976759999999899
 20
-97.3240469999999931
 30
0
 11
90.992913999999999
 21
-97.4192850000000021
 31
0
  0
LINE
  5
449
330
1B
100
AcDbEntity
  8
F.Silkscreen
  6
CONTINUOUS
100
AcDbLine
 10
90.992913999999999
 20
-97.4192850000000021
 30
0
 11
91.0405329999999964
 21
-97.514522999999997
 31
0
  0
LINE
  5
44A
330
1B
100
AcDbEntity
  8
F.Silkscreen
  6
CONTINUOUS
100
AcDbLine
 10
68.9671419999999955
 20
-90.0645799999999923
 30
0
 11
68.9195229999999981
 21
-90.1122000000000014
 31
0
  0
LINE
  5
44B
330
1B
100
AcDbEntity
  8
F.Silkscreen
  6
CONTINUOUS
100
AcDbLine
 10
68.9195229999999981
 20
-90.1122000000000014
 30
0
 11
68.7766659999999916
 21
-90.1598189999999988
 31
0
  0
LINE
  5
44C
330
1B
100
AcDbEntity
  8
F.Silkscreen
  6
CONTINUOUS
100
AcDbLine
 10
68.7766659999999916
 20
-90.1598189999999988
 30
0
 11
68.6814279999999968
 21
-90.1598189999999988
 31
0
  0
LINE
  5
44D
330
1B
100
AcDbEntity
  8
F.Silkscreen
  6
CONTINUOUS
100
AcDbLine
 10
68.6814279999999968
 20
-90.1598189999999988
 30
0
 11
68.5385709999999904
 21
-90.1122000000000014
 31
0
  0
LINE
  5
44E
330
1B
100
AcDbEntity
  8
F.Silkscreen
  6
CONTINUOUS
100
AcDbLine
 10
68.5385709999999904
 20
-90.1122000000000014
 30
0
 11
68.4433329999999955
 21
-90.0169609999999949
 31
0
  0
LINE
  5
44F
330
1B
100
AcDbEntity
  8
F.Silkscreen
  6
CONTINUOUS
100
AcDbLine
 10
68.4433329999999955
 20
-90.0169609999999949
 30
0
 11
68.3957139999999981
 21
-89.9217230000000001
 31
0
  0
LINE
  5
450
330
1B
100
AcDbEntity
  8
F.Silkscreen
  6
CONTINUOUS
100
AcDbLine
 10
68.3957139999999981
 20
-89.9217230000000001
 30
0
 11
68.3480950000000007
 21
-89.7312469999999962
 31
0
  0
LINE
  5
451
330
1B
100
AcDbEntity
  8
F.Silkscreen
  6
CONTINUOUS
100
AcDbLine
 10
68.3480950000000007
 20
-89.7312469999999962
 30
0
 11
68.3480950000000007
 21
-89.5883899999999898
 31
0
  0
LINE
  5
452
330
1B
100
AcDbEntity
  8
F.Silkscreen
  6
CONTINUOUS
100
AcDbLine
 10
68.3480950000000007
 20
-89.5883899999999898
 30
0
 11
68.3957139999999981
 21
-89.3979140000000001
 31
0
  0
LINE
  5
453
330
1B
100
AcDbEntity
  8
F.Silkscreen
  6
CONTINUOUS
100
AcDbLine
 10
68.3957139999999981
 20
-89.3979140000000001
 30
0
 11
68.4433329999999955
 21
-89.3026759999999911
 31
0
  0
LINE
  5
454
330
1B
100
AcDbEntity
  8
F.Silkscreen
  6
CONTINUOUS
100
AcDbLine
 10
68.4433329999999955
 20
-89.3026759999999911
 30
0
 11
68.5385709999999904
 21
-89.2074379999999962
 31
0
  0
LINE
  5
455
330
1B
100
AcDbEntity
  8
F.Silkscreen
  6
CONTINUOUS
100
AcDbLine
 10
68.5385709999999904
 20
-89.2074379999999962
 30
0
 11
68.6814279999999968
 21
-89.1598189999999988
 31
0
  0
LINE
  5
456
330
1B
100
AcDbEntity
  8
F.Silkscreen
  6
CONTINUOUS
100
AcDbLine
 10
68.6814279999999968
 20
-89.1598189999999988
 30
0
 11
68.7766659999999916
 21
-89.1598189999999988
 31
0
  0
LINE
  5
457
330
1B
100
AcDbEntity
  8
F.Silkscreen
  6
CONTINUOUS
100
AcDbLine
 10
68.7766659999999916
 20
-89.1598189999999988
 30
0
 11
68.9195229999999981
 21
-89.2074379999999962
 31
0
  0
LINE
  5
458
330
1B
100
AcDbEntity
  8
F.Silkscreen
  6
CONTINUOUS
100
AcDbLine
 10
68.9195229999999981
 20
-89.2074379999999962
 30
0
 11
68.9671419999999955
 21
-89.2550569999999936
 31
0
  0
LINE
  5
459
330
1B
100
AcDbEntity
  8
F.Silkscreen
  6
CONTINUOUS
100
AcDbLine
 10
69.3480950000000007
 20
-89.2550569999999936
 30
0
 11
69.3957139999999981
 21
-89.2074379999999962
 31
0
  0
LINE
  5
45A
330
1B
100
AcDbEntity
  8
F.Silkscreen
  6
CONTINUOUS
100
AcDbLine
 10
69.3957139999999981
 20
-89.2074379999999962
 30
0
 11
69.4909519999999929
 21
-89.1598189999999988
 31
0
  0
LINE
  5
45B
330
1B
100
AcDbEntity
  8
F.Silkscreen
  6
CONTINUOUS
100
AcDbLine
 10
69.4909519999999929
 20
-89.1598189999999988
 30
0
 11
69.7290469999999942
 21
-89.1598189999999988
 31
0
  0
LINE
  5
45C
330
1B
100
AcDbEntity
  8
F.Silkscreen
  6
CONTINUOUS
100
AcDbLine
 10
69.7290469999999942
 20
-89.1598189999999988
 30
0
 11
69.8242850000000033
 21
-89.2074379999999962
 31
0
  0
LINE
  5
45D
330
1B
100
AcDbEntity
  8
F.Silkscreen
  6
CONTINUOUS
100
AcDbLine
 10
69.8242850000000033
 20
-89.2074379999999962
 30
0
 11
69.8719040000000007
 21
-89.2550569999999936
 31
0
  0
LINE
  5
45E
330
1B
100
AcDbEntity
  8
F.Silkscreen
  6
CONTINUOUS
100
AcDbLine
 10
69.8719040000000007
 20
-89.2550569999999936
 30
0
 11
69.9195229999999981
 21
-89.3502950000000027
 31
0
  0
LINE
  5
45F
330
1B
100
AcDbEntity
  8
F.Silkscreen
  6
CONTINUOUS
100
AcDbLine
 10
69.9195229999999981
 20
-89.3502950000000027
 30
0
 11
69.9195229999999981
 21
-89.4455329999999975
 31
0
  0
LINE
  5
460
330
1B
100
AcDbEntity
  8
F.Silkscreen
  6
CONTINUOUS
100
AcDbLine
 10
69.9195229999999981
 20
-89.4455329999999975
 30
0
 11
69.8719040000000007
 21
-89.5883899999999898
 31
0
  0
LINE
  5
461
330
1B
100
AcDbEntity
  8
F.Silkscreen
  6
CONTINUOUS
100
AcDbLine
 10
69.8719040000000007
 20
-89.5883899999999898
 30
0
 11
69.3004760000000033
 21
-90.1598189999999988
 31
0
  0
LINE
  5
462
330
1B
100
AcDbEntity
  8
F.Silkscreen
  6
CONTINUOUS
100
AcDbLine
 10
69.3004760000000033
 20
-90.1598189999999988
 30
0
 11
69.9195229999999981
 21
-90.1598189999999988
 31
0
  0
LINE
  5
463
330
1B
100
AcDbEntity
  8
F.Silkscreen
  6
CONTINUOUS
100
AcDbLine
 10
70.2528569999999917
 20
-89.1598189999999988
 30
0
 11
70.8719040000000007
 21
-89.1598189999999988
 31
0
  0
LINE
  5
464
330
1B
100
AcDbEntity
  8
F.Silkscreen
  6
CONTINUOUS
100
AcDbLine
 10
70.8719040000000007
 20
-89.1598189999999988
 30
0
 11
70.5385709999999904
 21
-89.5407709999999923
 31
0
  0
LINE
  5
465
330
1B
100
AcDbEntity
  8
F.Silkscreen
  6
CONTINUOUS
100
AcDbLine
 10
70.5385709999999904
 20
-89.5407709999999923
 30
0
 11
70.6814279999999968
 21
-89.5407709999999923
 31
0
  0
LINE
  5
466
330
1B
100
AcDbEntity
  8
F.Silkscreen
  6
CONTINUOUS
100
AcDbLine
 10
70.6814279999999968
 20
-89.5407709999999923
 30
0
 11
70.7766659999999916
 21
-89.5883899999999898
 31
0
  0
LINE
  5
467
330
1B
100
AcDbEntity
  8
F.Silkscreen
  6
CONTINUOUS
100
AcDbLine
 10
70.7766659999999916
 20
-89.5883899999999898
 30
0
 11
70.8242850000000033
 21
-89.6360090000000014
 31
0
  0
LINE
  5
468
330
1B
100
AcDbEntity
  8
F.Silkscreen
  6
CONTINUOUS
100
AcDbLine
 10
70.8242850000000033
 20
-89.6360090000000014
 30
0
 11
70.8719040000000007
 21
-89.7312469999999962
 31
0
  0
LINE
  5
469
330
1B
100
AcDbEntity
  8
F.Silkscreen
  6
CONTINUOUS
100
AcDbLine
 10
70.8719040000000007
 20
-89.7312469999999962
 30
0
 11
70.8719040000000007
 21
-89.9693419999999975
 31
0
  0
LINE
  5
46A
330
1B
100
AcDbEntity
  8
F.Silkscreen
  6
CONTINUOUS
100
AcDbLine
 10
70.8719040000000007
 20
-89.9693419999999975
 30
0
 11
70.8242850000000033
 21
-90.0645799999999923
 31
0
  0
LINE
  5
46B
330
1B
100
AcDbEntity
  8
F.Silkscreen
  6
CONTINUOUS
100
AcDbLine
 10
70.8242850000000033
 20
-90.0645799999999923
 30
0
 11
70.7766659999999916
 21
-90.1122000000000014
 31
0
  0
LINE
  5
46C
330
1B
100
AcDbEntity
  8
F.Silkscreen
  6
CONTINUOUS
100
AcDbLine
 10
70.7766659999999916
 20
-90.1122000000000014
 30
0
 11
70.6814279999999968
 21
-90.1598189999999988
 31
0
  0
LINE
  5
46D
330
1B
100
AcDbEntity
  8
F.Silkscreen
  6
CONTINUOUS
100
AcDbLine
 10
70.6814279999999968
 20
-90.1598189999999988
 30
0
 11
70.3957139999999981
 21
-90.1598189999999988
 31
0
  0
LINE
  5
46E
330
1B
100
AcDbEntity
  8
F.Silkscreen
  6
CONTINUOUS
100
AcDbLine
 10
70.3957139999999981
 20
-90.1598189999999988
 30
0
 11
70.3004760000000033
 21
-90.1122000000000014
 31
0
  0
LINE
  5
46F
330
1B
100
AcDbEntity
  8
F.Silkscreen
  6
CONTINUOUS
100
AcDbLine
 10
70.3004760000000033
 20
-90.1122000000000014
 30
0
 11
70.2528569999999917
 21
-90.0645799999999923
 31
0
  0
LINE
  5
470
330
1B
100
AcDbEntity
  8
F.Silkscreen
  6
CONTINUOUS
100
AcDbLine
 10
91.9671419999999955
 20
-42.0645799999999994
 30
0
 11
91.9195229999999981
 21
-42.1122000000000014
 31
0
  0
LINE
  5
471
330
1B
100
AcDbEntity
  8
F.Silkscreen
  6
CONTINUOUS
100
AcDbLine
 10
91.9195229999999981
 20
-42.1122000000000014
 30
0
 11
91.7766659999999916
 21
-42.1598189999999988
 31
0
  0
LINE
  5
472
330
1B
100
AcDbEntity
  8
F.Silkscreen
  6
CONTINUOUS
100
AcDbLine
 10
91.7766659999999916
 20
-42.1598189999999988
 30
0
 11
91.6814279999999968
 21
-42.1598189999999988
 31
0
  0
LINE
  5
473
330
1B
100
AcDbEntity
  8
F.Silkscreen
  6
CONTINUOUS
100
AcDbLine
 10
91.6814279999999968
 20
-42.1598189999999988
 30
0
 11
91.5385709999999904
 21
-42.1122000000000014
 31
0
  0
LINE
  5
474
330
1B
100
AcDbEntity
  8
F.Silkscreen
  6
CONTINUOUS
100
AcDbLine
 10
91.5385709999999904
 20
-42.1122000000000014
 30
0
 11
91.4433329999999955
 21
-42.0169609999999949
 31
0
  0
LINE
  5
475
330
1B
100
AcDbEntity
  8
F.Silkscreen
  6
CONTINUOUS
100
AcDbLine
 10
91.4433329999999955
 20
-42.0169609999999949
 30
0
 11
91.3957139999999981
 21
-41.9217230000000001
 31
0
  0
LINE
  5
476
330
1B
100
AcDbEntity
  8
F.Silkscreen
  6
CONTINUOUS
100
AcDbLine
 10
91.3957139999999981
 20
-41.9217230000000001
 30
0
 11
91.3480950000000007
 21
-41.7312469999999962
 31
0
  0
LINE
  5
477
330
1B
100
AcDbEntity
  8
F.Silkscreen
  6
CONTINUOUS
100
AcDbLine
 10
91.3480950000000007
 20
-41.7312469999999962
 30
0
 11
91.3480950000000007
 21
-41.5883899999999969
 31
0
  0
LINE
  5
478
330
1B
100
AcDbEntity
  8
F.Silkscreen
  6
CONTINUOUS
100
AcDbLine
 10
91.3480950000000007
 20
-41.5883899999999969
 30
0
 11
91.3957139999999981
 21
-41.3979140000000001
 31
0
  0
LINE
  5
479
330
1B
100
AcDbEntity
  8
F.Silkscreen
  6
CONTINUOUS
100
AcDbLine
 10
91.3957139999999981
 20
-41.3979140000000001
 30
0
 11
91.4433329999999955
 21
-41.3026759999999982
 31
0
  0
LINE
  5
47A
330
1B
100
AcDbEntity
  8
F.Silkscreen
  6
CONTINUOUS
100
AcDbLine
 10
91.4433329999999955
 20
-41.3026759999999982
 30
0
 11
91.5385709999999904
 21
-41.2074379999999962
 31
0
  0
LINE
  5
47B
330
1B
100
AcDbEntity
  8
F.Silkscreen
  6
CONTINUOUS
100
AcDbLine
 10
91.5385709999999904
 20
-41.2074379999999962
 30
0
 11
91.6814279999999968
 21
-41.1598189999999988
 31
0
  0
LINE
  5
47C
330
1B
100
AcDbEntity
  8
F.Silkscreen
  6
CONTINUOUS
100
AcDbLine
 10
91.6814279999999968
 20
-41.1598189999999988
 30
0
 11
91.7766659999999916
 21
-41.1598189999999988
 31
0
  0
LINE
  5
47D
330
1B
100
AcDbEntity
  8
F.Silkscreen
  6
CONTINUOUS
100
AcDbLine
 10
91.7766659999999916
 20
-41.1598189999999988
 30
0
 11
91.9195229999999981
 21
-41.2074379999999962
 31
0
  0
LINE
  5
47E
330
1B
100
AcDbEntity
  8
F.Silkscreen
  6
CONTINUOUS
100
AcDbLine
 10
91.9195229999999981
 20
-41.2074379999999962
 30
0
 11
91.9671419999999955
 21
-41.2550570000000008
 31
0
  0
LINE
  5
47F
330
1B
100
AcDbEntity
  8
F.Silkscreen
  6
CONTINUOUS
100
AcDbLine
 10
92.3480950000000007
 20
-41.2550570000000008
 30
0
 11
92.3957139999999981
 21
-41.2074379999999962
 31
0
  0
LINE
  5
480
330
1B
100
AcDbEntity
  8
F.Silkscreen
  6
CONTINUOUS
100
AcDbLine
 10
92.3957139999999981
 20
-41.2074379999999962
 30
0
 11
92.4909519999999929
 21
-41.1598189999999988
 31
0
  0
LINE
  5
481
330
1B
100
AcDbEntity
  8
F.Silkscreen
  6
CONTINUOUS
100
AcDbLine
 10
92.4909519999999929
 20
-41.1598189999999988
 30
0
 11
92.7290469999999942
 21
-41.1598189999999988
 31
0
  0
LINE
  5
482
330
1B
100
AcDbEntity
  8
F.Silkscreen
  6
CONTINUOUS
100
AcDbLine
 10
92.7290469999999942
 20
-41.1598189999999988
 30
0
 11
92.8242849999999891
 21
-41.2074379999999962
 31
0
  0
LINE
  5
483
330
1B
100
AcDbEntity
  8
F.Silkscreen
  6
CONTINUOUS
100
AcDbLine
 10
92.8242849999999891
 20
-41.2074379999999962
 30
0
 11
92.8719040000000007
 21
-41.2550570000000008
 31
0
  0
LINE
  5
484
330
1B
100
AcDbEntity
  8
F.Silkscreen
  6
CONTINUOUS
100
AcDbLine
 10
92.8719040000000007
 20
-41.2550570000000008
 30
0
 11
92.9195229999999981
 21
-41.3502949999999956
 31
0
  0
LINE
  5
485
330
1B
100
AcDbEntity
  8
F.Silkscreen
  6
CONTINUOUS
100
AcDbLine
 10
92.9195229999999981
 20
-41.3502949999999956
 30
0
 11
92.9195229999999981
 21
-41.4455329999999975
 31
0
  0
LINE
  5
486
330
1B
100
AcDbEntity
  8
F.Silkscreen
  6
CONTINUOUS
100
AcDbLine
 10
92.9195229999999981
 20
-41.4455329999999975
 30
0
 11
92.8719040000000007
 21
-41.5883899999999969
 31
0
  0
LINE
  5
487
330
1B
100
AcDbEntity
  8
F.Silkscreen
  6
CONTINUOUS
100
AcDbLine
 10
92.8719040000000007
 20
-41.5883899999999969
 30
0
 11
92.3004759999999891
 21
-42.1598189999999988
 31
0
  0
LINE
  5
488
330
1B
100
AcDbEntity
  8
F.Silkscreen
  6
CONTINUOUS
100
AcDbLine
 10
92.3004759999999891
 20
-42.1598189999999988
 30
0
 11
92.9195229999999981
 21
-42.1598189999999988
 31
0
  0
LINE
  5
489
330
1B
100
AcDbEntity
  8
F.Silkscreen
  6
CONTINUOUS
100
AcDbLine
 10
93.2528569999999917
 20
-41.1598189999999988
 30
0
 11
93.9195229999999981
 21
-41.1598189999999988
 31
0
  0
LINE
  5
48A
330
1B
100
AcDbEntity
  8
F.Silkscreen
  6
CONTINUOUS
100
AcDbLine
 10
93.9195229999999981
 20
-41.1598189999999988
 30
0
 11
93.4909519999999929
 21
-42.1598189999999988
 31
0
  0
LINE
  5
48B
330
1B
100
AcDbEntity
  8
F.Silkscreen
  6
CONTINUOUS
100
AcDbLine
 10
110.1748189999999994
 20
-99.014522999999997
 30
0
 11
110.889103999999989
 21
-99.014522999999997
 31
0
  0
LINE
  5
48C
330
1B
100
AcDbEntity
  8
F.Silkscreen
  6
CONTINUOUS
100
AcDbLine
 10
110.889103999999989
 20
-99.014522999999997
 30
0
 11
111.0319609999999955
 21
-99.0621419999999944
 31
0
  0
LINE
  5
48D
330
1B
100
AcDbEntity
  8
F.Silkscreen
  6
CONTINUOUS
100
AcDbLine
 10
111.0319609999999955
 20
-99.0621419999999944
 30
0
 11
111.127200000000002
 21
-99.1573799999999892
 31
0
  0
LINE
  5
48E
330
1B
100
AcDbEntity
  8
F.Silkscreen
  6
CONTINUOUS
100
AcDbLine
 10
111.127200000000002
 20
-99.1573799999999892
 30
0
 11
111.1748189999999994
 21
-99.3002369999999956
 31
0
  0
LINE
  5
48F
330
1B
100
AcDbEntity
  8
F.Silkscreen
  6
CONTINUOUS
100
AcDbLine
 10
111.1748189999999994
 20
-99.3002369999999956
 30
0
 11
111.1748189999999994
 21
-99.3954749999999905
 31
0
  0
LINE
  5
490
330
1B
100
AcDbEntity
  8
F.Silkscreen
  6
CONTINUOUS
100
AcDbLine
 10
110.2700569999999942
 20
-98.5859509999999943
 30
0
 11
110.2224379999999968
 21
-98.5383319999999969
 31
0
  0
LINE
  5
491
330
1B
100
AcDbEntity
  8
F.Silkscreen
  6
CONTINUOUS
100
AcDbLine
 10
110.2224379999999968
 20
-98.5383319999999969
 30
0
 11
110.1748189999999994
 21
-98.4430940000000021
 31
0
  0
LINE
  5
492
330
1B
100
AcDbEntity
  8
F.Silkscreen
  6
CONTINUOUS
100
AcDbLine
 10
110.1748189999999994
 20
-98.4430940000000021
 30
0
 11
110.1748189999999994
 21
-98.2049990000000008
 31
0
  0
LINE
  5
493
330
1B
100
AcDbEntity
  8
F.Silkscreen
  6
CONTINUOUS
100
AcDbLine
 10
110.1748189999999994
 20
-98.2049990000000008
 30
0
 11
110.2224379999999968
 21
-98.1097609999999918
 31
0
  0
LINE
  5
494
330
1B
100
AcDbEntity
  8
F.Silkscreen
  6
CONTINUOUS
100
AcDbLine
 10
110.2224379999999968
 20
-98.1097609999999918
 30
0
 11
110.2700569999999942
 21
-98.0621419999999944
 31
0
  0
LINE
  5
495
330
1B
100
AcDbEntity
  8
F.Silkscreen
  6
CONTINUOUS
100
AcDbLine
 10
110.2700569999999942
 20
-98.0621419999999944
 30
0
 11
110.365294999999989
 21
-98.014522999999997
 31
0
  0
LINE
  5
496
330
1B
100
AcDbEntity
  8
F.Silkscreen
  6
CONTINUOUS
100
AcDbLine
 10
110.365294999999989
 20
-98.014522999999997
 30
0
 11
110.4605329999999981
 21
-98.014522999999997
 31
0
  0
LINE
  5
497
330
1B
100
AcDbEntity
  8
F.Silkscreen
  6
CONTINUOUS
100
AcDbLine
 10
110.4605329999999981
 20
-98.014522999999997
 30
0
 11
110.6033899999999903
 21
-98.0621419999999944
 31
0
  0
LINE
  5
498
330
1B
100
AcDbEntity
  8
F.Silkscreen
  6
CONTINUOUS
100
AcDbLine
 10
110.6033899999999903
 20
-98.0621419999999944
 30
0
 11
111.1748189999999994
 21
-98.6335699999999918
 31
0
  0
LINE
  5
499
330
1B
100
AcDbEntity
  8
F.Silkscreen
  6
CONTINUOUS
100
AcDbLine
 10
111.1748189999999994
 20
-98.6335699999999918
 30
0
 11
111.1748189999999994
 21
-98.014522999999997
 31
0
  0
LINE
  5
49A
330
1B
100
AcDbEntity
  8
F.Silkscreen
  6
CONTINUOUS
100
AcDbLine
 10
110.1748189999999994
 20
-97.3954749999999905
 30
0
 11
110.1748189999999994
 21
-97.3002369999999956
 31
0
  0
LINE
  5
49B
330
1B
100
AcDbEntity
  8
F.Silkscreen
  6
CONTINUOUS
100
AcDbLine
 10
110.1748189999999994
 20
-97.3002369999999956
 30
0
 11
110.2224379999999968
 21
-97.2049990000000008
 31
0
  0
LINE
  5
49C
330
1B
100
AcDbEntity
  8
F.Silkscreen
  6
CONTINUOUS
100
AcDbLine
 10
110.2224379999999968
 20
-97.2049990000000008
 30
0
 11
110.2700569999999942
 21
-97.1573799999999892
 31
0
  0
LINE
  5
49D
330
1B
100
AcDbEntity
  8
F.Silkscreen
  6
CONTINUOUS
100
AcDbLine
 10
110.2700569999999942
 20
-97.1573799999999892
 30
0
 11
110.365294999999989
 21
-97.1097609999999918
 31
0
  0
LINE
  5
49E
330
1B
100
AcDbEntity
  8
F.Silkscreen
  6
CONTINUOUS
100
AcDbLine
 10
110.365294999999989
 20
-97.1097609999999918
 30
0
 11
110.5557709999999929
 21
-97.0621419999999944
 31
0
  0
LINE
  5
49F
330
1B
100
AcDbEntity
  8
F.Silkscreen
  6
CONTINUOUS
100
AcDbLine
 10
110.5557709999999929
 20
-97.0621419999999944
 30
0
 11
110.7938659999999942
 21
-97.0621419999999944
 31
0
  0
LINE
  5
4A0
330
1B
100
AcDbEntity
  8
F.Silkscreen
  6
CONTINUOUS
100
AcDbLine
 10
110.7938659999999942
 20
-97.0621419999999944
 30
0
 11
110.9843419999999981
 21
-97.1097609999999918
 31
0
  0
LINE
  5
4A1
330
1B
100
AcDbEntity
  8
F.Silkscreen
  6
CONTINUOUS
100
AcDbLine
 10
110.9843419999999981
 20
-97.1097609999999918
 30
0
 11
111.0795799999999929
 21
-97.1573799999999892
 31
0
  0
LINE
  5
4A2
330
1B
100
AcDbEntity
  8
F.Silkscreen
  6
CONTINUOUS
100
AcDbLine
 10
111.0795799999999929
 20
-97.1573799999999892
 30
0
 11
111.127200000000002
 21
-97.2049990000000008
 31
0
  0
LINE
  5
4A3
330
1B
100
AcDbEntity
  8
F.Silkscreen
  6
CONTINUOUS
100
AcDbLine
 10
111.127200000000002
 20
-97.2049990000000008
 30
0
 11
111.1748189999999994
 21
-97.3002369999999956
 31
0
  0
LINE
  5
4A4
330
1B
100
AcDbEntity
  8
F.Silkscreen
  6
CONTINUOUS
100
AcDbLine
 10
111.1748189999999994
 20
-97.3002369999999956
 30
0
 11
111.1748189999999994
 21
-97.3954749999999905
 31
0
  0
LINE
  5
4A5
330
1B
100
AcDbEntity
  8
F.Silkscreen
  6
CONTINUOUS
100
AcDbLine
 10
111.1748189999999994
 20
-97.3954749999999905
 30
0
 11
111.127200000000002
 21
-97.4907129999999995
 31
0
  0
LINE
  5
4A6
330
1B
100
AcDbEntity
  8
F.Silkscreen
  6
CONTINUOUS
100
AcDbLine
 10
111.127200000000002
 20
-97.4907129999999995
 30
0
 11
111.0795799999999929
 21
-97.5383319999999969
 31
0
  0
LINE
  5
4A7
330
1B
100
AcDbEntity
  8
F.Silkscreen
  6
CONTINUOUS
100
AcDbLine
 10
111.0795799999999929
 20
-97.5383319999999969
 30
0
 11
110.9843419999999981
 21
-97.5859509999999943
 31
0
  0
LINE
  5
4A8
330
1B
100
AcDbEntity
  8
F.Silkscreen
  6
CONTINUOUS
100
AcDbLine
 10
110.9843419999999981
 20
-97.5859509999999943
 30
0
 11
110.7938659999999942
 21
-97.6335699999999918
 31
0
  0
LINE
  5
4A9
330
1B
100
AcDbEntity
  8
F.Silkscreen
  6
CONTINUOUS
100
AcDbLine
 10
110.7938659999999942
 20
-97.6335699999999918
 30
0
 11
110.5557709999999929
 21
-97.6335699999999918
 31
0
  0
LINE
  5
4AA
330
1B
100
AcDbEntity
  8
F.Silkscreen
  6
CONTINUOUS
100
AcDbLine
 10
110.5557709999999929
 20
-97.6335699999999918
 30
0
 11
110.365294999999989
 21
-97.5859509999999943
 31
0
  0
LINE
  5
4AB
330
1B
100
AcDbEntity
  8
F.Silkscreen
  6
CONTINUOUS
100
AcDbLine
 10
110.365294999999989
 20
-97.5859509999999943
 30
0
 11
110.2700569999999942
 21
-97.5383319999999969
 31
0
  0
LINE
  5
4AC
330
1B
100
AcDbEntity
  8
F.Silkscreen
  6
CONTINUOUS
100
AcDbLine
 10
110.2700569999999942
 20
-97.5383319999999969
 30
0
 11
110.2224379999999968
 21
-97.4907129999999995
 31
0
  0
LINE
  5
4AD
330
1B
100
AcDbEntity
  8
F.Silkscreen
  6
CONTINUOUS
100
AcDbLine
 10
110.2224379999999968
 20
-97.4907129999999995
 30
0
 11
110.1748189999999994
 21
-97.3954749999999905
 31
0
  0
LINE
  5
4AE
330
1B
100
AcDbEntity
  8
F.Silkscreen
  6
CONTINUOUS
100
AcDbLine
 10
70.9471419999999995
 20
-59.859579999999994
 30
0
 11
70.8995230000000021
 21
-59.907199999999996
 31
0
  0
LINE
  5
4AF
330
1B
100
AcDbEntity
  8
F.Silkscreen
  6
CONTINUOUS
100
AcDbLine
 10
70.8995230000000021
 20
-59.907199999999996
 30
0
 11
70.7566659999999956
 21
-59.9548190000000005
 31
0
  0
LINE
  5
4B0
330
1B
100
AcDbEntity
  8
F.Silkscreen
  6
CONTINUOUS
100
AcDbLine
 10
70.7566659999999956
 20
-59.9548190000000005
 30
0
 11
70.6614280000000008
 21
-59.9548190000000005
 31
0
  0
LINE
  5
4B1
330
1B
100
AcDbEntity
  8
F.Silkscreen
  6
CONTINUOUS
100
AcDbLine
 10
70.6614280000000008
 20
-59.9548190000000005
 30
0
 11
70.5185709999999943
 21
-59.907199999999996
 31
0
  0
LINE
  5
4B2
330
1B
100
AcDbEntity
  8
F.Silkscreen
  6
CONTINUOUS
100
AcDbLine
 10
70.5185709999999943
 20
-59.907199999999996
 30
0
 11
70.4233329999999995
 21
-59.8119609999999966
 31
0
  0
LINE
  5
4B3
330
1B
100
AcDbEntity
  8
F.Silkscreen
  6
CONTINUOUS
100
AcDbLine
 10
70.4233329999999995
 20
-59.8119609999999966
 30
0
 11
70.3757140000000021
 21
-59.7167229999999947
 31
0
  0
LINE
  5
4B4
330
1B
100
AcDbEntity
  8
F.Silkscreen
  6
CONTINUOUS
100
AcDbLine
 10
70.3757140000000021
 20
-59.7167229999999947
 30
0
 11
70.3280949999999905
 21
-59.5262469999999979
 31
0
  0
LINE
  5
4B5
330
1B
100
AcDbEntity
  8
F.Silkscreen
  6
CONTINUOUS
100
AcDbLine
 10
70.3280949999999905
 20
-59.5262469999999979
 30
0
 11
70.3280949999999905
 21
-59.3833899999999986
 31
0
  0
LINE
  5
4B6
330
1B
100
AcDbEntity
  8
F.Silkscreen
  6
CONTINUOUS
100
AcDbLine
 10
70.3280949999999905
 20
-59.3833899999999986
 30
0
 11
70.3757140000000021
 21
-59.1929139999999947
 31
0
  0
LINE
  5
4B7
330
1B
100
AcDbEntity
  8
F.Silkscreen
  6
CONTINUOUS
100
AcDbLine
 10
70.3757140000000021
 20
-59.1929139999999947
 30
0
 11
70.4233329999999995
 21
-59.0976759999999999
 31
0
  0
LINE
  5
4B8
330
1B
100
AcDbEntity
  8
F.Silkscreen
  6
CONTINUOUS
100
AcDbLine
 10
70.4233329999999995
 20
-59.0976759999999999
 30
0
 11
70.5185709999999943
 21
-59.0024379999999979
 31
0
  0
LINE
  5
4B9
330
1B
100
AcDbEntity
  8
F.Silkscreen
  6
CONTINUOUS
100
AcDbLine
 10
70.5185709999999943
 20
-59.0024379999999979
 30
0
 11
70.6614280000000008
 21
-58.9548190000000005
 31
0
  0
LINE
  5
4BA
330
1B
100
AcDbEntity
  8
F.Silkscreen
  6
CONTINUOUS
100
AcDbLine
 10
70.6614280000000008
 20
-58.9548190000000005
 30
0
 11
70.7566659999999956
 21
-58.9548190000000005
 31
0
  0
LINE
  5
4BB
330
1B
100
AcDbEntity
  8
F.Silkscreen
  6
CONTINUOUS
100
AcDbLine
 10
70.7566659999999956
 20
-58.9548190000000005
 30
0
 11
70.8995230000000021
 21
-59.0024379999999979
 31
0
  0
LINE
  5
4BC
330
1B
100
AcDbEntity
  8
F.Silkscreen
  6
CONTINUOUS
100
AcDbLine
 10
70.8995230000000021
 20
-59.0024379999999979
 30
0
 11
70.9471419999999995
 21
-59.0500569999999954
 31
0
  0
LINE
  5
4BD
330
1B
100
AcDbEntity
  8
F.Silkscreen
  6
CONTINUOUS
100
AcDbLine
 10
71.3280949999999905
 20
-59.0500569999999954
 30
0
 11
71.3757140000000021
 21
-59.0024379999999979
 31
0
  0
LINE
  5
4BE
330
1B
100
AcDbEntity
  8
F.Silkscreen
  6
CONTINUOUS
100
AcDbLine
 10
71.3757140000000021
 20
-59.0024379999999979
 30
0
 11
71.4709519999999969
 21
-58.9548190000000005
 31
0
  0
LINE
  5
4BF
330
1B
100
AcDbEntity
  8
F.Silkscreen
  6
CONTINUOUS
100
AcDbLine
 10
71.4709519999999969
 20
-58.9548190000000005
 30
0
 11
71.7090469999999982
 21
-58.9548190000000005
 31
0
  0
LINE
  5
4C0
330
1B
100
AcDbEntity
  8
F.Silkscreen
  6
CONTINUOUS
100
AcDbLine
 10
71.7090469999999982
 20
-58.9548190000000005
 30
0
 11
71.804284999999993
 21
-59.0024379999999979
 31
0
  0
LINE
  5
4C1
330
1B
100
AcDbEntity
  8
F.Silkscreen
  6
CONTINUOUS
100
AcDbLine
 10
71.804284999999993
 20
-59.0024379999999979
 30
0
 11
71.8519039999999904
 21
-59.0500569999999954
 31
0
  0
LINE
  5
4C2
330
1B
100
AcDbEntity
  8
F.Silkscreen
  6
CONTINUOUS
100
AcDbLine
 10
71.8519039999999904
 20
-59.0500569999999954
 30
0
 11
71.8995230000000021
 21
-59.1452949999999973
 31
0
  0
LINE
  5
4C3
330
1B
100
AcDbEntity
  8
F.Silkscreen
  6
CONTINUOUS
100
AcDbLine
 10
71.8995230000000021
 20
-59.1452949999999973
 30
0
 11
71.8995230000000021
 21
-59.2405329999999992
 31
0
  0
LINE
  5
4C4
330
1B
100
AcDbEntity
  8
F.Silkscreen
  6
CONTINUOUS
100
AcDbLine
 10
71.8995230000000021
 20
-59.2405329999999992
 30
0
 11
71.8519039999999904
 21
-59.3833899999999986
 31
0
  0
LINE
  5
4C5
330
1B
100
AcDbEntity
  8
F.Silkscreen
  6
CONTINUOUS
100
AcDbLine
 10
71.8519039999999904
 20
-59.3833899999999986
 30
0
 11
71.2804759999999931
 21
-59.9548190000000005
 31
0
  0
LINE
  5
4C6
330
1B
100
AcDbEntity
  8
F.Silkscreen
  6
CONTINUOUS
100
AcDbLine
 10
71.2804759999999931
 20
-59.9548190000000005
 30
0
 11
71.8995230000000021
 21
-59.9548190000000005
 31
0
  0
LINE
  5
4C7
330
1B
100
AcDbEntity
  8
F.Silkscreen
  6
CONTINUOUS
100
AcDbLine
 10
72.7566659999999956
 20
-59.2881519999999966
 30
0
 11
72.7566659999999956
 21
-59.9548190000000005
 31
0
  0
LINE
  5
4C8
330
1B
100
AcDbEntity
  8
F.Silkscreen
  6
CONTINUOUS
100
AcDbLine
 10
72.5185709999999943
 20
-58.907199999999996
 30
0
 11
72.2804759999999931
 21
-59.6214849999999998
 31
0
  0
LINE
  5
4C9
330
1B
100
AcDbEntity
  8
F.Silkscreen
  6
CONTINUOUS
100
AcDbLine
 10
72.2804759999999931
 20
-59.6214849999999998
 30
0
 11
72.8995230000000021
 21
-59.6214849999999998
 31
0
  0
LINE
  5
4CA
330
1B
100
AcDbEntity
  8
F.Silkscreen
  6
CONTINUOUS
100
AcDbLine
 10
68.9471419999999995
 20
-70.6848189999999903
 30
0
 11
68.6138090000000034
 21
-70.2086279999999903
 31
0
  0
LINE
  5
4CB
330
1B
100
AcDbEntity
  8
F.Silkscreen
  6
CONTINUOUS
100
AcDbLine
 10
68.3757140000000021
 20
-70.6848189999999903
 30
0
 11
68.3757140000000021
 21
-69.6848189999999903
 31
0
  0
LINE
  5
4CC
330
1B
100
AcDbEntity
  8
F.Silkscreen
  6
CONTINUOUS
100
AcDbLine
 10
68.3757140000000021
 20
-69.6848189999999903
 30
0
 11
68.7566659999999956
 21
-69.6848189999999903
 31
0
  0
LINE
  5
4CD
330
1B
100
AcDbEntity
  8
F.Silkscreen
  6
CONTINUOUS
100
AcDbLine
 10
68.7566659999999956
 20
-69.6848189999999903
 30
0
 11
68.8519039999999904
 21
-69.7324380000000019
 31
0
  0
LINE
  5
4CE
330
1B
100
AcDbEntity
  8
F.Silkscreen
  6
CONTINUOUS
100
AcDbLine
 10
68.8519039999999904
 20
-69.7324380000000019
 30
0
 11
68.8995230000000021
 21
-69.7800569999999993
 31
0
  0
LINE
  5
4CF
330
1B
100
AcDbEntity
  8
F.Silkscreen
  6
CONTINUOUS
100
AcDbLine
 10
68.8995230000000021
 20
-69.7800569999999993
 30
0
 11
68.9471419999999995
 21
-69.8752949999999942
 31
0
  0
LINE
  5
4D0
330
1B
100
AcDbEntity
  8
F.Silkscreen
  6
CONTINUOUS
100
AcDbLine
 10
68.9471419999999995
 20
-69.8752949999999942
 30
0
 11
68.9471419999999995
 21
-70.0181520000000006
 31
0
  0
LINE
  5
4D1
330
1B
100
AcDbEntity
  8
F.Silkscreen
  6
CONTINUOUS
100
AcDbLine
 10
68.9471419999999995
 20
-70.0181520000000006
 30
0
 11
68.8995230000000021
 21
-70.1133899999999954
 31
0
  0
LINE
  5
4D2
330
1B
100
AcDbEntity
  8
F.Silkscreen
  6
CONTINUOUS
100
AcDbLine
 10
68.8995230000000021
 20
-70.1133899999999954
 30
0
 11
68.8519039999999904
 21
-70.1610089999999929
 31
0
  0
LINE
  5
4D3
330
1B
100
AcDbEntity
  8
F.Silkscreen
  6
CONTINUOUS
100
AcDbLine
 10
68.8519039999999904
 20
-70.1610089999999929
 30
0
 11
68.7566659999999956
 21
-70.2086279999999903
 31
0
  0
LINE
  5
4D4
330
1B
100
AcDbEntity
  8
F.Silkscreen
  6
CONTINUOUS
100
AcDbLine
 10
68.7566659999999956
 20
-70.2086279999999903
 30
0
 11
68.3757140000000021
 21
-70.2086279999999903
 31
0
  0
LINE
  5
4D5
330
1B
100
AcDbEntity
  8
F.Silkscreen
  6
CONTINUOUS
100
AcDbLine
 10
69.3280949999999905
 20
-69.7800569999999993
 30
0
 11
69.3757140000000021
 21
-69.7324380000000019
 31
0
  0
LINE
  5
4D6
330
1B
100
AcDbEntity
  8
F.Silkscreen
  6
CONTINUOUS
100
AcDbLine
 10
69.3757140000000021
 20
-69.7324380000000019
 30
0
 11
69.4709519999999969
 21
-69.6848189999999903
 31
0
  0
LINE
  5
4D7
330
1B
100
AcDbEntity
  8
F.Silkscreen
  6
CONTINUOUS
100
AcDbLine
 10
69.4709519999999969
 20
-69.6848189999999903
 30
0
 11
69.7090469999999982
 21
-69.6848189999999903
 31
0
  0
LINE
  5
4D8
330
1B
100
AcDbEntity
  8
F.Silkscreen
  6
CONTINUOUS
100
AcDbLine
 10
69.7090469999999982
 20
-69.6848189999999903
 30
0
 11
69.804284999999993
 21
-69.7324380000000019
 31
0
  0
LINE
  5
4D9
330
1B
100
AcDbEntity
  8
F.Silkscreen
  6
CONTINUOUS
100
AcDbLine
 10
69.804284999999993
 20
-69.7324380000000019
 30
0
 11
69.8519039999999904
 21
-69.7800569999999993
 31
0
  0
LINE
  5
4DA
330
1B
100
AcDbEntity
  8
F.Silkscreen
  6
CONTINUOUS
100
AcDbLine
 10
69.8519039999999904
 20
-69.7800569999999993
 30
0
 11
69.8995230000000021
 21
-69.8752949999999942
 31
0
  0
LINE
  5
4DB
330
1B
100
AcDbEntity
  8
F.Silkscreen
  6
CONTINUOUS
100
AcDbLine
 10
69.8995230000000021
 20
-69.8752949999999942
 30
0
 11
69.8995230000000021
 21
-69.9705330000000032
 31
0
  0
LINE
  5
4DC
330
1B
100
AcDbEntity
  8
F.Silkscreen
  6
CONTINUOUS
100
AcDbLine
 10
69.8995230000000021
 20
-69.9705330000000032
 30
0
 11
69.8519039999999904
 21
-70.1133899999999954
 31
0
  0
LINE
  5
4DD
330
1B
100
AcDbEntity
  8
F.Silkscreen
  6
CONTINUOUS
100
AcDbLine
 10
69.8519039999999904
 20
-70.1133899999999954
 30
0
 11
69.2804759999999931
 21
-70.6848189999999903
 31
0
  0
LINE
  5
4DE
330
1B
100
AcDbEntity
  8
F.Silkscreen
  6
CONTINUOUS
100
AcDbLine
 10
69.2804759999999931
 20
-70.6848189999999903
 30
0
 11
69.8995230000000021
 21
-70.6848189999999903
 31
0
  0
LINE
  5
4DF
330
1B
100
AcDbEntity
  8
F.Silkscreen
  6
CONTINUOUS
100
AcDbLine
 10
70.3757140000000021
 20
-70.6848189999999903
 30
0
 11
70.5661899999999918
 21
-70.6848189999999903
 31
0
  0
LINE
  5
4E0
330
1B
100
AcDbEntity
  8
F.Silkscreen
  6
CONTINUOUS
100
AcDbLine
 10
70.5661899999999918
 20
-70.6848189999999903
 30
0
 11
70.6614280000000008
 21
-70.6371999999999929
 31
0
  0
LINE
  5
4E1
330
1B
100
AcDbEntity
  8
F.Silkscreen
  6
CONTINUOUS
100
AcDbLine
 10
70.6614280000000008
 20
-70.6371999999999929
 30
0
 11
70.7090469999999982
 21
-70.589579999999998
 31
0
  0
LINE
  5
4E2
330
1B
100
AcDbEntity
  8
F.Silkscreen
  6
CONTINUOUS
100
AcDbLine
 10
70.7090469999999982
 20
-70.589579999999998
 30
0
 11
70.804284999999993
 21
-70.4467229999999915
 31
0
  0
LINE
  5
4E3
330
1B
100
AcDbEntity
  8
F.Silkscreen
  6
CONTINUOUS
100
AcDbLine
 10
70.804284999999993
 20
-70.4467229999999915
 30
0
 11
70.8519039999999904
 21
-70.2562470000000019
 31
0
  0
LINE
  5
4E4
330
1B
100
AcDbEntity
  8
F.Silkscreen
  6
CONTINUOUS
100
AcDbLine
 10
70.8519039999999904
 20
-70.2562470000000019
 30
0
 11
70.8519039999999904
 21
-69.8752949999999942
 31
0
  0
LINE
  5
4E5
330
1B
100
AcDbEntity
  8
F.Silkscreen
  6
CONTINUOUS
100
AcDbLine
 10
70.8519039999999904
 20
-69.8752949999999942
 30
0
 11
70.804284999999993
 21
-69.7800569999999993
 31
0
  0
LINE
  5
4E6
330
1B
100
AcDbEntity
  8
F.Silkscreen
  6
CONTINUOUS
100
AcDbLine
 10
70.804284999999993
 20
-69.7800569999999993
 30
0
 11
70.7566659999999956
 21
-69.7324380000000019
 31
0
  0
LINE
  5
4E7
330
1B
100
AcDbEntity
  8
F.Silkscreen
  6
CONTINUOUS
100
AcDbLine
 10
70.7566659999999956
 20
-69.7324380000000019
 30
0
 11
70.6614280000000008
 21
-69.6848189999999903
 31
0
  0
LINE
  5
4E8
330
1B
100
AcDbEntity
  8
F.Silkscreen
  6
CONTINUOUS
100
AcDbLine
 10
70.6614280000000008
 20
-69.6848189999999903
 30
0
 11
70.4709519999999969
 21
-69.6848189999999903
 31
0
  0
LINE
  5
4E9
330
1B
100
AcDbEntity
  8
F.Silkscreen
  6
CONTINUOUS
100
AcDbLine
 10
70.4709519999999969
 20
-69.6848189999999903
 30
0
 11
70.3757140000000021
 21
-69.7324380000000019
 31
0
  0
LINE
  5
4EA
330
1B
100
AcDbEntity
  8
F.Silkscreen
  6
CONTINUOUS
100
AcDbLine
 10
70.3757140000000021
 20
-69.7324380000000019
 30
0
 11
70.3280949999999905
 21
-69.7800569999999993
 31
0
  0
LINE
  5
4EB
330
1B
100
AcDbEntity
  8
F.Silkscreen
  6
CONTINUOUS
100
AcDbLine
 10
70.3280949999999905
 20
-69.7800569999999993
 30
0
 11
70.2804759999999931
 21
-69.8752949999999942
 31
0
  0
LINE
  5
4EC
330
1B
100
AcDbEntity
  8
F.Silkscreen
  6
CONTINUOUS
100
AcDbLine
 10
70.2804759999999931
 20
-69.8752949999999942
 30
0
 11
70.2804759999999931
 21
-70.1133899999999954
 31
0
  0
LINE
  5
4ED
330
1B
100
AcDbEntity
  8
F.Silkscreen
  6
CONTINUOUS
100
AcDbLine
 10
70.2804759999999931
 20
-70.1133899999999954
 30
0
 11
70.3280949999999905
 21
-70.2086279999999903
 31
0
  0
LINE
  5
4EE
330
1B
100
AcDbEntity
  8
F.Silkscreen
  6
CONTINUOUS
100
AcDbLine
 10
70.3280949999999905
 20
-70.2086279999999903
 30
0
 11
70.3757140000000021
 21
-70.2562470000000019
 31
0
  0
LINE
  5
4EF
330
1B
100
AcDbEntity
  8
F.Silkscreen
  6
CONTINUOUS
100
AcDbLine
 10
70.3757140000000021
 20
-70.2562470000000019
 30
0
 11
70.4709519999999969
 21
-70.3038659999999993
 31
0
  0
LINE
  5
4F0
330
1B
100
AcDbEntity
  8
F.Silkscreen
  6
CONTINUOUS
100
AcDbLine
 10
70.4709519999999969
 20
-70.3038659999999993
 30
0
 11
70.6614280000000008
 21
-70.3038659999999993
 31
0
  0
LINE
  5
4F1
330
1B
100
AcDbEntity
  8
F.Silkscreen
  6
CONTINUOUS
100
AcDbLine
 10
70.6614280000000008
 20
-70.3038659999999993
 30
0
 11
70.7566659999999956
 21
-70.2562470000000019
 31
0
  0
LINE
  5
4F2
330
1B
100
AcDbEntity
  8
F.Silkscreen
  6
CONTINUOUS
100
AcDbLine
 10
70.7566659999999956
 20
-70.2562470000000019
 30
0
 11
70.804284999999993
 21
-70.2086279999999903
 31
0
  0
LINE
  5
4F3
330
1B
100
AcDbEntity
  8
F.Silkscreen
  6
CONTINUOUS
100
AcDbLine
 10
70.804284999999993
 20
-70.2086279999999903
 30
0
 11
70.8519039999999904
 21
-70.1133899999999954
 31
0
  0
LINE
  5
4F4
330
1B
100
AcDbEntity
  8
F.Silkscreen
  6
CONTINUOUS
100
AcDbLine
 10
25.2380949999999977
 20
-110.3048189999999948
 30
0
 11
25.2380949999999977
 21
-109.3048189999999948
 31
0
  0
LINE
  5
4F5
330
1B
100
AcDbEntity
  8
F.Silkscreen
  6
CONTINUOUS
100
AcDbLine
 10
25.2380949999999977
 20
-109.7810089999999974
 30
0
 11
25.8095229999999987
 21
-109.7810089999999974
 31
0
  0
LINE
  5
4F6
330
1B
100
AcDbEntity
  8
F.Silkscreen
  6
CONTINUOUS
100
AcDbLine
 10
25.8095229999999987
 20
-110.3048189999999948
 30
0
 11
25.8095229999999987
 21
-109.3048189999999948
 31
0
  0
LINE
  5
4F7
330
1B
100
AcDbEntity
  8
F.Silkscreen
  6
CONTINUOUS
100
AcDbLine
 10
26.1904760000000003
 20
-109.3048189999999948
 30
0
 11
26.8095229999999987
 21
-109.3048189999999948
 31
0
  0
LINE
  5
4F8
330
1B
100
AcDbEntity
  8
F.Silkscreen
  6
CONTINUOUS
100
AcDbLine
 10
26.8095229999999987
 20
-109.3048189999999948
 30
0
 11
26.476189999999999
 21
-109.6857709999999884
 31
0
  0
LINE
  5
4F9
330
1B
100
AcDbEntity
  8
F.Silkscreen
  6
CONTINUOUS
100
AcDbLine
 10
26.476189999999999
 20
-109.6857709999999884
 30
0
 11
26.6190469999999983
 21
-109.6857709999999884
 31
0
  0
LINE
  5
4FA
330
1B
100
AcDbEntity
  8
F.Silkscreen
  6
CONTINUOUS
100
AcDbLine
 10
26.6190469999999983
 20
-109.6857709999999884
 30
0
 11
26.7142850000000003
 21
-109.73339
 31
0
  0
LINE
  5
4FB
330
1B
100
AcDbEntity
  8
F.Silkscreen
  6
CONTINUOUS
100
AcDbLine
 10
26.7142850000000003
 20
-109.73339
 30
0
 11
26.7619039999999977
 21
-109.7810089999999974
 31
0
  0
LINE
  5
4FC
330
1B
100
AcDbEntity
  8
F.Silkscreen
  6
CONTINUOUS
100
AcDbLine
 10
26.7619039999999977
 20
-109.7810089999999974
 30
0
 11
26.8095229999999987
 21
-109.8762469999999922
 31
0
  0
LINE
  5
4FD
330
1B
100
AcDbEntity
  8
F.Silkscreen
  6
CONTINUOUS
100
AcDbLine
 10
26.8095229999999987
 20
-109.8762469999999922
 30
0
 11
26.8095229999999987
 21
-110.1143419999999935
 31
0
  0
LINE
  5
4FE
330
1B
100
AcDbEntity
  8
F.Silkscreen
  6
CONTINUOUS
100
AcDbLine
 10
26.8095229999999987
 20
-110.1143419999999935
 30
0
 11
26.7619039999999977
 21
-110.2095799999999883
 31
0
  0
LINE
  5
4FF
330
1B
100
AcDbEntity
  8
F.Silkscreen
  6
CONTINUOUS
100
AcDbLine
 10
26.7619039999999977
 20
-110.2095799999999883
 30
0
 11
26.7142850000000003
 21
-110.2571999999999974
 31
0
  0
LINE
  5
500
330
1B
100
AcDbEntity
  8
F.Silkscreen
  6
CONTINUOUS
100
AcDbLine
 10
26.7142850000000003
 20
-110.2571999999999974
 30
0
 11
26.6190469999999983
 21
-110.3048189999999948
 31
0
  0
LINE
  5
501
330
1B
100
AcDbEntity
  8
F.Silkscreen
  6
CONTINUOUS
100
AcDbLine
 10
26.6190469999999983
 20
-110.3048189999999948
 30
0
 11
26.3333329999999997
 21
-110.3048189999999948
 31
0
  0
LINE
  5
502
330
1B
100
AcDbEntity
  8
F.Silkscreen
  6
CONTINUOUS
100
AcDbLine
 10
26.3333329999999997
 20
-110.3048189999999948
 30
0
 11
26.2380949999999977
 21
-110.2571999999999974
 31
0
  0
LINE
  5
503
330
1B
100
AcDbEntity
  8
F.Silkscreen
  6
CONTINUOUS
100
AcDbLine
 10
26.2380949999999977
 20
-110.2571999999999974
 30
0
 11
26.1904760000000003
 21
-110.2095799999999883
 31
0
  0
LINE
  5
504
330
1B
100
AcDbEntity
  8
F.Silkscreen
  6
CONTINUOUS
100
AcDbLine
 10
41.7904759999999982
 20
-42.2348189999999946
 30
0
 11
41.7904759999999982
 21
-42.9491039999999984
 31
0
  0
LINE
  5
505
330
1B
100
AcDbEntity
  8
F.Silkscreen
  6
CONTINUOUS
100
AcDbLine
 10
41.7904759999999982
 20
-42.9491039999999984
 30
0
 11
41.7428570000000008
 21
-43.0919609999999977
 31
0
  0
LINE
  5
506
330
1B
100
AcDbEntity
  8
F.Silkscreen
  6
CONTINUOUS
100
AcDbLine
 10
41.7428570000000008
 20
-43.0919609999999977
 30
0
 11
41.6476189999999988
 21
-43.1871999999999971
 31
0
  0
LINE
  5
507
330
1B
100
AcDbEntity
  8
F.Silkscreen
  6
CONTINUOUS
100
AcDbLine
 10
41.6476189999999988
 20
-43.1871999999999971
 30
0
 11
41.5047619999999995
 21
-43.2348189999999946
 31
0
  0
LINE
  5
508
330
1B
100
AcDbEntity
  8
F.Silkscreen
  6
CONTINUOUS
100
AcDbLine
 10
41.5047619999999995
 20
-43.2348189999999946
 30
0
 11
41.4095239999999976
 21
-43.2348189999999946
 31
0
  0
LINE
  5
509
330
1B
100
AcDbEntity
  8
F.Silkscreen
  6
CONTINUOUS
100
AcDbLine
 10
42.2190480000000008
 20
-42.3300569999999965
 30
0
 11
42.2666669999999982
 21
-42.2824379999999991
 31
0
  0
LINE
  5
50A
330
1B
100
AcDbEntity
  8
F.Silkscreen
  6
CONTINUOUS
100
AcDbLine
 10
42.2666669999999982
 20
-42.2824379999999991
 30
0
 11
42.3619050000000001
 21
-42.2348189999999946
 31
0
  0
LINE
  5
50B
330
1B
100
AcDbEntity
  8
F.Silkscreen
  6
CONTINUOUS
100
AcDbLine
 10
42.3619050000000001
 20
-42.2348189999999946
 30
0
 11
42.6000000000000014
 21
-42.2348189999999946
 31
0
  0
LINE
  5
50C
330
1B
100
AcDbEntity
  8
F.Silkscreen
  6
CONTINUOUS
100
AcDbLine
 10
42.6000000000000014
 20
-42.2348189999999946
 30
0
 11
42.6952379999999962
 21
-42.2824379999999991
 31
0
  0
LINE
  5
50D
330
1B
100
AcDbEntity
  8
F.Silkscreen
  6
CONTINUOUS
100
AcDbLine
 10
42.6952379999999962
 20
-42.2824379999999991
 30
0
 11
42.7428570000000008
 21
-42.3300569999999965
 31
0
  0
LINE
  5
50E
330
1B
100
AcDbEntity
  8
F.Silkscreen
  6
CONTINUOUS
100
AcDbLine
 10
42.7428570000000008
 20
-42.3300569999999965
 30
0
 11
42.7904759999999982
 21
-42.4252949999999984
 31
0
  0
LINE
  5
50F
330
1B
100
AcDbEntity
  8
F.Silkscreen
  6
CONTINUOUS
100
AcDbLine
 10
42.7904759999999982
 20
-42.4252949999999984
 30
0
 11
42.7904759999999982
 21
-42.5205330000000004
 31
0
  0
LINE
  5
510
330
1B
100
AcDbEntity
  8
F.Silkscreen
  6
CONTINUOUS
100
AcDbLine
 10
42.7904759999999982
 20
-42.5205330000000004
 30
0
 11
42.7428570000000008
 21
-42.6633899999999997
 31
0
  0
LINE
  5
511
330
1B
100
AcDbEntity
  8
F.Silkscreen
  6
CONTINUOUS
100
AcDbLine
 10
42.7428570000000008
 20
-42.6633899999999997
 30
0
 11
42.1714289999999963
 21
-43.2348189999999946
 31
0
  0
LINE
  5
512
330
1B
100
AcDbEntity
  8
F.Silkscreen
  6
CONTINUOUS
100
AcDbLine
 10
42.1714289999999963
 20
-43.2348189999999946
 30
0
 11
42.7904759999999982
 21
-43.2348189999999946
 31
0
  0
LINE
  5
513
330
1B
100
AcDbEntity
  8
F.Silkscreen
  6
CONTINUOUS
100
AcDbLine
 10
43.7428570000000008
 20
-43.2348189999999946
 30
0
 11
43.1714289999999963
 21
-43.2348189999999946
 31
0
  0
LINE
  5
514
330
1B
100
AcDbEntity
  8
F.Silkscreen
  6
CONTINUOUS
100
AcDbLine
 10
43.457142999999995
 20
-43.2348189999999946
 30
0
 11
43.457142999999995
 21
-42.2348189999999946
 31
0
  0
LINE
  5
515
330
1B
100
AcDbEntity
  8
F.Silkscreen
  6
CONTINUOUS
100
AcDbLine
 10
43.457142999999995
 20
-42.2348189999999946
 30
0
 11
43.3619050000000001
 21
-42.377676000000001
 31
0
  0
LINE
  5
516
330
1B
100
AcDbEntity
  8
F.Silkscreen
  6
CONTINUOUS
100
AcDbLine
 10
43.3619050000000001
 20
-42.377676000000001
 30
0
 11
43.2666669999999982
 21
-42.4729139999999958
 31
0
  0
LINE
  5
517
330
1B
100
AcDbEntity
  8
F.Silkscreen
  6
CONTINUOUS
100
AcDbLine
 10
43.2666669999999982
 20
-42.4729139999999958
 30
0
 11
43.1714289999999963
 21
-42.5205330000000004
 31
0
  0
LINE
  5
518
330
1B
100
AcDbEntity
  8
F.Silkscreen
  6
CONTINUOUS
100
AcDbLine
 10
59.9671419999999955
 20
-92.0645799999999923
 30
0
 11
59.9195229999999981
 21
-92.1122000000000014
 31
0
  0
LINE
  5
519
330
1B
100
AcDbEntity
  8
F.Silkscreen
  6
CONTINUOUS
100
AcDbLine
 10
59.9195229999999981
 20
-92.1122000000000014
 30
0
 11
59.7766659999999987
 21
-92.1598189999999988
 31
0
  0
LINE
  5
51A
330
1B
100
AcDbEntity
  8
F.Silkscreen
  6
CONTINUOUS
100
AcDbLine
 10
59.7766659999999987
 20
-92.1598189999999988
 30
0
 11
59.6814279999999968
 21
-92.1598189999999988
 31
0
  0
LINE
  5
51B
330
1B
100
AcDbEntity
  8
F.Silkscreen
  6
CONTINUOUS
100
AcDbLine
 10
59.6814279999999968
 20
-92.1598189999999988
 30
0
 11
59.5385709999999975
 21
-92.1122000000000014
 31
0
  0
LINE
  5
51C
330
1B
100
AcDbEntity
  8
F.Silkscreen
  6
CONTINUOUS
100
AcDbLine
 10
59.5385709999999975
 20
-92.1122000000000014
 30
0
 11
59.4433329999999955
 21
-92.0169609999999949
 31
0
  0
LINE
  5
51D
330
1B
100
AcDbEntity
  8
F.Silkscreen
  6
CONTINUOUS
100
AcDbLine
 10
59.4433329999999955
 20
-92.0169609999999949
 30
0
 11
59.3957139999999981
 21
-91.9217230000000001
 31
0
  0
LINE
  5
51E
330
1B
100
AcDbEntity
  8
F.Silkscreen
  6
CONTINUOUS
100
AcDbLine
 10
59.3957139999999981
 20
-91.9217230000000001
 30
0
 11
59.3480950000000007
 21
-91.7312469999999962
 31
0
  0
LINE
  5
51F
330
1B
100
AcDbEntity
  8
F.Silkscreen
  6
CONTINUOUS
100
AcDbLine
 10
59.3480950000000007
 20
-91.7312469999999962
 30
0
 11
59.3480950000000007
 21
-91.5883899999999898
 31
0
  0
LINE
  5
520
330
1B
100
AcDbEntity
  8
F.Silkscreen
  6
CONTINUOUS
100
AcDbLine
 10
59.3480950000000007
 20
-91.5883899999999898
 30
0
 11
59.3957139999999981
 21
-91.3979140000000001
 31
0
  0
LINE
  5
521
330
1B
100
AcDbEntity
  8
F.Silkscreen
  6
CONTINUOUS
100
AcDbLine
 10
59.3957139999999981
 20
-91.3979140000000001
 30
0
 11
59.4433329999999955
 21
-91.3026759999999911
 31
0
  0
LINE
  5
522
330
1B
100
AcDbEntity
  8
F.Silkscreen
  6
CONTINUOUS
100
AcDbLine
 10
59.4433329999999955
 20
-91.3026759999999911
 30
0
 11
59.5385709999999975
 21
-91.2074379999999962
 31
0
  0
LINE
  5
523
330
1B
100
AcDbEntity
  8
F.Silkscreen
  6
CONTINUOUS
100
AcDbLine
 10
59.5385709999999975
 20
-91.2074379999999962
 30
0
 11
59.6814279999999968
 21
-91.1598189999999988
 31
0
  0
LINE
  5
524
330
1B
100
AcDbEntity
  8
F.Silkscreen
  6
CONTINUOUS
100
AcDbLine
 10
59.6814279999999968
 20
-91.1598189999999988
 30
0
 11
59.7766659999999987
 21
-91.1598189999999988
 31
0
  0
LINE
  5
525
330
1B
100
AcDbEntity
  8
F.Silkscreen
  6
CONTINUOUS
100
AcDbLine
 10
59.7766659999999987
 20
-91.1598189999999988
 30
0
 11
59.9195229999999981
 21
-91.2074379999999962
 31
0
  0
LINE
  5
526
330
1B
100
AcDbEntity
  8
F.Silkscreen
  6
CONTINUOUS
100
AcDbLine
 10
59.9195229999999981
 20
-91.2074379999999962
 30
0
 11
59.9671419999999955
 21
-91.2550569999999936
 31
0
  0
LINE
  5
527
330
1B
100
AcDbEntity
  8
F.Silkscreen
  6
CONTINUOUS
100
AcDbLine
 10
60.3480950000000007
 20
-91.2550569999999936
 30
0
 11
60.3957139999999981
 21
-91.2074379999999962
 31
0
  0
LINE
  5
528
330
1B
100
AcDbEntity
  8
F.Silkscreen
  6
CONTINUOUS
100
AcDbLine
 10
60.3957139999999981
 20
-91.2074379999999962
 30
0
 11
60.4909520000000001
 21
-91.1598189999999988
 31
0
  0
LINE
  5
529
330
1B
100
AcDbEntity
  8
F.Silkscreen
  6
CONTINUOUS
100
AcDbLine
 10
60.4909520000000001
 20
-91.1598189999999988
 30
0
 11
60.7290469999999942
 21
-91.1598189999999988
 31
0
  0
LINE
  5
52A
330
1B
100
AcDbEntity
  8
F.Silkscreen
  6
CONTINUOUS
100
AcDbLine
 10
60.7290469999999942
 20
-91.1598189999999988
 30
0
 11
60.8242849999999962
 21
-91.2074379999999962
 31
0
  0
LINE
  5
52B
330
1B
100
AcDbEntity
  8
F.Silkscreen
  6
CONTINUOUS
100
AcDbLine
 10
60.8242849999999962
 20
-91.2074379999999962
 30
0
 11
60.8719040000000007
 21
-91.2550569999999936
 31
0
  0
LINE
  5
52C
330
1B
100
AcDbEntity
  8
F.Silkscreen
  6
CONTINUOUS
100
AcDbLine
 10
60.8719040000000007
 20
-91.2550569999999936
 30
0
 11
60.9195229999999981
 21
-91.3502950000000027
 31
0
  0
LINE
  5
52D
330
1B
100
AcDbEntity
  8
F.Silkscreen
  6
CONTINUOUS
100
AcDbLine
 10
60.9195229999999981
 20
-91.3502950000000027
 30
0
 11
60.9195229999999981
 21
-91.4455329999999975
 31
0
  0
LINE
  5
52E
330
1B
100
AcDbEntity
  8
F.Silkscreen
  6
CONTINUOUS
100
AcDbLine
 10
60.9195229999999981
 20
-91.4455329999999975
 30
0
 11
60.8719040000000007
 21
-91.5883899999999898
 31
0
  0
LINE
  5
52F
330
1B
100
AcDbEntity
  8
F.Silkscreen
  6
CONTINUOUS
100
AcDbLine
 10
60.8719040000000007
 20
-91.5883899999999898
 30
0
 11
60.3004759999999962
 21
-92.1598189999999988
 31
0
  0
LINE
  5
530
330
1B
100
AcDbEntity
  8
F.Silkscreen
  6
CONTINUOUS
100
AcDbLine
 10
60.3004759999999962
 20
-92.1598189999999988
 30
0
 11
60.9195229999999981
 21
-92.1598189999999988
 31
0
  0
LINE
  5
531
330
1B
100
AcDbEntity
  8
F.Silkscreen
  6
CONTINUOUS
100
AcDbLine
 10
61.8242849999999962
 20
-91.1598189999999988
 30
0
 11
61.3480950000000007
 21
-91.1598189999999988
 31
0
  0
LINE
  5
532
330
1B
100
AcDbEntity
  8
F.Silkscreen
  6
CONTINUOUS
100
AcDbLine
 10
61.3480950000000007
 20
-91.1598189999999988
 30
0
 11
61.3004759999999962
 21
-91.6360090000000014
 31
0
  0
LINE
  5
533
330
1B
100
AcDbEntity
  8
F.Silkscreen
  6
CONTINUOUS
100
AcDbLine
 10
61.3004759999999962
 20
-91.6360090000000014
 30
0
 11
61.3480950000000007
 21
-91.5883899999999898
 31
0
  0
LINE
  5
534
330
1B
100
AcDbEntity
  8
F.Silkscreen
  6
CONTINUOUS
100
AcDbLine
 10
61.3480950000000007
 20
-91.5883899999999898
 30
0
 11
61.4433329999999955
 21
-91.5407709999999923
 31
0
  0
LINE
  5
535
330
1B
100
AcDbEntity
  8
F.Silkscreen
  6
CONTINUOUS
100
AcDbLine
 10
61.4433329999999955
 20
-91.5407709999999923
 30
0
 11
61.6814279999999968
 21
-91.5407709999999923
 31
0
  0
LINE
  5
536
330
1B
100
AcDbEntity
  8
F.Silkscreen
  6
CONTINUOUS
100
AcDbLine
 10
61.6814279999999968
 20
-91.5407709999999923
 30
0
 11
61.7766659999999987
 21
-91.5883899999999898
 31
0
  0
LINE
  5
537
330
1B
100
AcDbEntity
  8
F.Silkscreen
  6
CONTINUOUS
100
AcDbLine
 10
61.7766659999999987
 20
-91.5883899999999898
 30
0
 11
61.8242849999999962
 21
-91.6360090000000014
 31
0
  0
LINE
  5
538
330
1B
100
AcDbEntity
  8
F.Silkscreen
  6
CONTINUOUS
100
AcDbLine
 10
61.8242849999999962
 20
-91.6360090000000014
 30
0
 11
61.8719040000000007
 21
-91.7312469999999962
 31
0
  0
LINE
  5
539
330
1B
100
AcDbEntity
  8
F.Silkscreen
  6
CONTINUOUS
100
AcDbLine
 10
61.8719040000000007
 20
-91.7312469999999962
 30
0
 11
61.8719040000000007
 21
-91.9693419999999975
 31
0
  0
LINE
  5
53A
330
1B
100
AcDbEntity
  8
F.Silkscreen
  6
CONTINUOUS
100
AcDbLine
 10
61.8719040000000007
 20
-91.9693419999999975
 30
0
 11
61.8242849999999962
 21
-92.0645799999999923
 31
0
  0
LINE
  5
53B
330
1B
100
AcDbEntity
  8
F.Silkscreen
  6
CONTINUOUS
100
AcDbLine
 10
61.8242849999999962
 20
-92.0645799999999923
 30
0
 11
61.7766659999999987
 21
-92.1122000000000014
 31
0
  0
LINE
  5
53C
330
1B
100
AcDbEntity
  8
F.Silkscreen
  6
CONTINUOUS
100
AcDbLine
 10
61.7766659999999987
 20
-92.1122000000000014
 30
0
 11
61.6814279999999968
 21
-92.1598189999999988
 31
0
  0
LINE
  5
53D
330
1B
100
AcDbEntity
  8
F.Silkscreen
  6
CONTINUOUS
100
AcDbLine
 10
61.6814279999999968
 20
-92.1598189999999988
 30
0
 11
61.4433329999999955
 21
-92.1598189999999988
 31
0
  0
LINE
  5
53E
330
1B
100
AcDbEntity
  8
F.Silkscreen
  6
CONTINUOUS
100
AcDbLine
 10
61.4433329999999955
 20
-92.1598189999999988
 30
0
 11
61.3480950000000007
 21
-92.1122000000000014
 31
0
  0
LINE
  5
53F
330
1B
100
AcDbEntity
  8
F.Silkscreen
  6
CONTINUOUS
100
AcDbLine
 10
61.3480950000000007
 20
-92.1122000000000014
 30
0
 11
61.3004759999999962
 21
-92.0645799999999923
 31
0
  0
LINE
  5
540
330
1B
100
AcDbEntity
  8
F.Silkscreen
  6
CONTINUOUS
100
AcDbLine
 10
74.9571419999999904
 20
-101.1631189999999947
 30
0
 11
74.6238089999999943
 21
-100.6869279999999947
 31
0
  0
LINE
  5
541
330
1B
100
AcDbEntity
  8
F.Silkscreen
  6
CONTINUOUS
100
AcDbLine
 10
74.385713999999993
 20
-101.1631189999999947
 30
0
 11
74.385713999999993
 21
-100.1631189999999947
 31
0
  0
LINE
  5
542
330
1B
100
AcDbEntity
  8
F.Silkscreen
  6
CONTINUOUS
100
AcDbLine
 10
74.385713999999993
 20
-100.1631189999999947
 30
0
 11
74.7666660000000007
 21
-100.1631189999999947
 31
0
  0
LINE
  5
543
330
1B
100
AcDbEntity
  8
F.Silkscreen
  6
CONTINUOUS
100
AcDbLine
 10
74.7666660000000007
 20
-100.1631189999999947
 30
0
 11
74.8619039999999956
 21
-100.2107379999999921
 31
0
  0
LINE
  5
544
330
1B
100
AcDbEntity
  8
F.Silkscreen
  6
CONTINUOUS
100
AcDbLine
 10
74.8619039999999956
 20
-100.2107379999999921
 30
0
 11
74.909522999999993
 21
-100.2583569999999895
 31
0
  0
LINE
  5
545
330
1B
100
AcDbEntity
  8
F.Silkscreen
  6
CONTINUOUS
100
AcDbLine
 10
74.909522999999993
 20
-100.2583569999999895
 30
0
 11
74.9571419999999904
 21
-100.3535949999999985
 31
0
  0
LINE
  5
546
330
1B
100
AcDbEntity
  8
F.Silkscreen
  6
CONTINUOUS
100
AcDbLine
 10
74.9571419999999904
 20
-100.3535949999999985
 30
0
 11
74.9571419999999904
 21
-100.4964519999999908
 31
0
  0
LINE
  5
547
330
1B
100
AcDbEntity
  8
F.Silkscreen
  6
CONTINUOUS
100
AcDbLine
 10
74.9571419999999904
 20
-100.4964519999999908
 30
0
 11
74.909522999999993
 21
-100.5916899999999998
 31
0
  0
LINE
  5
548
330
1B
100
AcDbEntity
  8
F.Silkscreen
  6
CONTINUOUS
100
AcDbLine
 10
74.909522999999993
 20
-100.5916899999999998
 30
0
 11
74.8619039999999956
 21
-100.6393089999999972
 31
0
  0
LINE
  5
549
330
1B
100
AcDbEntity
  8
F.Silkscreen
  6
CONTINUOUS
100
AcDbLine
 10
74.8619039999999956
 20
-100.6393089999999972
 30
0
 11
74.7666660000000007
 21
-100.6869279999999947
 31
0
  0
LINE
  5
54A
330
1B
100
AcDbEntity
  8
F.Silkscreen
  6
CONTINUOUS
100
AcDbLine
 10
74.7666660000000007
 20
-100.6869279999999947
 30
0
 11
74.385713999999993
 21
-100.6869279999999947
 31
0
  0
LINE
  5
54B
330
1B
100
AcDbEntity
  8
F.Silkscreen
  6
CONTINUOUS
100
AcDbLine
 10
75.3380949999999956
 20
-100.2583569999999895
 30
0
 11
75.385713999999993
 21
-100.2107379999999921
 31
0
  0
LINE
  5
54C
330
1B
100
AcDbEntity
  8
F.Silkscreen
  6
CONTINUOUS
100
AcDbLine
 10
75.385713999999993
 20
-100.2107379999999921
 30
0
 11
75.480952000000002
 21
-100.1631189999999947
 31
0
  0
LINE
  5
54D
330
1B
100
AcDbEntity
  8
F.Silkscreen
  6
CONTINUOUS
100
AcDbLine
 10
75.480952000000002
 20
-100.1631189999999947
 30
0
 11
75.7190470000000033
 21
-100.1631189999999947
 31
0
  0
LINE
  5
54E
330
1B
100
AcDbEntity
  8
F.Silkscreen
  6
CONTINUOUS
100
AcDbLine
 10
75.7190470000000033
 20
-100.1631189999999947
 30
0
 11
75.8142849999999981
 21
-100.2107379999999921
 31
0
  0
LINE
  5
54F
330
1B
100
AcDbEntity
  8
F.Silkscreen
  6
CONTINUOUS
100
AcDbLine
 10
75.8142849999999981
 20
-100.2107379999999921
 30
0
 11
75.8619039999999956
 21
-100.2583569999999895
 31
0
  0
LINE
  5
550
330
1B
100
AcDbEntity
  8
F.Silkscreen
  6
CONTINUOUS
100
AcDbLine
 10
75.8619039999999956
 20
-100.2583569999999895
 30
0
 11
75.909522999999993
 21
-100.3535949999999985
 31
0
  0
LINE
  5
551
330
1B
100
AcDbEntity
  8
F.Silkscreen
  6
CONTINUOUS
100
AcDbLine
 10
75.909522999999993
 20
-100.3535949999999985
 30
0
 11
75.909522999999993
 21
-100.4488329999999934
 31
0
  0
LINE
  5
552
330
1B
100
AcDbEntity
  8
F.Silkscreen
  6
CONTINUOUS
100
AcDbLine
 10
75.909522999999993
 20
-100.4488329999999934
 30
0
 11
75.8619039999999956
 21
-100.5916899999999998
 31
0
  0
LINE
  5
553
330
1B
100
AcDbEntity
  8
F.Silkscreen
  6
CONTINUOUS
100
AcDbLine
 10
75.8619039999999956
 20
-100.5916899999999998
 30
0
 11
75.2904759999999982
 21
-101.1631189999999947
 31
0
  0
LINE
  5
554
330
1B
100
AcDbEntity
  8
F.Silkscreen
  6
CONTINUOUS
100
AcDbLine
 10
75.2904759999999982
 20
-101.1631189999999947
 30
0
 11
75.909522999999993
 21
-101.1631189999999947
 31
0
  0
LINE
  5
555
330
1B
100
AcDbEntity
  8
F.Silkscreen
  6
CONTINUOUS
100
AcDbLine
 10
76.7666660000000007
 20
-100.4964519999999908
 30
0
 11
76.7666660000000007
 21
-101.1631189999999947
 31
0
  0
LINE
  5
556
330
1B
100
AcDbEntity
  8
F.Silkscreen
  6
CONTINUOUS
100
AcDbLine
 10
76.5285709999999995
 20
-100.1154999999999973
 30
0
 11
76.2904759999999982
 21
-100.8297850000000011
 31
0
  0
LINE
  5
557
330
1B
100
AcDbEntity
  8
F.Silkscreen
  6
CONTINUOUS
100
AcDbLine
 10
76.2904759999999982
 20
-100.8297850000000011
 30
0
 11
76.909522999999993
 21
-100.8297850000000011
 31
0
  0
LINE
  5
558
330
1B
100
AcDbEntity
  8
F.Silkscreen
  6
CONTINUOUS
100
AcDbLine
 10
77.9671419999999955
 20
-42.9565190000000001
 30
0
 11
77.6338089999999994
 21
-42.4803280000000001
 31
0
  0
LINE
  5
559
330
1B
100
AcDbEntity
  8
F.Silkscreen
  6
CONTINUOUS
100
AcDbLine
 10
77.3957139999999981
 20
-42.9565190000000001
 30
0
 11
77.3957139999999981
 21
-41.9565190000000001
 31
0
  0
LINE
  5
55A
330
1B
100
AcDbEntity
  8
F.Silkscreen
  6
CONTINUOUS
100
AcDbLine
 10
77.3957139999999981
 20
-41.9565190000000001
 30
0
 11
77.7766659999999916
 21
-41.9565190000000001
 31
0
  0
LINE
  5
55B
330
1B
100
AcDbEntity
  8
F.Silkscreen
  6
CONTINUOUS
100
AcDbLine
 10
77.7766659999999916
 20
-41.9565190000000001
 30
0
 11
77.8719040000000007
 21
-42.0041379999999975
 31
0
  0
LINE
  5
55C
330
1B
100
AcDbEntity
  8
F.Silkscreen
  6
CONTINUOUS
100
AcDbLine
 10
77.8719040000000007
 20
-42.0041379999999975
 30
0
 11
77.9195229999999981
 21
-42.0517569999999949
 31
0
  0
LINE
  5
55D
330
1B
100
AcDbEntity
  8
F.Silkscreen
  6
CONTINUOUS
100
AcDbLine
 10
77.9195229999999981
 20
-42.0517569999999949
 30
0
 11
77.9671419999999955
 21
-42.1469949999999969
 31
0
  0
LINE
  5
55E
330
1B
100
AcDbEntity
  8
F.Silkscreen
  6
CONTINUOUS
100
AcDbLine
 10
77.9671419999999955
 20
-42.1469949999999969
 30
0
 11
77.9671419999999955
 21
-42.2898519999999962
 31
0
  0
LINE
  5
55F
330
1B
100
AcDbEntity
  8
F.Silkscreen
  6
CONTINUOUS
100
AcDbLine
 10
77.9671419999999955
 20
-42.2898519999999962
 30
0
 11
77.9195229999999981
 21
-42.3850899999999982
 31
0
  0
LINE
  5
560
330
1B
100
AcDbEntity
  8
F.Silkscreen
  6
CONTINUOUS
100
AcDbLine
 10
77.9195229999999981
 20
-42.3850899999999982
 30
0
 11
77.8719040000000007
 21
-42.4327089999999956
 31
0
  0
LINE
  5
561
330
1B
100
AcDbEntity
  8
F.Silkscreen
  6
CONTINUOUS
100
AcDbLine
 10
77.8719040000000007
 20
-42.4327089999999956
 30
0
 11
77.7766659999999916
 21
-42.4803280000000001
 31
0
  0
LINE
  5
562
330
1B
100
AcDbEntity
  8
F.Silkscreen
  6
CONTINUOUS
100
AcDbLine
 10
77.7766659999999916
 20
-42.4803280000000001
 30
0
 11
77.3957139999999981
 21
-42.4803280000000001
 31
0
  0
LINE
  5
563
330
1B
100
AcDbEntity
  8
F.Silkscreen
  6
CONTINUOUS
100
AcDbLine
 10
78.3004760000000033
 20
-41.9565190000000001
 30
0
 11
78.9195229999999981
 21
-41.9565190000000001
 31
0
  0
LINE
  5
564
330
1B
100
AcDbEntity
  8
F.Silkscreen
  6
CONTINUOUS
100
AcDbLine
 10
78.9195229999999981
 20
-41.9565190000000001
 30
0
 11
78.586190000000002
 21
-42.3374710000000007
 31
0
  0
LINE
  5
565
330
1B
100
AcDbEntity
  8
F.Silkscreen
  6
CONTINUOUS
100
AcDbLine
 10
78.586190000000002
 20
-42.3374710000000007
 30
0
 11
78.7290469999999942
 21
-42.3374710000000007
 31
0
  0
LINE
  5
566
330
1B
100
AcDbEntity
  8
F.Silkscreen
  6
CONTINUOUS
100
AcDbLine
 10
78.7290469999999942
 20
-42.3374710000000007
 30
0
 11
78.8242850000000033
 21
-42.3850899999999982
 31
0
  0
LINE
  5
567
330
1B
100
AcDbEntity
  8
F.Silkscreen
  6
CONTINUOUS
100
AcDbLine
 10
78.8242850000000033
 20
-42.3850899999999982
 30
0
 11
78.8719040000000007
 21
-42.4327089999999956
 31
0
  0
LINE
  5
568
330
1B
100
AcDbEntity
  8
F.Silkscreen
  6
CONTINUOUS
100
AcDbLine
 10
78.8719040000000007
 20
-42.4327089999999956
 30
0
 11
78.9195229999999981
 21
-42.5279469999999975
 31
0
  0
LINE
  5
569
330
1B
100
AcDbEntity
  8
F.Silkscreen
  6
CONTINUOUS
100
AcDbLine
 10
78.9195229999999981
 20
-42.5279469999999975
 30
0
 11
78.9195229999999981
 21
-42.7660419999999988
 31
0
  0
LINE
  5
56A
330
1B
100
AcDbEntity
  8
F.Silkscreen
  6
CONTINUOUS
100
AcDbLine
 10
78.9195229999999981
 20
-42.7660419999999988
 30
0
 11
78.8719040000000007
 21
-42.8612800000000007
 31
0
  0
LINE
  5
56B
330
1B
100
AcDbEntity
  8
F.Silkscreen
  6
CONTINUOUS
100
AcDbLine
 10
78.8719040000000007
 20
-42.8612800000000007
 30
0
 11
78.8242850000000033
 21
-42.9088999999999956
 31
0
  0
LINE
  5
56C
330
1B
100
AcDbEntity
  8
F.Silkscreen
  6
CONTINUOUS
100
AcDbLine
 10
78.8242850000000033
 20
-42.9088999999999956
 30
0
 11
78.7290469999999942
 21
-42.9565190000000001
 31
0
  0
LINE
  5
56D
330
1B
100
AcDbEntity
  8
F.Silkscreen
  6
CONTINUOUS
100
AcDbLine
 10
78.7290469999999942
 20
-42.9565190000000001
 30
0
 11
78.4433329999999955
 21
-42.9565190000000001
 31
0
  0
LINE
  5
56E
330
1B
100
AcDbEntity
  8
F.Silkscreen
  6
CONTINUOUS
100
AcDbLine
 10
78.4433329999999955
 20
-42.9565190000000001
 30
0
 11
78.3480950000000007
 21
-42.9088999999999956
 31
0
  0
LINE
  5
56F
330
1B
100
AcDbEntity
  8
F.Silkscreen
  6
CONTINUOUS
100
AcDbLine
 10
78.3480950000000007
 20
-42.9088999999999956
 30
0
 11
78.3004760000000033
 21
-42.8612800000000007
 31
0
  0
LINE
  5
570
330
1B
100
AcDbEntity
  8
F.Silkscreen
  6
CONTINUOUS
100
AcDbLine
 10
79.7766659999999916
 20
-42.2898519999999962
 30
0
 11
79.7766659999999916
 21
-42.9565190000000001
 31
0
  0
LINE
  5
571
330
1B
100
AcDbEntity
  8
F.Silkscreen
  6
CONTINUOUS
100
AcDbLine
 10
79.5385709999999904
 20
-41.9088999999999956
 30
0
 11
79.3004760000000033
 21
-42.6231849999999994
 31
0
  0
LINE
  5
572
330
1B
100
AcDbEntity
  8
F.Silkscreen
  6
CONTINUOUS
100
AcDbLine
 10
79.3004760000000033
 20
-42.6231849999999994
 30
0
 11
79.9195229999999981
 21
-42.6231849999999994
 31
0
  0
LINE
  5
573
330
1B
100
AcDbEntity
  8
F.Silkscreen
  6
CONTINUOUS
100
AcDbLine
 10
68.9471419999999995
 20
-65.2848189999999988
 30
0
 11
68.6138090000000034
 21
-64.8086279999999988
 31
0
  0
LINE
  5
574
330
1B
100
AcDbEntity
  8
F.Silkscreen
  6
CONTINUOUS
100
AcDbLine
 10
68.3757140000000021
 20
-65.2848189999999988
 30
0
 11
68.3757140000000021
 21
-64.2848189999999988
 31
0
  0
LINE
  5
575
330
1B
100
AcDbEntity
  8
F.Silkscreen
  6
CONTINUOUS
100
AcDbLine
 10
68.3757140000000021
 20
-64.2848189999999988
 30
0
 11
68.7566659999999956
 21
-64.2848189999999988
 31
0
  0
LINE
  5
576
330
1B
100
AcDbEntity
  8
F.Silkscreen
  6
CONTINUOUS
100
AcDbLine
 10
68.7566659999999956
 20
-64.2848189999999988
 30
0
 11
68.8519039999999904
 21
-64.3324379999999962
 31
0
  0
LINE
  5
577
330
1B
100
AcDbEntity
  8
F.Silkscreen
  6
CONTINUOUS
100
AcDbLine
 10
68.8519039999999904
 20
-64.3324379999999962
 30
0
 11
68.8995230000000021
 21
-64.3800569999999936
 31
0
  0
LINE
  5
578
330
1B
100
AcDbEntity
  8
F.Silkscreen
  6
CONTINUOUS
100
AcDbLine
 10
68.8995230000000021
 20
-64.3800569999999936
 30
0
 11
68.9471419999999995
 21
-64.4752950000000027
 31
0
  0
LINE
  5
579
330
1B
100
AcDbEntity
  8
F.Silkscreen
  6
CONTINUOUS
100
AcDbLine
 10
68.9471419999999995
 20
-64.4752950000000027
 30
0
 11
68.9471419999999995
 21
-64.6181519999999949
 31
0
  0
LINE
  5
57A
330
1B
100
AcDbEntity
  8
F.Silkscreen
  6
CONTINUOUS
100
AcDbLine
 10
68.9471419999999995
 20
-64.6181519999999949
 30
0
 11
68.8995230000000021
 21
-64.713390000000004
 31
0
  0
LINE
  5
57B
330
1B
100
AcDbEntity
  8
F.Silkscreen
  6
CONTINUOUS
100
AcDbLine
 10
68.8995230000000021
 20
-64.713390000000004
 30
0
 11
68.8519039999999904
 21
-64.7610090000000014
 31
0
  0
LINE
  5
57C
330
1B
100
AcDbEntity
  8
F.Silkscreen
  6
CONTINUOUS
100
AcDbLine
 10
68.8519039999999904
 20
-64.7610090000000014
 30
0
 11
68.7566659999999956
 21
-64.8086279999999988
 31
0
  0
LINE
  5
57D
330
1B
100
AcDbEntity
  8
F.Silkscreen
  6
CONTINUOUS
100
AcDbLine
 10
68.7566659999999956
 20
-64.8086279999999988
 30
0
 11
68.3757140000000021
 21
-64.8086279999999988
 31
0
  0
LINE
  5
57E
330
1B
100
AcDbEntity
  8
F.Silkscreen
  6
CONTINUOUS
100
AcDbLine
 10
69.2804759999999931
 20
-64.2848189999999988
 30
0
 11
69.8995230000000021
 21
-64.2848189999999988
 31
0
  0
LINE
  5
57F
330
1B
100
AcDbEntity
  8
F.Silkscreen
  6
CONTINUOUS
100
AcDbLine
 10
69.8995230000000021
 20
-64.2848189999999988
 30
0
 11
69.5661899999999918
 21
-64.6657709999999923
 31
0
  0
LINE
  5
580
330
1B
100
AcDbEntity
  8
F.Silkscreen
  6
CONTINUOUS
100
AcDbLine
 10
69.5661899999999918
 20
-64.6657709999999923
 30
0
 11
69.7090469999999982
 21
-64.6657709999999923
 31
0
  0
LINE
  5
581
330
1B
100
AcDbEntity
  8
F.Silkscreen
  6
CONTINUOUS
100
AcDbLine
 10
69.7090469999999982
 20
-64.6657709999999923
 30
0
 11
69.804284999999993
 21
-64.713390000000004
 31
0
  0
LINE
  5
582
330
1B
100
AcDbEntity
  8
F.Silkscreen
  6
CONTINUOUS
100
AcDbLine
 10
69.804284999999993
 20
-64.713390000000004
 30
0
 11
69.8519039999999904
 21
-64.7610090000000014
 31
0
  0
LINE
  5
583
330
1B
100
AcDbEntity
  8
F.Silkscreen
  6
CONTINUOUS
100
AcDbLine
 10
69.8519039999999904
 20
-64.7610090000000014
 30
0
 11
69.8995230000000021
 21
-64.8562469999999962
 31
0
  0
LINE
  5
584
330
1B
100
AcDbEntity
  8
F.Silkscreen
  6
CONTINUOUS
100
AcDbLine
 10
69.8995230000000021
 20
-64.8562469999999962
 30
0
 11
69.8995230000000021
 21
-65.0943419999999975
 31
0
  0
LINE
  5
585
330
1B
100
AcDbEntity
  8
F.Silkscreen
  6
CONTINUOUS
100
AcDbLine
 10
69.8995230000000021
 20
-65.0943419999999975
 30
0
 11
69.8519039999999904
 21
-65.1895799999999923
 31
0
  0
LINE
  5
586
330
1B
100
AcDbEntity
  8
F.Silkscreen
  6
CONTINUOUS
100
AcDbLine
 10
69.8519039999999904
 20
-65.1895799999999923
 30
0
 11
69.804284999999993
 21
-65.2372000000000014
 31
0
  0
LINE
  5
587
330
1B
100
AcDbEntity
  8
F.Silkscreen
  6
CONTINUOUS
100
AcDbLine
 10
69.804284999999993
 20
-65.2372000000000014
 30
0
 11
69.7090469999999982
 21
-65.2848189999999988
 31
0
  0
LINE
  5
588
330
1B
100
AcDbEntity
  8
F.Silkscreen
  6
CONTINUOUS
100
AcDbLine
 10
69.7090469999999982
 20
-65.2848189999999988
 30
0
 11
69.4233329999999995
 21
-65.2848189999999988
 31
0
  0
LINE
  5
589
330
1B
100
AcDbEntity
  8
F.Silkscreen
  6
CONTINUOUS
100
AcDbLine
 10
69.4233329999999995
 20
-65.2848189999999988
 30
0
 11
69.3280949999999905
 21
-65.2372000000000014
 31
0
  0
LINE
  5
58A
330
1B
100
AcDbEntity
  8
F.Silkscreen
  6
CONTINUOUS
100
AcDbLine
 10
69.3280949999999905
 20
-65.2372000000000014
 30
0
 11
69.2804759999999931
 21
-65.1895799999999923
 31
0
  0
LINE
  5
58B
330
1B
100
AcDbEntity
  8
F.Silkscreen
  6
CONTINUOUS
100
AcDbLine
 10
70.5185709999999943
 20
-64.2848189999999988
 30
0
 11
70.6138090000000034
 21
-64.2848189999999988
 31
0
  0
LINE
  5
58C
330
1B
100
AcDbEntity
  8
F.Silkscreen
  6
CONTINUOUS
100
AcDbLine
 10
70.6138090000000034
 20
-64.2848189999999988
 30
0
 11
70.7090469999999982
 21
-64.3324379999999962
 31
0
  0
LINE
  5
58D
330
1B
100
AcDbEntity
  8
F.Silkscreen
  6
CONTINUOUS
100
AcDbLine
 10
70.7090469999999982
 20
-64.3324379999999962
 30
0
 11
70.7566659999999956
 21
-64.3800569999999936
 31
0
  0
LINE
  5
58E
330
1B
100
AcDbEntity
  8
F.Silkscreen
  6
CONTINUOUS
100
AcDbLine
 10
70.7566659999999956
 20
-64.3800569999999936
 30
0
 11
70.804284999999993
 21
-64.4752950000000027
 31
0
  0
LINE
  5
58F
330
1B
100
AcDbEntity
  8
F.Silkscreen
  6
CONTINUOUS
100
AcDbLine
 10
70.804284999999993
 20
-64.4752950000000027
 30
0
 11
70.8519039999999904
 21
-64.6657709999999923
 31
0
  0
LINE
  5
590
330
1B
100
AcDbEntity
  8
F.Silkscreen
  6
CONTINUOUS
100
AcDbLine
 10
70.8519039999999904
 20
-64.6657709999999923
 30
0
 11
70.8519039999999904
 21
-64.9038659999999936
 31
0
  0
LINE
  5
591
330
1B
100
AcDbEntity
  8
F.Silkscreen
  6
CONTINUOUS
100
AcDbLine
 10
70.8519039999999904
 20
-64.9038659999999936
 30
0
 11
70.804284999999993
 21
-65.0943419999999975
 31
0
  0
LINE
  5
592
330
1B
100
AcDbEntity
  8
F.Silkscreen
  6
CONTINUOUS
100
AcDbLine
 10
70.804284999999993
 20
-65.0943419999999975
 30
0
 11
70.7566659999999956
 21
-65.1895799999999923
 31
0
  0
LINE
  5
593
330
1B
100
AcDbEntity
  8
F.Silkscreen
  6
CONTINUOUS
100
AcDbLine
 10
70.7566659999999956
 20
-65.1895799999999923
 30
0
 11
70.7090469999999982
 21
-65.2372000000000014
 31
0
  0
LINE
  5
594
330
1B
100
AcDbEntity
  8
F.Silkscreen
  6
CONTINUOUS
100
AcDbLine
 10
70.7090469999999982
 20
-65.2372000000000014
 30
0
 11
70.6138090000000034
 21
-65.2848189999999988
 31
0
  0
LINE
  5
595
330
1B
100
AcDbEntity
  8
F.Silkscreen
  6
CONTINUOUS
100
AcDbLine
 10
70.6138090000000034
 20
-65.2848189999999988
 30
0
 11
70.5185709999999943
 21
-65.2848189999999988
 31
0
  0
LINE
  5
596
330
1B
100
AcDbEntity
  8
F.Silkscreen
  6
CONTINUOUS
100
AcDbLine
 10
70.5185709999999943
 20
-65.2848189999999988
 30
0
 11
70.4233329999999995
 21
-65.2372000000000014
 31
0
  0
LINE
  5
597
330
1B
100
AcDbEntity
  8
F.Silkscreen
  6
CONTINUOUS
100
AcDbLine
 10
70.4233329999999995
 20
-65.2372000000000014
 30
0
 11
70.3757140000000021
 21
-65.1895799999999923
 31
0
  0
LINE
  5
598
330
1B
100
AcDbEntity
  8
F.Silkscreen
  6
CONTINUOUS
100
AcDbLine
 10
70.3757140000000021
 20
-65.1895799999999923
 30
0
 11
70.3280949999999905
 21
-65.0943419999999975
 31
0
  0
LINE
  5
599
330
1B
100
AcDbEntity
  8
F.Silkscreen
  6
CONTINUOUS
100
AcDbLine
 10
70.3280949999999905
 20
-65.0943419999999975
 30
0
 11
70.2804759999999931
 21
-64.9038659999999936
 31
0
  0
LINE
  5
59A
330
1B
100
AcDbEntity
  8
F.Silkscreen
  6
CONTINUOUS
100
AcDbLine
 10
70.2804759999999931
 20
-64.9038659999999936
 30
0
 11
70.2804759999999931
 21
-64.6657709999999923
 31
0
  0
LINE
  5
59B
330
1B
100
AcDbEntity
  8
F.Silkscreen
  6
CONTINUOUS
100
AcDbLine
 10
70.2804759999999931
 20
-64.6657709999999923
 30
0
 11
70.3280949999999905
 21
-64.4752950000000027
 31
0
  0
LINE
  5
59C
330
1B
100
AcDbEntity
  8
F.Silkscreen
  6
CONTINUOUS
100
AcDbLine
 10
70.3280949999999905
 20
-64.4752950000000027
 30
0
 11
70.3757140000000021
 21
-64.3800569999999936
 31
0
  0
LINE
  5
59D
330
1B
100
AcDbEntity
  8
F.Silkscreen
  6
CONTINUOUS
100
AcDbLine
 10
70.3757140000000021
 20
-64.3800569999999936
 30
0
 11
70.4233329999999995
 21
-64.3324379999999962
 31
0
  0
LINE
  5
59E
330
1B
100
AcDbEntity
  8
F.Silkscreen
  6
CONTINUOUS
100
AcDbLine
 10
70.4233329999999995
 20
-64.3324379999999962
 30
0
 11
70.5185709999999943
 21
-64.2848189999999988
 31
0
  0
LINE
  5
59F
330
1B
100
AcDbEntity
  8
F.Silkscreen
  6
CONTINUOUS
100
AcDbLine
 10
98.4299999999999926
 20
-93.9350000000000023
 30
0
 11
98.4299999999999926
 21
-100.4749999999999943
 31
0
  0
LINE
  5
5A0
330
1B
100
AcDbEntity
  8
F.Silkscreen
  6
CONTINUOUS
100
AcDbLine
 10
98.4299999999999926
 20
-100.4749999999999943
 30
0
 11
98.7599999999999909
 21
-100.4749999999999943
 31
0
  0
LINE
  5
5A1
330
1B
100
AcDbEntity
  8
F.Silkscreen
  6
CONTINUOUS
100
AcDbLine
 10
98.7599999999999909
 20
-93.9350000000000023
 30
0
 11
98.4299999999999926
 21
-93.9350000000000023
 31
0
  0
LINE
  5
5A2
330
1B
100
AcDbEntity
  8
F.Silkscreen
  6
CONTINUOUS
100
AcDbLine
 10
100.8399999999999892
 20
-93.9350000000000023
 30
0
 11
101.1700000000000017
 21
-93.9350000000000023
 31
0
  0
LINE
  5
5A3
330
1B
100
AcDbEntity
  8
F.Silkscreen
  6
CONTINUOUS
100
AcDbLine
 10
101.1700000000000017
 20
-93.9350000000000023
 30
0
 11
101.1700000000000017
 21
-100.4749999999999943
 31
0
  0
LINE
  5
5A4
330
1B
100
AcDbEntity
  8
F.Silkscreen
  6
CONTINUOUS
100
AcDbLine
 10
101.1700000000000017
 20
-100.4749999999999943
 30
0
 11
100.8399999999999892
 21
-100.4749999999999943
 31
0
  0
LINE
  5
5A5
330
1B
100
AcDbEntity
  8
F.Silkscreen
  6
CONTINUOUS
100
AcDbLine
 10
48.2299999999999969
 20
-72.4799999999999898
 30
0
 11
48.5670000000000002
 21
-72.4799999999999898
 31
0
  0
LINE
  5
5A6
330
1B
100
AcDbEntity
  8
F.Silkscreen
  6
CONTINUOUS
100
AcDbLine
 10
48.2299999999999969
 20
-77.7199999999999989
 30
0
 11
48.2299999999999969
 21
-72.4799999999999898
 31
0
  0
LINE
  5
5A7
330
1B
100
AcDbEntity
  8
F.Silkscreen
  6
CONTINUOUS
100
AcDbLine
 10
48.5670000000000002
 20
-77.7199999999999989
 30
0
 11
48.2299999999999969
 21
-77.7199999999999989
 31
0
  0
LINE
  5
5A8
330
1B
100
AcDbEntity
  8
F.Silkscreen
  6
CONTINUOUS
100
AcDbLine
 10
50.6329999999999956
 20
-72.4799999999999898
 30
0
 11
50.9699999999999989
 21
-72.4799999999999898
 31
0
  0
LINE
  5
5A9
330
1B
100
AcDbEntity
  8
F.Silkscreen
  6
CONTINUOUS
100
AcDbLine
 10
50.9699999999999989
 20
-72.4799999999999898
 30
0
 11
50.9699999999999989
 21
-77.7199999999999989
 31
0
  0
LINE
  5
5AA
330
1B
100
AcDbEntity
  8
F.Silkscreen
  6
CONTINUOUS
100
AcDbLine
 10
50.9699999999999989
 20
-77.7199999999999989
 30
0
 11
50.6329999999999956
 21
-77.7199999999999989
 31
0
  0
LINE
  5
5AB
330
1B
100
AcDbEntity
  8
F.Silkscreen
  6
CONTINUOUS
100
AcDbLine
 10
47.9899999999999949
 20
-88.8349999999999937
 30
0
 11
53.2299999999999969
 21
-88.8349999999999937
 31
0
  0
LINE
  5
5AC
330
1B
100
AcDbEntity
  8
F.Silkscreen
  6
CONTINUOUS
100
AcDbLine
 10
47.9899999999999949
 20
-89.171999999999997
 30
0
 11
47.9899999999999949
 21
-88.8349999999999937
 31
0
  0
LINE
  5
5AD
330
1B
100
AcDbEntity
  8
F.Silkscreen
  6
CONTINUOUS
100
AcDbLine
 10
47.9899999999999949
 20
-91.5750000000000028
 30
0
 11
47.9899999999999949
 21
-91.2379999999999995
 31
0
  0
LINE
  5
5AE
330
1B
100
AcDbEntity
  8
F.Silkscreen
  6
CONTINUOUS
100
AcDbLine
 10
53.2299999999999969
 20
-88.8349999999999937
 30
0
 11
53.2299999999999969
 21
-89.171999999999997
 31
0
  0
LINE
  5
5AF
330
1B
100
AcDbEntity
  8
F.Silkscreen
  6
CONTINUOUS
100
AcDbLine
 10
53.2299999999999969
 20
-91.2379999999999995
 30
0
 11
53.2299999999999969
 21
-91.5750000000000028
 31
0
  0
LINE
  5
5B0
330
1B
100
AcDbEntity
  8
F.Silkscreen
  6
CONTINUOUS
100
AcDbLine
 10
53.2299999999999969
 20
-91.5750000000000028
 30
0
 11
47.9899999999999949
 21
-91.5750000000000028
 31
0
  0
LINE
  5
5B1
330
1B
100
AcDbEntity
  8
F.Silkscreen
  6
CONTINUOUS
100
AcDbLine
 10
57.9899999999999949
 20
-106.8349999999999937
 30
0
 11
63.2299999999999969
 21
-106.8349999999999937
 31
0
  0
LINE
  5
5B2
330
1B
100
AcDbEntity
  8
F.Silkscreen
  6
CONTINUOUS
100
AcDbLine
 10
57.9899999999999949
 20
-107.171999999999997
 30
0
 11
57.9899999999999949
 21
-106.8349999999999937
 31
0
  0
LINE
  5
5B3
330
1B
100
AcDbEntity
  8
F.Silkscreen
  6
CONTINUOUS
100
AcDbLine
 10
57.9899999999999949
 20
-109.5749999999999886
 30
0
 11
57.9899999999999949
 21
-109.2379999999999995
 31
0
  0
LINE
  5
5B4
330
1B
100
AcDbEntity
  8
F.Silkscreen
  6
CONTINUOUS
100
AcDbLine
 10
63.2299999999999969
 20
-106.8349999999999937
 30
0
 11
63.2299999999999969
 21
-107.171999999999997
 31
0
  0
LINE
  5
5B5
330
1B
100
AcDbEntity
  8
F.Silkscreen
  6
CONTINUOUS
100
AcDbLine
 10
63.2299999999999969
 20
-109.2379999999999995
 30
0
 11
63.2299999999999969
 21
-109.5749999999999886
 31
0
  0
LINE
  5
5B6
330
1B
100
AcDbEntity
  8
F.Silkscreen
  6
CONTINUOUS
100
AcDbLine
 10
63.2299999999999969
 20
-109.5749999999999886
 30
0
 11
57.9899999999999949
 21
-109.5749999999999886
 31
0
  0
LINE
  5
5B7
330
1B
100
AcDbEntity
  8
F.Silkscreen
  6
CONTINUOUS
100
AcDbLine
 10
44.3399999999999963
 20
-100.8349999999999937
 30
0
 11
50.8799999999999955
 21
-100.8349999999999937
 31
0
  0
LINE
  5
5B8
330
1B
100
AcDbEntity
  8
F.Silkscreen
  6
CONTINUOUS
100
AcDbLine
 10
44.3399999999999963
 20
-101.164999999999992
 30
0
 11
44.3399999999999963
 21
-100.8349999999999937
 31
0
  0
LINE
  5
5B9
330
1B
100
AcDbEntity
  8
F.Silkscreen
  6
CONTINUOUS
100
AcDbLine
 10
44.3399999999999963
 20
-103.2449999999999903
 30
0
 11
44.3399999999999963
 21
-103.5749999999999886
 31
0
  0
LINE
  5
5BA
330
1B
100
AcDbEntity
  8
F.Silkscreen
  6
CONTINUOUS
100
AcDbLine
 10
44.3399999999999963
 20
-103.5749999999999886
 30
0
 11
50.8799999999999955
 21
-103.5749999999999886
 31
0
  0
LINE
  5
5BB
330
1B
100
AcDbEntity
  8
F.Silkscreen
  6
CONTINUOUS
100
AcDbLine
 10
50.8799999999999955
 20
-100.8349999999999937
 30
0
 11
50.8799999999999955
 21
-101.164999999999992
 31
0
  0
LINE
  5
5BC
330
1B
100
AcDbEntity
  8
F.Silkscreen
  6
CONTINUOUS
100
AcDbLine
 10
50.8799999999999955
 20
-103.5749999999999886
 30
0
 11
50.8799999999999955
 21
-103.2449999999999903
 31
0
  0
LINE
  5
5BD
330
1B
100
AcDbEntity
  8
F.Silkscreen
  6
CONTINUOUS
100
AcDbLine
 10
72.3400000000000034
 20
-104.8349999999999937
 30
0
 11
72.3400000000000034
 21
-105.164999999999992
 31
0
  0
LINE
  5
5BE
330
1B
100
AcDbEntity
  8
F.Silkscreen
  6
CONTINUOUS
100
AcDbLine
 10
72.3400000000000034
 20
-107.5749999999999886
 30
0
 11
72.3400000000000034
 21
-107.2449999999999903
 31
0
  0
LINE
  5
5BF
330
1B
100
AcDbEntity
  8
F.Silkscreen
  6
CONTINUOUS
100
AcDbLine
 10
78.8799999999999955
 20
-104.8349999999999937
 30
0
 11
72.3400000000000034
 21
-104.8349999999999937
 31
0
  0
LINE
  5
5C0
330
1B
100
AcDbEntity
  8
F.Silkscreen
  6
CONTINUOUS
100
AcDbLine
 10
78.8799999999999955
 20
-105.164999999999992
 30
0
 11
78.8799999999999955
 21
-104.8349999999999937
 31
0
  0
LINE
  5
5C1
330
1B
100
AcDbEntity
  8
F.Silkscreen
  6
CONTINUOUS
100
AcDbLine
 10
78.8799999999999955
 20
-107.2449999999999903
 30
0
 11
78.8799999999999955
 21
-107.5749999999999886
 31
0
  0
LINE
  5
5C2
330
1B
100
AcDbEntity
  8
F.Silkscreen
  6
CONTINUOUS
100
AcDbLine
 10
78.8799999999999955
 20
-107.5749999999999886
 30
0
 11
72.3400000000000034
 21
-107.5749999999999886
 31
0
  0
LINE
  5
5C3
330
1B
100
AcDbEntity
  8
F.Silkscreen
  6
CONTINUOUS
100
AcDbLine
 10
38.3399999999999963
 20
-96.8349999999999937
 30
0
 11
44.8799999999999955
 21
-96.8349999999999937
 31
0
  0
LINE
  5
5C4
330
1B
100
AcDbEntity
  8
F.Silkscreen
  6
CONTINUOUS
100
AcDbLine
 10
38.3399999999999963
 20
-97.164999999999992
 30
0
 11
38.3399999999999963
 21
-96.8349999999999937
 31
0
  0
LINE
  5
5C5
330
1B
100
AcDbEntity
  8
F.Silkscreen
  6
CONTINUOUS
100
AcDbLine
 10
38.3399999999999963
 20
-99.2449999999999903
 30
0
 11
38.3399999999999963
 21
-99.5749999999999886
 31
0
  0
LINE
  5
5C6
330
1B
100
AcDbEntity
  8
F.Silkscreen
  6
CONTINUOUS
100
AcDbLine
 10
38.3399999999999963
 20
-99.5749999999999886
 30
0
 11
44.8799999999999955
 21
-99.5749999999999886
 31
0
  0
LINE
  5
5C7
330
1B
100
AcDbEntity
  8
F.Silkscreen
  6
CONTINUOUS
100
AcDbLine
 10
44.8799999999999955
 20
-96.8349999999999937
 30
0
 11
44.8799999999999955
 21
-97.164999999999992
 31
0
  0
LINE
  5
5C8
330
1B
100
AcDbEntity
  8
F.Silkscreen
  6
CONTINUOUS
100
AcDbLine
 10
44.8799999999999955
 20
-99.5749999999999886
 30
0
 11
44.8799999999999955
 21
-99.2449999999999903
 31
0
  0
LINE
  5
5C9
330
1B
100
AcDbEntity
  8
F.Silkscreen
  6
CONTINUOUS
100
AcDbLine
 10
79.9899999999999949
 20
-65.8349999999999937
 30
0
 11
85.2299999999999898
 21
-65.8349999999999937
 31
0
  0
LINE
  5
5CA
330
1B
100
AcDbEntity
  8
F.Silkscreen
  6
CONTINUOUS
100
AcDbLine
 10
79.9899999999999949
 20
-66.171999999999997
 30
0
 11
79.9899999999999949
 21
-65.8349999999999937
 31
0
  0
LINE
  5
5CB
330
1B
100
AcDbEntity
  8
F.Silkscreen
  6
CONTINUOUS
100
AcDbLine
 10
79.9899999999999949
 20
-68.5750000000000028
 30
0
 11
79.9899999999999949
 21
-68.2379999999999995
 31
0
  0
LINE
  5
5CC
330
1B
100
AcDbEntity
  8
F.Silkscreen
  6
CONTINUOUS
100
AcDbLine
 10
85.2299999999999898
 20
-65.8349999999999937
 30
0
 11
85.2299999999999898
 21
-66.171999999999997
 31
0
  0
LINE
  5
5CD
330
1B
100
AcDbEntity
  8
F.Silkscreen
  6
CONTINUOUS
100
AcDbLine
 10
85.2299999999999898
 20
-68.2379999999999995
 30
0
 11
85.2299999999999898
 21
-68.5750000000000028
 31
0
  0
LINE
  5
5CE
330
1B
100
AcDbEntity
  8
F.Silkscreen
  6
CONTINUOUS
100
AcDbLine
 10
85.2299999999999898
 20
-68.5750000000000028
 30
0
 11
79.9899999999999949
 21
-68.5750000000000028
 31
0
  0
LINE
  5
5CF
330
1B
100
AcDbEntity
  8
F.Silkscreen
  6
CONTINUOUS
100
AcDbLine
 10
90.3599999999999994
 20
-43.0649999999999977
 30
0
 11
90.3599999999999994
 21
-53.3449999999999989
 31
0
  0
LINE
  5
5D0
330
1B
100
AcDbEntity
  8
F.Silkscreen
  6
CONTINUOUS
100
AcDbLine
 10
90.3599999999999994
 20
-53.3449999999999989
 30
0
 11
94.8599999999999994
 21
-53.3449999999999989
 31
0
  0
LINE
  5
5D1
330
1B
100
AcDbEntity
  8
F.Silkscreen
  6
CONTINUOUS
100
AcDbLine
 10
91.6099999999999994
 20
-43.0649999999999977
 30
0
 11
90.3599999999999994
 21
-43.0649999999999977
 31
0
  0
LINE
  5
5D2
330
1B
100
AcDbEntity
  8
F.Silkscreen
  6
CONTINUOUS
100
AcDbLine
 10
94.8599999999999994
 20
-43.0649999999999977
 30
0
 11
93.6099999999999994
 21
-43.0649999999999977
 31
0
  0
LINE
  5
5D3
330
1B
100
AcDbEntity
  8
F.Silkscreen
  6
CONTINUOUS
100
AcDbLine
 10
94.8599999999999994
 20
-53.3449999999999989
 30
0
 11
94.8599999999999994
 21
-43.0649999999999977
 31
0
  0
ARC
  5
5D4
330
1B
100
AcDbEntity
  8
F.Silkscreen
100
AcDbCircle
 10
92.6099999999999994
 20
-43.0649999999999977
 30
0
 40
1.
100
AcDbArc
 50
-180.00000000
 51
-0.00000000
  0
LINE
  5
5D5
330
1B
100
AcDbEntity
  8
F.Silkscreen
  6
CONTINUOUS
100
AcDbLine
 10
38.3500000000000014
 20
-64.4500000000000028
 30
0
 11
38.3500000000000014
 21
-82.3499999999999943
 31
0
  0
LINE
  5
5D6
330
1B
100
AcDbEntity
  8
F.Silkscreen
  6
CONTINUOUS
100
AcDbLine
 10
38.3500000000000014
 20
-82.3499999999999943
 30
0
 11
42.8500000000000014
 21
-82.3499999999999943
 31
0
  0
LINE
  5
5D7
330
1B
100
AcDbEntity
  8
F.Silkscreen
  6
CONTINUOUS
100
AcDbLine
 10
39.6000000000000014
 20
-64.4500000000000028
 30
0
 11
38.3500000000000014
 21
-64.4500000000000028
 31
0
  0
LINE
  5
5D8
330
1B
100
AcDbEntity
  8
F.Silkscreen
  6
CONTINUOUS
100
AcDbLine
 10
42.8500000000000014
 20
-64.4500000000000028
 30
0
 11
41.6000000000000014
 21
-64.4500000000000028
 31
0
  0
LINE
  5
5D9
330
1B
100
AcDbEntity
  8
F.Silkscreen
  6
CONTINUOUS
100
AcDbLine
 10
42.8500000000000014
 20
-82.3499999999999943
 30
0
 11
42.8500000000000014
 21
-64.4500000000000028
 31
0
  0
ARC
  5
5DA
330
1B
100
AcDbEntity
  8
F.Silkscreen
100
AcDbCircle
 10
40.6000000000000014
 20
-64.4500000000000028
 30
0
 40
1.
100
AcDbArc
 50
-180.00000000
 51
-0.00000000
  0
LINE
  5
5DB
330
1B
100
AcDbEntity
  8
F.Silkscreen
  6
CONTINUOUS
100
AcDbLine
 10
80.3599999999999994
 20
-70.0649999999999977
 30
0
 11
80.3599999999999994
 21
-80.3449999999999989
 31
0
  0
LINE
  5
5DC
330
1B
100
AcDbEntity
  8
F.Silkscreen
  6
CONTINUOUS
100
AcDbLine
 10
80.3599999999999994
 20
-80.3449999999999989
 30
0
 11
84.8599999999999994
 21
-80.3449999999999989
 31
0
  0
LINE
  5
5DD
330
1B
100
AcDbEntity
  8
F.Silkscreen
  6
CONTINUOUS
100
AcDbLine
 10
81.6099999999999994
 20
-70.0649999999999977
 30
0
 11
80.3599999999999994
 21
-70.0649999999999977
 31
0
  0
LINE
  5
5DE
330
1B
100
AcDbEntity
  8
F.Silkscreen
  6
CONTINUOUS
100
AcDbLine
 10
84.8599999999999994
 20
-70.0649999999999977
 30
0
 11
83.6099999999999994
 21
-70.0649999999999977
 31
0
  0
LINE
  5
5DF
330
1B
100
AcDbEntity
  8
F.Silkscreen
  6
CONTINUOUS
100
AcDbLine
 10
84.8599999999999994
 20
-80.3449999999999989
 30
0
 11
84.8599999999999994
 21
-70.0649999999999977
 31
0
  0
ARC
  5
5E0
330
1B
100
AcDbEntity
  8
F.Silkscreen
100
AcDbCircle
 10
82.6099999999999994
 20
-70.0649999999999977
 30
0
 40
1.
100
AcDbArc
 50
-180.00000000
 51
-0.00000000
  0
LINE
  5
5E1
330
1B
100
AcDbEntity
  8
F.Silkscreen
  6
CONTINUOUS
100
AcDbLine
 10
75.3400000000000034
 20
-38.8350000000000009
 30
0
 11
81.8799999999999955
 21
-38.8350000000000009
 31
0
  0
LINE
  5
5E2
330
1B
100
AcDbEntity
  8
F.Silkscreen
  6
CONTINUOUS
100
AcDbLine
 10
75.3400000000000034
 20
-39.1649999999999991
 30
0
 11
75.3400000000000034
 21
-38.8350000000000009
 31
0
  0
LINE
  5
5E3
330
1B
100
AcDbEntity
  8
F.Silkscreen
  6
CONTINUOUS
100
AcDbLine
 10
75.3400000000000034
 20
-41.2449999999999974
 30
0
 11
75.3400000000000034
 21
-41.5749999999999957
 31
0
  0
LINE
  5
5E4
330
1B
100
AcDbEntity
  8
F.Silkscreen
  6
CONTINUOUS
100
AcDbLine
 10
75.3400000000000034
 20
-41.5749999999999957
 30
0
 11
81.8799999999999955
 21
-41.5749999999999957
 31
0
  0
LINE
  5
5E5
330
1B
100
AcDbEntity
  8
F.Silkscreen
  6
CONTINUOUS
100
AcDbLine
 10
81.8799999999999955
 20
-38.8350000000000009
 30
0
 11
81.8799999999999955
 21
-39.1649999999999991
 31
0
  0
LINE
  5
5E6
330
1B
100
AcDbEntity
  8
F.Silkscreen
  6
CONTINUOUS
100
AcDbLine
 10
81.8799999999999955
 20
-41.5749999999999957
 30
0
 11
81.8799999999999955
 21
-41.2449999999999974
 31
0
  0
LINE
  5
5E7
330
1B
100
AcDbEntity
  8
F.Silkscreen
  6
CONTINUOUS
100
AcDbLine
 10
103.5300000000000011
 20
-91.5849999999999937
 30
0
 11
105.9649999999999892
 21
-91.5849999999999937
 31
0
  0
LINE
  5
5E8
330
1B
100
AcDbEntity
  8
F.Silkscreen
  6
CONTINUOUS
100
AcDbLine
 10
103.5300000000000011
 20
-102.8249999999999886
 30
0
 11
103.5300000000000011
 21
-91.5849999999999937
 31
0
  0
LINE
  5
5E9
330
1B
100
AcDbEntity
  8
F.Silkscreen
  6
CONTINUOUS
100
AcDbLine
 10
105.9649999999999892
 20
-102.8249999999999886
 30
0
 11
103.5300000000000011
 21
-102.8249999999999886
 31
0
  0
LINE
  5
5EA
330
1B
100
AcDbEntity
  8
F.Silkscreen
  6
CONTINUOUS
100
AcDbLine
 10
107.6349999999999909
 20
-91.5849999999999937
 30
0
 11
110.0699999999999932
 21
-91.5849999999999937
 31
0
  0
LINE
  5
5EB
330
1B
100
AcDbEntity
  8
F.Silkscreen
  6
CONTINUOUS
100
AcDbLine
 10
110.0699999999999932
 20
-91.5849999999999937
 30
0
 11
110.0699999999999932
 21
-102.8249999999999886
 31
0
  0
LINE
  5
5EC
330
1B
100
AcDbEntity
  8
F.Silkscreen
  6
CONTINUOUS
100
AcDbLine
 10
110.0699999999999932
 20
-102.8249999999999886
 30
0
 11
107.6349999999999909
 21
-102.8249999999999886
 31
0
  0
LINE
  5
5ED
330
1B
100
AcDbEntity
  8
F.Silkscreen
  6
CONTINUOUS
100
AcDbLine
 10
92.7199999999999989
 20
-77.8349999999999937
 30
0
 11
99.2599999999999909
 21
-77.8349999999999937
 31
0
  0
LINE
  5
5EE
330
1B
100
AcDbEntity
  8
F.Silkscreen
  6
CONTINUOUS
100
AcDbLine
 10
92.7199999999999989
 20
-78.164999999999992
 30
0
 11
92.7199999999999989
 21
-77.8349999999999937
 31
0
  0
LINE
  5
5EF
330
1B
100
AcDbEntity
  8
F.Silkscreen
  6
CONTINUOUS
100
AcDbLine
 10
92.7199999999999989
 20
-80.2449999999999903
 30
0
 11
92.7199999999999989
 21
-80.5750000000000028
 31
0
  0
LINE
  5
5F0
330
1B
100
AcDbEntity
  8
F.Silkscreen
  6
CONTINUOUS
100
AcDbLine
 10
92.7199999999999989
 20
-80.5750000000000028
 30
0
 11
99.2599999999999909
 21
-80.5750000000000028
 31
0
  0
LINE
  5
5F1
330
1B
100
AcDbEntity
  8
F.Silkscreen
  6
CONTINUOUS
100
AcDbLine
 10
99.2599999999999909
 20
-77.8349999999999937
 30
0
 11
99.2599999999999909
 21
-78.164999999999992
 31
0
  0
LINE
  5
5F2
330
1B
100
AcDbEntity
  8
F.Silkscreen
  6
CONTINUOUS
100
AcDbLine
 10
99.2599999999999909
 20
-80.5750000000000028
 30
0
 11
99.2599999999999909
 21
-80.2449999999999903
 31
0
  0
LINE
  5
5F3
330
1B
100
AcDbEntity
  8
F.Silkscreen
  6
CONTINUOUS
100
AcDbLine
 10
54.3599999999999994
 20
-40.7299999999999969
 30
0
 11
54.3599999999999994
 21
-58.6299999999999955
 31
0
  0
LINE
  5
5F4
330
1B
100
AcDbEntity
  8
F.Silkscreen
  6
CONTINUOUS
100
AcDbLine
 10
54.3599999999999994
 20
-58.6299999999999955
 30
0
 11
58.8599999999999994
 21
-58.6299999999999955
 31
0
  0
LINE
  5
5F5
330
1B
100
AcDbEntity
  8
F.Silkscreen
  6
CONTINUOUS
100
AcDbLine
 10
55.6099999999999994
 20
-40.7299999999999969
 30
0
 11
54.3599999999999994
 21
-40.7299999999999969
 31
0
  0
LINE
  5
5F6
330
1B
100
AcDbEntity
  8
F.Silkscreen
  6
CONTINUOUS
100
AcDbLine
 10
58.8599999999999994
 20
-40.7299999999999969
 30
0
 11
57.6099999999999994
 21
-40.7299999999999969
 31
0
  0
LINE
  5
5F7
330
1B
100
AcDbEntity
  8
F.Silkscreen
  6
CONTINUOUS
100
AcDbLine
 10
58.8599999999999994
 20
-58.6299999999999955
 30
0
 11
58.8599999999999994
 21
-40.7299999999999969
 31
0
  0
ARC
  5
5F8
330
1B
100
AcDbEntity
  8
F.Silkscreen
100
AcDbCircle
 10
56.6099999999999994
 20
-40.7299999999999969
 30
0
 40
1.
100
AcDbArc
 50
-180.00000000
 51
-0.00000000
  0
LINE
  5
5F9
330
1B
100
AcDbEntity
  8
F.Silkscreen
  6
CONTINUOUS
100
AcDbLine
 10
75.3400000000000034
 20
-52.8350000000000009
 30
0
 11
81.8799999999999955
 21
-52.8350000000000009
 31
0
  0
LINE
  5
5FA
330
1B
100
AcDbEntity
  8
F.Silkscreen
  6
CONTINUOUS
100
AcDbLine
 10
75.3400000000000034
 20
-53.1649999999999991
 30
0
 11
75.3400000000000034
 21
-52.8350000000000009
 31
0
  0
LINE
  5
5FB
330
1B
100
AcDbEntity
  8
F.Silkscreen
  6
CONTINUOUS
100
AcDbLine
 10
75.3400000000000034
 20
-55.2449999999999974
 30
0
 11
75.3400000000000034
 21
-55.5749999999999957
 31
0
  0
LINE
  5
5FC
330
1B
100
AcDbEntity
  8
F.Silkscreen
  6
CONTINUOUS
100
AcDbLine
 10
75.3400000000000034
 20
-55.5749999999999957
 30
0
 11
81.8799999999999955
 21
-55.5749999999999957
 31
0
  0
LINE
  5
5FD
330
1B
100
AcDbEntity
  8
F.Silkscreen
  6
CONTINUOUS
100
AcDbLine
 10
81.8799999999999955
 20
-52.8350000000000009
 30
0
 11
81.8799999999999955
 21
-53.1649999999999991
 31
0
  0
LINE
  5
5FE
330
1B
100
AcDbEntity
  8
F.Silkscreen
  6
CONTINUOUS
100
AcDbLine
 10
81.8799999999999955
 20
-55.5749999999999957
 30
0
 11
81.8799999999999955
 21
-55.2449999999999974
 31
0
  0
LINE
  5
5FF
330
1B
100
AcDbEntity
  8
F.Silkscreen
  6
CONTINUOUS
100
AcDbLine
 10
59.7299999999999969
 20
-28.6199999999999974
 30
0
 11
59.7299999999999969
 21
-33.9200000000000017
 31
0
  0
LINE
  5
600
330
1B
100
AcDbEntity
  8
F.Silkscreen
  6
CONTINUOUS
100
AcDbLine
 10
77.6199999999999903
 20
-28.6199999999999974
 30
0
 11
59.7299999999999969
 21
-28.6199999999999974
 31
0
  0
LINE
  5
601
330
1B
100
AcDbEntity
  8
F.Silkscreen
  6
CONTINUOUS
100
AcDbLine
 10
77.6199999999999903
 20
-28.6199999999999974
 30
0
 11
77.6199999999999903
 21
-31.2699999999999996
 31
0
  0
LINE
  5
602
330
1B
100
AcDbEntity
  8
F.Silkscreen
  6
CONTINUOUS
100
AcDbLine
 10
77.6199999999999903
 20
-31.2699999999999996
 30
0
 11
80.269999999999996
 21
-31.2699999999999996
 31
0
  0
LINE
  5
603
330
1B
100
AcDbEntity
  8
F.Silkscreen
  6
CONTINUOUS
100
AcDbLine
 10
78.8900000000000006
 20
-28.6199999999999974
 30
0
 11
80.269999999999996
 21
-28.6199999999999974
 31
0
  0
LINE
  5
604
330
1B
100
AcDbEntity
  8
F.Silkscreen
  6
CONTINUOUS
100
AcDbLine
 10
80.269999999999996
 20
-28.6199999999999974
 30
0
 11
80.269999999999996
 21
-30.
 31
0
  0
LINE
  5
605
330
1B
100
AcDbEntity
  8
F.Silkscreen
  6
CONTINUOUS
100
AcDbLine
 10
80.269999999999996
 20
-31.2699999999999996
 30
0
 11
80.269999999999996
 21
-33.9200000000000017
 31
0
  0
LINE
  5
606
330
1B
100
AcDbEntity
  8
F.Silkscreen
  6
CONTINUOUS
100
AcDbLine
 10
80.269999999999996
 20
-33.9200000000000017
 30
0
 11
59.7299999999999969
 21
-33.9200000000000017
 31
0
  0
LINE
  5
607
330
1B
100
AcDbEntity
  8
F.Silkscreen
  6
CONTINUOUS
100
AcDbLine
 10
75.3400000000000034
 20
-48.168299999999995
 30
0
 11
81.8799999999999955
 21
-48.168299999999995
 31
0
  0
LINE
  5
608
330
1B
100
AcDbEntity
  8
F.Silkscreen
  6
CONTINUOUS
100
AcDbLine
 10
75.3400000000000034
 20
-48.4983000000000004
 30
0
 11
75.3400000000000034
 21
-48.168299999999995
 31
0
  0
LINE
  5
609
330
1B
100
AcDbEntity
  8
F.Silkscreen
  6
CONTINUOUS
100
AcDbLine
 10
75.3400000000000034
 20
-50.5782999999999987
 30
0
 11
75.3400000000000034
 21
-50.908299999999997
 31
0
  0
LINE
  5
60A
330
1B
100
AcDbEntity
  8
F.Silkscreen
  6
CONTINUOUS
100
AcDbLine
 10
75.3400000000000034
 20
-50.908299999999997
 30
0
 11
81.8799999999999955
 21
-50.908299999999997
 31
0
  0
LINE
  5
60B
330
1B
100
AcDbEntity
  8
F.Silkscreen
  6
CONTINUOUS
100
AcDbLine
 10
81.8799999999999955
 20
-48.168299999999995
 30
0
 11
81.8799999999999955
 21
-48.4983000000000004
 31
0
  0
LINE
  5
60C
330
1B
100
AcDbEntity
  8
F.Silkscreen
  6
CONTINUOUS
100
AcDbLine
 10
81.8799999999999955
 20
-50.908299999999997
 30
0
 11
81.8799999999999955
 21
-50.5782999999999987
 31
0
  0
LINE
  5
60D
330
1B
100
AcDbEntity
  8
F.Silkscreen
  6
CONTINUOUS
100
AcDbLine
 10
92.7199999999999989
 20
-72.8349999999999937
 30
0
 11
92.7199999999999989
 21
-73.164999999999992
 31
0
  0
LINE
  5
60E
330
1B
100
AcDbEntity
  8
F.Silkscreen
  6
CONTINUOUS
100
AcDbLine
 10
92.7199999999999989
 20
-75.5750000000000028
 30
0
 11
92.7199999999999989
 21
-75.2449999999999903
 31
0
  0
LINE
  5
60F
330
1B
100
AcDbEntity
  8
F.Silkscreen
  6
CONTINUOUS
100
AcDbLine
 10
99.2599999999999909
 20
-72.8349999999999937
 30
0
 11
92.7199999999999989
 21
-72.8349999999999937
 31
0
  0
LINE
  5
610
330
1B
100
AcDbEntity
  8
F.Silkscreen
  6
CONTINUOUS
100
AcDbLine
 10
99.2599999999999909
 20
-73.164999999999992
 30
0
 11
99.2599999999999909
 21
-72.8349999999999937
 31
0
  0
LINE
  5
611
330
1B
100
AcDbEntity
  8
F.Silkscreen
  6
CONTINUOUS
100
AcDbLine
 10
99.2599999999999909
 20
-75.2449999999999903
 30
0
 11
99.2599999999999909
 21
-75.5750000000000028
 31
0
  0
LINE
  5
612
330
1B
100
AcDbEntity
  8
F.Silkscreen
  6
CONTINUOUS
100
AcDbLine
 10
99.2599999999999909
 20
-75.5750000000000028
 30
0
 11
92.7199999999999989
 21
-75.5750000000000028
 31
0
  0
LINE
  5
613
330
1B
100
AcDbEntity
  8
F.Silkscreen
  6
CONTINUOUS
100
AcDbLine
 10
72.3400000000000034
 20
-89.8349999999999937
 30
0
 11
72.3400000000000034
 21
-90.164999999999992
 31
0
  0
LINE
  5
614
330
1B
100
AcDbEntity
  8
F.Silkscreen
  6
CONTINUOUS
100
AcDbLine
 10
72.3400000000000034
 20
-92.5750000000000028
 30
0
 11
72.3400000000000034
 21
-92.2449999999999903
 31
0
  0
LINE
  5
615
330
1B
100
AcDbEntity
  8
F.Silkscreen
  6
CONTINUOUS
100
AcDbLine
 10
78.8799999999999955
 20
-89.8349999999999937
 30
0
 11
72.3400000000000034
 21
-89.8349999999999937
 31
0
  0
LINE
  5
616
330
1B
100
AcDbEntity
  8
F.Silkscreen
  6
CONTINUOUS
100
AcDbLine
 10
78.8799999999999955
 20
-90.164999999999992
 30
0
 11
78.8799999999999955
 21
-89.8349999999999937
 31
0
  0
LINE
  5
617
330
1B
100
AcDbEntity
  8
F.Silkscreen
  6
CONTINUOUS
100
AcDbLine
 10
78.8799999999999955
 20
-92.2449999999999903
 30
0
 11
78.8799999999999955
 21
-92.5750000000000028
 31
0
  0
LINE
  5
618
330
1B
100
AcDbEntity
  8
F.Silkscreen
  6
CONTINUOUS
100
AcDbLine
 10
78.8799999999999955
 20
-92.5750000000000028
 30
0
 11
72.3400000000000034
 21
-92.5750000000000028
 31
0
  0
LINE
  5
619
330
1B
100
AcDbEntity
  8
F.Silkscreen
  6
CONTINUOUS
100
AcDbLine
 10
44.3399999999999963
 20
-92.8349999999999937
 30
0
 11
50.8799999999999955
 21
-92.8349999999999937
 31
0
  0
LINE
  5
61A
330
1B
100
AcDbEntity
  8
F.Silkscreen
  6
CONTINUOUS
100
AcDbLine
 10
44.3399999999999963
 20
-93.164999999999992
 30
0
 11
44.3399999999999963
 21
-92.8349999999999937
 31
0
  0
LINE
  5
61B
330
1B
100
AcDbEntity
  8
F.Silkscreen
  6
CONTINUOUS
100
AcDbLine
 10
44.3399999999999963
 20
-95.2449999999999903
 30
0
 11
44.3399999999999963
 21
-95.5749999999999886
 31
0
  0
LINE
  5
61C
330
1B
100
AcDbEntity
  8
F.Silkscreen
  6
CONTINUOUS
100
AcDbLine
 10
44.3399999999999963
 20
-95.5749999999999886
 30
0
 11
50.8799999999999955
 21
-95.5749999999999886
 31
0
  0
LINE
  5
61D
330
1B
100
AcDbEntity
  8
F.Silkscreen
  6
CONTINUOUS
100
AcDbLine
 10
50.8799999999999955
 20
-92.8349999999999937
 30
0
 11
50.8799999999999955
 21
-93.164999999999992
 31
0
  0
LINE
  5
61E
330
1B
100
AcDbEntity
  8
F.Silkscreen
  6
CONTINUOUS
100
AcDbLine
 10
50.8799999999999955
 20
-95.5749999999999886
 30
0
 11
50.8799999999999955
 21
-95.2449999999999903
 31
0
  0
LINE
  5
61F
330
1B
100
AcDbEntity
  8
F.Silkscreen
  6
CONTINUOUS
100
AcDbLine
 10
101.2399999999999949
 20
-39.9349999999999952
 30
0
 11
101.2399999999999949
 21
-46.4750000000000014
 31
0
  0
LINE
  5
620
330
1B
100
AcDbEntity
  8
F.Silkscreen
  6
CONTINUOUS
100
AcDbLine
 10
101.2399999999999949
 20
-46.4750000000000014
 30
0
 11
101.5699999999999932
 21
-46.4750000000000014
 31
0
  0
LINE
  5
621
330
1B
100
AcDbEntity
  8
F.Silkscreen
  6
CONTINUOUS
100
AcDbLine
 10
101.5699999999999932
 20
-39.9349999999999952
 30
0
 11
101.2399999999999949
 21
-39.9349999999999952
 31
0
  0
LINE
  5
622
330
1B
100
AcDbEntity
  8
F.Silkscreen
  6
CONTINUOUS
100
AcDbLine
 10
103.6499999999999915
 20
-39.9349999999999952
 30
0
 11
103.9799999999999898
 21
-39.9349999999999952
 31
0
  0
LINE
  5
623
330
1B
100
AcDbEntity
  8
F.Silkscreen
  6
CONTINUOUS
100
AcDbLine
 10
103.9799999999999898
 20
-39.9349999999999952
 30
0
 11
103.9799999999999898
 21
-46.4750000000000014
 31
0
  0
LINE
  5
624
330
1B
100
AcDbEntity
  8
F.Silkscreen
  6
CONTINUOUS
100
AcDbLine
 10
103.9799999999999898
 20
-46.4750000000000014
 30
0
 11
103.6499999999999915
 21
-46.4750000000000014
 31
0
  0
LINE
  5
625
330
1B
100
AcDbEntity
  8
F.Silkscreen
  6
CONTINUOUS
100
AcDbLine
 10
79.9899999999999949
 20
-82.8349999999999937
 30
0
 11
85.2299999999999898
 21
-82.8349999999999937
 31
0
  0
LINE
  5
626
330
1B
100
AcDbEntity
  8
F.Silkscreen
  6
CONTINUOUS
100
AcDbLine
 10
79.9899999999999949
 20
-83.171999999999997
 30
0
 11
79.9899999999999949
 21
-82.8349999999999937
 31
0
  0
LINE
  5
627
330
1B
100
AcDbEntity
  8
F.Silkscreen
  6
CONTINUOUS
100
AcDbLine
 10
79.9899999999999949
 20
-85.5750000000000028
 30
0
 11
79.9899999999999949
 21
-85.2379999999999995
 31
0
  0
LINE
  5
628
330
1B
100
AcDbEntity
  8
F.Silkscreen
  6
CONTINUOUS
100
AcDbLine
 10
85.2299999999999898
 20
-82.8349999999999937
 30
0
 11
85.2299999999999898
 21
-83.171999999999997
 31
0
  0
LINE
  5
629
330
1B
100
AcDbEntity
  8
F.Silkscreen
  6
CONTINUOUS
100
AcDbLine
 10
85.2299999999999898
 20
-85.2379999999999995
 30
0
 11
85.2299999999999898
 21
-85.5750000000000028
 31
0
  0
LINE
  5
62A
330
1B
100
AcDbEntity
  8
F.Silkscreen
  6
CONTINUOUS
100
AcDbLine
 10
85.2299999999999898
 20
-85.5750000000000028
 30
0
 11
79.9899999999999949
 21
-85.5750000000000028
 31
0
  0
LINE
  5
62B
330
1B
100
AcDbEntity
  8
F.Silkscreen
  6
CONTINUOUS
100
AcDbLine
 10
66.3199999999999932
 20
-77.6299999999999955
 30
0
 11
72.8599999999999994
 21
-77.6299999999999955
 31
0
  0
LINE
  5
62C
330
1B
100
AcDbEntity
  8
F.Silkscreen
  6
CONTINUOUS
100
AcDbLine
 10
66.3199999999999932
 20
-77.9599999999999937
 30
0
 11
66.3199999999999932
 21
-77.6299999999999955
 31
0
  0
LINE
  5
62D
330
1B
100
AcDbEntity
  8
F.Silkscreen
  6
CONTINUOUS
100
AcDbLine
 10
66.3199999999999932
 20
-80.039999999999992
 30
0
 11
66.3199999999999932
 21
-80.3699999999999903
 31
0
  0
LINE
  5
62E
330
1B
100
AcDbEntity
  8
F.Silkscreen
  6
CONTINUOUS
100
AcDbLine
 10
66.3199999999999932
 20
-80.3699999999999903
 30
0
 11
72.8599999999999994
 21
-80.3699999999999903
 31
0
  0
LINE
  5
62F
330
1B
100
AcDbEntity
  8
F.Silkscreen
  6
CONTINUOUS
100
AcDbLine
 10
72.8599999999999994
 20
-77.6299999999999955
 30
0
 11
72.8599999999999994
 21
-77.9599999999999937
 31
0
  0
LINE
  5
630
330
1B
100
AcDbEntity
  8
F.Silkscreen
  6
CONTINUOUS
100
AcDbLine
 10
72.8599999999999994
 20
-80.3699999999999903
 30
0
 11
72.8599999999999994
 21
-80.039999999999992
 31
0
  0
LINE
  5
631
330
1B
100
AcDbEntity
  8
F.Silkscreen
  6
CONTINUOUS
100
AcDbLine
 10
64.2399999999999949
 20
-42.0599999999999952
 30
0
 11
64.5769999999999982
 21
-42.0599999999999952
 31
0
  0
LINE
  5
632
330
1B
100
AcDbEntity
  8
F.Silkscreen
  6
CONTINUOUS
100
AcDbLine
 10
64.2399999999999949
 20
-47.2999999999999972
 30
0
 11
64.2399999999999949
 21
-42.0599999999999952
 31
0
  0
LINE
  5
633
330
1B
100
AcDbEntity
  8
F.Silkscreen
  6
CONTINUOUS
100
AcDbLine
 10
64.5769999999999982
 20
-47.2999999999999972
 30
0
 11
64.2399999999999949
 21
-47.2999999999999972
 31
0
  0
LINE
  5
634
330
1B
100
AcDbEntity
  8
F.Silkscreen
  6
CONTINUOUS
100
AcDbLine
 10
66.6430000000000007
 20
-42.0599999999999952
 30
0
 11
66.980000000000004
 21
-42.0599999999999952
 31
0
  0
LINE
  5
635
330
1B
100
AcDbEntity
  8
F.Silkscreen
  6
CONTINUOUS
100
AcDbLine
 10
66.980000000000004
 20
-42.0599999999999952
 30
0
 11
66.980000000000004
 21
-47.2999999999999972
 31
0
  0
LINE
  5
636
330
1B
100
AcDbEntity
  8
F.Silkscreen
  6
CONTINUOUS
100
AcDbLine
 10
66.980000000000004
 20
-47.2999999999999972
 30
0
 11
66.6430000000000007
 21
-47.2999999999999972
 31
0
  0
LINE
  5
637
330
1B
100
AcDbEntity
  8
F.Silkscreen
  6
CONTINUOUS
100
AcDbLine
 10
85.6799999999999926
 20
-109.8049999999999926
 30
0
 11
85.6799999999999926
 21
-112.5649999999999977
 31
0
  0
LINE
  5
638
330
1B
100
AcDbEntity
  8
F.Silkscreen
  6
CONTINUOUS
100
AcDbLine
 10
85.6799999999999926
 20
-112.5649999999999977
 30
0
 11
93.519999999999996
 21
-112.5649999999999977
 31
0
  0
LINE
  5
639
330
1B
100
AcDbEntity
  8
F.Silkscreen
  6
CONTINUOUS
100
AcDbLine
 10
86.6299999999999955
 20
-109.4923579999999959
 30
0
 11
86.6299999999999955
 21
-109.8049999999999926
 31
0
  0
LINE
  5
63A
330
1B
100
AcDbEntity
  8
F.Silkscreen
  6
CONTINUOUS
100
AcDbLine
 10
86.6299999999999955
 20
-118.5649999999999977
 30
0
 11
86.6299999999999955
 21
-112.5649999999999977
 31
0
  0
LINE
  5
63B
330
1B
100
AcDbEntity
  8
F.Silkscreen
  6
CONTINUOUS
100
AcDbLine
 10
87.4899999999999949
 20
-109.4923579999999959
 30
0
 11
87.4899999999999949
 21
-109.8049999999999926
 31
0
  0
LINE
  5
63C
330
1B
100
AcDbEntity
  8
F.Silkscreen
  6
CONTINUOUS
100
AcDbLine
 10
87.4899999999999949
 20
-112.5649999999999977
 30
0
 11
87.4899999999999949
 21
-118.5649999999999977
 31
0
  0
LINE
  5
63D
330
1B
100
AcDbEntity
  8
F.Silkscreen
  6
CONTINUOUS
100
AcDbLine
 10
87.4899999999999949
 20
-118.5649999999999977
 30
0
 11
86.6299999999999955
 21
-118.5649999999999977
 31
0
  0
LINE
  5
63E
330
1B
100
AcDbEntity
  8
F.Silkscreen
  6
CONTINUOUS
100
AcDbLine
 10
88.3299999999999983
 20
-109.8049999999999926
 30
0
 11
88.3299999999999983
 21
-112.5649999999999977
 31
0
  0
LINE
  5
63F
330
1B
100
AcDbEntity
  8
F.Silkscreen
  6
CONTINUOUS
100
AcDbLine
 10
89.1700000000000017
 20
-109.4923579999999959
 30
0
 11
89.1700000000000017
 21
-109.8049999999999926
 31
0
  0
LINE
  5
640
330
1B
100
AcDbEntity
  8
F.Silkscreen
  6
CONTINUOUS
100
AcDbLine
 10
89.1700000000000017
 20
-118.5649999999999977
 30
0
 11
89.1700000000000017
 21
-112.5649999999999977
 31
0
  0
LINE
  5
641
330
1B
100
AcDbEntity
  8
F.Silkscreen
  6
CONTINUOUS
100
AcDbLine
 10
90.0300000000000011
 20
-109.4923579999999959
 30
0
 11
90.0300000000000011
 21
-109.8049999999999926
 31
0
  0
LINE
  5
642
330
1B
100
AcDbEntity
  8
F.Silkscreen
  6
CONTINUOUS
100
AcDbLine
 10
90.0300000000000011
 20
-112.5649999999999977
 30
0
 11
90.0300000000000011
 21
-118.5649999999999977
 31
0
  0
LINE
  5
643
330
1B
100
AcDbEntity
  8
F.Silkscreen
  6
CONTINUOUS
100
AcDbLine
 10
90.0300000000000011
 20
-118.5649999999999977
 30
0
 11
89.1700000000000017
 21
-118.5649999999999977
 31
0
  0
LINE
  5
644
330
1B
100
AcDbEntity
  8
F.Silkscreen
  6
CONTINUOUS
100
AcDbLine
 10
90.8699999999999903
 20
-109.8049999999999926
 30
0
 11
90.8699999999999903
 21
-112.5649999999999977
 31
0
  0
LINE
  5
645
330
1B
100
AcDbEntity
  8
F.Silkscreen
  6
CONTINUOUS
100
AcDbLine
 10
91.7099999999999937
 20
-109.5749999999999886
 30
0
 11
91.7099999999999937
 21
-109.8049999999999926
 31
0
  0
LINE
  5
646
330
1B
100
AcDbEntity
  8
F.Silkscreen
  6
CONTINUOUS
100
AcDbLine
 10
92.1400000000000006
 20
-107.144999999999996
 30
0
 11
93.4099999999999966
 21
-107.144999999999996
 31
0
  0
LINE
  5
647
330
1B
100
AcDbEntity
  8
F.Silkscreen
  6
CONTINUOUS
100
AcDbLine
 10
92.5699999999999932
 20
-109.5749999999999886
 30
0
 11
92.5699999999999932
 21
-109.8049999999999926
 31
0
  0
LINE
  5
648
330
1B
100
AcDbEntity
  8
F.Silkscreen
  6
CONTINUOUS
100
AcDbLine
 10
93.4099999999999966
 20
-107.144999999999996
 30
0
 11
93.4099999999999966
 21
-108.414999999999992
 31
0
  0
LINE
  5
649
330
1B
100
AcDbEntity
  8
F.Silkscreen
  6
CONTINUOUS
100
AcDbLine
 10
93.519999999999996
 20
-109.8049999999999926
 30
0
 11
85.6799999999999926
 21
-109.8049999999999926
 31
0
  0
LINE
  5
64A
330
1B
100
AcDbEntity
  8
F.Silkscreen
  6
CONTINUOUS
100
AcDbLine
 10
93.519999999999996
 20
-112.5649999999999977
 30
0
 11
93.519999999999996
 21
-109.8049999999999926
 31
0
  0
LINE
  5
64B
330
1B
100
AcDbEntity
  8
F.Silkscreen
  6
CONTINUOUS
100
AcDbLine
 10
92.5929610000000025
 20
-112.5095669999999899
 30
0
 11
92.625433000000001
 21
-112.5420389999999884
 31
0
  0
LINE
  5
64C
330
1B
100
AcDbEntity
  8
F.Silkscreen
  6
CONTINUOUS
100
AcDbLine
 10
92.625433000000001
 20
-112.5420389999999884
 30
0
 11
92.6299999999999955
 21
-112.5649999999999977
 31
0
  0
LINE
  5
64D
330
1B
100
AcDbEntity
  8
F.Silkscreen
  6
CONTINUOUS
100
AcDbLine
 10
92.6299999999999955
 20
-112.5649999999999977
 30
0
 11
92.6299999999999955
 21
-118.5649999999999977
 31
0
  0
LINE
  5
64E
330
1B
100
AcDbEntity
  8
F.Silkscreen
  6
CONTINUOUS
100
AcDbLine
 10
92.6299999999999955
 20
-118.5649999999999977
 30
0
 11
92.625433000000001
 21
-118.5879609999999929
 31
0
  0
LINE
  5
64F
330
1B
100
AcDbEntity
  8
F.Silkscreen
  6
CONTINUOUS
100
AcDbLine
 10
92.625433000000001
 20
-118.5879609999999929
 30
0
 11
92.5929610000000025
 21
-118.6204329999999914
 31
0
  0
LINE
  5
650
330
1B
100
AcDbEntity
  8
F.Silkscreen
  6
CONTINUOUS
100
AcDbLine
 10
92.5929610000000025
 20
-118.6204329999999914
 30
0
 11
92.5699999999999932
 21
-118.625
 31
0
  0
LINE
  5
651
330
1B
100
AcDbEntity
  8
F.Silkscreen
  6
CONTINUOUS
100
AcDbLine
 10
92.5699999999999932
 20
-118.625
 30
0
 11
91.7099999999999937
 21
-118.625
 31
0
  0
LINE
  5
652
330
1B
100
AcDbEntity
  8
F.Silkscreen
  6
CONTINUOUS
100
AcDbLine
 10
91.7099999999999937
 20
-118.625
 30
0
 11
91.6870389999999986
 21
-118.6204329999999914
 31
0
  0
LINE
  5
653
330
1B
100
AcDbEntity
  8
F.Silkscreen
  6
CONTINUOUS
100
AcDbLine
 10
91.6870389999999986
 20
-118.6204329999999914
 30
0
 11
91.6545670000000001
 21
-118.5879609999999929
 31
0
  0
LINE
  5
654
330
1B
100
AcDbEntity
  8
F.Silkscreen
  6
CONTINUOUS
100
AcDbLine
 10
91.6545670000000001
 20
-118.5879609999999929
 30
0
 11
91.6499999999999915
 21
-118.5649999999999977
 31
0
  0
LINE
  5
655
330
1B
100
AcDbEntity
  8
F.Silkscreen
  6
CONTINUOUS
100
AcDbLine
 10
91.6499999999999915
 20
-118.5649999999999977
 30
0
 11
91.6499999999999915
 21
-112.5649999999999977
 31
0
  0
LINE
  5
656
330
1B
100
AcDbEntity
  8
F.Silkscreen
  6
CONTINUOUS
100
AcDbLine
 10
91.6499999999999915
 20
-112.5649999999999977
 30
0
 11
91.6545670000000001
 21
-112.5420389999999884
 31
0
  0
LINE
  5
657
330
1B
100
AcDbEntity
  8
F.Silkscreen
  6
CONTINUOUS
100
AcDbLine
 10
91.6545670000000001
 20
-112.5420389999999884
 30
0
 11
91.6870389999999986
 21
-112.5095669999999899
 31
0
  0
LINE
  5
658
330
1B
100
AcDbEntity
  8
F.Silkscreen
  6
CONTINUOUS
100
AcDbLine
 10
91.6870389999999986
 20
-112.5095669999999899
 30
0
 11
91.7099999999999937
 21
-112.5049999999999955
 31
0
  0
LINE
  5
659
330
1B
100
AcDbEntity
  8
F.Silkscreen
  6
CONTINUOUS
100
AcDbLine
 10
91.7099999999999937
 20
-112.5049999999999955
 30
0
 11
92.5699999999999932
 21
-112.5049999999999955
 31
0
  0
LINE
  5
65A
330
1B
100
AcDbEntity
  8
F.Silkscreen
  6
CONTINUOUS
100
AcDbLine
 10
92.5699999999999932
 20
-112.5049999999999955
 30
0
 11
92.5929610000000025
 21
-112.5095669999999899
 31
0
  0
LINE
  5
65B
330
1B
100
AcDbEntity
  8
F.Silkscreen
  6
CONTINUOUS
100
AcDbLine
 10
58.3599999999999994
 20
-93.0649999999999977
 30
0
 11
58.3599999999999994
 21
-103.3449999999999989
 31
0
  0
LINE
  5
65C
330
1B
100
AcDbEntity
  8
F.Silkscreen
  6
CONTINUOUS
100
AcDbLine
 10
58.3599999999999994
 20
-103.3449999999999989
 30
0
 11
62.8599999999999994
 21
-103.3449999999999989
 31
0
  0
LINE
  5
65D
330
1B
100
AcDbEntity
  8
F.Silkscreen
  6
CONTINUOUS
100
AcDbLine
 10
59.6099999999999994
 20
-93.0649999999999977
 30
0
 11
58.3599999999999994
 21
-93.0649999999999977
 31
0
  0
LINE
  5
65E
330
1B
100
AcDbEntity
  8
F.Silkscreen
  6
CONTINUOUS
100
AcDbLine
 10
62.8599999999999994
 20
-93.0649999999999977
 30
0
 11
61.6099999999999994
 21
-93.0649999999999977
 31
0
  0
LINE
  5
65F
330
1B
100
AcDbEntity
  8
F.Silkscreen
  6
CONTINUOUS
100
AcDbLine
 10
62.8599999999999994
 20
-103.3449999999999989
 30
0
 11
62.8599999999999994
 21
-93.0649999999999977
 31
0
  0
ARC
  5
660
330
1B
100
AcDbEntity
  8
F.Silkscreen
100
AcDbCircle
 10
60.6099999999999994
 20
-93.0649999999999977
 30
0
 40
1.
100
AcDbArc
 50
-180.00000000
 51
-0.00000000
  0
LINE
  5
661
330
1B
100
AcDbEntity
  8
F.Silkscreen
  6
CONTINUOUS
100
AcDbLine
 10
62.519999999999996
 20
-81.8299999999999983
 30
0
 11
69.0600000000000023
 21
-81.8299999999999983
 31
0
  0
LINE
  5
662
330
1B
100
AcDbEntity
  8
F.Silkscreen
  6
CONTINUOUS
100
AcDbLine
 10
62.519999999999996
 20
-82.1599999999999966
 30
0
 11
62.519999999999996
 21
-81.8299999999999983
 31
0
  0
LINE
  5
663
330
1B
100
AcDbEntity
  8
F.Silkscreen
  6
CONTINUOUS
100
AcDbLine
 10
62.519999999999996
 20
-84.2399999999999949
 30
0
 11
62.519999999999996
 21
-84.5699999999999932
 31
0
  0
LINE
  5
664
330
1B
100
AcDbEntity
  8
F.Silkscreen
  6
CONTINUOUS
100
AcDbLine
 10
62.519999999999996
 20
-84.5699999999999932
 30
0
 11
69.0600000000000023
 21
-84.5699999999999932
 31
0
  0
LINE
  5
665
330
1B
100
AcDbEntity
  8
F.Silkscreen
  6
CONTINUOUS
100
AcDbLine
 10
69.0600000000000023
 20
-81.8299999999999983
 30
0
 11
69.0600000000000023
 21
-82.1599999999999966
 31
0
  0
LINE
  5
666
330
1B
100
AcDbEntity
  8
F.Silkscreen
  6
CONTINUOUS
100
AcDbLine
 10
69.0600000000000023
 20
-84.5699999999999932
 30
0
 11
69.0600000000000023
 21
-84.2399999999999949
 31
0
  0
LINE
  5
667
330
1B
100
AcDbEntity
  8
F.Silkscreen
  6
CONTINUOUS
100
AcDbLine
 10
92.4299999999999926
 20
-95.5849999999999937
 30
0
 11
92.7669999999999959
 21
-95.5849999999999937
 31
0
  0
LINE
  5
668
330
1B
100
AcDbEntity
  8
F.Silkscreen
  6
CONTINUOUS
100
AcDbLine
 10
92.4299999999999926
 20
-100.8249999999999886
 30
0
 11
92.4299999999999926
 21
-95.5849999999999937
 31
0
  0
LINE
  5
669
330
1B
100
AcDbEntity
  8
F.Silkscreen
  6
CONTINUOUS
100
AcDbLine
 10
92.7669999999999959
 20
-100.8249999999999886
 30
0
 11
92.4299999999999926
 21
-100.8249999999999886
 31
0
  0
LINE
  5
66A
330
1B
100
AcDbEntity
  8
F.Silkscreen
  6
CONTINUOUS
100
AcDbLine
 10
94.8329999999999984
 20
-95.5849999999999937
 30
0
 11
95.1700000000000017
 21
-95.5849999999999937
 31
0
  0
LINE
  5
66B
330
1B
100
AcDbEntity
  8
F.Silkscreen
  6
CONTINUOUS
100
AcDbLine
 10
95.1700000000000017
 20
-95.5849999999999937
 30
0
 11
95.1700000000000017
 21
-100.8249999999999886
 31
0
  0
LINE
  5
66C
330
1B
100
AcDbEntity
  8
F.Silkscreen
  6
CONTINUOUS
100
AcDbLine
 10
95.1700000000000017
 20
-100.8249999999999886
 30
0
 11
94.8329999999999984
 21
-100.8249999999999886
 31
0
  0
LINE
  5
66D
330
1B
100
AcDbEntity
  8
F.Silkscreen
  6
CONTINUOUS
100
AcDbLine
 10
66.9899999999999949
 20
-85.8349999999999937
 30
0
 11
72.2299999999999898
 21
-85.8349999999999937
 31
0
  0
LINE
  5
66E
330
1B
100
AcDbEntity
  8
F.Silkscreen
  6
CONTINUOUS
100
AcDbLine
 10
66.9899999999999949
 20
-86.171999999999997
 30
0
 11
66.9899999999999949
 21
-85.8349999999999937
 31
0
  0
LINE
  5
66F
330
1B
100
AcDbEntity
  8
F.Silkscreen
  6
CONTINUOUS
100
AcDbLine
 10
66.9899999999999949
 20
-88.5750000000000028
 30
0
 11
66.9899999999999949
 21
-88.2379999999999995
 31
0
  0
LINE
  5
670
330
1B
100
AcDbEntity
  8
F.Silkscreen
  6
CONTINUOUS
100
AcDbLine
 10
72.2299999999999898
 20
-85.8349999999999937
 30
0
 11
72.2299999999999898
 21
-86.171999999999997
 31
0
  0
LINE
  5
671
330
1B
100
AcDbEntity
  8
F.Silkscreen
  6
CONTINUOUS
100
AcDbLine
 10
72.2299999999999898
 20
-88.2379999999999995
 30
0
 11
72.2299999999999898
 21
-88.5750000000000028
 31
0
  0
LINE
  5
672
330
1B
100
AcDbEntity
  8
F.Silkscreen
  6
CONTINUOUS
100
AcDbLine
 10
72.2299999999999898
 20
-88.5750000000000028
 30
0
 11
66.9899999999999949
 21
-88.5750000000000028
 31
0
  0
LINE
  5
673
330
1B
100
AcDbEntity
  8
F.Silkscreen
  6
CONTINUOUS
100
AcDbLine
 10
89.9899999999999949
 20
-37.8350000000000009
 30
0
 11
95.2299999999999898
 21
-37.8350000000000009
 31
0
  0
LINE
  5
674
330
1B
100
AcDbEntity
  8
F.Silkscreen
  6
CONTINUOUS
100
AcDbLine
 10
89.9899999999999949
 20
-38.171999999999997
 30
0
 11
89.9899999999999949
 21
-37.8350000000000009
 31
0
  0
LINE
  5
675
330
1B
100
AcDbEntity
  8
F.Silkscreen
  6
CONTINUOUS
100
AcDbLine
 10
89.9899999999999949
 20
-40.5749999999999957
 30
0
 11
89.9899999999999949
 21
-40.2379999999999995
 31
0
  0
LINE
  5
676
330
1B
100
AcDbEntity
  8
F.Silkscreen
  6
CONTINUOUS
100
AcDbLine
 10
95.2299999999999898
 20
-37.8350000000000009
 30
0
 11
95.2299999999999898
 21
-38.171999999999997
 31
0
  0
LINE
  5
677
330
1B
100
AcDbEntity
  8
F.Silkscreen
  6
CONTINUOUS
100
AcDbLine
 10
95.2299999999999898
 20
-40.2379999999999995
 30
0
 11
95.2299999999999898
 21
-40.5749999999999957
 31
0
  0
LINE
  5
678
330
1B
100
AcDbEntity
  8
F.Silkscreen
  6
CONTINUOUS
100
AcDbLine
 10
95.2299999999999898
 20
-40.5749999999999957
 30
0
 11
89.9899999999999949
 21
-40.5749999999999957
 31
0
  0
LINE
  5
679
330
1B
100
AcDbEntity
  8
F.Silkscreen
  6
CONTINUOUS
100
AcDbLine
 10
111.9899999999999949
 20
-93.125
 30
0
 11
111.9899999999999949
 21
-103.2849999999999966
 31
0
  0
LINE
  5
67A
330
1B
100
AcDbEntity
  8
F.Silkscreen
  6
CONTINUOUS
100
AcDbLine
 10
111.9899999999999949
 20
-103.2849999999999966
 30
0
 11
119.6099999999999994
 21
-103.2849999999999966
 31
0
  0
LINE
  5
67B
330
1B
100
AcDbEntity
  8
F.Silkscreen
  6
CONTINUOUS
100
AcDbLine
 10
118.3399999999999892
 20
-93.125
 30
0
 11
118.3399999999999892
 21
-103.2849999999999966
 31
0
  0
LINE
  5
67C
330
1B
100
AcDbEntity
  8
F.Silkscreen
  6
CONTINUOUS
100
AcDbLine
 10
119.6099999999999994
 20
-93.125
 30
0
 11
111.9899999999999949
 21
-93.125
 31
0
  0
LINE
  5
67D
330
1B
100
AcDbEntity
  8
F.Silkscreen
  6
CONTINUOUS
100
AcDbLine
 10
119.6099999999999994
 20
-103.2849999999999966
 30
0
 11
119.6099999999999994
 21
-93.125
 31
0
  0
LINE
  5
67E
330
1B
100
AcDbEntity
  8
F.Silkscreen
  6
CONTINUOUS
100
AcDbLine
 10
68.9699999999999989
 20
-60.6299999999999955
 30
0
 11
74.2099999999999937
 21
-60.6299999999999955
 31
0
  0
LINE
  5
67F
330
1B
100
AcDbEntity
  8
F.Silkscreen
  6
CONTINUOUS
100
AcDbLine
 10
68.9699999999999989
 20
-60.9669999999999987
 30
0
 11
68.9699999999999989
 21
-60.6299999999999955
 31
0
  0
LINE
  5
680
330
1B
100
AcDbEntity
  8
F.Silkscreen
  6
CONTINUOUS
100
AcDbLine
 10
68.9699999999999989
 20
-63.3699999999999974
 30
0
 11
68.9699999999999989
 21
-63.0329999999999941
 31
0
  0
LINE
  5
681
330
1B
100
AcDbEntity
  8
F.Silkscreen
  6
CONTINUOUS
100
AcDbLine
 10
74.2099999999999937
 20
-60.6299999999999955
 30
0
 11
74.2099999999999937
 21
-60.9669999999999987
 31
0
  0
LINE
  5
682
330
1B
100
AcDbEntity
  8
F.Silkscreen
  6
CONTINUOUS
100
AcDbLine
 10
74.2099999999999937
 20
-63.0329999999999941
 30
0
 11
74.2099999999999937
 21
-63.3699999999999974
 31
0
  0
LINE
  5
683
330
1B
100
AcDbEntity
  8
F.Silkscreen
  6
CONTINUOUS
100
AcDbLine
 10
74.2099999999999937
 20
-63.3699999999999974
 30
0
 11
68.9699999999999989
 21
-63.3699999999999974
 31
0
  0
LINE
  5
684
330
1B
100
AcDbEntity
  8
F.Silkscreen
  6
CONTINUOUS
100
AcDbLine
 10
66.3199999999999932
 20
-71.2299999999999898
 30
0
 11
72.8599999999999994
 21
-71.2299999999999898
 31
0
  0
LINE
  5
685
330
1B
100
AcDbEntity
  8
F.Silkscreen
  6
CONTINUOUS
100
AcDbLine
 10
66.3199999999999932
 20
-71.5600000000000023
 30
0
 11
66.3199999999999932
 21
-71.2299999999999898
 31
0
  0
LINE
  5
686
330
1B
100
AcDbEntity
  8
F.Silkscreen
  6
CONTINUOUS
100
AcDbLine
 10
66.3199999999999932
 20
-73.6400000000000006
 30
0
 11
66.3199999999999932
 21
-73.9699999999999989
 31
0
  0
LINE
  5
687
330
1B
100
AcDbEntity
  8
F.Silkscreen
  6
CONTINUOUS
100
AcDbLine
 10
66.3199999999999932
 20
-73.9699999999999989
 30
0
 11
72.8599999999999994
 21
-73.9699999999999989
 31
0
  0
LINE
  5
688
330
1B
100
AcDbEntity
  8
F.Silkscreen
  6
CONTINUOUS
100
AcDbLine
 10
72.8599999999999994
 20
-71.2299999999999898
 30
0
 11
72.8599999999999994
 21
-71.5600000000000023
 31
0
  0
LINE
  5
689
330
1B
100
AcDbEntity
  8
F.Silkscreen
  6
CONTINUOUS
100
AcDbLine
 10
72.8599999999999994
 20
-73.9699999999999989
 30
0
 11
72.8599999999999994
 21
-73.6400000000000006
 31
0
  0
LINE
  5
68A
330
1B
100
AcDbEntity
  8
F.Silkscreen
  6
CONTINUOUS
100
AcDbLine
 10
41.2199999999999989
 20
-39.1299999999999955
 30
0
 11
41.2199999999999989
 21
-33.9399999999999977
 31
0
  0
LINE
  5
68B
330
1B
100
AcDbEntity
  8
F.Silkscreen
  6
CONTINUOUS
100
AcDbLine
 10
43.9799999999999969
 20
-33.9399999999999977
 30
0
 11
41.2199999999999989
 21
-33.9399999999999977
 31
0
  0
LINE
  5
68C
330
1B
100
AcDbEntity
  8
F.Silkscreen
  6
CONTINUOUS
100
AcDbLine
 10
43.9799999999999969
 20
-39.1299999999999955
 30
0
 11
41.2199999999999989
 21
-39.1299999999999955
 31
0
  0
LINE
  5
68D
330
1B
100
AcDbEntity
  8
F.Silkscreen
  6
CONTINUOUS
100
AcDbLine
 10
43.9799999999999969
 20
-39.1299999999999955
 30
0
 11
43.9799999999999969
 21
-33.9399999999999977
 31
0
  0
LINE
  5
68E
330
1B
100
AcDbEntity
  8
F.Silkscreen
  6
CONTINUOUS
100
AcDbLine
 10
43.9799999999999969
 20
-40.3999999999999986
 30
0
 11
43.9799999999999969
 21
-41.7800000000000011
 31
0
  0
LINE
  5
68F
330
1B
100
AcDbEntity
  8
F.Silkscreen
  6
CONTINUOUS
100
AcDbLine
 10
43.9799999999999969
 20
-41.7800000000000011
 30
0
 11
42.6000000000000014
 21
-41.7800000000000011
 31
0
  0
LINE
  5
690
330
1B
100
AcDbEntity
  8
F.Silkscreen
  6
CONTINUOUS
100
AcDbLine
 10
57.9899999999999949
 20
-87.8349999999999937
 30
0
 11
63.2299999999999969
 21
-87.8349999999999937
 31
0
  0
LINE
  5
691
330
1B
100
AcDbEntity
  8
F.Silkscreen
  6
CONTINUOUS
100
AcDbLine
 10
57.9899999999999949
 20
-88.171999999999997
 30
0
 11
57.9899999999999949
 21
-87.8349999999999937
 31
0
  0
LINE
  5
692
330
1B
100
AcDbEntity
  8
F.Silkscreen
  6
CONTINUOUS
100
AcDbLine
 10
57.9899999999999949
 20
-90.5750000000000028
 30
0
 11
57.9899999999999949
 21
-90.2379999999999995
 31
0
  0
LINE
  5
693
330
1B
100
AcDbEntity
  8
F.Silkscreen
  6
CONTINUOUS
100
AcDbLine
 10
63.2299999999999969
 20
-87.8349999999999937
 30
0
 11
63.2299999999999969
 21
-88.171999999999997
 31
0
  0
LINE
  5
694
330
1B
100
AcDbEntity
  8
F.Silkscreen
  6
CONTINUOUS
100
AcDbLine
 10
63.2299999999999969
 20
-90.2379999999999995
 30
0
 11
63.2299999999999969
 21
-90.5750000000000028
 31
0
  0
LINE
  5
695
330
1B
100
AcDbEntity
  8
F.Silkscreen
  6
CONTINUOUS
100
AcDbLine
 10
63.2299999999999969
 20
-90.5750000000000028
 30
0
 11
57.9899999999999949
 21
-90.5750000000000028
 31
0
  0
LINE
  5
696
330
1B
100
AcDbEntity
  8
F.Silkscreen
  6
CONTINUOUS
100
AcDbLine
 10
72.3299999999999983
 20
-96.9682999999999993
 30
0
 11
72.3299999999999983
 21
-97.2982999999999976
 31
0
  0
LINE
  5
697
330
1B
100
AcDbEntity
  8
F.Silkscreen
  6
CONTINUOUS
100
AcDbLine
 10
72.3299999999999983
 20
-99.7082999999999942
 30
0
 11
72.3299999999999983
 21
-99.3782999999999959
 31
0
  0
LINE
  5
698
330
1B
100
AcDbEntity
  8
F.Silkscreen
  6
CONTINUOUS
100
AcDbLine
 10
78.8699999999999903
 20
-96.9682999999999993
 30
0
 11
72.3299999999999983
 21
-96.9682999999999993
 31
0
  0
LINE
  5
699
330
1B
100
AcDbEntity
  8
F.Silkscreen
  6
CONTINUOUS
100
AcDbLine
 10
78.8699999999999903
 20
-97.2982999999999976
 30
0
 11
78.8699999999999903
 21
-96.9682999999999993
 31
0
  0
LINE
  5
69A
330
1B
100
AcDbEntity
  8
F.Silkscreen
  6
CONTINUOUS
100
AcDbLine
 10
78.8699999999999903
 20
-99.3782999999999959
 30
0
 11
78.8699999999999903
 21
-99.7082999999999942
 31
0
  0
LINE
  5
69B
330
1B
100
AcDbEntity
  8
F.Silkscreen
  6
CONTINUOUS
100
AcDbLine
 10
78.8699999999999903
 20
-99.7082999999999942
 30
0
 11
72.3299999999999983
 21
-99.7082999999999942
 31
0
  0
LINE
  5
69C
330
1B
100
AcDbEntity
  8
F.Silkscreen
  6
CONTINUOUS
100
AcDbLine
 10
75.3400000000000034
 20
-43.5016999999999996
 30
0
 11
81.8799999999999955
 21
-43.5016999999999996
 31
0
  0
LINE
  5
69D
330
1B
100
AcDbEntity
  8
F.Silkscreen
  6
CONTINUOUS
100
AcDbLine
 10
75.3400000000000034
 20
-43.8316999999999979
 30
0
 11
75.3400000000000034
 21
-43.5016999999999996
 31
0
  0
LINE
  5
69E
330
1B
100
AcDbEntity
  8
F.Silkscreen
  6
CONTINUOUS
100
AcDbLine
 10
75.3400000000000034
 20
-45.9116999999999962
 30
0
 11
75.3400000000000034
 21
-46.2416999999999945
 31
0
  0
LINE
  5
69F
330
1B
100
AcDbEntity
  8
F.Silkscreen
  6
CONTINUOUS
100
AcDbLine
 10
75.3400000000000034
 20
-46.2416999999999945
 30
0
 11
81.8799999999999955
 21
-46.2416999999999945
 31
0
  0
LINE
  5
6A0
330
1B
100
AcDbEntity
  8
F.Silkscreen
  6
CONTINUOUS
100
AcDbLine
 10
81.8799999999999955
 20
-43.5016999999999996
 30
0
 11
81.8799999999999955
 21
-43.8316999999999979
 31
0
  0
LINE
  5
6A1
330
1B
100
AcDbEntity
  8
F.Silkscreen
  6
CONTINUOUS
100
AcDbLine
 10
81.8799999999999955
 20
-46.2416999999999945
 30
0
 11
81.8799999999999955
 21
-45.9116999999999962
 31
0
  0
LINE
  5
6A2
330
1B
100
AcDbEntity
  8
F.Silkscreen
  6
CONTINUOUS
100
AcDbLine
 10
66.3199999999999932
 20
-65.8299999999999983
 30
0
 11
72.8599999999999994
 21
-65.8299999999999983
 31
0
  0
LINE
  5
6A3
330
1B
100
AcDbEntity
  8
F.Silkscreen
  6
CONTINUOUS
100
AcDbLine
 10
66.3199999999999932
 20
-66.1599999999999966
 30
0
 11
66.3199999999999932
 21
-65.8299999999999983
 31
0
  0
LINE
  5
6A4
330
1B
100
AcDbEntity
  8
F.Silkscreen
  6
CONTINUOUS
100
AcDbLine
 10
66.3199999999999932
 20
-68.2399999999999949
 30
0
 11
66.3199999999999932
 21
-68.5699999999999932
 31
0
  0
LINE
  5
6A5
330
1B
100
AcDbEntity
  8
F.Silkscreen
  6
CONTINUOUS
100
AcDbLine
 10
66.3199999999999932
 20
-68.5699999999999932
 30
0
 11
72.8599999999999994
 21
-68.5699999999999932
 31
0
  0
LINE
  5
6A6
330
1B
100
AcDbEntity
  8
F.Silkscreen
  6
CONTINUOUS
100
AcDbLine
 10
72.8599999999999994
 20
-65.8299999999999983
 30
0
 11
72.8599999999999994
 21
-66.1599999999999966
 31
0
  0
LINE
  5
6A7
330
1B
100
AcDbEntity
  8
F.Silkscreen
  6
CONTINUOUS
100
AcDbLine
 10
72.8599999999999994
 20
-68.5699999999999932
 30
0
 11
72.8599999999999994
 21
-68.2399999999999949
 31
0
  0
LINE
  5
6A8
330
1B
100
AcDbEntity
  8
Edge.Cuts
  6
CONTINUOUS
100
AcDbLine
 10
20.
 20
-20.
 30
0
 11
120.
 21
-20.
 31
0
  0
LINE
  5
6A9
330
1B
100
AcDbEntity
  8
Edge.Cuts
  6
CONTINUOUS
100
AcDbLine
 10
20.
 20
-120.
 30
0
 11
20.
 21
-20.
 31
0
  0
LINE
  5
6AA
330
1B
100
AcDbEntity
  8
Edge.Cuts
  6
CONTINUOUS
100
AcDbLine
 10
120.
 20
-20.
 30
0
 11
120.
 21
-120.
 31
0
  0
LINE
  5
6AB
330
1B
100
AcDbEntity
  8
Edge.Cuts
  6
CONTINUOUS
100
AcDbLine
 10
120.
 20
-120.
 30
0
 11
20.
 21
-120.
 31
0
  0
ENDSEC
  0
SECTION
  2
OBJECTS
  0
DICTIONARY
  5
21
330
0
100
AcDbDictionary
281
1
  3
ACAD_GROUP
350
6AC
  3
ACAD_LAYOUT
350
22
  3
ACAD_PLOTSTYLENAME
350
11
  0
DICTIONARY
  5
6AC
330
21
100
AcDbDictionary
281
1
  0
ACDBDICTIONARYWDFLT
  5
11
330
21
100
AcDbDictionary
281
1
  3
Normal
350
10
100
AcDbDictionaryWithDefault
340
10
  0
ACDBPLACEHOLDER
  5
10
330
11
  0
DICTIONARY
  5
22
330
21
100
AcDbDictionary
281
1
  3
Model
350
1E
  3
Layout1
350
1F
  3
Layout2
350
20
  0
LAYOUT
  5
1E
330
22
100
AcDbPlotSettings
  1

  2
none_device
  4
A3
  6

 40
0.0
 41
0.0
 42
0.0
 43
0.0
 44
420.0
 45
297.0
 46
0.0
 47
0.0
 48
0.0
 49
0.0
140
0.0
141
0.0
142
1.0
143
1.0
 70
1024
 72
1
 73
0
 74
5
  7

 75
16
 76
0
 77
2
 78
300
147
1.0
148
0.0
149
0.0
100
AcDbLayout
  1
Model
 70
1
 71
0
 10
0.0
 20
0.0
 11
420.0
 21
297.0
 12
0.0
 22
0.0
 32
0.0
 14
1e+20
 24
1e+20
 34
1e+20
 15
-1e+20
 25
-1e+20
 35
-1e+20
146
0.0
 13
0.0
 23
0.0
 33
0.0
 16
1.0
 26
0.0
 36
0.0
 17
0.0
 27
1.0
 37
0.0
 76
0
330
1B
  0
LAYOUT
  5
1F
330
22
100
AcDbPlotSettings
  1

  2
none_device
  4
A3
  6

 40
0.0
 41
0.0
 42
0.0
 43
0.0
 44
420.0
 45
297.0
 46
0.0
 47
0.0
 48
0.0
 49
0.0
140
0.0
141
0.0
142
1.0
143
1.0
 70
0
 72
1
 73
0
 74
5
  7

 75
16
 76
0
 77
2
 78
300
147
1.0
148
0.0
149
0.0
100
AcDbLayout
  1
Layout1
 70
1
 71
1
 10
0.0
 20
0.0
 11
420.0
 21
297.0
 12
0.0
 22
0.0
 32
0.0
 14
1e+20
 24
1e+20
 34
1e+20
 15
-1e+20
 25
-1e+20
 35
-1e+20
146
0.0
 13
0.0
 23
0.0
 33
0.0
 16
1.0
 26
0.0
 36
0.0
 17
0.0
 27
1.0
 37
0.0
 76
0
330
1C
  0
LAYOUT
  5
20
330
22
100
AcDbPlotSettings
  1

  2
none_device
  4
A3
  6

 40
0.0
 41
0.0
 42
0.0
 43
0.0
 44
420.0
 45
297.0
 46
0.0
 47
0.0
 48
0.0
 49
0.0
140
0.0
141
0.0
142
1.0
143
1.0
 70
0
 72
1
 73
0
 74
5
  7

 75
16
 76
0
 77
2
 78
300
147
1.0
148
0.0
149
0.0
100
AcDbLayout
  1
Layout2
 70
1
 71
2
 10
0.0
 20
0.0
 11
420.0
 21
297.0
 12
0.0
 22
0.0
 32
0.0
 14
1e+20
 24
1e+20
 34
1e+20
 15
-1e+20
 25
-1e+20
 35
-1e+20
146
0.0
 13
0.0
 23
0.0
 33
0.0
 16
1.0
 26
0.0
 36
0.0
 17
0.0
 27
1.0
 37
0.0
 76
0
330
1D
  0
ENDSEC
  0
EOF
