  0
SECTION
  2
HEADER
  9
$ACADVER
  1
AC1018
  9
$HANDSEED
  5
FFFFFFFF
  9
$ANGBASE
  50
0.0
  9
$ANGDIR
  70
1
  9
$MEASUREMENT
  70
1
  9
$INSUNITS
  70
4
  0
ENDSEC
  0
SECTION
  2
TABLES
  0
TABLE
  2
APPID
  5
1
330
0
100
AcDbSymbolTable
 70
1
  0
APPID
  5
2
330
1
100
AcDbSymbolTableRecord
100
AcDbRegAppTableRecord
  2
ACAD
 70
0
  0
ENDTAB
  0
TABLE
  2
LTYPE
  5
3
330
0
100
AcDbSymbolTable
 70
6
  0
LTYPE
  5
4
330
3
100
AcDbSymbolTableRecord
100
AcDbLinetypeTableRecord
  2
ByBlock
 70
0
  3

 72
65
 73
0
 40
0
  0
LTYPE
  5
5
330
3
100
AcDbSymbolTableRecord
100
AcDbLinetypeTableRecord
  2
ByLayer
 70
0
  3

 72
65
 73
0
 40
0
  0
LTYPE
  5
6
330
3
100
AcDbSymbolTableRecord
100
AcDbLinetypeTableRecord
  2
CONTINUOUS
 70
0
  3
Solid line
 72
65
 73
0
 40
0
  0
LTYPE
  5
7
330
3
100
AcDbSymbolTableRecord
100
AcDbLinetypeTableRecord
  2
DASHDOT
 70
0
  3
Dash Dot ____ _ ____ _
 72
65
 73
4
 40
2
 49
1.25
 74
0
 49
-0.25
 74
0
 49
0.25
 74
0
 49
-0.25
 74
0
  0
LTYPE
  5
8
330
3
100
AcDbSymbolTableRecord
100
AcDbLinetypeTableRecord
  2
DASHED
 70
0
  3
Dashed __ __ __ __ __
 72
65
 73
2
 40
0.75
 49
0.5
 74
0
 49
-0.25
 74
0
  0
LTYPE
  5
9
330
3
100
AcDbSymbolTableRecord
100
AcDbLinetypeTableRecord
  2
DOTTED
 70
0
  3
Dotted .  .  .  .
 72
65
 73
2
 40
0.2
 49
0.0
 74
0
 49
-0.2
 74
0
  0
ENDTAB
  0
TABLE
  2
STYLE
  5
A
330
0
100
AcDbSymbolTable
 70
4
  0
STYLE
  5
B
330
A
100
AcDbSymbolTableRecord
100
AcDbTextStyleTableRecord
  2
KICAD
 70
0
 40
0
 41
1
 42
1
 50
0
 71
0
  3
isocp.shx
  0
STYLE
  5
C
330
A
100
AcDbSymbolTableRecord
100
AcDbTextStyleTableRecord
  2
KICADB
 70
0
 40
0
 41
1
 42
1
 50
0
 71
0
  3
isocp.shx
  0
STYLE
  5
D
330
A
100
AcDbSymbolTableRecord
100
AcDbTextStyleTableRecord
  2
KICADI
 70
0
 40
0
 41
1
 42
1
 50
15
 71
0
  3
isocp.shx
  0
STYLE
  5
E
330
A
100
AcDbSymbolTableRecord
100
AcDbTextStyleTableRecord
  2
KICADBI
 70
0
 40
0
 41
1
 42
1
 50
15
 71
0
  3
isocp.shx
  0
ENDTAB
  0
TABLE
  2
LAYER
  5
F
330
0
100
AcDbSymbolTable
 70
3
  0
LAYER
  5
12
330
F
100
AcDbSymbolTableRecord
100
AcDbLayerTableRecord
  2
0
 70
0
 62
7
  6
CONTINUOUS
390
10
  0
LAYER
  5
13
330
F
100
AcDbSymbolTableRecord
100
AcDbLayerTableRecord
  2
F.Silkscreen
 70
0
 62
254
420
15457202
  6
CONTINUOUS
390
10
  0
LAYER
  5
14
330
F
100
AcDbSymbolTableRecord
100
AcDbLayerTableRecord
  2
Edge.Cuts
 70
0
 62
40
420
16432431
  6
CONTINUOUS
390
10
  0
ENDTAB
  0
TABLE
  2
VPORT
  5
15
330
0
100
AcDbSymbolTable
 70
0
  0
ENDTAB
  0
TABLE
  2
VIEW
  5
16
330
0
100
AcDbSymbolTable
 70
0
  0
ENDTAB
  0
TABLE
  2
UCS
  5
17
330
0
100
AcDbSymbolTable
 70
0
  0
ENDTAB
  0
TABLE
  2
DIMSTYLE
  5
18
330
0
100
AcDbSymbolTable
 70
1
100
AcDbDimStyleTable
 71
0
  0
DIMSTYLE
105
19
330
18
100
AcDbSymbolTableRecord
100
AcDbDimStyleTableRecord
  2
Standard
 70
0
  0
ENDTAB
  0
TABLE
  2
BLOCK_RECORD
  5
1A
330
0
100
AcDbSymbolTable
 70
3
  0
BLOCK_RECORD
  5
1B
330
1A
100
AcDbSymbolTableRecord
100
AcDbBlockTableRecord
  2
*Model_Space
340
1E
 70
0
280
1
281
0
  0
BLOCK_RECORD
  5
1C
330
1A
100
AcDbSymbolTableRecord
100
AcDbBlockTableRecord
  2
*Paper_Space
340
1F
 70
0
280
1
281
0
  0
BLOCK_RECORD
  5
1D
330
1A
100
AcDbSymbolTableRecord
100
AcDbBlockTableRecord
  2
*Paper_Space0
340
20
 70
0
280
1
281
0
  0
ENDTAB
  0
ENDSEC
  0
SECTION
  2
BLOCKS
  0
BLOCK
  5
24
330
1B
100
AcDbEntity
  8
0
100
AcDbBlockBegin
  2
*Model_Space
 70
0
 10
0.0
 20
0.0
 30
0.0
  3
*Model_Space
  1

  0
ENDBLK
  5
23
330
1B
100
AcDbEntity
  8
0
100
AcDbBlockEnd
  0
BLOCK
  5
26
330
1C
100
AcDbEntity
 67
1
  8
0
100
AcDbBlockBegin
  2
*Paper_Space
 70
0
 10
0.0
 20
0.0
 30
0.0
  3
*Paper_Space
  1

  0
ENDBLK
  5
25
330
1C
100
AcDbEntity
 67
1
  8
0
100
AcDbBlockEnd
  0
BLOCK
  5
28
330
1D
100
AcDbEntity
 67
1
  8
0
100
AcDbBlockBegin
  2
*Paper_Space0
 70
0
 10
0.0
 20
0.0
 30
0.0
  3
*Paper_Space0
  1

  0
ENDBLK
  5
27
330
1D
100
AcDbEntity
 67
1
  8
0
100
AcDbBlockEnd
  0
ENDSEC
  0
SECTION
  2
ENTITIES
  0
LINE
  5
29
330
1B
100
AcDbEntity
  8
F.Silkscreen
  6
CONTINUOUS
100
AcDbLine
 10
80.7248189999999965
 20
-31.6033329999999992
 30
0
 11
81.4391040000000004
 21
-31.6033329999999992
 31
0
  0
LINE
  5
2A
330
1B
100
AcDbEntity
  8
F.Silkscreen
  6
CONTINUOUS
100
AcDbLine
 10
81.4391040000000004
 20
-31.6033329999999992
 30
0
 11
81.5819609999999926
 21
-31.6509520000000002
 31
0
  0
LINE
  5
2B
330
1B
100
AcDbEntity
  8
F.Silkscreen
  6
CONTINUOUS
100
AcDbLine
 10
81.5819609999999926
 20
-31.6509520000000002
 30
0
 11
81.6771999999999991
 21
-31.7461899999999986
 31
0
  0
LINE
  5
2C
330
1B
100
AcDbEntity
  8
F.Silkscreen
  6
CONTINUOUS
100
AcDbLine
 10
81.6771999999999991
 20
-31.7461899999999986
 30
0
 11
81.7248189999999965
 21
-31.8890469999999979
 31
0
  0
LINE
  5
2D
330
1B
100
AcDbEntity
  8
F.Silkscreen
  6
CONTINUOUS
100
AcDbLine
 10
81.7248189999999965
 20
-31.8890469999999979
 30
0
 11
81.7248189999999965
 21
-31.9842849999999999
 31
0
  0
LINE
  5
2E
330
1B
100
AcDbEntity
  8
F.Silkscreen
  6
CONTINUOUS
100
AcDbLine
 10
81.0581519999999927
 20
-30.6985709999999976
 30
0
 11
81.7248189999999965
 21
-30.6985709999999976
 31
0
  0
LINE
  5
2F
330
1B
100
AcDbEntity
  8
F.Silkscreen
  6
CONTINUOUS
100
AcDbLine
 10
80.6771999999999991
 20
-30.9366659999999989
 30
0
 11
81.391485000000003
 21
-31.1747610000000002
 31
0
  0
LINE
  5
30
330
1B
100
AcDbEntity
  8
F.Silkscreen
  6
CONTINUOUS
100
AcDbLine
 10
81.391485000000003
 20
-31.1747610000000002
 30
0
 11
81.391485000000003
 21
-30.5557139999999983
 31
0
  0
LINE
  5
31
330
1B
100
AcDbEntity
  8
F.Silkscreen
  6
CONTINUOUS
100
AcDbLine
 10
113.2380950000000013
 20
-110.3048189999999948
 30
0
 11
113.2380950000000013
 21
-109.3048189999999948
 31
0
  0
LINE
  5
32
330
1B
100
AcDbEntity
  8
F.Silkscreen
  6
CONTINUOUS
100
AcDbLine
 10
113.2380950000000013
 20
-109.7810089999999974
 30
0
 11
113.8095229999999987
 21
-109.7810089999999974
 31
0
  0
LINE
  5
33
330
1B
100
AcDbEntity
  8
F.Silkscreen
  6
CONTINUOUS
100
AcDbLine
 10
113.8095229999999987
 20
-110.3048189999999948
 30
0
 11
113.8095229999999987
 21
-109.3048189999999948
 31
0
  0
LINE
  5
34
330
1B
100
AcDbEntity
  8
F.Silkscreen
  6
CONTINUOUS
100
AcDbLine
 10
114.7142849999999896
 20
-109.6381519999999909
 30
0
 11
114.7142849999999896
 21
-110.3048189999999948
 31
0
  0
LINE
  5
35
330
1B
100
AcDbEntity
  8
F.Silkscreen
  6
CONTINUOUS
100
AcDbLine
 10
114.4761899999999883
 20
-109.2571999999999974
 30
0
 11
114.2380950000000013
 21
-109.9714850000000013
 31
0
  0
LINE
  5
36
330
1B
100
AcDbEntity
  8
F.Silkscreen
  6
CONTINUOUS
100
AcDbLine
 10
114.2380950000000013
 20
-109.9714850000000013
 30
0
 11
114.8571419999999961
 21
-109.9714850000000013
 31
0
  0
LINE
  5
37
330
1B
100
AcDbEntity
  8
F.Silkscreen
  6
CONTINUOUS
100
AcDbLine
 10
57.0771419999999949
 20
-98.4148189999999943
 30
0
 11
56.7438089999999988
 21
-97.9386279999999942
 31
0
  0
LINE
  5
38
330
1B
100
AcDbEntity
  8
F.Silkscreen
  6
CONTINUOUS
100
AcDbLine
 10
56.5057139999999976
 20
-98.4148189999999943
 30
0
 11
56.5057139999999976
 21
-97.4148189999999943
 31
0
  0
LINE
  5
39
330
1B
100
AcDbEntity
  8
F.Silkscreen
  6
CONTINUOUS
100
AcDbLine
 10
56.5057139999999976
 20
-97.4148189999999943
 30
0
 11
56.8866659999999982
 21
-97.4148189999999943
 31
0
  0
LINE
  5
3A
330
1B
100
AcDbEntity
  8
F.Silkscreen
  6
CONTINUOUS
100
AcDbLine
 10
56.8866659999999982
 20
-97.4148189999999943
 30
0
 11
56.9819040000000001
 21
-97.4624379999999917
 31
0
  0
LINE
  5
3B
330
1B
100
AcDbEntity
  8
F.Silkscreen
  6
CONTINUOUS
100
AcDbLine
 10
56.9819040000000001
 20
-97.4624379999999917
 30
0
 11
57.0295229999999975
 21
-97.5100569999999891
 31
0
  0
LINE
  5
3C
330
1B
100
AcDbEntity
  8
F.Silkscreen
  6
CONTINUOUS
100
AcDbLine
 10
57.0295229999999975
 20
-97.5100569999999891
 30
0
 11
57.0771419999999949
 21
-97.6052949999999981
 31
0
  0
LINE
  5
3D
330
1B
100
AcDbEntity
  8
F.Silkscreen
  6
CONTINUOUS
100
AcDbLine
 10
57.0771419999999949
 20
-97.6052949999999981
 30
0
 11
57.0771419999999949
 21
-97.7481519999999904
 31
0
  0
LINE
  5
3E
330
1B
100
AcDbEntity
  8
F.Silkscreen
  6
CONTINUOUS
100
AcDbLine
 10
57.0771419999999949
 20
-97.7481519999999904
 30
0
 11
57.0295229999999975
 21
-97.8433899999999994
 31
0
  0
LINE
  5
3F
330
1B
100
AcDbEntity
  8
F.Silkscreen
  6
CONTINUOUS
100
AcDbLine
 10
57.0295229999999975
 20
-97.8433899999999994
 30
0
 11
56.9819040000000001
 21
-97.8910089999999968
 31
0
  0
LINE
  5
40
330
1B
100
AcDbEntity
  8
F.Silkscreen
  6
CONTINUOUS
100
AcDbLine
 10
56.9819040000000001
 20
-97.8910089999999968
 30
0
 11
56.8866659999999982
 21
-97.9386279999999942
 31
0
  0
LINE
  5
41
330
1B
100
AcDbEntity
  8
F.Silkscreen
  6
CONTINUOUS
100
AcDbLine
 10
56.8866659999999982
 20
-97.9386279999999942
 30
0
 11
56.5057139999999976
 21
-97.9386279999999942
 31
0
  0
LINE
  5
42
330
1B
100
AcDbEntity
  8
F.Silkscreen
  6
CONTINUOUS
100
AcDbLine
 10
58.0295229999999975
 20
-98.4148189999999943
 30
0
 11
57.4580950000000001
 21
-98.4148189999999943
 31
0
  0
LINE
  5
43
330
1B
100
AcDbEntity
  8
F.Silkscreen
  6
CONTINUOUS
100
AcDbLine
 10
57.7438089999999988
 20
-98.4148189999999943
 30
0
 11
57.7438089999999988
 21
-97.4148189999999943
 31
0
  0
LINE
  5
44
330
1B
100
AcDbEntity
  8
F.Silkscreen
  6
CONTINUOUS
100
AcDbLine
 10
57.7438089999999988
 20
-97.4148189999999943
 30
0
 11
57.6485709999999969
 21
-97.5576760000000007
 31
0
  0
LINE
  5
45
330
1B
100
AcDbEntity
  8
F.Silkscreen
  6
CONTINUOUS
100
AcDbLine
 10
57.6485709999999969
 20
-97.5576760000000007
 30
0
 11
57.553332999999995
 21
-97.6529139999999956
 31
0
  0
LINE
  5
46
330
1B
100
AcDbEntity
  8
F.Silkscreen
  6
CONTINUOUS
100
AcDbLine
 10
57.553332999999995
 20
-97.6529139999999956
 30
0
 11
57.4580950000000001
 21
-97.700532999999993
 31
0
  0
LINE
  5
47
330
1B
100
AcDbEntity
  8
F.Silkscreen
  6
CONTINUOUS
100
AcDbLine
 10
58.9819040000000001
 20
-98.4148189999999943
 30
0
 11
58.4104759999999956
 21
-98.4148189999999943
 31
0
  0
LINE
  5
48
330
1B
100
AcDbEntity
  8
F.Silkscreen
  6
CONTINUOUS
100
AcDbLine
 10
58.6961899999999943
 20
-98.4148189999999943
 30
0
 11
58.6961899999999943
 21
-97.4148189999999943
 31
0
  0
LINE
  5
49
330
1B
100
AcDbEntity
  8
F.Silkscreen
  6
CONTINUOUS
100
AcDbLine
 10
58.6961899999999943
 20
-97.4148189999999943
 30
0
 11
58.6009519999999995
 21
-97.5576760000000007
 31
0
  0
LINE
  5
4A
330
1B
100
AcDbEntity
  8
F.Silkscreen
  6
CONTINUOUS
100
AcDbLine
 10
58.6009519999999995
 20
-97.5576760000000007
 30
0
 11
58.5057139999999976
 21
-97.6529139999999956
 31
0
  0
LINE
  5
4B
330
1B
100
AcDbEntity
  8
F.Silkscreen
  6
CONTINUOUS
100
AcDbLine
 10
58.5057139999999976
 20
-97.6529139999999956
 30
0
 11
58.4104759999999956
 21
-97.700532999999993
 31
0
  0
LINE
  5
4C
330
1B
100
AcDbEntity
  8
F.Silkscreen
  6
CONTINUOUS
100
AcDbLine
 10
82.5904749999999979
 20
-58.9638549999999952
 30
0
 11
82.7809510000000017
 21
-59.7638549999999995
 31
0
  0
LINE
  5
4D
330
1B
100
AcDbEntity
  8
F.Silkscreen
  6
CONTINUOUS
100
AcDbLine
 10
82.7809510000000017
 20
-59.7638549999999995
 30
0
 11
82.9333319999999929
 21
-59.1924259999999975
 31
0
  0
LINE
  5
4E
330
1B
100
AcDbEntity
  8
F.Silkscreen
  6
CONTINUOUS
100
AcDbLine
 10
82.9333319999999929
 20
-59.1924259999999975
 30
0
 11
83.0857129999999984
 21
-59.7638549999999995
 31
0
  0
LINE
  5
4F
330
1B
100
AcDbEntity
  8
F.Silkscreen
  6
CONTINUOUS
100
AcDbLine
 10
83.0857129999999984
 20
-59.7638549999999995
 30
0
 11
83.2761899999999997
 21
-58.9638549999999952
 31
0
  0
LINE
  5
50
330
1B
100
AcDbEntity
  8
F.Silkscreen
  6
CONTINUOUS
100
AcDbLine
 10
83.9619039999999899
 20
-59.7638549999999995
 30
0
 11
83.5809519999999964
 21
-59.7638549999999995
 31
0
  0
LINE
  5
51
330
1B
100
AcDbEntity
  8
F.Silkscreen
  6
CONTINUOUS
100
AcDbLine
 10
83.5809519999999964
 20
-59.7638549999999995
 30
0
 11
83.5809519999999964
 21
-58.9638549999999952
 31
0
  0
LINE
  5
52
330
1B
100
AcDbEntity
  8
F.Silkscreen
  6
CONTINUOUS
100
AcDbLine
 10
84.5714279999999974
 20
-58.9638549999999952
 30
0
 11
84.419046999999992
 21
-58.9638549999999952
 31
0
  0
LINE
  5
53
330
1B
100
AcDbEntity
  8
F.Silkscreen
  6
CONTINUOUS
100
AcDbLine
 10
84.419046999999992
 20
-58.9638549999999952
 30
0
 11
84.3428559999999976
 21
-59.0019500000000008
 31
0
  0
LINE
  5
54
330
1B
100
AcDbEntity
  8
F.Silkscreen
  6
CONTINUOUS
100
AcDbLine
 10
84.3428559999999976
 20
-59.0019500000000008
 30
0
 11
84.3047609999999992
 21
-59.0400449999999992
 31
0
  0
LINE
  5
55
330
1B
100
AcDbEntity
  8
F.Silkscreen
  6
CONTINUOUS
100
AcDbLine
 10
84.3047609999999992
 20
-59.0400449999999992
 30
0
 11
84.2285710000000023
 21
-59.1543309999999991
 31
0
  0
LINE
  5
56
330
1B
100
AcDbEntity
  8
F.Silkscreen
  6
CONTINUOUS
100
AcDbLine
 10
84.2285710000000023
 20
-59.1543309999999991
 30
0
 11
84.1904749999999922
 21
-59.3067119999999974
 31
0
  0
LINE
  5
57
330
1B
100
AcDbEntity
  8
F.Silkscreen
  6
CONTINUOUS
100
AcDbLine
 10
84.1904749999999922
 20
-59.3067119999999974
 30
0
 11
84.1904749999999922
 21
-59.6114739999999941
 31
0
  0
LINE
  5
58
330
1B
100
AcDbEntity
  8
F.Silkscreen
  6
CONTINUOUS
100
AcDbLine
 10
84.1904749999999922
 20
-59.6114739999999941
 30
0
 11
84.2285710000000023
 21
-59.6876639999999981
 31
0
  0
LINE
  5
59
330
1B
100
AcDbEntity
  8
F.Silkscreen
  6
CONTINUOUS
100
AcDbLine
 10
84.2285710000000023
 20
-59.6876639999999981
 30
0
 11
84.2666660000000007
 21
-59.725759999999994
 31
0
  0
LINE
  5
5A
330
1B
100
AcDbEntity
  8
F.Silkscreen
  6
CONTINUOUS
100
AcDbLine
 10
84.2666660000000007
 20
-59.725759999999994
 30
0
 11
84.3428559999999976
 21
-59.7638549999999995
 31
0
  0
LINE
  5
5B
330
1B
100
AcDbEntity
  8
F.Silkscreen
  6
CONTINUOUS
100
AcDbLine
 10
84.3428559999999976
 20
-59.7638549999999995
 30
0
 11
84.495237000000003
 21
-59.7638549999999995
 31
0
  0
LINE
  5
5C
330
1B
100
AcDbEntity
  8
F.Silkscreen
  6
CONTINUOUS
100
AcDbLine
 10
84.495237000000003
 20
-59.7638549999999995
 30
0
 11
84.5714279999999974
 21
-59.725759999999994
 31
0
  0
LINE
  5
5D
330
1B
100
AcDbEntity
  8
F.Silkscreen
  6
CONTINUOUS
100
AcDbLine
 10
84.5714279999999974
 20
-59.725759999999994
 30
0
 11
84.6095229999999958
 21
-59.6876639999999981
 31
0
  0
LINE
  5
5E
330
1B
100
AcDbEntity
  8
F.Silkscreen
  6
CONTINUOUS
100
AcDbLine
 10
84.6095229999999958
 20
-59.6876639999999981
 30
0
 11
84.6476179999999943
 21
-59.6114739999999941
 31
0
  0
LINE
  5
5F
330
1B
100
AcDbEntity
  8
F.Silkscreen
  6
CONTINUOUS
100
AcDbLine
 10
84.6476179999999943
 20
-59.6114739999999941
 30
0
 11
84.6476179999999943
 21
-59.4209979999999973
 31
0
  0
LINE
  5
60
330
1B
100
AcDbEntity
  8
F.Silkscreen
  6
CONTINUOUS
100
AcDbLine
 10
84.6476179999999943
 20
-59.4209979999999973
 30
0
 11
84.6095229999999958
 21
-59.3448069999999959
 31
0
  0
LINE
  5
61
330
1B
100
AcDbEntity
  8
F.Silkscreen
  6
CONTINUOUS
100
AcDbLine
 10
84.6095229999999958
 20
-59.3448069999999959
 30
0
 11
84.5714279999999974
 21
-59.3067119999999974
 31
0
  0
LINE
  5
62
330
1B
100
AcDbEntity
  8
F.Silkscreen
  6
CONTINUOUS
100
AcDbLine
 10
84.5714279999999974
 20
-59.3067119999999974
 30
0
 11
84.495237000000003
 21
-59.268616999999999
 31
0
  0
LINE
  5
63
330
1B
100
AcDbEntity
  8
F.Silkscreen
  6
CONTINUOUS
100
AcDbLine
 10
84.495237000000003
 20
-59.268616999999999
 30
0
 11
84.3428559999999976
 21
-59.268616999999999
 31
0
  0
LINE
  5
64
330
1B
100
AcDbEntity
  8
F.Silkscreen
  6
CONTINUOUS
100
AcDbLine
 10
84.3428559999999976
 20
-59.268616999999999
 30
0
 11
84.2666660000000007
 21
-59.3067119999999974
 31
0
  0
LINE
  5
65
330
1B
100
AcDbEntity
  8
F.Silkscreen
  6
CONTINUOUS
100
AcDbLine
 10
84.2666660000000007
 20
-59.3067119999999974
 30
0
 11
84.2285710000000023
 21
-59.3448069999999959
 31
0
  0
LINE
  5
66
330
1B
100
AcDbEntity
  8
F.Silkscreen
  6
CONTINUOUS
100
AcDbLine
 10
84.2285710000000023
 20
-59.3448069999999959
 30
0
 11
84.1904749999999922
 21
-59.4209979999999973
 31
0
  0
LINE
  5
67
330
1B
100
AcDbEntity
  8
F.Silkscreen
  6
CONTINUOUS
100
AcDbLine
 10
85.3333329999999961
 20
-59.7638549999999995
 30
0
 11
85.3333329999999961
 21
-59.3448069999999959
 31
0
  0
LINE
  5
68
330
1B
100
AcDbEntity
  8
F.Silkscreen
  6
CONTINUOUS
100
AcDbLine
 10
85.3333329999999961
 20
-59.3448069999999959
 30
0
 11
85.2952379999999977
 21
-59.268616999999999
 31
0
  0
LINE
  5
69
330
1B
100
AcDbEntity
  8
F.Silkscreen
  6
CONTINUOUS
100
AcDbLine
 10
85.2952379999999977
 20
-59.268616999999999
 30
0
 11
85.2190469999999891
 21
-59.230520999999996
 31
0
  0
LINE
  5
6A
330
1B
100
AcDbEntity
  8
F.Silkscreen
  6
CONTINUOUS
100
AcDbLine
 10
85.2190469999999891
 20
-59.230520999999996
 30
0
 11
85.0666659999999979
 21
-59.230520999999996
 31
0
  0
LINE
  5
6B
330
1B
100
AcDbEntity
  8
F.Silkscreen
  6
CONTINUOUS
100
AcDbLine
 10
85.0666659999999979
 20
-59.230520999999996
 30
0
 11
84.990476000000001
 21
-59.268616999999999
 31
0
  0
LINE
  5
6C
330
1B
100
AcDbEntity
  8
F.Silkscreen
  6
CONTINUOUS
100
AcDbLine
 10
85.3333329999999961
 20
-59.725759999999994
 30
0
 11
85.2571420000000018
 21
-59.7638549999999995
 31
0
  0
LINE
  5
6D
330
1B
100
AcDbEntity
  8
F.Silkscreen
  6
CONTINUOUS
100
AcDbLine
 10
85.2571420000000018
 20
-59.7638549999999995
 30
0
 11
85.0666659999999979
 21
-59.7638549999999995
 31
0
  0
LINE
  5
6E
330
1B
100
AcDbEntity
  8
F.Silkscreen
  6
CONTINUOUS
100
AcDbLine
 10
85.0666659999999979
 20
-59.7638549999999995
 30
0
 11
84.990476000000001
 21
-59.725759999999994
 31
0
  0
LINE
  5
6F
330
1B
100
AcDbEntity
  8
F.Silkscreen
  6
CONTINUOUS
100
AcDbLine
 10
84.990476000000001
 20
-59.725759999999994
 30
0
 11
84.9523799999999909
 21
-59.6495689999999996
 31
0
  0
LINE
  5
70
330
1B
100
AcDbEntity
  8
F.Silkscreen
  6
CONTINUOUS
100
AcDbLine
 10
84.9523799999999909
 20
-59.6495689999999996
 30
0
 11
84.9523799999999909
 21
-59.5733789999999956
 31
0
  0
LINE
  5
71
330
1B
100
AcDbEntity
  8
F.Silkscreen
  6
CONTINUOUS
100
AcDbLine
 10
84.9523799999999909
 20
-59.5733789999999956
 30
0
 11
84.990476000000001
 21
-59.4971879999999942
 31
0
  0
LINE
  5
72
330
1B
100
AcDbEntity
  8
F.Silkscreen
  6
CONTINUOUS
100
AcDbLine
 10
84.990476000000001
 20
-59.4971879999999942
 30
0
 11
85.0666659999999979
 21
-59.4590929999999958
 31
0
  0
LINE
  5
73
330
1B
100
AcDbEntity
  8
F.Silkscreen
  6
CONTINUOUS
100
AcDbLine
 10
85.0666659999999979
 20
-59.4590929999999958
 30
0
 11
85.2571420000000018
 21
-59.4590929999999958
 31
0
  0
LINE
  5
74
330
1B
100
AcDbEntity
  8
F.Silkscreen
  6
CONTINUOUS
100
AcDbLine
 10
85.2571420000000018
 20
-59.4590929999999958
 30
0
 11
85.3333329999999961
 21
-59.4209979999999973
 31
0
  0
LINE
  5
75
330
1B
100
AcDbEntity
  8
F.Silkscreen
  6
CONTINUOUS
100
AcDbLine
 10
41.7298189999999991
 20
-65.5319039999999973
 30
0
 11
42.5393419999999978
 21
-65.5319039999999973
 31
0
  0
LINE
  5
76
330
1B
100
AcDbEntity
  8
F.Silkscreen
  6
CONTINUOUS
100
AcDbLine
 10
42.5393419999999978
 20
-65.5319039999999973
 30
0
 11
42.6345799999999997
 21
-65.4842849999999999
 31
0
  0
LINE
  5
77
330
1B
100
AcDbEntity
  8
F.Silkscreen
  6
CONTINUOUS
100
AcDbLine
 10
42.6345799999999997
 20
-65.4842849999999999
 30
0
 11
42.6821999999999946
 21
-65.4366660000000024
 31
0
  0
LINE
  5
78
330
1B
100
AcDbEntity
  8
F.Silkscreen
  6
CONTINUOUS
100
AcDbLine
 10
42.6821999999999946
 20
-65.4366660000000024
 30
0
 11
42.7298189999999991
 21
-65.3414279999999934
 31
0
  0
LINE
  5
79
330
1B
100
AcDbEntity
  8
F.Silkscreen
  6
CONTINUOUS
100
AcDbLine
 10
42.7298189999999991
 20
-65.3414279999999934
 30
0
 11
42.7298189999999991
 21
-65.1509520000000037
 31
0
  0
LINE
  5
7A
330
1B
100
AcDbEntity
  8
F.Silkscreen
  6
CONTINUOUS
100
AcDbLine
 10
42.7298189999999991
 20
-65.1509520000000037
 30
0
 11
42.6821999999999946
 21
-65.0557139999999947
 31
0
  0
LINE
  5
7B
330
1B
100
AcDbEntity
  8
F.Silkscreen
  6
CONTINUOUS
100
AcDbLine
 10
42.6821999999999946
 20
-65.0557139999999947
 30
0
 11
42.6345799999999997
 21
-65.0080949999999973
 31
0
  0
LINE
  5
7C
330
1B
100
AcDbEntity
  8
F.Silkscreen
  6
CONTINUOUS
100
AcDbLine
 10
42.6345799999999997
 20
-65.0080949999999973
 30
0
 11
42.5393419999999978
 21
-64.9604759999999999
 31
0
  0
LINE
  5
7D
330
1B
100
AcDbEntity
  8
F.Silkscreen
  6
CONTINUOUS
100
AcDbLine
 10
42.5393419999999978
 20
-64.9604759999999999
 30
0
 11
41.7298189999999991
 21
-64.9604759999999999
 31
0
  0
LINE
  5
7E
330
1B
100
AcDbEntity
  8
F.Silkscreen
  6
CONTINUOUS
100
AcDbLine
 10
41.7298189999999991
 20
-64.5795229999999947
 30
0
 11
41.7298189999999991
 21
-63.9604759999999999
 31
0
  0
LINE
  5
7F
330
1B
100
AcDbEntity
  8
F.Silkscreen
  6
CONTINUOUS
100
AcDbLine
 10
41.7298189999999991
 20
-63.9604759999999999
 30
0
 11
42.1107709999999997
 21
-64.293808999999996
 31
0
  0
LINE
  5
80
330
1B
100
AcDbEntity
  8
F.Silkscreen
  6
CONTINUOUS
100
AcDbLine
 10
42.1107709999999997
 20
-64.293808999999996
 30
0
 11
42.1107709999999997
 21
-64.1509520000000037
 31
0
  0
LINE
  5
81
330
1B
100
AcDbEntity
  8
F.Silkscreen
  6
CONTINUOUS
100
AcDbLine
 10
42.1107709999999997
 20
-64.1509520000000037
 30
0
 11
42.1583899999999971
 21
-64.0557139999999947
 31
0
  0
LINE
  5
82
330
1B
100
AcDbEntity
  8
F.Silkscreen
  6
CONTINUOUS
100
AcDbLine
 10
42.1583899999999971
 20
-64.0557139999999947
 30
0
 11
42.2060089999999946
 21
-64.0080949999999973
 31
0
  0
LINE
  5
83
330
1B
100
AcDbEntity
  8
F.Silkscreen
  6
CONTINUOUS
100
AcDbLine
 10
42.2060089999999946
 20
-64.0080949999999973
 30
0
 11
42.3012469999999965
 21
-63.9604759999999999
 31
0
  0
LINE
  5
84
330
1B
100
AcDbEntity
  8
F.Silkscreen
  6
CONTINUOUS
100
AcDbLine
 10
42.3012469999999965
 20
-63.9604759999999999
 30
0
 11
42.5393419999999978
 21
-63.9604759999999999
 31
0
  0
LINE
  5
85
330
1B
100
AcDbEntity
  8
F.Silkscreen
  6
CONTINUOUS
100
AcDbLine
 10
42.5393419999999978
 20
-63.9604759999999999
 30
0
 11
42.6345799999999997
 21
-64.0080949999999973
 31
0
  0
LINE
  5
86
330
1B
100
AcDbEntity
  8
F.Silkscreen
  6
CONTINUOUS
100
AcDbLine
 10
42.6345799999999997
 20
-64.0080949999999973
 30
0
 11
42.6821999999999946
 21
-64.0557139999999947
 31
0
  0
LINE
  5
87
330
1B
100
AcDbEntity
  8
F.Silkscreen
  6
CONTINUOUS
100
AcDbLine
 10
42.6821999999999946
 20
-64.0557139999999947
 30
0
 11
42.7298189999999991
 21
-64.1509520000000037
 31
0
  0
LINE
  5
88
330
1B
100
AcDbEntity
  8
F.Silkscreen
  6
CONTINUOUS
100
AcDbLine
 10
42.7298189999999991
 20
-64.1509520000000037
 30
0
 11
42.7298189999999991
 21
-64.4366660000000024
 31
0
  0
LINE
  5
89
330
1B
100
AcDbEntity
  8
F.Silkscreen
  6
CONTINUOUS
100
AcDbLine
 10
42.7298189999999991
 20
-64.4366660000000024
 30
0
 11
42.6821999999999946
 21
-64.5319039999999973
 31
0
  0
LINE
  5
8A
330
1B
100
AcDbEntity
  8
F.Silkscreen
  6
CONTINUOUS
100
AcDbLine
 10
42.6821999999999946
 20
-64.5319039999999973
 30
0
 11
42.6345799999999997
 21
-64.5795229999999947
 31
0
  0
LINE
  5
8B
330
1B
100
AcDbEntity
  8
F.Silkscreen
  6
CONTINUOUS
100
AcDbLine
 10
106.0191659999999985
 20
-52.9548190000000005
 30
0
 11
106.0191659999999985
 21
-53.6691039999999973
 31
0
  0
LINE
  5
8C
330
1B
100
AcDbEntity
  8
F.Silkscreen
  6
CONTINUOUS
100
AcDbLine
 10
106.0191659999999985
 20
-53.6691039999999973
 30
0
 11
105.971547000000001
 21
-53.8119609999999966
 31
0
  0
LINE
  5
8D
330
1B
100
AcDbEntity
  8
F.Silkscreen
  6
CONTINUOUS
100
AcDbLine
 10
105.971547000000001
 20
-53.8119609999999966
 30
0
 11
105.876308999999992
 21
-53.907199999999996
 31
0
  0
LINE
  5
8E
330
1B
100
AcDbEntity
  8
F.Silkscreen
  6
CONTINUOUS
100
AcDbLine
 10
105.876308999999992
 20
-53.907199999999996
 30
0
 11
105.7334519999999998
 21
-53.9548190000000005
 31
0
  0
LINE
  5
8F
330
1B
100
AcDbEntity
  8
F.Silkscreen
  6
CONTINUOUS
100
AcDbLine
 10
105.7334519999999998
 20
-53.9548190000000005
 30
0
 11
105.6382139999999907
 21
-53.9548190000000005
 31
0
  0
LINE
  5
90
330
1B
100
AcDbEntity
  8
F.Silkscreen
  6
CONTINUOUS
100
AcDbLine
 10
106.4477380000000011
 20
-53.0500569999999954
 30
0
 11
106.4953569999999985
 21
-53.0024379999999979
 31
0
  0
LINE
  5
91
330
1B
100
AcDbEntity
  8
F.Silkscreen
  6
CONTINUOUS
100
AcDbLine
 10
106.4953569999999985
 20
-53.0024379999999979
 30
0
 11
106.5905949999999933
 21
-52.9548190000000005
 31
0
  0
LINE
  5
92
330
1B
100
AcDbEntity
  8
F.Silkscreen
  6
CONTINUOUS
100
AcDbLine
 10
106.5905949999999933
 20
-52.9548190000000005
 30
0
 11
106.8286899999999946
 21
-52.9548190000000005
 31
0
  0
LINE
  5
93
330
1B
100
AcDbEntity
  8
F.Silkscreen
  6
CONTINUOUS
100
AcDbLine
 10
106.8286899999999946
 20
-52.9548190000000005
 30
0
 11
106.9239279999999894
 21
-53.0024379999999979
 31
0
  0
LINE
  5
94
330
1B
100
AcDbEntity
  8
F.Silkscreen
  6
CONTINUOUS
100
AcDbLine
 10
106.9239279999999894
 20
-53.0024379999999979
 30
0
 11
106.971547000000001
 21
-53.0500569999999954
 31
0
  0
LINE
  5
95
330
1B
100
AcDbEntity
  8
F.Silkscreen
  6
CONTINUOUS
100
AcDbLine
 10
106.971547000000001
 20
-53.0500569999999954
 30
0
 11
107.0191659999999985
 21
-53.1452949999999973
 31
0
  0
LINE
  5
96
330
1B
100
AcDbEntity
  8
F.Silkscreen
  6
CONTINUOUS
100
AcDbLine
 10
107.0191659999999985
 20
-53.1452949999999973
 30
0
 11
107.0191659999999985
 21
-53.2405329999999992
 31
0
  0
LINE
  5
97
330
1B
100
AcDbEntity
  8
F.Silkscreen
  6
CONTINUOUS
100
AcDbLine
 10
107.0191659999999985
 20
-53.2405329999999992
 30
0
 11
106.971547000000001
 21
-53.3833899999999986
 31
0
  0
LINE
  5
98
330
1B
100
AcDbEntity
  8
F.Silkscreen
  6
CONTINUOUS
100
AcDbLine
 10
106.971547000000001
 20
-53.3833899999999986
 30
0
 11
106.4001189999999895
 21
-53.9548190000000005
 31
0
  0
LINE
  5
99
330
1B
100
AcDbEntity
  8
F.Silkscreen
  6
CONTINUOUS
100
AcDbLine
 10
106.4001189999999895
 20
-53.9548190000000005
 30
0
 11
107.0191659999999985
 21
-53.9548190000000005
 31
0
  0
LINE
  5
9A
330
1B
100
AcDbEntity
  8
F.Silkscreen
  6
CONTINUOUS
100
AcDbLine
 10
55.407318999999994
 20
-87.1219040000000007
 30
0
 11
56.2168419999999998
 21
-87.1219040000000007
 31
0
  0
LINE
  5
9B
330
1B
100
AcDbEntity
  8
F.Silkscreen
  6
CONTINUOUS
100
AcDbLine
 10
56.2168419999999998
 20
-87.1219040000000007
 30
0
 11
56.3120799999999946
 21
-87.0742849999999891
 31
0
  0
LINE
  5
9C
330
1B
100
AcDbEntity
  8
F.Silkscreen
  6
CONTINUOUS
100
AcDbLine
 10
56.3120799999999946
 20
-87.0742849999999891
 30
0
 11
56.3596999999999966
 21
-87.0266659999999916
 31
0
  0
LINE
  5
9D
330
1B
100
AcDbEntity
  8
F.Silkscreen
  6
CONTINUOUS
100
AcDbLine
 10
56.3596999999999966
 20
-87.0266659999999916
 30
0
 11
56.407318999999994
 21
-86.9314279999999968
 31
0
  0
LINE
  5
9E
330
1B
100
AcDbEntity
  8
F.Silkscreen
  6
CONTINUOUS
100
AcDbLine
 10
56.407318999999994
 20
-86.9314279999999968
 30
0
 11
56.407318999999994
 21
-86.7409519999999929
 31
0
  0
LINE
  5
9F
330
1B
100
AcDbEntity
  8
F.Silkscreen
  6
CONTINUOUS
100
AcDbLine
 10
56.407318999999994
 20
-86.7409519999999929
 30
0
 11
56.3596999999999966
 21
-86.6457139999999981
 31
0
  0
LINE
  5
A0
330
1B
100
AcDbEntity
  8
F.Silkscreen
  6
CONTINUOUS
100
AcDbLine
 10
56.3596999999999966
 20
-86.6457139999999981
 30
0
 11
56.3120799999999946
 21
-86.5980950000000007
 31
0
  0
LINE
  5
A1
330
1B
100
AcDbEntity
  8
F.Silkscreen
  6
CONTINUOUS
100
AcDbLine
 10
56.3120799999999946
 20
-86.5980950000000007
 30
0
 11
56.2168419999999998
 21
-86.5504759999999891
 31
0
  0
LINE
  5
A2
330
1B
100
AcDbEntity
  8
F.Silkscreen
  6
CONTINUOUS
100
AcDbLine
 10
56.2168419999999998
 20
-86.5504759999999891
 30
0
 11
55.407318999999994
 21
-86.5504759999999891
 31
0
  0
LINE
  5
A3
330
1B
100
AcDbEntity
  8
F.Silkscreen
  6
CONTINUOUS
100
AcDbLine
 10
56.407318999999994
 20
-86.0266659999999916
 30
0
 11
56.407318999999994
 21
-85.836190000000002
 31
0
  0
LINE
  5
A4
330
1B
100
AcDbEntity
  8
F.Silkscreen
  6
CONTINUOUS
100
AcDbLine
 10
56.407318999999994
 20
-85.836190000000002
 30
0
 11
56.3596999999999966
 21
-85.7409519999999929
 31
0
  0
LINE
  5
A5
330
1B
100
AcDbEntity
  8
F.Silkscreen
  6
CONTINUOUS
100
AcDbLine
 10
56.3596999999999966
 20
-85.7409519999999929
 30
0
 11
56.3120799999999946
 21
-85.6933329999999955
 31
0
  0
LINE
  5
A6
330
1B
100
AcDbEntity
  8
F.Silkscreen
  6
CONTINUOUS
100
AcDbLine
 10
56.3120799999999946
 20
-85.6933329999999955
 30
0
 11
56.1692229999999952
 21
-85.5980950000000007
 31
0
  0
LINE
  5
A7
330
1B
100
AcDbEntity
  8
F.Silkscreen
  6
CONTINUOUS
100
AcDbLine
 10
56.1692229999999952
 20
-85.5980950000000007
 30
0
 11
55.9787469999999985
 21
-85.5504759999999891
 31
0
  0
LINE
  5
A8
330
1B
100
AcDbEntity
  8
F.Silkscreen
  6
CONTINUOUS
100
AcDbLine
 10
55.9787469999999985
 20
-85.5504759999999891
 30
0
 11
55.5977949999999979
 21
-85.5504759999999891
 31
0
  0
LINE
  5
A9
330
1B
100
AcDbEntity
  8
F.Silkscreen
  6
CONTINUOUS
100
AcDbLine
 10
55.5977949999999979
 20
-85.5504759999999891
 30
0
 11
55.5025569999999959
 21
-85.5980950000000007
 31
0
  0
LINE
  5
AA
330
1B
100
AcDbEntity
  8
F.Silkscreen
  6
CONTINUOUS
100
AcDbLine
 10
55.5025569999999959
 20
-85.5980950000000007
 30
0
 11
55.4549379999999985
 21
-85.6457139999999981
 31
0
  0
LINE
  5
AB
330
1B
100
AcDbEntity
  8
F.Silkscreen
  6
CONTINUOUS
100
AcDbLine
 10
55.4549379999999985
 20
-85.6457139999999981
 30
0
 11
55.407318999999994
 21
-85.7409519999999929
 31
0
  0
LINE
  5
AC
330
1B
100
AcDbEntity
  8
F.Silkscreen
  6
CONTINUOUS
100
AcDbLine
 10
55.407318999999994
 20
-85.7409519999999929
 30
0
 11
55.407318999999994
 21
-85.9314279999999968
 31
0
  0
LINE
  5
AD
330
1B
100
AcDbEntity
  8
F.Silkscreen
  6
CONTINUOUS
100
AcDbLine
 10
55.407318999999994
 20
-85.9314279999999968
 30
0
 11
55.4549379999999985
 21
-86.0266659999999916
 31
0
  0
LINE
  5
AE
330
1B
100
AcDbEntity
  8
F.Silkscreen
  6
CONTINUOUS
100
AcDbLine
 10
55.4549379999999985
 20
-86.0266659999999916
 30
0
 11
55.5025569999999959
 21
-86.0742849999999891
 31
0
  0
LINE
  5
AF
330
1B
100
AcDbEntity
  8
F.Silkscreen
  6
CONTINUOUS
100
AcDbLine
 10
55.5025569999999959
 20
-86.0742849999999891
 30
0
 11
55.5977949999999979
 21
-86.1219040000000007
 31
0
  0
LINE
  5
B0
330
1B
100
AcDbEntity
  8
F.Silkscreen
  6
CONTINUOUS
100
AcDbLine
 10
55.5977949999999979
 20
-86.1219040000000007
 30
0
 11
55.8358899999999991
 21
-86.1219040000000007
 31
0
  0
LINE
  5
B1
330
1B
100
AcDbEntity
  8
F.Silkscreen
  6
CONTINUOUS
100
AcDbLine
 10
55.8358899999999991
 20
-86.1219040000000007
 30
0
 11
55.931127999999994
 21
-86.0742849999999891
 31
0
  0
LINE
  5
B2
330
1B
100
AcDbEntity
  8
F.Silkscreen
  6
CONTINUOUS
100
AcDbLine
 10
55.931127999999994
 20
-86.0742849999999891
 30
0
 11
55.9787469999999985
 21
-86.0266659999999916
 31
0
  0
LINE
  5
B3
330
1B
100
AcDbEntity
  8
F.Silkscreen
  6
CONTINUOUS
100
AcDbLine
 10
55.9787469999999985
 20
-86.0266659999999916
 30
0
 11
56.0263659999999959
 21
-85.9314279999999968
 31
0
  0
LINE
  5
B4
330
1B
100
AcDbEntity
  8
F.Silkscreen
  6
CONTINUOUS
100
AcDbLine
 10
56.0263659999999959
 20
-85.9314279999999968
 30
0
 11
56.0263659999999959
 21
-85.7409519999999929
 31
0
  0
LINE
  5
B5
330
1B
100
AcDbEntity
  8
F.Silkscreen
  6
CONTINUOUS
100
AcDbLine
 10
56.0263659999999959
 20
-85.7409519999999929
 30
0
 11
55.9787469999999985
 21
-85.6457139999999981
 31
0
  0
LINE
  5
B6
330
1B
100
AcDbEntity
  8
F.Silkscreen
  6
CONTINUOUS
100
AcDbLine
 10
55.9787469999999985
 20
-85.6457139999999981
 30
0
 11
55.931127999999994
 21
-85.5980950000000007
 31
0
  0
LINE
  5
B7
330
1B
100
AcDbEntity
  8
F.Silkscreen
  6
CONTINUOUS
100
AcDbLine
 10
55.931127999999994
 20
-85.5980950000000007
 30
0
 11
55.8358899999999991
 21
-85.5504759999999891
 31
0
  0
LINE
  5
B8
330
1B
100
AcDbEntity
  8
F.Silkscreen
  6
CONTINUOUS
100
AcDbLine
 10
78.0904749999999979
 20
-46.4638549999999952
 30
0
 11
78.2809510000000017
 21
-47.2638549999999995
 31
0
  0
LINE
  5
B9
330
1B
100
AcDbEntity
  8
F.Silkscreen
  6
CONTINUOUS
100
AcDbLine
 10
78.2809510000000017
 20
-47.2638549999999995
 30
0
 11
78.4333319999999929
 21
-46.6924259999999975
 31
0
  0
LINE
  5
BA
330
1B
100
AcDbEntity
  8
F.Silkscreen
  6
CONTINUOUS
100
AcDbLine
 10
78.4333319999999929
 20
-46.6924259999999975
 30
0
 11
78.5857129999999984
 21
-47.2638549999999995
 31
0
  0
LINE
  5
BB
330
1B
100
AcDbEntity
  8
F.Silkscreen
  6
CONTINUOUS
100
AcDbLine
 10
78.5857129999999984
 20
-47.2638549999999995
 30
0
 11
78.7761899999999997
 21
-46.4638549999999952
 31
0
  0
LINE
  5
BC
330
1B
100
AcDbEntity
  8
F.Silkscreen
  6
CONTINUOUS
100
AcDbLine
 10
79.4619039999999899
 20
-47.2638549999999995
 30
0
 11
79.0809519999999964
 21
-47.2638549999999995
 31
0
  0
LINE
  5
BD
330
1B
100
AcDbEntity
  8
F.Silkscreen
  6
CONTINUOUS
100
AcDbLine
 10
79.0809519999999964
 20
-47.2638549999999995
 30
0
 11
79.0809519999999964
 21
-46.4638549999999952
 31
0
  0
LINE
  5
BE
330
1B
100
AcDbEntity
  8
F.Silkscreen
  6
CONTINUOUS
100
AcDbLine
 10
80.1476179999999943
 20
-47.2638549999999995
 30
0
 11
79.6904749999999922
 21
-47.2638549999999995
 31
0
  0
LINE
  5
BF
330
1B
100
AcDbEntity
  8
F.Silkscreen
  6
CONTINUOUS
100
AcDbLine
 10
79.919046999999992
 20
-47.2638549999999995
 30
0
 11
79.919046999999992
 21
-46.4638549999999952
 31
0
  0
LINE
  5
C0
330
1B
100
AcDbEntity
  8
F.Silkscreen
  6
CONTINUOUS
100
AcDbLine
 10
79.919046999999992
 20
-46.4638549999999952
 30
0
 11
79.8428559999999976
 21
-46.5781399999999977
 31
0
  0
LINE
  5
C1
330
1B
100
AcDbEntity
  8
F.Silkscreen
  6
CONTINUOUS
100
AcDbLine
 10
79.8428559999999976
 20
-46.5781399999999977
 30
0
 11
79.7666660000000007
 21
-46.6543309999999991
 31
0
  0
LINE
  5
C2
330
1B
100
AcDbEntity
  8
F.Silkscreen
  6
CONTINUOUS
100
AcDbLine
 10
79.7666660000000007
 20
-46.6543309999999991
 30
0
 11
79.6904749999999922
 21
-46.6924259999999975
 31
0
  0
LINE
  5
C3
330
1B
100
AcDbEntity
  8
F.Silkscreen
  6
CONTINUOUS
100
AcDbLine
 10
80.8333329999999961
 20
-47.2638549999999995
 30
0
 11
80.8333329999999961
 21
-46.8448069999999959
 31
0
  0
LINE
  5
C4
330
1B
100
AcDbEntity
  8
F.Silkscreen
  6
CONTINUOUS
100
AcDbLine
 10
80.8333329999999961
 20
-46.8448069999999959
 30
0
 11
80.7952379999999977
 21
-46.768616999999999
 31
0
  0
LINE
  5
C5
330
1B
100
AcDbEntity
  8
F.Silkscreen
  6
CONTINUOUS
100
AcDbLine
 10
80.7952379999999977
 20
-46.768616999999999
 30
0
 11
80.7190470000000033
 21
-46.730520999999996
 31
0
  0
LINE
  5
C6
330
1B
100
AcDbEntity
  8
F.Silkscreen
  6
CONTINUOUS
100
AcDbLine
 10
80.7190470000000033
 20
-46.730520999999996
 30
0
 11
80.5666659999999979
 21
-46.730520999999996
 31
0
  0
LINE
  5
C7
330
1B
100
AcDbEntity
  8
F.Silkscreen
  6
CONTINUOUS
100
AcDbLine
 10
80.5666659999999979
 20
-46.730520999999996
 30
0
 11
80.490476000000001
 21
-46.768616999999999
 31
0
  0
LINE
  5
C8
330
1B
100
AcDbEntity
  8
F.Silkscreen
  6
CONTINUOUS
100
AcDbLine
 10
80.8333329999999961
 20
-47.2257600000000011
 30
0
 11
80.7571420000000018
 21
-47.2638549999999995
 31
0
  0
LINE
  5
C9
330
1B
100
AcDbEntity
  8
F.Silkscreen
  6
CONTINUOUS
100
AcDbLine
 10
80.7571420000000018
 20
-47.2638549999999995
 30
0
 11
80.5666659999999979
 21
-47.2638549999999995
 31
0
  0
LINE
  5
CA
330
1B
100
AcDbEntity
  8
F.Silkscreen
  6
CONTINUOUS
100
AcDbLine
 10
80.5666659999999979
 20
-47.2638549999999995
 30
0
 11
80.490476000000001
 21
-47.2257600000000011
 31
0
  0
LINE
  5
CB
330
1B
100
AcDbEntity
  8
F.Silkscreen
  6
CONTINUOUS
100
AcDbLine
 10
80.490476000000001
 20
-47.2257600000000011
 30
0
 11
80.4523799999999909
 21
-47.1495689999999996
 31
0
  0
LINE
  5
CC
330
1B
100
AcDbEntity
  8
F.Silkscreen
  6
CONTINUOUS
100
AcDbLine
 10
80.4523799999999909
 20
-47.1495689999999996
 30
0
 11
80.4523799999999909
 21
-47.0733789999999956
 31
0
  0
LINE
  5
CD
330
1B
100
AcDbEntity
  8
F.Silkscreen
  6
CONTINUOUS
100
AcDbLine
 10
80.4523799999999909
 20
-47.0733789999999956
 30
0
 11
80.490476000000001
 21
-46.9971880000000013
 31
0
  0
LINE
  5
CE
330
1B
100
AcDbEntity
  8
F.Silkscreen
  6
CONTINUOUS
100
AcDbLine
 10
80.490476000000001
 20
-46.9971880000000013
 30
0
 11
80.5666659999999979
 21
-46.9590929999999958
 31
0
  0
LINE
  5
CF
330
1B
100
AcDbEntity
  8
F.Silkscreen
  6
CONTINUOUS
100
AcDbLine
 10
80.5666659999999979
 20
-46.9590929999999958
 30
0
 11
80.7571420000000018
 21
-46.9590929999999958
 31
0
  0
LINE
  5
D0
330
1B
100
AcDbEntity
  8
F.Silkscreen
  6
CONTINUOUS
100
AcDbLine
 10
80.7571420000000018
 20
-46.9590929999999958
 30
0
 11
80.8333329999999961
 21
-46.9209979999999973
 31
0
  0
LINE
  5
D1
330
1B
100
AcDbEntity
  8
F.Silkscreen
  6
CONTINUOUS
100
AcDbLine
 10
80.6096419999999938
 20
-62.6295799999999971
 30
0
 11
80.5620229999999964
 21
-62.6771999999999991
 31
0
  0
LINE
  5
D2
330
1B
100
AcDbEntity
  8
F.Silkscreen
  6
CONTINUOUS
100
AcDbLine
 10
80.5620229999999964
 20
-62.6771999999999991
 30
0
 11
80.4191659999999899
 21
-62.7248189999999965
 31
0
  0
LINE
  5
D3
330
1B
100
AcDbEntity
  8
F.Silkscreen
  6
CONTINUOUS
100
AcDbLine
 10
80.4191659999999899
 20
-62.7248189999999965
 30
0
 11
80.3239279999999951
 21
-62.7248189999999965
 31
0
  0
LINE
  5
D4
330
1B
100
AcDbEntity
  8
F.Silkscreen
  6
CONTINUOUS
100
AcDbLine
 10
80.3239279999999951
 20
-62.7248189999999965
 30
0
 11
80.1810710000000029
 21
-62.6771999999999991
 31
0
  0
LINE
  5
D5
330
1B
100
AcDbEntity
  8
F.Silkscreen
  6
CONTINUOUS
100
AcDbLine
 10
80.1810710000000029
 20
-62.6771999999999991
 30
0
 11
80.0858329999999938
 21
-62.5819609999999997
 31
0
  0
LINE
  5
D6
330
1B
100
AcDbEntity
  8
F.Silkscreen
  6
CONTINUOUS
100
AcDbLine
 10
80.0858329999999938
 20
-62.5819609999999997
 30
0
 11
80.0382139999999964
 21
-62.4867229999999978
 31
0
  0
LINE
  5
D7
330
1B
100
AcDbEntity
  8
F.Silkscreen
  6
CONTINUOUS
100
AcDbLine
 10
80.0382139999999964
 20
-62.4867229999999978
 30
0
 11
79.990594999999999
 21
-62.2962469999999939
 31
0
  0
LINE
  5
D8
330
1B
100
AcDbEntity
  8
F.Silkscreen
  6
CONTINUOUS
100
AcDbLine
 10
79.990594999999999
 20
-62.2962469999999939
 30
0
 11
79.990594999999999
 21
-62.1533899999999946
 31
0
  0
LINE
  5
D9
330
1B
100
AcDbEntity
  8
F.Silkscreen
  6
CONTINUOUS
100
AcDbLine
 10
79.990594999999999
 20
-62.1533899999999946
 30
0
 11
80.0382139999999964
 21
-61.9629139999999978
 31
0
  0
LINE
  5
DA
330
1B
100
AcDbEntity
  8
F.Silkscreen
  6
CONTINUOUS
100
AcDbLine
 10
80.0382139999999964
 20
-61.9629139999999978
 30
0
 11
80.0858329999999938
 21
-61.8676759999999959
 31
0
  0
LINE
  5
DB
330
1B
100
AcDbEntity
  8
F.Silkscreen
  6
CONTINUOUS
100
AcDbLine
 10
80.0858329999999938
 20
-61.8676759999999959
 30
0
 11
80.1810710000000029
 21
-61.772437999999994
 31
0
  0
LINE
  5
DC
330
1B
100
AcDbEntity
  8
F.Silkscreen
  6
CONTINUOUS
100
AcDbLine
 10
80.1810710000000029
 20
-61.772437999999994
 30
0
 11
80.3239279999999951
 21
-61.7248189999999965
 31
0
  0
LINE
  5
DD
330
1B
100
AcDbEntity
  8
F.Silkscreen
  6
CONTINUOUS
100
AcDbLine
 10
80.3239279999999951
 20
-61.7248189999999965
 30
0
 11
80.4191659999999899
 21
-61.7248189999999965
 31
0
  0
LINE
  5
DE
330
1B
100
AcDbEntity
  8
F.Silkscreen
  6
CONTINUOUS
100
AcDbLine
 10
80.4191659999999899
 20
-61.7248189999999965
 30
0
 11
80.5620229999999964
 21
-61.772437999999994
 31
0
  0
LINE
  5
DF
330
1B
100
AcDbEntity
  8
F.Silkscreen
  6
CONTINUOUS
100
AcDbLine
 10
80.5620229999999964
 20
-61.772437999999994
 30
0
 11
80.6096419999999938
 21
-61.8200569999999985
 31
0
  0
LINE
  5
E0
330
1B
100
AcDbEntity
  8
F.Silkscreen
  6
CONTINUOUS
100
AcDbLine
 10
81.5620229999999964
 20
-62.7248189999999965
 30
0
 11
80.990594999999999
 21
-62.7248189999999965
 31
0
  0
LINE
  5
E1
330
1B
100
AcDbEntity
  8
F.Silkscreen
  6
CONTINUOUS
100
AcDbLine
 10
81.2763089999999977
 20
-62.7248189999999965
 30
0
 11
81.2763089999999977
 21
-61.7248189999999965
 31
0
  0
LINE
  5
E2
330
1B
100
AcDbEntity
  8
F.Silkscreen
  6
CONTINUOUS
100
AcDbLine
 10
81.2763089999999977
 20
-61.7248189999999965
 30
0
 11
81.1810710000000029
 21
-61.8676759999999959
 31
0
  0
LINE
  5
E3
330
1B
100
AcDbEntity
  8
F.Silkscreen
  6
CONTINUOUS
100
AcDbLine
 10
81.1810710000000029
 20
-61.8676759999999959
 30
0
 11
81.0858329999999938
 21
-61.9629139999999978
 31
0
  0
LINE
  5
E4
330
1B
100
AcDbEntity
  8
F.Silkscreen
  6
CONTINUOUS
100
AcDbLine
 10
81.0858329999999938
 20
-61.9629139999999978
 30
0
 11
80.990594999999999
 21
-62.0105329999999952
 31
0
  0
LINE
  5
E5
330
1B
100
AcDbEntity
  8
F.Silkscreen
  6
CONTINUOUS
100
AcDbLine
 10
82.4667850000000016
 20
-61.7248189999999965
 30
0
 11
81.990594999999999
 21
-61.7248189999999965
 31
0
  0
LINE
  5
E6
330
1B
100
AcDbEntity
  8
F.Silkscreen
  6
CONTINUOUS
100
AcDbLine
 10
81.990594999999999
 20
-61.7248189999999965
 30
0
 11
81.9429760000000016
 21
-62.2010089999999991
 31
0
  0
LINE
  5
E7
330
1B
100
AcDbEntity
  8
F.Silkscreen
  6
CONTINUOUS
100
AcDbLine
 10
81.9429760000000016
 20
-62.2010089999999991
 30
0
 11
81.990594999999999
 21
-62.1533899999999946
 31
0
  0
LINE
  5
E8
330
1B
100
AcDbEntity
  8
F.Silkscreen
  6
CONTINUOUS
100
AcDbLine
 10
81.990594999999999
 20
-62.1533899999999946
 30
0
 11
82.0858329999999938
 21
-62.1057709999999972
 31
0
  0
LINE
  5
E9
330
1B
100
AcDbEntity
  8
F.Silkscreen
  6
CONTINUOUS
100
AcDbLine
 10
82.0858329999999938
 20
-62.1057709999999972
 30
0
 11
82.3239279999999951
 21
-62.1057709999999972
 31
0
  0
LINE
  5
EA
330
1B
100
AcDbEntity
  8
F.Silkscreen
  6
CONTINUOUS
100
AcDbLine
 10
82.3239279999999951
 20
-62.1057709999999972
 30
0
 11
82.4191659999999899
 21
-62.1533899999999946
 31
0
  0
LINE
  5
EB
330
1B
100
AcDbEntity
  8
F.Silkscreen
  6
CONTINUOUS
100
AcDbLine
 10
82.4191659999999899
 20
-62.1533899999999946
 30
0
 11
82.4667850000000016
 21
-62.2010089999999991
 31
0
  0
LINE
  5
EC
330
1B
100
AcDbEntity
  8
F.Silkscreen
  6
CONTINUOUS
100
AcDbLine
 10
82.4667850000000016
 20
-62.2010089999999991
 30
0
 11
82.514403999999999
 21
-62.2962469999999939
 31
0
  0
LINE
  5
ED
330
1B
100
AcDbEntity
  8
F.Silkscreen
  6
CONTINUOUS
100
AcDbLine
 10
82.514403999999999
 20
-62.2962469999999939
 30
0
 11
82.514403999999999
 21
-62.5343419999999952
 31
0
  0
LINE
  5
EE
330
1B
100
AcDbEntity
  8
F.Silkscreen
  6
CONTINUOUS
100
AcDbLine
 10
82.514403999999999
 20
-62.5343419999999952
 30
0
 11
82.4667850000000016
 21
-62.6295799999999971
 31
0
  0
LINE
  5
EF
330
1B
100
AcDbEntity
  8
F.Silkscreen
  6
CONTINUOUS
100
AcDbLine
 10
82.4667850000000016
 20
-62.6295799999999971
 30
0
 11
82.4191659999999899
 21
-62.6771999999999991
 31
0
  0
LINE
  5
F0
330
1B
100
AcDbEntity
  8
F.Silkscreen
  6
CONTINUOUS
100
AcDbLine
 10
82.4191659999999899
 20
-62.6771999999999991
 30
0
 11
82.3239279999999951
 21
-62.7248189999999965
 31
0
  0
LINE
  5
F1
330
1B
100
AcDbEntity
  8
F.Silkscreen
  6
CONTINUOUS
100
AcDbLine
 10
82.3239279999999951
 20
-62.7248189999999965
 30
0
 11
82.0858329999999938
 21
-62.7248189999999965
 31
0
  0
LINE
  5
F2
330
1B
100
AcDbEntity
  8
F.Silkscreen
  6
CONTINUOUS
100
AcDbLine
 10
82.0858329999999938
 20
-62.7248189999999965
 30
0
 11
81.990594999999999
 21
-62.6771999999999991
 31
0
  0
LINE
  5
F3
330
1B
100
AcDbEntity
  8
F.Silkscreen
  6
CONTINUOUS
100
AcDbLine
 10
81.990594999999999
 20
-62.6771999999999991
 30
0
 11
81.9429760000000016
 21
-62.6295799999999971
 31
0
  0
LINE
  5
F4
330
1B
100
AcDbEntity
  8
F.Silkscreen
  6
CONTINUOUS
100
AcDbLine
 10
68.0904749999999979
 20
-50.4638549999999952
 30
0
 11
68.2809510000000017
 21
-51.2638549999999995
 31
0
  0
LINE
  5
F5
330
1B
100
AcDbEntity
  8
F.Silkscreen
  6
CONTINUOUS
100
AcDbLine
 10
68.2809510000000017
 20
-51.2638549999999995
 30
0
 11
68.4333319999999929
 21
-50.6924259999999975
 31
0
  0
LINE
  5
F6
330
1B
100
AcDbEntity
  8
F.Silkscreen
  6
CONTINUOUS
100
AcDbLine
 10
68.4333319999999929
 20
-50.6924259999999975
 30
0
 11
68.5857129999999984
 21
-51.2638549999999995
 31
0
  0
LINE
  5
F7
330
1B
100
AcDbEntity
  8
F.Silkscreen
  6
CONTINUOUS
100
AcDbLine
 10
68.5857129999999984
 20
-51.2638549999999995
 30
0
 11
68.7761899999999997
 21
-50.4638549999999952
 31
0
  0
LINE
  5
F8
330
1B
100
AcDbEntity
  8
F.Silkscreen
  6
CONTINUOUS
100
AcDbLine
 10
69.4619039999999899
 20
-51.2638549999999995
 30
0
 11
69.0809519999999964
 21
-51.2638549999999995
 31
0
  0
LINE
  5
F9
330
1B
100
AcDbEntity
  8
F.Silkscreen
  6
CONTINUOUS
100
AcDbLine
 10
69.0809519999999964
 20
-51.2638549999999995
 30
0
 11
69.0809519999999964
 21
-50.4638549999999952
 31
0
  0
LINE
  5
FA
330
1B
100
AcDbEntity
  8
F.Silkscreen
  6
CONTINUOUS
100
AcDbLine
 10
69.6523799999999937
 20
-50.4638549999999952
 30
0
 11
70.1857139999999902
 21
-50.4638549999999952
 31
0
  0
LINE
  5
FB
330
1B
100
AcDbEntity
  8
F.Silkscreen
  6
CONTINUOUS
100
AcDbLine
 10
70.1857139999999902
 20
-50.4638549999999952
 30
0
 11
69.8428559999999976
 21
-51.2638549999999995
 31
0
  0
LINE
  5
FC
330
1B
100
AcDbEntity
  8
F.Silkscreen
  6
CONTINUOUS
100
AcDbLine
 10
70.490476000000001
 20
-51.2638549999999995
 30
0
 11
70.490476000000001
 21
-50.4638549999999952
 31
0
  0
LINE
  5
FD
330
1B
100
AcDbEntity
  8
F.Silkscreen
  6
CONTINUOUS
100
AcDbLine
 10
70.490476000000001
 20
-50.768616999999999
 30
0
 11
70.5666659999999979
 21
-50.730520999999996
 31
0
  0
LINE
  5
FE
330
1B
100
AcDbEntity
  8
F.Silkscreen
  6
CONTINUOUS
100
AcDbLine
 10
70.5666659999999979
 20
-50.730520999999996
 30
0
 11
70.7190470000000033
 21
-50.730520999999996
 31
0
  0
LINE
  5
FF
330
1B
100
AcDbEntity
  8
F.Silkscreen
  6
CONTINUOUS
100
AcDbLine
 10
70.7190470000000033
 20
-50.730520999999996
 30
0
 11
70.7952379999999977
 21
-50.768616999999999
 31
0
  0
LINE
  5
100
330
1B
100
AcDbEntity
  8
F.Silkscreen
  6
CONTINUOUS
100
AcDbLine
 10
70.7952379999999977
 20
-50.768616999999999
 30
0
 11
70.8333329999999961
 21
-50.8067119999999974
 31
0
  0
LINE
  5
101
330
1B
100
AcDbEntity
  8
F.Silkscreen
  6
CONTINUOUS
100
AcDbLine
 10
70.8333329999999961
 20
-50.8067119999999974
 30
0
 11
70.8714279999999945
 21
-50.8829019999999943
 31
0
  0
LINE
  5
102
330
1B
100
AcDbEntity
  8
F.Silkscreen
  6
CONTINUOUS
100
AcDbLine
 10
70.8714279999999945
 20
-50.8829019999999943
 30
0
 11
70.8714279999999945
 21
-51.1114740000000012
 31
0
  0
LINE
  5
103
330
1B
100
AcDbEntity
  8
F.Silkscreen
  6
CONTINUOUS
100
AcDbLine
 10
70.8714279999999945
 20
-51.1114740000000012
 30
0
 11
70.8333329999999961
 21
-51.1876639999999981
 31
0
  0
LINE
  5
104
330
1B
100
AcDbEntity
  8
F.Silkscreen
  6
CONTINUOUS
100
AcDbLine
 10
70.8333329999999961
 20
-51.1876639999999981
 30
0
 11
70.7952379999999977
 21
-51.2257600000000011
 31
0
  0
LINE
  5
105
330
1B
100
AcDbEntity
  8
F.Silkscreen
  6
CONTINUOUS
100
AcDbLine
 10
70.7952379999999977
 20
-51.2257600000000011
 30
0
 11
70.7190470000000033
 21
-51.2638549999999995
 31
0
  0
LINE
  5
106
330
1B
100
AcDbEntity
  8
F.Silkscreen
  6
CONTINUOUS
100
AcDbLine
 10
70.7190470000000033
 20
-51.2638549999999995
 30
0
 11
70.5666659999999979
 21
-51.2638549999999995
 31
0
  0
LINE
  5
107
330
1B
100
AcDbEntity
  8
F.Silkscreen
  6
CONTINUOUS
100
AcDbLine
 10
70.5666659999999979
 20
-51.2638549999999995
 30
0
 11
70.490476000000001
 21
-51.2257600000000011
 31
0
  0
LINE
  5
108
330
1B
100
AcDbEntity
  8
F.Silkscreen
  6
CONTINUOUS
100
AcDbLine
 10
70.0904749999999979
 20
-33.9638549999999952
 30
0
 11
70.2809510000000017
 21
-34.7638549999999995
 31
0
  0
LINE
  5
109
330
1B
100
AcDbEntity
  8
F.Silkscreen
  6
CONTINUOUS
100
AcDbLine
 10
70.2809510000000017
 20
-34.7638549999999995
 30
0
 11
70.4333319999999929
 21
-34.1924259999999975
 31
0
  0
LINE
  5
10A
330
1B
100
AcDbEntity
  8
F.Silkscreen
  6
CONTINUOUS
100
AcDbLine
 10
70.4333319999999929
 20
-34.1924259999999975
 30
0
 11
70.5857129999999984
 21
-34.7638549999999995
 31
0
  0
LINE
  5
10B
330
1B
100
AcDbEntity
  8
F.Silkscreen
  6
CONTINUOUS
100
AcDbLine
 10
70.5857129999999984
 20
-34.7638549999999995
 30
0
 11
70.7761899999999997
 21
-33.9638549999999952
 31
0
  0
LINE
  5
10C
330
1B
100
AcDbEntity
  8
F.Silkscreen
  6
CONTINUOUS
100
AcDbLine
 10
71.4619039999999899
 20
-34.7638549999999995
 30
0
 11
71.0809519999999964
 21
-34.7638549999999995
 31
0
  0
LINE
  5
10D
330
1B
100
AcDbEntity
  8
F.Silkscreen
  6
CONTINUOUS
100
AcDbLine
 10
71.0809519999999964
 20
-34.7638549999999995
 30
0
 11
71.0809519999999964
 21
-33.9638549999999952
 31
0
  0
LINE
  5
10E
330
1B
100
AcDbEntity
  8
F.Silkscreen
  6
CONTINUOUS
100
AcDbLine
 10
72.1476179999999943
 20
-34.7638549999999995
 30
0
 11
71.6904749999999922
 21
-34.7638549999999995
 31
0
  0
LINE
  5
10F
330
1B
100
AcDbEntity
  8
F.Silkscreen
  6
CONTINUOUS
100
AcDbLine
 10
71.919046999999992
 20
-34.7638549999999995
 30
0
 11
71.919046999999992
 21
-33.9638549999999952
 31
0
  0
LINE
  5
110
330
1B
100
AcDbEntity
  8
F.Silkscreen
  6
CONTINUOUS
100
AcDbLine
 10
71.919046999999992
 20
-33.9638549999999952
 30
0
 11
71.8428559999999976
 21
-34.0781399999999977
 31
0
  0
LINE
  5
111
330
1B
100
AcDbEntity
  8
F.Silkscreen
  6
CONTINUOUS
100
AcDbLine
 10
71.8428559999999976
 20
-34.0781399999999977
 30
0
 11
71.7666660000000007
 21
-34.1543309999999991
 31
0
  0
LINE
  5
112
330
1B
100
AcDbEntity
  8
F.Silkscreen
  6
CONTINUOUS
100
AcDbLine
 10
71.7666660000000007
 20
-34.1543309999999991
 30
0
 11
71.6904749999999922
 21
-34.1924259999999975
 31
0
  0
LINE
  5
113
330
1B
100
AcDbEntity
  8
F.Silkscreen
  6
CONTINUOUS
100
AcDbLine
 10
72.490476000000001
 20
-34.7638549999999995
 30
0
 11
72.490476000000001
 21
-33.9638549999999952
 31
0
  0
LINE
  5
114
330
1B
100
AcDbEntity
  8
F.Silkscreen
  6
CONTINUOUS
100
AcDbLine
 10
72.490476000000001
 20
-34.268616999999999
 30
0
 11
72.5666659999999979
 21
-34.230520999999996
 31
0
  0
LINE
  5
115
330
1B
100
AcDbEntity
  8
F.Silkscreen
  6
CONTINUOUS
100
AcDbLine
 10
72.5666659999999979
 20
-34.230520999999996
 30
0
 11
72.7190470000000033
 21
-34.230520999999996
 31
0
  0
LINE
  5
116
330
1B
100
AcDbEntity
  8
F.Silkscreen
  6
CONTINUOUS
100
AcDbLine
 10
72.7190470000000033
 20
-34.230520999999996
 30
0
 11
72.7952379999999977
 21
-34.268616999999999
 31
0
  0
LINE
  5
117
330
1B
100
AcDbEntity
  8
F.Silkscreen
  6
CONTINUOUS
100
AcDbLine
 10
72.7952379999999977
 20
-34.268616999999999
 30
0
 11
72.8333329999999961
 21
-34.3067119999999974
 31
0
  0
LINE
  5
118
330
1B
100
AcDbEntity
  8
F.Silkscreen
  6
CONTINUOUS
100
AcDbLine
 10
72.8333329999999961
 20
-34.3067119999999974
 30
0
 11
72.8714279999999945
 21
-34.3829020000000014
 31
0
  0
LINE
  5
119
330
1B
100
AcDbEntity
  8
F.Silkscreen
  6
CONTINUOUS
100
AcDbLine
 10
72.8714279999999945
 20
-34.3829020000000014
 30
0
 11
72.8714279999999945
 21
-34.6114740000000012
 31
0
  0
LINE
  5
11A
330
1B
100
AcDbEntity
  8
F.Silkscreen
  6
CONTINUOUS
100
AcDbLine
 10
72.8714279999999945
 20
-34.6114740000000012
 30
0
 11
72.8333329999999961
 21
-34.6876639999999981
 31
0
  0
LINE
  5
11B
330
1B
100
AcDbEntity
  8
F.Silkscreen
  6
CONTINUOUS
100
AcDbLine
 10
72.8333329999999961
 20
-34.6876639999999981
 30
0
 11
72.7952379999999977
 21
-34.7257600000000011
 31
0
  0
LINE
  5
11C
330
1B
100
AcDbEntity
  8
F.Silkscreen
  6
CONTINUOUS
100
AcDbLine
 10
72.7952379999999977
 20
-34.7257600000000011
 30
0
 11
72.7190470000000033
 21
-34.7638549999999995
 31
0
  0
LINE
  5
11D
330
1B
100
AcDbEntity
  8
F.Silkscreen
  6
CONTINUOUS
100
AcDbLine
 10
72.7190470000000033
 20
-34.7638549999999995
 30
0
 11
72.5666659999999979
 21
-34.7638549999999995
 31
0
  0
LINE
  5
11E
330
1B
100
AcDbEntity
  8
F.Silkscreen
  6
CONTINUOUS
100
AcDbLine
 10
72.5666659999999979
 20
-34.7638549999999995
 30
0
 11
72.490476000000001
 21
-34.7257600000000011
 31
0
  0
LINE
  5
11F
330
1B
100
AcDbEntity
  8
F.Silkscreen
  6
CONTINUOUS
100
AcDbLine
 10
58.5904749999999979
 20
-40.4638549999999952
 30
0
 11
58.7809509999999946
 21
-41.2638549999999995
 31
0
  0
LINE
  5
120
330
1B
100
AcDbEntity
  8
F.Silkscreen
  6
CONTINUOUS
100
AcDbLine
 10
58.7809509999999946
 20
-41.2638549999999995
 30
0
 11
58.9333320000000001
 21
-40.6924259999999975
 31
0
  0
LINE
  5
121
330
1B
100
AcDbEntity
  8
F.Silkscreen
  6
CONTINUOUS
100
AcDbLine
 10
58.9333320000000001
 20
-40.6924259999999975
 30
0
 11
59.0857129999999984
 21
-41.2638549999999995
 31
0
  0
LINE
  5
122
330
1B
100
AcDbEntity
  8
F.Silkscreen
  6
CONTINUOUS
100
AcDbLine
 10
59.0857129999999984
 20
-41.2638549999999995
 30
0
 11
59.2761899999999997
 21
-40.4638549999999952
 31
0
  0
LINE
  5
123
330
1B
100
AcDbEntity
  8
F.Silkscreen
  6
CONTINUOUS
100
AcDbLine
 10
59.961903999999997
 20
-41.2638549999999995
 30
0
 11
59.5809519999999964
 21
-41.2638549999999995
 31
0
  0
LINE
  5
124
330
1B
100
AcDbEntity
  8
F.Silkscreen
  6
CONTINUOUS
100
AcDbLine
 10
59.5809519999999964
 20
-41.2638549999999995
 30
0
 11
59.5809519999999964
 21
-40.4638549999999952
 31
0
  0
LINE
  5
125
330
1B
100
AcDbEntity
  8
F.Silkscreen
  6
CONTINUOUS
100
AcDbLine
 10
60.2666660000000007
 20
-41.2638549999999995
 30
0
 11
60.4190469999999991
 21
-41.2638549999999995
 31
0
  0
LINE
  5
126
330
1B
100
AcDbEntity
  8
F.Silkscreen
  6
CONTINUOUS
100
AcDbLine
 10
60.4190469999999991
 20
-41.2638549999999995
 30
0
 11
60.4952369999999959
 21
-41.2257600000000011
 31
0
  0
LINE
  5
127
330
1B
100
AcDbEntity
  8
F.Silkscreen
  6
CONTINUOUS
100
AcDbLine
 10
60.4952369999999959
 20
-41.2257600000000011
 30
0
 11
60.5333329999999989
 21
-41.1876639999999981
 31
0
  0
LINE
  5
128
330
1B
100
AcDbEntity
  8
F.Silkscreen
  6
CONTINUOUS
100
AcDbLine
 10
60.5333329999999989
 20
-41.1876639999999981
 30
0
 11
60.6095229999999958
 21
-41.0733789999999956
 31
0
  0
LINE
  5
129
330
1B
100
AcDbEntity
  8
F.Silkscreen
  6
CONTINUOUS
100
AcDbLine
 10
60.6095229999999958
 20
-41.0733789999999956
 30
0
 11
60.6476179999999943
 21
-40.9209979999999973
 31
0
  0
LINE
  5
12A
330
1B
100
AcDbEntity
  8
F.Silkscreen
  6
CONTINUOUS
100
AcDbLine
 10
60.6476179999999943
 20
-40.9209979999999973
 30
0
 11
60.6476179999999943
 21
-40.6162360000000007
 31
0
  0
LINE
  5
12B
330
1B
100
AcDbEntity
  8
F.Silkscreen
  6
CONTINUOUS
100
AcDbLine
 10
60.6476179999999943
 20
-40.6162360000000007
 30
0
 11
60.6095229999999958
 21
-40.5400449999999992
 31
0
  0
LINE
  5
12C
330
1B
100
AcDbEntity
  8
F.Silkscreen
  6
CONTINUOUS
100
AcDbLine
 10
60.6095229999999958
 20
-40.5400449999999992
 30
0
 11
60.5714279999999974
 21
-40.5019500000000008
 31
0
  0
LINE
  5
12D
330
1B
100
AcDbEntity
  8
F.Silkscreen
  6
CONTINUOUS
100
AcDbLine
 10
60.5714279999999974
 20
-40.5019500000000008
 30
0
 11
60.4952369999999959
 21
-40.4638549999999952
 31
0
  0
LINE
  5
12E
330
1B
100
AcDbEntity
  8
F.Silkscreen
  6
CONTINUOUS
100
AcDbLine
 10
60.4952369999999959
 20
-40.4638549999999952
 30
0
 11
60.3428559999999976
 21
-40.4638549999999952
 31
0
  0
LINE
  5
12F
330
1B
100
AcDbEntity
  8
F.Silkscreen
  6
CONTINUOUS
100
AcDbLine
 10
60.3428559999999976
 20
-40.4638549999999952
 30
0
 11
60.2666660000000007
 21
-40.5019500000000008
 31
0
  0
LINE
  5
130
330
1B
100
AcDbEntity
  8
F.Silkscreen
  6
CONTINUOUS
100
AcDbLine
 10
60.2666660000000007
 20
-40.5019500000000008
 30
0
 11
60.2285709999999952
 21
-40.5400449999999992
 31
0
  0
LINE
  5
131
330
1B
100
AcDbEntity
  8
F.Silkscreen
  6
CONTINUOUS
100
AcDbLine
 10
60.2285709999999952
 20
-40.5400449999999992
 30
0
 11
60.1904749999999993
 21
-40.6162360000000007
 31
0
  0
LINE
  5
132
330
1B
100
AcDbEntity
  8
F.Silkscreen
  6
CONTINUOUS
100
AcDbLine
 10
60.1904749999999993
 20
-40.6162360000000007
 30
0
 11
60.1904749999999993
 21
-40.8067119999999974
 31
0
  0
LINE
  5
133
330
1B
100
AcDbEntity
  8
F.Silkscreen
  6
CONTINUOUS
100
AcDbLine
 10
60.1904749999999993
 20
-40.8067119999999974
 30
0
 11
60.2285709999999952
 21
-40.8829020000000014
 31
0
  0
LINE
  5
134
330
1B
100
AcDbEntity
  8
F.Silkscreen
  6
CONTINUOUS
100
AcDbLine
 10
60.2285709999999952
 20
-40.8829020000000014
 30
0
 11
60.2666660000000007
 21
-40.9209979999999973
 31
0
  0
LINE
  5
135
330
1B
100
AcDbEntity
  8
F.Silkscreen
  6
CONTINUOUS
100
AcDbLine
 10
60.2666660000000007
 20
-40.9209979999999973
 30
0
 11
60.3428559999999976
 21
-40.9590929999999958
 31
0
  0
LINE
  5
136
330
1B
100
AcDbEntity
  8
F.Silkscreen
  6
CONTINUOUS
100
AcDbLine
 10
60.3428559999999976
 20
-40.9590929999999958
 30
0
 11
60.4952369999999959
 21
-40.9590929999999958
 31
0
  0
LINE
  5
137
330
1B
100
AcDbEntity
  8
F.Silkscreen
  6
CONTINUOUS
100
AcDbLine
 10
60.4952369999999959
 20
-40.9590929999999958
 30
0
 11
60.5714279999999974
 21
-40.9209979999999973
 31
0
  0
LINE
  5
138
330
1B
100
AcDbEntity
  8
F.Silkscreen
  6
CONTINUOUS
100
AcDbLine
 10
60.5714279999999974
 20
-40.9209979999999973
 30
0
 11
60.6095229999999958
 21
-40.8829020000000014
 31
0
  0
LINE
  5
139
330
1B
100
AcDbEntity
  8
F.Silkscreen
  6
CONTINUOUS
100
AcDbLine
 10
60.6095229999999958
 20
-40.8829020000000014
 30
0
 11
60.6476179999999943
 21
-40.8067119999999974
 31
0
  0
LINE
  5
13A
330
1B
100
AcDbEntity
  8
F.Silkscreen
  6
CONTINUOUS
100
AcDbLine
 10
60.9904759999999939
 20
-41.2638549999999995
 30
0
 11
60.9904759999999939
 21
-40.4638549999999952
 31
0
  0
LINE
  5
13B
330
1B
100
AcDbEntity
  8
F.Silkscreen
  6
CONTINUOUS
100
AcDbLine
 10
60.9904759999999939
 20
-40.768616999999999
 30
0
 11
61.0666659999999979
 21
-40.730520999999996
 31
0
  0
LINE
  5
13C
330
1B
100
AcDbEntity
  8
F.Silkscreen
  6
CONTINUOUS
100
AcDbLine
 10
61.0666659999999979
 20
-40.730520999999996
 30
0
 11
61.2190469999999962
 21
-40.730520999999996
 31
0
  0
LINE
  5
13D
330
1B
100
AcDbEntity
  8
F.Silkscreen
  6
CONTINUOUS
100
AcDbLine
 10
61.2190469999999962
 20
-40.730520999999996
 30
0
 11
61.2952379999999977
 21
-40.768616999999999
 31
0
  0
LINE
  5
13E
330
1B
100
AcDbEntity
  8
F.Silkscreen
  6
CONTINUOUS
100
AcDbLine
 10
61.2952379999999977
 20
-40.768616999999999
 30
0
 11
61.3333329999999961
 21
-40.8067119999999974
 31
0
  0
LINE
  5
13F
330
1B
100
AcDbEntity
  8
F.Silkscreen
  6
CONTINUOUS
100
AcDbLine
 10
61.3333329999999961
 20
-40.8067119999999974
 30
0
 11
61.3714279999999945
 21
-40.8829020000000014
 31
0
  0
LINE
  5
140
330
1B
100
AcDbEntity
  8
F.Silkscreen
  6
CONTINUOUS
100
AcDbLine
 10
61.3714279999999945
 20
-40.8829020000000014
 30
0
 11
61.3714279999999945
 21
-41.1114740000000012
 31
0
  0
LINE
  5
141
330
1B
100
AcDbEntity
  8
F.Silkscreen
  6
CONTINUOUS
100
AcDbLine
 10
61.3714279999999945
 20
-41.1114740000000012
 30
0
 11
61.3333329999999961
 21
-41.1876639999999981
 31
0
  0
LINE
  5
142
330
1B
100
AcDbEntity
  8
F.Silkscreen
  6
CONTINUOUS
100
AcDbLine
 10
61.3333329999999961
 20
-41.1876639999999981
 30
0
 11
61.2952379999999977
 21
-41.2257600000000011
 31
0
  0
LINE
  5
143
330
1B
100
AcDbEntity
  8
F.Silkscreen
  6
CONTINUOUS
100
AcDbLine
 10
61.2952379999999977
 20
-41.2257600000000011
 30
0
 11
61.2190469999999962
 21
-41.2638549999999995
 31
0
  0
LINE
  5
144
330
1B
100
AcDbEntity
  8
F.Silkscreen
  6
CONTINUOUS
100
AcDbLine
 10
61.2190469999999962
 20
-41.2638549999999995
 30
0
 11
61.0666659999999979
 21
-41.2638549999999995
 31
0
  0
LINE
  5
145
330
1B
100
AcDbEntity
  8
F.Silkscreen
  6
CONTINUOUS
100
AcDbLine
 10
61.0666659999999979
 20
-41.2638549999999995
 30
0
 11
60.9904759999999939
 21
-41.2257600000000011
 31
0
  0
LINE
  5
146
330
1B
100
AcDbEntity
  8
F.Silkscreen
  6
CONTINUOUS
100
AcDbLine
 10
109.5904749999999979
 20
-65.9638549999999952
 30
0
 11
109.7809510000000017
 21
-66.7638549999999924
 31
0
  0
LINE
  5
147
330
1B
100
AcDbEntity
  8
F.Silkscreen
  6
CONTINUOUS
100
AcDbLine
 10
109.7809510000000017
 20
-66.7638549999999924
 30
0
 11
109.9333319999999929
 21
-66.1924259999999975
 31
0
  0
LINE
  5
148
330
1B
100
AcDbEntity
  8
F.Silkscreen
  6
CONTINUOUS
100
AcDbLine
 10
109.9333319999999929
 20
-66.1924259999999975
 30
0
 11
110.0857129999999984
 21
-66.7638549999999924
 31
0
  0
LINE
  5
149
330
1B
100
AcDbEntity
  8
F.Silkscreen
  6
CONTINUOUS
100
AcDbLine
 10
110.0857129999999984
 20
-66.7638549999999924
 30
0
 11
110.2761899999999997
 21
-65.9638549999999952
 31
0
  0
LINE
  5
14A
330
1B
100
AcDbEntity
  8
F.Silkscreen
  6
CONTINUOUS
100
AcDbLine
 10
110.9619039999999899
 20
-66.7638549999999924
 30
0
 11
110.5809519999999964
 21
-66.7638549999999924
 31
0
  0
LINE
  5
14B
330
1B
100
AcDbEntity
  8
F.Silkscreen
  6
CONTINUOUS
100
AcDbLine
 10
110.5809519999999964
 20
-66.7638549999999924
 30
0
 11
110.5809519999999964
 21
-65.9638549999999952
 31
0
  0
LINE
  5
14C
330
1B
100
AcDbEntity
  8
F.Silkscreen
  6
CONTINUOUS
100
AcDbLine
 10
111.3428559999999976
 20
-66.3067119999999903
 30
0
 11
111.2666660000000007
 21
-66.2686169999999919
 31
0
  0
LINE
  5
14D
330
1B
100
AcDbEntity
  8
F.Silkscreen
  6
CONTINUOUS
100
AcDbLine
 10
111.2666660000000007
 20
-66.2686169999999919
 30
0
 11
111.2285709999999881
 21
-66.230520999999996
 31
0
  0
LINE
  5
14E
330
1B
100
AcDbEntity
  8
F.Silkscreen
  6
CONTINUOUS
100
AcDbLine
 10
111.2285709999999881
 20
-66.230520999999996
 30
0
 11
111.1904749999999922
 21
-66.1543309999999991
 31
0
  0
LINE
  5
14F
330
1B
100
AcDbEntity
  8
F.Silkscreen
  6
CONTINUOUS
100
AcDbLine
 10
111.1904749999999922
 20
-66.1543309999999991
 30
0
 11
111.1904749999999922
 21
-66.1162360000000007
 31
0
  0
LINE
  5
150
330
1B
100
AcDbEntity
  8
F.Silkscreen
  6
CONTINUOUS
100
AcDbLine
 10
111.1904749999999922
 20
-66.1162360000000007
 30
0
 11
111.2285709999999881
 21
-66.0400449999999921
 31
0
  0
LINE
  5
151
330
1B
100
AcDbEntity
  8
F.Silkscreen
  6
CONTINUOUS
100
AcDbLine
 10
111.2285709999999881
 20
-66.0400449999999921
 30
0
 11
111.2666660000000007
 21
-66.0019499999999937
 31
0
  0
LINE
  5
152
330
1B
100
AcDbEntity
  8
F.Silkscreen
  6
CONTINUOUS
100
AcDbLine
 10
111.2666660000000007
 20
-66.0019499999999937
 30
0
 11
111.3428559999999976
 21
-65.9638549999999952
 31
0
  0
LINE
  5
153
330
1B
100
AcDbEntity
  8
F.Silkscreen
  6
CONTINUOUS
100
AcDbLine
 10
111.3428559999999976
 20
-65.9638549999999952
 30
0
 11
111.4952369999999888
 21
-65.9638549999999952
 31
0
  0
LINE
  5
154
330
1B
100
AcDbEntity
  8
F.Silkscreen
  6
CONTINUOUS
100
AcDbLine
 10
111.4952369999999888
 20
-65.9638549999999952
 30
0
 11
111.5714279999999974
 21
-66.0019499999999937
 31
0
  0
LINE
  5
155
330
1B
100
AcDbEntity
  8
F.Silkscreen
  6
CONTINUOUS
100
AcDbLine
 10
111.5714279999999974
 20
-66.0019499999999937
 30
0
 11
111.6095229999999958
 21
-66.0400449999999921
 31
0
  0
LINE
  5
156
330
1B
100
AcDbEntity
  8
F.Silkscreen
  6
CONTINUOUS
100
AcDbLine
 10
111.6095229999999958
 20
-66.0400449999999921
 30
0
 11
111.6476179999999943
 21
-66.1162360000000007
 31
0
  0
LINE
  5
157
330
1B
100
AcDbEntity
  8
F.Silkscreen
  6
CONTINUOUS
100
AcDbLine
 10
111.6476179999999943
 20
-66.1162360000000007
 30
0
 11
111.6476179999999943
 21
-66.1543309999999991
 31
0
  0
LINE
  5
158
330
1B
100
AcDbEntity
  8
F.Silkscreen
  6
CONTINUOUS
100
AcDbLine
 10
111.6476179999999943
 20
-66.1543309999999991
 30
0
 11
111.6095229999999958
 21
-66.230520999999996
 31
0
  0
LINE
  5
159
330
1B
100
AcDbEntity
  8
F.Silkscreen
  6
CONTINUOUS
100
AcDbLine
 10
111.6095229999999958
 20
-66.230520999999996
 30
0
 11
111.5714279999999974
 21
-66.2686169999999919
 31
0
  0
LINE
  5
15A
330
1B
100
AcDbEntity
  8
F.Silkscreen
  6
CONTINUOUS
100
AcDbLine
 10
111.5714279999999974
 20
-66.2686169999999919
 30
0
 11
111.4952369999999888
 21
-66.3067119999999903
 31
0
  0
LINE
  5
15B
330
1B
100
AcDbEntity
  8
F.Silkscreen
  6
CONTINUOUS
100
AcDbLine
 10
111.4952369999999888
 20
-66.3067119999999903
 30
0
 11
111.3428559999999976
 21
-66.3067119999999903
 31
0
  0
LINE
  5
15C
330
1B
100
AcDbEntity
  8
F.Silkscreen
  6
CONTINUOUS
100
AcDbLine
 10
111.3428559999999976
 20
-66.3067119999999903
 30
0
 11
111.2666660000000007
 21
-66.344807000000003
 31
0
  0
LINE
  5
15D
330
1B
100
AcDbEntity
  8
F.Silkscreen
  6
CONTINUOUS
100
AcDbLine
 10
111.2666660000000007
 20
-66.344807000000003
 30
0
 11
111.2285709999999881
 21
-66.3829020000000014
 31
0
  0
LINE
  5
15E
330
1B
100
AcDbEntity
  8
F.Silkscreen
  6
CONTINUOUS
100
AcDbLine
 10
111.2285709999999881
 20
-66.3829020000000014
 30
0
 11
111.1904749999999922
 21
-66.4590929999999958
 31
0
  0
LINE
  5
15F
330
1B
100
AcDbEntity
  8
F.Silkscreen
  6
CONTINUOUS
100
AcDbLine
 10
111.1904749999999922
 20
-66.4590929999999958
 30
0
 11
111.1904749999999922
 21
-66.6114740000000012
 31
0
  0
LINE
  5
160
330
1B
100
AcDbEntity
  8
F.Silkscreen
  6
CONTINUOUS
100
AcDbLine
 10
111.1904749999999922
 20
-66.6114740000000012
 30
0
 11
111.2285709999999881
 21
-66.6876639999999981
 31
0
  0
LINE
  5
161
330
1B
100
AcDbEntity
  8
F.Silkscreen
  6
CONTINUOUS
100
AcDbLine
 10
111.2285709999999881
 20
-66.6876639999999981
 30
0
 11
111.2666660000000007
 21
-66.725759999999994
 31
0
  0
LINE
  5
162
330
1B
100
AcDbEntity
  8
F.Silkscreen
  6
CONTINUOUS
100
AcDbLine
 10
111.2666660000000007
 20
-66.725759999999994
 30
0
 11
111.3428559999999976
 21
-66.7638549999999924
 31
0
  0
LINE
  5
163
330
1B
100
AcDbEntity
  8
F.Silkscreen
  6
CONTINUOUS
100
AcDbLine
 10
111.3428559999999976
 20
-66.7638549999999924
 30
0
 11
111.4952369999999888
 21
-66.7638549999999924
 31
0
  0
LINE
  5
164
330
1B
100
AcDbEntity
  8
F.Silkscreen
  6
CONTINUOUS
100
AcDbLine
 10
111.4952369999999888
 20
-66.7638549999999924
 30
0
 11
111.5714279999999974
 21
-66.725759999999994
 31
0
  0
LINE
  5
165
330
1B
100
AcDbEntity
  8
F.Silkscreen
  6
CONTINUOUS
100
AcDbLine
 10
111.5714279999999974
 20
-66.725759999999994
 30
0
 11
111.6095229999999958
 21
-66.6876639999999981
 31
0
  0
LINE
  5
166
330
1B
100
AcDbEntity
  8
F.Silkscreen
  6
CONTINUOUS
100
AcDbLine
 10
111.6095229999999958
 20
-66.6876639999999981
 30
0
 11
111.6476179999999943
 21
-66.6114740000000012
 31
0
  0
LINE
  5
167
330
1B
100
AcDbEntity
  8
F.Silkscreen
  6
CONTINUOUS
100
AcDbLine
 10
111.6476179999999943
 20
-66.6114740000000012
 30
0
 11
111.6476179999999943
 21
-66.4590929999999958
 31
0
  0
LINE
  5
168
330
1B
100
AcDbEntity
  8
F.Silkscreen
  6
CONTINUOUS
100
AcDbLine
 10
111.6476179999999943
 20
-66.4590929999999958
 30
0
 11
111.6095229999999958
 21
-66.3829020000000014
 31
0
  0
LINE
  5
169
330
1B
100
AcDbEntity
  8
F.Silkscreen
  6
CONTINUOUS
100
AcDbLine
 10
111.6095229999999958
 20
-66.3829020000000014
 30
0
 11
111.5714279999999974
 21
-66.344807000000003
 31
0
  0
LINE
  5
16A
330
1B
100
AcDbEntity
  8
F.Silkscreen
  6
CONTINUOUS
100
AcDbLine
 10
111.5714279999999974
 20
-66.344807000000003
 30
0
 11
111.4952369999999888
 21
-66.3067119999999903
 31
0
  0
LINE
  5
16B
330
1B
100
AcDbEntity
  8
F.Silkscreen
  6
CONTINUOUS
100
AcDbLine
 10
111.990476000000001
 20
-66.7638549999999924
 30
0
 11
111.990476000000001
 21
-65.9638549999999952
 31
0
  0
LINE
  5
16C
330
1B
100
AcDbEntity
  8
F.Silkscreen
  6
CONTINUOUS
100
AcDbLine
 10
111.990476000000001
 20
-66.2686169999999919
 30
0
 11
112.0666659999999979
 21
-66.230520999999996
 31
0
  0
LINE
  5
16D
330
1B
100
AcDbEntity
  8
F.Silkscreen
  6
CONTINUOUS
100
AcDbLine
 10
112.0666659999999979
 20
-66.230520999999996
 30
0
 11
112.2190469999999891
 21
-66.230520999999996
 31
0
  0
LINE
  5
16E
330
1B
100
AcDbEntity
  8
F.Silkscreen
  6
CONTINUOUS
100
AcDbLine
 10
112.2190469999999891
 20
-66.230520999999996
 30
0
 11
112.2952379999999977
 21
-66.2686169999999919
 31
0
  0
LINE
  5
16F
330
1B
100
AcDbEntity
  8
F.Silkscreen
  6
CONTINUOUS
100
AcDbLine
 10
112.2952379999999977
 20
-66.2686169999999919
 30
0
 11
112.3333329999999961
 21
-66.3067119999999903
 31
0
  0
LINE
  5
170
330
1B
100
AcDbEntity
  8
F.Silkscreen
  6
CONTINUOUS
100
AcDbLine
 10
112.3333329999999961
 20
-66.3067119999999903
 30
0
 11
112.3714279999999945
 21
-66.3829020000000014
 31
0
  0
LINE
  5
171
330
1B
100
AcDbEntity
  8
F.Silkscreen
  6
CONTINUOUS
100
AcDbLine
 10
112.3714279999999945
 20
-66.3829020000000014
 30
0
 11
112.3714279999999945
 21
-66.6114740000000012
 31
0
  0
LINE
  5
172
330
1B
100
AcDbEntity
  8
F.Silkscreen
  6
CONTINUOUS
100
AcDbLine
 10
112.3714279999999945
 20
-66.6114740000000012
 30
0
 11
112.3333329999999961
 21
-66.6876639999999981
 31
0
  0
LINE
  5
173
330
1B
100
AcDbEntity
  8
F.Silkscreen
  6
CONTINUOUS
100
AcDbLine
 10
112.3333329999999961
 20
-66.6876639999999981
 30
0
 11
112.2952379999999977
 21
-66.725759999999994
 31
0
  0
LINE
  5
174
330
1B
100
AcDbEntity
  8
F.Silkscreen
  6
CONTINUOUS
100
AcDbLine
 10
112.2952379999999977
 20
-66.725759999999994
 30
0
 11
112.2190469999999891
 21
-66.7638549999999924
 31
0
  0
LINE
  5
175
330
1B
100
AcDbEntity
  8
F.Silkscreen
  6
CONTINUOUS
100
AcDbLine
 10
112.2190469999999891
 20
-66.7638549999999924
 30
0
 11
112.0666659999999979
 21
-66.7638549999999924
 31
0
  0
LINE
  5
176
330
1B
100
AcDbEntity
  8
F.Silkscreen
  6
CONTINUOUS
100
AcDbLine
 10
112.0666659999999979
 20
-66.7638549999999924
 30
0
 11
111.990476000000001
 21
-66.725759999999994
 31
0
  0
LINE
  5
177
330
1B
100
AcDbEntity
  8
F.Silkscreen
  6
CONTINUOUS
100
AcDbLine
 10
25.2380949999999977
 20
-110.3048189999999948
 30
0
 11
25.2380949999999977
 21
-109.3048189999999948
 31
0
  0
LINE
  5
178
330
1B
100
AcDbEntity
  8
F.Silkscreen
  6
CONTINUOUS
100
AcDbLine
 10
25.2380949999999977
 20
-109.7810089999999974
 30
0
 11
25.8095229999999987
 21
-109.7810089999999974
 31
0
  0
LINE
  5
179
330
1B
100
AcDbEntity
  8
F.Silkscreen
  6
CONTINUOUS
100
AcDbLine
 10
25.8095229999999987
 20
-110.3048189999999948
 30
0
 11
25.8095229999999987
 21
-109.3048189999999948
 31
0
  0
LINE
  5
17A
330
1B
100
AcDbEntity
  8
F.Silkscreen
  6
CONTINUOUS
100
AcDbLine
 10
26.1904760000000003
 20
-109.3048189999999948
 30
0
 11
26.8095229999999987
 21
-109.3048189999999948
 31
0
  0
LINE
  5
17B
330
1B
100
AcDbEntity
  8
F.Silkscreen
  6
CONTINUOUS
100
AcDbLine
 10
26.8095229999999987
 20
-109.3048189999999948
 30
0
 11
26.476189999999999
 21
-109.6857709999999884
 31
0
  0
LINE
  5
17C
330
1B
100
AcDbEntity
  8
F.Silkscreen
  6
CONTINUOUS
100
AcDbLine
 10
26.476189999999999
 20
-109.6857709999999884
 30
0
 11
26.6190469999999983
 21
-109.6857709999999884
 31
0
  0
LINE
  5
17D
330
1B
100
AcDbEntity
  8
F.Silkscreen
  6
CONTINUOUS
100
AcDbLine
 10
26.6190469999999983
 20
-109.6857709999999884
 30
0
 11
26.7142850000000003
 21
-109.73339
 31
0
  0
LINE
  5
17E
330
1B
100
AcDbEntity
  8
F.Silkscreen
  6
CONTINUOUS
100
AcDbLine
 10
26.7142850000000003
 20
-109.73339
 30
0
 11
26.7619039999999977
 21
-109.7810089999999974
 31
0
  0
LINE
  5
17F
330
1B
100
AcDbEntity
  8
F.Silkscreen
  6
CONTINUOUS
100
AcDbLine
 10
26.7619039999999977
 20
-109.7810089999999974
 30
0
 11
26.8095229999999987
 21
-109.8762469999999922
 31
0
  0
LINE
  5
180
330
1B
100
AcDbEntity
  8
F.Silkscreen
  6
CONTINUOUS
100
AcDbLine
 10
26.8095229999999987
 20
-109.8762469999999922
 30
0
 11
26.8095229999999987
 21
-110.1143419999999935
 31
0
  0
LINE
  5
181
330
1B
100
AcDbEntity
  8
F.Silkscreen
  6
CONTINUOUS
100
AcDbLine
 10
26.8095229999999987
 20
-110.1143419999999935
 30
0
 11
26.7619039999999977
 21
-110.2095799999999883
 31
0
  0
LINE
  5
182
330
1B
100
AcDbEntity
  8
F.Silkscreen
  6
CONTINUOUS
100
AcDbLine
 10
26.7619039999999977
 20
-110.2095799999999883
 30
0
 11
26.7142850000000003
 21
-110.2571999999999974
 31
0
  0
LINE
  5
183
330
1B
100
AcDbEntity
  8
F.Silkscreen
  6
CONTINUOUS
100
AcDbLine
 10
26.7142850000000003
 20
-110.2571999999999974
 30
0
 11
26.6190469999999983
 21
-110.3048189999999948
 31
0
  0
LINE
  5
184
330
1B
100
AcDbEntity
  8
F.Silkscreen
  6
CONTINUOUS
100
AcDbLine
 10
26.6190469999999983
 20
-110.3048189999999948
 30
0
 11
26.3333329999999997
 21
-110.3048189999999948
 31
0
  0
LINE
  5
185
330
1B
100
AcDbEntity
  8
F.Silkscreen
  6
CONTINUOUS
100
AcDbLine
 10
26.3333329999999997
 20
-110.3048189999999948
 30
0
 11
26.2380949999999977
 21
-110.2571999999999974
 31
0
  0
LINE
  5
186
330
1B
100
AcDbEntity
  8
F.Silkscreen
  6
CONTINUOUS
100
AcDbLine
 10
26.2380949999999977
 20
-110.2571999999999974
 30
0
 11
26.1904760000000003
 21
-110.2095799999999883
 31
0
  0
LINE
  5
187
330
1B
100
AcDbEntity
  8
F.Silkscreen
  6
CONTINUOUS
100
AcDbLine
 10
25.2380949999999977
 20
-22.3048189999999984
 30
0
 11
25.2380949999999977
 21
-21.3048189999999984
 31
0
  0
LINE
  5
188
330
1B
100
AcDbEntity
  8
F.Silkscreen
  6
CONTINUOUS
100
AcDbLine
 10
25.2380949999999977
 20
-21.7810089999999974
 30
0
 11
25.8095229999999987
 21
-21.7810089999999974
 31
0
  0
LINE
  5
189
330
1B
100
AcDbEntity
  8
F.Silkscreen
  6
CONTINUOUS
100
AcDbLine
 10
25.8095229999999987
 20
-22.3048189999999984
 30
0
 11
25.8095229999999987
 21
-21.3048189999999984
 31
0
  0
LINE
  5
18A
330
1B
100
AcDbEntity
  8
F.Silkscreen
  6
CONTINUOUS
100
AcDbLine
 10
26.8095229999999987
 20
-22.3048189999999984
 30
0
 11
26.2380949999999977
 21
-22.3048189999999984
 31
0
  0
LINE
  5
18B
330
1B
100
AcDbEntity
  8
F.Silkscreen
  6
CONTINUOUS
100
AcDbLine
 10
26.523809
 20
-22.3048189999999984
 30
0
 11
26.523809
 21
-21.3048189999999984
 31
0
  0
LINE
  5
18C
330
1B
100
AcDbEntity
  8
F.Silkscreen
  6
CONTINUOUS
100
AcDbLine
 10
26.523809
 20
-21.3048189999999984
 30
0
 11
26.428570999999998
 21
-21.4476759999999977
 31
0
  0
LINE
  5
18D
330
1B
100
AcDbEntity
  8
F.Silkscreen
  6
CONTINUOUS
100
AcDbLine
 10
26.428570999999998
 20
-21.4476759999999977
 30
0
 11
26.3333329999999997
 21
-21.5429139999999997
 31
0
  0
LINE
  5
18E
330
1B
100
AcDbEntity
  8
F.Silkscreen
  6
CONTINUOUS
100
AcDbLine
 10
26.3333329999999997
 20
-21.5429139999999997
 30
0
 11
26.2380949999999977
 21
-21.5905330000000006
 31
0
  0
LINE
  5
18F
330
1B
100
AcDbEntity
  8
F.Silkscreen
  6
CONTINUOUS
100
AcDbLine
 10
68.1171420000000012
 20
-98.1895799999999923
 30
0
 11
68.0695230000000038
 21
-98.2372000000000014
 31
0
  0
LINE
  5
190
330
1B
100
AcDbEntity
  8
F.Silkscreen
  6
CONTINUOUS
100
AcDbLine
 10
68.0695230000000038
 20
-98.2372000000000014
 30
0
 11
67.9266659999999973
 21
-98.2848189999999988
 31
0
  0
LINE
  5
191
330
1B
100
AcDbEntity
  8
F.Silkscreen
  6
CONTINUOUS
100
AcDbLine
 10
67.9266659999999973
 20
-98.2848189999999988
 30
0
 11
67.8314280000000025
 21
-98.2848189999999988
 31
0
  0
LINE
  5
192
330
1B
100
AcDbEntity
  8
F.Silkscreen
  6
CONTINUOUS
100
AcDbLine
 10
67.8314280000000025
 20
-98.2848189999999988
 30
0
 11
67.688570999999996
 21
-98.2372000000000014
 31
0
  0
LINE
  5
193
330
1B
100
AcDbEntity
  8
F.Silkscreen
  6
CONTINUOUS
100
AcDbLine
 10
67.688570999999996
 20
-98.2372000000000014
 30
0
 11
67.5933330000000012
 21
-98.1419609999999949
 31
0
  0
LINE
  5
194
330
1B
100
AcDbEntity
  8
F.Silkscreen
  6
CONTINUOUS
100
AcDbLine
 10
67.5933330000000012
 20
-98.1419609999999949
 30
0
 11
67.5457140000000038
 21
-98.0467230000000001
 31
0
  0
LINE
  5
195
330
1B
100
AcDbEntity
  8
F.Silkscreen
  6
CONTINUOUS
100
AcDbLine
 10
67.5457140000000038
 20
-98.0467230000000001
 30
0
 11
67.4980949999999922
 21
-97.8562469999999962
 31
0
  0
LINE
  5
196
330
1B
100
AcDbEntity
  8
F.Silkscreen
  6
CONTINUOUS
100
AcDbLine
 10
67.4980949999999922
 20
-97.8562469999999962
 30
0
 11
67.4980949999999922
 21
-97.7133899999999898
 31
0
  0
LINE
  5
197
330
1B
100
AcDbEntity
  8
F.Silkscreen
  6
CONTINUOUS
100
AcDbLine
 10
67.4980949999999922
 20
-97.7133899999999898
 30
0
 11
67.5457140000000038
 21
-97.5229140000000001
 31
0
  0
LINE
  5
198
330
1B
100
AcDbEntity
  8
F.Silkscreen
  6
CONTINUOUS
100
AcDbLine
 10
67.5457140000000038
 20
-97.5229140000000001
 30
0
 11
67.5933330000000012
 21
-97.4276759999999911
 31
0
  0
LINE
  5
199
330
1B
100
AcDbEntity
  8
F.Silkscreen
  6
CONTINUOUS
100
AcDbLine
 10
67.5933330000000012
 20
-97.4276759999999911
 30
0
 11
67.688570999999996
 21
-97.3324379999999962
 31
0
  0
LINE
  5
19A
330
1B
100
AcDbEntity
  8
F.Silkscreen
  6
CONTINUOUS
100
AcDbLine
 10
67.688570999999996
 20
-97.3324379999999962
 30
0
 11
67.8314280000000025
 21
-97.2848189999999988
 31
0
  0
LINE
  5
19B
330
1B
100
AcDbEntity
  8
F.Silkscreen
  6
CONTINUOUS
100
AcDbLine
 10
67.8314280000000025
 20
-97.2848189999999988
 30
0
 11
67.9266659999999973
 21
-97.2848189999999988
 31
0
  0
LINE
  5
19C
330
1B
100
AcDbEntity
  8
F.Silkscreen
  6
CONTINUOUS
100
AcDbLine
 10
67.9266659999999973
 20
-97.2848189999999988
 30
0
 11
68.0695230000000038
 21
-97.3324379999999962
 31
0
  0
LINE
  5
19D
330
1B
100
AcDbEntity
  8
F.Silkscreen
  6
CONTINUOUS
100
AcDbLine
 10
68.0695230000000038
 20
-97.3324379999999962
 30
0
 11
68.1171420000000012
 21
-97.3800569999999936
 31
0
  0
LINE
  5
19E
330
1B
100
AcDbEntity
  8
F.Silkscreen
  6
CONTINUOUS
100
AcDbLine
 10
69.0695230000000038
 20
-98.2848189999999988
 30
0
 11
68.4980949999999922
 21
-98.2848189999999988
 31
0
  0
LINE
  5
19F
330
1B
100
AcDbEntity
  8
F.Silkscreen
  6
CONTINUOUS
100
AcDbLine
 10
68.7838089999999909
 20
-98.2848189999999988
 30
0
 11
68.7838089999999909
 21
-97.2848189999999988
 31
0
  0
LINE
  5
1A0
330
1B
100
AcDbEntity
  8
F.Silkscreen
  6
CONTINUOUS
100
AcDbLine
 10
68.7838089999999909
 20
-97.2848189999999988
 30
0
 11
68.688570999999996
 21
-97.4276759999999911
 31
0
  0
LINE
  5
1A1
330
1B
100
AcDbEntity
  8
F.Silkscreen
  6
CONTINUOUS
100
AcDbLine
 10
68.688570999999996
 20
-97.4276759999999911
 30
0
 11
68.5933330000000012
 21
-97.5229140000000001
 31
0
  0
LINE
  5
1A2
330
1B
100
AcDbEntity
  8
F.Silkscreen
  6
CONTINUOUS
100
AcDbLine
 10
68.5933330000000012
 20
-97.5229140000000001
 30
0
 11
68.4980949999999922
 21
-97.5705329999999975
 31
0
  0
LINE
  5
1A3
330
1B
100
AcDbEntity
  8
F.Silkscreen
  6
CONTINUOUS
100
AcDbLine
 10
69.4028569999999974
 20
-97.2848189999999988
 30
0
 11
70.0695230000000038
 21
-97.2848189999999988
 31
0
  0
LINE
  5
1A4
330
1B
100
AcDbEntity
  8
F.Silkscreen
  6
CONTINUOUS
100
AcDbLine
 10
70.0695230000000038
 20
-97.2848189999999988
 30
0
 11
69.6409519999999986
 21
-98.2848189999999988
 31
0
  0
LINE
  5
1A5
330
1B
100
AcDbEntity
  8
F.Silkscreen
  6
CONTINUOUS
100
AcDbLine
 10
40.5904749999999979
 20
-32.9638549999999952
 30
0
 11
40.7809509999999946
 21
-33.7638549999999995
 31
0
  0
LINE
  5
1A6
330
1B
100
AcDbEntity
  8
F.Silkscreen
  6
CONTINUOUS
100
AcDbLine
 10
40.7809509999999946
 20
-33.7638549999999995
 30
0
 11
40.9333320000000001
 21
-33.1924259999999975
 31
0
  0
LINE
  5
1A7
330
1B
100
AcDbEntity
  8
F.Silkscreen
  6
CONTINUOUS
100
AcDbLine
 10
40.9333320000000001
 20
-33.1924259999999975
 30
0
 11
41.0857129999999984
 21
-33.7638549999999995
 31
0
  0
LINE
  5
1A8
330
1B
100
AcDbEntity
  8
F.Silkscreen
  6
CONTINUOUS
100
AcDbLine
 10
41.0857129999999984
 20
-33.7638549999999995
 30
0
 11
41.2761899999999997
 21
-32.9638549999999952
 31
0
  0
LINE
  5
1A9
330
1B
100
AcDbEntity
  8
F.Silkscreen
  6
CONTINUOUS
100
AcDbLine
 10
41.961903999999997
 20
-33.7638549999999995
 30
0
 11
41.5809519999999964
 21
-33.7638549999999995
 31
0
  0
LINE
  5
1AA
330
1B
100
AcDbEntity
  8
F.Silkscreen
  6
CONTINUOUS
100
AcDbLine
 10
41.5809519999999964
 20
-33.7638549999999995
 30
0
 11
41.5809519999999964
 21
-32.9638549999999952
 31
0
  0
LINE
  5
1AB
330
1B
100
AcDbEntity
  8
F.Silkscreen
  6
CONTINUOUS
100
AcDbLine
 10
42.1523800000000008
 20
-32.9638549999999952
 30
0
 11
42.6476180000000014
 21
-32.9638549999999952
 31
0
  0
LINE
  5
1AC
330
1B
100
AcDbEntity
  8
F.Silkscreen
  6
CONTINUOUS
100
AcDbLine
 10
42.6476180000000014
 20
-32.9638549999999952
 30
0
 11
42.3809520000000006
 21
-33.268616999999999
 31
0
  0
LINE
  5
1AD
330
1B
100
AcDbEntity
  8
F.Silkscreen
  6
CONTINUOUS
100
AcDbLine
 10
42.3809520000000006
 20
-33.268616999999999
 30
0
 11
42.4952369999999959
 21
-33.268616999999999
 31
0
  0
LINE
  5
1AE
330
1B
100
AcDbEntity
  8
F.Silkscreen
  6
CONTINUOUS
100
AcDbLine
 10
42.4952369999999959
 20
-33.268616999999999
 30
0
 11
42.5714279999999974
 21
-33.3067119999999974
 31
0
  0
LINE
  5
1AF
330
1B
100
AcDbEntity
  8
F.Silkscreen
  6
CONTINUOUS
100
AcDbLine
 10
42.5714279999999974
 20
-33.3067119999999974
 30
0
 11
42.6095229999999958
 21
-33.3448069999999959
 31
0
  0
LINE
  5
1B0
330
1B
100
AcDbEntity
  8
F.Silkscreen
  6
CONTINUOUS
100
AcDbLine
 10
42.6095229999999958
 20
-33.3448069999999959
 30
0
 11
42.6476180000000014
 21
-33.4209979999999973
 31
0
  0
LINE
  5
1B1
330
1B
100
AcDbEntity
  8
F.Silkscreen
  6
CONTINUOUS
100
AcDbLine
 10
42.6476180000000014
 20
-33.4209979999999973
 30
0
 11
42.6476180000000014
 21
-33.6114740000000012
 31
0
  0
LINE
  5
1B2
330
1B
100
AcDbEntity
  8
F.Silkscreen
  6
CONTINUOUS
100
AcDbLine
 10
42.6476180000000014
 20
-33.6114740000000012
 30
0
 11
42.6095229999999958
 21
-33.6876639999999981
 31
0
  0
LINE
  5
1B3
330
1B
100
AcDbEntity
  8
F.Silkscreen
  6
CONTINUOUS
100
AcDbLine
 10
42.6095229999999958
 20
-33.6876639999999981
 30
0
 11
42.5714279999999974
 21
-33.7257600000000011
 31
0
  0
LINE
  5
1B4
330
1B
100
AcDbEntity
  8
F.Silkscreen
  6
CONTINUOUS
100
AcDbLine
 10
42.5714279999999974
 20
-33.7257600000000011
 30
0
 11
42.4952369999999959
 21
-33.7638549999999995
 31
0
  0
LINE
  5
1B5
330
1B
100
AcDbEntity
  8
F.Silkscreen
  6
CONTINUOUS
100
AcDbLine
 10
42.4952369999999959
 20
-33.7638549999999995
 30
0
 11
42.2666660000000007
 21
-33.7638549999999995
 31
0
  0
LINE
  5
1B6
330
1B
100
AcDbEntity
  8
F.Silkscreen
  6
CONTINUOUS
100
AcDbLine
 10
42.2666660000000007
 20
-33.7638549999999995
 30
0
 11
42.1904749999999993
 21
-33.7257600000000011
 31
0
  0
LINE
  5
1B7
330
1B
100
AcDbEntity
  8
F.Silkscreen
  6
CONTINUOUS
100
AcDbLine
 10
42.1904749999999993
 20
-33.7257600000000011
 30
0
 11
42.1523800000000008
 21
-33.6876639999999981
 31
0
  0
LINE
  5
1B8
330
1B
100
AcDbEntity
  8
F.Silkscreen
  6
CONTINUOUS
100
AcDbLine
 10
43.3333329999999961
 20
-33.7638549999999995
 30
0
 11
43.3333329999999961
 21
-33.3448069999999959
 31
0
  0
LINE
  5
1B9
330
1B
100
AcDbEntity
  8
F.Silkscreen
  6
CONTINUOUS
100
AcDbLine
 10
43.3333329999999961
 20
-33.3448069999999959
 30
0
 11
43.2952379999999977
 21
-33.268616999999999
 31
0
  0
LINE
  5
1BA
330
1B
100
AcDbEntity
  8
F.Silkscreen
  6
CONTINUOUS
100
AcDbLine
 10
43.2952379999999977
 20
-33.268616999999999
 30
0
 11
43.2190469999999962
 21
-33.230520999999996
 31
0
  0
LINE
  5
1BB
330
1B
100
AcDbEntity
  8
F.Silkscreen
  6
CONTINUOUS
100
AcDbLine
 10
43.2190469999999962
 20
-33.230520999999996
 30
0
 11
43.0666659999999979
 21
-33.230520999999996
 31
0
  0
LINE
  5
1BC
330
1B
100
AcDbEntity
  8
F.Silkscreen
  6
CONTINUOUS
100
AcDbLine
 10
43.0666659999999979
 20
-33.230520999999996
 30
0
 11
42.990476000000001
 21
-33.268616999999999
 31
0
  0
LINE
  5
1BD
330
1B
100
AcDbEntity
  8
F.Silkscreen
  6
CONTINUOUS
100
AcDbLine
 10
43.3333329999999961
 20
-33.7257600000000011
 30
0
 11
43.2571419999999947
 21
-33.7638549999999995
 31
0
  0
LINE
  5
1BE
330
1B
100
AcDbEntity
  8
F.Silkscreen
  6
CONTINUOUS
100
AcDbLine
 10
43.2571419999999947
 20
-33.7638549999999995
 30
0
 11
43.0666659999999979
 21
-33.7638549999999995
 31
0
  0
LINE
  5
1BF
330
1B
100
AcDbEntity
  8
F.Silkscreen
  6
CONTINUOUS
100
AcDbLine
 10
43.0666659999999979
 20
-33.7638549999999995
 30
0
 11
42.990476000000001
 21
-33.7257600000000011
 31
0
  0
LINE
  5
1C0
330
1B
100
AcDbEntity
  8
F.Silkscreen
  6
CONTINUOUS
100
AcDbLine
 10
42.990476000000001
 20
-33.7257600000000011
 30
0
 11
42.952379999999998
 21
-33.6495689999999996
 31
0
  0
LINE
  5
1C1
330
1B
100
AcDbEntity
  8
F.Silkscreen
  6
CONTINUOUS
100
AcDbLine
 10
42.952379999999998
 20
-33.6495689999999996
 30
0
 11
42.952379999999998
 21
-33.5733789999999956
 31
0
  0
LINE
  5
1C2
330
1B
100
AcDbEntity
  8
F.Silkscreen
  6
CONTINUOUS
100
AcDbLine
 10
42.952379999999998
 20
-33.5733789999999956
 30
0
 11
42.990476000000001
 21
-33.4971880000000013
 31
0
  0
LINE
  5
1C3
330
1B
100
AcDbEntity
  8
F.Silkscreen
  6
CONTINUOUS
100
AcDbLine
 10
42.990476000000001
 20
-33.4971880000000013
 30
0
 11
43.0666659999999979
 21
-33.4590929999999958
 31
0
  0
LINE
  5
1C4
330
1B
100
AcDbEntity
  8
F.Silkscreen
  6
CONTINUOUS
100
AcDbLine
 10
43.0666659999999979
 20
-33.4590929999999958
 30
0
 11
43.2571419999999947
 21
-33.4590929999999958
 31
0
  0
LINE
  5
1C5
330
1B
100
AcDbEntity
  8
F.Silkscreen
  6
CONTINUOUS
100
AcDbLine
 10
43.2571419999999947
 20
-33.4590929999999958
 30
0
 11
43.3333329999999961
 21
-33.4209979999999973
 31
0
  0
LINE
  5
1C6
330
1B
100
AcDbEntity
  8
F.Silkscreen
  6
CONTINUOUS
100
AcDbLine
 10
82.5904749999999979
 20
-72.4638549999999952
 30
0
 11
82.7809510000000017
 21
-73.2638549999999924
 31
0
  0
LINE
  5
1C7
330
1B
100
AcDbEntity
  8
F.Silkscreen
  6
CONTINUOUS
100
AcDbLine
 10
82.7809510000000017
 20
-73.2638549999999924
 30
0
 11
82.9333319999999929
 21
-72.6924259999999975
 31
0
  0
LINE
  5
1C8
330
1B
100
AcDbEntity
  8
F.Silkscreen
  6
CONTINUOUS
100
AcDbLine
 10
82.9333319999999929
 20
-72.6924259999999975
 30
0
 11
83.0857129999999984
 21
-73.2638549999999924
 31
0
  0
LINE
  5
1C9
330
1B
100
AcDbEntity
  8
F.Silkscreen
  6
CONTINUOUS
100
AcDbLine
 10
83.0857129999999984
 20
-73.2638549999999924
 30
0
 11
83.2761899999999997
 21
-72.4638549999999952
 31
0
  0
LINE
  5
1CA
330
1B
100
AcDbEntity
  8
F.Silkscreen
  6
CONTINUOUS
100
AcDbLine
 10
83.9619039999999899
 20
-73.2638549999999924
 30
0
 11
83.5809519999999964
 21
-73.2638549999999924
 31
0
  0
LINE
  5
1CB
330
1B
100
AcDbEntity
  8
F.Silkscreen
  6
CONTINUOUS
100
AcDbLine
 10
83.5809519999999964
 20
-73.2638549999999924
 30
0
 11
83.5809519999999964
 21
-72.4638549999999952
 31
0
  0
LINE
  5
1CC
330
1B
100
AcDbEntity
  8
F.Silkscreen
  6
CONTINUOUS
100
AcDbLine
 10
84.5714279999999974
 20
-72.4638549999999952
 30
0
 11
84.419046999999992
 21
-72.4638549999999952
 31
0
  0
LINE
  5
1CD
330
1B
100
AcDbEntity
  8
F.Silkscreen
  6
CONTINUOUS
100
AcDbLine
 10
84.419046999999992
 20
-72.4638549999999952
 30
0
 11
84.3428559999999976
 21
-72.5019499999999937
 31
0
  0
LINE
  5
1CE
330
1B
100
AcDbEntity
  8
F.Silkscreen
  6
CONTINUOUS
100
AcDbLine
 10
84.3428559999999976
 20
-72.5019499999999937
 30
0
 11
84.3047609999999992
 21
-72.5400449999999921
 31
0
  0
LINE
  5
1CF
330
1B
100
AcDbEntity
  8
F.Silkscreen
  6
CONTINUOUS
100
AcDbLine
 10
84.3047609999999992
 20
-72.5400449999999921
 30
0
 11
84.2285710000000023
 21
-72.6543309999999991
 31
0
  0
LINE
  5
1D0
330
1B
100
AcDbEntity
  8
F.Silkscreen
  6
CONTINUOUS
100
AcDbLine
 10
84.2285710000000023
 20
-72.6543309999999991
 30
0
 11
84.1904749999999922
 21
-72.8067119999999903
 31
0
  0
LINE
  5
1D1
330
1B
100
AcDbEntity
  8
F.Silkscreen
  6
CONTINUOUS
100
AcDbLine
 10
84.1904749999999922
 20
-72.8067119999999903
 30
0
 11
84.1904749999999922
 21
-73.1114740000000012
 31
0
  0
LINE
  5
1D2
330
1B
100
AcDbEntity
  8
F.Silkscreen
  6
CONTINUOUS
100
AcDbLine
 10
84.1904749999999922
 20
-73.1114740000000012
 30
0
 11
84.2285710000000023
 21
-73.1876639999999981
 31
0
  0
LINE
  5
1D3
330
1B
100
AcDbEntity
  8
F.Silkscreen
  6
CONTINUOUS
100
AcDbLine
 10
84.2285710000000023
 20
-73.1876639999999981
 30
0
 11
84.2666660000000007
 21
-73.225759999999994
 31
0
  0
LINE
  5
1D4
330
1B
100
AcDbEntity
  8
F.Silkscreen
  6
CONTINUOUS
100
AcDbLine
 10
84.2666660000000007
 20
-73.225759999999994
 30
0
 11
84.3428559999999976
 21
-73.2638549999999924
 31
0
  0
LINE
  5
1D5
330
1B
100
AcDbEntity
  8
F.Silkscreen
  6
CONTINUOUS
100
AcDbLine
 10
84.3428559999999976
 20
-73.2638549999999924
 30
0
 11
84.495237000000003
 21
-73.2638549999999924
 31
0
  0
LINE
  5
1D6
330
1B
100
AcDbEntity
  8
F.Silkscreen
  6
CONTINUOUS
100
AcDbLine
 10
84.495237000000003
 20
-73.2638549999999924
 30
0
 11
84.5714279999999974
 21
-73.225759999999994
 31
0
  0
LINE
  5
1D7
330
1B
100
AcDbEntity
  8
F.Silkscreen
  6
CONTINUOUS
100
AcDbLine
 10
84.5714279999999974
 20
-73.225759999999994
 30
0
 11
84.6095229999999958
 21
-73.1876639999999981
 31
0
  0
LINE
  5
1D8
330
1B
100
AcDbEntity
  8
F.Silkscreen
  6
CONTINUOUS
100
AcDbLine
 10
84.6095229999999958
 20
-73.1876639999999981
 30
0
 11
84.6476179999999943
 21
-73.1114740000000012
 31
0
  0
LINE
  5
1D9
330
1B
100
AcDbEntity
  8
F.Silkscreen
  6
CONTINUOUS
100
AcDbLine
 10
84.6476179999999943
 20
-73.1114740000000012
 30
0
 11
84.6476179999999943
 21
-72.9209979999999973
 31
0
  0
LINE
  5
1DA
330
1B
100
AcDbEntity
  8
F.Silkscreen
  6
CONTINUOUS
100
AcDbLine
 10
84.6476179999999943
 20
-72.9209979999999973
 30
0
 11
84.6095229999999958
 21
-72.844807000000003
 31
0
  0
LINE
  5
1DB
330
1B
100
AcDbEntity
  8
F.Silkscreen
  6
CONTINUOUS
100
AcDbLine
 10
84.6095229999999958
 20
-72.844807000000003
 30
0
 11
84.5714279999999974
 21
-72.8067119999999903
 31
0
  0
LINE
  5
1DC
330
1B
100
AcDbEntity
  8
F.Silkscreen
  6
CONTINUOUS
100
AcDbLine
 10
84.5714279999999974
 20
-72.8067119999999903
 30
0
 11
84.495237000000003
 21
-72.7686169999999919
 31
0
  0
LINE
  5
1DD
330
1B
100
AcDbEntity
  8
F.Silkscreen
  6
CONTINUOUS
100
AcDbLine
 10
84.495237000000003
 20
-72.7686169999999919
 30
0
 11
84.3428559999999976
 21
-72.7686169999999919
 31
0
  0
LINE
  5
1DE
330
1B
100
AcDbEntity
  8
F.Silkscreen
  6
CONTINUOUS
100
AcDbLine
 10
84.3428559999999976
 20
-72.7686169999999919
 30
0
 11
84.2666660000000007
 21
-72.8067119999999903
 31
0
  0
LINE
  5
1DF
330
1B
100
AcDbEntity
  8
F.Silkscreen
  6
CONTINUOUS
100
AcDbLine
 10
84.2666660000000007
 20
-72.8067119999999903
 30
0
 11
84.2285710000000023
 21
-72.844807000000003
 31
0
  0
LINE
  5
1E0
330
1B
100
AcDbEntity
  8
F.Silkscreen
  6
CONTINUOUS
100
AcDbLine
 10
84.2285710000000023
 20
-72.844807000000003
 30
0
 11
84.1904749999999922
 21
-72.9209979999999973
 31
0
  0
LINE
  5
1E1
330
1B
100
AcDbEntity
  8
F.Silkscreen
  6
CONTINUOUS
100
AcDbLine
 10
84.990476000000001
 20
-73.2638549999999924
 30
0
 11
84.990476000000001
 21
-72.4638549999999952
 31
0
  0
LINE
  5
1E2
330
1B
100
AcDbEntity
  8
F.Silkscreen
  6
CONTINUOUS
100
AcDbLine
 10
84.990476000000001
 20
-72.7686169999999919
 30
0
 11
85.0666659999999979
 21
-72.730520999999996
 31
0
  0
LINE
  5
1E3
330
1B
100
AcDbEntity
  8
F.Silkscreen
  6
CONTINUOUS
100
AcDbLine
 10
85.0666659999999979
 20
-72.730520999999996
 30
0
 11
85.2190469999999891
 21
-72.730520999999996
 31
0
  0
LINE
  5
1E4
330
1B
100
AcDbEntity
  8
F.Silkscreen
  6
CONTINUOUS
100
AcDbLine
 10
85.2190469999999891
 20
-72.730520999999996
 30
0
 11
85.2952379999999977
 21
-72.7686169999999919
 31
0
  0
LINE
  5
1E5
330
1B
100
AcDbEntity
  8
F.Silkscreen
  6
CONTINUOUS
100
AcDbLine
 10
85.2952379999999977
 20
-72.7686169999999919
 30
0
 11
85.3333329999999961
 21
-72.8067119999999903
 31
0
  0
LINE
  5
1E6
330
1B
100
AcDbEntity
  8
F.Silkscreen
  6
CONTINUOUS
100
AcDbLine
 10
85.3333329999999961
 20
-72.8067119999999903
 30
0
 11
85.3714279999999945
 21
-72.8829020000000014
 31
0
  0
LINE
  5
1E7
330
1B
100
AcDbEntity
  8
F.Silkscreen
  6
CONTINUOUS
100
AcDbLine
 10
85.3714279999999945
 20
-72.8829020000000014
 30
0
 11
85.3714279999999945
 21
-73.1114740000000012
 31
0
  0
LINE
  5
1E8
330
1B
100
AcDbEntity
  8
F.Silkscreen
  6
CONTINUOUS
100
AcDbLine
 10
85.3714279999999945
 20
-73.1114740000000012
 30
0
 11
85.3333329999999961
 21
-73.1876639999999981
 31
0
  0
LINE
  5
1E9
330
1B
100
AcDbEntity
  8
F.Silkscreen
  6
CONTINUOUS
100
AcDbLine
 10
85.3333329999999961
 20
-73.1876639999999981
 30
0
 11
85.2952379999999977
 21
-73.225759999999994
 31
0
  0
LINE
  5
1EA
330
1B
100
AcDbEntity
  8
F.Silkscreen
  6
CONTINUOUS
100
AcDbLine
 10
85.2952379999999977
 20
-73.225759999999994
 30
0
 11
85.2190469999999891
 21
-73.2638549999999924
 31
0
  0
LINE
  5
1EB
330
1B
100
AcDbEntity
  8
F.Silkscreen
  6
CONTINUOUS
100
AcDbLine
 10
85.2190469999999891
 20
-73.2638549999999924
 30
0
 11
85.0666659999999979
 21
-73.2638549999999924
 31
0
  0
LINE
  5
1EC
330
1B
100
AcDbEntity
  8
F.Silkscreen
  6
CONTINUOUS
100
AcDbLine
 10
85.0666659999999979
 20
-73.2638549999999924
 30
0
 11
84.990476000000001
 21
-73.225759999999994
 31
0
  0
LINE
  5
1ED
330
1B
100
AcDbEntity
  8
F.Silkscreen
  6
CONTINUOUS
100
AcDbLine
 10
87.8080949999999945
 20
-28.8748189999999987
 30
0
 11
87.8080949999999945
 21
-29.6843419999999973
 31
0
  0
LINE
  5
1EE
330
1B
100
AcDbEntity
  8
F.Silkscreen
  6
CONTINUOUS
100
AcDbLine
 10
87.8080949999999945
 20
-29.6843419999999973
 30
0
 11
87.8557139999999919
 21
-29.7795799999999993
 31
0
  0
LINE
  5
1EF
330
1B
100
AcDbEntity
  8
F.Silkscreen
  6
CONTINUOUS
100
AcDbLine
 10
87.8557139999999919
 20
-29.7795799999999993
 30
0
 11
87.9033329999999893
 21
-29.8271999999999977
 31
0
  0
LINE
  5
1F0
330
1B
100
AcDbEntity
  8
F.Silkscreen
  6
CONTINUOUS
100
AcDbLine
 10
87.9033329999999893
 20
-29.8271999999999977
 30
0
 11
87.9985709999999983
 21
-29.8748189999999987
 31
0
  0
LINE
  5
1F1
330
1B
100
AcDbEntity
  8
F.Silkscreen
  6
CONTINUOUS
100
AcDbLine
 10
87.9985709999999983
 20
-29.8748189999999987
 30
0
 11
88.1890470000000022
 21
-29.8748189999999987
 31
0
  0
LINE
  5
1F2
330
1B
100
AcDbEntity
  8
F.Silkscreen
  6
CONTINUOUS
100
AcDbLine
 10
88.1890470000000022
 20
-29.8748189999999987
 30
0
 11
88.284284999999997
 21
-29.8271999999999977
 31
0
  0
LINE
  5
1F3
330
1B
100
AcDbEntity
  8
F.Silkscreen
  6
CONTINUOUS
100
AcDbLine
 10
88.284284999999997
 20
-29.8271999999999977
 30
0
 11
88.3319039999999944
 21
-29.7795799999999993
 31
0
  0
LINE
  5
1F4
330
1B
100
AcDbEntity
  8
F.Silkscreen
  6
CONTINUOUS
100
AcDbLine
 10
88.3319039999999944
 20
-29.7795799999999993
 30
0
 11
88.3795229999999918
 21
-29.6843419999999973
 31
0
  0
LINE
  5
1F5
330
1B
100
AcDbEntity
  8
F.Silkscreen
  6
CONTINUOUS
100
AcDbLine
 10
88.3795229999999918
 20
-29.6843419999999973
 30
0
 11
88.3795229999999918
 21
-28.8748189999999987
 31
0
  0
LINE
  5
1F6
330
1B
100
AcDbEntity
  8
F.Silkscreen
  6
CONTINUOUS
100
AcDbLine
 10
89.284284999999997
 20
-29.2081519999999983
 30
0
 11
89.284284999999997
 21
-29.8748189999999987
 31
0
  0
LINE
  5
1F7
330
1B
100
AcDbEntity
  8
F.Silkscreen
  6
CONTINUOUS
100
AcDbLine
 10
89.0461899999999957
 20
-28.8271999999999977
 30
0
 11
88.8080949999999945
 21
-29.541484999999998
 31
0
  0
LINE
  5
1F8
330
1B
100
AcDbEntity
  8
F.Silkscreen
  6
CONTINUOUS
100
AcDbLine
 10
88.8080949999999945
 20
-29.541484999999998
 30
0
 11
89.4271419999999893
 21
-29.541484999999998
 31
0
  0
LINE
  5
1F9
330
1B
100
AcDbEntity
  8
F.Silkscreen
  6
CONTINUOUS
100
AcDbLine
 10
74.0721419999999995
 20
-106.0348189999999988
 30
0
 11
73.7388090000000034
 21
-105.5586279999999988
 31
0
  0
LINE
  5
1FA
330
1B
100
AcDbEntity
  8
F.Silkscreen
  6
CONTINUOUS
100
AcDbLine
 10
73.5007140000000021
 20
-106.0348189999999988
 30
0
 11
73.5007140000000021
 21
-105.0348189999999988
 31
0
  0
LINE
  5
1FB
330
1B
100
AcDbEntity
  8
F.Silkscreen
  6
CONTINUOUS
100
AcDbLine
 10
73.5007140000000021
 20
-105.0348189999999988
 30
0
 11
73.8816659999999956
 21
-105.0348189999999988
 31
0
  0
LINE
  5
1FC
330
1B
100
AcDbEntity
  8
F.Silkscreen
  6
CONTINUOUS
100
AcDbLine
 10
73.8816659999999956
 20
-105.0348189999999988
 30
0
 11
73.9769039999999904
 21
-105.0824379999999962
 31
0
  0
LINE
  5
1FD
330
1B
100
AcDbEntity
  8
F.Silkscreen
  6
CONTINUOUS
100
AcDbLine
 10
73.9769039999999904
 20
-105.0824379999999962
 30
0
 11
74.0245230000000021
 21
-105.1300569999999936
 31
0
  0
LINE
  5
1FE
330
1B
100
AcDbEntity
  8
F.Silkscreen
  6
CONTINUOUS
100
AcDbLine
 10
74.0245230000000021
 20
-105.1300569999999936
 30
0
 11
74.0721419999999995
 21
-105.2252949999999885
 31
0
  0
LINE
  5
1FF
330
1B
100
AcDbEntity
  8
F.Silkscreen
  6
CONTINUOUS
100
AcDbLine
 10
74.0721419999999995
 20
-105.2252949999999885
 30
0
 11
74.0721419999999995
 21
-105.3681519999999949
 31
0
  0
LINE
  5
200
330
1B
100
AcDbEntity
  8
F.Silkscreen
  6
CONTINUOUS
100
AcDbLine
 10
74.0721419999999995
 20
-105.3681519999999949
 30
0
 11
74.0245230000000021
 21
-105.4633899999999898
 31
0
  0
LINE
  5
201
330
1B
100
AcDbEntity
  8
F.Silkscreen
  6
CONTINUOUS
100
AcDbLine
 10
74.0245230000000021
 20
-105.4633899999999898
 30
0
 11
73.9769039999999904
 21
-105.5110090000000014
 31
0
  0
LINE
  5
202
330
1B
100
AcDbEntity
  8
F.Silkscreen
  6
CONTINUOUS
100
AcDbLine
 10
73.9769039999999904
 20
-105.5110090000000014
 30
0
 11
73.8816659999999956
 21
-105.5586279999999988
 31
0
  0
LINE
  5
203
330
1B
100
AcDbEntity
  8
F.Silkscreen
  6
CONTINUOUS
100
AcDbLine
 10
73.8816659999999956
 20
-105.5586279999999988
 30
0
 11
73.5007140000000021
 21
-105.5586279999999988
 31
0
  0
LINE
  5
204
330
1B
100
AcDbEntity
  8
F.Silkscreen
  6
CONTINUOUS
100
AcDbLine
 10
75.0245230000000021
 20
-106.0348189999999988
 30
0
 11
74.4530949999999905
 21
-106.0348189999999988
 31
0
  0
LINE
  5
205
330
1B
100
AcDbEntity
  8
F.Silkscreen
  6
CONTINUOUS
100
AcDbLine
 10
74.7388090000000034
 20
-106.0348189999999988
 30
0
 11
74.7388090000000034
 21
-105.0348189999999988
 31
0
  0
LINE
  5
206
330
1B
100
AcDbEntity
  8
F.Silkscreen
  6
CONTINUOUS
100
AcDbLine
 10
74.7388090000000034
 20
-105.0348189999999988
 30
0
 11
74.6435709999999943
 21
-105.1776759999999911
 31
0
  0
LINE
  5
207
330
1B
100
AcDbEntity
  8
F.Silkscreen
  6
CONTINUOUS
100
AcDbLine
 10
74.6435709999999943
 20
-105.1776759999999911
 30
0
 11
74.5483329999999995
 21
-105.2729140000000001
 31
0
  0
LINE
  5
208
330
1B
100
AcDbEntity
  8
F.Silkscreen
  6
CONTINUOUS
100
AcDbLine
 10
74.5483329999999995
 20
-105.2729140000000001
 30
0
 11
74.4530949999999905
 21
-105.3205329999999975
 31
0
  0
LINE
  5
209
330
1B
100
AcDbEntity
  8
F.Silkscreen
  6
CONTINUOUS
100
AcDbLine
 10
75.6435709999999943
 20
-105.0348189999999988
 30
0
 11
75.7388090000000034
 21
-105.0348189999999988
 31
0
  0
LINE
  5
20A
330
1B
100
AcDbEntity
  8
F.Silkscreen
  6
CONTINUOUS
100
AcDbLine
 10
75.7388090000000034
 20
-105.0348189999999988
 30
0
 11
75.8340469999999982
 21
-105.0824379999999962
 31
0
  0
LINE
  5
20B
330
1B
100
AcDbEntity
  8
F.Silkscreen
  6
CONTINUOUS
100
AcDbLine
 10
75.8340469999999982
 20
-105.0824379999999962
 30
0
 11
75.8816659999999956
 21
-105.1300569999999936
 31
0
  0
LINE
  5
20C
330
1B
100
AcDbEntity
  8
F.Silkscreen
  6
CONTINUOUS
100
AcDbLine
 10
75.8816659999999956
 20
-105.1300569999999936
 30
0
 11
75.929284999999993
 21
-105.2252949999999885
 31
0
  0
LINE
  5
20D
330
1B
100
AcDbEntity
  8
F.Silkscreen
  6
CONTINUOUS
100
AcDbLine
 10
75.929284999999993
 20
-105.2252949999999885
 30
0
 11
75.9769039999999904
 21
-105.4157709999999923
 31
0
  0
LINE
  5
20E
330
1B
100
AcDbEntity
  8
F.Silkscreen
  6
CONTINUOUS
100
AcDbLine
 10
75.9769039999999904
 20
-105.4157709999999923
 30
0
 11
75.9769039999999904
 21
-105.6538659999999936
 31
0
  0
LINE
  5
20F
330
1B
100
AcDbEntity
  8
F.Silkscreen
  6
CONTINUOUS
100
AcDbLine
 10
75.9769039999999904
 20
-105.6538659999999936
 30
0
 11
75.929284999999993
 21
-105.8443419999999975
 31
0
  0
LINE
  5
210
330
1B
100
AcDbEntity
  8
F.Silkscreen
  6
CONTINUOUS
100
AcDbLine
 10
75.929284999999993
 20
-105.8443419999999975
 30
0
 11
75.8816659999999956
 21
-105.9395799999999923
 31
0
  0
LINE
  5
211
330
1B
100
AcDbEntity
  8
F.Silkscreen
  6
CONTINUOUS
100
AcDbLine
 10
75.8816659999999956
 20
-105.9395799999999923
 30
0
 11
75.8340469999999982
 21
-105.9872000000000014
 31
0
  0
LINE
  5
212
330
1B
100
AcDbEntity
  8
F.Silkscreen
  6
CONTINUOUS
100
AcDbLine
 10
75.8340469999999982
 20
-105.9872000000000014
 30
0
 11
75.7388090000000034
 21
-106.0348189999999988
 31
0
  0
LINE
  5
213
330
1B
100
AcDbEntity
  8
F.Silkscreen
  6
CONTINUOUS
100
AcDbLine
 10
75.7388090000000034
 20
-106.0348189999999988
 30
0
 11
75.6435709999999943
 21
-106.0348189999999988
 31
0
  0
LINE
  5
214
330
1B
100
AcDbEntity
  8
F.Silkscreen
  6
CONTINUOUS
100
AcDbLine
 10
75.6435709999999943
 20
-106.0348189999999988
 30
0
 11
75.5483329999999995
 21
-105.9872000000000014
 31
0
  0
LINE
  5
215
330
1B
100
AcDbEntity
  8
F.Silkscreen
  6
CONTINUOUS
100
AcDbLine
 10
75.5483329999999995
 20
-105.9872000000000014
 30
0
 11
75.5007140000000021
 21
-105.9395799999999923
 31
0
  0
LINE
  5
216
330
1B
100
AcDbEntity
  8
F.Silkscreen
  6
CONTINUOUS
100
AcDbLine
 10
75.5007140000000021
 20
-105.9395799999999923
 30
0
 11
75.4530949999999905
 21
-105.8443419999999975
 31
0
  0
LINE
  5
217
330
1B
100
AcDbEntity
  8
F.Silkscreen
  6
CONTINUOUS
100
AcDbLine
 10
75.4530949999999905
 20
-105.8443419999999975
 30
0
 11
75.4054759999999931
 21
-105.6538659999999936
 31
0
  0
LINE
  5
218
330
1B
100
AcDbEntity
  8
F.Silkscreen
  6
CONTINUOUS
100
AcDbLine
 10
75.4054759999999931
 20
-105.6538659999999936
 30
0
 11
75.4054759999999931
 21
-105.4157709999999923
 31
0
  0
LINE
  5
219
330
1B
100
AcDbEntity
  8
F.Silkscreen
  6
CONTINUOUS
100
AcDbLine
 10
75.4054759999999931
 20
-105.4157709999999923
 30
0
 11
75.4530949999999905
 21
-105.2252949999999885
 31
0
  0
LINE
  5
21A
330
1B
100
AcDbEntity
  8
F.Silkscreen
  6
CONTINUOUS
100
AcDbLine
 10
75.4530949999999905
 20
-105.2252949999999885
 30
0
 11
75.5007140000000021
 21
-105.1300569999999936
 31
0
  0
LINE
  5
21B
330
1B
100
AcDbEntity
  8
F.Silkscreen
  6
CONTINUOUS
100
AcDbLine
 10
75.5007140000000021
 20
-105.1300569999999936
 30
0
 11
75.5483329999999995
 21
-105.0824379999999962
 31
0
  0
LINE
  5
21C
330
1B
100
AcDbEntity
  8
F.Silkscreen
  6
CONTINUOUS
100
AcDbLine
 10
75.5483329999999995
 20
-105.0824379999999962
 30
0
 11
75.6435709999999943
 21
-105.0348189999999988
 31
0
  0
LINE
  5
21D
330
1B
100
AcDbEntity
  8
F.Silkscreen
  6
CONTINUOUS
100
AcDbLine
 10
96.0904749999999979
 20
-44.4638549999999952
 30
0
 11
96.2809510000000017
 21
-45.2638549999999995
 31
0
  0
LINE
  5
21E
330
1B
100
AcDbEntity
  8
F.Silkscreen
  6
CONTINUOUS
100
AcDbLine
 10
96.2809510000000017
 20
-45.2638549999999995
 30
0
 11
96.4333319999999929
 21
-44.6924259999999975
 31
0
  0
LINE
  5
21F
330
1B
100
AcDbEntity
  8
F.Silkscreen
  6
CONTINUOUS
100
AcDbLine
 10
96.4333319999999929
 20
-44.6924259999999975
 30
0
 11
96.5857129999999984
 21
-45.2638549999999995
 31
0
  0
LINE
  5
220
330
1B
100
AcDbEntity
  8
F.Silkscreen
  6
CONTINUOUS
100
AcDbLine
 10
96.5857129999999984
 20
-45.2638549999999995
 30
0
 11
96.7761899999999997
 21
-44.4638549999999952
 31
0
  0
LINE
  5
221
330
1B
100
AcDbEntity
  8
F.Silkscreen
  6
CONTINUOUS
100
AcDbLine
 10
97.4619039999999899
 20
-45.2638549999999995
 30
0
 11
97.0809519999999964
 21
-45.2638549999999995
 31
0
  0
LINE
  5
222
330
1B
100
AcDbEntity
  8
F.Silkscreen
  6
CONTINUOUS
100
AcDbLine
 10
97.0809519999999964
 20
-45.2638549999999995
 30
0
 11
97.0809519999999964
 21
-44.4638549999999952
 31
0
  0
LINE
  5
223
330
1B
100
AcDbEntity
  8
F.Silkscreen
  6
CONTINUOUS
100
AcDbLine
 10
97.6904749999999922
 20
-44.5400449999999992
 30
0
 11
97.7285710000000023
 21
-44.5019500000000008
 31
0
  0
LINE
  5
224
330
1B
100
AcDbEntity
  8
F.Silkscreen
  6
CONTINUOUS
100
AcDbLine
 10
97.7285710000000023
 20
-44.5019500000000008
 30
0
 11
97.8047609999999992
 21
-44.4638549999999952
 31
0
  0
LINE
  5
225
330
1B
100
AcDbEntity
  8
F.Silkscreen
  6
CONTINUOUS
100
AcDbLine
 10
97.8047609999999992
 20
-44.4638549999999952
 30
0
 11
97.9952369999999888
 21
-44.4638549999999952
 31
0
  0
LINE
  5
226
330
1B
100
AcDbEntity
  8
F.Silkscreen
  6
CONTINUOUS
100
AcDbLine
 10
97.9952369999999888
 20
-44.4638549999999952
 30
0
 11
98.0714279999999974
 21
-44.5019500000000008
 31
0
  0
LINE
  5
227
330
1B
100
AcDbEntity
  8
F.Silkscreen
  6
CONTINUOUS
100
AcDbLine
 10
98.0714279999999974
 20
-44.5019500000000008
 30
0
 11
98.1095229999999958
 21
-44.5400449999999992
 31
0
  0
LINE
  5
228
330
1B
100
AcDbEntity
  8
F.Silkscreen
  6
CONTINUOUS
100
AcDbLine
 10
98.1095229999999958
 20
-44.5400449999999992
 30
0
 11
98.1476179999999943
 21
-44.6162360000000007
 31
0
  0
LINE
  5
229
330
1B
100
AcDbEntity
  8
F.Silkscreen
  6
CONTINUOUS
100
AcDbLine
 10
98.1476179999999943
 20
-44.6162360000000007
 30
0
 11
98.1476179999999943
 21
-44.6924259999999975
 31
0
  0
LINE
  5
22A
330
1B
100
AcDbEntity
  8
F.Silkscreen
  6
CONTINUOUS
100
AcDbLine
 10
98.1476179999999943
 20
-44.6924259999999975
 30
0
 11
98.1095229999999958
 21
-44.8067119999999974
 31
0
  0
LINE
  5
22B
330
1B
100
AcDbEntity
  8
F.Silkscreen
  6
CONTINUOUS
100
AcDbLine
 10
98.1095229999999958
 20
-44.8067119999999974
 30
0
 11
97.6523799999999937
 21
-45.2638549999999995
 31
0
  0
LINE
  5
22C
330
1B
100
AcDbEntity
  8
F.Silkscreen
  6
CONTINUOUS
100
AcDbLine
 10
97.6523799999999937
 20
-45.2638549999999995
 30
0
 11
98.1476179999999943
 21
-45.2638549999999995
 31
0
  0
LINE
  5
22D
330
1B
100
AcDbEntity
  8
F.Silkscreen
  6
CONTINUOUS
100
AcDbLine
 10
98.8333329999999961
 20
-45.2638549999999995
 30
0
 11
98.8333329999999961
 21
-44.8448069999999959
 31
0
  0
LINE
  5
22E
330
1B
100
AcDbEntity
  8
F.Silkscreen
  6
CONTINUOUS
100
AcDbLine
 10
98.8333329999999961
 20
-44.8448069999999959
 30
0
 11
98.7952379999999977
 21
-44.768616999999999
 31
0
  0
LINE
  5
22F
330
1B
100
AcDbEntity
  8
F.Silkscreen
  6
CONTINUOUS
100
AcDbLine
 10
98.7952379999999977
 20
-44.768616999999999
 30
0
 11
98.7190469999999891
 21
-44.730520999999996
 31
0
  0
LINE
  5
230
330
1B
100
AcDbEntity
  8
F.Silkscreen
  6
CONTINUOUS
100
AcDbLine
 10
98.7190469999999891
 20
-44.730520999999996
 30
0
 11
98.5666659999999979
 21
-44.730520999999996
 31
0
  0
LINE
  5
231
330
1B
100
AcDbEntity
  8
F.Silkscreen
  6
CONTINUOUS
100
AcDbLine
 10
98.5666659999999979
 20
-44.730520999999996
 30
0
 11
98.490476000000001
 21
-44.768616999999999
 31
0
  0
LINE
  5
232
330
1B
100
AcDbEntity
  8
F.Silkscreen
  6
CONTINUOUS
100
AcDbLine
 10
98.8333329999999961
 20
-45.2257600000000011
 30
0
 11
98.7571420000000018
 21
-45.2638549999999995
 31
0
  0
LINE
  5
233
330
1B
100
AcDbEntity
  8
F.Silkscreen
  6
CONTINUOUS
100
AcDbLine
 10
98.7571420000000018
 20
-45.2638549999999995
 30
0
 11
98.5666659999999979
 21
-45.2638549999999995
 31
0
  0
LINE
  5
234
330
1B
100
AcDbEntity
  8
F.Silkscreen
  6
CONTINUOUS
100
AcDbLine
 10
98.5666659999999979
 20
-45.2638549999999995
 30
0
 11
98.490476000000001
 21
-45.2257600000000011
 31
0
  0
LINE
  5
235
330
1B
100
AcDbEntity
  8
F.Silkscreen
  6
CONTINUOUS
100
AcDbLine
 10
98.490476000000001
 20
-45.2257600000000011
 30
0
 11
98.4523799999999909
 21
-45.1495689999999996
 31
0
  0
LINE
  5
236
330
1B
100
AcDbEntity
  8
F.Silkscreen
  6
CONTINUOUS
100
AcDbLine
 10
98.4523799999999909
 20
-45.1495689999999996
 30
0
 11
98.4523799999999909
 21
-45.0733789999999956
 31
0
  0
LINE
  5
237
330
1B
100
AcDbEntity
  8
F.Silkscreen
  6
CONTINUOUS
100
AcDbLine
 10
98.4523799999999909
 20
-45.0733789999999956
 30
0
 11
98.490476000000001
 21
-44.9971880000000013
 31
0
  0
LINE
  5
238
330
1B
100
AcDbEntity
  8
F.Silkscreen
  6
CONTINUOUS
100
AcDbLine
 10
98.490476000000001
 20
-44.9971880000000013
 30
0
 11
98.5666659999999979
 21
-44.9590929999999958
 31
0
  0
LINE
  5
239
330
1B
100
AcDbEntity
  8
F.Silkscreen
  6
CONTINUOUS
100
AcDbLine
 10
98.5666659999999979
 20
-44.9590929999999958
 30
0
 11
98.7571420000000018
 21
-44.9590929999999958
 31
0
  0
LINE
  5
23A
330
1B
100
AcDbEntity
  8
F.Silkscreen
  6
CONTINUOUS
100
AcDbLine
 10
98.7571420000000018
 20
-44.9590929999999958
 30
0
 11
98.8333329999999961
 21
-44.9209979999999973
 31
0
  0
LINE
  5
23B
330
1B
100
AcDbEntity
  8
F.Silkscreen
  6
CONTINUOUS
100
AcDbLine
 10
98.0904749999999979
 20
-65.9638549999999952
 30
0
 11
98.2809510000000017
 21
-66.7638549999999924
 31
0
  0
LINE
  5
23C
330
1B
100
AcDbEntity
  8
F.Silkscreen
  6
CONTINUOUS
100
AcDbLine
 10
98.2809510000000017
 20
-66.7638549999999924
 30
0
 11
98.4333319999999929
 21
-66.1924259999999975
 31
0
  0
LINE
  5
23D
330
1B
100
AcDbEntity
  8
F.Silkscreen
  6
CONTINUOUS
100
AcDbLine
 10
98.4333319999999929
 20
-66.1924259999999975
 30
0
 11
98.5857129999999984
 21
-66.7638549999999924
 31
0
  0
LINE
  5
23E
330
1B
100
AcDbEntity
  8
F.Silkscreen
  6
CONTINUOUS
100
AcDbLine
 10
98.5857129999999984
 20
-66.7638549999999924
 30
0
 11
98.7761899999999997
 21
-65.9638549999999952
 31
0
  0
LINE
  5
23F
330
1B
100
AcDbEntity
  8
F.Silkscreen
  6
CONTINUOUS
100
AcDbLine
 10
99.4619039999999899
 20
-66.7638549999999924
 30
0
 11
99.0809519999999964
 21
-66.7638549999999924
 31
0
  0
LINE
  5
240
330
1B
100
AcDbEntity
  8
F.Silkscreen
  6
CONTINUOUS
100
AcDbLine
 10
99.0809519999999964
 20
-66.7638549999999924
 30
0
 11
99.0809519999999964
 21
-65.9638549999999952
 31
0
  0
LINE
  5
241
330
1B
100
AcDbEntity
  8
F.Silkscreen
  6
CONTINUOUS
100
AcDbLine
 10
99.6523799999999937
 20
-65.9638549999999952
 30
0
 11
100.1476179999999943
 21
-65.9638549999999952
 31
0
  0
LINE
  5
242
330
1B
100
AcDbEntity
  8
F.Silkscreen
  6
CONTINUOUS
100
AcDbLine
 10
100.1476179999999943
 20
-65.9638549999999952
 30
0
 11
99.8809519999999935
 21
-66.2686169999999919
 31
0
  0
LINE
  5
243
330
1B
100
AcDbEntity
  8
F.Silkscreen
  6
CONTINUOUS
100
AcDbLine
 10
99.8809519999999935
 20
-66.2686169999999919
 30
0
 11
99.9952369999999888
 21
-66.2686169999999919
 31
0
  0
LINE
  5
244
330
1B
100
AcDbEntity
  8
F.Silkscreen
  6
CONTINUOUS
100
AcDbLine
 10
99.9952369999999888
 20
-66.2686169999999919
 30
0
 11
100.0714279999999974
 21
-66.3067119999999903
 31
0
  0
LINE
  5
245
330
1B
100
AcDbEntity
  8
F.Silkscreen
  6
CONTINUOUS
100
AcDbLine
 10
100.0714279999999974
 20
-66.3067119999999903
 30
0
 11
100.1095229999999958
 21
-66.344807000000003
 31
0
  0
LINE
  5
246
330
1B
100
AcDbEntity
  8
F.Silkscreen
  6
CONTINUOUS
100
AcDbLine
 10
100.1095229999999958
 20
-66.344807000000003
 30
0
 11
100.1476179999999943
 21
-66.4209979999999973
 31
0
  0
LINE
  5
247
330
1B
100
AcDbEntity
  8
F.Silkscreen
  6
CONTINUOUS
100
AcDbLine
 10
100.1476179999999943
 20
-66.4209979999999973
 30
0
 11
100.1476179999999943
 21
-66.6114740000000012
 31
0
  0
LINE
  5
248
330
1B
100
AcDbEntity
  8
F.Silkscreen
  6
CONTINUOUS
100
AcDbLine
 10
100.1476179999999943
 20
-66.6114740000000012
 30
0
 11
100.1095229999999958
 21
-66.6876639999999981
 31
0
  0
LINE
  5
249
330
1B
100
AcDbEntity
  8
F.Silkscreen
  6
CONTINUOUS
100
AcDbLine
 10
100.1095229999999958
 20
-66.6876639999999981
 30
0
 11
100.0714279999999974
 21
-66.725759999999994
 31
0
  0
LINE
  5
24A
330
1B
100
AcDbEntity
  8
F.Silkscreen
  6
CONTINUOUS
100
AcDbLine
 10
100.0714279999999974
 20
-66.725759999999994
 30
0
 11
99.9952369999999888
 21
-66.7638549999999924
 31
0
  0
LINE
  5
24B
330
1B
100
AcDbEntity
  8
F.Silkscreen
  6
CONTINUOUS
100
AcDbLine
 10
99.9952369999999888
 20
-66.7638549999999924
 30
0
 11
99.7666660000000007
 21
-66.7638549999999924
 31
0
  0
LINE
  5
24C
330
1B
100
AcDbEntity
  8
F.Silkscreen
  6
CONTINUOUS
100
AcDbLine
 10
99.7666660000000007
 20
-66.7638549999999924
 30
0
 11
99.6904749999999922
 21
-66.725759999999994
 31
0
  0
LINE
  5
24D
330
1B
100
AcDbEntity
  8
F.Silkscreen
  6
CONTINUOUS
100
AcDbLine
 10
99.6904749999999922
 20
-66.725759999999994
 30
0
 11
99.6523799999999937
 21
-66.6876639999999981
 31
0
  0
LINE
  5
24E
330
1B
100
AcDbEntity
  8
F.Silkscreen
  6
CONTINUOUS
100
AcDbLine
 10
100.490476000000001
 20
-66.7638549999999924
 30
0
 11
100.490476000000001
 21
-65.9638549999999952
 31
0
  0
LINE
  5
24F
330
1B
100
AcDbEntity
  8
F.Silkscreen
  6
CONTINUOUS
100
AcDbLine
 10
100.490476000000001
 20
-66.2686169999999919
 30
0
 11
100.5666659999999979
 21
-66.230520999999996
 31
0
  0
LINE
  5
250
330
1B
100
AcDbEntity
  8
F.Silkscreen
  6
CONTINUOUS
100
AcDbLine
 10
100.5666659999999979
 20
-66.230520999999996
 30
0
 11
100.7190469999999891
 21
-66.230520999999996
 31
0
  0
LINE
  5
251
330
1B
100
AcDbEntity
  8
F.Silkscreen
  6
CONTINUOUS
100
AcDbLine
 10
100.7190469999999891
 20
-66.230520999999996
 30
0
 11
100.7952379999999977
 21
-66.2686169999999919
 31
0
  0
LINE
  5
252
330
1B
100
AcDbEntity
  8
F.Silkscreen
  6
CONTINUOUS
100
AcDbLine
 10
100.7952379999999977
 20
-66.2686169999999919
 30
0
 11
100.8333329999999961
 21
-66.3067119999999903
 31
0
  0
LINE
  5
253
330
1B
100
AcDbEntity
  8
F.Silkscreen
  6
CONTINUOUS
100
AcDbLine
 10
100.8333329999999961
 20
-66.3067119999999903
 30
0
 11
100.8714279999999945
 21
-66.3829020000000014
 31
0
  0
LINE
  5
254
330
1B
100
AcDbEntity
  8
F.Silkscreen
  6
CONTINUOUS
100
AcDbLine
 10
100.8714279999999945
 20
-66.3829020000000014
 30
0
 11
100.8714279999999945
 21
-66.6114740000000012
 31
0
  0
LINE
  5
255
330
1B
100
AcDbEntity
  8
F.Silkscreen
  6
CONTINUOUS
100
AcDbLine
 10
100.8714279999999945
 20
-66.6114740000000012
 30
0
 11
100.8333329999999961
 21
-66.6876639999999981
 31
0
  0
LINE
  5
256
330
1B
100
AcDbEntity
  8
F.Silkscreen
  6
CONTINUOUS
100
AcDbLine
 10
100.8333329999999961
 20
-66.6876639999999981
 30
0
 11
100.7952379999999977
 21
-66.725759999999994
 31
0
  0
LINE
  5
257
330
1B
100
AcDbEntity
  8
F.Silkscreen
  6
CONTINUOUS
100
AcDbLine
 10
100.7952379999999977
 20
-66.725759999999994
 30
0
 11
100.7190469999999891
 21
-66.7638549999999924
 31
0
  0
LINE
  5
258
330
1B
100
AcDbEntity
  8
F.Silkscreen
  6
CONTINUOUS
100
AcDbLine
 10
100.7190469999999891
 20
-66.7638549999999924
 30
0
 11
100.5666659999999979
 21
-66.7638549999999924
 31
0
  0
LINE
  5
259
330
1B
100
AcDbEntity
  8
F.Silkscreen
  6
CONTINUOUS
100
AcDbLine
 10
100.5666659999999979
 20
-66.7638549999999924
 30
0
 11
100.490476000000001
 21
-66.725759999999994
 31
0
  0
LINE
  5
25A
330
1B
100
AcDbEntity
  8
F.Silkscreen
  6
CONTINUOUS
100
AcDbLine
 10
66.9121420000000029
 20
-62.6295799999999971
 30
0
 11
66.8645229999999913
 21
-62.6771999999999991
 31
0
  0
LINE
  5
25B
330
1B
100
AcDbEntity
  8
F.Silkscreen
  6
CONTINUOUS
100
AcDbLine
 10
66.8645229999999913
 20
-62.6771999999999991
 30
0
 11
66.721665999999999
 21
-62.7248189999999965
 31
0
  0
LINE
  5
25C
330
1B
100
AcDbEntity
  8
F.Silkscreen
  6
CONTINUOUS
100
AcDbLine
 10
66.721665999999999
 20
-62.7248189999999965
 30
0
 11
66.62642799999999
 21
-62.7248189999999965
 31
0
  0
LINE
  5
25D
330
1B
100
AcDbEntity
  8
F.Silkscreen
  6
CONTINUOUS
100
AcDbLine
 10
66.62642799999999
 20
-62.7248189999999965
 30
0
 11
66.4835709999999978
 21
-62.6771999999999991
 31
0
  0
LINE
  5
25E
330
1B
100
AcDbEntity
  8
F.Silkscreen
  6
CONTINUOUS
100
AcDbLine
 10
66.4835709999999978
 20
-62.6771999999999991
 30
0
 11
66.3883330000000029
 21
-62.5819609999999997
 31
0
  0
LINE
  5
25F
330
1B
100
AcDbEntity
  8
F.Silkscreen
  6
CONTINUOUS
100
AcDbLine
 10
66.3883330000000029
 20
-62.5819609999999997
 30
0
 11
66.3407139999999913
 21
-62.4867229999999978
 31
0
  0
LINE
  5
260
330
1B
100
AcDbEntity
  8
F.Silkscreen
  6
CONTINUOUS
100
AcDbLine
 10
66.3407139999999913
 20
-62.4867229999999978
 30
0
 11
66.2930949999999939
 21
-62.2962469999999939
 31
0
  0
LINE
  5
261
330
1B
100
AcDbEntity
  8
F.Silkscreen
  6
CONTINUOUS
100
AcDbLine
 10
66.2930949999999939
 20
-62.2962469999999939
 30
0
 11
66.2930949999999939
 21
-62.1533899999999946
 31
0
  0
LINE
  5
262
330
1B
100
AcDbEntity
  8
F.Silkscreen
  6
CONTINUOUS
100
AcDbLine
 10
66.2930949999999939
 20
-62.1533899999999946
 30
0
 11
66.3407139999999913
 21
-61.9629139999999978
 31
0
  0
LINE
  5
263
330
1B
100
AcDbEntity
  8
F.Silkscreen
  6
CONTINUOUS
100
AcDbLine
 10
66.3407139999999913
 20
-61.9629139999999978
 30
0
 11
66.3883330000000029
 21
-61.8676759999999959
 31
0
  0
LINE
  5
264
330
1B
100
AcDbEntity
  8
F.Silkscreen
  6
CONTINUOUS
100
AcDbLine
 10
66.3883330000000029
 20
-61.8676759999999959
 30
0
 11
66.4835709999999978
 21
-61.772437999999994
 31
0
  0
LINE
  5
265
330
1B
100
AcDbEntity
  8
F.Silkscreen
  6
CONTINUOUS
100
AcDbLine
 10
66.4835709999999978
 20
-61.772437999999994
 30
0
 11
66.62642799999999
 21
-61.7248189999999965
 31
0
  0
LINE
  5
266
330
1B
100
AcDbEntity
  8
F.Silkscreen
  6
CONTINUOUS
100
AcDbLine
 10
66.62642799999999
 20
-61.7248189999999965
 30
0
 11
66.721665999999999
 21
-61.7248189999999965
 31
0
  0
LINE
  5
267
330
1B
100
AcDbEntity
  8
F.Silkscreen
  6
CONTINUOUS
100
AcDbLine
 10
66.721665999999999
 20
-61.7248189999999965
 30
0
 11
66.8645229999999913
 21
-61.772437999999994
 31
0
  0
LINE
  5
268
330
1B
100
AcDbEntity
  8
F.Silkscreen
  6
CONTINUOUS
100
AcDbLine
 10
66.8645229999999913
 20
-61.772437999999994
 30
0
 11
66.9121420000000029
 21
-61.8200569999999985
 31
0
  0
LINE
  5
269
330
1B
100
AcDbEntity
  8
F.Silkscreen
  6
CONTINUOUS
100
AcDbLine
 10
67.8645229999999913
 20
-62.7248189999999965
 30
0
 11
67.2930949999999939
 21
-62.7248189999999965
 31
0
  0
LINE
  5
26A
330
1B
100
AcDbEntity
  8
F.Silkscreen
  6
CONTINUOUS
100
AcDbLine
 10
67.5788089999999926
 20
-62.7248189999999965
 30
0
 11
67.5788089999999926
 21
-61.7248189999999965
 31
0
  0
LINE
  5
26B
330
1B
100
AcDbEntity
  8
F.Silkscreen
  6
CONTINUOUS
100
AcDbLine
 10
67.5788089999999926
 20
-61.7248189999999965
 30
0
 11
67.4835709999999978
 21
-61.8676759999999959
 31
0
  0
LINE
  5
26C
330
1B
100
AcDbEntity
  8
F.Silkscreen
  6
CONTINUOUS
100
AcDbLine
 10
67.4835709999999978
 20
-61.8676759999999959
 30
0
 11
67.3883330000000029
 21
-61.9629139999999978
 31
0
  0
LINE
  5
26D
330
1B
100
AcDbEntity
  8
F.Silkscreen
  6
CONTINUOUS
100
AcDbLine
 10
67.3883330000000029
 20
-61.9629139999999978
 30
0
 11
67.2930949999999939
 21
-62.0105329999999952
 31
0
  0
LINE
  5
26E
330
1B
100
AcDbEntity
  8
F.Silkscreen
  6
CONTINUOUS
100
AcDbLine
 10
68.4835709999999978
 20
-61.7248189999999965
 30
0
 11
68.5788089999999926
 21
-61.7248189999999965
 31
0
  0
LINE
  5
26F
330
1B
100
AcDbEntity
  8
F.Silkscreen
  6
CONTINUOUS
100
AcDbLine
 10
68.5788089999999926
 20
-61.7248189999999965
 30
0
 11
68.6740470000000016
 21
-61.772437999999994
 31
0
  0
LINE
  5
270
330
1B
100
AcDbEntity
  8
F.Silkscreen
  6
CONTINUOUS
100
AcDbLine
 10
68.6740470000000016
 20
-61.772437999999994
 30
0
 11
68.721665999999999
 21
-61.8200569999999985
 31
0
  0
LINE
  5
271
330
1B
100
AcDbEntity
  8
F.Silkscreen
  6
CONTINUOUS
100
AcDbLine
 10
68.721665999999999
 20
-61.8200569999999985
 30
0
 11
68.7692849999999964
 21
-61.9152950000000004
 31
0
  0
LINE
  5
272
330
1B
100
AcDbEntity
  8
F.Silkscreen
  6
CONTINUOUS
100
AcDbLine
 10
68.7692849999999964
 20
-61.9152950000000004
 30
0
 11
68.8169039999999939
 21
-62.1057709999999972
 31
0
  0
LINE
  5
273
330
1B
100
AcDbEntity
  8
F.Silkscreen
  6
CONTINUOUS
100
AcDbLine
 10
68.8169039999999939
 20
-62.1057709999999972
 30
0
 11
68.8169039999999939
 21
-62.3438659999999985
 31
0
  0
LINE
  5
274
330
1B
100
AcDbEntity
  8
F.Silkscreen
  6
CONTINUOUS
100
AcDbLine
 10
68.8169039999999939
 20
-62.3438659999999985
 30
0
 11
68.7692849999999964
 21
-62.5343419999999952
 31
0
  0
LINE
  5
275
330
1B
100
AcDbEntity
  8
F.Silkscreen
  6
CONTINUOUS
100
AcDbLine
 10
68.7692849999999964
 20
-62.5343419999999952
 30
0
 11
68.721665999999999
 21
-62.6295799999999971
 31
0
  0
LINE
  5
276
330
1B
100
AcDbEntity
  8
F.Silkscreen
  6
CONTINUOUS
100
AcDbLine
 10
68.721665999999999
 20
-62.6295799999999971
 30
0
 11
68.6740470000000016
 21
-62.6771999999999991
 31
0
  0
LINE
  5
277
330
1B
100
AcDbEntity
  8
F.Silkscreen
  6
CONTINUOUS
100
AcDbLine
 10
68.6740470000000016
 20
-62.6771999999999991
 30
0
 11
68.5788089999999926
 21
-62.7248189999999965
 31
0
  0
LINE
  5
278
330
1B
100
AcDbEntity
  8
F.Silkscreen
  6
CONTINUOUS
100
AcDbLine
 10
68.5788089999999926
 20
-62.7248189999999965
 30
0
 11
68.4835709999999978
 21
-62.7248189999999965
 31
0
  0
LINE
  5
279
330
1B
100
AcDbEntity
  8
F.Silkscreen
  6
CONTINUOUS
100
AcDbLine
 10
68.4835709999999978
 20
-62.7248189999999965
 30
0
 11
68.3883330000000029
 21
-62.6771999999999991
 31
0
  0
LINE
  5
27A
330
1B
100
AcDbEntity
  8
F.Silkscreen
  6
CONTINUOUS
100
AcDbLine
 10
68.3883330000000029
 20
-62.6771999999999991
 30
0
 11
68.3407139999999913
 21
-62.6295799999999971
 31
0
  0
LINE
  5
27B
330
1B
100
AcDbEntity
  8
F.Silkscreen
  6
CONTINUOUS
100
AcDbLine
 10
68.3407139999999913
 20
-62.6295799999999971
 30
0
 11
68.2930949999999939
 21
-62.5343419999999952
 31
0
  0
LINE
  5
27C
330
1B
100
AcDbEntity
  8
F.Silkscreen
  6
CONTINUOUS
100
AcDbLine
 10
68.2930949999999939
 20
-62.5343419999999952
 30
0
 11
68.2454759999999965
 21
-62.3438659999999985
 31
0
  0
LINE
  5
27D
330
1B
100
AcDbEntity
  8
F.Silkscreen
  6
CONTINUOUS
100
AcDbLine
 10
68.2454759999999965
 20
-62.3438659999999985
 30
0
 11
68.2454759999999965
 21
-62.1057709999999972
 31
0
  0
LINE
  5
27E
330
1B
100
AcDbEntity
  8
F.Silkscreen
  6
CONTINUOUS
100
AcDbLine
 10
68.2454759999999965
 20
-62.1057709999999972
 30
0
 11
68.2930949999999939
 21
-61.9152950000000004
 31
0
  0
LINE
  5
27F
330
1B
100
AcDbEntity
  8
F.Silkscreen
  6
CONTINUOUS
100
AcDbLine
 10
68.2930949999999939
 20
-61.9152950000000004
 30
0
 11
68.3407139999999913
 21
-61.8200569999999985
 31
0
  0
LINE
  5
280
330
1B
100
AcDbEntity
  8
F.Silkscreen
  6
CONTINUOUS
100
AcDbLine
 10
68.3407139999999913
 20
-61.8200569999999985
 30
0
 11
68.3883330000000029
 21
-61.772437999999994
 31
0
  0
LINE
  5
281
330
1B
100
AcDbEntity
  8
F.Silkscreen
  6
CONTINUOUS
100
AcDbLine
 10
68.3883330000000029
 20
-61.772437999999994
 30
0
 11
68.4835709999999978
 21
-61.7248189999999965
 31
0
  0
LINE
  5
282
330
1B
100
AcDbEntity
  8
F.Silkscreen
  6
CONTINUOUS
100
AcDbLine
 10
99.3671420000000012
 20
-38.4995800000000017
 30
0
 11
99.3195229999999896
 21
-38.5471999999999966
 31
0
  0
LINE
  5
283
330
1B
100
AcDbEntity
  8
F.Silkscreen
  6
CONTINUOUS
100
AcDbLine
 10
99.3195229999999896
 20
-38.5471999999999966
 30
0
 11
99.1766659999999973
 21
-38.5948190000000011
 31
0
  0
LINE
  5
284
330
1B
100
AcDbEntity
  8
F.Silkscreen
  6
CONTINUOUS
100
AcDbLine
 10
99.1766659999999973
 20
-38.5948190000000011
 30
0
 11
99.0814280000000025
 21
-38.5948190000000011
 31
0
  0
LINE
  5
285
330
1B
100
AcDbEntity
  8
F.Silkscreen
  6
CONTINUOUS
100
AcDbLine
 10
99.0814280000000025
 20
-38.5948190000000011
 30
0
 11
98.938570999999996
 21
-38.5471999999999966
 31
0
  0
LINE
  5
286
330
1B
100
AcDbEntity
  8
F.Silkscreen
  6
CONTINUOUS
100
AcDbLine
 10
98.938570999999996
 20
-38.5471999999999966
 30
0
 11
98.8433330000000012
 21
-38.4519609999999972
 31
0
  0
LINE
  5
287
330
1B
100
AcDbEntity
  8
F.Silkscreen
  6
CONTINUOUS
100
AcDbLine
 10
98.8433330000000012
 20
-38.4519609999999972
 30
0
 11
98.7957139999999896
 21
-38.3567229999999952
 31
0
  0
LINE
  5
288
330
1B
100
AcDbEntity
  8
F.Silkscreen
  6
CONTINUOUS
100
AcDbLine
 10
98.7957139999999896
 20
-38.3567229999999952
 30
0
 11
98.7480949999999922
 21
-38.1662469999999985
 31
0
  0
LINE
  5
289
330
1B
100
AcDbEntity
  8
F.Silkscreen
  6
CONTINUOUS
100
AcDbLine
 10
98.7480949999999922
 20
-38.1662469999999985
 30
0
 11
98.7480949999999922
 21
-38.0233899999999991
 31
0
  0
LINE
  5
28A
330
1B
100
AcDbEntity
  8
F.Silkscreen
  6
CONTINUOUS
100
AcDbLine
 10
98.7480949999999922
 20
-38.0233899999999991
 30
0
 11
98.7957139999999896
 21
-37.8329139999999953
 31
0
  0
LINE
  5
28B
330
1B
100
AcDbEntity
  8
F.Silkscreen
  6
CONTINUOUS
100
AcDbLine
 10
98.7957139999999896
 20
-37.8329139999999953
 30
0
 11
98.8433330000000012
 21
-37.7376760000000004
 31
0
  0
LINE
  5
28C
330
1B
100
AcDbEntity
  8
F.Silkscreen
  6
CONTINUOUS
100
AcDbLine
 10
98.8433330000000012
 20
-37.7376760000000004
 30
0
 11
98.938570999999996
 21
-37.6424379999999985
 31
0
  0
LINE
  5
28D
330
1B
100
AcDbEntity
  8
F.Silkscreen
  6
CONTINUOUS
100
AcDbLine
 10
98.938570999999996
 20
-37.6424379999999985
 30
0
 11
99.0814280000000025
 21
-37.5948190000000011
 31
0
  0
LINE
  5
28E
330
1B
100
AcDbEntity
  8
F.Silkscreen
  6
CONTINUOUS
100
AcDbLine
 10
99.0814280000000025
 20
-37.5948190000000011
 30
0
 11
99.1766659999999973
 21
-37.5948190000000011
 31
0
  0
LINE
  5
28F
330
1B
100
AcDbEntity
  8
F.Silkscreen
  6
CONTINUOUS
100
AcDbLine
 10
99.1766659999999973
 20
-37.5948190000000011
 30
0
 11
99.3195229999999896
 21
-37.6424379999999985
 31
0
  0
LINE
  5
290
330
1B
100
AcDbEntity
  8
F.Silkscreen
  6
CONTINUOUS
100
AcDbLine
 10
99.3195229999999896
 20
-37.6424379999999985
 30
0
 11
99.3671420000000012
 21
-37.6900569999999959
 31
0
  0
LINE
  5
291
330
1B
100
AcDbEntity
  8
F.Silkscreen
  6
CONTINUOUS
100
AcDbLine
 10
100.3195229999999896
 20
-38.5948190000000011
 30
0
 11
99.7480949999999922
 21
-38.5948190000000011
 31
0
  0
LINE
  5
292
330
1B
100
AcDbEntity
  8
F.Silkscreen
  6
CONTINUOUS
100
AcDbLine
 10
100.0338089999999909
 20
-38.5948190000000011
 30
0
 11
100.0338089999999909
 21
-37.5948190000000011
 31
0
  0
LINE
  5
293
330
1B
100
AcDbEntity
  8
F.Silkscreen
  6
CONTINUOUS
100
AcDbLine
 10
100.0338089999999909
 20
-37.5948190000000011
 30
0
 11
99.938570999999996
 21
-37.7376760000000004
 31
0
  0
LINE
  5
294
330
1B
100
AcDbEntity
  8
F.Silkscreen
  6
CONTINUOUS
100
AcDbLine
 10
99.938570999999996
 20
-37.7376760000000004
 30
0
 11
99.8433330000000012
 21
-37.8329139999999953
 31
0
  0
LINE
  5
295
330
1B
100
AcDbEntity
  8
F.Silkscreen
  6
CONTINUOUS
100
AcDbLine
 10
99.8433330000000012
 20
-37.8329139999999953
 30
0
 11
99.7480949999999922
 21
-37.8805329999999998
 31
0
  0
LINE
  5
296
330
1B
100
AcDbEntity
  8
F.Silkscreen
  6
CONTINUOUS
100
AcDbLine
 10
101.2719039999999922
 20
-38.5948190000000011
 30
0
 11
100.7004759999999948
 21
-38.5948190000000011
 31
0
  0
LINE
  5
297
330
1B
100
AcDbEntity
  8
F.Silkscreen
  6
CONTINUOUS
100
AcDbLine
 10
100.9861899999999935
 20
-38.5948190000000011
 30
0
 11
100.9861899999999935
 21
-37.5948190000000011
 31
0
  0
LINE
  5
298
330
1B
100
AcDbEntity
  8
F.Silkscreen
  6
CONTINUOUS
100
AcDbLine
 10
100.9861899999999935
 20
-37.5948190000000011
 30
0
 11
100.8909519999999986
 21
-37.7376760000000004
 31
0
  0
LINE
  5
299
330
1B
100
AcDbEntity
  8
F.Silkscreen
  6
CONTINUOUS
100
AcDbLine
 10
100.8909519999999986
 20
-37.7376760000000004
 30
0
 11
100.7957139999999896
 21
-37.8329139999999953
 31
0
  0
LINE
  5
29A
330
1B
100
AcDbEntity
  8
F.Silkscreen
  6
CONTINUOUS
100
AcDbLine
 10
100.7957139999999896
 20
-37.8329139999999953
 30
0
 11
100.7004759999999948
 21
-37.8805329999999998
 31
0
  0
LINE
  5
29B
330
1B
100
AcDbEntity
  8
F.Silkscreen
  6
CONTINUOUS
100
AcDbLine
 10
80.4138090000000005
 20
-96.7886279999999886
 30
0
 11
80.4138090000000005
 21
-97.2648189999999886
 31
0
  0
LINE
  5
29C
330
1B
100
AcDbEntity
  8
F.Silkscreen
  6
CONTINUOUS
100
AcDbLine
 10
80.0804759999999902
 20
-96.2648189999999886
 30
0
 11
80.4138090000000005
 21
-96.7886279999999886
 31
0
  0
LINE
  5
29D
330
1B
100
AcDbEntity
  8
F.Silkscreen
  6
CONTINUOUS
100
AcDbLine
 10
80.4138090000000005
 20
-96.7886279999999886
 30
0
 11
80.7471419999999966
 21
-96.2648189999999886
 31
0
  0
LINE
  5
29E
330
1B
100
AcDbEntity
  8
F.Silkscreen
  6
CONTINUOUS
100
AcDbLine
 10
81.6042849999999902
 20
-97.2648189999999886
 30
0
 11
81.0328569999999928
 21
-97.2648189999999886
 31
0
  0
LINE
  5
29F
330
1B
100
AcDbEntity
  8
F.Silkscreen
  6
CONTINUOUS
100
AcDbLine
 10
81.3185709999999915
 20
-97.2648189999999886
 30
0
 11
81.3185709999999915
 21
-96.2648189999999886
 31
0
  0
LINE
  5
2A0
330
1B
100
AcDbEntity
  8
F.Silkscreen
  6
CONTINUOUS
100
AcDbLine
 10
81.3185709999999915
 20
-96.2648189999999886
 30
0
 11
81.2233329999999967
 21
-96.407675999999995
 31
0
  0
LINE
  5
2A1
330
1B
100
AcDbEntity
  8
F.Silkscreen
  6
CONTINUOUS
100
AcDbLine
 10
81.2233329999999967
 20
-96.407675999999995
 30
0
 11
81.1280950000000018
 21
-96.5029139999999899
 31
0
  0
LINE
  5
2A2
330
1B
100
AcDbEntity
  8
F.Silkscreen
  6
CONTINUOUS
100
AcDbLine
 10
81.1280950000000018
 20
-96.5029139999999899
 30
0
 11
81.0328569999999928
 21
-96.5505330000000015
 31
0
  0
LINE
  5
2A3
330
1B
100
AcDbEntity
  8
F.Silkscreen
  6
CONTINUOUS
100
AcDbLine
 10
41.5904749999999979
 20
-28.9638549999999988
 30
0
 11
41.7809509999999946
 21
-29.7638549999999995
 31
0
  0
LINE
  5
2A4
330
1B
100
AcDbEntity
  8
F.Silkscreen
  6
CONTINUOUS
100
AcDbLine
 10
41.7809509999999946
 20
-29.7638549999999995
 30
0
 11
41.9333320000000001
 21
-29.1924259999999975
 31
0
  0
LINE
  5
2A5
330
1B
100
AcDbEntity
  8
F.Silkscreen
  6
CONTINUOUS
100
AcDbLine
 10
41.9333320000000001
 20
-29.1924259999999975
 30
0
 11
42.0857129999999984
 21
-29.7638549999999995
 31
0
  0
LINE
  5
2A6
330
1B
100
AcDbEntity
  8
F.Silkscreen
  6
CONTINUOUS
100
AcDbLine
 10
42.0857129999999984
 20
-29.7638549999999995
 30
0
 11
42.2761899999999997
 21
-28.9638549999999988
 31
0
  0
LINE
  5
2A7
330
1B
100
AcDbEntity
  8
F.Silkscreen
  6
CONTINUOUS
100
AcDbLine
 10
42.961903999999997
 20
-29.7638549999999995
 30
0
 11
42.5809519999999964
 21
-29.7638549999999995
 31
0
  0
LINE
  5
2A8
330
1B
100
AcDbEntity
  8
F.Silkscreen
  6
CONTINUOUS
100
AcDbLine
 10
42.5809519999999964
 20
-29.7638549999999995
 30
0
 11
42.5809519999999964
 21
-28.9638549999999988
 31
0
  0
LINE
  5
2A9
330
1B
100
AcDbEntity
  8
F.Silkscreen
  6
CONTINUOUS
100
AcDbLine
 10
43.5714279999999974
 20
-29.2305209999999995
 30
0
 11
43.5714279999999974
 21
-29.7638549999999995
 31
0
  0
LINE
  5
2AA
330
1B
100
AcDbEntity
  8
F.Silkscreen
  6
CONTINUOUS
100
AcDbLine
 10
43.3809520000000006
 20
-28.9257600000000004
 30
0
 11
43.1904749999999993
 21
-29.4971879999999977
 31
0
  0
LINE
  5
2AB
330
1B
100
AcDbEntity
  8
F.Silkscreen
  6
CONTINUOUS
100
AcDbLine
 10
43.1904749999999993
 20
-29.4971879999999977
 30
0
 11
43.6857139999999973
 21
-29.4971879999999977
 31
0
  0
LINE
  5
2AC
330
1B
100
AcDbEntity
  8
F.Silkscreen
  6
CONTINUOUS
100
AcDbLine
 10
43.990476000000001
 20
-29.7638549999999995
 30
0
 11
43.990476000000001
 21
-28.9638549999999988
 31
0
  0
LINE
  5
2AD
330
1B
100
AcDbEntity
  8
F.Silkscreen
  6
CONTINUOUS
100
AcDbLine
 10
43.990476000000001
 20
-29.268616999999999
 30
0
 11
44.0666659999999979
 21
-29.2305209999999995
 31
0
  0
LINE
  5
2AE
330
1B
100
AcDbEntity
  8
F.Silkscreen
  6
CONTINUOUS
100
AcDbLine
 10
44.0666659999999979
 20
-29.2305209999999995
 30
0
 11
44.2190469999999962
 21
-29.2305209999999995
 31
0
  0
LINE
  5
2AF
330
1B
100
AcDbEntity
  8
F.Silkscreen
  6
CONTINUOUS
100
AcDbLine
 10
44.2190469999999962
 20
-29.2305209999999995
 30
0
 11
44.2952379999999977
 21
-29.268616999999999
 31
0
  0
LINE
  5
2B0
330
1B
100
AcDbEntity
  8
F.Silkscreen
  6
CONTINUOUS
100
AcDbLine
 10
44.2952379999999977
 20
-29.268616999999999
 30
0
 11
44.3333329999999961
 21
-29.3067119999999974
 31
0
  0
LINE
  5
2B1
330
1B
100
AcDbEntity
  8
F.Silkscreen
  6
CONTINUOUS
100
AcDbLine
 10
44.3333329999999961
 20
-29.3067119999999974
 30
0
 11
44.3714279999999945
 21
-29.3829019999999979
 31
0
  0
LINE
  5
2B2
330
1B
100
AcDbEntity
  8
F.Silkscreen
  6
CONTINUOUS
100
AcDbLine
 10
44.3714279999999945
 20
-29.3829019999999979
 30
0
 11
44.3714279999999945
 21
-29.6114739999999976
 31
0
  0
LINE
  5
2B3
330
1B
100
AcDbEntity
  8
F.Silkscreen
  6
CONTINUOUS
100
AcDbLine
 10
44.3714279999999945
 20
-29.6114739999999976
 30
0
 11
44.3333329999999961
 21
-29.6876639999999981
 31
0
  0
LINE
  5
2B4
330
1B
100
AcDbEntity
  8
F.Silkscreen
  6
CONTINUOUS
100
AcDbLine
 10
44.3333329999999961
 20
-29.6876639999999981
 30
0
 11
44.2952379999999977
 21
-29.7257599999999975
 31
0
  0
LINE
  5
2B5
330
1B
100
AcDbEntity
  8
F.Silkscreen
  6
CONTINUOUS
100
AcDbLine
 10
44.2952379999999977
 20
-29.7257599999999975
 30
0
 11
44.2190469999999962
 21
-29.7638549999999995
 31
0
  0
LINE
  5
2B6
330
1B
100
AcDbEntity
  8
F.Silkscreen
  6
CONTINUOUS
100
AcDbLine
 10
44.2190469999999962
 20
-29.7638549999999995
 30
0
 11
44.0666659999999979
 21
-29.7638549999999995
 31
0
  0
LINE
  5
2B7
330
1B
100
AcDbEntity
  8
F.Silkscreen
  6
CONTINUOUS
100
AcDbLine
 10
44.0666659999999979
 20
-29.7638549999999995
 30
0
 11
43.990476000000001
 21
-29.7257599999999975
 31
0
  0
LINE
  5
2B8
330
1B
100
AcDbEntity
  8
F.Silkscreen
  6
CONTINUOUS
100
AcDbLine
 10
54.5904749999999979
 20
-71.4638549999999952
 30
0
 11
54.7809509999999946
 21
-72.2638549999999924
 31
0
  0
LINE
  5
2B9
330
1B
100
AcDbEntity
  8
F.Silkscreen
  6
CONTINUOUS
100
AcDbLine
 10
54.7809509999999946
 20
-72.2638549999999924
 30
0
 11
54.9333320000000001
 21
-71.6924259999999975
 31
0
  0
LINE
  5
2BA
330
1B
100
AcDbEntity
  8
F.Silkscreen
  6
CONTINUOUS
100
AcDbLine
 10
54.9333320000000001
 20
-71.6924259999999975
 30
0
 11
55.0857129999999984
 21
-72.2638549999999924
 31
0
  0
LINE
  5
2BB
330
1B
100
AcDbEntity
  8
F.Silkscreen
  6
CONTINUOUS
100
AcDbLine
 10
55.0857129999999984
 20
-72.2638549999999924
 30
0
 11
55.2761899999999997
 21
-71.4638549999999952
 31
0
  0
LINE
  5
2BC
330
1B
100
AcDbEntity
  8
F.Silkscreen
  6
CONTINUOUS
100
AcDbLine
 10
55.961903999999997
 20
-72.2638549999999924
 30
0
 11
55.5809519999999964
 21
-72.2638549999999924
 31
0
  0
LINE
  5
2BD
330
1B
100
AcDbEntity
  8
F.Silkscreen
  6
CONTINUOUS
100
AcDbLine
 10
55.5809519999999964
 20
-72.2638549999999924
 30
0
 11
55.5809519999999964
 21
-71.4638549999999952
 31
0
  0
LINE
  5
2BE
330
1B
100
AcDbEntity
  8
F.Silkscreen
  6
CONTINUOUS
100
AcDbLine
 10
56.1904749999999993
 20
-71.5400449999999921
 30
0
 11
56.2285709999999952
 21
-71.5019499999999937
 31
0
  0
LINE
  5
2BF
330
1B
100
AcDbEntity
  8
F.Silkscreen
  6
CONTINUOUS
100
AcDbLine
 10
56.2285709999999952
 20
-71.5019499999999937
 30
0
 11
56.3047609999999992
 21
-71.4638549999999952
 31
0
  0
LINE
  5
2C0
330
1B
100
AcDbEntity
  8
F.Silkscreen
  6
CONTINUOUS
100
AcDbLine
 10
56.3047609999999992
 20
-71.4638549999999952
 30
0
 11
56.4952369999999959
 21
-71.4638549999999952
 31
0
  0
LINE
  5
2C1
330
1B
100
AcDbEntity
  8
F.Silkscreen
  6
CONTINUOUS
100
AcDbLine
 10
56.4952369999999959
 20
-71.4638549999999952
 30
0
 11
56.5714279999999974
 21
-71.5019499999999937
 31
0
  0
LINE
  5
2C2
330
1B
100
AcDbEntity
  8
F.Silkscreen
  6
CONTINUOUS
100
AcDbLine
 10
56.5714279999999974
 20
-71.5019499999999937
 30
0
 11
56.6095229999999958
 21
-71.5400449999999921
 31
0
  0
LINE
  5
2C3
330
1B
100
AcDbEntity
  8
F.Silkscreen
  6
CONTINUOUS
100
AcDbLine
 10
56.6095229999999958
 20
-71.5400449999999921
 30
0
 11
56.6476179999999943
 21
-71.6162360000000007
 31
0
  0
LINE
  5
2C4
330
1B
100
AcDbEntity
  8
F.Silkscreen
  6
CONTINUOUS
100
AcDbLine
 10
56.6476179999999943
 20
-71.6162360000000007
 30
0
 11
56.6476179999999943
 21
-71.6924259999999975
 31
0
  0
LINE
  5
2C5
330
1B
100
AcDbEntity
  8
F.Silkscreen
  6
CONTINUOUS
100
AcDbLine
 10
56.6476179999999943
 20
-71.6924259999999975
 30
0
 11
56.6095229999999958
 21
-71.8067119999999903
 31
0
  0
LINE
  5
2C6
330
1B
100
AcDbEntity
  8
F.Silkscreen
  6
CONTINUOUS
100
AcDbLine
 10
56.6095229999999958
 20
-71.8067119999999903
 30
0
 11
56.1523800000000008
 21
-72.2638549999999924
 31
0
  0
LINE
  5
2C7
330
1B
100
AcDbEntity
  8
F.Silkscreen
  6
CONTINUOUS
100
AcDbLine
 10
56.1523800000000008
 20
-72.2638549999999924
 30
0
 11
56.6476179999999943
 21
-72.2638549999999924
 31
0
  0
LINE
  5
2C8
330
1B
100
AcDbEntity
  8
F.Silkscreen
  6
CONTINUOUS
100
AcDbLine
 10
56.9904759999999939
 20
-72.2638549999999924
 30
0
 11
56.9904759999999939
 21
-71.4638549999999952
 31
0
  0
LINE
  5
2C9
330
1B
100
AcDbEntity
  8
F.Silkscreen
  6
CONTINUOUS
100
AcDbLine
 10
56.9904759999999939
 20
-71.7686169999999919
 30
0
 11
57.0666659999999979
 21
-71.730520999999996
 31
0
  0
LINE
  5
2CA
330
1B
100
AcDbEntity
  8
F.Silkscreen
  6
CONTINUOUS
100
AcDbLine
 10
57.0666659999999979
 20
-71.730520999999996
 30
0
 11
57.2190469999999962
 21
-71.730520999999996
 31
0
  0
LINE
  5
2CB
330
1B
100
AcDbEntity
  8
F.Silkscreen
  6
CONTINUOUS
100
AcDbLine
 10
57.2190469999999962
 20
-71.730520999999996
 30
0
 11
57.2952379999999977
 21
-71.7686169999999919
 31
0
  0
LINE
  5
2CC
330
1B
100
AcDbEntity
  8
F.Silkscreen
  6
CONTINUOUS
100
AcDbLine
 10
57.2952379999999977
 20
-71.7686169999999919
 30
0
 11
57.3333329999999961
 21
-71.8067119999999903
 31
0
  0
LINE
  5
2CD
330
1B
100
AcDbEntity
  8
F.Silkscreen
  6
CONTINUOUS
100
AcDbLine
 10
57.3333329999999961
 20
-71.8067119999999903
 30
0
 11
57.3714279999999945
 21
-71.8829020000000014
 31
0
  0
LINE
  5
2CE
330
1B
100
AcDbEntity
  8
F.Silkscreen
  6
CONTINUOUS
100
AcDbLine
 10
57.3714279999999945
 20
-71.8829020000000014
 30
0
 11
57.3714279999999945
 21
-72.1114740000000012
 31
0
  0
LINE
  5
2CF
330
1B
100
AcDbEntity
  8
F.Silkscreen
  6
CONTINUOUS
100
AcDbLine
 10
57.3714279999999945
 20
-72.1114740000000012
 30
0
 11
57.3333329999999961
 21
-72.1876639999999981
 31
0
  0
LINE
  5
2D0
330
1B
100
AcDbEntity
  8
F.Silkscreen
  6
CONTINUOUS
100
AcDbLine
 10
57.3333329999999961
 20
-72.1876639999999981
 30
0
 11
57.2952379999999977
 21
-72.225759999999994
 31
0
  0
LINE
  5
2D1
330
1B
100
AcDbEntity
  8
F.Silkscreen
  6
CONTINUOUS
100
AcDbLine
 10
57.2952379999999977
 20
-72.225759999999994
 30
0
 11
57.2190469999999962
 21
-72.2638549999999924
 31
0
  0
LINE
  5
2D2
330
1B
100
AcDbEntity
  8
F.Silkscreen
  6
CONTINUOUS
100
AcDbLine
 10
57.2190469999999962
 20
-72.2638549999999924
 30
0
 11
57.0666659999999979
 21
-72.2638549999999924
 31
0
  0
LINE
  5
2D3
330
1B
100
AcDbEntity
  8
F.Silkscreen
  6
CONTINUOUS
100
AcDbLine
 10
57.0666659999999979
 20
-72.2638549999999924
 30
0
 11
56.9904759999999939
 21
-72.225759999999994
 31
0
  0
LINE
  5
2D4
330
1B
100
AcDbEntity
  8
F.Silkscreen
  6
CONTINUOUS
100
AcDbLine
 10
109.5904749999999979
 20
-58.4638549999999952
 30
0
 11
109.7809510000000017
 21
-59.2638549999999995
 31
0
  0
LINE
  5
2D5
330
1B
100
AcDbEntity
  8
F.Silkscreen
  6
CONTINUOUS
100
AcDbLine
 10
109.7809510000000017
 20
-59.2638549999999995
 30
0
 11
109.9333319999999929
 21
-58.6924259999999975
 31
0
  0
LINE
  5
2D6
330
1B
100
AcDbEntity
  8
F.Silkscreen
  6
CONTINUOUS
100
AcDbLine
 10
109.9333319999999929
 20
-58.6924259999999975
 30
0
 11
110.0857129999999984
 21
-59.2638549999999995
 31
0
  0
LINE
  5
2D7
330
1B
100
AcDbEntity
  8
F.Silkscreen
  6
CONTINUOUS
100
AcDbLine
 10
110.0857129999999984
 20
-59.2638549999999995
 30
0
 11
110.2761899999999997
 21
-58.4638549999999952
 31
0
  0
LINE
  5
2D8
330
1B
100
AcDbEntity
  8
F.Silkscreen
  6
CONTINUOUS
100
AcDbLine
 10
110.9619039999999899
 20
-59.2638549999999995
 30
0
 11
110.5809519999999964
 21
-59.2638549999999995
 31
0
  0
LINE
  5
2D9
330
1B
100
AcDbEntity
  8
F.Silkscreen
  6
CONTINUOUS
100
AcDbLine
 10
110.5809519999999964
 20
-59.2638549999999995
 30
0
 11
110.5809519999999964
 21
-58.4638549999999952
 31
0
  0
LINE
  5
2DA
330
1B
100
AcDbEntity
  8
F.Silkscreen
  6
CONTINUOUS
100
AcDbLine
 10
111.6095229999999958
 20
-58.4638549999999952
 30
0
 11
111.2285709999999881
 21
-58.4638549999999952
 31
0
  0
LINE
  5
2DB
330
1B
100
AcDbEntity
  8
F.Silkscreen
  6
CONTINUOUS
100
AcDbLine
 10
111.2285709999999881
 20
-58.4638549999999952
 30
0
 11
111.1904749999999922
 21
-58.8448069999999959
 31
0
  0
LINE
  5
2DC
330
1B
100
AcDbEntity
  8
F.Silkscreen
  6
CONTINUOUS
100
AcDbLine
 10
111.1904749999999922
 20
-58.8448069999999959
 30
0
 11
111.2285709999999881
 21
-58.8067119999999974
 31
0
  0
LINE
  5
2DD
330
1B
100
AcDbEntity
  8
F.Silkscreen
  6
CONTINUOUS
100
AcDbLine
 10
111.2285709999999881
 20
-58.8067119999999974
 30
0
 11
111.3047609999999992
 21
-58.768616999999999
 31
0
  0
LINE
  5
2DE
330
1B
100
AcDbEntity
  8
F.Silkscreen
  6
CONTINUOUS
100
AcDbLine
 10
111.3047609999999992
 20
-58.768616999999999
 30
0
 11
111.4952369999999888
 21
-58.768616999999999
 31
0
  0
LINE
  5
2DF
330
1B
100
AcDbEntity
  8
F.Silkscreen
  6
CONTINUOUS
100
AcDbLine
 10
111.4952369999999888
 20
-58.768616999999999
 30
0
 11
111.5714279999999974
 21
-58.8067119999999974
 31
0
  0
LINE
  5
2E0
330
1B
100
AcDbEntity
  8
F.Silkscreen
  6
CONTINUOUS
100
AcDbLine
 10
111.5714279999999974
 20
-58.8067119999999974
 30
0
 11
111.6095229999999958
 21
-58.8448069999999959
 31
0
  0
LINE
  5
2E1
330
1B
100
AcDbEntity
  8
F.Silkscreen
  6
CONTINUOUS
100
AcDbLine
 10
111.6095229999999958
 20
-58.8448069999999959
 30
0
 11
111.6476179999999943
 21
-58.9209979999999973
 31
0
  0
LINE
  5
2E2
330
1B
100
AcDbEntity
  8
F.Silkscreen
  6
CONTINUOUS
100
AcDbLine
 10
111.6476179999999943
 20
-58.9209979999999973
 30
0
 11
111.6476179999999943
 21
-59.1114739999999941
 31
0
  0
LINE
  5
2E3
330
1B
100
AcDbEntity
  8
F.Silkscreen
  6
CONTINUOUS
100
AcDbLine
 10
111.6476179999999943
 20
-59.1114739999999941
 30
0
 11
111.6095229999999958
 21
-59.1876639999999981
 31
0
  0
LINE
  5
2E4
330
1B
100
AcDbEntity
  8
F.Silkscreen
  6
CONTINUOUS
100
AcDbLine
 10
111.6095229999999958
 20
-59.1876639999999981
 30
0
 11
111.5714279999999974
 21
-59.225759999999994
 31
0
  0
LINE
  5
2E5
330
1B
100
AcDbEntity
  8
F.Silkscreen
  6
CONTINUOUS
100
AcDbLine
 10
111.5714279999999974
 20
-59.225759999999994
 30
0
 11
111.4952369999999888
 21
-59.2638549999999995
 31
0
  0
LINE
  5
2E6
330
1B
100
AcDbEntity
  8
F.Silkscreen
  6
CONTINUOUS
100
AcDbLine
 10
111.4952369999999888
 20
-59.2638549999999995
 30
0
 11
111.3047609999999992
 21
-59.2638549999999995
 31
0
  0
LINE
  5
2E7
330
1B
100
AcDbEntity
  8
F.Silkscreen
  6
CONTINUOUS
100
AcDbLine
 10
111.3047609999999992
 20
-59.2638549999999995
 30
0
 11
111.2285709999999881
 21
-59.225759999999994
 31
0
  0
LINE
  5
2E8
330
1B
100
AcDbEntity
  8
F.Silkscreen
  6
CONTINUOUS
100
AcDbLine
 10
111.2285709999999881
 20
-59.225759999999994
 30
0
 11
111.1904749999999922
 21
-59.1876639999999981
 31
0
  0
LINE
  5
2E9
330
1B
100
AcDbEntity
  8
F.Silkscreen
  6
CONTINUOUS
100
AcDbLine
 10
111.990476000000001
 20
-59.2638549999999995
 30
0
 11
111.990476000000001
 21
-58.4638549999999952
 31
0
  0
LINE
  5
2EA
330
1B
100
AcDbEntity
  8
F.Silkscreen
  6
CONTINUOUS
100
AcDbLine
 10
111.990476000000001
 20
-58.768616999999999
 30
0
 11
112.0666659999999979
 21
-58.730520999999996
 31
0
  0
LINE
  5
2EB
330
1B
100
AcDbEntity
  8
F.Silkscreen
  6
CONTINUOUS
100
AcDbLine
 10
112.0666659999999979
 20
-58.730520999999996
 30
0
 11
112.2190469999999891
 21
-58.730520999999996
 31
0
  0
LINE
  5
2EC
330
1B
100
AcDbEntity
  8
F.Silkscreen
  6
CONTINUOUS
100
AcDbLine
 10
112.2190469999999891
 20
-58.730520999999996
 30
0
 11
112.2952379999999977
 21
-58.768616999999999
 31
0
  0
LINE
  5
2ED
330
1B
100
AcDbEntity
  8
F.Silkscreen
  6
CONTINUOUS
100
AcDbLine
 10
112.2952379999999977
 20
-58.768616999999999
 30
0
 11
112.3333329999999961
 21
-58.8067119999999974
 31
0
  0
LINE
  5
2EE
330
1B
100
AcDbEntity
  8
F.Silkscreen
  6
CONTINUOUS
100
AcDbLine
 10
112.3333329999999961
 20
-58.8067119999999974
 30
0
 11
112.3714279999999945
 21
-58.8829019999999943
 31
0
  0
LINE
  5
2EF
330
1B
100
AcDbEntity
  8
F.Silkscreen
  6
CONTINUOUS
100
AcDbLine
 10
112.3714279999999945
 20
-58.8829019999999943
 30
0
 11
112.3714279999999945
 21
-59.1114739999999941
 31
0
  0
LINE
  5
2F0
330
1B
100
AcDbEntity
  8
F.Silkscreen
  6
CONTINUOUS
100
AcDbLine
 10
112.3714279999999945
 20
-59.1114739999999941
 30
0
 11
112.3333329999999961
 21
-59.1876639999999981
 31
0
  0
LINE
  5
2F1
330
1B
100
AcDbEntity
  8
F.Silkscreen
  6
CONTINUOUS
100
AcDbLine
 10
112.3333329999999961
 20
-59.1876639999999981
 30
0
 11
112.2952379999999977
 21
-59.225759999999994
 31
0
  0
LINE
  5
2F2
330
1B
100
AcDbEntity
  8
F.Silkscreen
  6
CONTINUOUS
100
AcDbLine
 10
112.2952379999999977
 20
-59.225759999999994
 30
0
 11
112.2190469999999891
 21
-59.2638549999999995
 31
0
  0
LINE
  5
2F3
330
1B
100
AcDbEntity
  8
F.Silkscreen
  6
CONTINUOUS
100
AcDbLine
 10
112.2190469999999891
 20
-59.2638549999999995
 30
0
 11
112.0666659999999979
 21
-59.2638549999999995
 31
0
  0
LINE
  5
2F4
330
1B
100
AcDbEntity
  8
F.Silkscreen
  6
CONTINUOUS
100
AcDbLine
 10
112.0666659999999979
 20
-59.2638549999999995
 30
0
 11
111.990476000000001
 21
-59.225759999999994
 31
0
  0
LINE
  5
2F5
330
1B
100
AcDbEntity
  8
F.Silkscreen
  6
CONTINUOUS
100
AcDbLine
 10
70.2773189999999914
 20
-77.0333329999999989
 30
0
 11
70.9916039999999953
 21
-77.0333329999999989
 31
0
  0
LINE
  5
2F6
330
1B
100
AcDbEntity
  8
F.Silkscreen
  6
CONTINUOUS
100
AcDbLine
 10
70.9916039999999953
 20
-77.0333329999999989
 30
0
 11
71.1344610000000017
 21
-77.0809519999999964
 31
0
  0
LINE
  5
2F7
330
1B
100
AcDbEntity
  8
F.Silkscreen
  6
CONTINUOUS
100
AcDbLine
 10
71.1344610000000017
 20
-77.0809519999999964
 30
0
 11
71.229699999999994
 21
-77.1761899999999912
 31
0
  0
LINE
  5
2F8
330
1B
100
AcDbEntity
  8
F.Silkscreen
  6
CONTINUOUS
100
AcDbLine
 10
71.229699999999994
 20
-77.1761899999999912
 30
0
 11
71.2773189999999914
 21
-77.3190469999999976
 31
0
  0
LINE
  5
2F9
330
1B
100
AcDbEntity
  8
F.Silkscreen
  6
CONTINUOUS
100
AcDbLine
 10
71.2773189999999914
 20
-77.3190469999999976
 30
0
 11
71.2773189999999914
 21
-77.4142849999999925
 31
0
  0
LINE
  5
2FA
330
1B
100
AcDbEntity
  8
F.Silkscreen
  6
CONTINUOUS
100
AcDbLine
 10
71.2773189999999914
 20
-76.0333329999999989
 30
0
 11
71.2773189999999914
 21
-76.6047609999999963
 31
0
  0
LINE
  5
2FB
330
1B
100
AcDbEntity
  8
F.Silkscreen
  6
CONTINUOUS
100
AcDbLine
 10
71.2773189999999914
 20
-76.3190469999999976
 30
0
 11
70.2773189999999914
 21
-76.3190469999999976
 31
0
  0
LINE
  5
2FC
330
1B
100
AcDbEntity
  8
F.Silkscreen
  6
CONTINUOUS
100
AcDbLine
 10
70.2773189999999914
 20
-76.3190469999999976
 30
0
 11
70.4201759999999979
 21
-76.4142849999999925
 31
0
  0
LINE
  5
2FD
330
1B
100
AcDbEntity
  8
F.Silkscreen
  6
CONTINUOUS
100
AcDbLine
 10
70.4201759999999979
 20
-76.4142849999999925
 30
0
 11
70.5154139999999927
 21
-76.5095230000000015
 31
0
  0
LINE
  5
2FE
330
1B
100
AcDbEntity
  8
F.Silkscreen
  6
CONTINUOUS
100
AcDbLine
 10
70.5154139999999927
 20
-76.5095230000000015
 30
0
 11
70.5630329999999901
 21
-76.6047609999999963
 31
0
  0
LINE
  5
2FF
330
1B
100
AcDbEntity
  8
F.Silkscreen
  6
CONTINUOUS
100
AcDbLine
 10
39.3471419999999981
 20
-38.4995800000000017
 30
0
 11
39.2995230000000006
 21
-38.5471999999999966
 31
0
  0
LINE
  5
300
330
1B
100
AcDbEntity
  8
F.Silkscreen
  6
CONTINUOUS
100
AcDbLine
 10
39.2995230000000006
 20
-38.5471999999999966
 30
0
 11
39.1566660000000013
 21
-38.5948190000000011
 31
0
  0
LINE
  5
301
330
1B
100
AcDbEntity
  8
F.Silkscreen
  6
CONTINUOUS
100
AcDbLine
 10
39.1566660000000013
 20
-38.5948190000000011
 30
0
 11
39.0614279999999994
 21
-38.5948190000000011
 31
0
  0
LINE
  5
302
330
1B
100
AcDbEntity
  8
F.Silkscreen
  6
CONTINUOUS
100
AcDbLine
 10
39.0614279999999994
 20
-38.5948190000000011
 30
0
 11
38.918571
 21
-38.5471999999999966
 31
0
  0
LINE
  5
303
330
1B
100
AcDbEntity
  8
F.Silkscreen
  6
CONTINUOUS
100
AcDbLine
 10
38.918571
 20
-38.5471999999999966
 30
0
 11
38.8233329999999981
 21
-38.4519609999999972
 31
0
  0
LINE
  5
304
330
1B
100
AcDbEntity
  8
F.Silkscreen
  6
CONTINUOUS
100
AcDbLine
 10
38.8233329999999981
 20
-38.4519609999999972
 30
0
 11
38.7757140000000007
 21
-38.3567229999999952
 31
0
  0
LINE
  5
305
330
1B
100
AcDbEntity
  8
F.Silkscreen
  6
CONTINUOUS
100
AcDbLine
 10
38.7757140000000007
 20
-38.3567229999999952
 30
0
 11
38.7280949999999962
 21
-38.1662469999999985
 31
0
  0
LINE
  5
306
330
1B
100
AcDbEntity
  8
F.Silkscreen
  6
CONTINUOUS
100
AcDbLine
 10
38.7280949999999962
 20
-38.1662469999999985
 30
0
 11
38.7280949999999962
 21
-38.0233899999999991
 31
0
  0
LINE
  5
307
330
1B
100
AcDbEntity
  8
F.Silkscreen
  6
CONTINUOUS
100
AcDbLine
 10
38.7280949999999962
 20
-38.0233899999999991
 30
0
 11
38.7757140000000007
 21
-37.8329139999999953
 31
0
  0
LINE
  5
308
330
1B
100
AcDbEntity
  8
F.Silkscreen
  6
CONTINUOUS
100
AcDbLine
 10
38.7757140000000007
 20
-37.8329139999999953
 30
0
 11
38.8233329999999981
 21
-37.7376760000000004
 31
0
  0
LINE
  5
309
330
1B
100
AcDbEntity
  8
F.Silkscreen
  6
CONTINUOUS
100
AcDbLine
 10
38.8233329999999981
 20
-37.7376760000000004
 30
0
 11
38.918571
 21
-37.6424379999999985
 31
0
  0
LINE
  5
30A
330
1B
100
AcDbEntity
  8
F.Silkscreen
  6
CONTINUOUS
100
AcDbLine
 10
38.918571
 20
-37.6424379999999985
 30
0
 11
39.0614279999999994
 21
-37.5948190000000011
 31
0
  0
LINE
  5
30B
330
1B
100
AcDbEntity
  8
F.Silkscreen
  6
CONTINUOUS
100
AcDbLine
 10
39.0614279999999994
 20
-37.5948190000000011
 30
0
 11
39.1566660000000013
 21
-37.5948190000000011
 31
0
  0
LINE
  5
30C
330
1B
100
AcDbEntity
  8
F.Silkscreen
  6
CONTINUOUS
100
AcDbLine
 10
39.1566660000000013
 20
-37.5948190000000011
 30
0
 11
39.2995230000000006
 21
-37.6424379999999985
 31
0
  0
LINE
  5
30D
330
1B
100
AcDbEntity
  8
F.Silkscreen
  6
CONTINUOUS
100
AcDbLine
 10
39.2995230000000006
 20
-37.6424379999999985
 30
0
 11
39.3471419999999981
 21
-37.6900569999999959
 31
0
  0
LINE
  5
30E
330
1B
100
AcDbEntity
  8
F.Silkscreen
  6
CONTINUOUS
100
AcDbLine
 10
40.2995230000000006
 20
-38.5948190000000011
 30
0
 11
39.7280949999999962
 21
-38.5948190000000011
 31
0
  0
LINE
  5
30F
330
1B
100
AcDbEntity
  8
F.Silkscreen
  6
CONTINUOUS
100
AcDbLine
 10
40.0138089999999949
 20
-38.5948190000000011
 30
0
 11
40.0138089999999949
 21
-37.5948190000000011
 31
0
  0
LINE
  5
310
330
1B
100
AcDbEntity
  8
F.Silkscreen
  6
CONTINUOUS
100
AcDbLine
 10
40.0138089999999949
 20
-37.5948190000000011
 30
0
 11
39.918571
 21
-37.7376760000000004
 31
0
  0
LINE
  5
311
330
1B
100
AcDbEntity
  8
F.Silkscreen
  6
CONTINUOUS
100
AcDbLine
 10
39.918571
 20
-37.7376760000000004
 30
0
 11
39.8233329999999981
 21
-37.8329139999999953
 31
0
  0
LINE
  5
312
330
1B
100
AcDbEntity
  8
F.Silkscreen
  6
CONTINUOUS
100
AcDbLine
 10
39.8233329999999981
 20
-37.8329139999999953
 30
0
 11
39.7280949999999962
 21
-37.8805329999999998
 31
0
  0
LINE
  5
313
330
1B
100
AcDbEntity
  8
F.Silkscreen
  6
CONTINUOUS
100
AcDbLine
 10
40.6328570000000013
 20
-37.5948190000000011
 30
0
 11
41.2519039999999961
 21
-37.5948190000000011
 31
0
  0
LINE
  5
314
330
1B
100
AcDbEntity
  8
F.Silkscreen
  6
CONTINUOUS
100
AcDbLine
 10
41.2519039999999961
 20
-37.5948190000000011
 30
0
 11
40.918571
 21
-37.9757710000000017
 31
0
  0
LINE
  5
315
330
1B
100
AcDbEntity
  8
F.Silkscreen
  6
CONTINUOUS
100
AcDbLine
 10
40.918571
 20
-37.9757710000000017
 30
0
 11
41.0614279999999994
 21
-37.9757710000000017
 31
0
  0
LINE
  5
316
330
1B
100
AcDbEntity
  8
F.Silkscreen
  6
CONTINUOUS
100
AcDbLine
 10
41.0614279999999994
 20
-37.9757710000000017
 30
0
 11
41.1566660000000013
 21
-38.0233899999999991
 31
0
  0
LINE
  5
317
330
1B
100
AcDbEntity
  8
F.Silkscreen
  6
CONTINUOUS
100
AcDbLine
 10
41.1566660000000013
 20
-38.0233899999999991
 30
0
 11
41.2042849999999987
 21
-38.0710089999999965
 31
0
  0
LINE
  5
318
330
1B
100
AcDbEntity
  8
F.Silkscreen
  6
CONTINUOUS
100
AcDbLine
 10
41.2042849999999987
 20
-38.0710089999999965
 30
0
 11
41.2519039999999961
 21
-38.1662469999999985
 31
0
  0
LINE
  5
319
330
1B
100
AcDbEntity
  8
F.Silkscreen
  6
CONTINUOUS
100
AcDbLine
 10
41.2519039999999961
 20
-38.1662469999999985
 30
0
 11
41.2519039999999961
 21
-38.4043419999999998
 31
0
  0
LINE
  5
31A
330
1B
100
AcDbEntity
  8
F.Silkscreen
  6
CONTINUOUS
100
AcDbLine
 10
41.2519039999999961
 20
-38.4043419999999998
 30
0
 11
41.2042849999999987
 21
-38.4995800000000017
 31
0
  0
LINE
  5
31B
330
1B
100
AcDbEntity
  8
F.Silkscreen
  6
CONTINUOUS
100
AcDbLine
 10
41.2042849999999987
 20
-38.4995800000000017
 30
0
 11
41.1566660000000013
 21
-38.5471999999999966
 31
0
  0
LINE
  5
31C
330
1B
100
AcDbEntity
  8
F.Silkscreen
  6
CONTINUOUS
100
AcDbLine
 10
41.1566660000000013
 20
-38.5471999999999966
 30
0
 11
41.0614279999999994
 21
-38.5948190000000011
 31
0
  0
LINE
  5
31D
330
1B
100
AcDbEntity
  8
F.Silkscreen
  6
CONTINUOUS
100
AcDbLine
 10
41.0614279999999994
 20
-38.5948190000000011
 30
0
 11
40.7757140000000007
 21
-38.5948190000000011
 31
0
  0
LINE
  5
31E
330
1B
100
AcDbEntity
  8
F.Silkscreen
  6
CONTINUOUS
100
AcDbLine
 10
40.7757140000000007
 20
-38.5948190000000011
 30
0
 11
40.6804759999999987
 21
-38.5471999999999966
 31
0
  0
LINE
  5
31F
330
1B
100
AcDbEntity
  8
F.Silkscreen
  6
CONTINUOUS
100
AcDbLine
 10
40.6804759999999987
 20
-38.5471999999999966
 30
0
 11
40.6328570000000013
 21
-38.4995800000000017
 31
0
  0
LINE
  5
320
330
1B
100
AcDbEntity
  8
F.Silkscreen
  6
CONTINUOUS
100
AcDbLine
 10
85.0904749999999979
 20
-50.4638549999999952
 30
0
 11
85.2809510000000017
 21
-51.2638549999999995
 31
0
  0
LINE
  5
321
330
1B
100
AcDbEntity
  8
F.Silkscreen
  6
CONTINUOUS
100
AcDbLine
 10
85.2809510000000017
 20
-51.2638549999999995
 30
0
 11
85.4333319999999929
 21
-50.6924259999999975
 31
0
  0
LINE
  5
322
330
1B
100
AcDbEntity
  8
F.Silkscreen
  6
CONTINUOUS
100
AcDbLine
 10
85.4333319999999929
 20
-50.6924259999999975
 30
0
 11
85.5857129999999984
 21
-51.2638549999999995
 31
0
  0
LINE
  5
323
330
1B
100
AcDbEntity
  8
F.Silkscreen
  6
CONTINUOUS
100
AcDbLine
 10
85.5857129999999984
 20
-51.2638549999999995
 30
0
 11
85.7761899999999997
 21
-50.4638549999999952
 31
0
  0
LINE
  5
324
330
1B
100
AcDbEntity
  8
F.Silkscreen
  6
CONTINUOUS
100
AcDbLine
 10
86.4619039999999899
 20
-51.2638549999999995
 30
0
 11
86.0809519999999964
 21
-51.2638549999999995
 31
0
  0
LINE
  5
325
330
1B
100
AcDbEntity
  8
F.Silkscreen
  6
CONTINUOUS
100
AcDbLine
 10
86.0809519999999964
 20
-51.2638549999999995
 30
0
 11
86.0809519999999964
 21
-50.4638549999999952
 31
0
  0
LINE
  5
326
330
1B
100
AcDbEntity
  8
F.Silkscreen
  6
CONTINUOUS
100
AcDbLine
 10
87.1095229999999958
 20
-50.4638549999999952
 30
0
 11
86.7285710000000023
 21
-50.4638549999999952
 31
0
  0
LINE
  5
327
330
1B
100
AcDbEntity
  8
F.Silkscreen
  6
CONTINUOUS
100
AcDbLine
 10
86.7285710000000023
 20
-50.4638549999999952
 30
0
 11
86.6904749999999922
 21
-50.8448069999999959
 31
0
  0
LINE
  5
328
330
1B
100
AcDbEntity
  8
F.Silkscreen
  6
CONTINUOUS
100
AcDbLine
 10
86.6904749999999922
 20
-50.8448069999999959
 30
0
 11
86.7285710000000023
 21
-50.8067119999999974
 31
0
  0
LINE
  5
329
330
1B
100
AcDbEntity
  8
F.Silkscreen
  6
CONTINUOUS
100
AcDbLine
 10
86.7285710000000023
 20
-50.8067119999999974
 30
0
 11
86.8047609999999992
 21
-50.768616999999999
 31
0
  0
LINE
  5
32A
330
1B
100
AcDbEntity
  8
F.Silkscreen
  6
CONTINUOUS
100
AcDbLine
 10
86.8047609999999992
 20
-50.768616999999999
 30
0
 11
86.995237000000003
 21
-50.768616999999999
 31
0
  0
LINE
  5
32B
330
1B
100
AcDbEntity
  8
F.Silkscreen
  6
CONTINUOUS
100
AcDbLine
 10
86.995237000000003
 20
-50.768616999999999
 30
0
 11
87.0714279999999974
 21
-50.8067119999999974
 31
0
  0
LINE
  5
32C
330
1B
100
AcDbEntity
  8
F.Silkscreen
  6
CONTINUOUS
100
AcDbLine
 10
87.0714279999999974
 20
-50.8067119999999974
 30
0
 11
87.1095229999999958
 21
-50.8448069999999959
 31
0
  0
LINE
  5
32D
330
1B
100
AcDbEntity
  8
F.Silkscreen
  6
CONTINUOUS
100
AcDbLine
 10
87.1095229999999958
 20
-50.8448069999999959
 30
0
 11
87.1476179999999943
 21
-50.9209979999999973
 31
0
  0
LINE
  5
32E
330
1B
100
AcDbEntity
  8
F.Silkscreen
  6
CONTINUOUS
100
AcDbLine
 10
87.1476179999999943
 20
-50.9209979999999973
 30
0
 11
87.1476179999999943
 21
-51.1114740000000012
 31
0
  0
LINE
  5
32F
330
1B
100
AcDbEntity
  8
F.Silkscreen
  6
CONTINUOUS
100
AcDbLine
 10
87.1476179999999943
 20
-51.1114740000000012
 30
0
 11
87.1095229999999958
 21
-51.1876639999999981
 31
0
  0
LINE
  5
330
330
1B
100
AcDbEntity
  8
F.Silkscreen
  6
CONTINUOUS
100
AcDbLine
 10
87.1095229999999958
 20
-51.1876639999999981
 30
0
 11
87.0714279999999974
 21
-51.2257600000000011
 31
0
  0
LINE
  5
331
330
1B
100
AcDbEntity
  8
F.Silkscreen
  6
CONTINUOUS
100
AcDbLine
 10
87.0714279999999974
 20
-51.2257600000000011
 30
0
 11
86.995237000000003
 21
-51.2638549999999995
 31
0
  0
LINE
  5
332
330
1B
100
AcDbEntity
  8
F.Silkscreen
  6
CONTINUOUS
100
AcDbLine
 10
86.995237000000003
 20
-51.2638549999999995
 30
0
 11
86.8047609999999992
 21
-51.2638549999999995
 31
0
  0
LINE
  5
333
330
1B
100
AcDbEntity
  8
F.Silkscreen
  6
CONTINUOUS
100
AcDbLine
 10
86.8047609999999992
 20
-51.2638549999999995
 30
0
 11
86.7285710000000023
 21
-51.2257600000000011
 31
0
  0
LINE
  5
334
330
1B
100
AcDbEntity
  8
F.Silkscreen
  6
CONTINUOUS
100
AcDbLine
 10
86.7285710000000023
 20
-51.2257600000000011
 30
0
 11
86.6904749999999922
 21
-51.1876639999999981
 31
0
  0
LINE
  5
335
330
1B
100
AcDbEntity
  8
F.Silkscreen
  6
CONTINUOUS
100
AcDbLine
 10
87.8333329999999961
 20
-51.2638549999999995
 30
0
 11
87.8333329999999961
 21
-50.8448069999999959
 31
0
  0
LINE
  5
336
330
1B
100
AcDbEntity
  8
F.Silkscreen
  6
CONTINUOUS
100
AcDbLine
 10
87.8333329999999961
 20
-50.8448069999999959
 30
0
 11
87.7952379999999977
 21
-50.768616999999999
 31
0
  0
LINE
  5
337
330
1B
100
AcDbEntity
  8
F.Silkscreen
  6
CONTINUOUS
100
AcDbLine
 10
87.7952379999999977
 20
-50.768616999999999
 30
0
 11
87.7190469999999891
 21
-50.730520999999996
 31
0
  0
LINE
  5
338
330
1B
100
AcDbEntity
  8
F.Silkscreen
  6
CONTINUOUS
100
AcDbLine
 10
87.7190469999999891
 20
-50.730520999999996
 30
0
 11
87.5666659999999979
 21
-50.730520999999996
 31
0
  0
LINE
  5
339
330
1B
100
AcDbEntity
  8
F.Silkscreen
  6
CONTINUOUS
100
AcDbLine
 10
87.5666659999999979
 20
-50.730520999999996
 30
0
 11
87.490476000000001
 21
-50.768616999999999
 31
0
  0
LINE
  5
33A
330
1B
100
AcDbEntity
  8
F.Silkscreen
  6
CONTINUOUS
100
AcDbLine
 10
87.8333329999999961
 20
-51.2257600000000011
 30
0
 11
87.7571420000000018
 21
-51.2638549999999995
 31
0
  0
LINE
  5
33B
330
1B
100
AcDbEntity
  8
F.Silkscreen
  6
CONTINUOUS
100
AcDbLine
 10
87.7571420000000018
 20
-51.2638549999999995
 30
0
 11
87.5666659999999979
 21
-51.2638549999999995
 31
0
  0
LINE
  5
33C
330
1B
100
AcDbEntity
  8
F.Silkscreen
  6
CONTINUOUS
100
AcDbLine
 10
87.5666659999999979
 20
-51.2638549999999995
 30
0
 11
87.490476000000001
 21
-51.2257600000000011
 31
0
  0
LINE
  5
33D
330
1B
100
AcDbEntity
  8
F.Silkscreen
  6
CONTINUOUS
100
AcDbLine
 10
87.490476000000001
 20
-51.2257600000000011
 30
0
 11
87.4523799999999909
 21
-51.1495689999999996
 31
0
  0
LINE
  5
33E
330
1B
100
AcDbEntity
  8
F.Silkscreen
  6
CONTINUOUS
100
AcDbLine
 10
87.4523799999999909
 20
-51.1495689999999996
 30
0
 11
87.4523799999999909
 21
-51.0733789999999956
 31
0
  0
LINE
  5
33F
330
1B
100
AcDbEntity
  8
F.Silkscreen
  6
CONTINUOUS
100
AcDbLine
 10
87.4523799999999909
 20
-51.0733789999999956
 30
0
 11
87.490476000000001
 21
-50.9971879999999942
 31
0
  0
LINE
  5
340
330
1B
100
AcDbEntity
  8
F.Silkscreen
  6
CONTINUOUS
100
AcDbLine
 10
87.490476000000001
 20
-50.9971879999999942
 30
0
 11
87.5666659999999979
 21
-50.9590929999999958
 31
0
  0
LINE
  5
341
330
1B
100
AcDbEntity
  8
F.Silkscreen
  6
CONTINUOUS
100
AcDbLine
 10
87.5666659999999979
 20
-50.9590929999999958
 30
0
 11
87.7571420000000018
 21
-50.9590929999999958
 31
0
  0
LINE
  5
342
330
1B
100
AcDbEntity
  8
F.Silkscreen
  6
CONTINUOUS
100
AcDbLine
 10
87.7571420000000018
 20
-50.9590929999999958
 30
0
 11
87.8333329999999961
 21
-50.9209979999999973
 31
0
  0
LINE
  5
343
330
1B
100
AcDbEntity
  8
F.Silkscreen
  6
CONTINUOUS
100
AcDbLine
 10
50.668095000000001
 20
-28.8748189999999987
 30
0
 11
50.668095000000001
 21
-29.6843419999999973
 31
0
  0
LINE
  5
344
330
1B
100
AcDbEntity
  8
F.Silkscreen
  6
CONTINUOUS
100
AcDbLine
 10
50.668095000000001
 20
-29.6843419999999973
 30
0
 11
50.7157139999999984
 21
-29.7795799999999993
 31
0
  0
LINE
  5
345
330
1B
100
AcDbEntity
  8
F.Silkscreen
  6
CONTINUOUS
100
AcDbLine
 10
50.7157139999999984
 20
-29.7795799999999993
 30
0
 11
50.7633329999999958
 21
-29.8271999999999977
 31
0
  0
LINE
  5
346
330
1B
100
AcDbEntity
  8
F.Silkscreen
  6
CONTINUOUS
100
AcDbLine
 10
50.7633329999999958
 20
-29.8271999999999977
 30
0
 11
50.8585709999999978
 21
-29.8748189999999987
 31
0
  0
LINE
  5
347
330
1B
100
AcDbEntity
  8
F.Silkscreen
  6
CONTINUOUS
100
AcDbLine
 10
50.8585709999999978
 20
-29.8748189999999987
 30
0
 11
51.0490469999999945
 21
-29.8748189999999987
 31
0
  0
LINE
  5
348
330
1B
100
AcDbEntity
  8
F.Silkscreen
  6
CONTINUOUS
100
AcDbLine
 10
51.0490469999999945
 20
-29.8748189999999987
 30
0
 11
51.1442849999999964
 21
-29.8271999999999977
 31
0
  0
LINE
  5
349
330
1B
100
AcDbEntity
  8
F.Silkscreen
  6
CONTINUOUS
100
AcDbLine
 10
51.1442849999999964
 20
-29.8271999999999977
 30
0
 11
51.191904000000001
 21
-29.7795799999999993
 31
0
  0
LINE
  5
34A
330
1B
100
AcDbEntity
  8
F.Silkscreen
  6
CONTINUOUS
100
AcDbLine
 10
51.191904000000001
 20
-29.7795799999999993
 30
0
 11
51.2395229999999984
 21
-29.6843419999999973
 31
0
  0
LINE
  5
34B
330
1B
100
AcDbEntity
  8
F.Silkscreen
  6
CONTINUOUS
100
AcDbLine
 10
51.2395229999999984
 20
-29.6843419999999973
 30
0
 11
51.2395229999999984
 21
-28.8748189999999987
 31
0
  0
LINE
  5
34C
330
1B
100
AcDbEntity
  8
F.Silkscreen
  6
CONTINUOUS
100
AcDbLine
 10
52.1442849999999964
 20
-28.8748189999999987
 30
0
 11
51.9538089999999997
 21
-28.8748189999999987
 31
0
  0
LINE
  5
34D
330
1B
100
AcDbEntity
  8
F.Silkscreen
  6
CONTINUOUS
100
AcDbLine
 10
51.9538089999999997
 20
-28.8748189999999987
 30
0
 11
51.8585709999999978
 21
-28.9224379999999996
 31
0
  0
LINE
  5
34E
330
1B
100
AcDbEntity
  8
F.Silkscreen
  6
CONTINUOUS
100
AcDbLine
 10
51.8585709999999978
 20
-28.9224379999999996
 30
0
 11
51.8109520000000003
 21
-28.9700569999999971
 31
0
  0
LINE
  5
34F
330
1B
100
AcDbEntity
  8
F.Silkscreen
  6
CONTINUOUS
100
AcDbLine
 10
51.8109520000000003
 20
-28.9700569999999971
 30
0
 11
51.7157139999999984
 21
-29.112914
 31
0
  0
LINE
  5
350
330
1B
100
AcDbEntity
  8
F.Silkscreen
  6
CONTINUOUS
100
AcDbLine
 10
51.7157139999999984
 20
-29.112914
 30
0
 11
51.668095000000001
 21
-29.3033900000000003
 31
0
  0
LINE
  5
351
330
1B
100
AcDbEntity
  8
F.Silkscreen
  6
CONTINUOUS
100
AcDbLine
 10
51.668095000000001
 20
-29.3033900000000003
 30
0
 11
51.668095000000001
 21
-29.6843419999999973
 31
0
  0
LINE
  5
352
330
1B
100
AcDbEntity
  8
F.Silkscreen
  6
CONTINUOUS
100
AcDbLine
 10
51.668095000000001
 20
-29.6843419999999973
 30
0
 11
51.7157139999999984
 21
-29.7795799999999993
 31
0
  0
LINE
  5
353
330
1B
100
AcDbEntity
  8
F.Silkscreen
  6
CONTINUOUS
100
AcDbLine
 10
51.7157139999999984
 20
-29.7795799999999993
 30
0
 11
51.7633329999999958
 21
-29.8271999999999977
 31
0
  0
LINE
  5
354
330
1B
100
AcDbEntity
  8
F.Silkscreen
  6
CONTINUOUS
100
AcDbLine
 10
51.7633329999999958
 20
-29.8271999999999977
 30
0
 11
51.8585709999999978
 21
-29.8748189999999987
 31
0
  0
LINE
  5
355
330
1B
100
AcDbEntity
  8
F.Silkscreen
  6
CONTINUOUS
100
AcDbLine
 10
51.8585709999999978
 20
-29.8748189999999987
 30
0
 11
52.0490469999999945
 21
-29.8748189999999987
 31
0
  0
LINE
  5
356
330
1B
100
AcDbEntity
  8
F.Silkscreen
  6
CONTINUOUS
100
AcDbLine
 10
52.0490469999999945
 20
-29.8748189999999987
 30
0
 11
52.1442849999999964
 21
-29.8271999999999977
 31
0
  0
LINE
  5
357
330
1B
100
AcDbEntity
  8
F.Silkscreen
  6
CONTINUOUS
100
AcDbLine
 10
52.1442849999999964
 20
-29.8271999999999977
 30
0
 11
52.191904000000001
 21
-29.7795799999999993
 31
0
  0
LINE
  5
358
330
1B
100
AcDbEntity
  8
F.Silkscreen
  6
CONTINUOUS
100
AcDbLine
 10
52.191904000000001
 20
-29.7795799999999993
 30
0
 11
52.2395229999999984
 21
-29.6843419999999973
 31
0
  0
LINE
  5
359
330
1B
100
AcDbEntity
  8
F.Silkscreen
  6
CONTINUOUS
100
AcDbLine
 10
52.2395229999999984
 20
-29.6843419999999973
 30
0
 11
52.2395229999999984
 21
-29.4462469999999996
 31
0
  0
LINE
  5
35A
330
1B
100
AcDbEntity
  8
F.Silkscreen
  6
CONTINUOUS
100
AcDbLine
 10
52.2395229999999984
 20
-29.4462469999999996
 30
0
 11
52.191904000000001
 21
-29.3510089999999977
 31
0
  0
LINE
  5
35B
330
1B
100
AcDbEntity
  8
F.Silkscreen
  6
CONTINUOUS
100
AcDbLine
 10
52.191904000000001
 20
-29.3510089999999977
 30
0
 11
52.1442849999999964
 21
-29.3033900000000003
 31
0
  0
LINE
  5
35C
330
1B
100
AcDbEntity
  8
F.Silkscreen
  6
CONTINUOUS
100
AcDbLine
 10
52.1442849999999964
 20
-29.3033900000000003
 30
0
 11
52.0490469999999945
 21
-29.2557709999999993
 31
0
  0
LINE
  5
35D
330
1B
100
AcDbEntity
  8
F.Silkscreen
  6
CONTINUOUS
100
AcDbLine
 10
52.0490469999999945
 20
-29.2557709999999993
 30
0
 11
51.8585709999999978
 21
-29.2557709999999993
 31
0
  0
LINE
  5
35E
330
1B
100
AcDbEntity
  8
F.Silkscreen
  6
CONTINUOUS
100
AcDbLine
 10
51.8585709999999978
 20
-29.2557709999999993
 30
0
 11
51.7633329999999958
 21
-29.3033900000000003
 31
0
  0
LINE
  5
35F
330
1B
100
AcDbEntity
  8
F.Silkscreen
  6
CONTINUOUS
100
AcDbLine
 10
51.7633329999999958
 20
-29.3033900000000003
 30
0
 11
51.7157139999999984
 21
-29.3510089999999977
 31
0
  0
LINE
  5
360
330
1B
100
AcDbEntity
  8
F.Silkscreen
  6
CONTINUOUS
100
AcDbLine
 10
51.7157139999999984
 20
-29.3510089999999977
 30
0
 11
51.668095000000001
 21
-29.4462469999999996
 31
0
  0
LINE
  5
361
330
1B
100
AcDbEntity
  8
F.Silkscreen
  6
CONTINUOUS
100
AcDbLine
 10
50.4058330000000012
 20
-84.2195799999999934
 30
0
 11
50.3582139999999967
 21
-84.2672000000000025
 31
0
  0
LINE
  5
362
330
1B
100
AcDbEntity
  8
F.Silkscreen
  6
CONTINUOUS
100
AcDbLine
 10
50.3582139999999967
 20
-84.2672000000000025
 30
0
 11
50.2153569999999974
 21
-84.314819
 31
0
  0
LINE
  5
363
330
1B
100
AcDbEntity
  8
F.Silkscreen
  6
CONTINUOUS
100
AcDbLine
 10
50.2153569999999974
 20
-84.314819
 30
0
 11
50.1201189999999954
 21
-84.314819
 31
0
  0
LINE
  5
364
330
1B
100
AcDbEntity
  8
F.Silkscreen
  6
CONTINUOUS
100
AcDbLine
 10
50.1201189999999954
 20
-84.314819
 30
0
 11
49.9772619999999961
 21
-84.2672000000000025
 31
0
  0
LINE
  5
365
330
1B
100
AcDbEntity
  8
F.Silkscreen
  6
CONTINUOUS
100
AcDbLine
 10
49.9772619999999961
 20
-84.2672000000000025
 30
0
 11
49.8820240000000013
 21
-84.171960999999996
 31
0
  0
LINE
  5
366
330
1B
100
AcDbEntity
  8
F.Silkscreen
  6
CONTINUOUS
100
AcDbLine
 10
49.8820240000000013
 20
-84.171960999999996
 30
0
 11
49.8344049999999967
 21
-84.0767230000000012
 31
0
  0
LINE
  5
367
330
1B
100
AcDbEntity
  8
F.Silkscreen
  6
CONTINUOUS
100
AcDbLine
 10
49.8344049999999967
 20
-84.0767230000000012
 30
0
 11
49.7867859999999993
 21
-83.8862469999999973
 31
0
  0
LINE
  5
368
330
1B
100
AcDbEntity
  8
F.Silkscreen
  6
CONTINUOUS
100
AcDbLine
 10
49.7867859999999993
 20
-83.8862469999999973
 30
0
 11
49.7867859999999993
 21
-83.7433899999999909
 31
0
  0
LINE
  5
369
330
1B
100
AcDbEntity
  8
F.Silkscreen
  6
CONTINUOUS
100
AcDbLine
 10
49.7867859999999993
 20
-83.7433899999999909
 30
0
 11
49.8344049999999967
 21
-83.5529140000000012
 31
0
  0
LINE
  5
36A
330
1B
100
AcDbEntity
  8
F.Silkscreen
  6
CONTINUOUS
100
AcDbLine
 10
49.8344049999999967
 20
-83.5529140000000012
 30
0
 11
49.8820240000000013
 21
-83.4576759999999922
 31
0
  0
LINE
  5
36B
330
1B
100
AcDbEntity
  8
F.Silkscreen
  6
CONTINUOUS
100
AcDbLine
 10
49.8820240000000013
 20
-83.4576759999999922
 30
0
 11
49.9772619999999961
 21
-83.3624379999999974
 31
0
  0
LINE
  5
36C
330
1B
100
AcDbEntity
  8
F.Silkscreen
  6
CONTINUOUS
100
AcDbLine
 10
49.9772619999999961
 20
-83.3624379999999974
 30
0
 11
50.1201189999999954
 21
-83.314819
 31
0
  0
LINE
  5
36D
330
1B
100
AcDbEntity
  8
F.Silkscreen
  6
CONTINUOUS
100
AcDbLine
 10
50.1201189999999954
 20
-83.314819
 30
0
 11
50.2153569999999974
 21
-83.314819
 31
0
  0
LINE
  5
36E
330
1B
100
AcDbEntity
  8
F.Silkscreen
  6
CONTINUOUS
100
AcDbLine
 10
50.2153569999999974
 20
-83.314819
 30
0
 11
50.3582139999999967
 21
-83.3624379999999974
 31
0
  0
LINE
  5
36F
330
1B
100
AcDbEntity
  8
F.Silkscreen
  6
CONTINUOUS
100
AcDbLine
 10
50.3582139999999967
 20
-83.3624379999999974
 30
0
 11
50.4058330000000012
 21
-83.4100569999999948
 31
0
  0
LINE
  5
370
330
1B
100
AcDbEntity
  8
F.Silkscreen
  6
CONTINUOUS
100
AcDbLine
 10
50.8820239999999941
 20
-84.314819
 30
0
 11
51.072499999999998
 21
-84.314819
 31
0
  0
LINE
  5
371
330
1B
100
AcDbEntity
  8
F.Silkscreen
  6
CONTINUOUS
100
AcDbLine
 10
51.072499999999998
 20
-84.314819
 30
0
 11
51.1677379999999999
 21
-84.2672000000000025
 31
0
  0
LINE
  5
372
330
1B
100
AcDbEntity
  8
F.Silkscreen
  6
CONTINUOUS
100
AcDbLine
 10
51.1677379999999999
 20
-84.2672000000000025
 30
0
 11
51.2153569999999974
 21
-84.2195799999999934
 31
0
  0
LINE
  5
373
330
1B
100
AcDbEntity
  8
F.Silkscreen
  6
CONTINUOUS
100
AcDbLine
 10
51.2153569999999974
 20
-84.2195799999999934
 30
0
 11
51.3105949999999993
 21
-84.0767230000000012
 31
0
  0
LINE
  5
374
330
1B
100
AcDbEntity
  8
F.Silkscreen
  6
CONTINUOUS
100
AcDbLine
 10
51.3105949999999993
 20
-84.0767230000000012
 30
0
 11
51.3582139999999967
 21
-83.8862469999999973
 31
0
  0
LINE
  5
375
330
1B
100
AcDbEntity
  8
F.Silkscreen
  6
CONTINUOUS
100
AcDbLine
 10
51.3582139999999967
 20
-83.8862469999999973
 30
0
 11
51.3582139999999967
 21
-83.5052949999999896
 31
0
  0
LINE
  5
376
330
1B
100
AcDbEntity
  8
F.Silkscreen
  6
CONTINUOUS
100
AcDbLine
 10
51.3582139999999967
 20
-83.5052949999999896
 30
0
 11
51.3105949999999993
 21
-83.4100569999999948
 31
0
  0
LINE
  5
377
330
1B
100
AcDbEntity
  8
F.Silkscreen
  6
CONTINUOUS
100
AcDbLine
 10
51.3105949999999993
 20
-83.4100569999999948
 30
0
 11
51.2629759999999948
 21
-83.3624379999999974
 31
0
  0
LINE
  5
378
330
1B
100
AcDbEntity
  8
F.Silkscreen
  6
CONTINUOUS
100
AcDbLine
 10
51.2629759999999948
 20
-83.3624379999999974
 30
0
 11
51.1677379999999999
 21
-83.314819
 31
0
  0
LINE
  5
379
330
1B
100
AcDbEntity
  8
F.Silkscreen
  6
CONTINUOUS
100
AcDbLine
 10
51.1677379999999999
 20
-83.314819
 30
0
 11
50.9772619999999961
 21
-83.314819
 31
0
  0
LINE
  5
37A
330
1B
100
AcDbEntity
  8
F.Silkscreen
  6
CONTINUOUS
100
AcDbLine
 10
50.9772619999999961
 20
-83.314819
 30
0
 11
50.8820239999999941
 21
-83.3624379999999974
 31
0
  0
LINE
  5
37B
330
1B
100
AcDbEntity
  8
F.Silkscreen
  6
CONTINUOUS
100
AcDbLine
 10
50.8820239999999941
 20
-83.3624379999999974
 30
0
 11
50.8344049999999967
 21
-83.4100569999999948
 31
0
  0
LINE
  5
37C
330
1B
100
AcDbEntity
  8
F.Silkscreen
  6
CONTINUOUS
100
AcDbLine
 10
50.8344049999999967
 20
-83.4100569999999948
 30
0
 11
50.7867859999999993
 21
-83.5052949999999896
 31
0
  0
LINE
  5
37D
330
1B
100
AcDbEntity
  8
F.Silkscreen
  6
CONTINUOUS
100
AcDbLine
 10
50.7867859999999993
 20
-83.5052949999999896
 30
0
 11
50.7867859999999993
 21
-83.7433899999999909
 31
0
  0
LINE
  5
37E
330
1B
100
AcDbEntity
  8
F.Silkscreen
  6
CONTINUOUS
100
AcDbLine
 10
50.7867859999999993
 20
-83.7433899999999909
 30
0
 11
50.8344049999999967
 21
-83.8386279999999999
 31
0
  0
LINE
  5
37F
330
1B
100
AcDbEntity
  8
F.Silkscreen
  6
CONTINUOUS
100
AcDbLine
 10
50.8344049999999967
 20
-83.8386279999999999
 30
0
 11
50.8820239999999941
 21
-83.8862469999999973
 31
0
  0
LINE
  5
380
330
1B
100
AcDbEntity
  8
F.Silkscreen
  6
CONTINUOUS
100
AcDbLine
 10
50.8820239999999941
 20
-83.8862469999999973
 30
0
 11
50.9772619999999961
 21
-83.9338659999999948
 31
0
  0
LINE
  5
381
330
1B
100
AcDbEntity
  8
F.Silkscreen
  6
CONTINUOUS
100
AcDbLine
 10
50.9772619999999961
 20
-83.9338659999999948
 30
0
 11
51.1677379999999999
 21
-83.9338659999999948
 31
0
  0
LINE
  5
382
330
1B
100
AcDbEntity
  8
F.Silkscreen
  6
CONTINUOUS
100
AcDbLine
 10
51.1677379999999999
 20
-83.9338659999999948
 30
0
 11
51.2629759999999948
 21
-83.8862469999999973
 31
0
  0
LINE
  5
383
330
1B
100
AcDbEntity
  8
F.Silkscreen
  6
CONTINUOUS
100
AcDbLine
 10
51.2629759999999948
 20
-83.8862469999999973
 30
0
 11
51.3105949999999993
 21
-83.8386279999999999
 31
0
  0
LINE
  5
384
330
1B
100
AcDbEntity
  8
F.Silkscreen
  6
CONTINUOUS
100
AcDbLine
 10
51.3105949999999993
 20
-83.8386279999999999
 30
0
 11
51.3582139999999967
 21
-83.7433899999999909
 31
0
  0
LINE
  5
385
330
1B
100
AcDbEntity
  8
F.Silkscreen
  6
CONTINUOUS
100
AcDbLine
 10
98.5904749999999979
 20
-55.9638549999999952
 30
0
 11
98.7809510000000017
 21
-56.7638549999999995
 31
0
  0
LINE
  5
386
330
1B
100
AcDbEntity
  8
F.Silkscreen
  6
CONTINUOUS
100
AcDbLine
 10
98.7809510000000017
 20
-56.7638549999999995
 30
0
 11
98.9333319999999929
 21
-56.1924259999999975
 31
0
  0
LINE
  5
387
330
1B
100
AcDbEntity
  8
F.Silkscreen
  6
CONTINUOUS
100
AcDbLine
 10
98.9333319999999929
 20
-56.1924259999999975
 30
0
 11
99.0857129999999984
 21
-56.7638549999999995
 31
0
  0
LINE
  5
388
330
1B
100
AcDbEntity
  8
F.Silkscreen
  6
CONTINUOUS
100
AcDbLine
 10
99.0857129999999984
 20
-56.7638549999999995
 30
0
 11
99.2761899999999997
 21
-55.9638549999999952
 31
0
  0
LINE
  5
389
330
1B
100
AcDbEntity
  8
F.Silkscreen
  6
CONTINUOUS
100
AcDbLine
 10
99.9619039999999899
 20
-56.7638549999999995
 30
0
 11
99.5809519999999964
 21
-56.7638549999999995
 31
0
  0
LINE
  5
38A
330
1B
100
AcDbEntity
  8
F.Silkscreen
  6
CONTINUOUS
100
AcDbLine
 10
99.5809519999999964
 20
-56.7638549999999995
 30
0
 11
99.5809519999999964
 21
-55.9638549999999952
 31
0
  0
LINE
  5
38B
330
1B
100
AcDbEntity
  8
F.Silkscreen
  6
CONTINUOUS
100
AcDbLine
 10
100.3428559999999976
 20
-56.3067119999999974
 30
0
 11
100.2666660000000007
 21
-56.268616999999999
 31
0
  0
LINE
  5
38C
330
1B
100
AcDbEntity
  8
F.Silkscreen
  6
CONTINUOUS
100
AcDbLine
 10
100.2666660000000007
 20
-56.268616999999999
 30
0
 11
100.2285710000000023
 21
-56.230520999999996
 31
0
  0
LINE
  5
38D
330
1B
100
AcDbEntity
  8
F.Silkscreen
  6
CONTINUOUS
100
AcDbLine
 10
100.2285710000000023
 20
-56.230520999999996
 30
0
 11
100.1904749999999922
 21
-56.1543309999999991
 31
0
  0
LINE
  5
38E
330
1B
100
AcDbEntity
  8
F.Silkscreen
  6
CONTINUOUS
100
AcDbLine
 10
100.1904749999999922
 20
-56.1543309999999991
 30
0
 11
100.1904749999999922
 21
-56.1162360000000007
 31
0
  0
LINE
  5
38F
330
1B
100
AcDbEntity
  8
F.Silkscreen
  6
CONTINUOUS
100
AcDbLine
 10
100.1904749999999922
 20
-56.1162360000000007
 30
0
 11
100.2285710000000023
 21
-56.0400449999999992
 31
0
  0
LINE
  5
390
330
1B
100
AcDbEntity
  8
F.Silkscreen
  6
CONTINUOUS
100
AcDbLine
 10
100.2285710000000023
 20
-56.0400449999999992
 30
0
 11
100.2666660000000007
 21
-56.0019500000000008
 31
0
  0
LINE
  5
391
330
1B
100
AcDbEntity
  8
F.Silkscreen
  6
CONTINUOUS
100
AcDbLine
 10
100.2666660000000007
 20
-56.0019500000000008
 30
0
 11
100.3428559999999976
 21
-55.9638549999999952
 31
0
  0
LINE
  5
392
330
1B
100
AcDbEntity
  8
F.Silkscreen
  6
CONTINUOUS
100
AcDbLine
 10
100.3428559999999976
 20
-55.9638549999999952
 30
0
 11
100.4952369999999888
 21
-55.9638549999999952
 31
0
  0
LINE
  5
393
330
1B
100
AcDbEntity
  8
F.Silkscreen
  6
CONTINUOUS
100
AcDbLine
 10
100.4952369999999888
 20
-55.9638549999999952
 30
0
 11
100.5714279999999974
 21
-56.0019500000000008
 31
0
  0
LINE
  5
394
330
1B
100
AcDbEntity
  8
F.Silkscreen
  6
CONTINUOUS
100
AcDbLine
 10
100.5714279999999974
 20
-56.0019500000000008
 30
0
 11
100.6095229999999958
 21
-56.0400449999999992
 31
0
  0
LINE
  5
395
330
1B
100
AcDbEntity
  8
F.Silkscreen
  6
CONTINUOUS
100
AcDbLine
 10
100.6095229999999958
 20
-56.0400449999999992
 30
0
 11
100.6476179999999943
 21
-56.1162360000000007
 31
0
  0
LINE
  5
396
330
1B
100
AcDbEntity
  8
F.Silkscreen
  6
CONTINUOUS
100
AcDbLine
 10
100.6476179999999943
 20
-56.1162360000000007
 30
0
 11
100.6476179999999943
 21
-56.1543309999999991
 31
0
  0
LINE
  5
397
330
1B
100
AcDbEntity
  8
F.Silkscreen
  6
CONTINUOUS
100
AcDbLine
 10
100.6476179999999943
 20
-56.1543309999999991
 30
0
 11
100.6095229999999958
 21
-56.230520999999996
 31
0
  0
LINE
  5
398
330
1B
100
AcDbEntity
  8
F.Silkscreen
  6
CONTINUOUS
100
AcDbLine
 10
100.6095229999999958
 20
-56.230520999999996
 30
0
 11
100.5714279999999974
 21
-56.268616999999999
 31
0
  0
LINE
  5
399
330
1B
100
AcDbEntity
  8
F.Silkscreen
  6
CONTINUOUS
100
AcDbLine
 10
100.5714279999999974
 20
-56.268616999999999
 30
0
 11
100.4952369999999888
 21
-56.3067119999999974
 31
0
  0
LINE
  5
39A
330
1B
100
AcDbEntity
  8
F.Silkscreen
  6
CONTINUOUS
100
AcDbLine
 10
100.4952369999999888
 20
-56.3067119999999974
 30
0
 11
100.3428559999999976
 21
-56.3067119999999974
 31
0
  0
LINE
  5
39B
330
1B
100
AcDbEntity
  8
F.Silkscreen
  6
CONTINUOUS
100
AcDbLine
 10
100.3428559999999976
 20
-56.3067119999999974
 30
0
 11
100.2666660000000007
 21
-56.3448069999999959
 31
0
  0
LINE
  5
39C
330
1B
100
AcDbEntity
  8
F.Silkscreen
  6
CONTINUOUS
100
AcDbLine
 10
100.2666660000000007
 20
-56.3448069999999959
 30
0
 11
100.2285710000000023
 21
-56.3829019999999943
 31
0
  0
LINE
  5
39D
330
1B
100
AcDbEntity
  8
F.Silkscreen
  6
CONTINUOUS
100
AcDbLine
 10
100.2285710000000023
 20
-56.3829019999999943
 30
0
 11
100.1904749999999922
 21
-56.4590929999999958
 31
0
  0
LINE
  5
39E
330
1B
100
AcDbEntity
  8
F.Silkscreen
  6
CONTINUOUS
100
AcDbLine
 10
100.1904749999999922
 20
-56.4590929999999958
 30
0
 11
100.1904749999999922
 21
-56.6114739999999941
 31
0
  0
LINE
  5
39F
330
1B
100
AcDbEntity
  8
F.Silkscreen
  6
CONTINUOUS
100
AcDbLine
 10
100.1904749999999922
 20
-56.6114739999999941
 30
0
 11
100.2285710000000023
 21
-56.6876639999999981
 31
0
  0
LINE
  5
3A0
330
1B
100
AcDbEntity
  8
F.Silkscreen
  6
CONTINUOUS
100
AcDbLine
 10
100.2285710000000023
 20
-56.6876639999999981
 30
0
 11
100.2666660000000007
 21
-56.725759999999994
 31
0
  0
LINE
  5
3A1
330
1B
100
AcDbEntity
  8
F.Silkscreen
  6
CONTINUOUS
100
AcDbLine
 10
100.2666660000000007
 20
-56.725759999999994
 30
0
 11
100.3428559999999976
 21
-56.7638549999999995
 31
0
  0
LINE
  5
3A2
330
1B
100
AcDbEntity
  8
F.Silkscreen
  6
CONTINUOUS
100
AcDbLine
 10
100.3428559999999976
 20
-56.7638549999999995
 30
0
 11
100.4952369999999888
 21
-56.7638549999999995
 31
0
  0
LINE
  5
3A3
330
1B
100
AcDbEntity
  8
F.Silkscreen
  6
CONTINUOUS
100
AcDbLine
 10
100.4952369999999888
 20
-56.7638549999999995
 30
0
 11
100.5714279999999974
 21
-56.725759999999994
 31
0
  0
LINE
  5
3A4
330
1B
100
AcDbEntity
  8
F.Silkscreen
  6
CONTINUOUS
100
AcDbLine
 10
100.5714279999999974
 20
-56.725759999999994
 30
0
 11
100.6095229999999958
 21
-56.6876639999999981
 31
0
  0
LINE
  5
3A5
330
1B
100
AcDbEntity
  8
F.Silkscreen
  6
CONTINUOUS
100
AcDbLine
 10
100.6095229999999958
 20
-56.6876639999999981
 30
0
 11
100.6476179999999943
 21
-56.6114739999999941
 31
0
  0
LINE
  5
3A6
330
1B
100
AcDbEntity
  8
F.Silkscreen
  6
CONTINUOUS
100
AcDbLine
 10
100.6476179999999943
 20
-56.6114739999999941
 30
0
 11
100.6476179999999943
 21
-56.4590929999999958
 31
0
  0
LINE
  5
3A7
330
1B
100
AcDbEntity
  8
F.Silkscreen
  6
CONTINUOUS
100
AcDbLine
 10
100.6476179999999943
 20
-56.4590929999999958
 30
0
 11
100.6095229999999958
 21
-56.3829019999999943
 31
0
  0
LINE
  5
3A8
330
1B
100
AcDbEntity
  8
F.Silkscreen
  6
CONTINUOUS
100
AcDbLine
 10
100.6095229999999958
 20
-56.3829019999999943
 30
0
 11
100.5714279999999974
 21
-56.3448069999999959
 31
0
  0
LINE
  5
3A9
330
1B
100
AcDbEntity
  8
F.Silkscreen
  6
CONTINUOUS
100
AcDbLine
 10
100.5714279999999974
 20
-56.3448069999999959
 30
0
 11
100.4952369999999888
 21
-56.3067119999999974
 31
0
  0
LINE
  5
3AA
330
1B
100
AcDbEntity
  8
F.Silkscreen
  6
CONTINUOUS
100
AcDbLine
 10
101.3333329999999961
 20
-56.7638549999999995
 30
0
 11
101.3333329999999961
 21
-56.3448069999999959
 31
0
  0
LINE
  5
3AB
330
1B
100
AcDbEntity
  8
F.Silkscreen
  6
CONTINUOUS
100
AcDbLine
 10
101.3333329999999961
 20
-56.3448069999999959
 30
0
 11
101.2952379999999977
 21
-56.268616999999999
 31
0
  0
LINE
  5
3AC
330
1B
100
AcDbEntity
  8
F.Silkscreen
  6
CONTINUOUS
100
AcDbLine
 10
101.2952379999999977
 20
-56.268616999999999
 30
0
 11
101.2190469999999891
 21
-56.230520999999996
 31
0
  0
LINE
  5
3AD
330
1B
100
AcDbEntity
  8
F.Silkscreen
  6
CONTINUOUS
100
AcDbLine
 10
101.2190469999999891
 20
-56.230520999999996
 30
0
 11
101.0666659999999979
 21
-56.230520999999996
 31
0
  0
LINE
  5
3AE
330
1B
100
AcDbEntity
  8
F.Silkscreen
  6
CONTINUOUS
100
AcDbLine
 10
101.0666659999999979
 20
-56.230520999999996
 30
0
 11
100.990476000000001
 21
-56.268616999999999
 31
0
  0
LINE
  5
3AF
330
1B
100
AcDbEntity
  8
F.Silkscreen
  6
CONTINUOUS
100
AcDbLine
 10
101.3333329999999961
 20
-56.725759999999994
 30
0
 11
101.2571420000000018
 21
-56.7638549999999995
 31
0
  0
LINE
  5
3B0
330
1B
100
AcDbEntity
  8
F.Silkscreen
  6
CONTINUOUS
100
AcDbLine
 10
101.2571420000000018
 20
-56.7638549999999995
 30
0
 11
101.0666659999999979
 21
-56.7638549999999995
 31
0
  0
LINE
  5
3B1
330
1B
100
AcDbEntity
  8
F.Silkscreen
  6
CONTINUOUS
100
AcDbLine
 10
101.0666659999999979
 20
-56.7638549999999995
 30
0
 11
100.990476000000001
 21
-56.725759999999994
 31
0
  0
LINE
  5
3B2
330
1B
100
AcDbEntity
  8
F.Silkscreen
  6
CONTINUOUS
100
AcDbLine
 10
100.990476000000001
 20
-56.725759999999994
 30
0
 11
100.9523799999999909
 21
-56.6495689999999996
 31
0
  0
LINE
  5
3B3
330
1B
100
AcDbEntity
  8
F.Silkscreen
  6
CONTINUOUS
100
AcDbLine
 10
100.9523799999999909
 20
-56.6495689999999996
 30
0
 11
100.9523799999999909
 21
-56.5733789999999956
 31
0
  0
LINE
  5
3B4
330
1B
100
AcDbEntity
  8
F.Silkscreen
  6
CONTINUOUS
100
AcDbLine
 10
100.9523799999999909
 20
-56.5733789999999956
 30
0
 11
100.990476000000001
 21
-56.4971879999999942
 31
0
  0
LINE
  5
3B5
330
1B
100
AcDbEntity
  8
F.Silkscreen
  6
CONTINUOUS
100
AcDbLine
 10
100.990476000000001
 20
-56.4971879999999942
 30
0
 11
101.0666659999999979
 21
-56.4590929999999958
 31
0
  0
LINE
  5
3B6
330
1B
100
AcDbEntity
  8
F.Silkscreen
  6
CONTINUOUS
100
AcDbLine
 10
101.0666659999999979
 20
-56.4590929999999958
 30
0
 11
101.2571420000000018
 21
-56.4590929999999958
 31
0
  0
LINE
  5
3B7
330
1B
100
AcDbEntity
  8
F.Silkscreen
  6
CONTINUOUS
100
AcDbLine
 10
101.2571420000000018
 20
-56.4590929999999958
 30
0
 11
101.3333329999999961
 21
-56.4209979999999973
 31
0
  0
LINE
  5
3B8
330
1B
100
AcDbEntity
  8
F.Silkscreen
  6
CONTINUOUS
100
AcDbLine
 10
91.9305949999999967
 20
-53.0048189999999977
 30
0
 11
91.9305949999999967
 21
-53.8143419999999963
 31
0
  0
LINE
  5
3B9
330
1B
100
AcDbEntity
  8
F.Silkscreen
  6
CONTINUOUS
100
AcDbLine
 10
91.9305949999999967
 20
-53.8143419999999963
 30
0
 11
91.9782139999999941
 21
-53.9095799999999983
 31
0
  0
LINE
  5
3BA
330
1B
100
AcDbEntity
  8
F.Silkscreen
  6
CONTINUOUS
100
AcDbLine
 10
91.9782139999999941
 20
-53.9095799999999983
 30
0
 11
92.0258329999999916
 21
-53.9572000000000003
 31
0
  0
LINE
  5
3BB
330
1B
100
AcDbEntity
  8
F.Silkscreen
  6
CONTINUOUS
100
AcDbLine
 10
92.0258329999999916
 20
-53.9572000000000003
 30
0
 11
92.1210710000000006
 21
-54.0048189999999977
 31
0
  0
LINE
  5
3BC
330
1B
100
AcDbEntity
  8
F.Silkscreen
  6
CONTINUOUS
100
AcDbLine
 10
92.1210710000000006
 20
-54.0048189999999977
 30
0
 11
92.3115469999999902
 21
-54.0048189999999977
 31
0
  0
LINE
  5
3BD
330
1B
100
AcDbEntity
  8
F.Silkscreen
  6
CONTINUOUS
100
AcDbLine
 10
92.3115469999999902
 20
-54.0048189999999977
 30
0
 11
92.4067849999999993
 21
-53.9572000000000003
 31
0
  0
LINE
  5
3BE
330
1B
100
AcDbEntity
  8
F.Silkscreen
  6
CONTINUOUS
100
AcDbLine
 10
92.4067849999999993
 20
-53.9572000000000003
 30
0
 11
92.4544039999999967
 21
-53.9095799999999983
 31
0
  0
LINE
  5
3BF
330
1B
100
AcDbEntity
  8
F.Silkscreen
  6
CONTINUOUS
100
AcDbLine
 10
92.4544039999999967
 20
-53.9095799999999983
 30
0
 11
92.5020229999999941
 21
-53.8143419999999963
 31
0
  0
LINE
  5
3C0
330
1B
100
AcDbEntity
  8
F.Silkscreen
  6
CONTINUOUS
100
AcDbLine
 10
92.5020229999999941
 20
-53.8143419999999963
 30
0
 11
92.5020229999999941
 21
-53.0048189999999977
 31
0
  0
LINE
  5
3C1
330
1B
100
AcDbEntity
  8
F.Silkscreen
  6
CONTINUOUS
100
AcDbLine
 10
93.1210710000000006
 20
-53.4333899999999957
 30
0
 11
93.0258329999999916
 21
-53.3857709999999983
 31
0
  0
LINE
  5
3C2
330
1B
100
AcDbEntity
  8
F.Silkscreen
  6
CONTINUOUS
100
AcDbLine
 10
93.0258329999999916
 20
-53.3857709999999983
 30
0
 11
92.9782139999999941
 21
-53.3381520000000009
 31
0
  0
LINE
  5
3C3
330
1B
100
AcDbEntity
  8
F.Silkscreen
  6
CONTINUOUS
100
AcDbLine
 10
92.9782139999999941
 20
-53.3381520000000009
 30
0
 11
92.9305949999999967
 21
-53.242913999999999
 31
0
  0
LINE
  5
3C4
330
1B
100
AcDbEntity
  8
F.Silkscreen
  6
CONTINUOUS
100
AcDbLine
 10
92.9305949999999967
 20
-53.242913999999999
 30
0
 11
92.9305949999999967
 21
-53.1952949999999944
 31
0
  0
LINE
  5
3C5
330
1B
100
AcDbEntity
  8
F.Silkscreen
  6
CONTINUOUS
100
AcDbLine
 10
92.9305949999999967
 20
-53.1952949999999944
 30
0
 11
92.9782139999999941
 21
-53.1000569999999996
 31
0
  0
LINE
  5
3C6
330
1B
100
AcDbEntity
  8
F.Silkscreen
  6
CONTINUOUS
100
AcDbLine
 10
92.9782139999999941
 20
-53.1000569999999996
 30
0
 11
93.0258329999999916
 21
-53.0524379999999951
 31
0
  0
LINE
  5
3C7
330
1B
100
AcDbEntity
  8
F.Silkscreen
  6
CONTINUOUS
100
AcDbLine
 10
93.0258329999999916
 20
-53.0524379999999951
 30
0
 11
93.1210710000000006
 21
-53.0048189999999977
 31
0
  0
LINE
  5
3C8
330
1B
100
AcDbEntity
  8
F.Silkscreen
  6
CONTINUOUS
100
AcDbLine
 10
93.1210710000000006
 20
-53.0048189999999977
 30
0
 11
93.3115469999999902
 21
-53.0048189999999977
 31
0
  0
LINE
  5
3C9
330
1B
100
AcDbEntity
  8
F.Silkscreen
  6
CONTINUOUS
100
AcDbLine
 10
93.3115469999999902
 20
-53.0048189999999977
 30
0
 11
93.4067849999999993
 21
-53.0524379999999951
 31
0
  0
LINE
  5
3CA
330
1B
100
AcDbEntity
  8
F.Silkscreen
  6
CONTINUOUS
100
AcDbLine
 10
93.4067849999999993
 20
-53.0524379999999951
 30
0
 11
93.4544039999999967
 21
-53.1000569999999996
 31
0
  0
LINE
  5
3CB
330
1B
100
AcDbEntity
  8
F.Silkscreen
  6
CONTINUOUS
100
AcDbLine
 10
93.4544039999999967
 20
-53.1000569999999996
 30
0
 11
93.5020229999999941
 21
-53.1952949999999944
 31
0
  0
LINE
  5
3CC
330
1B
100
AcDbEntity
  8
F.Silkscreen
  6
CONTINUOUS
100
AcDbLine
 10
93.5020229999999941
 20
-53.1952949999999944
 30
0
 11
93.5020229999999941
 21
-53.242913999999999
 31
0
  0
LINE
  5
3CD
330
1B
100
AcDbEntity
  8
F.Silkscreen
  6
CONTINUOUS
100
AcDbLine
 10
93.5020229999999941
 20
-53.242913999999999
 30
0
 11
93.4544039999999967
 21
-53.3381520000000009
 31
0
  0
LINE
  5
3CE
330
1B
100
AcDbEntity
  8
F.Silkscreen
  6
CONTINUOUS
100
AcDbLine
 10
93.4544039999999967
 20
-53.3381520000000009
 30
0
 11
93.4067849999999993
 21
-53.3857709999999983
 31
0
  0
LINE
  5
3CF
330
1B
100
AcDbEntity
  8
F.Silkscreen
  6
CONTINUOUS
100
AcDbLine
 10
93.4067849999999993
 20
-53.3857709999999983
 30
0
 11
93.3115469999999902
 21
-53.4333899999999957
 31
0
  0
LINE
  5
3D0
330
1B
100
AcDbEntity
  8
F.Silkscreen
  6
CONTINUOUS
100
AcDbLine
 10
93.3115469999999902
 20
-53.4333899999999957
 30
0
 11
93.1210710000000006
 21
-53.4333899999999957
 31
0
  0
LINE
  5
3D1
330
1B
100
AcDbEntity
  8
F.Silkscreen
  6
CONTINUOUS
100
AcDbLine
 10
93.1210710000000006
 20
-53.4333899999999957
 30
0
 11
93.0258329999999916
 21
-53.4810090000000002
 31
0
  0
LINE
  5
3D2
330
1B
100
AcDbEntity
  8
F.Silkscreen
  6
CONTINUOUS
100
AcDbLine
 10
93.0258329999999916
 20
-53.4810090000000002
 30
0
 11
92.9782139999999941
 21
-53.5286279999999977
 31
0
  0
LINE
  5
3D3
330
1B
100
AcDbEntity
  8
F.Silkscreen
  6
CONTINUOUS
100
AcDbLine
 10
92.9782139999999941
 20
-53.5286279999999977
 30
0
 11
92.9305949999999967
 21
-53.6238659999999996
 31
0
  0
LINE
  5
3D4
330
1B
100
AcDbEntity
  8
F.Silkscreen
  6
CONTINUOUS
100
AcDbLine
 10
92.9305949999999967
 20
-53.6238659999999996
 30
0
 11
92.9305949999999967
 21
-53.8143419999999963
 31
0
  0
LINE
  5
3D5
330
1B
100
AcDbEntity
  8
F.Silkscreen
  6
CONTINUOUS
100
AcDbLine
 10
92.9305949999999967
 20
-53.8143419999999963
 30
0
 11
92.9782139999999941
 21
-53.9095799999999983
 31
0
  0
LINE
  5
3D6
330
1B
100
AcDbEntity
  8
F.Silkscreen
  6
CONTINUOUS
100
AcDbLine
 10
92.9782139999999941
 20
-53.9095799999999983
 30
0
 11
93.0258329999999916
 21
-53.9572000000000003
 31
0
  0
LINE
  5
3D7
330
1B
100
AcDbEntity
  8
F.Silkscreen
  6
CONTINUOUS
100
AcDbLine
 10
93.0258329999999916
 20
-53.9572000000000003
 30
0
 11
93.1210710000000006
 21
-54.0048189999999977
 31
0
  0
LINE
  5
3D8
330
1B
100
AcDbEntity
  8
F.Silkscreen
  6
CONTINUOUS
100
AcDbLine
 10
93.1210710000000006
 20
-54.0048189999999977
 30
0
 11
93.3115469999999902
 21
-54.0048189999999977
 31
0
  0
LINE
  5
3D9
330
1B
100
AcDbEntity
  8
F.Silkscreen
  6
CONTINUOUS
100
AcDbLine
 10
93.3115469999999902
 20
-54.0048189999999977
 30
0
 11
93.4067849999999993
 21
-53.9572000000000003
 31
0
  0
LINE
  5
3DA
330
1B
100
AcDbEntity
  8
F.Silkscreen
  6
CONTINUOUS
100
AcDbLine
 10
93.4067849999999993
 20
-53.9572000000000003
 30
0
 11
93.4544039999999967
 21
-53.9095799999999983
 31
0
  0
LINE
  5
3DB
330
1B
100
AcDbEntity
  8
F.Silkscreen
  6
CONTINUOUS
100
AcDbLine
 10
93.4544039999999967
 20
-53.9095799999999983
 30
0
 11
93.5020229999999941
 21
-53.8143419999999963
 31
0
  0
LINE
  5
3DC
330
1B
100
AcDbEntity
  8
F.Silkscreen
  6
CONTINUOUS
100
AcDbLine
 10
93.5020229999999941
 20
-53.8143419999999963
 30
0
 11
93.5020229999999941
 21
-53.6238659999999996
 31
0
  0
LINE
  5
3DD
330
1B
100
AcDbEntity
  8
F.Silkscreen
  6
CONTINUOUS
100
AcDbLine
 10
93.5020229999999941
 20
-53.6238659999999996
 30
0
 11
93.4544039999999967
 21
-53.5286279999999977
 31
0
  0
LINE
  5
3DE
330
1B
100
AcDbEntity
  8
F.Silkscreen
  6
CONTINUOUS
100
AcDbLine
 10
93.4544039999999967
 20
-53.5286279999999977
 30
0
 11
93.4067849999999993
 21
-53.4810090000000002
 31
0
  0
LINE
  5
3DF
330
1B
100
AcDbEntity
  8
F.Silkscreen
  6
CONTINUOUS
100
AcDbLine
 10
93.4067849999999993
 20
-53.4810090000000002
 30
0
 11
93.3115469999999902
 21
-53.4333899999999957
 31
0
  0
LINE
  5
3E0
330
1B
100
AcDbEntity
  8
F.Silkscreen
  6
CONTINUOUS
100
AcDbLine
 10
113.2380950000000013
 20
-22.3048189999999984
 30
0
 11
113.2380950000000013
 21
-21.3048189999999984
 31
0
  0
LINE
  5
3E1
330
1B
100
AcDbEntity
  8
F.Silkscreen
  6
CONTINUOUS
100
AcDbLine
 10
113.2380950000000013
 20
-21.7810089999999974
 30
0
 11
113.8095229999999987
 21
-21.7810089999999974
 31
0
  0
LINE
  5
3E2
330
1B
100
AcDbEntity
  8
F.Silkscreen
  6
CONTINUOUS
100
AcDbLine
 10
113.8095229999999987
 20
-22.3048189999999984
 30
0
 11
113.8095229999999987
 21
-21.3048189999999984
 31
0
  0
LINE
  5
3E3
330
1B
100
AcDbEntity
  8
F.Silkscreen
  6
CONTINUOUS
100
AcDbLine
 10
114.2380950000000013
 20
-21.4000570000000003
 30
0
 11
114.2857139999999987
 21
-21.3524379999999994
 31
0
  0
LINE
  5
3E4
330
1B
100
AcDbEntity
  8
F.Silkscreen
  6
CONTINUOUS
100
AcDbLine
 10
114.2857139999999987
 20
-21.3524379999999994
 30
0
 11
114.3809519999999935
 21
-21.3048189999999984
 31
0
  0
LINE
  5
3E5
330
1B
100
AcDbEntity
  8
F.Silkscreen
  6
CONTINUOUS
100
AcDbLine
 10
114.3809519999999935
 20
-21.3048189999999984
 30
0
 11
114.6190469999999948
 21
-21.3048189999999984
 31
0
  0
LINE
  5
3E6
330
1B
100
AcDbEntity
  8
F.Silkscreen
  6
CONTINUOUS
100
AcDbLine
 10
114.6190469999999948
 20
-21.3048189999999984
 30
0
 11
114.7142849999999896
 21
-21.3524379999999994
 31
0
  0
LINE
  5
3E7
330
1B
100
AcDbEntity
  8
F.Silkscreen
  6
CONTINUOUS
100
AcDbLine
 10
114.7142849999999896
 20
-21.3524379999999994
 30
0
 11
114.7619040000000012
 21
-21.4000570000000003
 31
0
  0
LINE
  5
3E8
330
1B
100
AcDbEntity
  8
F.Silkscreen
  6
CONTINUOUS
100
AcDbLine
 10
114.7619040000000012
 20
-21.4000570000000003
 30
0
 11
114.8095229999999987
 21
-21.4952949999999987
 31
0
  0
LINE
  5
3E9
330
1B
100
AcDbEntity
  8
F.Silkscreen
  6
CONTINUOUS
100
AcDbLine
 10
114.8095229999999987
 20
-21.4952949999999987
 30
0
 11
114.8095229999999987
 21
-21.5905330000000006
 31
0
  0
LINE
  5
3EA
330
1B
100
AcDbEntity
  8
F.Silkscreen
  6
CONTINUOUS
100
AcDbLine
 10
114.8095229999999987
 20
-21.5905330000000006
 30
0
 11
114.7619040000000012
 21
-21.73339
 31
0
  0
LINE
  5
3EB
330
1B
100
AcDbEntity
  8
F.Silkscreen
  6
CONTINUOUS
100
AcDbLine
 10
114.7619040000000012
 20
-21.73339
 30
0
 11
114.1904759999999897
 21
-22.3048189999999984
 31
0
  0
LINE
  5
3EC
330
1B
100
AcDbEntity
  8
F.Silkscreen
  6
CONTINUOUS
100
AcDbLine
 10
114.1904759999999897
 20
-22.3048189999999984
 30
0
 11
114.8095229999999987
 21
-22.3048189999999984
 31
0
  0
LINE
  5
3ED
330
1B
100
AcDbEntity
  8
F.Silkscreen
  6
CONTINUOUS
100
AcDbLine
 10
63.0321420000000003
 20
-105.8095799999999969
 30
0
 11
62.9845229999999958
 21
-105.8571999999999917
 31
0
  0
LINE
  5
3EE
330
1B
100
AcDbEntity
  8
F.Silkscreen
  6
CONTINUOUS
100
AcDbLine
 10
62.9845229999999958
 20
-105.8571999999999917
 30
0
 11
62.8416659999999965
 21
-105.9048189999999892
 31
0
  0
LINE
  5
3EF
330
1B
100
AcDbEntity
  8
F.Silkscreen
  6
CONTINUOUS
100
AcDbLine
 10
62.8416659999999965
 20
-105.9048189999999892
 30
0
 11
62.7464279999999945
 21
-105.9048189999999892
 31
0
  0
LINE
  5
3F0
330
1B
100
AcDbEntity
  8
F.Silkscreen
  6
CONTINUOUS
100
AcDbLine
 10
62.7464279999999945
 20
-105.9048189999999892
 30
0
 11
62.6035709999999952
 21
-105.8571999999999917
 31
0
  0
LINE
  5
3F1
330
1B
100
AcDbEntity
  8
F.Silkscreen
  6
CONTINUOUS
100
AcDbLine
 10
62.6035709999999952
 20
-105.8571999999999917
 30
0
 11
62.5083330000000004
 21
-105.7619609999999994
 31
0
  0
LINE
  5
3F2
330
1B
100
AcDbEntity
  8
F.Silkscreen
  6
CONTINUOUS
100
AcDbLine
 10
62.5083330000000004
 20
-105.7619609999999994
 30
0
 11
62.4607139999999958
 21
-105.6667229999999904
 31
0
  0
LINE
  5
3F3
330
1B
100
AcDbEntity
  8
F.Silkscreen
  6
CONTINUOUS
100
AcDbLine
 10
62.4607139999999958
 20
-105.6667229999999904
 30
0
 11
62.4130949999999984
 21
-105.4762470000000008
 31
0
  0
LINE
  5
3F4
330
1B
100
AcDbEntity
  8
F.Silkscreen
  6
CONTINUOUS
100
AcDbLine
 10
62.4130949999999984
 20
-105.4762470000000008
 30
0
 11
62.4130949999999984
 21
-105.3333899999999943
 31
0
  0
LINE
  5
3F5
330
1B
100
AcDbEntity
  8
F.Silkscreen
  6
CONTINUOUS
100
AcDbLine
 10
62.4130949999999984
 20
-105.3333899999999943
 30
0
 11
62.4607139999999958
 21
-105.1429139999999904
 31
0
  0
LINE
  5
3F6
330
1B
100
AcDbEntity
  8
F.Silkscreen
  6
CONTINUOUS
100
AcDbLine
 10
62.4607139999999958
 20
-105.1429139999999904
 30
0
 11
62.5083330000000004
 21
-105.0476759999999956
 31
0
  0
LINE
  5
3F7
330
1B
100
AcDbEntity
  8
F.Silkscreen
  6
CONTINUOUS
100
AcDbLine
 10
62.5083330000000004
 20
-105.0476759999999956
 30
0
 11
62.6035709999999952
 21
-104.9524380000000008
 31
0
  0
LINE
  5
3F8
330
1B
100
AcDbEntity
  8
F.Silkscreen
  6
CONTINUOUS
100
AcDbLine
 10
62.6035709999999952
 20
-104.9524380000000008
 30
0
 11
62.7464279999999945
 21
-104.9048189999999892
 31
0
  0
LINE
  5
3F9
330
1B
100
AcDbEntity
  8
F.Silkscreen
  6
CONTINUOUS
100
AcDbLine
 10
62.7464279999999945
 20
-104.9048189999999892
 30
0
 11
62.8416659999999965
 21
-104.9048189999999892
 31
0
  0
LINE
  5
3FA
330
1B
100
AcDbEntity
  8
F.Silkscreen
  6
CONTINUOUS
100
AcDbLine
 10
62.8416659999999965
 20
-104.9048189999999892
 30
0
 11
62.9845229999999958
 21
-104.9524380000000008
 31
0
  0
LINE
  5
3FB
330
1B
100
AcDbEntity
  8
F.Silkscreen
  6
CONTINUOUS
100
AcDbLine
 10
62.9845229999999958
 20
-104.9524380000000008
 30
0
 11
63.0321420000000003
 21
-105.0000569999999982
 31
0
  0
LINE
  5
3FC
330
1B
100
AcDbEntity
  8
F.Silkscreen
  6
CONTINUOUS
100
AcDbLine
 10
63.9845229999999958
 20
-105.9048189999999892
 30
0
 11
63.4130949999999984
 21
-105.9048189999999892
 31
0
  0
LINE
  5
3FD
330
1B
100
AcDbEntity
  8
F.Silkscreen
  6
CONTINUOUS
100
AcDbLine
 10
63.6988089999999971
 20
-105.9048189999999892
 30
0
 11
63.6988089999999971
 21
-104.9048189999999892
 31
0
  0
LINE
  5
3FE
330
1B
100
AcDbEntity
  8
F.Silkscreen
  6
CONTINUOUS
100
AcDbLine
 10
63.6988089999999971
 20
-104.9048189999999892
 30
0
 11
63.6035709999999952
 21
-105.0476759999999956
 31
0
  0
LINE
  5
3FF
330
1B
100
AcDbEntity
  8
F.Silkscreen
  6
CONTINUOUS
100
AcDbLine
 10
63.6035709999999952
 20
-105.0476759999999956
 30
0
 11
63.5083330000000004
 21
-105.1429139999999904
 31
0
  0
LINE
  5
400
330
1B
100
AcDbEntity
  8
F.Silkscreen
  6
CONTINUOUS
100
AcDbLine
 10
63.5083330000000004
 20
-105.1429139999999904
 30
0
 11
63.4130949999999984
 21
-105.1905330000000021
 31
0
  0
LINE
  5
401
330
1B
100
AcDbEntity
  8
F.Silkscreen
  6
CONTINUOUS
100
AcDbLine
 10
64.8416660000000036
 20
-104.9048189999999892
 30
0
 11
64.6511899999999997
 21
-104.9048189999999892
 31
0
  0
LINE
  5
402
330
1B
100
AcDbEntity
  8
F.Silkscreen
  6
CONTINUOUS
100
AcDbLine
 10
64.6511899999999997
 20
-104.9048189999999892
 30
0
 11
64.5559519999999907
 21
-104.9524380000000008
 31
0
  0
LINE
  5
403
330
1B
100
AcDbEntity
  8
F.Silkscreen
  6
CONTINUOUS
100
AcDbLine
 10
64.5559519999999907
 20
-104.9524380000000008
 30
0
 11
64.5083329999999933
 21
-105.0000569999999982
 31
0
  0
LINE
  5
404
330
1B
100
AcDbEntity
  8
F.Silkscreen
  6
CONTINUOUS
100
AcDbLine
 10
64.5083329999999933
 20
-105.0000569999999982
 30
0
 11
64.4130949999999984
 21
-105.1429139999999904
 31
0
  0
LINE
  5
405
330
1B
100
AcDbEntity
  8
F.Silkscreen
  6
CONTINUOUS
100
AcDbLine
 10
64.4130949999999984
 20
-105.1429139999999904
 30
0
 11
64.365476000000001
 21
-105.3333899999999943
 31
0
  0
LINE
  5
406
330
1B
100
AcDbEntity
  8
F.Silkscreen
  6
CONTINUOUS
100
AcDbLine
 10
64.365476000000001
 20
-105.3333899999999943
 30
0
 11
64.365476000000001
 21
-105.714342000000002
 31
0
  0
LINE
  5
407
330
1B
100
AcDbEntity
  8
F.Silkscreen
  6
CONTINUOUS
100
AcDbLine
 10
64.365476000000001
 20
-105.714342000000002
 30
0
 11
64.4130949999999984
 21
-105.8095799999999969
 31
0
  0
LINE
  5
408
330
1B
100
AcDbEntity
  8
F.Silkscreen
  6
CONTINUOUS
100
AcDbLine
 10
64.4130949999999984
 20
-105.8095799999999969
 30
0
 11
64.4607139999999958
 21
-105.8571999999999917
 31
0
  0
LINE
  5
409
330
1B
100
AcDbEntity
  8
F.Silkscreen
  6
CONTINUOUS
100
AcDbLine
 10
64.4607139999999958
 20
-105.8571999999999917
 30
0
 11
64.5559519999999907
 21
-105.9048189999999892
 31
0
  0
LINE
  5
40A
330
1B
100
AcDbEntity
  8
F.Silkscreen
  6
CONTINUOUS
100
AcDbLine
 10
64.5559519999999907
 20
-105.9048189999999892
 30
0
 11
64.7464279999999945
 21
-105.9048189999999892
 31
0
  0
LINE
  5
40B
330
1B
100
AcDbEntity
  8
F.Silkscreen
  6
CONTINUOUS
100
AcDbLine
 10
64.7464279999999945
 20
-105.9048189999999892
 30
0
 11
64.8416660000000036
 21
-105.8571999999999917
 31
0
  0
LINE
  5
40C
330
1B
100
AcDbEntity
  8
F.Silkscreen
  6
CONTINUOUS
100
AcDbLine
 10
64.8416660000000036
 20
-105.8571999999999917
 30
0
 11
64.889285000000001
 21
-105.8095799999999969
 31
0
  0
LINE
  5
40D
330
1B
100
AcDbEntity
  8
F.Silkscreen
  6
CONTINUOUS
100
AcDbLine
 10
64.889285000000001
 20
-105.8095799999999969
 30
0
 11
64.9369039999999984
 21
-105.714342000000002
 31
0
  0
LINE
  5
40E
330
1B
100
AcDbEntity
  8
F.Silkscreen
  6
CONTINUOUS
100
AcDbLine
 10
64.9369039999999984
 20
-105.714342000000002
 30
0
 11
64.9369039999999984
 21
-105.4762470000000008
 31
0
  0
LINE
  5
40F
330
1B
100
AcDbEntity
  8
F.Silkscreen
  6
CONTINUOUS
100
AcDbLine
 10
64.9369039999999984
 20
-105.4762470000000008
 30
0
 11
64.889285000000001
 21
-105.3810089999999917
 31
0
  0
LINE
  5
410
330
1B
100
AcDbEntity
  8
F.Silkscreen
  6
CONTINUOUS
100
AcDbLine
 10
64.889285000000001
 20
-105.3810089999999917
 30
0
 11
64.8416660000000036
 21
-105.3333899999999943
 31
0
  0
LINE
  5
411
330
1B
100
AcDbEntity
  8
F.Silkscreen
  6
CONTINUOUS
100
AcDbLine
 10
64.8416660000000036
 20
-105.3333899999999943
 30
0
 11
64.7464279999999945
 21
-105.2857709999999969
 31
0
  0
LINE
  5
412
330
1B
100
AcDbEntity
  8
F.Silkscreen
  6
CONTINUOUS
100
AcDbLine
 10
64.7464279999999945
 20
-105.2857709999999969
 30
0
 11
64.5559519999999907
 21
-105.2857709999999969
 31
0
  0
LINE
  5
413
330
1B
100
AcDbEntity
  8
F.Silkscreen
  6
CONTINUOUS
100
AcDbLine
 10
64.5559519999999907
 20
-105.2857709999999969
 30
0
 11
64.4607139999999958
 21
-105.3333899999999943
 31
0
  0
LINE
  5
414
330
1B
100
AcDbEntity
  8
F.Silkscreen
  6
CONTINUOUS
100
AcDbLine
 10
64.4607139999999958
 20
-105.3333899999999943
 30
0
 11
64.4130949999999984
 21
-105.3810089999999917
 31
0
  0
LINE
  5
415
330
1B
100
AcDbEntity
  8
F.Silkscreen
  6
CONTINUOUS
100
AcDbLine
 10
64.4130949999999984
 20
-105.3810089999999917
 30
0
 11
64.365476000000001
 21
-105.4762470000000008
 31
0
  0
LINE
  5
416
330
1B
100
AcDbEntity
  8
F.Silkscreen
  6
CONTINUOUS
100
AcDbLine
 10
78.0904749999999979
 20
-50.4638549999999952
 30
0
 11
78.2809510000000017
 21
-51.2638549999999995
 31
0
  0
LINE
  5
417
330
1B
100
AcDbEntity
  8
F.Silkscreen
  6
CONTINUOUS
100
AcDbLine
 10
78.2809510000000017
 20
-51.2638549999999995
 30
0
 11
78.4333319999999929
 21
-50.6924259999999975
 31
0
  0
LINE
  5
418
330
1B
100
AcDbEntity
  8
F.Silkscreen
  6
CONTINUOUS
100
AcDbLine
 10
78.4333319999999929
 20
-50.6924259999999975
 30
0
 11
78.5857129999999984
 21
-51.2638549999999995
 31
0
  0
LINE
  5
419
330
1B
100
AcDbEntity
  8
F.Silkscreen
  6
CONTINUOUS
100
AcDbLine
 10
78.5857129999999984
 20
-51.2638549999999995
 30
0
 11
78.7761899999999997
 21
-50.4638549999999952
 31
0
  0
LINE
  5
41A
330
1B
100
AcDbEntity
  8
F.Silkscreen
  6
CONTINUOUS
100
AcDbLine
 10
79.4619039999999899
 20
-51.2638549999999995
 30
0
 11
79.0809519999999964
 21
-51.2638549999999995
 31
0
  0
LINE
  5
41B
330
1B
100
AcDbEntity
  8
F.Silkscreen
  6
CONTINUOUS
100
AcDbLine
 10
79.0809519999999964
 20
-51.2638549999999995
 30
0
 11
79.0809519999999964
 21
-50.4638549999999952
 31
0
  0
LINE
  5
41C
330
1B
100
AcDbEntity
  8
F.Silkscreen
  6
CONTINUOUS
100
AcDbLine
 10
79.6523799999999937
 20
-50.4638549999999952
 30
0
 11
80.1857139999999902
 21
-50.4638549999999952
 31
0
  0
LINE
  5
41D
330
1B
100
AcDbEntity
  8
F.Silkscreen
  6
CONTINUOUS
100
AcDbLine
 10
80.1857139999999902
 20
-50.4638549999999952
 30
0
 11
79.8428559999999976
 21
-51.2638549999999995
 31
0
  0
LINE
  5
41E
330
1B
100
AcDbEntity
  8
F.Silkscreen
  6
CONTINUOUS
100
AcDbLine
 10
80.8333329999999961
 20
-51.2638549999999995
 30
0
 11
80.8333329999999961
 21
-50.8448069999999959
 31
0
  0
LINE
  5
41F
330
1B
100
AcDbEntity
  8
F.Silkscreen
  6
CONTINUOUS
100
AcDbLine
 10
80.8333329999999961
 20
-50.8448069999999959
 30
0
 11
80.7952379999999977
 21
-50.768616999999999
 31
0
  0
LINE
  5
420
330
1B
100
AcDbEntity
  8
F.Silkscreen
  6
CONTINUOUS
100
AcDbLine
 10
80.7952379999999977
 20
-50.768616999999999
 30
0
 11
80.7190470000000033
 21
-50.730520999999996
 31
0
  0
LINE
  5
421
330
1B
100
AcDbEntity
  8
F.Silkscreen
  6
CONTINUOUS
100
AcDbLine
 10
80.7190470000000033
 20
-50.730520999999996
 30
0
 11
80.5666659999999979
 21
-50.730520999999996
 31
0
  0
LINE
  5
422
330
1B
100
AcDbEntity
  8
F.Silkscreen
  6
CONTINUOUS
100
AcDbLine
 10
80.5666659999999979
 20
-50.730520999999996
 30
0
 11
80.490476000000001
 21
-50.768616999999999
 31
0
  0
LINE
  5
423
330
1B
100
AcDbEntity
  8
F.Silkscreen
  6
CONTINUOUS
100
AcDbLine
 10
80.8333329999999961
 20
-51.2257600000000011
 30
0
 11
80.7571420000000018
 21
-51.2638549999999995
 31
0
  0
LINE
  5
424
330
1B
100
AcDbEntity
  8
F.Silkscreen
  6
CONTINUOUS
100
AcDbLine
 10
80.7571420000000018
 20
-51.2638549999999995
 30
0
 11
80.5666659999999979
 21
-51.2638549999999995
 31
0
  0
LINE
  5
425
330
1B
100
AcDbEntity
  8
F.Silkscreen
  6
CONTINUOUS
100
AcDbLine
 10
80.5666659999999979
 20
-51.2638549999999995
 30
0
 11
80.490476000000001
 21
-51.2257600000000011
 31
0
  0
LINE
  5
426
330
1B
100
AcDbEntity
  8
F.Silkscreen
  6
CONTINUOUS
100
AcDbLine
 10
80.490476000000001
 20
-51.2257600000000011
 30
0
 11
80.4523799999999909
 21
-51.1495689999999996
 31
0
  0
LINE
  5
427
330
1B
100
AcDbEntity
  8
F.Silkscreen
  6
CONTINUOUS
100
AcDbLine
 10
80.4523799999999909
 20
-51.1495689999999996
 30
0
 11
80.4523799999999909
 21
-51.0733789999999956
 31
0
  0
LINE
  5
428
330
1B
100
AcDbEntity
  8
F.Silkscreen
  6
CONTINUOUS
100
AcDbLine
 10
80.4523799999999909
 20
-51.0733789999999956
 30
0
 11
80.490476000000001
 21
-50.9971879999999942
 31
0
  0
LINE
  5
429
330
1B
100
AcDbEntity
  8
F.Silkscreen
  6
CONTINUOUS
100
AcDbLine
 10
80.490476000000001
 20
-50.9971879999999942
 30
0
 11
80.5666659999999979
 21
-50.9590929999999958
 31
0
  0
LINE
  5
42A
330
1B
100
AcDbEntity
  8
F.Silkscreen
  6
CONTINUOUS
100
AcDbLine
 10
80.5666659999999979
 20
-50.9590929999999958
 30
0
 11
80.7571420000000018
 21
-50.9590929999999958
 31
0
  0
LINE
  5
42B
330
1B
100
AcDbEntity
  8
F.Silkscreen
  6
CONTINUOUS
100
AcDbLine
 10
80.7571420000000018
 20
-50.9590929999999958
 30
0
 11
80.8333329999999961
 21
-50.9209979999999973
 31
0
  0
LINE
  5
42C
330
1B
100
AcDbEntity
  8
F.Silkscreen
  6
CONTINUOUS
100
AcDbLine
 10
59.7299999999999969
 20
-28.6199999999999974
 30
0
 11
59.7299999999999969
 21
-33.9200000000000017
 31
0
  0
LINE
  5
42D
330
1B
100
AcDbEntity
  8
F.Silkscreen
  6
CONTINUOUS
100
AcDbLine
 10
77.6199999999999903
 20
-28.6199999999999974
 30
0
 11
59.7299999999999969
 21
-28.6199999999999974
 31
0
  0
LINE
  5
42E
330
1B
100
AcDbEntity
  8
F.Silkscreen
  6
CONTINUOUS
100
AcDbLine
 10
77.6199999999999903
 20
-28.6199999999999974
 30
0
 11
77.6199999999999903
 21
-31.2699999999999996
 31
0
  0
LINE
  5
42F
330
1B
100
AcDbEntity
  8
F.Silkscreen
  6
CONTINUOUS
100
AcDbLine
 10
77.6199999999999903
 20
-31.2699999999999996
 30
0
 11
80.269999999999996
 21
-31.2699999999999996
 31
0
  0
LINE
  5
430
330
1B
100
AcDbEntity
  8
F.Silkscreen
  6
CONTINUOUS
100
AcDbLine
 10
78.8900000000000006
 20
-28.6199999999999974
 30
0
 11
80.269999999999996
 21
-28.6199999999999974
 31
0
  0
LINE
  5
431
330
1B
100
AcDbEntity
  8
F.Silkscreen
  6
CONTINUOUS
100
AcDbLine
 10
80.269999999999996
 20
-28.6199999999999974
 30
0
 11
80.269999999999996
 21
-30.
 31
0
  0
LINE
  5
432
330
1B
100
AcDbEntity
  8
F.Silkscreen
  6
CONTINUOUS
100
AcDbLine
 10
80.269999999999996
 20
-31.2699999999999996
 30
0
 11
80.269999999999996
 21
-33.9200000000000017
 31
0
  0
LINE
  5
433
330
1B
100
AcDbEntity
  8
F.Silkscreen
  6
CONTINUOUS
100
AcDbLine
 10
80.269999999999996
 20
-33.9200000000000017
 30
0
 11
59.7299999999999969
 21
-33.9200000000000017
 31
0
  0
LINE
  5
434
330
1B
100
AcDbEntity
  8
F.Silkscreen
  6
CONTINUOUS
100
AcDbLine
 10
54.4499999999999957
 20
-98.9599999999999937
 30
0
 11
60.9899999999999949
 21
-98.9599999999999937
 31
0
  0
LINE
  5
435
330
1B
100
AcDbEntity
  8
F.Silkscreen
  6
CONTINUOUS
100
AcDbLine
 10
54.4499999999999957
 20
-99.289999999999992
 30
0
 11
54.4499999999999957
 21
-98.9599999999999937
 31
0
  0
LINE
  5
436
330
1B
100
AcDbEntity
  8
F.Silkscreen
  6
CONTINUOUS
100
AcDbLine
 10
54.4499999999999957
 20
-101.3699999999999903
 30
0
 11
54.4499999999999957
 21
-101.6999999999999886
 31
0
  0
LINE
  5
437
330
1B
100
AcDbEntity
  8
F.Silkscreen
  6
CONTINUOUS
100
AcDbLine
 10
54.4499999999999957
 20
-101.6999999999999886
 30
0
 11
60.9899999999999949
 21
-101.6999999999999886
 31
0
  0
LINE
  5
438
330
1B
100
AcDbEntity
  8
F.Silkscreen
  6
CONTINUOUS
100
AcDbLine
 10
60.9899999999999949
 20
-98.9599999999999937
 30
0
 11
60.9899999999999949
 21
-99.289999999999992
 31
0
  0
LINE
  5
439
330
1B
100
AcDbEntity
  8
F.Silkscreen
  6
CONTINUOUS
100
AcDbLine
 10
60.9899999999999949
 20
-101.6999999999999886
 30
0
 11
60.9899999999999949
 21
-101.3699999999999903
 31
0
  0
CIRCLE
  5
43A
330
1B
100
AcDbEntity
  8
F.Silkscreen
100
AcDbCircle
 10
84.
 20
-61.5
 30
0
 40
1.2
  0
LINE
  5
43B
330
1B
100
AcDbEntity
  8
F.Silkscreen
  6
CONTINUOUS
100
AcDbLine
 10
43.2749999999999986
 20
-62.519999999999996
 30
0
 11
43.2749999999999986
 21
-63.769999999999996
 31
0
  0
LINE
  5
43C
330
1B
100
AcDbEntity
  8
F.Silkscreen
  6
CONTINUOUS
100
AcDbLine
 10
43.2749999999999986
 20
-65.769999999999996
 30
0
 11
43.2749999999999986
 21
-67.019999999999996
 31
0
  0
LINE
  5
43D
330
1B
100
AcDbEntity
  8
F.Silkscreen
  6
CONTINUOUS
100
AcDbLine
 10
43.2749999999999986
 20
-67.019999999999996
 30
0
 11
61.1749999999999972
 21
-67.019999999999996
 31
0
  0
LINE
  5
43E
330
1B
100
AcDbEntity
  8
F.Silkscreen
  6
CONTINUOUS
100
AcDbLine
 10
61.1749999999999972
 20
-62.519999999999996
 30
0
 11
43.2749999999999986
 21
-62.519999999999996
 31
0
  0
LINE
  5
43F
330
1B
100
AcDbEntity
  8
F.Silkscreen
  6
CONTINUOUS
100
AcDbLine
 10
61.1749999999999972
 20
-67.019999999999996
 30
0
 11
61.1749999999999972
 21
-62.519999999999996
 31
0
  0
ARC
  5
440
330
1B
100
AcDbEntity
  8
F.Silkscreen
100
AcDbCircle
 10
43.2749999999999986
 20
-64.769999999999996
 30
0
 40
1.
100
AcDbArc
 50
-90.00000000
 51
90.00000000
  0
LINE
  5
441
330
1B
100
AcDbEntity
  8
F.Silkscreen
  6
CONTINUOUS
100
AcDbLine
 10
104.9724999999999966
 20
-54.5
 30
0
 11
106.352499999999992
 21
-54.5
 31
0
  0
LINE
  5
442
330
1B
100
AcDbEntity
  8
F.Silkscreen
  6
CONTINUOUS
100
AcDbLine
 10
104.9724999999999966
 20
-55.8799999999999955
 30
0
 11
104.9724999999999966
 21
-54.5
 31
0
  0
LINE
  5
443
330
1B
100
AcDbEntity
  8
F.Silkscreen
  6
CONTINUOUS
100
AcDbLine
 10
104.9724999999999966
 20
-57.1499999999999986
 30
0
 11
104.9724999999999966
 21
-75.039999999999992
 31
0
  0
LINE
  5
444
330
1B
100
AcDbEntity
  8
F.Silkscreen
  6
CONTINUOUS
100
AcDbLine
 10
104.9724999999999966
 20
-57.1499999999999986
 30
0
 11
107.7325000000000017
 21
-57.1499999999999986
 31
0
  0
LINE
  5
445
330
1B
100
AcDbEntity
  8
F.Silkscreen
  6
CONTINUOUS
100
AcDbLine
 10
104.9724999999999966
 20
-75.039999999999992
 30
0
 11
107.7325000000000017
 21
-75.039999999999992
 31
0
  0
LINE
  5
446
330
1B
100
AcDbEntity
  8
F.Silkscreen
  6
CONTINUOUS
100
AcDbLine
 10
107.7325000000000017
 20
-57.1499999999999986
 30
0
 11
107.7325000000000017
 21
-75.039999999999992
 31
0
  0
LINE
  5
447
330
1B
100
AcDbEntity
  8
F.Silkscreen
  6
CONTINUOUS
100
AcDbLine
 10
56.9525000000000006
 20
-84.1099999999999994
 30
0
 11
56.9525000000000006
 21
-85.3599999999999994
 31
0
  0
LINE
  5
448
330
1B
100
AcDbEntity
  8
F.Silkscreen
  6
CONTINUOUS
100
AcDbLine
 10
56.9525000000000006
 20
-87.3599999999999994
 30
0
 11
56.9525000000000006
 21
-88.6099999999999994
 31
0
  0
LINE
  5
449
330
1B
100
AcDbEntity
  8
F.Silkscreen
  6
CONTINUOUS
100
AcDbLine
 10
56.9525000000000006
 20
-88.6099999999999994
 30
0
 11
74.852499999999992
 21
-88.6099999999999994
 31
0
  0
LINE
  5
44A
330
1B
100
AcDbEntity
  8
F.Silkscreen
  6
CONTINUOUS
100
AcDbLine
 10
74.852499999999992
 20
-84.1099999999999994
 30
0
 11
56.9525000000000006
 21
-84.1099999999999994
 31
0
  0
LINE
  5
44B
330
1B
100
AcDbEntity
  8
F.Silkscreen
  6
CONTINUOUS
100
AcDbLine
 10
74.852499999999992
 20
-88.6099999999999994
 30
0
 11
74.852499999999992
 21
-84.1099999999999994
 31
0
  0
ARC
  5
44C
330
1B
100
AcDbEntity
  8
F.Silkscreen
100
AcDbCircle
 10
56.9525000000000006
 20
-86.3599999999999994
 30
0
 40
1.
100
AcDbArc
 50
-90.00000000
 51
90.00000000
  0
CIRCLE
  5
44D
330
1B
100
AcDbEntity
  8
F.Silkscreen
100
AcDbCircle
 10
79.5
 20
-49.
 30
0
 40
1.2
  0
LINE
  5
44E
330
1B
100
AcDbEntity
  8
F.Silkscreen
  6
CONTINUOUS
100
AcDbLine
 10
78.6324999999999932
 20
-63.3999999999999986
 30
0
 11
83.8725000000000023
 21
-63.3999999999999986
 31
0
  0
LINE
  5
44F
330
1B
100
AcDbEntity
  8
F.Silkscreen
  6
CONTINUOUS
100
AcDbLine
 10
78.6324999999999932
 20
-63.7369999999999948
 30
0
 11
78.6324999999999932
 21
-63.3999999999999986
 31
0
  0
LINE
  5
450
330
1B
100
AcDbEntity
  8
F.Silkscreen
  6
CONTINUOUS
100
AcDbLine
 10
78.6324999999999932
 20
-66.1400000000000006
 30
0
 11
78.6324999999999932
 21
-65.8029999999999973
 31
0
  0
LINE
  5
451
330
1B
100
AcDbEntity
  8
F.Silkscreen
  6
CONTINUOUS
100
AcDbLine
 10
83.8725000000000023
 20
-63.3999999999999986
 30
0
 11
83.8725000000000023
 21
-63.7369999999999948
 31
0
  0
LINE
  5
452
330
1B
100
AcDbEntity
  8
F.Silkscreen
  6
CONTINUOUS
100
AcDbLine
 10
83.8725000000000023
 20
-65.8029999999999973
 30
0
 11
83.8725000000000023
 21
-66.1400000000000006
 31
0
  0
LINE
  5
453
330
1B
100
AcDbEntity
  8
F.Silkscreen
  6
CONTINUOUS
100
AcDbLine
 10
83.8725000000000023
 20
-66.1400000000000006
 30
0
 11
78.6324999999999932
 21
-66.1400000000000006
 31
0
  0
CIRCLE
  5
454
330
1B
100
AcDbEntity
  8
F.Silkscreen
100
AcDbCircle
 10
69.5
 20
-53.
 30
0
 40
1.2
  0
CIRCLE
  5
455
330
1B
100
AcDbEntity
  8
F.Silkscreen
100
AcDbCircle
 10
71.5
 20
-36.5
 30
0
 40
1.2
  0
CIRCLE
  5
456
330
1B
100
AcDbEntity
  8
F.Silkscreen
100
AcDbCircle
 10
60.
 20
-43.
 30
0
 40
1.2
  0
CIRCLE
  5
457
330
1B
100
AcDbEntity
  8
F.Silkscreen
100
AcDbCircle
 10
111.
 20
-68.5
 30
0
 40
1.2
  0
LINE
  5
458
330
1B
100
AcDbEntity
  8
F.Silkscreen
  6
CONTINUOUS
100
AcDbLine
 10
66.1400000000000006
 20
-98.9599999999999937
 30
0
 11
71.3799999999999955
 21
-98.9599999999999937
 31
0
  0
LINE
  5
459
330
1B
100
AcDbEntity
  8
F.Silkscreen
  6
CONTINUOUS
100
AcDbLine
 10
66.1400000000000006
 20
-99.296999999999997
 30
0
 11
66.1400000000000006
 21
-98.9599999999999937
 31
0
  0
LINE
  5
45A
330
1B
100
AcDbEntity
  8
F.Silkscreen
  6
CONTINUOUS
100
AcDbLine
 10
66.1400000000000006
 20
-101.6999999999999886
 30
0
 11
66.1400000000000006
 21
-101.3629999999999995
 31
0
  0
LINE
  5
45B
330
1B
100
AcDbEntity
  8
F.Silkscreen
  6
CONTINUOUS
100
AcDbLine
 10
71.3799999999999955
 20
-98.9599999999999937
 30
0
 11
71.3799999999999955
 21
-99.296999999999997
 31
0
  0
LINE
  5
45C
330
1B
100
AcDbEntity
  8
F.Silkscreen
  6
CONTINUOUS
100
AcDbLine
 10
71.3799999999999955
 20
-101.3629999999999995
 30
0
 11
71.3799999999999955
 21
-101.6999999999999886
 31
0
  0
LINE
  5
45D
330
1B
100
AcDbEntity
  8
F.Silkscreen
  6
CONTINUOUS
100
AcDbLine
 10
71.3799999999999955
 20
-101.6999999999999886
 30
0
 11
66.1400000000000006
 21
-101.6999999999999886
 31
0
  0
CIRCLE
  5
45E
330
1B
100
AcDbEntity
  8
F.Silkscreen
100
AcDbCircle
 10
42.
 20
-35.5
 30
0
 40
1.2
  0
CIRCLE
  5
45F
330
1B
100
AcDbEntity
  8
F.Silkscreen
100
AcDbCircle
 10
84.
 20
-75.
 30
0
 40
1.2
  0
LINE
  5
460
330
1B
100
AcDbEntity
  8
F.Silkscreen
  6
CONTINUOUS
100
AcDbLine
 10
86.3199999999999932
 20
-30.4199999999999982
 30
0
 11
86.3199999999999932
 21
-50.8599999999999994
 31
0
  0
LINE
  5
461
330
1B
100
AcDbEntity
  8
F.Silkscreen
  6
CONTINUOUS
100
AcDbLine
 10
86.3199999999999932
 20
-50.8599999999999994
 30
0
 11
90.8199999999999932
 21
-50.8599999999999994
 31
0
  0
LINE
  5
462
330
1B
100
AcDbEntity
  8
F.Silkscreen
  6
CONTINUOUS
100
AcDbLine
 10
87.5699999999999932
 20
-30.4199999999999982
 30
0
 11
86.3199999999999932
 21
-30.4199999999999982
 31
0
  0
LINE
  5
463
330
1B
100
AcDbEntity
  8
F.Silkscreen
  6
CONTINUOUS
100
AcDbLine
 10
90.8199999999999932
 20
-30.4199999999999982
 30
0
 11
89.5699999999999932
 21
-30.4199999999999982
 31
0
  0
LINE
  5
464
330
1B
100
AcDbEntity
  8
F.Silkscreen
  6
CONTINUOUS
100
AcDbLine
 10
90.8199999999999932
 20
-50.8599999999999994
 30
0
 11
90.8199999999999932
 21
-30.4199999999999982
 31
0
  0
ARC
  5
465
330
1B
100
AcDbEntity
  8
F.Silkscreen
100
AcDbCircle
 10
88.5699999999999932
 20
-30.4199999999999982
 30
0
 40
1.
100
AcDbArc
 50
-180.00000000
 51
-0.00000000
  0
LINE
  5
466
330
1B
100
AcDbEntity
  8
F.Silkscreen
  6
CONTINUOUS
100
AcDbLine
 10
71.4449999999999932
 20
-106.5799999999999983
 30
0
 11
77.9849999999999994
 21
-106.5799999999999983
 31
0
  0
LINE
  5
467
330
1B
100
AcDbEntity
  8
F.Silkscreen
  6
CONTINUOUS
100
AcDbLine
 10
71.4449999999999932
 20
-106.9099999999999966
 30
0
 11
71.4449999999999932
 21
-106.5799999999999983
 31
0
  0
LINE
  5
468
330
1B
100
AcDbEntity
  8
F.Silkscreen
  6
CONTINUOUS
100
AcDbLine
 10
71.4449999999999932
 20
-108.9899999999999949
 30
0
 11
71.4449999999999932
 21
-109.3199999999999932
 31
0
  0
LINE
  5
469
330
1B
100
AcDbEntity
  8
F.Silkscreen
  6
CONTINUOUS
100
AcDbLine
 10
71.4449999999999932
 20
-109.3199999999999932
 30
0
 11
77.9849999999999994
 21
-109.3199999999999932
 31
0
  0
LINE
  5
46A
330
1B
100
AcDbEntity
  8
F.Silkscreen
  6
CONTINUOUS
100
AcDbLine
 10
77.9849999999999994
 20
-106.5799999999999983
 30
0
 11
77.9849999999999994
 21
-106.9099999999999966
 31
0
  0
LINE
  5
46B
330
1B
100
AcDbEntity
  8
F.Silkscreen
  6
CONTINUOUS
100
AcDbLine
 10
77.9849999999999994
 20
-109.3199999999999932
 30
0
 11
77.9849999999999994
 21
-108.9899999999999949
 31
0
  0
CIRCLE
  5
46C
330
1B
100
AcDbEntity
  8
F.Silkscreen
100
AcDbCircle
 10
97.5
 20
-47.
 30
0
 40
1.2
  0
CIRCLE
  5
46D
330
1B
100
AcDbEntity
  8
F.Silkscreen
100
AcDbCircle
 10
99.5
 20
-68.5
 30
0
 40
1.2
  0
LINE
  5
46E
330
1B
100
AcDbEntity
  8
F.Silkscreen
  6
CONTINUOUS
100
AcDbLine
 10
64.9350000000000023
 20
-63.3999999999999986
 30
0
 11
70.1749999999999972
 21
-63.3999999999999986
 31
0
  0
LINE
  5
46F
330
1B
100
AcDbEntity
  8
F.Silkscreen
  6
CONTINUOUS
100
AcDbLine
 10
64.9350000000000023
 20
-63.7369999999999948
 30
0
 11
64.9350000000000023
 21
-63.3999999999999986
 31
0
  0
LINE
  5
470
330
1B
100
AcDbEntity
  8
F.Silkscreen
  6
CONTINUOUS
100
AcDbLine
 10
64.9350000000000023
 20
-66.1400000000000006
 30
0
 11
64.9350000000000023
 21
-65.8029999999999973
 31
0
  0
LINE
  5
471
330
1B
100
AcDbEntity
  8
F.Silkscreen
  6
CONTINUOUS
100
AcDbLine
 10
70.1749999999999972
 20
-63.3999999999999986
 30
0
 11
70.1749999999999972
 21
-63.7369999999999948
 31
0
  0
LINE
  5
472
330
1B
100
AcDbEntity
  8
F.Silkscreen
  6
CONTINUOUS
100
AcDbLine
 10
70.1749999999999972
 20
-65.8029999999999973
 30
0
 11
70.1749999999999972
 21
-66.1400000000000006
 31
0
  0
LINE
  5
473
330
1B
100
AcDbEntity
  8
F.Silkscreen
  6
CONTINUOUS
100
AcDbLine
 10
70.1749999999999972
 20
-66.1400000000000006
 30
0
 11
64.9350000000000023
 21
-66.1400000000000006
 31
0
  0
LINE
  5
474
330
1B
100
AcDbEntity
  8
F.Silkscreen
  6
CONTINUOUS
100
AcDbLine
 10
97.3900000000000006
 20
-39.269999999999996
 30
0
 11
102.6299999999999955
 21
-39.269999999999996
 31
0
  0
LINE
  5
475
330
1B
100
AcDbEntity
  8
F.Silkscreen
  6
CONTINUOUS
100
AcDbLine
 10
97.3900000000000006
 20
-39.6069999999999993
 30
0
 11
97.3900000000000006
 21
-39.269999999999996
 31
0
  0
LINE
  5
476
330
1B
100
AcDbEntity
  8
F.Silkscreen
  6
CONTINUOUS
100
AcDbLine
 10
97.3900000000000006
 20
-42.009999999999998
 30
0
 11
97.3900000000000006
 21
-41.6729999999999947
 31
0
  0
LINE
  5
477
330
1B
100
AcDbEntity
  8
F.Silkscreen
  6
CONTINUOUS
100
AcDbLine
 10
102.6299999999999955
 20
-39.269999999999996
 30
0
 11
102.6299999999999955
 21
-39.6069999999999993
 31
0
  0
LINE
  5
478
330
1B
100
AcDbEntity
  8
F.Silkscreen
  6
CONTINUOUS
100
AcDbLine
 10
102.6299999999999955
 20
-41.6729999999999947
 30
0
 11
102.6299999999999955
 21
-42.009999999999998
 31
0
  0
LINE
  5
479
330
1B
100
AcDbEntity
  8
F.Silkscreen
  6
CONTINUOUS
100
AcDbLine
 10
102.6299999999999955
 20
-42.009999999999998
 30
0
 11
97.3900000000000006
 21
-42.009999999999998
 31
0
  0
LINE
  5
47A
330
1B
100
AcDbEntity
  8
F.Silkscreen
  6
CONTINUOUS
100
AcDbLine
 10
77.7650000000000006
 20
-97.894999999999996
 30
0
 11
84.0150000000000006
 21
-97.894999999999996
 31
0
  0
LINE
  5
47B
330
1B
100
AcDbEntity
  8
F.Silkscreen
  6
CONTINUOUS
100
AcDbLine
 10
84.0150000000000006
 20
-102.7650000000000006
 30
0
 11
77.7650000000000006
 21
-102.7650000000000006
 31
0
  0
ARC
  5
47C
330
1B
100
AcDbEntity
  8
F.Silkscreen
100
AcDbCircle
 10
77.7650000000000006
 20
-100.3299999999999983
 30
0
 40
2.4350000000000001
100
AcDbArc
 50
-270.00000000
 51
-90.00000000
  0
ARC
  5
47D
330
1B
100
AcDbEntity
  8
F.Silkscreen
100
AcDbCircle
 10
84.0150000000000006
 20
-100.3299999999999983
 30
0
 40
2.4350000000000001
100
AcDbArc
 50
-90.00000000
 51
90.00000000
  0
CIRCLE
  5
47E
330
1B
100
AcDbEntity
  8
F.Silkscreen
100
AcDbCircle
 10
43.
 20
-31.5
 30
0
 40
1.2
  0
CIRCLE
  5
47F
330
1B
100
AcDbEntity
  8
F.Silkscreen
100
AcDbCircle
 10
56.
 20
-74.
 30
0
 40
1.2
  0
CIRCLE
  5
480
330
1B
100
AcDbEntity
  8
F.Silkscreen
100
AcDbCircle
 10
111.
 20
-61.
 30
0
 40
1.2
  0
LINE
  5
481
330
1B
100
AcDbEntity
  8
F.Silkscreen
  6
CONTINUOUS
100
AcDbLine
 10
61.9824999999999946
 20
-75.3199999999999932
 30
0
 11
61.9824999999999946
 21
-78.0799999999999983
 31
0
  0
LINE
  5
482
330
1B
100
AcDbEntity
  8
F.Silkscreen
  6
CONTINUOUS
100
AcDbLine
 10
67.1724999999999994
 20
-75.3199999999999932
 30
0
 11
61.9824999999999946
 21
-75.3199999999999932
 31
0
  0
LINE
  5
483
330
1B
100
AcDbEntity
  8
F.Silkscreen
  6
CONTINUOUS
100
AcDbLine
 10
67.1724999999999994
 20
-75.3199999999999932
 30
0
 11
67.1724999999999994
 21
-78.0799999999999983
 31
0
  0
LINE
  5
484
330
1B
100
AcDbEntity
  8
F.Silkscreen
  6
CONTINUOUS
100
AcDbLine
 10
67.1724999999999994
 20
-78.0799999999999983
 30
0
 11
61.9824999999999946
 21
-78.0799999999999983
 31
0
  0
LINE
  5
485
330
1B
100
AcDbEntity
  8
F.Silkscreen
  6
CONTINUOUS
100
AcDbLine
 10
68.4424999999999955
 20
-75.3199999999999932
 30
0
 11
69.8224999999999909
 21
-75.3199999999999932
 31
0
  0
LINE
  5
486
330
1B
100
AcDbEntity
  8
F.Silkscreen
  6
CONTINUOUS
100
AcDbLine
 10
69.8224999999999909
 20
-75.3199999999999932
 30
0
 11
69.8224999999999909
 21
-76.7000000000000028
 31
0
  0
LINE
  5
487
330
1B
100
AcDbEntity
  8
F.Silkscreen
  6
CONTINUOUS
100
AcDbLine
 10
37.3699999999999974
 20
-39.269999999999996
 30
0
 11
42.6099999999999994
 21
-39.269999999999996
 31
0
  0
LINE
  5
488
330
1B
100
AcDbEntity
  8
F.Silkscreen
  6
CONTINUOUS
100
AcDbLine
 10
37.3699999999999974
 20
-39.6069999999999993
 30
0
 11
37.3699999999999974
 21
-39.269999999999996
 31
0
  0
LINE
  5
489
330
1B
100
AcDbEntity
  8
F.Silkscreen
  6
CONTINUOUS
100
AcDbLine
 10
37.3699999999999974
 20
-42.009999999999998
 30
0
 11
37.3699999999999974
 21
-41.6729999999999947
 31
0
  0
LINE
  5
48A
330
1B
100
AcDbEntity
  8
F.Silkscreen
  6
CONTINUOUS
100
AcDbLine
 10
42.6099999999999994
 20
-39.269999999999996
 30
0
 11
42.6099999999999994
 21
-39.6069999999999993
 31
0
  0
LINE
  5
48B
330
1B
100
AcDbEntity
  8
F.Silkscreen
  6
CONTINUOUS
100
AcDbLine
 10
42.6099999999999994
 20
-41.6729999999999947
 30
0
 11
42.6099999999999994
 21
-42.009999999999998
 31
0
  0
LINE
  5
48C
330
1B
100
AcDbEntity
  8
F.Silkscreen
  6
CONTINUOUS
100
AcDbLine
 10
42.6099999999999994
 20
-42.009999999999998
 30
0
 11
37.3699999999999974
 21
-42.009999999999998
 31
0
  0
CIRCLE
  5
48D
330
1B
100
AcDbEntity
  8
F.Silkscreen
100
AcDbCircle
 10
86.5
 20
-53.
 30
0
 40
1.2
  0
LINE
  5
48E
330
1B
100
AcDbEntity
  8
F.Silkscreen
  6
CONTINUOUS
100
AcDbLine
 10
49.1799999999999997
 20
-30.4199999999999982
 30
0
 11
49.1799999999999997
 21
-50.8599999999999994
 31
0
  0
LINE
  5
48F
330
1B
100
AcDbEntity
  8
F.Silkscreen
  6
CONTINUOUS
100
AcDbLine
 10
49.1799999999999997
 20
-50.8599999999999994
 30
0
 11
53.6799999999999997
 21
-50.8599999999999994
 31
0
  0
LINE
  5
490
330
1B
100
AcDbEntity
  8
F.Silkscreen
  6
CONTINUOUS
100
AcDbLine
 10
50.4299999999999997
 20
-30.4199999999999982
 30
0
 11
49.1799999999999997
 21
-30.4199999999999982
 31
0
  0
LINE
  5
491
330
1B
100
AcDbEntity
  8
F.Silkscreen
  6
CONTINUOUS
100
AcDbLine
 10
53.6799999999999997
 20
-30.4199999999999982
 30
0
 11
52.4299999999999997
 21
-30.4199999999999982
 31
0
  0
LINE
  5
492
330
1B
100
AcDbEntity
  8
F.Silkscreen
  6
CONTINUOUS
100
AcDbLine
 10
53.6799999999999997
 20
-50.8599999999999994
 30
0
 11
53.6799999999999997
 21
-30.4199999999999982
 31
0
  0
ARC
  5
493
330
1B
100
AcDbEntity
  8
F.Silkscreen
100
AcDbCircle
 10
51.4299999999999997
 20
-30.4199999999999982
 30
0
 40
1.
100
AcDbArc
 50
-180.00000000
 51
-0.00000000
  0
LINE
  5
494
330
1B
100
AcDbEntity
  8
F.Silkscreen
  6
CONTINUOUS
100
AcDbLine
 10
47.9525000000000006
 20
-84.9899999999999949
 30
0
 11
53.1924999999999955
 21
-84.9899999999999949
 31
0
  0
LINE
  5
495
330
1B
100
AcDbEntity
  8
F.Silkscreen
  6
CONTINUOUS
100
AcDbLine
 10
47.9525000000000006
 20
-85.3269999999999982
 30
0
 11
47.9525000000000006
 21
-84.9899999999999949
 31
0
  0
LINE
  5
496
330
1B
100
AcDbEntity
  8
F.Silkscreen
  6
CONTINUOUS
100
AcDbLine
 10
47.9525000000000006
 20
-87.7299999999999898
 30
0
 11
47.9525000000000006
 21
-87.3930000000000007
 31
0
  0
LINE
  5
497
330
1B
100
AcDbEntity
  8
F.Silkscreen
  6
CONTINUOUS
100
AcDbLine
 10
53.1924999999999955
 20
-84.9899999999999949
 30
0
 11
53.1924999999999955
 21
-85.3269999999999982
 31
0
  0
LINE
  5
498
330
1B
100
AcDbEntity
  8
F.Silkscreen
  6
CONTINUOUS
100
AcDbLine
 10
53.1924999999999955
 20
-87.3930000000000007
 30
0
 11
53.1924999999999955
 21
-87.7299999999999898
 31
0
  0
LINE
  5
499
330
1B
100
AcDbEntity
  8
F.Silkscreen
  6
CONTINUOUS
100
AcDbLine
 10
53.1924999999999955
 20
-87.7299999999999898
 30
0
 11
47.9525000000000006
 21
-87.7299999999999898
 31
0
  0
CIRCLE
  5
49A
330
1B
100
AcDbEntity
  8
F.Silkscreen
100
AcDbCircle
 10
100.
 20
-58.5
 30
0
 40
1.2
  0
LINE
  5
49B
330
1B
100
AcDbEntity
  8
F.Silkscreen
  6
CONTINUOUS
100
AcDbLine
 10
90.4424999999999955
 20
-54.5499999999999972
 30
0
 11
90.4424999999999955
 21
-74.9899999999999949
 31
0
  0
LINE
  5
49C
330
1B
100
AcDbEntity
  8
F.Silkscreen
  6
CONTINUOUS
100
AcDbLine
 10
90.4424999999999955
 20
-74.9899999999999949
 30
0
 11
94.9424999999999955
 21
-74.9899999999999949
 31
0
  0
LINE
  5
49D
330
1B
100
AcDbEntity
  8
F.Silkscreen
  6
CONTINUOUS
100
AcDbLine
 10
91.6924999999999955
 20
-54.5499999999999972
 30
0
 11
90.4424999999999955
 21
-54.5499999999999972
 31
0
  0
LINE
  5
49E
330
1B
100
AcDbEntity
  8
F.Silkscreen
  6
CONTINUOUS
100
AcDbLine
 10
94.9424999999999955
 20
-54.5499999999999972
 30
0
 11
93.6924999999999955
 21
-54.5499999999999972
 31
0
  0
LINE
  5
49F
330
1B
100
AcDbEntity
  8
F.Silkscreen
  6
CONTINUOUS
100
AcDbLine
 10
94.9424999999999955
 20
-74.9899999999999949
 30
0
 11
94.9424999999999955
 21
-54.5499999999999972
 31
0
  0
ARC
  5
4A0
330
1B
100
AcDbEntity
  8
F.Silkscreen
100
AcDbCircle
 10
92.6924999999999955
 20
-54.5499999999999972
 30
0
 40
1.
100
AcDbArc
 50
-180.00000000
 51
-0.00000000
  0
LINE
  5
4A1
330
1B
100
AcDbEntity
  8
F.Silkscreen
  6
CONTINUOUS
100
AcDbLine
 10
61.0549999999999997
 20
-106.5799999999999983
 30
0
 11
66.2950000000000017
 21
-106.5799999999999983
 31
0
  0
LINE
  5
4A2
330
1B
100
AcDbEntity
  8
F.Silkscreen
  6
CONTINUOUS
100
AcDbLine
 10
61.0549999999999997
 20
-106.9170000000000016
 30
0
 11
61.0549999999999997
 21
-106.5799999999999983
 31
0
  0
LINE
  5
4A3
330
1B
100
AcDbEntity
  8
F.Silkscreen
  6
CONTINUOUS
100
AcDbLine
 10
61.0549999999999997
 20
-109.3199999999999932
 30
0
 11
61.0549999999999997
 21
-108.9829999999999899
 31
0
  0
LINE
  5
4A4
330
1B
100
AcDbEntity
  8
F.Silkscreen
  6
CONTINUOUS
100
AcDbLine
 10
66.2950000000000017
 20
-106.5799999999999983
 30
0
 11
66.2950000000000017
 21
-106.9170000000000016
 31
0
  0
LINE
  5
4A5
330
1B
100
AcDbEntity
  8
F.Silkscreen
  6
CONTINUOUS
100
AcDbLine
 10
66.2950000000000017
 20
-108.9829999999999899
 30
0
 11
66.2950000000000017
 21
-109.3199999999999932
 31
0
  0
LINE
  5
4A6
330
1B
100
AcDbEntity
  8
F.Silkscreen
  6
CONTINUOUS
100
AcDbLine
 10
66.2950000000000017
 20
-109.3199999999999932
 30
0
 11
61.0549999999999997
 21
-109.3199999999999932
 31
0
  0
CIRCLE
  5
4A7
330
1B
100
AcDbEntity
  8
F.Silkscreen
100
AcDbCircle
 10
79.5
 20
-53.
 30
0
 40
1.2
  0
LINE
  5
4A8
330
1B
100
AcDbEntity
  8
Edge.Cuts
  6
CONTINUOUS
100
AcDbLine
 10
20.
 20
-20.
 30
0
 11
120.
 21
-20.
 31
0
  0
LINE
  5
4A9
330
1B
100
AcDbEntity
  8
Edge.Cuts
  6
CONTINUOUS
100
AcDbLine
 10
120.
 20
-20.
 30
0
 11
120.
 21
-120.
 31
0
  0
LINE
  5
4AA
330
1B
100
AcDbEntity
  8
Edge.Cuts
  6
CONTINUOUS
100
AcDbLine
 10
120.
 20
-120.
 30
0
 11
20.
 21
-120.
 31
0
  0
LINE
  5
4AB
330
1B
100
AcDbEntity
  8
Edge.Cuts
  6
CONTINUOUS
100
AcDbLine
 10
20.
 20
-120.
 30
0
 11
20.
 21
-20.
 31
0
  0
ENDSEC
  0
SECTION
  2
OBJECTS
  0
DICTIONARY
  5
21
330
0
100
AcDbDictionary
281
1
  3
ACAD_GROUP
350
4AC
  3
ACAD_LAYOUT
350
22
  3
ACAD_PLOTSTYLENAME
350
11
  0
DICTIONARY
  5
4AC
330
21
100
AcDbDictionary
281
1
  0
ACDBDICTIONARYWDFLT
  5
11
330
21
100
AcDbDictionary
281
1
  3
Normal
350
10
100
AcDbDictionaryWithDefault
340
10
  0
ACDBPLACEHOLDER
  5
10
330
11
  0
DICTIONARY
  5
22
330
21
100
AcDbDictionary
281
1
  3
Model
350
1E
  3
Layout1
350
1F
  3
Layout2
350
20
  0
LAYOUT
  5
1E
330
22
100
AcDbPlotSettings
  1

  2
none_device
  4
A3
  6

 40
0.0
 41
0.0
 42
0.0
 43
0.0
 44
420.0
 45
297.0
 46
0.0
 47
0.0
 48
0.0
 49
0.0
140
0.0
141
0.0
142
1.0
143
1.0
 70
1024
 72
1
 73
0
 74
5
  7

 75
16
 76
0
 77
2
 78
300
147
1.0
148
0.0
149
0.0
100
AcDbLayout
  1
Model
 70
1
 71
0
 10
0.0
 20
0.0
 11
420.0
 21
297.0
 12
0.0
 22
0.0
 32
0.0
 14
1e+20
 24
1e+20
 34
1e+20
 15
-1e+20
 25
-1e+20
 35
-1e+20
146
0.0
 13
0.0
 23
0.0
 33
0.0
 16
1.0
 26
0.0
 36
0.0
 17
0.0
 27
1.0
 37
0.0
 76
0
330
1B
  0
LAYOUT
  5
1F
330
22
100
AcDbPlotSettings
  1

  2
none_device
  4
A3
  6

 40
0.0
 41
0.0
 42
0.0
 43
0.0
 44
420.0
 45
297.0
 46
0.0
 47
0.0
 48
0.0
 49
0.0
140
0.0
141
0.0
142
1.0
143
1.0
 70
0
 72
1
 73
0
 74
5
  7

 75
16
 76
0
 77
2
 78
300
147
1.0
148
0.0
149
0.0
100
AcDbLayout
  1
Layout1
 70
1
 71
1
 10
0.0
 20
0.0
 11
420.0
 21
297.0
 12
0.0
 22
0.0
 32
0.0
 14
1e+20
 24
1e+20
 34
1e+20
 15
-1e+20
 25
-1e+20
 35
-1e+20
146
0.0
 13
0.0
 23
0.0
 33
0.0
 16
1.0
 26
0.0
 36
0.0
 17
0.0
 27
1.0
 37
0.0
 76
0
330
1C
  0
LAYOUT
  5
20
330
22
100
AcDbPlotSettings
  1

  2
none_device
  4
A3
  6

 40
0.0
 41
0.0
 42
0.0
 43
0.0
 44
420.0
 45
297.0
 46
0.0
 47
0.0
 48
0.0
 49
0.0
140
0.0
141
0.0
142
1.0
143
1.0
 70
0
 72
1
 73
0
 74
5
  7

 75
16
 76
0
 77
2
 78
300
147
1.0
148
0.0
149
0.0
100
AcDbLayout
  1
Layout2
 70
1
 71
2
 10
0.0
 20
0.0
 11
420.0
 21
297.0
 12
0.0
 22
0.0
 32
0.0
 14
1e+20
 24
1e+20
 34
1e+20
 15
-1e+20
 25
-1e+20
 35
-1e+20
146
0.0
 13
0.0
 23
0.0
 33
0.0
 16
1.0
 26
0.0
 36
0.0
 17
0.0
 27
1.0
 37
0.0
 76
0
330
1D
  0
ENDSEC
  0
EOF
