  0
SECTION
  2
HEADER
  9
$ACADVER
  1
AC1018
  9
$HANDSEED
  5
FFFFFFFF
  9
$ANGBASE
  50
0.0
  9
$ANGDIR
  70
1
  9
$MEASUREMENT
  70
1
  9
$INSUNITS
  70
4
  0
ENDSEC
  0
SECTION
  2
TABLES
  0
TABLE
  2
APPID
  5
1
330
0
100
AcDbSymbolTable
 70
1
  0
APPID
  5
2
330
1
100
AcDbSymbolTableRecord
100
AcDbRegAppTableRecord
  2
ACAD
 70
0
  0
ENDTAB
  0
TABLE
  2
LTYPE
  5
3
330
0
100
AcDbSymbolTable
 70
6
  0
LTYPE
  5
4
330
3
100
AcDbSymbolTableRecord
100
AcDbLinetypeTableRecord
  2
ByBlock
 70
0
  3

 72
65
 73
0
 40
0
  0
LTYPE
  5
5
330
3
100
AcDbSymbolTableRecord
100
AcDbLinetypeTableRecord
  2
ByLayer
 70
0
  3

 72
65
 73
0
 40
0
  0
LTYPE
  5
6
330
3
100
AcDbSymbolTableRecord
100
AcDbLinetypeTableRecord
  2
CONTINUOUS
 70
0
  3
Solid line
 72
65
 73
0
 40
0
  0
LTYPE
  5
7
330
3
100
AcDbSymbolTableRecord
100
AcDbLinetypeTableRecord
  2
DASHDOT
 70
0
  3
Dash Dot ____ _ ____ _
 72
65
 73
4
 40
2
 49
1.25
 74
0
 49
-0.25
 74
0
 49
0.25
 74
0
 49
-0.25
 74
0
  0
LTYPE
  5
8
330
3
100
AcDbSymbolTableRecord
100
AcDbLinetypeTableRecord
  2
DASHED
 70
0
  3
Dashed __ __ __ __ __
 72
65
 73
2
 40
0.75
 49
0.5
 74
0
 49
-0.25
 74
0
  0
LTYPE
  5
9
330
3
100
AcDbSymbolTableRecord
100
AcDbLinetypeTableRecord
  2
DOTTED
 70
0
  3
Dotted .  .  .  .
 72
65
 73
2
 40
0.2
 49
0.0
 74
0
 49
-0.2
 74
0
  0
ENDTAB
  0
TABLE
  2
STYLE
  5
A
330
0
100
AcDbSymbolTable
 70
4
  0
STYLE
  5
B
330
A
100
AcDbSymbolTableRecord
100
AcDbTextStyleTableRecord
  2
KICAD
 70
0
 40
0
 41
1
 42
1
 50
0
 71
0
  3
isocp.shx
  0
STYLE
  5
C
330
A
100
AcDbSymbolTableRecord
100
AcDbTextStyleTableRecord
  2
KICADB
 70
0
 40
0
 41
1
 42
1
 50
0
 71
0
  3
isocp.shx
  0
STYLE
  5
D
330
A
100
AcDbSymbolTableRecord
100
AcDbTextStyleTableRecord
  2
KICADI
 70
0
 40
0
 41
1
 42
1
 50
15
 71
0
  3
isocp.shx
  0
STYLE
  5
E
330
A
100
AcDbSymbolTableRecord
100
AcDbTextStyleTableRecord
  2
KICADBI
 70
0
 40
0
 41
1
 42
1
 50
15
 71
0
  3
isocp.shx
  0
ENDTAB
  0
TABLE
  2
LAYER
  5
F
330
0
100
AcDbSymbolTable
 70
3
  0
LAYER
  5
12
330
F
100
AcDbSymbolTableRecord
100
AcDbLayerTableRecord
  2
0
 70
0
 62
7
  6
CONTINUOUS
390
10
  0
LAYER
  5
13
330
F
100
AcDbSymbolTableRecord
100
AcDbLayerTableRecord
  2
F.Cu
 70
0
 62
52
420
12106534
  6
CONTINUOUS
390
10
  0
LAYER
  5
14
330
F
100
AcDbSymbolTableRecord
100
AcDbLayerTableRecord
  2
Edge.Cuts
 70
0
 62
40
420
16432431
  6
CONTINUOUS
390
10
  0
ENDTAB
  0
TABLE
  2
VPORT
  5
15
330
0
100
AcDbSymbolTable
 70
0
  0
ENDTAB
  0
TABLE
  2
VIEW
  5
16
330
0
100
AcDbSymbolTable
 70
0
  0
ENDTAB
  0
TABLE
  2
UCS
  5
17
330
0
100
AcDbSymbolTable
 70
0
  0
ENDTAB
  0
TABLE
  2
DIMSTYLE
  5
18
330
0
100
AcDbSymbolTable
 70
1
100
AcDbDimStyleTable
 71
0
  0
DIMSTYLE
105
19
330
18
100
AcDbSymbolTableRecord
100
AcDbDimStyleTableRecord
  2
Standard
 70
0
  0
ENDTAB
  0
TABLE
  2
BLOCK_RECORD
  5
1A
330
0
100
AcDbSymbolTable
 70
3
  0
BLOCK_RECORD
  5
1B
330
1A
100
AcDbSymbolTableRecord
100
AcDbBlockTableRecord
  2
*Model_Space
340
1E
 70
0
280
1
281
0
  0
BLOCK_RECORD
  5
1C
330
1A
100
AcDbSymbolTableRecord
100
AcDbBlockTableRecord
  2
*Paper_Space
340
1F
 70
0
280
1
281
0
  0
BLOCK_RECORD
  5
1D
330
1A
100
AcDbSymbolTableRecord
100
AcDbBlockTableRecord
  2
*Paper_Space0
340
20
 70
0
280
1
281
0
  0
ENDTAB
  0
ENDSEC
  0
SECTION
  2
BLOCKS
  0
BLOCK
  5
24
330
1B
100
AcDbEntity
  8
0
100
AcDbBlockBegin
  2
*Model_Space
 70
0
 10
0.0
 20
0.0
 30
0.0
  3
*Model_Space
  1

  0
ENDBLK
  5
23
330
1B
100
AcDbEntity
  8
0
100
AcDbBlockEnd
  0
BLOCK
  5
26
330
1C
100
AcDbEntity
 67
1
  8
0
100
AcDbBlockBegin
  2
*Paper_Space
 70
0
 10
0.0
 20
0.0
 30
0.0
  3
*Paper_Space
  1

  0
ENDBLK
  5
25
330
1C
100
AcDbEntity
 67
1
  8
0
100
AcDbBlockEnd
  0
BLOCK
  5
28
330
1D
100
AcDbEntity
 67
1
  8
0
100
AcDbBlockBegin
  2
*Paper_Space0
 70
0
 10
0.0
 20
0.0
 30
0.0
  3
*Paper_Space0
  1

  0
ENDBLK
  5
27
330
1D
100
AcDbEntity
 67
1
  8
0
100
AcDbBlockEnd
  0
ENDSEC
  0
SECTION
  2
ENTITIES
  0
LINE
  5
29
330
1B
100
AcDbEntity
  8
F.Cu
  6
CONTINUOUS
100
AcDbLine
 10
61.4072279999999964
 20
-107.1844479999999891
 30
0
 11
61.5521169999999955
 21
-107.2444629999999961
 31
0
  0
LINE
  5
2A
330
1B
100
AcDbEntity
  8
F.Cu
  6
CONTINUOUS
100
AcDbLine
 10
61.5521169999999955
 20
-107.2444629999999961
 30
0
 11
61.6825149999999951
 21
-107.3315920000000006
 31
0
  0
LINE
  5
2B
330
1B
100
AcDbEntity
  8
F.Cu
  6
CONTINUOUS
100
AcDbLine
 10
61.6825149999999951
 20
-107.3315920000000006
 30
0
 11
61.7934079999999994
 21
-107.4424849999999907
 31
0
  0
LINE
  5
2C
330
1B
100
AcDbEntity
  8
F.Cu
  6
CONTINUOUS
100
AcDbLine
 10
61.7934079999999994
 20
-107.4424849999999907
 30
0
 11
61.8805369999999968
 21
-107.5728829999999903
 31
0
  0
LINE
  5
2D
330
1B
100
AcDbEntity
  8
F.Cu
  6
CONTINUOUS
100
AcDbLine
 10
61.8805369999999968
 20
-107.5728829999999903
 30
0
 11
61.9405519999999967
 21
-107.7177719999999965
 31
0
  0
LINE
  5
2E
330
1B
100
AcDbEntity
  8
F.Cu
  6
CONTINUOUS
100
AcDbLine
 10
61.9405519999999967
 20
-107.7177719999999965
 30
0
 11
61.9711479999999995
 21
-107.8715859999999935
 31
0
  0
LINE
  5
2F
330
1B
100
AcDbEntity
  8
F.Cu
  6
CONTINUOUS
100
AcDbLine
 10
61.9711479999999995
 20
-107.8715859999999935
 30
0
 11
61.9711479999999995
 21
-108.0284139999999979
 31
0
  0
LINE
  5
30
330
1B
100
AcDbEntity
  8
F.Cu
  6
CONTINUOUS
100
AcDbLine
 10
61.9711479999999995
 20
-108.0284139999999979
 30
0
 11
61.9405519999999967
 21
-108.1822279999999949
 31
0
  0
LINE
  5
31
330
1B
100
AcDbEntity
  8
F.Cu
  6
CONTINUOUS
100
AcDbLine
 10
61.9405519999999967
 20
-108.1822279999999949
 30
0
 11
61.8805369999999968
 21
-108.3271170000000012
 31
0
  0
LINE
  5
32
330
1B
100
AcDbEntity
  8
F.Cu
  6
CONTINUOUS
100
AcDbLine
 10
61.8805369999999968
 20
-108.3271170000000012
 30
0
 11
61.7934079999999994
 21
-108.4575150000000008
 31
0
  0
LINE
  5
33
330
1B
100
AcDbEntity
  8
F.Cu
  6
CONTINUOUS
100
AcDbLine
 10
61.7934079999999994
 20
-108.4575150000000008
 30
0
 11
61.6825149999999951
 21
-108.5684079999999909
 31
0
  0
LINE
  5
34
330
1B
100
AcDbEntity
  8
F.Cu
  6
CONTINUOUS
100
AcDbLine
 10
61.6825149999999951
 20
-108.5684079999999909
 30
0
 11
61.5521169999999955
 21
-108.6555369999999954
 31
0
  0
LINE
  5
35
330
1B
100
AcDbEntity
  8
F.Cu
  6
CONTINUOUS
100
AcDbLine
 10
61.5521169999999955
 20
-108.6555369999999954
 30
0
 11
61.4072279999999964
 21
-108.7155519999999882
 31
0
  0
LINE
  5
36
330
1B
100
AcDbEntity
  8
F.Cu
  6
CONTINUOUS
100
AcDbLine
 10
61.4072279999999964
 20
-108.7155519999999882
 30
0
 11
61.2534139999999994
 21
-108.7461479999999909
 31
0
  0
LINE
  5
37
330
1B
100
AcDbEntity
  8
F.Cu
  6
CONTINUOUS
100
AcDbLine
 10
61.2534139999999994
 20
-108.7461479999999909
 30
0
 11
61.096585999999995
 21
-108.7461479999999909
 31
0
  0
LINE
  5
38
330
1B
100
AcDbEntity
  8
F.Cu
  6
CONTINUOUS
100
AcDbLine
 10
61.096585999999995
 20
-108.7461479999999909
 30
0
 11
60.9427719999999979
 21
-108.7155519999999882
 31
0
  0
LINE
  5
39
330
1B
100
AcDbEntity
  8
F.Cu
  6
CONTINUOUS
100
AcDbLine
 10
60.9427719999999979
 20
-108.7155519999999882
 30
0
 11
60.7978829999999988
 21
-108.6555369999999954
 31
0
  0
LINE
  5
3A
330
1B
100
AcDbEntity
  8
F.Cu
  6
CONTINUOUS
100
AcDbLine
 10
60.7978829999999988
 20
-108.6555369999999954
 30
0
 11
60.6674849999999992
 21
-108.5684079999999909
 31
0
  0
LINE
  5
3B
330
1B
100
AcDbEntity
  8
F.Cu
  6
CONTINUOUS
100
AcDbLine
 10
60.6674849999999992
 20
-108.5684079999999909
 30
0
 11
60.5565919999999949
 21
-108.4575150000000008
 31
0
  0
LINE
  5
3C
330
1B
100
AcDbEntity
  8
F.Cu
  6
CONTINUOUS
100
AcDbLine
 10
60.5565919999999949
 20
-108.4575150000000008
 30
0
 11
60.4694629999999975
 21
-108.3271170000000012
 31
0
  0
LINE
  5
3D
330
1B
100
AcDbEntity
  8
F.Cu
  6
CONTINUOUS
100
AcDbLine
 10
60.4694629999999975
 20
-108.3271170000000012
 30
0
 11
60.4094479999999976
 21
-108.1822279999999949
 31
0
  0
LINE
  5
3E
330
1B
100
AcDbEntity
  8
F.Cu
  6
CONTINUOUS
100
AcDbLine
 10
60.4094479999999976
 20
-108.1822279999999949
 30
0
 11
60.3788519999999949
 21
-108.0284139999999979
 31
0
  0
LINE
  5
3F
330
1B
100
AcDbEntity
  8
F.Cu
  6
CONTINUOUS
100
AcDbLine
 10
60.3788519999999949
 20
-108.0284139999999979
 30
0
 11
60.3788519999999949
 21
-107.8715859999999935
 31
0
  0
LINE
  5
40
330
1B
100
AcDbEntity
  8
F.Cu
  6
CONTINUOUS
100
AcDbLine
 10
60.3788519999999949
 20
-107.8715859999999935
 30
0
 11
60.4094479999999976
 21
-107.7177719999999965
 31
0
  0
LINE
  5
41
330
1B
100
AcDbEntity
  8
F.Cu
  6
CONTINUOUS
100
AcDbLine
 10
60.4094479999999976
 20
-107.7177719999999965
 30
0
 11
60.4694629999999975
 21
-107.5728829999999903
 31
0
  0
LINE
  5
42
330
1B
100
AcDbEntity
  8
F.Cu
  6
CONTINUOUS
100
AcDbLine
 10
60.4694629999999975
 20
-107.5728829999999903
 30
0
 11
60.5565919999999949
 21
-107.4424849999999907
 31
0
  0
LINE
  5
43
330
1B
100
AcDbEntity
  8
F.Cu
  6
CONTINUOUS
100
AcDbLine
 10
60.5565919999999949
 20
-107.4424849999999907
 30
0
 11
60.6674849999999992
 21
-107.3315920000000006
 31
0
  0
LINE
  5
44
330
1B
100
AcDbEntity
  8
F.Cu
  6
CONTINUOUS
100
AcDbLine
 10
60.6674849999999992
 20
-107.3315920000000006
 30
0
 11
60.7978829999999988
 21
-107.2444629999999961
 31
0
  0
LINE
  5
45
330
1B
100
AcDbEntity
  8
F.Cu
  6
CONTINUOUS
100
AcDbLine
 10
60.7978829999999988
 20
-107.2444629999999961
 30
0
 11
60.9427719999999979
 21
-107.1844479999999891
 31
0
  0
LINE
  5
46
330
1B
100
AcDbEntity
  8
F.Cu
  6
CONTINUOUS
100
AcDbLine
 10
60.9427719999999979
 20
-107.1844479999999891
 30
0
 11
61.096585999999995
 21
-107.1538520000000005
 31
0
  0
LINE
  5
47
330
1B
100
AcDbEntity
  8
F.Cu
  6
CONTINUOUS
100
AcDbLine
 10
61.096585999999995
 20
-107.1538520000000005
 30
0
 11
61.2534139999999994
 21
-107.1538520000000005
 31
0
  0
LINE
  5
48
330
1B
100
AcDbEntity
  8
F.Cu
  6
CONTINUOUS
100
AcDbLine
 10
61.2534139999999994
 20
-107.1538520000000005
 30
0
 11
61.4072279999999964
 21
-107.1844479999999891
 31
0
  0
LINE
  5
49
330
1B
100
AcDbEntity
  8
F.Cu
  6
CONTINUOUS
100
AcDbLine
 10
66.4072280000000035
 20
-107.1844479999999891
 30
0
 11
66.5521169999999955
 21
-107.2444629999999961
 31
0
  0
LINE
  5
4A
330
1B
100
AcDbEntity
  8
F.Cu
  6
CONTINUOUS
100
AcDbLine
 10
66.5521169999999955
 20
-107.2444629999999961
 30
0
 11
66.6825149999999951
 21
-107.3315920000000006
 31
0
  0
LINE
  5
4B
330
1B
100
AcDbEntity
  8
F.Cu
  6
CONTINUOUS
100
AcDbLine
 10
66.6825149999999951
 20
-107.3315920000000006
 30
0
 11
66.7934079999999994
 21
-107.4424849999999907
 31
0
  0
LINE
  5
4C
330
1B
100
AcDbEntity
  8
F.Cu
  6
CONTINUOUS
100
AcDbLine
 10
66.7934079999999994
 20
-107.4424849999999907
 30
0
 11
66.8805370000000039
 21
-107.5728829999999903
 31
0
  0
LINE
  5
4D
330
1B
100
AcDbEntity
  8
F.Cu
  6
CONTINUOUS
100
AcDbLine
 10
66.8805370000000039
 20
-107.5728829999999903
 30
0
 11
66.9405519999999967
 21
-107.7177719999999965
 31
0
  0
LINE
  5
4E
330
1B
100
AcDbEntity
  8
F.Cu
  6
CONTINUOUS
100
AcDbLine
 10
66.9405519999999967
 20
-107.7177719999999965
 30
0
 11
66.9711479999999995
 21
-107.8715859999999935
 31
0
  0
LINE
  5
4F
330
1B
100
AcDbEntity
  8
F.Cu
  6
CONTINUOUS
100
AcDbLine
 10
66.9711479999999995
 20
-107.8715859999999935
 30
0
 11
66.9711479999999995
 21
-108.0284139999999979
 31
0
  0
LINE
  5
50
330
1B
100
AcDbEntity
  8
F.Cu
  6
CONTINUOUS
100
AcDbLine
 10
66.9711479999999995
 20
-108.0284139999999979
 30
0
 11
66.9405519999999967
 21
-108.1822279999999949
 31
0
  0
LINE
  5
51
330
1B
100
AcDbEntity
  8
F.Cu
  6
CONTINUOUS
100
AcDbLine
 10
66.9405519999999967
 20
-108.1822279999999949
 30
0
 11
66.8805370000000039
 21
-108.3271170000000012
 31
0
  0
LINE
  5
52
330
1B
100
AcDbEntity
  8
F.Cu
  6
CONTINUOUS
100
AcDbLine
 10
66.8805370000000039
 20
-108.3271170000000012
 30
0
 11
66.7934079999999994
 21
-108.4575150000000008
 31
0
  0
LINE
  5
53
330
1B
100
AcDbEntity
  8
F.Cu
  6
CONTINUOUS
100
AcDbLine
 10
66.7934079999999994
 20
-108.4575150000000008
 30
0
 11
66.6825149999999951
 21
-108.5684079999999909
 31
0
  0
LINE
  5
54
330
1B
100
AcDbEntity
  8
F.Cu
  6
CONTINUOUS
100
AcDbLine
 10
66.6825149999999951
 20
-108.5684079999999909
 30
0
 11
66.5521169999999955
 21
-108.6555369999999954
 31
0
  0
LINE
  5
55
330
1B
100
AcDbEntity
  8
F.Cu
  6
CONTINUOUS
100
AcDbLine
 10
66.5521169999999955
 20
-108.6555369999999954
 30
0
 11
66.4072280000000035
 21
-108.7155519999999882
 31
0
  0
LINE
  5
56
330
1B
100
AcDbEntity
  8
F.Cu
  6
CONTINUOUS
100
AcDbLine
 10
66.4072280000000035
 20
-108.7155519999999882
 30
0
 11
66.2534139999999923
 21
-108.7461479999999909
 31
0
  0
LINE
  5
57
330
1B
100
AcDbEntity
  8
F.Cu
  6
CONTINUOUS
100
AcDbLine
 10
66.2534139999999923
 20
-108.7461479999999909
 30
0
 11
66.0965860000000021
 21
-108.7461479999999909
 31
0
  0
LINE
  5
58
330
1B
100
AcDbEntity
  8
F.Cu
  6
CONTINUOUS
100
AcDbLine
 10
66.0965860000000021
 20
-108.7461479999999909
 30
0
 11
65.9427719999999908
 21
-108.7155519999999882
 31
0
  0
LINE
  5
59
330
1B
100
AcDbEntity
  8
F.Cu
  6
CONTINUOUS
100
AcDbLine
 10
65.9427719999999908
 20
-108.7155519999999882
 30
0
 11
65.7978829999999988
 21
-108.6555369999999954
 31
0
  0
LINE
  5
5A
330
1B
100
AcDbEntity
  8
F.Cu
  6
CONTINUOUS
100
AcDbLine
 10
65.7978829999999988
 20
-108.6555369999999954
 30
0
 11
65.6674849999999992
 21
-108.5684079999999909
 31
0
  0
LINE
  5
5B
330
1B
100
AcDbEntity
  8
F.Cu
  6
CONTINUOUS
100
AcDbLine
 10
65.6674849999999992
 20
-108.5684079999999909
 30
0
 11
65.5565919999999949
 21
-108.4575150000000008
 31
0
  0
LINE
  5
5C
330
1B
100
AcDbEntity
  8
F.Cu
  6
CONTINUOUS
100
AcDbLine
 10
65.5565919999999949
 20
-108.4575150000000008
 30
0
 11
65.4694629999999904
 21
-108.3271170000000012
 31
0
  0
LINE
  5
5D
330
1B
100
AcDbEntity
  8
F.Cu
  6
CONTINUOUS
100
AcDbLine
 10
65.4694629999999904
 20
-108.3271170000000012
 30
0
 11
65.4094479999999976
 21
-108.1822279999999949
 31
0
  0
LINE
  5
5E
330
1B
100
AcDbEntity
  8
F.Cu
  6
CONTINUOUS
100
AcDbLine
 10
65.4094479999999976
 20
-108.1822279999999949
 30
0
 11
65.3788519999999949
 21
-108.0284139999999979
 31
0
  0
LINE
  5
5F
330
1B
100
AcDbEntity
  8
F.Cu
  6
CONTINUOUS
100
AcDbLine
 10
65.3788519999999949
 20
-108.0284139999999979
 30
0
 11
65.3788519999999949
 21
-107.8715859999999935
 31
0
  0
LINE
  5
60
330
1B
100
AcDbEntity
  8
F.Cu
  6
CONTINUOUS
100
AcDbLine
 10
65.3788519999999949
 20
-107.8715859999999935
 30
0
 11
65.4094479999999976
 21
-107.7177719999999965
 31
0
  0
LINE
  5
61
330
1B
100
AcDbEntity
  8
F.Cu
  6
CONTINUOUS
100
AcDbLine
 10
65.4094479999999976
 20
-107.7177719999999965
 30
0
 11
65.4694629999999904
 21
-107.5728829999999903
 31
0
  0
LINE
  5
62
330
1B
100
AcDbEntity
  8
F.Cu
  6
CONTINUOUS
100
AcDbLine
 10
65.4694629999999904
 20
-107.5728829999999903
 30
0
 11
65.5565919999999949
 21
-107.4424849999999907
 31
0
  0
LINE
  5
63
330
1B
100
AcDbEntity
  8
F.Cu
  6
CONTINUOUS
100
AcDbLine
 10
65.5565919999999949
 20
-107.4424849999999907
 30
0
 11
65.6674849999999992
 21
-107.3315920000000006
 31
0
  0
LINE
  5
64
330
1B
100
AcDbEntity
  8
F.Cu
  6
CONTINUOUS
100
AcDbLine
 10
65.6674849999999992
 20
-107.3315920000000006
 30
0
 11
65.7978829999999988
 21
-107.2444629999999961
 31
0
  0
LINE
  5
65
330
1B
100
AcDbEntity
  8
F.Cu
  6
CONTINUOUS
100
AcDbLine
 10
65.7978829999999988
 20
-107.2444629999999961
 30
0
 11
65.9427719999999908
 21
-107.1844479999999891
 31
0
  0
LINE
  5
66
330
1B
100
AcDbEntity
  8
F.Cu
  6
CONTINUOUS
100
AcDbLine
 10
65.9427719999999908
 20
-107.1844479999999891
 30
0
 11
66.0965860000000021
 21
-107.1538520000000005
 31
0
  0
LINE
  5
67
330
1B
100
AcDbEntity
  8
F.Cu
  6
CONTINUOUS
100
AcDbLine
 10
66.0965860000000021
 20
-107.1538520000000005
 30
0
 11
66.2534139999999923
 21
-107.1538520000000005
 31
0
  0
LINE
  5
68
330
1B
100
AcDbEntity
  8
F.Cu
  6
CONTINUOUS
100
AcDbLine
 10
66.2534139999999923
 20
-107.1538520000000005
 30
0
 11
66.4072280000000035
 21
-107.1844479999999891
 31
0
  0
LINE
  5
69
330
1B
100
AcDbEntity
  8
F.Cu
  6
CONTINUOUS
100
AcDbLine
 10
71.1372279999999932
 20
-107.1844479999999891
 30
0
 11
71.2821169999999995
 21
-107.2444629999999961
 31
0
  0
LINE
  5
6A
330
1B
100
AcDbEntity
  8
F.Cu
  6
CONTINUOUS
100
AcDbLine
 10
71.2821169999999995
 20
-107.2444629999999961
 30
0
 11
71.4125149999999991
 21
-107.3315920000000006
 31
0
  0
LINE
  5
6B
330
1B
100
AcDbEntity
  8
F.Cu
  6
CONTINUOUS
100
AcDbLine
 10
71.4125149999999991
 20
-107.3315920000000006
 30
0
 11
71.5234080000000034
 21
-107.4424849999999907
 31
0
  0
LINE
  5
6C
330
1B
100
AcDbEntity
  8
F.Cu
  6
CONTINUOUS
100
AcDbLine
 10
71.5234080000000034
 20
-107.4424849999999907
 30
0
 11
71.6105369999999937
 21
-107.5728829999999903
 31
0
  0
LINE
  5
6D
330
1B
100
AcDbEntity
  8
F.Cu
  6
CONTINUOUS
100
AcDbLine
 10
71.6105369999999937
 20
-107.5728829999999903
 30
0
 11
71.6705520000000007
 21
-107.7177719999999965
 31
0
  0
LINE
  5
6E
330
1B
100
AcDbEntity
  8
F.Cu
  6
CONTINUOUS
100
AcDbLine
 10
71.6705520000000007
 20
-107.7177719999999965
 30
0
 11
71.7011480000000034
 21
-107.8715859999999935
 31
0
  0
LINE
  5
6F
330
1B
100
AcDbEntity
  8
F.Cu
  6
CONTINUOUS
100
AcDbLine
 10
71.7011480000000034
 20
-107.8715859999999935
 30
0
 11
71.7011480000000034
 21
-108.0284139999999979
 31
0
  0
LINE
  5
70
330
1B
100
AcDbEntity
  8
F.Cu
  6
CONTINUOUS
100
AcDbLine
 10
71.7011480000000034
 20
-108.0284139999999979
 30
0
 11
71.6705520000000007
 21
-108.1822279999999949
 31
0
  0
LINE
  5
71
330
1B
100
AcDbEntity
  8
F.Cu
  6
CONTINUOUS
100
AcDbLine
 10
71.6705520000000007
 20
-108.1822279999999949
 30
0
 11
71.6105369999999937
 21
-108.3271170000000012
 31
0
  0
LINE
  5
72
330
1B
100
AcDbEntity
  8
F.Cu
  6
CONTINUOUS
100
AcDbLine
 10
71.6105369999999937
 20
-108.3271170000000012
 30
0
 11
71.5234080000000034
 21
-108.4575150000000008
 31
0
  0
LINE
  5
73
330
1B
100
AcDbEntity
  8
F.Cu
  6
CONTINUOUS
100
AcDbLine
 10
71.5234080000000034
 20
-108.4575150000000008
 30
0
 11
71.4125149999999991
 21
-108.5684079999999909
 31
0
  0
LINE
  5
74
330
1B
100
AcDbEntity
  8
F.Cu
  6
CONTINUOUS
100
AcDbLine
 10
71.4125149999999991
 20
-108.5684079999999909
 30
0
 11
71.2821169999999995
 21
-108.6555369999999954
 31
0
  0
LINE
  5
75
330
1B
100
AcDbEntity
  8
F.Cu
  6
CONTINUOUS
100
AcDbLine
 10
71.2821169999999995
 20
-108.6555369999999954
 30
0
 11
71.1372279999999932
 21
-108.7155519999999882
 31
0
  0
LINE
  5
76
330
1B
100
AcDbEntity
  8
F.Cu
  6
CONTINUOUS
100
AcDbLine
 10
71.1372279999999932
 20
-108.7155519999999882
 30
0
 11
70.9834139999999962
 21
-108.7461479999999909
 31
0
  0
LINE
  5
77
330
1B
100
AcDbEntity
  8
F.Cu
  6
CONTINUOUS
100
AcDbLine
 10
70.9834139999999962
 20
-108.7461479999999909
 30
0
 11
70.8265859999999918
 21
-108.7461479999999909
 31
0
  0
LINE
  5
78
330
1B
100
AcDbEntity
  8
F.Cu
  6
CONTINUOUS
100
AcDbLine
 10
70.8265859999999918
 20
-108.7461479999999909
 30
0
 11
70.6727719999999948
 21
-108.7155519999999882
 31
0
  0
LINE
  5
79
330
1B
100
AcDbEntity
  8
F.Cu
  6
CONTINUOUS
100
AcDbLine
 10
70.6727719999999948
 20
-108.7155519999999882
 30
0
 11
70.5278830000000028
 21
-108.6555369999999954
 31
0
  0
LINE
  5
7A
330
1B
100
AcDbEntity
  8
F.Cu
  6
CONTINUOUS
100
AcDbLine
 10
70.5278830000000028
 20
-108.6555369999999954
 30
0
 11
70.3974850000000032
 21
-108.5684079999999909
 31
0
  0
LINE
  5
7B
330
1B
100
AcDbEntity
  8
F.Cu
  6
CONTINUOUS
100
AcDbLine
 10
70.3974850000000032
 20
-108.5684079999999909
 30
0
 11
70.2865919999999988
 21
-108.4575150000000008
 31
0
  0
LINE
  5
7C
330
1B
100
AcDbEntity
  8
F.Cu
  6
CONTINUOUS
100
AcDbLine
 10
70.2865919999999988
 20
-108.4575150000000008
 30
0
 11
70.1994629999999944
 21
-108.3271170000000012
 31
0
  0
LINE
  5
7D
330
1B
100
AcDbEntity
  8
F.Cu
  6
CONTINUOUS
100
AcDbLine
 10
70.1994629999999944
 20
-108.3271170000000012
 30
0
 11
70.1394480000000016
 21
-108.1822279999999949
 31
0
  0
LINE
  5
7E
330
1B
100
AcDbEntity
  8
F.Cu
  6
CONTINUOUS
100
AcDbLine
 10
70.1394480000000016
 20
-108.1822279999999949
 30
0
 11
70.1088519999999988
 21
-108.0284139999999979
 31
0
  0
LINE
  5
7F
330
1B
100
AcDbEntity
  8
F.Cu
  6
CONTINUOUS
100
AcDbLine
 10
70.1088519999999988
 20
-108.0284139999999979
 30
0
 11
70.1088519999999988
 21
-107.8715859999999935
 31
0
  0
LINE
  5
80
330
1B
100
AcDbEntity
  8
F.Cu
  6
CONTINUOUS
100
AcDbLine
 10
70.1088519999999988
 20
-107.8715859999999935
 30
0
 11
70.1394480000000016
 21
-107.7177719999999965
 31
0
  0
LINE
  5
81
330
1B
100
AcDbEntity
  8
F.Cu
  6
CONTINUOUS
100
AcDbLine
 10
70.1394480000000016
 20
-107.7177719999999965
 30
0
 11
70.1994629999999944
 21
-107.5728829999999903
 31
0
  0
LINE
  5
82
330
1B
100
AcDbEntity
  8
F.Cu
  6
CONTINUOUS
100
AcDbLine
 10
70.1994629999999944
 20
-107.5728829999999903
 30
0
 11
70.2865919999999988
 21
-107.4424849999999907
 31
0
  0
LINE
  5
83
330
1B
100
AcDbEntity
  8
F.Cu
  6
CONTINUOUS
100
AcDbLine
 10
70.2865919999999988
 20
-107.4424849999999907
 30
0
 11
70.3974850000000032
 21
-107.3315920000000006
 31
0
  0
LINE
  5
84
330
1B
100
AcDbEntity
  8
F.Cu
  6
CONTINUOUS
100
AcDbLine
 10
70.3974850000000032
 20
-107.3315920000000006
 30
0
 11
70.5278830000000028
 21
-107.2444629999999961
 31
0
  0
LINE
  5
85
330
1B
100
AcDbEntity
  8
F.Cu
  6
CONTINUOUS
100
AcDbLine
 10
70.5278830000000028
 20
-107.2444629999999961
 30
0
 11
70.6727719999999948
 21
-107.1844479999999891
 31
0
  0
LINE
  5
86
330
1B
100
AcDbEntity
  8
F.Cu
  6
CONTINUOUS
100
AcDbLine
 10
70.6727719999999948
 20
-107.1844479999999891
 30
0
 11
70.8265859999999918
 21
-107.1538520000000005
 31
0
  0
LINE
  5
87
330
1B
100
AcDbEntity
  8
F.Cu
  6
CONTINUOUS
100
AcDbLine
 10
70.8265859999999918
 20
-107.1538520000000005
 30
0
 11
70.9834139999999962
 21
-107.1538520000000005
 31
0
  0
LINE
  5
88
330
1B
100
AcDbEntity
  8
F.Cu
  6
CONTINUOUS
100
AcDbLine
 10
70.9834139999999962
 20
-107.1538520000000005
 30
0
 11
71.1372279999999932
 21
-107.1844479999999891
 31
0
  0
LINE
  5
89
330
1B
100
AcDbEntity
  8
F.Cu
  6
CONTINUOUS
100
AcDbLine
 10
78.7572279999999978
 20
-107.1844479999999891
 30
0
 11
78.9021169999999898
 21
-107.2444629999999961
 31
0
  0
LINE
  5
8A
330
1B
100
AcDbEntity
  8
F.Cu
  6
CONTINUOUS
100
AcDbLine
 10
78.9021169999999898
 20
-107.2444629999999961
 30
0
 11
79.0325149999999894
 21
-107.3315920000000006
 31
0
  0
LINE
  5
8B
330
1B
100
AcDbEntity
  8
F.Cu
  6
CONTINUOUS
100
AcDbLine
 10
79.0325149999999894
 20
-107.3315920000000006
 30
0
 11
79.1434079999999938
 21
-107.4424849999999907
 31
0
  0
LINE
  5
8C
330
1B
100
AcDbEntity
  8
F.Cu
  6
CONTINUOUS
100
AcDbLine
 10
79.1434079999999938
 20
-107.4424849999999907
 30
0
 11
79.2305369999999982
 21
-107.5728829999999903
 31
0
  0
LINE
  5
8D
330
1B
100
AcDbEntity
  8
F.Cu
  6
CONTINUOUS
100
AcDbLine
 10
79.2305369999999982
 20
-107.5728829999999903
 30
0
 11
79.290551999999991
 21
-107.7177719999999965
 31
0
  0
LINE
  5
8E
330
1B
100
AcDbEntity
  8
F.Cu
  6
CONTINUOUS
100
AcDbLine
 10
79.290551999999991
 20
-107.7177719999999965
 30
0
 11
79.3211479999999938
 21
-107.8715859999999935
 31
0
  0
LINE
  5
8F
330
1B
100
AcDbEntity
  8
F.Cu
  6
CONTINUOUS
100
AcDbLine
 10
79.3211479999999938
 20
-107.8715859999999935
 30
0
 11
79.3211479999999938
 21
-108.0284139999999979
 31
0
  0
LINE
  5
90
330
1B
100
AcDbEntity
  8
F.Cu
  6
CONTINUOUS
100
AcDbLine
 10
79.3211479999999938
 20
-108.0284139999999979
 30
0
 11
79.290551999999991
 21
-108.1822279999999949
 31
0
  0
LINE
  5
91
330
1B
100
AcDbEntity
  8
F.Cu
  6
CONTINUOUS
100
AcDbLine
 10
79.290551999999991
 20
-108.1822279999999949
 30
0
 11
79.2305369999999982
 21
-108.3271170000000012
 31
0
  0
LINE
  5
92
330
1B
100
AcDbEntity
  8
F.Cu
  6
CONTINUOUS
100
AcDbLine
 10
79.2305369999999982
 20
-108.3271170000000012
 30
0
 11
79.1434079999999938
 21
-108.4575150000000008
 31
0
  0
LINE
  5
93
330
1B
100
AcDbEntity
  8
F.Cu
  6
CONTINUOUS
100
AcDbLine
 10
79.1434079999999938
 20
-108.4575150000000008
 30
0
 11
79.0325149999999894
 21
-108.5684079999999909
 31
0
  0
LINE
  5
94
330
1B
100
AcDbEntity
  8
F.Cu
  6
CONTINUOUS
100
AcDbLine
 10
79.0325149999999894
 20
-108.5684079999999909
 30
0
 11
78.9021169999999898
 21
-108.6555369999999954
 31
0
  0
LINE
  5
95
330
1B
100
AcDbEntity
  8
F.Cu
  6
CONTINUOUS
100
AcDbLine
 10
78.9021169999999898
 20
-108.6555369999999954
 30
0
 11
78.7572279999999978
 21
-108.7155519999999882
 31
0
  0
LINE
  5
96
330
1B
100
AcDbEntity
  8
F.Cu
  6
CONTINUOUS
100
AcDbLine
 10
78.7572279999999978
 20
-108.7155519999999882
 30
0
 11
78.6034140000000008
 21
-108.7461479999999909
 31
0
  0
LINE
  5
97
330
1B
100
AcDbEntity
  8
F.Cu
  6
CONTINUOUS
100
AcDbLine
 10
78.6034140000000008
 20
-108.7461479999999909
 30
0
 11
78.4465859999999964
 21
-108.7461479999999909
 31
0
  0
LINE
  5
98
330
1B
100
AcDbEntity
  8
F.Cu
  6
CONTINUOUS
100
AcDbLine
 10
78.4465859999999964
 20
-108.7461479999999909
 30
0
 11
78.2927719999999994
 21
-108.7155519999999882
 31
0
  0
LINE
  5
99
330
1B
100
AcDbEntity
  8
F.Cu
  6
CONTINUOUS
100
AcDbLine
 10
78.2927719999999994
 20
-108.7155519999999882
 30
0
 11
78.1478829999999931
 21
-108.6555369999999954
 31
0
  0
LINE
  5
9A
330
1B
100
AcDbEntity
  8
F.Cu
  6
CONTINUOUS
100
AcDbLine
 10
78.1478829999999931
 20
-108.6555369999999954
 30
0
 11
78.0174849999999935
 21
-108.5684079999999909
 31
0
  0
LINE
  5
9B
330
1B
100
AcDbEntity
  8
F.Cu
  6
CONTINUOUS
100
AcDbLine
 10
78.0174849999999935
 20
-108.5684079999999909
 30
0
 11
77.9065920000000034
 21
-108.4575150000000008
 31
0
  0
LINE
  5
9C
330
1B
100
AcDbEntity
  8
F.Cu
  6
CONTINUOUS
100
AcDbLine
 10
77.9065920000000034
 20
-108.4575150000000008
 30
0
 11
77.8194629999999989
 21
-108.3271170000000012
 31
0
  0
LINE
  5
9D
330
1B
100
AcDbEntity
  8
F.Cu
  6
CONTINUOUS
100
AcDbLine
 10
77.8194629999999989
 20
-108.3271170000000012
 30
0
 11
77.7594479999999919
 21
-108.1822279999999949
 31
0
  0
LINE
  5
9E
330
1B
100
AcDbEntity
  8
F.Cu
  6
CONTINUOUS
100
AcDbLine
 10
77.7594479999999919
 20
-108.1822279999999949
 30
0
 11
77.7288520000000034
 21
-108.0284139999999979
 31
0
  0
LINE
  5
9F
330
1B
100
AcDbEntity
  8
F.Cu
  6
CONTINUOUS
100
AcDbLine
 10
77.7288520000000034
 20
-108.0284139999999979
 30
0
 11
77.7288520000000034
 21
-107.8715859999999935
 31
0
  0
LINE
  5
A0
330
1B
100
AcDbEntity
  8
F.Cu
  6
CONTINUOUS
100
AcDbLine
 10
77.7288520000000034
 20
-107.8715859999999935
 30
0
 11
77.7594479999999919
 21
-107.7177719999999965
 31
0
  0
LINE
  5
A1
330
1B
100
AcDbEntity
  8
F.Cu
  6
CONTINUOUS
100
AcDbLine
 10
77.7594479999999919
 20
-107.7177719999999965
 30
0
 11
77.8194629999999989
 21
-107.5728829999999903
 31
0
  0
LINE
  5
A2
330
1B
100
AcDbEntity
  8
F.Cu
  6
CONTINUOUS
100
AcDbLine
 10
77.8194629999999989
 20
-107.5728829999999903
 30
0
 11
77.9065920000000034
 21
-107.4424849999999907
 31
0
  0
LINE
  5
A3
330
1B
100
AcDbEntity
  8
F.Cu
  6
CONTINUOUS
100
AcDbLine
 10
77.9065920000000034
 20
-107.4424849999999907
 30
0
 11
78.0174849999999935
 21
-107.3315920000000006
 31
0
  0
LINE
  5
A4
330
1B
100
AcDbEntity
  8
F.Cu
  6
CONTINUOUS
100
AcDbLine
 10
78.0174849999999935
 20
-107.3315920000000006
 30
0
 11
78.1478829999999931
 21
-107.2444629999999961
 31
0
  0
LINE
  5
A5
330
1B
100
AcDbEntity
  8
F.Cu
  6
CONTINUOUS
100
AcDbLine
 10
78.1478829999999931
 20
-107.2444629999999961
 30
0
 11
78.2927719999999994
 21
-107.1844479999999891
 31
0
  0
LINE
  5
A6
330
1B
100
AcDbEntity
  8
F.Cu
  6
CONTINUOUS
100
AcDbLine
 10
78.2927719999999994
 20
-107.1844479999999891
 30
0
 11
78.4465859999999964
 21
-107.1538520000000005
 31
0
  0
LINE
  5
A7
330
1B
100
AcDbEntity
  8
F.Cu
  6
CONTINUOUS
100
AcDbLine
 10
78.4465859999999964
 20
-107.1538520000000005
 30
0
 11
78.6034140000000008
 21
-107.1538520000000005
 31
0
  0
LINE
  5
A8
330
1B
100
AcDbEntity
  8
F.Cu
  6
CONTINUOUS
100
AcDbLine
 10
78.6034140000000008
 20
-107.1538520000000005
 30
0
 11
78.7572279999999978
 21
-107.1844479999999891
 31
0
  0
LINE
  5
A9
330
1B
100
AcDbEntity
  8
F.Cu
  6
CONTINUOUS
100
AcDbLine
 10
54.1422279999999958
 20
-99.5644479999999987
 30
0
 11
54.287116999999995
 21
-99.6244629999999916
 31
0
  0
LINE
  5
AA
330
1B
100
AcDbEntity
  8
F.Cu
  6
CONTINUOUS
100
AcDbLine
 10
54.287116999999995
 20
-99.6244629999999916
 30
0
 11
54.4175149999999945
 21
-99.711591999999996
 31
0
  0
LINE
  5
AB
330
1B
100
AcDbEntity
  8
F.Cu
  6
CONTINUOUS
100
AcDbLine
 10
54.4175149999999945
 20
-99.711591999999996
 30
0
 11
54.5284079999999989
 21
-99.8224850000000004
 31
0
  0
LINE
  5
AC
330
1B
100
AcDbEntity
  8
F.Cu
  6
CONTINUOUS
100
AcDbLine
 10
54.5284079999999989
 20
-99.8224850000000004
 30
0
 11
54.6155369999999962
 21
-99.9528829999999999
 31
0
  0
LINE
  5
AD
330
1B
100
AcDbEntity
  8
F.Cu
  6
CONTINUOUS
100
AcDbLine
 10
54.6155369999999962
 20
-99.9528829999999999
 30
0
 11
54.6755519999999962
 21
-100.097771999999992
 31
0
  0
LINE
  5
AE
330
1B
100
AcDbEntity
  8
F.Cu
  6
CONTINUOUS
100
AcDbLine
 10
54.6755519999999962
 20
-100.097771999999992
 30
0
 11
54.7061479999999989
 21
-100.251585999999989
 31
0
  0
LINE
  5
AF
330
1B
100
AcDbEntity
  8
F.Cu
  6
CONTINUOUS
100
AcDbLine
 10
54.7061479999999989
 20
-100.251585999999989
 30
0
 11
54.7061479999999989
 21
-100.4084139999999934
 31
0
  0
LINE
  5
B0
330
1B
100
AcDbEntity
  8
F.Cu
  6
CONTINUOUS
100
AcDbLine
 10
54.7061479999999989
 20
-100.4084139999999934
 30
0
 11
54.6755519999999962
 21
-100.5622279999999904
 31
0
  0
LINE
  5
B1
330
1B
100
AcDbEntity
  8
F.Cu
  6
CONTINUOUS
100
AcDbLine
 10
54.6755519999999962
 20
-100.5622279999999904
 30
0
 11
54.6155369999999962
 21
-100.7071169999999967
 31
0
  0
LINE
  5
B2
330
1B
100
AcDbEntity
  8
F.Cu
  6
CONTINUOUS
100
AcDbLine
 10
54.6155369999999962
 20
-100.7071169999999967
 30
0
 11
54.5284079999999989
 21
-100.8375149999999962
 31
0
  0
LINE
  5
B3
330
1B
100
AcDbEntity
  8
F.Cu
  6
CONTINUOUS
100
AcDbLine
 10
54.5284079999999989
 20
-100.8375149999999962
 30
0
 11
54.4175149999999945
 21
-100.9484080000000006
 31
0
  0
LINE
  5
B4
330
1B
100
AcDbEntity
  8
F.Cu
  6
CONTINUOUS
100
AcDbLine
 10
54.4175149999999945
 20
-100.9484080000000006
 30
0
 11
54.287116999999995
 21
-101.0355369999999908
 31
0
  0
LINE
  5
B5
330
1B
100
AcDbEntity
  8
F.Cu
  6
CONTINUOUS
100
AcDbLine
 10
54.287116999999995
 20
-101.0355369999999908
 30
0
 11
54.1422279999999958
 21
-101.0955519999999979
 31
0
  0
LINE
  5
B6
330
1B
100
AcDbEntity
  8
F.Cu
  6
CONTINUOUS
100
AcDbLine
 10
54.1422279999999958
 20
-101.0955519999999979
 30
0
 11
53.9884139999999988
 21
-101.1261480000000006
 31
0
  0
LINE
  5
B7
330
1B
100
AcDbEntity
  8
F.Cu
  6
CONTINUOUS
100
AcDbLine
 10
53.9884139999999988
 20
-101.1261480000000006
 30
0
 11
53.8315859999999944
 21
-101.1261480000000006
 31
0
  0
LINE
  5
B8
330
1B
100
AcDbEntity
  8
F.Cu
  6
CONTINUOUS
100
AcDbLine
 10
53.8315859999999944
 20
-101.1261480000000006
 30
0
 11
53.6777719999999974
 21
-101.0955519999999979
 31
0
  0
LINE
  5
B9
330
1B
100
AcDbEntity
  8
F.Cu
  6
CONTINUOUS
100
AcDbLine
 10
53.6777719999999974
 20
-101.0955519999999979
 30
0
 11
53.5328829999999982
 21
-101.0355369999999908
 31
0
  0
LINE
  5
BA
330
1B
100
AcDbEntity
  8
F.Cu
  6
CONTINUOUS
100
AcDbLine
 10
53.5328829999999982
 20
-101.0355369999999908
 30
0
 11
53.4024849999999986
 21
-100.9484080000000006
 31
0
  0
LINE
  5
BB
330
1B
100
AcDbEntity
  8
F.Cu
  6
CONTINUOUS
100
AcDbLine
 10
53.4024849999999986
 20
-100.9484080000000006
 30
0
 11
53.2915919999999943
 21
-100.8375149999999962
 31
0
  0
LINE
  5
BC
330
1B
100
AcDbEntity
  8
F.Cu
  6
CONTINUOUS
100
AcDbLine
 10
53.2915919999999943
 20
-100.8375149999999962
 30
0
 11
53.204462999999997
 21
-100.7071169999999967
 31
0
  0
LINE
  5
BD
330
1B
100
AcDbEntity
  8
F.Cu
  6
CONTINUOUS
100
AcDbLine
 10
53.204462999999997
 20
-100.7071169999999967
 30
0
 11
53.144447999999997
 21
-100.5622279999999904
 31
0
  0
LINE
  5
BE
330
1B
100
AcDbEntity
  8
F.Cu
  6
CONTINUOUS
100
AcDbLine
 10
53.144447999999997
 20
-100.5622279999999904
 30
0
 11
53.1138519999999943
 21
-100.4084139999999934
 31
0
  0
LINE
  5
BF
330
1B
100
AcDbEntity
  8
F.Cu
  6
CONTINUOUS
100
AcDbLine
 10
53.1138519999999943
 20
-100.4084139999999934
 30
0
 11
53.1138519999999943
 21
-100.251585999999989
 31
0
  0
LINE
  5
C0
330
1B
100
AcDbEntity
  8
F.Cu
  6
CONTINUOUS
100
AcDbLine
 10
53.1138519999999943
 20
-100.251585999999989
 30
0
 11
53.144447999999997
 21
-100.097771999999992
 31
0
  0
LINE
  5
C1
330
1B
100
AcDbEntity
  8
F.Cu
  6
CONTINUOUS
100
AcDbLine
 10
53.144447999999997
 20
-100.097771999999992
 30
0
 11
53.204462999999997
 21
-99.9528829999999999
 31
0
  0
LINE
  5
C2
330
1B
100
AcDbEntity
  8
F.Cu
  6
CONTINUOUS
100
AcDbLine
 10
53.204462999999997
 20
-99.9528829999999999
 30
0
 11
53.2915919999999943
 21
-99.8224850000000004
 31
0
  0
LINE
  5
C3
330
1B
100
AcDbEntity
  8
F.Cu
  6
CONTINUOUS
100
AcDbLine
 10
53.2915919999999943
 20
-99.8224850000000004
 30
0
 11
53.4024849999999986
 21
-99.711591999999996
 31
0
  0
LINE
  5
C4
330
1B
100
AcDbEntity
  8
F.Cu
  6
CONTINUOUS
100
AcDbLine
 10
53.4024849999999986
 20
-99.711591999999996
 30
0
 11
53.5328829999999982
 21
-99.6244629999999916
 31
0
  0
LINE
  5
C5
330
1B
100
AcDbEntity
  8
F.Cu
  6
CONTINUOUS
100
AcDbLine
 10
53.5328829999999982
 20
-99.6244629999999916
 30
0
 11
53.6777719999999974
 21
-99.5644479999999987
 31
0
  0
LINE
  5
C6
330
1B
100
AcDbEntity
  8
F.Cu
  6
CONTINUOUS
100
AcDbLine
 10
53.6777719999999974
 20
-99.5644479999999987
 30
0
 11
53.8315859999999944
 21
-99.533851999999996
 31
0
  0
LINE
  5
C7
330
1B
100
AcDbEntity
  8
F.Cu
  6
CONTINUOUS
100
AcDbLine
 10
53.8315859999999944
 20
-99.533851999999996
 30
0
 11
53.9884139999999988
 21
-99.533851999999996
 31
0
  0
LINE
  5
C8
330
1B
100
AcDbEntity
  8
F.Cu
  6
CONTINUOUS
100
AcDbLine
 10
53.9884139999999988
 20
-99.533851999999996
 30
0
 11
54.1422279999999958
 21
-99.5644479999999987
 31
0
  0
LINE
  5
C9
330
1B
100
AcDbEntity
  8
F.Cu
  6
CONTINUOUS
100
AcDbLine
 10
61.7622280000000003
 20
-99.5644479999999987
 30
0
 11
61.9071169999999995
 21
-99.6244629999999916
 31
0
  0
LINE
  5
CA
330
1B
100
AcDbEntity
  8
F.Cu
  6
CONTINUOUS
100
AcDbLine
 10
61.9071169999999995
 20
-99.6244629999999916
 30
0
 11
62.0375149999999991
 21
-99.711591999999996
 31
0
  0
LINE
  5
CB
330
1B
100
AcDbEntity
  8
F.Cu
  6
CONTINUOUS
100
AcDbLine
 10
62.0375149999999991
 20
-99.711591999999996
 30
0
 11
62.1484079999999963
 21
-99.8224850000000004
 31
0
  0
LINE
  5
CC
330
1B
100
AcDbEntity
  8
F.Cu
  6
CONTINUOUS
100
AcDbLine
 10
62.1484079999999963
 20
-99.8224850000000004
 30
0
 11
62.2355369999999937
 21
-99.9528829999999999
 31
0
  0
LINE
  5
CD
330
1B
100
AcDbEntity
  8
F.Cu
  6
CONTINUOUS
100
AcDbLine
 10
62.2355369999999937
 20
-99.9528829999999999
 30
0
 11
62.2955520000000007
 21
-100.097771999999992
 31
0
  0
LINE
  5
CE
330
1B
100
AcDbEntity
  8
F.Cu
  6
CONTINUOUS
100
AcDbLine
 10
62.2955520000000007
 20
-100.097771999999992
 30
0
 11
62.3261479999999963
 21
-100.251585999999989
 31
0
  0
LINE
  5
CF
330
1B
100
AcDbEntity
  8
F.Cu
  6
CONTINUOUS
100
AcDbLine
 10
62.3261479999999963
 20
-100.251585999999989
 30
0
 11
62.3261479999999963
 21
-100.4084139999999934
 31
0
  0
LINE
  5
D0
330
1B
100
AcDbEntity
  8
F.Cu
  6
CONTINUOUS
100
AcDbLine
 10
62.3261479999999963
 20
-100.4084139999999934
 30
0
 11
62.2955520000000007
 21
-100.5622279999999904
 31
0
  0
LINE
  5
D1
330
1B
100
AcDbEntity
  8
F.Cu
  6
CONTINUOUS
100
AcDbLine
 10
62.2955520000000007
 20
-100.5622279999999904
 30
0
 11
62.2355369999999937
 21
-100.7071169999999967
 31
0
  0
LINE
  5
D2
330
1B
100
AcDbEntity
  8
F.Cu
  6
CONTINUOUS
100
AcDbLine
 10
62.2355369999999937
 20
-100.7071169999999967
 30
0
 11
62.1484079999999963
 21
-100.8375149999999962
 31
0
  0
LINE
  5
D3
330
1B
100
AcDbEntity
  8
F.Cu
  6
CONTINUOUS
100
AcDbLine
 10
62.1484079999999963
 20
-100.8375149999999962
 30
0
 11
62.0375149999999991
 21
-100.9484080000000006
 31
0
  0
LINE
  5
D4
330
1B
100
AcDbEntity
  8
F.Cu
  6
CONTINUOUS
100
AcDbLine
 10
62.0375149999999991
 20
-100.9484080000000006
 30
0
 11
61.9071169999999995
 21
-101.0355369999999908
 31
0
  0
LINE
  5
D5
330
1B
100
AcDbEntity
  8
F.Cu
  6
CONTINUOUS
100
AcDbLine
 10
61.9071169999999995
 20
-101.0355369999999908
 30
0
 11
61.7622280000000003
 21
-101.0955519999999979
 31
0
  0
LINE
  5
D6
330
1B
100
AcDbEntity
  8
F.Cu
  6
CONTINUOUS
100
AcDbLine
 10
61.7622280000000003
 20
-101.0955519999999979
 30
0
 11
61.6084139999999962
 21
-101.1261480000000006
 31
0
  0
LINE
  5
D7
330
1B
100
AcDbEntity
  8
F.Cu
  6
CONTINUOUS
100
AcDbLine
 10
61.6084139999999962
 20
-101.1261480000000006
 30
0
 11
61.4515859999999989
 21
-101.1261480000000006
 31
0
  0
LINE
  5
D8
330
1B
100
AcDbEntity
  8
F.Cu
  6
CONTINUOUS
100
AcDbLine
 10
61.4515859999999989
 20
-101.1261480000000006
 30
0
 11
61.2977719999999948
 21
-101.0955519999999979
 31
0
  0
LINE
  5
D9
330
1B
100
AcDbEntity
  8
F.Cu
  6
CONTINUOUS
100
AcDbLine
 10
61.2977719999999948
 20
-101.0955519999999979
 30
0
 11
61.1528829999999957
 21
-101.0355369999999908
 31
0
  0
LINE
  5
DA
330
1B
100
AcDbEntity
  8
F.Cu
  6
CONTINUOUS
100
AcDbLine
 10
61.1528829999999957
 20
-101.0355369999999908
 30
0
 11
61.0224849999999961
 21
-100.9484080000000006
 31
0
  0
LINE
  5
DB
330
1B
100
AcDbEntity
  8
F.Cu
  6
CONTINUOUS
100
AcDbLine
 10
61.0224849999999961
 20
-100.9484080000000006
 30
0
 11
60.9115919999999988
 21
-100.8375149999999962
 31
0
  0
LINE
  5
DC
330
1B
100
AcDbEntity
  8
F.Cu
  6
CONTINUOUS
100
AcDbLine
 10
60.9115919999999988
 20
-100.8375149999999962
 30
0
 11
60.8244629999999944
 21
-100.7071169999999967
 31
0
  0
LINE
  5
DD
330
1B
100
AcDbEntity
  8
F.Cu
  6
CONTINUOUS
100
AcDbLine
 10
60.8244629999999944
 20
-100.7071169999999967
 30
0
 11
60.7644479999999945
 21
-100.5622279999999904
 31
0
  0
LINE
  5
DE
330
1B
100
AcDbEntity
  8
F.Cu
  6
CONTINUOUS
100
AcDbLine
 10
60.7644479999999945
 20
-100.5622279999999904
 30
0
 11
60.7338519999999988
 21
-100.4084139999999934
 31
0
  0
LINE
  5
DF
330
1B
100
AcDbEntity
  8
F.Cu
  6
CONTINUOUS
100
AcDbLine
 10
60.7338519999999988
 20
-100.4084139999999934
 30
0
 11
60.7338519999999988
 21
-100.251585999999989
 31
0
  0
LINE
  5
E0
330
1B
100
AcDbEntity
  8
F.Cu
  6
CONTINUOUS
100
AcDbLine
 10
60.7338519999999988
 20
-100.251585999999989
 30
0
 11
60.7644479999999945
 21
-100.097771999999992
 31
0
  0
LINE
  5
E1
330
1B
100
AcDbEntity
  8
F.Cu
  6
CONTINUOUS
100
AcDbLine
 10
60.7644479999999945
 20
-100.097771999999992
 30
0
 11
60.8244629999999944
 21
-99.9528829999999999
 31
0
  0
LINE
  5
E2
330
1B
100
AcDbEntity
  8
F.Cu
  6
CONTINUOUS
100
AcDbLine
 10
60.8244629999999944
 20
-99.9528829999999999
 30
0
 11
60.9115919999999988
 21
-99.8224850000000004
 31
0
  0
LINE
  5
E3
330
1B
100
AcDbEntity
  8
F.Cu
  6
CONTINUOUS
100
AcDbLine
 10
60.9115919999999988
 20
-99.8224850000000004
 30
0
 11
61.0224849999999961
 21
-99.711591999999996
 31
0
  0
LINE
  5
E4
330
1B
100
AcDbEntity
  8
F.Cu
  6
CONTINUOUS
100
AcDbLine
 10
61.0224849999999961
 20
-99.711591999999996
 30
0
 11
61.1528829999999957
 21
-99.6244629999999916
 31
0
  0
LINE
  5
E5
330
1B
100
AcDbEntity
  8
F.Cu
  6
CONTINUOUS
100
AcDbLine
 10
61.1528829999999957
 20
-99.6244629999999916
 30
0
 11
61.2977719999999948
 21
-99.5644479999999987
 31
0
  0
LINE
  5
E6
330
1B
100
AcDbEntity
  8
F.Cu
  6
CONTINUOUS
100
AcDbLine
 10
61.2977719999999948
 20
-99.5644479999999987
 30
0
 11
61.4515859999999989
 21
-99.533851999999996
 31
0
  0
LINE
  5
E7
330
1B
100
AcDbEntity
  8
F.Cu
  6
CONTINUOUS
100
AcDbLine
 10
61.4515859999999989
 20
-99.533851999999996
 30
0
 11
61.6084139999999962
 21
-99.533851999999996
 31
0
  0
LINE
  5
E8
330
1B
100
AcDbEntity
  8
F.Cu
  6
CONTINUOUS
100
AcDbLine
 10
61.6084139999999962
 20
-99.533851999999996
 30
0
 11
61.7622280000000003
 21
-99.5644479999999987
 31
0
  0
LINE
  5
E9
330
1B
100
AcDbEntity
  8
F.Cu
  6
CONTINUOUS
100
AcDbLine
 10
66.4922279999999972
 20
-99.5644479999999987
 30
0
 11
66.6371170000000035
 21
-99.6244629999999916
 31
0
  0
LINE
  5
EA
330
1B
100
AcDbEntity
  8
F.Cu
  6
CONTINUOUS
100
AcDbLine
 10
66.6371170000000035
 20
-99.6244629999999916
 30
0
 11
66.7675150000000031
 21
-99.711591999999996
 31
0
  0
LINE
  5
EB
330
1B
100
AcDbEntity
  8
F.Cu
  6
CONTINUOUS
100
AcDbLine
 10
66.7675150000000031
 20
-99.711591999999996
 30
0
 11
66.8784079999999932
 21
-99.8224850000000004
 31
0
  0
LINE
  5
EC
330
1B
100
AcDbEntity
  8
F.Cu
  6
CONTINUOUS
100
AcDbLine
 10
66.8784079999999932
 20
-99.8224850000000004
 30
0
 11
66.9655369999999976
 21
-99.9528829999999999
 31
0
  0
LINE
  5
ED
330
1B
100
AcDbEntity
  8
F.Cu
  6
CONTINUOUS
100
AcDbLine
 10
66.9655369999999976
 20
-99.9528829999999999
 30
0
 11
67.0255519999999905
 21
-100.097771999999992
 31
0
  0
LINE
  5
EE
330
1B
100
AcDbEntity
  8
F.Cu
  6
CONTINUOUS
100
AcDbLine
 10
67.0255519999999905
 20
-100.097771999999992
 30
0
 11
67.0561479999999932
 21
-100.251585999999989
 31
0
  0
LINE
  5
EF
330
1B
100
AcDbEntity
  8
F.Cu
  6
CONTINUOUS
100
AcDbLine
 10
67.0561479999999932
 20
-100.251585999999989
 30
0
 11
67.0561479999999932
 21
-100.4084139999999934
 31
0
  0
LINE
  5
F0
330
1B
100
AcDbEntity
  8
F.Cu
  6
CONTINUOUS
100
AcDbLine
 10
67.0561479999999932
 20
-100.4084139999999934
 30
0
 11
67.0255519999999905
 21
-100.5622279999999904
 31
0
  0
LINE
  5
F1
330
1B
100
AcDbEntity
  8
F.Cu
  6
CONTINUOUS
100
AcDbLine
 10
67.0255519999999905
 20
-100.5622279999999904
 30
0
 11
66.9655369999999976
 21
-100.7071169999999967
 31
0
  0
LINE
  5
F2
330
1B
100
AcDbEntity
  8
F.Cu
  6
CONTINUOUS
100
AcDbLine
 10
66.9655369999999976
 20
-100.7071169999999967
 30
0
 11
66.8784079999999932
 21
-100.8375149999999962
 31
0
  0
LINE
  5
F3
330
1B
100
AcDbEntity
  8
F.Cu
  6
CONTINUOUS
100
AcDbLine
 10
66.8784079999999932
 20
-100.8375149999999962
 30
0
 11
66.7675150000000031
 21
-100.9484080000000006
 31
0
  0
LINE
  5
F4
330
1B
100
AcDbEntity
  8
F.Cu
  6
CONTINUOUS
100
AcDbLine
 10
66.7675150000000031
 20
-100.9484080000000006
 30
0
 11
66.6371170000000035
 21
-101.0355369999999908
 31
0
  0
LINE
  5
F5
330
1B
100
AcDbEntity
  8
F.Cu
  6
CONTINUOUS
100
AcDbLine
 10
66.6371170000000035
 20
-101.0355369999999908
 30
0
 11
66.4922279999999972
 21
-101.0955519999999979
 31
0
  0
LINE
  5
F6
330
1B
100
AcDbEntity
  8
F.Cu
  6
CONTINUOUS
100
AcDbLine
 10
66.4922279999999972
 20
-101.0955519999999979
 30
0
 11
66.3384140000000002
 21
-101.1261480000000006
 31
0
  0
LINE
  5
F7
330
1B
100
AcDbEntity
  8
F.Cu
  6
CONTINUOUS
100
AcDbLine
 10
66.3384140000000002
 20
-101.1261480000000006
 30
0
 11
66.1815859999999958
 21
-101.1261480000000006
 31
0
  0
LINE
  5
F8
330
1B
100
AcDbEntity
  8
F.Cu
  6
CONTINUOUS
100
AcDbLine
 10
66.1815859999999958
 20
-101.1261480000000006
 30
0
 11
66.0277719999999988
 21
-101.0955519999999979
 31
0
  0
LINE
  5
F9
330
1B
100
AcDbEntity
  8
F.Cu
  6
CONTINUOUS
100
AcDbLine
 10
66.0277719999999988
 20
-101.0955519999999979
 30
0
 11
65.8828829999999925
 21
-101.0355369999999908
 31
0
  0
LINE
  5
FA
330
1B
100
AcDbEntity
  8
F.Cu
  6
CONTINUOUS
100
AcDbLine
 10
65.8828829999999925
 20
-101.0355369999999908
 30
0
 11
65.752484999999993
 21
-100.9484080000000006
 31
0
  0
LINE
  5
FB
330
1B
100
AcDbEntity
  8
F.Cu
  6
CONTINUOUS
100
AcDbLine
 10
65.752484999999993
 20
-100.9484080000000006
 30
0
 11
65.6415920000000028
 21
-100.8375149999999962
 31
0
  0
LINE
  5
FC
330
1B
100
AcDbEntity
  8
F.Cu
  6
CONTINUOUS
100
AcDbLine
 10
65.6415920000000028
 20
-100.8375149999999962
 30
0
 11
65.5544629999999984
 21
-100.7071169999999967
 31
0
  0
LINE
  5
FD
330
1B
100
AcDbEntity
  8
F.Cu
  6
CONTINUOUS
100
AcDbLine
 10
65.5544629999999984
 20
-100.7071169999999967
 30
0
 11
65.4944479999999913
 21
-100.5622279999999904
 31
0
  0
LINE
  5
FE
330
1B
100
AcDbEntity
  8
F.Cu
  6
CONTINUOUS
100
AcDbLine
 10
65.4944479999999913
 20
-100.5622279999999904
 30
0
 11
65.4638520000000028
 21
-100.4084139999999934
 31
0
  0
LINE
  5
FF
330
1B
100
AcDbEntity
  8
F.Cu
  6
CONTINUOUS
100
AcDbLine
 10
65.4638520000000028
 20
-100.4084139999999934
 30
0
 11
65.4638520000000028
 21
-100.251585999999989
 31
0
  0
LINE
  5
100
330
1B
100
AcDbEntity
  8
F.Cu
  6
CONTINUOUS
100
AcDbLine
 10
65.4638520000000028
 20
-100.251585999999989
 30
0
 11
65.4944479999999913
 21
-100.097771999999992
 31
0
  0
LINE
  5
101
330
1B
100
AcDbEntity
  8
F.Cu
  6
CONTINUOUS
100
AcDbLine
 10
65.4944479999999913
 20
-100.097771999999992
 30
0
 11
65.5544629999999984
 21
-99.9528829999999999
 31
0
  0
LINE
  5
102
330
1B
100
AcDbEntity
  8
F.Cu
  6
CONTINUOUS
100
AcDbLine
 10
65.5544629999999984
 20
-99.9528829999999999
 30
0
 11
65.6415920000000028
 21
-99.8224850000000004
 31
0
  0
LINE
  5
103
330
1B
100
AcDbEntity
  8
F.Cu
  6
CONTINUOUS
100
AcDbLine
 10
65.6415920000000028
 20
-99.8224850000000004
 30
0
 11
65.752484999999993
 21
-99.711591999999996
 31
0
  0
LINE
  5
104
330
1B
100
AcDbEntity
  8
F.Cu
  6
CONTINUOUS
100
AcDbLine
 10
65.752484999999993
 20
-99.711591999999996
 30
0
 11
65.8828829999999925
 21
-99.6244629999999916
 31
0
  0
LINE
  5
105
330
1B
100
AcDbEntity
  8
F.Cu
  6
CONTINUOUS
100
AcDbLine
 10
65.8828829999999925
 20
-99.6244629999999916
 30
0
 11
66.0277719999999988
 21
-99.5644479999999987
 31
0
  0
LINE
  5
106
330
1B
100
AcDbEntity
  8
F.Cu
  6
CONTINUOUS
100
AcDbLine
 10
66.0277719999999988
 20
-99.5644479999999987
 30
0
 11
66.1815859999999958
 21
-99.533851999999996
 31
0
  0
LINE
  5
107
330
1B
100
AcDbEntity
  8
F.Cu
  6
CONTINUOUS
100
AcDbLine
 10
66.1815859999999958
 20
-99.533851999999996
 30
0
 11
66.3384140000000002
 21
-99.533851999999996
 31
0
  0
LINE
  5
108
330
1B
100
AcDbEntity
  8
F.Cu
  6
CONTINUOUS
100
AcDbLine
 10
66.3384140000000002
 20
-99.533851999999996
 30
0
 11
66.4922279999999972
 21
-99.5644479999999987
 31
0
  0
LINE
  5
109
330
1B
100
AcDbEntity
  8
F.Cu
  6
CONTINUOUS
100
AcDbLine
 10
71.4922279999999972
 20
-99.5644479999999987
 30
0
 11
71.6371170000000035
 21
-99.6244629999999916
 31
0
  0
LINE
  5
10A
330
1B
100
AcDbEntity
  8
F.Cu
  6
CONTINUOUS
100
AcDbLine
 10
71.6371170000000035
 20
-99.6244629999999916
 30
0
 11
71.7675150000000031
 21
-99.711591999999996
 31
0
  0
LINE
  5
10B
330
1B
100
AcDbEntity
  8
F.Cu
  6
CONTINUOUS
100
AcDbLine
 10
71.7675150000000031
 20
-99.711591999999996
 30
0
 11
71.8784079999999932
 21
-99.8224850000000004
 31
0
  0
LINE
  5
10C
330
1B
100
AcDbEntity
  8
F.Cu
  6
CONTINUOUS
100
AcDbLine
 10
71.8784079999999932
 20
-99.8224850000000004
 30
0
 11
71.9655369999999976
 21
-99.9528829999999999
 31
0
  0
LINE
  5
10D
330
1B
100
AcDbEntity
  8
F.Cu
  6
CONTINUOUS
100
AcDbLine
 10
71.9655369999999976
 20
-99.9528829999999999
 30
0
 11
72.0255519999999905
 21
-100.097771999999992
 31
0
  0
LINE
  5
10E
330
1B
100
AcDbEntity
  8
F.Cu
  6
CONTINUOUS
100
AcDbLine
 10
72.0255519999999905
 20
-100.097771999999992
 30
0
 11
72.0561479999999932
 21
-100.251585999999989
 31
0
  0
LINE
  5
10F
330
1B
100
AcDbEntity
  8
F.Cu
  6
CONTINUOUS
100
AcDbLine
 10
72.0561479999999932
 20
-100.251585999999989
 30
0
 11
72.0561479999999932
 21
-100.4084139999999934
 31
0
  0
LINE
  5
110
330
1B
100
AcDbEntity
  8
F.Cu
  6
CONTINUOUS
100
AcDbLine
 10
72.0561479999999932
 20
-100.4084139999999934
 30
0
 11
72.0255519999999905
 21
-100.5622279999999904
 31
0
  0
LINE
  5
111
330
1B
100
AcDbEntity
  8
F.Cu
  6
CONTINUOUS
100
AcDbLine
 10
72.0255519999999905
 20
-100.5622279999999904
 30
0
 11
71.9655369999999976
 21
-100.7071169999999967
 31
0
  0
LINE
  5
112
330
1B
100
AcDbEntity
  8
F.Cu
  6
CONTINUOUS
100
AcDbLine
 10
71.9655369999999976
 20
-100.7071169999999967
 30
0
 11
71.8784079999999932
 21
-100.8375149999999962
 31
0
  0
LINE
  5
113
330
1B
100
AcDbEntity
  8
F.Cu
  6
CONTINUOUS
100
AcDbLine
 10
71.8784079999999932
 20
-100.8375149999999962
 30
0
 11
71.7675150000000031
 21
-100.9484080000000006
 31
0
  0
LINE
  5
114
330
1B
100
AcDbEntity
  8
F.Cu
  6
CONTINUOUS
100
AcDbLine
 10
71.7675150000000031
 20
-100.9484080000000006
 30
0
 11
71.6371170000000035
 21
-101.0355369999999908
 31
0
  0
LINE
  5
115
330
1B
100
AcDbEntity
  8
F.Cu
  6
CONTINUOUS
100
AcDbLine
 10
71.6371170000000035
 20
-101.0355369999999908
 30
0
 11
71.4922279999999972
 21
-101.0955519999999979
 31
0
  0
LINE
  5
116
330
1B
100
AcDbEntity
  8
F.Cu
  6
CONTINUOUS
100
AcDbLine
 10
71.4922279999999972
 20
-101.0955519999999979
 30
0
 11
71.3384140000000002
 21
-101.1261480000000006
 31
0
  0
LINE
  5
117
330
1B
100
AcDbEntity
  8
F.Cu
  6
CONTINUOUS
100
AcDbLine
 10
71.3384140000000002
 20
-101.1261480000000006
 30
0
 11
71.1815859999999958
 21
-101.1261480000000006
 31
0
  0
LINE
  5
118
330
1B
100
AcDbEntity
  8
F.Cu
  6
CONTINUOUS
100
AcDbLine
 10
71.1815859999999958
 20
-101.1261480000000006
 30
0
 11
71.0277719999999988
 21
-101.0955519999999979
 31
0
  0
LINE
  5
119
330
1B
100
AcDbEntity
  8
F.Cu
  6
CONTINUOUS
100
AcDbLine
 10
71.0277719999999988
 20
-101.0955519999999979
 30
0
 11
70.8828829999999925
 21
-101.0355369999999908
 31
0
  0
LINE
  5
11A
330
1B
100
AcDbEntity
  8
F.Cu
  6
CONTINUOUS
100
AcDbLine
 10
70.8828829999999925
 20
-101.0355369999999908
 30
0
 11
70.752484999999993
 21
-100.9484080000000006
 31
0
  0
LINE
  5
11B
330
1B
100
AcDbEntity
  8
F.Cu
  6
CONTINUOUS
100
AcDbLine
 10
70.752484999999993
 20
-100.9484080000000006
 30
0
 11
70.6415920000000028
 21
-100.8375149999999962
 31
0
  0
LINE
  5
11C
330
1B
100
AcDbEntity
  8
F.Cu
  6
CONTINUOUS
100
AcDbLine
 10
70.6415920000000028
 20
-100.8375149999999962
 30
0
 11
70.5544629999999984
 21
-100.7071169999999967
 31
0
  0
LINE
  5
11D
330
1B
100
AcDbEntity
  8
F.Cu
  6
CONTINUOUS
100
AcDbLine
 10
70.5544629999999984
 20
-100.7071169999999967
 30
0
 11
70.4944479999999913
 21
-100.5622279999999904
 31
0
  0
LINE
  5
11E
330
1B
100
AcDbEntity
  8
F.Cu
  6
CONTINUOUS
100
AcDbLine
 10
70.4944479999999913
 20
-100.5622279999999904
 30
0
 11
70.4638520000000028
 21
-100.4084139999999934
 31
0
  0
LINE
  5
11F
330
1B
100
AcDbEntity
  8
F.Cu
  6
CONTINUOUS
100
AcDbLine
 10
70.4638520000000028
 20
-100.4084139999999934
 30
0
 11
70.4638520000000028
 21
-100.251585999999989
 31
0
  0
LINE
  5
120
330
1B
100
AcDbEntity
  8
F.Cu
  6
CONTINUOUS
100
AcDbLine
 10
70.4638520000000028
 20
-100.251585999999989
 30
0
 11
70.4944479999999913
 21
-100.097771999999992
 31
0
  0
LINE
  5
121
330
1B
100
AcDbEntity
  8
F.Cu
  6
CONTINUOUS
100
AcDbLine
 10
70.4944479999999913
 20
-100.097771999999992
 30
0
 11
70.5544629999999984
 21
-99.9528829999999999
 31
0
  0
LINE
  5
122
330
1B
100
AcDbEntity
  8
F.Cu
  6
CONTINUOUS
100
AcDbLine
 10
70.5544629999999984
 20
-99.9528829999999999
 30
0
 11
70.6415920000000028
 21
-99.8224850000000004
 31
0
  0
LINE
  5
123
330
1B
100
AcDbEntity
  8
F.Cu
  6
CONTINUOUS
100
AcDbLine
 10
70.6415920000000028
 20
-99.8224850000000004
 30
0
 11
70.752484999999993
 21
-99.711591999999996
 31
0
  0
LINE
  5
124
330
1B
100
AcDbEntity
  8
F.Cu
  6
CONTINUOUS
100
AcDbLine
 10
70.752484999999993
 20
-99.711591999999996
 30
0
 11
70.8828829999999925
 21
-99.6244629999999916
 31
0
  0
LINE
  5
125
330
1B
100
AcDbEntity
  8
F.Cu
  6
CONTINUOUS
100
AcDbLine
 10
70.8828829999999925
 20
-99.6244629999999916
 30
0
 11
71.0277719999999988
 21
-99.5644479999999987
 31
0
  0
LINE
  5
126
330
1B
100
AcDbEntity
  8
F.Cu
  6
CONTINUOUS
100
AcDbLine
 10
71.0277719999999988
 20
-99.5644479999999987
 30
0
 11
71.1815859999999958
 21
-99.533851999999996
 31
0
  0
LINE
  5
127
330
1B
100
AcDbEntity
  8
F.Cu
  6
CONTINUOUS
100
AcDbLine
 10
71.1815859999999958
 20
-99.533851999999996
 30
0
 11
71.3384140000000002
 21
-99.533851999999996
 31
0
  0
LINE
  5
128
330
1B
100
AcDbEntity
  8
F.Cu
  6
CONTINUOUS
100
AcDbLine
 10
71.3384140000000002
 20
-99.533851999999996
 30
0
 11
71.4922279999999972
 21
-99.5644479999999987
 31
0
  0
LINE
  5
129
330
1B
100
AcDbEntity
  8
F.Cu
  6
CONTINUOUS
100
AcDbLine
 10
78.6677139999999895
 20
-99.6122949999999889
 30
0
 11
78.8035479999999922
 21
-99.6685590000000019
 31
0
  0
LINE
  5
12A
330
1B
100
AcDbEntity
  8
F.Cu
  6
CONTINUOUS
100
AcDbLine
 10
78.8035479999999922
 20
-99.6685590000000019
 30
0
 11
78.9257949999999937
 21
-99.7502420000000001
 31
0
  0
LINE
  5
12B
330
1B
100
AcDbEntity
  8
F.Cu
  6
CONTINUOUS
100
AcDbLine
 10
78.9257949999999937
 20
-99.7502420000000001
 30
0
 11
79.0297580000000011
 21
-99.8542049999999932
 31
0
  0
LINE
  5
12C
330
1B
100
AcDbEntity
  8
F.Cu
  6
CONTINUOUS
100
AcDbLine
 10
79.0297580000000011
 20
-99.8542049999999932
 30
0
 11
79.1114409999999992
 21
-99.9764519999999948
 31
0
  0
LINE
  5
12D
330
1B
100
AcDbEntity
  8
F.Cu
  6
CONTINUOUS
100
AcDbLine
 10
79.1114409999999992
 20
-99.9764519999999948
 30
0
 11
79.167704999999998
 21
-100.1122859999999974
 31
0
  0
LINE
  5
12E
330
1B
100
AcDbEntity
  8
F.Cu
  6
CONTINUOUS
100
AcDbLine
 10
79.167704999999998
 20
-100.1122859999999974
 30
0
 11
79.1963889999999964
 21
-100.2564869999999928
 31
0
  0
LINE
  5
12F
330
1B
100
AcDbEntity
  8
F.Cu
  6
CONTINUOUS
100
AcDbLine
 10
79.1963889999999964
 20
-100.2564869999999928
 30
0
 11
79.1963889999999964
 21
-100.4035129999999896
 31
0
  0
LINE
  5
130
330
1B
100
AcDbEntity
  8
F.Cu
  6
CONTINUOUS
100
AcDbLine
 10
79.1963889999999964
 20
-100.4035129999999896
 30
0
 11
79.167704999999998
 21
-100.5477139999999991
 31
0
  0
LINE
  5
131
330
1B
100
AcDbEntity
  8
F.Cu
  6
CONTINUOUS
100
AcDbLine
 10
79.167704999999998
 20
-100.5477139999999991
 30
0
 11
79.1114409999999992
 21
-100.6835480000000018
 31
0
  0
LINE
  5
132
330
1B
100
AcDbEntity
  8
F.Cu
  6
CONTINUOUS
100
AcDbLine
 10
79.1114409999999992
 20
-100.6835480000000018
 30
0
 11
79.0297580000000011
 21
-100.8057949999999892
 31
0
  0
LINE
  5
133
330
1B
100
AcDbEntity
  8
F.Cu
  6
CONTINUOUS
100
AcDbLine
 10
79.0297580000000011
 20
-100.8057949999999892
 30
0
 11
78.9257949999999937
 21
-100.9097579999999965
 31
0
  0
LINE
  5
134
330
1B
100
AcDbEntity
  8
F.Cu
  6
CONTINUOUS
100
AcDbLine
 10
78.9257949999999937
 20
-100.9097579999999965
 30
0
 11
78.8035479999999922
 21
-100.9914409999999947
 31
0
  0
LINE
  5
135
330
1B
100
AcDbEntity
  8
F.Cu
  6
CONTINUOUS
100
AcDbLine
 10
78.8035479999999922
 20
-100.9914409999999947
 30
0
 11
78.6677139999999895
 21
-101.0477049999999934
 31
0
  0
LINE
  5
136
330
1B
100
AcDbEntity
  8
F.Cu
  6
CONTINUOUS
100
AcDbLine
 10
78.6677139999999895
 20
-101.0477049999999934
 30
0
 11
78.5235129999999941
 21
-101.0763889999999918
 31
0
  0
LINE
  5
137
330
1B
100
AcDbEntity
  8
F.Cu
  6
CONTINUOUS
100
AcDbLine
 10
78.5235129999999941
 20
-101.0763889999999918
 30
0
 11
78.3764869999999974
 21
-101.0763889999999918
 31
0
  0
LINE
  5
138
330
1B
100
AcDbEntity
  8
F.Cu
  6
CONTINUOUS
100
AcDbLine
 10
78.3764869999999974
 20
-101.0763889999999918
 30
0
 11
78.232286000000002
 21
-101.0477049999999934
 31
0
  0
LINE
  5
139
330
1B
100
AcDbEntity
  8
F.Cu
  6
CONTINUOUS
100
AcDbLine
 10
78.232286000000002
 20
-101.0477049999999934
 30
0
 11
78.0964519999999993
 21
-100.9914409999999947
 31
0
  0
LINE
  5
13A
330
1B
100
AcDbEntity
  8
F.Cu
  6
CONTINUOUS
100
AcDbLine
 10
78.0964519999999993
 20
-100.9914409999999947
 30
0
 11
77.9742049999999978
 21
-100.9097579999999965
 31
0
  0
LINE
  5
13B
330
1B
100
AcDbEntity
  8
F.Cu
  6
CONTINUOUS
100
AcDbLine
 10
77.9742049999999978
 20
-100.9097579999999965
 30
0
 11
77.8702419999999904
 21
-100.8057949999999892
 31
0
  0
LINE
  5
13C
330
1B
100
AcDbEntity
  8
F.Cu
  6
CONTINUOUS
100
AcDbLine
 10
77.8702419999999904
 20
-100.8057949999999892
 30
0
 11
77.7885589999999922
 21
-100.6835480000000018
 31
0
  0
LINE
  5
13D
330
1B
100
AcDbEntity
  8
F.Cu
  6
CONTINUOUS
100
AcDbLine
 10
77.7885589999999922
 20
-100.6835480000000018
 30
0
 11
77.7322949999999935
 21
-100.5477139999999991
 31
0
  0
LINE
  5
13E
330
1B
100
AcDbEntity
  8
F.Cu
  6
CONTINUOUS
100
AcDbLine
 10
77.7322949999999935
 20
-100.5477139999999991
 30
0
 11
77.7036109999999951
 21
-100.4035129999999896
 31
0
  0
LINE
  5
13F
330
1B
100
AcDbEntity
  8
F.Cu
  6
CONTINUOUS
100
AcDbLine
 10
77.7036109999999951
 20
-100.4035129999999896
 30
0
 11
77.7036109999999951
 21
-100.2564869999999928
 31
0
  0
LINE
  5
140
330
1B
100
AcDbEntity
  8
F.Cu
  6
CONTINUOUS
100
AcDbLine
 10
77.7036109999999951
 20
-100.2564869999999928
 30
0
 11
77.7322949999999935
 21
-100.1122859999999974
 31
0
  0
LINE
  5
141
330
1B
100
AcDbEntity
  8
F.Cu
  6
CONTINUOUS
100
AcDbLine
 10
77.7322949999999935
 20
-100.1122859999999974
 30
0
 11
77.7885589999999922
 21
-99.9764519999999948
 31
0
  0
LINE
  5
142
330
1B
100
AcDbEntity
  8
F.Cu
  6
CONTINUOUS
100
AcDbLine
 10
77.7885589999999922
 20
-99.9764519999999948
 30
0
 11
77.8702419999999904
 21
-99.8542049999999932
 31
0
  0
LINE
  5
143
330
1B
100
AcDbEntity
  8
F.Cu
  6
CONTINUOUS
100
AcDbLine
 10
77.8702419999999904
 20
-99.8542049999999932
 30
0
 11
77.9742049999999978
 21
-99.7502420000000001
 31
0
  0
LINE
  5
144
330
1B
100
AcDbEntity
  8
F.Cu
  6
CONTINUOUS
100
AcDbLine
 10
77.9742049999999978
 20
-99.7502420000000001
 30
0
 11
78.0964519999999993
 21
-99.6685590000000019
 31
0
  0
LINE
  5
145
330
1B
100
AcDbEntity
  8
F.Cu
  6
CONTINUOUS
100
AcDbLine
 10
78.0964519999999993
 20
-99.6685590000000019
 30
0
 11
78.232286000000002
 21
-99.6122949999999889
 31
0
  0
LINE
  5
146
330
1B
100
AcDbEntity
  8
F.Cu
  6
CONTINUOUS
100
AcDbLine
 10
78.232286000000002
 20
-99.6122949999999889
 30
0
 11
78.3764869999999974
 21
-99.5836109999999906
 31
0
  0
LINE
  5
147
330
1B
100
AcDbEntity
  8
F.Cu
  6
CONTINUOUS
100
AcDbLine
 10
78.3764869999999974
 20
-99.5836109999999906
 30
0
 11
78.5235129999999941
 21
-99.5836109999999906
 31
0
  0
LINE
  5
148
330
1B
100
AcDbEntity
  8
F.Cu
  6
CONTINUOUS
100
AcDbLine
 10
78.5235129999999941
 20
-99.5836109999999906
 30
0
 11
78.6677139999999895
 21
-99.6122949999999889
 31
0
  0
LINE
  5
149
330
1B
100
AcDbEntity
  8
F.Cu
  6
CONTINUOUS
100
AcDbLine
 10
83.5477139999999991
 20
-99.6122949999999889
 30
0
 11
83.6835480000000018
 21
-99.6685590000000019
 31
0
  0
LINE
  5
14A
330
1B
100
AcDbEntity
  8
F.Cu
  6
CONTINUOUS
100
AcDbLine
 10
83.6835480000000018
 20
-99.6685590000000019
 30
0
 11
83.8057949999999892
 21
-99.7502420000000001
 31
0
  0
LINE
  5
14B
330
1B
100
AcDbEntity
  8
F.Cu
  6
CONTINUOUS
100
AcDbLine
 10
83.8057949999999892
 20
-99.7502420000000001
 30
0
 11
83.9097579999999965
 21
-99.8542049999999932
 31
0
  0
LINE
  5
14C
330
1B
100
AcDbEntity
  8
F.Cu
  6
CONTINUOUS
100
AcDbLine
 10
83.9097579999999965
 20
-99.8542049999999932
 30
0
 11
83.9914409999999947
 21
-99.9764519999999948
 31
0
  0
LINE
  5
14D
330
1B
100
AcDbEntity
  8
F.Cu
  6
CONTINUOUS
100
AcDbLine
 10
83.9914409999999947
 20
-99.9764519999999948
 30
0
 11
84.0477049999999934
 21
-100.1122859999999974
 31
0
  0
LINE
  5
14E
330
1B
100
AcDbEntity
  8
F.Cu
  6
CONTINUOUS
100
AcDbLine
 10
84.0477049999999934
 20
-100.1122859999999974
 30
0
 11
84.0763889999999918
 21
-100.2564869999999928
 31
0
  0
LINE
  5
14F
330
1B
100
AcDbEntity
  8
F.Cu
  6
CONTINUOUS
100
AcDbLine
 10
84.0763889999999918
 20
-100.2564869999999928
 30
0
 11
84.0763889999999918
 21
-100.4035129999999896
 31
0
  0
LINE
  5
150
330
1B
100
AcDbEntity
  8
F.Cu
  6
CONTINUOUS
100
AcDbLine
 10
84.0763889999999918
 20
-100.4035129999999896
 30
0
 11
84.0477049999999934
 21
-100.5477139999999991
 31
0
  0
LINE
  5
151
330
1B
100
AcDbEntity
  8
F.Cu
  6
CONTINUOUS
100
AcDbLine
 10
84.0477049999999934
 20
-100.5477139999999991
 30
0
 11
83.9914409999999947
 21
-100.6835480000000018
 31
0
  0
LINE
  5
152
330
1B
100
AcDbEntity
  8
F.Cu
  6
CONTINUOUS
100
AcDbLine
 10
83.9914409999999947
 20
-100.6835480000000018
 30
0
 11
83.9097579999999965
 21
-100.8057949999999892
 31
0
  0
LINE
  5
153
330
1B
100
AcDbEntity
  8
F.Cu
  6
CONTINUOUS
100
AcDbLine
 10
83.9097579999999965
 20
-100.8057949999999892
 30
0
 11
83.8057949999999892
 21
-100.9097579999999965
 31
0
  0
LINE
  5
154
330
1B
100
AcDbEntity
  8
F.Cu
  6
CONTINUOUS
100
AcDbLine
 10
83.8057949999999892
 20
-100.9097579999999965
 30
0
 11
83.6835480000000018
 21
-100.9914409999999947
 31
0
  0
LINE
  5
155
330
1B
100
AcDbEntity
  8
F.Cu
  6
CONTINUOUS
100
AcDbLine
 10
83.6835480000000018
 20
-100.9914409999999947
 30
0
 11
83.5477139999999991
 21
-101.0477049999999934
 31
0
  0
LINE
  5
156
330
1B
100
AcDbEntity
  8
F.Cu
  6
CONTINUOUS
100
AcDbLine
 10
83.5477139999999991
 20
-101.0477049999999934
 30
0
 11
83.4035129999999896
 21
-101.0763889999999918
 31
0
  0
LINE
  5
157
330
1B
100
AcDbEntity
  8
F.Cu
  6
CONTINUOUS
100
AcDbLine
 10
83.4035129999999896
 20
-101.0763889999999918
 30
0
 11
83.2564869999999928
 21
-101.0763889999999918
 31
0
  0
LINE
  5
158
330
1B
100
AcDbEntity
  8
F.Cu
  6
CONTINUOUS
100
AcDbLine
 10
83.2564869999999928
 20
-101.0763889999999918
 30
0
 11
83.1122859999999974
 21
-101.0477049999999934
 31
0
  0
LINE
  5
159
330
1B
100
AcDbEntity
  8
F.Cu
  6
CONTINUOUS
100
AcDbLine
 10
83.1122859999999974
 20
-101.0477049999999934
 30
0
 11
82.9764519999999948
 21
-100.9914409999999947
 31
0
  0
LINE
  5
15A
330
1B
100
AcDbEntity
  8
F.Cu
  6
CONTINUOUS
100
AcDbLine
 10
82.9764519999999948
 20
-100.9914409999999947
 30
0
 11
82.8542049999999932
 21
-100.9097579999999965
 31
0
  0
LINE
  5
15B
330
1B
100
AcDbEntity
  8
F.Cu
  6
CONTINUOUS
100
AcDbLine
 10
82.8542049999999932
 20
-100.9097579999999965
 30
0
 11
82.7502420000000001
 21
-100.8057949999999892
 31
0
  0
LINE
  5
15C
330
1B
100
AcDbEntity
  8
F.Cu
  6
CONTINUOUS
100
AcDbLine
 10
82.7502420000000001
 20
-100.8057949999999892
 30
0
 11
82.6685590000000019
 21
-100.6835480000000018
 31
0
  0
LINE
  5
15D
330
1B
100
AcDbEntity
  8
F.Cu
  6
CONTINUOUS
100
AcDbLine
 10
82.6685590000000019
 20
-100.6835480000000018
 30
0
 11
82.6122950000000031
 21
-100.5477139999999991
 31
0
  0
LINE
  5
15E
330
1B
100
AcDbEntity
  8
F.Cu
  6
CONTINUOUS
100
AcDbLine
 10
82.6122950000000031
 20
-100.5477139999999991
 30
0
 11
82.5836109999999906
 21
-100.4035129999999896
 31
0
  0
LINE
  5
15F
330
1B
100
AcDbEntity
  8
F.Cu
  6
CONTINUOUS
100
AcDbLine
 10
82.5836109999999906
 20
-100.4035129999999896
 30
0
 11
82.5836109999999906
 21
-100.2564869999999928
 31
0
  0
LINE
  5
160
330
1B
100
AcDbEntity
  8
F.Cu
  6
CONTINUOUS
100
AcDbLine
 10
82.5836109999999906
 20
-100.2564869999999928
 30
0
 11
82.6122950000000031
 21
-100.1122859999999974
 31
0
  0
LINE
  5
161
330
1B
100
AcDbEntity
  8
F.Cu
  6
CONTINUOUS
100
AcDbLine
 10
82.6122950000000031
 20
-100.1122859999999974
 30
0
 11
82.6685590000000019
 21
-99.9764519999999948
 31
0
  0
LINE
  5
162
330
1B
100
AcDbEntity
  8
F.Cu
  6
CONTINUOUS
100
AcDbLine
 10
82.6685590000000019
 20
-99.9764519999999948
 30
0
 11
82.7502420000000001
 21
-99.8542049999999932
 31
0
  0
LINE
  5
163
330
1B
100
AcDbEntity
  8
F.Cu
  6
CONTINUOUS
100
AcDbLine
 10
82.7502420000000001
 20
-99.8542049999999932
 30
0
 11
82.8542049999999932
 21
-99.7502420000000001
 31
0
  0
LINE
  5
164
330
1B
100
AcDbEntity
  8
F.Cu
  6
CONTINUOUS
100
AcDbLine
 10
82.8542049999999932
 20
-99.7502420000000001
 30
0
 11
82.9764519999999948
 21
-99.6685590000000019
 31
0
  0
LINE
  5
165
330
1B
100
AcDbEntity
  8
F.Cu
  6
CONTINUOUS
100
AcDbLine
 10
82.9764519999999948
 20
-99.6685590000000019
 30
0
 11
83.1122859999999974
 21
-99.6122949999999889
 31
0
  0
LINE
  5
166
330
1B
100
AcDbEntity
  8
F.Cu
  6
CONTINUOUS
100
AcDbLine
 10
83.1122859999999974
 20
-99.6122949999999889
 30
0
 11
83.2564869999999928
 21
-99.5836109999999906
 31
0
  0
LINE
  5
167
330
1B
100
AcDbEntity
  8
F.Cu
  6
CONTINUOUS
100
AcDbLine
 10
83.2564869999999928
 20
-99.5836109999999906
 30
0
 11
83.4035129999999896
 21
-99.5836109999999906
 31
0
  0
LINE
  5
168
330
1B
100
AcDbEntity
  8
F.Cu
  6
CONTINUOUS
100
AcDbLine
 10
83.4035129999999896
 20
-99.5836109999999906
 30
0
 11
83.5477139999999991
 21
-99.6122949999999889
 31
0
  0
LINE
  5
169
330
1B
100
AcDbEntity
  8
F.Cu
  6
CONTINUOUS
100
AcDbLine
 10
58.928170999999999
 20
-88.9890299999999996
 30
0
 11
59.0092769999999973
 21
-89.0432229999999976
 31
0
  0
LINE
  5
16A
330
1B
100
AcDbEntity
  8
F.Cu
  6
CONTINUOUS
100
AcDbLine
 10
59.0092769999999973
 20
-89.0432229999999976
 30
0
 11
59.0634699999999953
 21
-89.124329000000003
 31
0
  0
LINE
  5
16B
330
1B
100
AcDbEntity
  8
F.Cu
  6
CONTINUOUS
100
AcDbLine
 10
59.0634699999999953
 20
-89.124329000000003
 30
0
 11
59.082499999999996
 21
-89.2199999999999989
 31
0
  0
LINE
  5
16C
330
1B
100
AcDbEntity
  8
F.Cu
  6
CONTINUOUS
100
AcDbLine
 10
59.082499999999996
 20
-89.2199999999999989
 30
0
 11
59.082499999999996
 21
-91.1199999999999903
 31
0
  0
LINE
  5
16D
330
1B
100
AcDbEntity
  8
F.Cu
  6
CONTINUOUS
100
AcDbLine
 10
59.082499999999996
 20
-91.1199999999999903
 30
0
 11
59.0634699999999953
 21
-91.2156710000000004
 31
0
  0
LINE
  5
16E
330
1B
100
AcDbEntity
  8
F.Cu
  6
CONTINUOUS
100
AcDbLine
 10
59.0634699999999953
 20
-91.2156710000000004
 30
0
 11
59.0092769999999973
 21
-91.2967769999999916
 31
0
  0
LINE
  5
16F
330
1B
100
AcDbEntity
  8
F.Cu
  6
CONTINUOUS
100
AcDbLine
 10
59.0092769999999973
 20
-91.2967769999999916
 30
0
 11
58.928170999999999
 21
-91.3509699999999896
 31
0
  0
LINE
  5
170
330
1B
100
AcDbEntity
  8
F.Cu
  6
CONTINUOUS
100
AcDbLine
 10
58.928170999999999
 20
-91.3509699999999896
 30
0
 11
58.832499999999996
 21
-91.3699999999999903
 31
0
  0
LINE
  5
171
330
1B
100
AcDbEntity
  8
F.Cu
  6
CONTINUOUS
100
AcDbLine
 10
58.832499999999996
 20
-91.3699999999999903
 30
0
 11
57.7324999999999946
 21
-91.3699999999999903
 31
0
  0
LINE
  5
172
330
1B
100
AcDbEntity
  8
F.Cu
  6
CONTINUOUS
100
AcDbLine
 10
57.7324999999999946
 20
-91.3699999999999903
 30
0
 11
57.6368289999999988
 21
-91.3509699999999896
 31
0
  0
LINE
  5
173
330
1B
100
AcDbEntity
  8
F.Cu
  6
CONTINUOUS
100
AcDbLine
 10
57.6368289999999988
 20
-91.3509699999999896
 30
0
 11
57.5557230000000004
 21
-91.2967769999999916
 31
0
  0
LINE
  5
174
330
1B
100
AcDbEntity
  8
F.Cu
  6
CONTINUOUS
100
AcDbLine
 10
57.5557230000000004
 20
-91.2967769999999916
 30
0
 11
57.5015299999999954
 21
-91.2156710000000004
 31
0
  0
LINE
  5
175
330
1B
100
AcDbEntity
  8
F.Cu
  6
CONTINUOUS
100
AcDbLine
 10
57.5015299999999954
 20
-91.2156710000000004
 30
0
 11
57.4824999999999946
 21
-91.1199999999999903
 31
0
  0
LINE
  5
176
330
1B
100
AcDbEntity
  8
F.Cu
  6
CONTINUOUS
100
AcDbLine
 10
57.4824999999999946
 20
-91.1199999999999903
 30
0
 11
57.4824999999999946
 21
-89.2199999999999989
 31
0
  0
LINE
  5
177
330
1B
100
AcDbEntity
  8
F.Cu
  6
CONTINUOUS
100
AcDbLine
 10
57.4824999999999946
 20
-89.2199999999999989
 30
0
 11
57.5015299999999954
 21
-89.124329000000003
 31
0
  0
LINE
  5
178
330
1B
100
AcDbEntity
  8
F.Cu
  6
CONTINUOUS
100
AcDbLine
 10
57.5015299999999954
 20
-89.124329000000003
 30
0
 11
57.5557230000000004
 21
-89.0432229999999976
 31
0
  0
LINE
  5
179
330
1B
100
AcDbEntity
  8
F.Cu
  6
CONTINUOUS
100
AcDbLine
 10
57.5557230000000004
 20
-89.0432229999999976
 30
0
 11
57.6368289999999988
 21
-88.9890299999999996
 31
0
  0
LINE
  5
17A
330
1B
100
AcDbEntity
  8
F.Cu
  6
CONTINUOUS
100
AcDbLine
 10
57.6368289999999988
 20
-88.9890299999999996
 30
0
 11
57.7324999999999946
 21
-88.9699999999999989
 31
0
  0
LINE
  5
17B
330
1B
100
AcDbEntity
  8
F.Cu
  6
CONTINUOUS
100
AcDbLine
 10
57.7324999999999946
 20
-88.9699999999999989
 30
0
 11
58.832499999999996
 21
-88.9699999999999989
 31
0
  0
LINE
  5
17C
330
1B
100
AcDbEntity
  8
F.Cu
  6
CONTINUOUS
100
AcDbLine
 10
58.832499999999996
 20
-88.9699999999999989
 30
0
 11
58.928170999999999
 21
-88.9890299999999996
 31
0
  0
LINE
  5
17D
330
1B
100
AcDbEntity
  8
F.Cu
  6
CONTINUOUS
100
AcDbLine
 10
61.0547279999999972
 20
-89.0044479999999965
 30
0
 11
61.1996169999999964
 21
-89.0644629999999893
 31
0
  0
LINE
  5
17E
330
1B
100
AcDbEntity
  8
F.Cu
  6
CONTINUOUS
100
AcDbLine
 10
61.1996169999999964
 20
-89.0644629999999893
 30
0
 11
61.330014999999996
 21
-89.1515919999999937
 31
0
  0
LINE
  5
17F
330
1B
100
AcDbEntity
  8
F.Cu
  6
CONTINUOUS
100
AcDbLine
 10
61.330014999999996
 20
-89.1515919999999937
 30
0
 11
61.4409080000000003
 21
-89.2624849999999981
 31
0
  0
LINE
  5
180
330
1B
100
AcDbEntity
  8
F.Cu
  6
CONTINUOUS
100
AcDbLine
 10
61.4409080000000003
 20
-89.2624849999999981
 30
0
 11
61.5280369999999976
 21
-89.3928829999999977
 31
0
  0
LINE
  5
181
330
1B
100
AcDbEntity
  8
F.Cu
  6
CONTINUOUS
100
AcDbLine
 10
61.5280369999999976
 20
-89.3928829999999977
 30
0
 11
61.5880519999999976
 21
-89.5377719999999897
 31
0
  0
LINE
  5
182
330
1B
100
AcDbEntity
  8
F.Cu
  6
CONTINUOUS
100
AcDbLine
 10
61.5880519999999976
 20
-89.5377719999999897
 30
0
 11
61.6186480000000003
 21
-89.6915860000000009
 31
0
  0
LINE
  5
183
330
1B
100
AcDbEntity
  8
F.Cu
  6
CONTINUOUS
100
AcDbLine
 10
61.6186480000000003
 20
-89.6915860000000009
 30
0
 11
61.6224999999999952
 21
-89.769999999999996
 31
0
  0
LINE
  5
184
330
1B
100
AcDbEntity
  8
F.Cu
  6
CONTINUOUS
100
AcDbLine
 10
61.6224999999999952
 20
-89.769999999999996
 30
0
 11
61.6224999999999952
 21
-90.5699999999999932
 31
0
  0
LINE
  5
185
330
1B
100
AcDbEntity
  8
F.Cu
  6
CONTINUOUS
100
AcDbLine
 10
61.6224999999999952
 20
-90.5699999999999932
 30
0
 11
61.6186480000000003
 21
-90.6484140000000025
 31
0
  0
LINE
  5
186
330
1B
100
AcDbEntity
  8
F.Cu
  6
CONTINUOUS
100
AcDbLine
 10
61.6186480000000003
 20
-90.6484140000000025
 30
0
 11
61.5880519999999976
 21
-90.8022279999999995
 31
0
  0
LINE
  5
187
330
1B
100
AcDbEntity
  8
F.Cu
  6
CONTINUOUS
100
AcDbLine
 10
61.5880519999999976
 20
-90.8022279999999995
 30
0
 11
61.5280369999999976
 21
-90.9471169999999915
 31
0
  0
LINE
  5
188
330
1B
100
AcDbEntity
  8
F.Cu
  6
CONTINUOUS
100
AcDbLine
 10
61.5280369999999976
 20
-90.9471169999999915
 30
0
 11
61.4409080000000003
 21
-91.0775149999999911
 31
0
  0
LINE
  5
189
330
1B
100
AcDbEntity
  8
F.Cu
  6
CONTINUOUS
100
AcDbLine
 10
61.4409080000000003
 20
-91.0775149999999911
 30
0
 11
61.330014999999996
 21
-91.1884079999999955
 31
0
  0
LINE
  5
18A
330
1B
100
AcDbEntity
  8
F.Cu
  6
CONTINUOUS
100
AcDbLine
 10
61.330014999999996
 20
-91.1884079999999955
 30
0
 11
61.1996169999999964
 21
-91.2755369999999999
 31
0
  0
LINE
  5
18B
330
1B
100
AcDbEntity
  8
F.Cu
  6
CONTINUOUS
100
AcDbLine
 10
61.1996169999999964
 20
-91.2755369999999999
 30
0
 11
61.0547279999999972
 21
-91.3355519999999927
 31
0
  0
LINE
  5
18C
330
1B
100
AcDbEntity
  8
F.Cu
  6
CONTINUOUS
100
AcDbLine
 10
61.0547279999999972
 20
-91.3355519999999927
 30
0
 11
60.9009140000000002
 21
-91.3661479999999955
 31
0
  0
LINE
  5
18D
330
1B
100
AcDbEntity
  8
F.Cu
  6
CONTINUOUS
100
AcDbLine
 10
60.9009140000000002
 20
-91.3661479999999955
 30
0
 11
60.7440859999999958
 21
-91.3661479999999955
 31
0
  0
LINE
  5
18E
330
1B
100
AcDbEntity
  8
F.Cu
  6
CONTINUOUS
100
AcDbLine
 10
60.7440859999999958
 20
-91.3661479999999955
 30
0
 11
60.5902719999999988
 21
-91.3355519999999927
 31
0
  0
LINE
  5
18F
330
1B
100
AcDbEntity
  8
F.Cu
  6
CONTINUOUS
100
AcDbLine
 10
60.5902719999999988
 20
-91.3355519999999927
 30
0
 11
60.4453829999999996
 21
-91.2755369999999999
 31
0
  0
LINE
  5
190
330
1B
100
AcDbEntity
  8
F.Cu
  6
CONTINUOUS
100
AcDbLine
 10
60.4453829999999996
 20
-91.2755369999999999
 30
0
 11
60.3149850000000001
 21
-91.1884079999999955
 31
0
  0
LINE
  5
191
330
1B
100
AcDbEntity
  8
F.Cu
  6
CONTINUOUS
100
AcDbLine
 10
60.3149850000000001
 20
-91.1884079999999955
 30
0
 11
60.2040919999999957
 21
-91.0775149999999911
 31
0
  0
LINE
  5
192
330
1B
100
AcDbEntity
  8
F.Cu
  6
CONTINUOUS
100
AcDbLine
 10
60.2040919999999957
 20
-91.0775149999999911
 30
0
 11
60.1169629999999984
 21
-90.9471169999999915
 31
0
  0
LINE
  5
193
330
1B
100
AcDbEntity
  8
F.Cu
  6
CONTINUOUS
100
AcDbLine
 10
60.1169629999999984
 20
-90.9471169999999915
 30
0
 11
60.0569479999999984
 21
-90.8022279999999995
 31
0
  0
LINE
  5
194
330
1B
100
AcDbEntity
  8
F.Cu
  6
CONTINUOUS
100
AcDbLine
 10
60.0569479999999984
 20
-90.8022279999999995
 30
0
 11
60.0263519999999957
 21
-90.6484140000000025
 31
0
  0
LINE
  5
195
330
1B
100
AcDbEntity
  8
F.Cu
  6
CONTINUOUS
100
AcDbLine
 10
60.0263519999999957
 20
-90.6484140000000025
 30
0
 11
60.0224999999999937
 21
-90.5699999999999932
 31
0
  0
LINE
  5
196
330
1B
100
AcDbEntity
  8
F.Cu
  6
CONTINUOUS
100
AcDbLine
 10
60.0224999999999937
 20
-90.5699999999999932
 30
0
 11
60.0224999999999937
 21
-89.769999999999996
 31
0
  0
LINE
  5
197
330
1B
100
AcDbEntity
  8
F.Cu
  6
CONTINUOUS
100
AcDbLine
 10
60.0224999999999937
 20
-89.769999999999996
 30
0
 11
60.0263519999999957
 21
-89.6915860000000009
 31
0
  0
LINE
  5
198
330
1B
100
AcDbEntity
  8
F.Cu
  6
CONTINUOUS
100
AcDbLine
 10
60.0263519999999957
 20
-89.6915860000000009
 30
0
 11
60.0569479999999984
 21
-89.5377719999999897
 31
0
  0
LINE
  5
199
330
1B
100
AcDbEntity
  8
F.Cu
  6
CONTINUOUS
100
AcDbLine
 10
60.0569479999999984
 20
-89.5377719999999897
 30
0
 11
60.1169629999999984
 21
-89.3928829999999977
 31
0
  0
LINE
  5
19A
330
1B
100
AcDbEntity
  8
F.Cu
  6
CONTINUOUS
100
AcDbLine
 10
60.1169629999999984
 20
-89.3928829999999977
 30
0
 11
60.2040919999999957
 21
-89.2624849999999981
 31
0
  0
LINE
  5
19B
330
1B
100
AcDbEntity
  8
F.Cu
  6
CONTINUOUS
100
AcDbLine
 10
60.2040919999999957
 20
-89.2624849999999981
 30
0
 11
60.3149850000000001
 21
-89.1515919999999937
 31
0
  0
LINE
  5
19C
330
1B
100
AcDbEntity
  8
F.Cu
  6
CONTINUOUS
100
AcDbLine
 10
60.3149850000000001
 20
-89.1515919999999937
 30
0
 11
60.4453829999999996
 21
-89.0644629999999893
 31
0
  0
LINE
  5
19D
330
1B
100
AcDbEntity
  8
F.Cu
  6
CONTINUOUS
100
AcDbLine
 10
60.4453829999999996
 20
-89.0644629999999893
 30
0
 11
60.5902719999999988
 21
-89.0044479999999965
 31
0
  0
LINE
  5
19E
330
1B
100
AcDbEntity
  8
F.Cu
  6
CONTINUOUS
100
AcDbLine
 10
60.5902719999999988
 20
-89.0044479999999965
 30
0
 11
60.7440859999999958
 21
-88.9738519999999937
 31
0
  0
LINE
  5
19F
330
1B
100
AcDbEntity
  8
F.Cu
  6
CONTINUOUS
100
AcDbLine
 10
60.7440859999999958
 20
-88.9738519999999937
 30
0
 11
60.9009140000000002
 21
-88.9738519999999937
 31
0
  0
LINE
  5
1A0
330
1B
100
AcDbEntity
  8
F.Cu
  6
CONTINUOUS
100
AcDbLine
 10
60.9009140000000002
 20
-88.9738519999999937
 30
0
 11
61.0547279999999972
 21
-89.0044479999999965
 31
0
  0
LINE
  5
1A1
330
1B
100
AcDbEntity
  8
F.Cu
  6
CONTINUOUS
100
AcDbLine
 10
63.5947279999999964
 20
-89.0044479999999965
 30
0
 11
63.7396169999999955
 21
-89.0644629999999893
 31
0
  0
LINE
  5
1A2
330
1B
100
AcDbEntity
  8
F.Cu
  6
CONTINUOUS
100
AcDbLine
 10
63.7396169999999955
 20
-89.0644629999999893
 30
0
 11
63.8700149999999951
 21
-89.1515919999999937
 31
0
  0
LINE
  5
1A3
330
1B
100
AcDbEntity
  8
F.Cu
  6
CONTINUOUS
100
AcDbLine
 10
63.8700149999999951
 20
-89.1515919999999937
 30
0
 11
63.9809079999999994
 21
-89.2624849999999981
 31
0
  0
LINE
  5
1A4
330
1B
100
AcDbEntity
  8
F.Cu
  6
CONTINUOUS
100
AcDbLine
 10
63.9809079999999994
 20
-89.2624849999999981
 30
0
 11
64.0680370000000039
 21
-89.3928829999999977
 31
0
  0
LINE
  5
1A5
330
1B
100
AcDbEntity
  8
F.Cu
  6
CONTINUOUS
100
AcDbLine
 10
64.0680370000000039
 20
-89.3928829999999977
 30
0
 11
64.1280519999999967
 21
-89.5377719999999897
 31
0
  0
LINE
  5
1A6
330
1B
100
AcDbEntity
  8
F.Cu
  6
CONTINUOUS
100
AcDbLine
 10
64.1280519999999967
 20
-89.5377719999999897
 30
0
 11
64.1586479999999995
 21
-89.6915860000000009
 31
0
  0
LINE
  5
1A7
330
1B
100
AcDbEntity
  8
F.Cu
  6
CONTINUOUS
100
AcDbLine
 10
64.1586479999999995
 20
-89.6915860000000009
 30
0
 11
64.1624999999999943
 21
-89.769999999999996
 31
0
  0
LINE
  5
1A8
330
1B
100
AcDbEntity
  8
F.Cu
  6
CONTINUOUS
100
AcDbLine
 10
64.1624999999999943
 20
-89.769999999999996
 30
0
 11
64.1624999999999943
 21
-90.5699999999999932
 31
0
  0
LINE
  5
1A9
330
1B
100
AcDbEntity
  8
F.Cu
  6
CONTINUOUS
100
AcDbLine
 10
64.1624999999999943
 20
-90.5699999999999932
 30
0
 11
64.1586479999999995
 21
-90.6484140000000025
 31
0
  0
LINE
  5
1AA
330
1B
100
AcDbEntity
  8
F.Cu
  6
CONTINUOUS
100
AcDbLine
 10
64.1586479999999995
 20
-90.6484140000000025
 30
0
 11
64.1280519999999967
 21
-90.8022279999999995
 31
0
  0
LINE
  5
1AB
330
1B
100
AcDbEntity
  8
F.Cu
  6
CONTINUOUS
100
AcDbLine
 10
64.1280519999999967
 20
-90.8022279999999995
 30
0
 11
64.0680370000000039
 21
-90.9471169999999915
 31
0
  0
LINE
  5
1AC
330
1B
100
AcDbEntity
  8
F.Cu
  6
CONTINUOUS
100
AcDbLine
 10
64.0680370000000039
 20
-90.9471169999999915
 30
0
 11
63.9809079999999994
 21
-91.0775149999999911
 31
0
  0
LINE
  5
1AD
330
1B
100
AcDbEntity
  8
F.Cu
  6
CONTINUOUS
100
AcDbLine
 10
63.9809079999999994
 20
-91.0775149999999911
 30
0
 11
63.8700149999999951
 21
-91.1884079999999955
 31
0
  0
LINE
  5
1AE
330
1B
100
AcDbEntity
  8
F.Cu
  6
CONTINUOUS
100
AcDbLine
 10
63.8700149999999951
 20
-91.1884079999999955
 30
0
 11
63.7396169999999955
 21
-91.2755369999999999
 31
0
  0
LINE
  5
1AF
330
1B
100
AcDbEntity
  8
F.Cu
  6
CONTINUOUS
100
AcDbLine
 10
63.7396169999999955
 20
-91.2755369999999999
 30
0
 11
63.5947279999999964
 21
-91.3355519999999927
 31
0
  0
LINE
  5
1B0
330
1B
100
AcDbEntity
  8
F.Cu
  6
CONTINUOUS
100
AcDbLine
 10
63.5947279999999964
 20
-91.3355519999999927
 30
0
 11
63.4409139999999994
 21
-91.3661479999999955
 31
0
  0
LINE
  5
1B1
330
1B
100
AcDbEntity
  8
F.Cu
  6
CONTINUOUS
100
AcDbLine
 10
63.4409139999999994
 20
-91.3661479999999955
 30
0
 11
63.284085999999995
 21
-91.3661479999999955
 31
0
  0
LINE
  5
1B2
330
1B
100
AcDbEntity
  8
F.Cu
  6
CONTINUOUS
100
AcDbLine
 10
63.284085999999995
 20
-91.3661479999999955
 30
0
 11
63.1302719999999979
 21
-91.3355519999999927
 31
0
  0
LINE
  5
1B3
330
1B
100
AcDbEntity
  8
F.Cu
  6
CONTINUOUS
100
AcDbLine
 10
63.1302719999999979
 20
-91.3355519999999927
 30
0
 11
62.9853829999999988
 21
-91.2755369999999999
 31
0
  0
LINE
  5
1B4
330
1B
100
AcDbEntity
  8
F.Cu
  6
CONTINUOUS
100
AcDbLine
 10
62.9853829999999988
 20
-91.2755369999999999
 30
0
 11
62.8549849999999992
 21
-91.1884079999999955
 31
0
  0
LINE
  5
1B5
330
1B
100
AcDbEntity
  8
F.Cu
  6
CONTINUOUS
100
AcDbLine
 10
62.8549849999999992
 20
-91.1884079999999955
 30
0
 11
62.7440919999999949
 21
-91.0775149999999911
 31
0
  0
LINE
  5
1B6
330
1B
100
AcDbEntity
  8
F.Cu
  6
CONTINUOUS
100
AcDbLine
 10
62.7440919999999949
 20
-91.0775149999999911
 30
0
 11
62.6569629999999975
 21
-90.9471169999999915
 31
0
  0
LINE
  5
1B7
330
1B
100
AcDbEntity
  8
F.Cu
  6
CONTINUOUS
100
AcDbLine
 10
62.6569629999999975
 20
-90.9471169999999915
 30
0
 11
62.5969479999999976
 21
-90.8022279999999995
 31
0
  0
LINE
  5
1B8
330
1B
100
AcDbEntity
  8
F.Cu
  6
CONTINUOUS
100
AcDbLine
 10
62.5969479999999976
 20
-90.8022279999999995
 30
0
 11
62.5663519999999949
 21
-90.6484140000000025
 31
0
  0
LINE
  5
1B9
330
1B
100
AcDbEntity
  8
F.Cu
  6
CONTINUOUS
100
AcDbLine
 10
62.5663519999999949
 20
-90.6484140000000025
 30
0
 11
62.5625
 21
-90.5699999999999932
 31
0
  0
LINE
  5
1BA
330
1B
100
AcDbEntity
  8
F.Cu
  6
CONTINUOUS
100
AcDbLine
 10
62.5625
 20
-90.5699999999999932
 30
0
 11
62.5625
 21
-89.769999999999996
 31
0
  0
LINE
  5
1BB
330
1B
100
AcDbEntity
  8
F.Cu
  6
CONTINUOUS
100
AcDbLine
 10
62.5625
 20
-89.769999999999996
 30
0
 11
62.5663519999999949
 21
-89.6915860000000009
 31
0
  0
LINE
  5
1BC
330
1B
100
AcDbEntity
  8
F.Cu
  6
CONTINUOUS
100
AcDbLine
 10
62.5663519999999949
 20
-89.6915860000000009
 30
0
 11
62.5969479999999976
 21
-89.5377719999999897
 31
0
  0
LINE
  5
1BD
330
1B
100
AcDbEntity
  8
F.Cu
  6
CONTINUOUS
100
AcDbLine
 10
62.5969479999999976
 20
-89.5377719999999897
 30
0
 11
62.6569629999999975
 21
-89.3928829999999977
 31
0
  0
LINE
  5
1BE
330
1B
100
AcDbEntity
  8
F.Cu
  6
CONTINUOUS
100
AcDbLine
 10
62.6569629999999975
 20
-89.3928829999999977
 30
0
 11
62.7440919999999949
 21
-89.2624849999999981
 31
0
  0
LINE
  5
1BF
330
1B
100
AcDbEntity
  8
F.Cu
  6
CONTINUOUS
100
AcDbLine
 10
62.7440919999999949
 20
-89.2624849999999981
 30
0
 11
62.8549849999999992
 21
-89.1515919999999937
 31
0
  0
LINE
  5
1C0
330
1B
100
AcDbEntity
  8
F.Cu
  6
CONTINUOUS
100
AcDbLine
 10
62.8549849999999992
 20
-89.1515919999999937
 30
0
 11
62.9853829999999988
 21
-89.0644629999999893
 31
0
  0
LINE
  5
1C1
330
1B
100
AcDbEntity
  8
F.Cu
  6
CONTINUOUS
100
AcDbLine
 10
62.9853829999999988
 20
-89.0644629999999893
 30
0
 11
63.1302719999999979
 21
-89.0044479999999965
 31
0
  0
LINE
  5
1C2
330
1B
100
AcDbEntity
  8
F.Cu
  6
CONTINUOUS
100
AcDbLine
 10
63.1302719999999979
 20
-89.0044479999999965
 30
0
 11
63.284085999999995
 21
-88.9738519999999937
 31
0
  0
LINE
  5
1C3
330
1B
100
AcDbEntity
  8
F.Cu
  6
CONTINUOUS
100
AcDbLine
 10
63.284085999999995
 20
-88.9738519999999937
 30
0
 11
63.4409139999999994
 21
-88.9738519999999937
 31
0
  0
LINE
  5
1C4
330
1B
100
AcDbEntity
  8
F.Cu
  6
CONTINUOUS
100
AcDbLine
 10
63.4409139999999994
 20
-88.9738519999999937
 30
0
 11
63.5947279999999964
 21
-89.0044479999999965
 31
0
  0
LINE
  5
1C5
330
1B
100
AcDbEntity
  8
F.Cu
  6
CONTINUOUS
100
AcDbLine
 10
66.1347279999999955
 20
-89.0044479999999965
 30
0
 11
66.2796170000000018
 21
-89.0644629999999893
 31
0
  0
LINE
  5
1C6
330
1B
100
AcDbEntity
  8
F.Cu
  6
CONTINUOUS
100
AcDbLine
 10
66.2796170000000018
 20
-89.0644629999999893
 30
0
 11
66.4100150000000014
 21
-89.1515919999999937
 31
0
  0
LINE
  5
1C7
330
1B
100
AcDbEntity
  8
F.Cu
  6
CONTINUOUS
100
AcDbLine
 10
66.4100150000000014
 20
-89.1515919999999937
 30
0
 11
66.5209079999999915
 21
-89.2624849999999981
 31
0
  0
LINE
  5
1C8
330
1B
100
AcDbEntity
  8
F.Cu
  6
CONTINUOUS
100
AcDbLine
 10
66.5209079999999915
 20
-89.2624849999999981
 30
0
 11
66.6080369999999959
 21
-89.3928829999999977
 31
0
  0
LINE
  5
1C9
330
1B
100
AcDbEntity
  8
F.Cu
  6
CONTINUOUS
100
AcDbLine
 10
66.6080369999999959
 20
-89.3928829999999977
 30
0
 11
66.668052000000003
 21
-89.5377719999999897
 31
0
  0
LINE
  5
1CA
330
1B
100
AcDbEntity
  8
F.Cu
  6
CONTINUOUS
100
AcDbLine
 10
66.668052000000003
 20
-89.5377719999999897
 30
0
 11
66.6986479999999915
 21
-89.6915860000000009
 31
0
  0
LINE
  5
1CB
330
1B
100
AcDbEntity
  8
F.Cu
  6
CONTINUOUS
100
AcDbLine
 10
66.6986479999999915
 20
-89.6915860000000009
 30
0
 11
66.7025000000000006
 21
-89.769999999999996
 31
0
  0
LINE
  5
1CC
330
1B
100
AcDbEntity
  8
F.Cu
  6
CONTINUOUS
100
AcDbLine
 10
66.7025000000000006
 20
-89.769999999999996
 30
0
 11
66.7025000000000006
 21
-90.5699999999999932
 31
0
  0
LINE
  5
1CD
330
1B
100
AcDbEntity
  8
F.Cu
  6
CONTINUOUS
100
AcDbLine
 10
66.7025000000000006
 20
-90.5699999999999932
 30
0
 11
66.6986479999999915
 21
-90.6484140000000025
 31
0
  0
LINE
  5
1CE
330
1B
100
AcDbEntity
  8
F.Cu
  6
CONTINUOUS
100
AcDbLine
 10
66.6986479999999915
 20
-90.6484140000000025
 30
0
 11
66.668052000000003
 21
-90.8022279999999995
 31
0
  0
LINE
  5
1CF
330
1B
100
AcDbEntity
  8
F.Cu
  6
CONTINUOUS
100
AcDbLine
 10
66.668052000000003
 20
-90.8022279999999995
 30
0
 11
66.6080369999999959
 21
-90.9471169999999915
 31
0
  0
LINE
  5
1D0
330
1B
100
AcDbEntity
  8
F.Cu
  6
CONTINUOUS
100
AcDbLine
 10
66.6080369999999959
 20
-90.9471169999999915
 30
0
 11
66.5209079999999915
 21
-91.0775149999999911
 31
0
  0
LINE
  5
1D1
330
1B
100
AcDbEntity
  8
F.Cu
  6
CONTINUOUS
100
AcDbLine
 10
66.5209079999999915
 20
-91.0775149999999911
 30
0
 11
66.4100150000000014
 21
-91.1884079999999955
 31
0
  0
LINE
  5
1D2
330
1B
100
AcDbEntity
  8
F.Cu
  6
CONTINUOUS
100
AcDbLine
 10
66.4100150000000014
 20
-91.1884079999999955
 30
0
 11
66.2796170000000018
 21
-91.2755369999999999
 31
0
  0
LINE
  5
1D3
330
1B
100
AcDbEntity
  8
F.Cu
  6
CONTINUOUS
100
AcDbLine
 10
66.2796170000000018
 20
-91.2755369999999999
 30
0
 11
66.1347279999999955
 21
-91.3355519999999927
 31
0
  0
LINE
  5
1D4
330
1B
100
AcDbEntity
  8
F.Cu
  6
CONTINUOUS
100
AcDbLine
 10
66.1347279999999955
 20
-91.3355519999999927
 30
0
 11
65.9809139999999985
 21
-91.3661479999999955
 31
0
  0
LINE
  5
1D5
330
1B
100
AcDbEntity
  8
F.Cu
  6
CONTINUOUS
100
AcDbLine
 10
65.9809139999999985
 20
-91.3661479999999955
 30
0
 11
65.8240859999999941
 21
-91.3661479999999955
 31
0
  0
LINE
  5
1D6
330
1B
100
AcDbEntity
  8
F.Cu
  6
CONTINUOUS
100
AcDbLine
 10
65.8240859999999941
 20
-91.3661479999999955
 30
0
 11
65.6702719999999971
 21
-91.3355519999999927
 31
0
  0
LINE
  5
1D7
330
1B
100
AcDbEntity
  8
F.Cu
  6
CONTINUOUS
100
AcDbLine
 10
65.6702719999999971
 20
-91.3355519999999927
 30
0
 11
65.5253829999999908
 21
-91.2755369999999999
 31
0
  0
LINE
  5
1D8
330
1B
100
AcDbEntity
  8
F.Cu
  6
CONTINUOUS
100
AcDbLine
 10
65.5253829999999908
 20
-91.2755369999999999
 30
0
 11
65.3949849999999913
 21
-91.1884079999999955
 31
0
  0
LINE
  5
1D9
330
1B
100
AcDbEntity
  8
F.Cu
  6
CONTINUOUS
100
AcDbLine
 10
65.3949849999999913
 20
-91.1884079999999955
 30
0
 11
65.2840920000000011
 21
-91.0775149999999911
 31
0
  0
LINE
  5
1DA
330
1B
100
AcDbEntity
  8
F.Cu
  6
CONTINUOUS
100
AcDbLine
 10
65.2840920000000011
 20
-91.0775149999999911
 30
0
 11
65.1969629999999967
 21
-90.9471169999999915
 31
0
  0
LINE
  5
1DB
330
1B
100
AcDbEntity
  8
F.Cu
  6
CONTINUOUS
100
AcDbLine
 10
65.1969629999999967
 20
-90.9471169999999915
 30
0
 11
65.1369480000000038
 21
-90.8022279999999995
 31
0
  0
LINE
  5
1DC
330
1B
100
AcDbEntity
  8
F.Cu
  6
CONTINUOUS
100
AcDbLine
 10
65.1369480000000038
 20
-90.8022279999999995
 30
0
 11
65.1063520000000011
 21
-90.6484140000000025
 31
0
  0
LINE
  5
1DD
330
1B
100
AcDbEntity
  8
F.Cu
  6
CONTINUOUS
100
AcDbLine
 10
65.1063520000000011
 20
-90.6484140000000025
 30
0
 11
65.102499999999992
 21
-90.5699999999999932
 31
0
  0
LINE
  5
1DE
330
1B
100
AcDbEntity
  8
F.Cu
  6
CONTINUOUS
100
AcDbLine
 10
65.102499999999992
 20
-90.5699999999999932
 30
0
 11
65.102499999999992
 21
-89.769999999999996
 31
0
  0
LINE
  5
1DF
330
1B
100
AcDbEntity
  8
F.Cu
  6
CONTINUOUS
100
AcDbLine
 10
65.102499999999992
 20
-89.769999999999996
 30
0
 11
65.1063520000000011
 21
-89.6915860000000009
 31
0
  0
LINE
  5
1E0
330
1B
100
AcDbEntity
  8
F.Cu
  6
CONTINUOUS
100
AcDbLine
 10
65.1063520000000011
 20
-89.6915860000000009
 30
0
 11
65.1369480000000038
 21
-89.5377719999999897
 31
0
  0
LINE
  5
1E1
330
1B
100
AcDbEntity
  8
F.Cu
  6
CONTINUOUS
100
AcDbLine
 10
65.1369480000000038
 20
-89.5377719999999897
 30
0
 11
65.1969629999999967
 21
-89.3928829999999977
 31
0
  0
LINE
  5
1E2
330
1B
100
AcDbEntity
  8
F.Cu
  6
CONTINUOUS
100
AcDbLine
 10
65.1969629999999967
 20
-89.3928829999999977
 30
0
 11
65.2840920000000011
 21
-89.2624849999999981
 31
0
  0
LINE
  5
1E3
330
1B
100
AcDbEntity
  8
F.Cu
  6
CONTINUOUS
100
AcDbLine
 10
65.2840920000000011
 20
-89.2624849999999981
 30
0
 11
65.3949849999999913
 21
-89.1515919999999937
 31
0
  0
LINE
  5
1E4
330
1B
100
AcDbEntity
  8
F.Cu
  6
CONTINUOUS
100
AcDbLine
 10
65.3949849999999913
 20
-89.1515919999999937
 30
0
 11
65.5253829999999908
 21
-89.0644629999999893
 31
0
  0
LINE
  5
1E5
330
1B
100
AcDbEntity
  8
F.Cu
  6
CONTINUOUS
100
AcDbLine
 10
65.5253829999999908
 20
-89.0644629999999893
 30
0
 11
65.6702719999999971
 21
-89.0044479999999965
 31
0
  0
LINE
  5
1E6
330
1B
100
AcDbEntity
  8
F.Cu
  6
CONTINUOUS
100
AcDbLine
 10
65.6702719999999971
 20
-89.0044479999999965
 30
0
 11
65.8240859999999941
 21
-88.9738519999999937
 31
0
  0
LINE
  5
1E7
330
1B
100
AcDbEntity
  8
F.Cu
  6
CONTINUOUS
100
AcDbLine
 10
65.8240859999999941
 20
-88.9738519999999937
 30
0
 11
65.9809139999999985
 21
-88.9738519999999937
 31
0
  0
LINE
  5
1E8
330
1B
100
AcDbEntity
  8
F.Cu
  6
CONTINUOUS
100
AcDbLine
 10
65.9809139999999985
 20
-88.9738519999999937
 30
0
 11
66.1347279999999955
 21
-89.0044479999999965
 31
0
  0
LINE
  5
1E9
330
1B
100
AcDbEntity
  8
F.Cu
  6
CONTINUOUS
100
AcDbLine
 10
68.6747280000000018
 20
-89.0044479999999965
 30
0
 11
68.8196169999999938
 21
-89.0644629999999893
 31
0
  0
LINE
  5
1EA
330
1B
100
AcDbEntity
  8
F.Cu
  6
CONTINUOUS
100
AcDbLine
 10
68.8196169999999938
 20
-89.0644629999999893
 30
0
 11
68.9500149999999934
 21
-89.1515919999999937
 31
0
  0
LINE
  5
1EB
330
1B
100
AcDbEntity
  8
F.Cu
  6
CONTINUOUS
100
AcDbLine
 10
68.9500149999999934
 20
-89.1515919999999937
 30
0
 11
69.0609079999999977
 21
-89.2624849999999981
 31
0
  0
LINE
  5
1EC
330
1B
100
AcDbEntity
  8
F.Cu
  6
CONTINUOUS
100
AcDbLine
 10
69.0609079999999977
 20
-89.2624849999999981
 30
0
 11
69.1480370000000022
 21
-89.3928829999999977
 31
0
  0
LINE
  5
1ED
330
1B
100
AcDbEntity
  8
F.Cu
  6
CONTINUOUS
100
AcDbLine
 10
69.1480370000000022
 20
-89.3928829999999977
 30
0
 11
69.208051999999995
 21
-89.5377719999999897
 31
0
  0
LINE
  5
1EE
330
1B
100
AcDbEntity
  8
F.Cu
  6
CONTINUOUS
100
AcDbLine
 10
69.208051999999995
 20
-89.5377719999999897
 30
0
 11
69.2386479999999978
 21
-89.6915860000000009
 31
0
  0
LINE
  5
1EF
330
1B
100
AcDbEntity
  8
F.Cu
  6
CONTINUOUS
100
AcDbLine
 10
69.2386479999999978
 20
-89.6915860000000009
 30
0
 11
69.2424999999999926
 21
-89.769999999999996
 31
0
  0
LINE
  5
1F0
330
1B
100
AcDbEntity
  8
F.Cu
  6
CONTINUOUS
100
AcDbLine
 10
69.2424999999999926
 20
-89.769999999999996
 30
0
 11
69.2424999999999926
 21
-90.5699999999999932
 31
0
  0
LINE
  5
1F1
330
1B
100
AcDbEntity
  8
F.Cu
  6
CONTINUOUS
100
AcDbLine
 10
69.2424999999999926
 20
-90.5699999999999932
 30
0
 11
69.2386479999999978
 21
-90.6484140000000025
 31
0
  0
LINE
  5
1F2
330
1B
100
AcDbEntity
  8
F.Cu
  6
CONTINUOUS
100
AcDbLine
 10
69.2386479999999978
 20
-90.6484140000000025
 30
0
 11
69.208051999999995
 21
-90.8022279999999995
 31
0
  0
LINE
  5
1F3
330
1B
100
AcDbEntity
  8
F.Cu
  6
CONTINUOUS
100
AcDbLine
 10
69.208051999999995
 20
-90.8022279999999995
 30
0
 11
69.1480370000000022
 21
-90.9471169999999915
 31
0
  0
LINE
  5
1F4
330
1B
100
AcDbEntity
  8
F.Cu
  6
CONTINUOUS
100
AcDbLine
 10
69.1480370000000022
 20
-90.9471169999999915
 30
0
 11
69.0609079999999977
 21
-91.0775149999999911
 31
0
  0
LINE
  5
1F5
330
1B
100
AcDbEntity
  8
F.Cu
  6
CONTINUOUS
100
AcDbLine
 10
69.0609079999999977
 20
-91.0775149999999911
 30
0
 11
68.9500149999999934
 21
-91.1884079999999955
 31
0
  0
LINE
  5
1F6
330
1B
100
AcDbEntity
  8
F.Cu
  6
CONTINUOUS
100
AcDbLine
 10
68.9500149999999934
 20
-91.1884079999999955
 30
0
 11
68.8196169999999938
 21
-91.2755369999999999
 31
0
  0
LINE
  5
1F7
330
1B
100
AcDbEntity
  8
F.Cu
  6
CONTINUOUS
100
AcDbLine
 10
68.8196169999999938
 20
-91.2755369999999999
 30
0
 11
68.6747280000000018
 21
-91.3355519999999927
 31
0
  0
LINE
  5
1F8
330
1B
100
AcDbEntity
  8
F.Cu
  6
CONTINUOUS
100
AcDbLine
 10
68.6747280000000018
 20
-91.3355519999999927
 30
0
 11
68.5209139999999906
 21
-91.3661479999999955
 31
0
  0
LINE
  5
1F9
330
1B
100
AcDbEntity
  8
F.Cu
  6
CONTINUOUS
100
AcDbLine
 10
68.5209139999999906
 20
-91.3661479999999955
 30
0
 11
68.3640860000000004
 21
-91.3661479999999955
 31
0
  0
LINE
  5
1FA
330
1B
100
AcDbEntity
  8
F.Cu
  6
CONTINUOUS
100
AcDbLine
 10
68.3640860000000004
 20
-91.3661479999999955
 30
0
 11
68.2102720000000033
 21
-91.3355519999999927
 31
0
  0
LINE
  5
1FB
330
1B
100
AcDbEntity
  8
F.Cu
  6
CONTINUOUS
100
AcDbLine
 10
68.2102720000000033
 20
-91.3355519999999927
 30
0
 11
68.0653829999999971
 21
-91.2755369999999999
 31
0
  0
LINE
  5
1FC
330
1B
100
AcDbEntity
  8
F.Cu
  6
CONTINUOUS
100
AcDbLine
 10
68.0653829999999971
 20
-91.2755369999999999
 30
0
 11
67.9349849999999975
 21
-91.1884079999999955
 31
0
  0
LINE
  5
1FD
330
1B
100
AcDbEntity
  8
F.Cu
  6
CONTINUOUS
100
AcDbLine
 10
67.9349849999999975
 20
-91.1884079999999955
 30
0
 11
67.8240919999999932
 21
-91.0775149999999911
 31
0
  0
LINE
  5
1FE
330
1B
100
AcDbEntity
  8
F.Cu
  6
CONTINUOUS
100
AcDbLine
 10
67.8240919999999932
 20
-91.0775149999999911
 30
0
 11
67.7369630000000029
 21
-90.9471169999999915
 31
0
  0
LINE
  5
1FF
330
1B
100
AcDbEntity
  8
F.Cu
  6
CONTINUOUS
100
AcDbLine
 10
67.7369630000000029
 20
-90.9471169999999915
 30
0
 11
67.6769479999999959
 21
-90.8022279999999995
 31
0
  0
LINE
  5
200
330
1B
100
AcDbEntity
  8
F.Cu
  6
CONTINUOUS
100
AcDbLine
 10
67.6769479999999959
 20
-90.8022279999999995
 30
0
 11
67.6463519999999932
 21
-90.6484140000000025
 31
0
  0
LINE
  5
201
330
1B
100
AcDbEntity
  8
F.Cu
  6
CONTINUOUS
100
AcDbLine
 10
67.6463519999999932
 20
-90.6484140000000025
 30
0
 11
67.6424999999999983
 21
-90.5699999999999932
 31
0
  0
LINE
  5
202
330
1B
100
AcDbEntity
  8
F.Cu
  6
CONTINUOUS
100
AcDbLine
 10
67.6424999999999983
 20
-90.5699999999999932
 30
0
 11
67.6424999999999983
 21
-89.769999999999996
 31
0
  0
LINE
  5
203
330
1B
100
AcDbEntity
  8
F.Cu
  6
CONTINUOUS
100
AcDbLine
 10
67.6424999999999983
 20
-89.769999999999996
 30
0
 11
67.6463519999999932
 21
-89.6915860000000009
 31
0
  0
LINE
  5
204
330
1B
100
AcDbEntity
  8
F.Cu
  6
CONTINUOUS
100
AcDbLine
 10
67.6463519999999932
 20
-89.6915860000000009
 30
0
 11
67.6769479999999959
 21
-89.5377719999999897
 31
0
  0
LINE
  5
205
330
1B
100
AcDbEntity
  8
F.Cu
  6
CONTINUOUS
100
AcDbLine
 10
67.6769479999999959
 20
-89.5377719999999897
 30
0
 11
67.7369630000000029
 21
-89.3928829999999977
 31
0
  0
LINE
  5
206
330
1B
100
AcDbEntity
  8
F.Cu
  6
CONTINUOUS
100
AcDbLine
 10
67.7369630000000029
 20
-89.3928829999999977
 30
0
 11
67.8240919999999932
 21
-89.2624849999999981
 31
0
  0
LINE
  5
207
330
1B
100
AcDbEntity
  8
F.Cu
  6
CONTINUOUS
100
AcDbLine
 10
67.8240919999999932
 20
-89.2624849999999981
 30
0
 11
67.9349849999999975
 21
-89.1515919999999937
 31
0
  0
LINE
  5
208
330
1B
100
AcDbEntity
  8
F.Cu
  6
CONTINUOUS
100
AcDbLine
 10
67.9349849999999975
 20
-89.1515919999999937
 30
0
 11
68.0653829999999971
 21
-89.0644629999999893
 31
0
  0
LINE
  5
209
330
1B
100
AcDbEntity
  8
F.Cu
  6
CONTINUOUS
100
AcDbLine
 10
68.0653829999999971
 20
-89.0644629999999893
 30
0
 11
68.2102720000000033
 21
-89.0044479999999965
 31
0
  0
LINE
  5
20A
330
1B
100
AcDbEntity
  8
F.Cu
  6
CONTINUOUS
100
AcDbLine
 10
68.2102720000000033
 20
-89.0044479999999965
 30
0
 11
68.3640860000000004
 21
-88.9738519999999937
 31
0
  0
LINE
  5
20B
330
1B
100
AcDbEntity
  8
F.Cu
  6
CONTINUOUS
100
AcDbLine
 10
68.3640860000000004
 20
-88.9738519999999937
 30
0
 11
68.5209139999999906
 21
-88.9738519999999937
 31
0
  0
LINE
  5
20C
330
1B
100
AcDbEntity
  8
F.Cu
  6
CONTINUOUS
100
AcDbLine
 10
68.5209139999999906
 20
-88.9738519999999937
 30
0
 11
68.6747280000000018
 21
-89.0044479999999965
 31
0
  0
LINE
  5
20D
330
1B
100
AcDbEntity
  8
F.Cu
  6
CONTINUOUS
100
AcDbLine
 10
71.2147279999999938
 20
-89.0044479999999965
 30
0
 11
71.3596170000000001
 21
-89.0644629999999893
 31
0
  0
LINE
  5
20E
330
1B
100
AcDbEntity
  8
F.Cu
  6
CONTINUOUS
100
AcDbLine
 10
71.3596170000000001
 20
-89.0644629999999893
 30
0
 11
71.4900149999999996
 21
-89.1515919999999937
 31
0
  0
LINE
  5
20F
330
1B
100
AcDbEntity
  8
F.Cu
  6
CONTINUOUS
100
AcDbLine
 10
71.4900149999999996
 20
-89.1515919999999937
 30
0
 11
71.6009079999999898
 21
-89.2624849999999981
 31
0
  0
LINE
  5
210
330
1B
100
AcDbEntity
  8
F.Cu
  6
CONTINUOUS
100
AcDbLine
 10
71.6009079999999898
 20
-89.2624849999999981
 30
0
 11
71.6880369999999942
 21
-89.3928829999999977
 31
0
  0
LINE
  5
211
330
1B
100
AcDbEntity
  8
F.Cu
  6
CONTINUOUS
100
AcDbLine
 10
71.6880369999999942
 20
-89.3928829999999977
 30
0
 11
71.7480520000000013
 21
-89.5377719999999897
 31
0
  0
LINE
  5
212
330
1B
100
AcDbEntity
  8
F.Cu
  6
CONTINUOUS
100
AcDbLine
 10
71.7480520000000013
 20
-89.5377719999999897
 30
0
 11
71.7786479999999898
 21
-89.6915860000000009
 31
0
  0
LINE
  5
213
330
1B
100
AcDbEntity
  8
F.Cu
  6
CONTINUOUS
100
AcDbLine
 10
71.7786479999999898
 20
-89.6915860000000009
 30
0
 11
71.7824999999999989
 21
-89.769999999999996
 31
0
  0
LINE
  5
214
330
1B
100
AcDbEntity
  8
F.Cu
  6
CONTINUOUS
100
AcDbLine
 10
71.7824999999999989
 20
-89.769999999999996
 30
0
 11
71.7824999999999989
 21
-90.5699999999999932
 31
0
  0
LINE
  5
215
330
1B
100
AcDbEntity
  8
F.Cu
  6
CONTINUOUS
100
AcDbLine
 10
71.7824999999999989
 20
-90.5699999999999932
 30
0
 11
71.7786479999999898
 21
-90.6484140000000025
 31
0
  0
LINE
  5
216
330
1B
100
AcDbEntity
  8
F.Cu
  6
CONTINUOUS
100
AcDbLine
 10
71.7786479999999898
 20
-90.6484140000000025
 30
0
 11
71.7480520000000013
 21
-90.8022279999999995
 31
0
  0
LINE
  5
217
330
1B
100
AcDbEntity
  8
F.Cu
  6
CONTINUOUS
100
AcDbLine
 10
71.7480520000000013
 20
-90.8022279999999995
 30
0
 11
71.6880369999999942
 21
-90.9471169999999915
 31
0
  0
LINE
  5
218
330
1B
100
AcDbEntity
  8
F.Cu
  6
CONTINUOUS
100
AcDbLine
 10
71.6880369999999942
 20
-90.9471169999999915
 30
0
 11
71.6009079999999898
 21
-91.0775149999999911
 31
0
  0
LINE
  5
219
330
1B
100
AcDbEntity
  8
F.Cu
  6
CONTINUOUS
100
AcDbLine
 10
71.6009079999999898
 20
-91.0775149999999911
 30
0
 11
71.4900149999999996
 21
-91.1884079999999955
 31
0
  0
LINE
  5
21A
330
1B
100
AcDbEntity
  8
F.Cu
  6
CONTINUOUS
100
AcDbLine
 10
71.4900149999999996
 20
-91.1884079999999955
 30
0
 11
71.3596170000000001
 21
-91.2755369999999999
 31
0
  0
LINE
  5
21B
330
1B
100
AcDbEntity
  8
F.Cu
  6
CONTINUOUS
100
AcDbLine
 10
71.3596170000000001
 20
-91.2755369999999999
 30
0
 11
71.2147279999999938
 21
-91.3355519999999927
 31
0
  0
LINE
  5
21C
330
1B
100
AcDbEntity
  8
F.Cu
  6
CONTINUOUS
100
AcDbLine
 10
71.2147279999999938
 20
-91.3355519999999927
 30
0
 11
71.0609139999999968
 21
-91.3661479999999955
 31
0
  0
LINE
  5
21D
330
1B
100
AcDbEntity
  8
F.Cu
  6
CONTINUOUS
100
AcDbLine
 10
71.0609139999999968
 20
-91.3661479999999955
 30
0
 11
70.9040859999999924
 21
-91.3661479999999955
 31
0
  0
LINE
  5
21E
330
1B
100
AcDbEntity
  8
F.Cu
  6
CONTINUOUS
100
AcDbLine
 10
70.9040859999999924
 20
-91.3661479999999955
 30
0
 11
70.7502719999999954
 21
-91.3355519999999927
 31
0
  0
LINE
  5
21F
330
1B
100
AcDbEntity
  8
F.Cu
  6
CONTINUOUS
100
AcDbLine
 10
70.7502719999999954
 20
-91.3355519999999927
 30
0
 11
70.6053830000000033
 21
-91.2755369999999999
 31
0
  0
LINE
  5
220
330
1B
100
AcDbEntity
  8
F.Cu
  6
CONTINUOUS
100
AcDbLine
 10
70.6053830000000033
 20
-91.2755369999999999
 30
0
 11
70.4749850000000038
 21
-91.1884079999999955
 31
0
  0
LINE
  5
221
330
1B
100
AcDbEntity
  8
F.Cu
  6
CONTINUOUS
100
AcDbLine
 10
70.4749850000000038
 20
-91.1884079999999955
 30
0
 11
70.3640919999999994
 21
-91.0775149999999911
 31
0
  0
LINE
  5
222
330
1B
100
AcDbEntity
  8
F.Cu
  6
CONTINUOUS
100
AcDbLine
 10
70.3640919999999994
 20
-91.0775149999999911
 30
0
 11
70.276962999999995
 21
-90.9471169999999915
 31
0
  0
LINE
  5
223
330
1B
100
AcDbEntity
  8
F.Cu
  6
CONTINUOUS
100
AcDbLine
 10
70.276962999999995
 20
-90.9471169999999915
 30
0
 11
70.2169480000000021
 21
-90.8022279999999995
 31
0
  0
LINE
  5
224
330
1B
100
AcDbEntity
  8
F.Cu
  6
CONTINUOUS
100
AcDbLine
 10
70.2169480000000021
 20
-90.8022279999999995
 30
0
 11
70.1863519999999994
 21
-90.6484140000000025
 31
0
  0
LINE
  5
225
330
1B
100
AcDbEntity
  8
F.Cu
  6
CONTINUOUS
100
AcDbLine
 10
70.1863519999999994
 20
-90.6484140000000025
 30
0
 11
70.1824999999999903
 21
-90.5699999999999932
 31
0
  0
LINE
  5
226
330
1B
100
AcDbEntity
  8
F.Cu
  6
CONTINUOUS
100
AcDbLine
 10
70.1824999999999903
 20
-90.5699999999999932
 30
0
 11
70.1824999999999903
 21
-89.769999999999996
 31
0
  0
LINE
  5
227
330
1B
100
AcDbEntity
  8
F.Cu
  6
CONTINUOUS
100
AcDbLine
 10
70.1824999999999903
 20
-89.769999999999996
 30
0
 11
70.1863519999999994
 21
-89.6915860000000009
 31
0
  0
LINE
  5
228
330
1B
100
AcDbEntity
  8
F.Cu
  6
CONTINUOUS
100
AcDbLine
 10
70.1863519999999994
 20
-89.6915860000000009
 30
0
 11
70.2169480000000021
 21
-89.5377719999999897
 31
0
  0
LINE
  5
229
330
1B
100
AcDbEntity
  8
F.Cu
  6
CONTINUOUS
100
AcDbLine
 10
70.2169480000000021
 20
-89.5377719999999897
 30
0
 11
70.276962999999995
 21
-89.3928829999999977
 31
0
  0
LINE
  5
22A
330
1B
100
AcDbEntity
  8
F.Cu
  6
CONTINUOUS
100
AcDbLine
 10
70.276962999999995
 20
-89.3928829999999977
 30
0
 11
70.3640919999999994
 21
-89.2624849999999981
 31
0
  0
LINE
  5
22B
330
1B
100
AcDbEntity
  8
F.Cu
  6
CONTINUOUS
100
AcDbLine
 10
70.3640919999999994
 20
-89.2624849999999981
 30
0
 11
70.4749850000000038
 21
-89.1515919999999937
 31
0
  0
LINE
  5
22C
330
1B
100
AcDbEntity
  8
F.Cu
  6
CONTINUOUS
100
AcDbLine
 10
70.4749850000000038
 20
-89.1515919999999937
 30
0
 11
70.6053830000000033
 21
-89.0644629999999893
 31
0
  0
LINE
  5
22D
330
1B
100
AcDbEntity
  8
F.Cu
  6
CONTINUOUS
100
AcDbLine
 10
70.6053830000000033
 20
-89.0644629999999893
 30
0
 11
70.7502719999999954
 21
-89.0044479999999965
 31
0
  0
LINE
  5
22E
330
1B
100
AcDbEntity
  8
F.Cu
  6
CONTINUOUS
100
AcDbLine
 10
70.7502719999999954
 20
-89.0044479999999965
 30
0
 11
70.9040859999999924
 21
-88.9738519999999937
 31
0
  0
LINE
  5
22F
330
1B
100
AcDbEntity
  8
F.Cu
  6
CONTINUOUS
100
AcDbLine
 10
70.9040859999999924
 20
-88.9738519999999937
 30
0
 11
71.0609139999999968
 21
-88.9738519999999937
 31
0
  0
LINE
  5
230
330
1B
100
AcDbEntity
  8
F.Cu
  6
CONTINUOUS
100
AcDbLine
 10
71.0609139999999968
 20
-88.9738519999999937
 30
0
 11
71.2147279999999938
 21
-89.0044479999999965
 31
0
  0
LINE
  5
231
330
1B
100
AcDbEntity
  8
F.Cu
  6
CONTINUOUS
100
AcDbLine
 10
73.7547280000000001
 20
-89.0044479999999965
 30
0
 11
73.8996169999999921
 21
-89.0644629999999893
 31
0
  0
LINE
  5
232
330
1B
100
AcDbEntity
  8
F.Cu
  6
CONTINUOUS
100
AcDbLine
 10
73.8996169999999921
 20
-89.0644629999999893
 30
0
 11
74.0300149999999917
 21
-89.1515919999999937
 31
0
  0
LINE
  5
233
330
1B
100
AcDbEntity
  8
F.Cu
  6
CONTINUOUS
100
AcDbLine
 10
74.0300149999999917
 20
-89.1515919999999937
 30
0
 11
74.140907999999996
 21
-89.2624849999999981
 31
0
  0
LINE
  5
234
330
1B
100
AcDbEntity
  8
F.Cu
  6
CONTINUOUS
100
AcDbLine
 10
74.140907999999996
 20
-89.2624849999999981
 30
0
 11
74.2280370000000005
 21
-89.3928829999999977
 31
0
  0
LINE
  5
235
330
1B
100
AcDbEntity
  8
F.Cu
  6
CONTINUOUS
100
AcDbLine
 10
74.2280370000000005
 20
-89.3928829999999977
 30
0
 11
74.2880519999999933
 21
-89.5377719999999897
 31
0
  0
LINE
  5
236
330
1B
100
AcDbEntity
  8
F.Cu
  6
CONTINUOUS
100
AcDbLine
 10
74.2880519999999933
 20
-89.5377719999999897
 30
0
 11
74.318647999999996
 21
-89.6915860000000009
 31
0
  0
LINE
  5
237
330
1B
100
AcDbEntity
  8
F.Cu
  6
CONTINUOUS
100
AcDbLine
 10
74.318647999999996
 20
-89.6915860000000009
 30
0
 11
74.3224999999999909
 21
-89.769999999999996
 31
0
  0
LINE
  5
238
330
1B
100
AcDbEntity
  8
F.Cu
  6
CONTINUOUS
100
AcDbLine
 10
74.3224999999999909
 20
-89.769999999999996
 30
0
 11
74.3224999999999909
 21
-90.5699999999999932
 31
0
  0
LINE
  5
239
330
1B
100
AcDbEntity
  8
F.Cu
  6
CONTINUOUS
100
AcDbLine
 10
74.3224999999999909
 20
-90.5699999999999932
 30
0
 11
74.318647999999996
 21
-90.6484140000000025
 31
0
  0
LINE
  5
23A
330
1B
100
AcDbEntity
  8
F.Cu
  6
CONTINUOUS
100
AcDbLine
 10
74.318647999999996
 20
-90.6484140000000025
 30
0
 11
74.2880519999999933
 21
-90.8022279999999995
 31
0
  0
LINE
  5
23B
330
1B
100
AcDbEntity
  8
F.Cu
  6
CONTINUOUS
100
AcDbLine
 10
74.2880519999999933
 20
-90.8022279999999995
 30
0
 11
74.2280370000000005
 21
-90.9471169999999915
 31
0
  0
LINE
  5
23C
330
1B
100
AcDbEntity
  8
F.Cu
  6
CONTINUOUS
100
AcDbLine
 10
74.2280370000000005
 20
-90.9471169999999915
 30
0
 11
74.140907999999996
 21
-91.0775149999999911
 31
0
  0
LINE
  5
23D
330
1B
100
AcDbEntity
  8
F.Cu
  6
CONTINUOUS
100
AcDbLine
 10
74.140907999999996
 20
-91.0775149999999911
 30
0
 11
74.0300149999999917
 21
-91.1884079999999955
 31
0
  0
LINE
  5
23E
330
1B
100
AcDbEntity
  8
F.Cu
  6
CONTINUOUS
100
AcDbLine
 10
74.0300149999999917
 20
-91.1884079999999955
 30
0
 11
73.8996169999999921
 21
-91.2755369999999999
 31
0
  0
LINE
  5
23F
330
1B
100
AcDbEntity
  8
F.Cu
  6
CONTINUOUS
100
AcDbLine
 10
73.8996169999999921
 20
-91.2755369999999999
 30
0
 11
73.7547280000000001
 21
-91.3355519999999927
 31
0
  0
LINE
  5
240
330
1B
100
AcDbEntity
  8
F.Cu
  6
CONTINUOUS
100
AcDbLine
 10
73.7547280000000001
 20
-91.3355519999999927
 30
0
 11
73.6009140000000031
 21
-91.3661479999999955
 31
0
  0
LINE
  5
241
330
1B
100
AcDbEntity
  8
F.Cu
  6
CONTINUOUS
100
AcDbLine
 10
73.6009140000000031
 20
-91.3661479999999955
 30
0
 11
73.4440859999999986
 21
-91.3661479999999955
 31
0
  0
LINE
  5
242
330
1B
100
AcDbEntity
  8
F.Cu
  6
CONTINUOUS
100
AcDbLine
 10
73.4440859999999986
 20
-91.3661479999999955
 30
0
 11
73.2902720000000016
 21
-91.3355519999999927
 31
0
  0
LINE
  5
243
330
1B
100
AcDbEntity
  8
F.Cu
  6
CONTINUOUS
100
AcDbLine
 10
73.2902720000000016
 20
-91.3355519999999927
 30
0
 11
73.1453829999999954
 21
-91.2755369999999999
 31
0
  0
LINE
  5
244
330
1B
100
AcDbEntity
  8
F.Cu
  6
CONTINUOUS
100
AcDbLine
 10
73.1453829999999954
 20
-91.2755369999999999
 30
0
 11
73.0149849999999958
 21
-91.1884079999999955
 31
0
  0
LINE
  5
245
330
1B
100
AcDbEntity
  8
F.Cu
  6
CONTINUOUS
100
AcDbLine
 10
73.0149849999999958
 20
-91.1884079999999955
 30
0
 11
72.9040919999999915
 21
-91.0775149999999911
 31
0
  0
LINE
  5
246
330
1B
100
AcDbEntity
  8
F.Cu
  6
CONTINUOUS
100
AcDbLine
 10
72.9040919999999915
 20
-91.0775149999999911
 30
0
 11
72.8169630000000012
 21
-90.9471169999999915
 31
0
  0
LINE
  5
247
330
1B
100
AcDbEntity
  8
F.Cu
  6
CONTINUOUS
100
AcDbLine
 10
72.8169630000000012
 20
-90.9471169999999915
 30
0
 11
72.7569479999999942
 21
-90.8022279999999995
 31
0
  0
LINE
  5
248
330
1B
100
AcDbEntity
  8
F.Cu
  6
CONTINUOUS
100
AcDbLine
 10
72.7569479999999942
 20
-90.8022279999999995
 30
0
 11
72.7263519999999914
 21
-90.6484140000000025
 31
0
  0
LINE
  5
249
330
1B
100
AcDbEntity
  8
F.Cu
  6
CONTINUOUS
100
AcDbLine
 10
72.7263519999999914
 20
-90.6484140000000025
 30
0
 11
72.7224999999999966
 21
-90.5699999999999932
 31
0
  0
LINE
  5
24A
330
1B
100
AcDbEntity
  8
F.Cu
  6
CONTINUOUS
100
AcDbLine
 10
72.7224999999999966
 20
-90.5699999999999932
 30
0
 11
72.7224999999999966
 21
-89.769999999999996
 31
0
  0
LINE
  5
24B
330
1B
100
AcDbEntity
  8
F.Cu
  6
CONTINUOUS
100
AcDbLine
 10
72.7224999999999966
 20
-89.769999999999996
 30
0
 11
72.7263519999999914
 21
-89.6915860000000009
 31
0
  0
LINE
  5
24C
330
1B
100
AcDbEntity
  8
F.Cu
  6
CONTINUOUS
100
AcDbLine
 10
72.7263519999999914
 20
-89.6915860000000009
 30
0
 11
72.7569479999999942
 21
-89.5377719999999897
 31
0
  0
LINE
  5
24D
330
1B
100
AcDbEntity
  8
F.Cu
  6
CONTINUOUS
100
AcDbLine
 10
72.7569479999999942
 20
-89.5377719999999897
 30
0
 11
72.8169630000000012
 21
-89.3928829999999977
 31
0
  0
LINE
  5
24E
330
1B
100
AcDbEntity
  8
F.Cu
  6
CONTINUOUS
100
AcDbLine
 10
72.8169630000000012
 20
-89.3928829999999977
 30
0
 11
72.9040919999999915
 21
-89.2624849999999981
 31
0
  0
LINE
  5
24F
330
1B
100
AcDbEntity
  8
F.Cu
  6
CONTINUOUS
100
AcDbLine
 10
72.9040919999999915
 20
-89.2624849999999981
 30
0
 11
73.0149849999999958
 21
-89.1515919999999937
 31
0
  0
LINE
  5
250
330
1B
100
AcDbEntity
  8
F.Cu
  6
CONTINUOUS
100
AcDbLine
 10
73.0149849999999958
 20
-89.1515919999999937
 30
0
 11
73.1453829999999954
 21
-89.0644629999999893
 31
0
  0
LINE
  5
251
330
1B
100
AcDbEntity
  8
F.Cu
  6
CONTINUOUS
100
AcDbLine
 10
73.1453829999999954
 20
-89.0644629999999893
 30
0
 11
73.2902720000000016
 21
-89.0044479999999965
 31
0
  0
LINE
  5
252
330
1B
100
AcDbEntity
  8
F.Cu
  6
CONTINUOUS
100
AcDbLine
 10
73.2902720000000016
 20
-89.0044479999999965
 30
0
 11
73.4440859999999986
 21
-88.9738519999999937
 31
0
  0
LINE
  5
253
330
1B
100
AcDbEntity
  8
F.Cu
  6
CONTINUOUS
100
AcDbLine
 10
73.4440859999999986
 20
-88.9738519999999937
 30
0
 11
73.6009140000000031
 21
-88.9738519999999937
 31
0
  0
LINE
  5
254
330
1B
100
AcDbEntity
  8
F.Cu
  6
CONTINUOUS
100
AcDbLine
 10
73.6009140000000031
 20
-88.9738519999999937
 30
0
 11
73.7547280000000001
 21
-89.0044479999999965
 31
0
  0
LINE
  5
255
330
1B
100
AcDbEntity
  8
F.Cu
  6
CONTINUOUS
100
AcDbLine
 10
48.3047279999999972
 20
-85.5944479999999999
 30
0
 11
48.4496169999999964
 21
-85.6544629999999927
 31
0
  0
LINE
  5
256
330
1B
100
AcDbEntity
  8
F.Cu
  6
CONTINUOUS
100
AcDbLine
 10
48.4496169999999964
 20
-85.6544629999999927
 30
0
 11
48.580014999999996
 21
-85.7415919999999971
 31
0
  0
LINE
  5
257
330
1B
100
AcDbEntity
  8
F.Cu
  6
CONTINUOUS
100
AcDbLine
 10
48.580014999999996
 20
-85.7415919999999971
 30
0
 11
48.6909080000000003
 21
-85.8524850000000015
 31
0
  0
LINE
  5
258
330
1B
100
AcDbEntity
  8
F.Cu
  6
CONTINUOUS
100
AcDbLine
 10
48.6909080000000003
 20
-85.8524850000000015
 30
0
 11
48.7780369999999976
 21
-85.9828830000000011
 31
0
  0
LINE
  5
259
330
1B
100
AcDbEntity
  8
F.Cu
  6
CONTINUOUS
100
AcDbLine
 10
48.7780369999999976
 20
-85.9828830000000011
 30
0
 11
48.8380519999999976
 21
-86.1277719999999931
 31
0
  0
LINE
  5
25A
330
1B
100
AcDbEntity
  8
F.Cu
  6
CONTINUOUS
100
AcDbLine
 10
48.8380519999999976
 20
-86.1277719999999931
 30
0
 11
48.8686480000000003
 21
-86.2815859999999901
 31
0
  0
LINE
  5
25B
330
1B
100
AcDbEntity
  8
F.Cu
  6
CONTINUOUS
100
AcDbLine
 10
48.8686480000000003
 20
-86.2815859999999901
 30
0
 11
48.8686480000000003
 21
-86.4384139999999945
 31
0
  0
LINE
  5
25C
330
1B
100
AcDbEntity
  8
F.Cu
  6
CONTINUOUS
100
AcDbLine
 10
48.8686480000000003
 20
-86.4384139999999945
 30
0
 11
48.8380519999999976
 21
-86.5922279999999915
 31
0
  0
LINE
  5
25D
330
1B
100
AcDbEntity
  8
F.Cu
  6
CONTINUOUS
100
AcDbLine
 10
48.8380519999999976
 20
-86.5922279999999915
 30
0
 11
48.7780369999999976
 21
-86.7371169999999978
 31
0
  0
LINE
  5
25E
330
1B
100
AcDbEntity
  8
F.Cu
  6
CONTINUOUS
100
AcDbLine
 10
48.7780369999999976
 20
-86.7371169999999978
 30
0
 11
48.6909080000000003
 21
-86.8675149999999974
 31
0
  0
LINE
  5
25F
330
1B
100
AcDbEntity
  8
F.Cu
  6
CONTINUOUS
100
AcDbLine
 10
48.6909080000000003
 20
-86.8675149999999974
 30
0
 11
48.580014999999996
 21
-86.9784080000000017
 31
0
  0
LINE
  5
260
330
1B
100
AcDbEntity
  8
F.Cu
  6
CONTINUOUS
100
AcDbLine
 10
48.580014999999996
 20
-86.9784080000000017
 30
0
 11
48.4496169999999964
 21
-87.065536999999992
 31
0
  0
LINE
  5
261
330
1B
100
AcDbEntity
  8
F.Cu
  6
CONTINUOUS
100
AcDbLine
 10
48.4496169999999964
 20
-87.065536999999992
 30
0
 11
48.3047279999999972
 21
-87.125551999999999
 31
0
  0
LINE
  5
262
330
1B
100
AcDbEntity
  8
F.Cu
  6
CONTINUOUS
100
AcDbLine
 10
48.3047279999999972
 20
-87.125551999999999
 30
0
 11
48.1509140000000002
 21
-87.1561480000000017
 31
0
  0
LINE
  5
263
330
1B
100
AcDbEntity
  8
F.Cu
  6
CONTINUOUS
100
AcDbLine
 10
48.1509140000000002
 20
-87.1561480000000017
 30
0
 11
47.9940859999999958
 21
-87.1561480000000017
 31
0
  0
LINE
  5
264
330
1B
100
AcDbEntity
  8
F.Cu
  6
CONTINUOUS
100
AcDbLine
 10
47.9940859999999958
 20
-87.1561480000000017
 30
0
 11
47.8402719999999988
 21
-87.125551999999999
 31
0
  0
LINE
  5
265
330
1B
100
AcDbEntity
  8
F.Cu
  6
CONTINUOUS
100
AcDbLine
 10
47.8402719999999988
 20
-87.125551999999999
 30
0
 11
47.6953829999999996
 21
-87.065536999999992
 31
0
  0
LINE
  5
266
330
1B
100
AcDbEntity
  8
F.Cu
  6
CONTINUOUS
100
AcDbLine
 10
47.6953829999999996
 20
-87.065536999999992
 30
0
 11
47.5649850000000001
 21
-86.9784080000000017
 31
0
  0
LINE
  5
267
330
1B
100
AcDbEntity
  8
F.Cu
  6
CONTINUOUS
100
AcDbLine
 10
47.5649850000000001
 20
-86.9784080000000017
 30
0
 11
47.4540919999999957
 21
-86.8675149999999974
 31
0
  0
LINE
  5
268
330
1B
100
AcDbEntity
  8
F.Cu
  6
CONTINUOUS
100
AcDbLine
 10
47.4540919999999957
 20
-86.8675149999999974
 30
0
 11
47.3669629999999984
 21
-86.7371169999999978
 31
0
  0
LINE
  5
269
330
1B
100
AcDbEntity
  8
F.Cu
  6
CONTINUOUS
100
AcDbLine
 10
47.3669629999999984
 20
-86.7371169999999978
 30
0
 11
47.3069479999999984
 21
-86.5922279999999915
 31
0
  0
LINE
  5
26A
330
1B
100
AcDbEntity
  8
F.Cu
  6
CONTINUOUS
100
AcDbLine
 10
47.3069479999999984
 20
-86.5922279999999915
 30
0
 11
47.2763519999999957
 21
-86.4384139999999945
 31
0
  0
LINE
  5
26B
330
1B
100
AcDbEntity
  8
F.Cu
  6
CONTINUOUS
100
AcDbLine
 10
47.2763519999999957
 20
-86.4384139999999945
 30
0
 11
47.2763519999999957
 21
-86.2815859999999901
 31
0
  0
LINE
  5
26C
330
1B
100
AcDbEntity
  8
F.Cu
  6
CONTINUOUS
100
AcDbLine
 10
47.2763519999999957
 20
-86.2815859999999901
 30
0
 11
47.3069479999999984
 21
-86.1277719999999931
 31
0
  0
LINE
  5
26D
330
1B
100
AcDbEntity
  8
F.Cu
  6
CONTINUOUS
100
AcDbLine
 10
47.3069479999999984
 20
-86.1277719999999931
 30
0
 11
47.3669629999999984
 21
-85.9828830000000011
 31
0
  0
LINE
  5
26E
330
1B
100
AcDbEntity
  8
F.Cu
  6
CONTINUOUS
100
AcDbLine
 10
47.3669629999999984
 20
-85.9828830000000011
 30
0
 11
47.4540919999999957
 21
-85.8524850000000015
 31
0
  0
LINE
  5
26F
330
1B
100
AcDbEntity
  8
F.Cu
  6
CONTINUOUS
100
AcDbLine
 10
47.4540919999999957
 20
-85.8524850000000015
 30
0
 11
47.5649850000000001
 21
-85.7415919999999971
 31
0
  0
LINE
  5
270
330
1B
100
AcDbEntity
  8
F.Cu
  6
CONTINUOUS
100
AcDbLine
 10
47.5649850000000001
 20
-85.7415919999999971
 30
0
 11
47.6953829999999996
 21
-85.6544629999999927
 31
0
  0
LINE
  5
271
330
1B
100
AcDbEntity
  8
F.Cu
  6
CONTINUOUS
100
AcDbLine
 10
47.6953829999999996
 20
-85.6544629999999927
 30
0
 11
47.8402719999999988
 21
-85.5944479999999999
 31
0
  0
LINE
  5
272
330
1B
100
AcDbEntity
  8
F.Cu
  6
CONTINUOUS
100
AcDbLine
 10
47.8402719999999988
 20
-85.5944479999999999
 30
0
 11
47.9940859999999958
 21
-85.5638519999999971
 31
0
  0
LINE
  5
273
330
1B
100
AcDbEntity
  8
F.Cu
  6
CONTINUOUS
100
AcDbLine
 10
47.9940859999999958
 20
-85.5638519999999971
 30
0
 11
48.1509140000000002
 21
-85.5638519999999971
 31
0
  0
LINE
  5
274
330
1B
100
AcDbEntity
  8
F.Cu
  6
CONTINUOUS
100
AcDbLine
 10
48.1509140000000002
 20
-85.5638519999999971
 30
0
 11
48.3047279999999972
 21
-85.5944479999999999
 31
0
  0
LINE
  5
275
330
1B
100
AcDbEntity
  8
F.Cu
  6
CONTINUOUS
100
AcDbLine
 10
53.3047279999999972
 20
-85.5944479999999999
 30
0
 11
53.4496169999999964
 21
-85.6544629999999927
 31
0
  0
LINE
  5
276
330
1B
100
AcDbEntity
  8
F.Cu
  6
CONTINUOUS
100
AcDbLine
 10
53.4496169999999964
 20
-85.6544629999999927
 30
0
 11
53.580014999999996
 21
-85.7415919999999971
 31
0
  0
LINE
  5
277
330
1B
100
AcDbEntity
  8
F.Cu
  6
CONTINUOUS
100
AcDbLine
 10
53.580014999999996
 20
-85.7415919999999971
 30
0
 11
53.6909080000000003
 21
-85.8524850000000015
 31
0
  0
LINE
  5
278
330
1B
100
AcDbEntity
  8
F.Cu
  6
CONTINUOUS
100
AcDbLine
 10
53.6909080000000003
 20
-85.8524850000000015
 30
0
 11
53.7780369999999976
 21
-85.9828830000000011
 31
0
  0
LINE
  5
279
330
1B
100
AcDbEntity
  8
F.Cu
  6
CONTINUOUS
100
AcDbLine
 10
53.7780369999999976
 20
-85.9828830000000011
 30
0
 11
53.8380519999999976
 21
-86.1277719999999931
 31
0
  0
LINE
  5
27A
330
1B
100
AcDbEntity
  8
F.Cu
  6
CONTINUOUS
100
AcDbLine
 10
53.8380519999999976
 20
-86.1277719999999931
 30
0
 11
53.8686480000000003
 21
-86.2815859999999901
 31
0
  0
LINE
  5
27B
330
1B
100
AcDbEntity
  8
F.Cu
  6
CONTINUOUS
100
AcDbLine
 10
53.8686480000000003
 20
-86.2815859999999901
 30
0
 11
53.8686480000000003
 21
-86.4384139999999945
 31
0
  0
LINE
  5
27C
330
1B
100
AcDbEntity
  8
F.Cu
  6
CONTINUOUS
100
AcDbLine
 10
53.8686480000000003
 20
-86.4384139999999945
 30
0
 11
53.8380519999999976
 21
-86.5922279999999915
 31
0
  0
LINE
  5
27D
330
1B
100
AcDbEntity
  8
F.Cu
  6
CONTINUOUS
100
AcDbLine
 10
53.8380519999999976
 20
-86.5922279999999915
 30
0
 11
53.7780369999999976
 21
-86.7371169999999978
 31
0
  0
LINE
  5
27E
330
1B
100
AcDbEntity
  8
F.Cu
  6
CONTINUOUS
100
AcDbLine
 10
53.7780369999999976
 20
-86.7371169999999978
 30
0
 11
53.6909080000000003
 21
-86.8675149999999974
 31
0
  0
LINE
  5
27F
330
1B
100
AcDbEntity
  8
F.Cu
  6
CONTINUOUS
100
AcDbLine
 10
53.6909080000000003
 20
-86.8675149999999974
 30
0
 11
53.580014999999996
 21
-86.9784080000000017
 31
0
  0
LINE
  5
280
330
1B
100
AcDbEntity
  8
F.Cu
  6
CONTINUOUS
100
AcDbLine
 10
53.580014999999996
 20
-86.9784080000000017
 30
0
 11
53.4496169999999964
 21
-87.065536999999992
 31
0
  0
LINE
  5
281
330
1B
100
AcDbEntity
  8
F.Cu
  6
CONTINUOUS
100
AcDbLine
 10
53.4496169999999964
 20
-87.065536999999992
 30
0
 11
53.3047279999999972
 21
-87.125551999999999
 31
0
  0
LINE
  5
282
330
1B
100
AcDbEntity
  8
F.Cu
  6
CONTINUOUS
100
AcDbLine
 10
53.3047279999999972
 20
-87.125551999999999
 30
0
 11
53.1509140000000002
 21
-87.1561480000000017
 31
0
  0
LINE
  5
283
330
1B
100
AcDbEntity
  8
F.Cu
  6
CONTINUOUS
100
AcDbLine
 10
53.1509140000000002
 20
-87.1561480000000017
 30
0
 11
52.9940859999999958
 21
-87.1561480000000017
 31
0
  0
LINE
  5
284
330
1B
100
AcDbEntity
  8
F.Cu
  6
CONTINUOUS
100
AcDbLine
 10
52.9940859999999958
 20
-87.1561480000000017
 30
0
 11
52.8402719999999988
 21
-87.125551999999999
 31
0
  0
LINE
  5
285
330
1B
100
AcDbEntity
  8
F.Cu
  6
CONTINUOUS
100
AcDbLine
 10
52.8402719999999988
 20
-87.125551999999999
 30
0
 11
52.6953829999999996
 21
-87.065536999999992
 31
0
  0
LINE
  5
286
330
1B
100
AcDbEntity
  8
F.Cu
  6
CONTINUOUS
100
AcDbLine
 10
52.6953829999999996
 20
-87.065536999999992
 30
0
 11
52.5649850000000001
 21
-86.9784080000000017
 31
0
  0
LINE
  5
287
330
1B
100
AcDbEntity
  8
F.Cu
  6
CONTINUOUS
100
AcDbLine
 10
52.5649850000000001
 20
-86.9784080000000017
 30
0
 11
52.4540919999999957
 21
-86.8675149999999974
 31
0
  0
LINE
  5
288
330
1B
100
AcDbEntity
  8
F.Cu
  6
CONTINUOUS
100
AcDbLine
 10
52.4540919999999957
 20
-86.8675149999999974
 30
0
 11
52.3669629999999984
 21
-86.7371169999999978
 31
0
  0
LINE
  5
289
330
1B
100
AcDbEntity
  8
F.Cu
  6
CONTINUOUS
100
AcDbLine
 10
52.3669629999999984
 20
-86.7371169999999978
 30
0
 11
52.3069479999999984
 21
-86.5922279999999915
 31
0
  0
LINE
  5
28A
330
1B
100
AcDbEntity
  8
F.Cu
  6
CONTINUOUS
100
AcDbLine
 10
52.3069479999999984
 20
-86.5922279999999915
 30
0
 11
52.2763519999999957
 21
-86.4384139999999945
 31
0
  0
LINE
  5
28B
330
1B
100
AcDbEntity
  8
F.Cu
  6
CONTINUOUS
100
AcDbLine
 10
52.2763519999999957
 20
-86.4384139999999945
 30
0
 11
52.2763519999999957
 21
-86.2815859999999901
 31
0
  0
LINE
  5
28C
330
1B
100
AcDbEntity
  8
F.Cu
  6
CONTINUOUS
100
AcDbLine
 10
52.2763519999999957
 20
-86.2815859999999901
 30
0
 11
52.3069479999999984
 21
-86.1277719999999931
 31
0
  0
LINE
  5
28D
330
1B
100
AcDbEntity
  8
F.Cu
  6
CONTINUOUS
100
AcDbLine
 10
52.3069479999999984
 20
-86.1277719999999931
 30
0
 11
52.3669629999999984
 21
-85.9828830000000011
 31
0
  0
LINE
  5
28E
330
1B
100
AcDbEntity
  8
F.Cu
  6
CONTINUOUS
100
AcDbLine
 10
52.3669629999999984
 20
-85.9828830000000011
 30
0
 11
52.4540919999999957
 21
-85.8524850000000015
 31
0
  0
LINE
  5
28F
330
1B
100
AcDbEntity
  8
F.Cu
  6
CONTINUOUS
100
AcDbLine
 10
52.4540919999999957
 20
-85.8524850000000015
 30
0
 11
52.5649850000000001
 21
-85.7415919999999971
 31
0
  0
LINE
  5
290
330
1B
100
AcDbEntity
  8
F.Cu
  6
CONTINUOUS
100
AcDbLine
 10
52.5649850000000001
 20
-85.7415919999999971
 30
0
 11
52.6953829999999996
 21
-85.6544629999999927
 31
0
  0
LINE
  5
291
330
1B
100
AcDbEntity
  8
F.Cu
  6
CONTINUOUS
100
AcDbLine
 10
52.6953829999999996
 20
-85.6544629999999927
 30
0
 11
52.8402719999999988
 21
-85.5944479999999999
 31
0
  0
LINE
  5
292
330
1B
100
AcDbEntity
  8
F.Cu
  6
CONTINUOUS
100
AcDbLine
 10
52.8402719999999988
 20
-85.5944479999999999
 30
0
 11
52.9940859999999958
 21
-85.5638519999999971
 31
0
  0
LINE
  5
293
330
1B
100
AcDbEntity
  8
F.Cu
  6
CONTINUOUS
100
AcDbLine
 10
52.9940859999999958
 20
-85.5638519999999971
 30
0
 11
53.1509140000000002
 21
-85.5638519999999971
 31
0
  0
LINE
  5
294
330
1B
100
AcDbEntity
  8
F.Cu
  6
CONTINUOUS
100
AcDbLine
 10
53.1509140000000002
 20
-85.5638519999999971
 30
0
 11
53.3047279999999972
 21
-85.5944479999999999
 31
0
  0
LINE
  5
295
330
1B
100
AcDbEntity
  8
F.Cu
  6
CONTINUOUS
100
AcDbLine
 10
58.5147279999999981
 20
-81.3844479999999919
 30
0
 11
58.6596169999999972
 21
-81.4444629999999989
 31
0
  0
LINE
  5
296
330
1B
100
AcDbEntity
  8
F.Cu
  6
CONTINUOUS
100
AcDbLine
 10
58.6596169999999972
 20
-81.4444629999999989
 30
0
 11
58.7900149999999968
 21
-81.5315920000000034
 31
0
  0
LINE
  5
297
330
1B
100
AcDbEntity
  8
F.Cu
  6
CONTINUOUS
100
AcDbLine
 10
58.7900149999999968
 20
-81.5315920000000034
 30
0
 11
58.900907999999994
 21
-81.6424849999999935
 31
0
  0
LINE
  5
298
330
1B
100
AcDbEntity
  8
F.Cu
  6
CONTINUOUS
100
AcDbLine
 10
58.900907999999994
 20
-81.6424849999999935
 30
0
 11
58.9880369999999985
 21
-81.7728829999999931
 31
0
  0
LINE
  5
299
330
1B
100
AcDbEntity
  8
F.Cu
  6
CONTINUOUS
100
AcDbLine
 10
58.9880369999999985
 20
-81.7728829999999931
 30
0
 11
59.0480519999999984
 21
-81.9177719999999994
 31
0
  0
LINE
  5
29A
330
1B
100
AcDbEntity
  8
F.Cu
  6
CONTINUOUS
100
AcDbLine
 10
59.0480519999999984
 20
-81.9177719999999994
 30
0
 11
59.0786479999999941
 21
-82.0715859999999964
 31
0
  0
LINE
  5
29B
330
1B
100
AcDbEntity
  8
F.Cu
  6
CONTINUOUS
100
AcDbLine
 10
59.0786479999999941
 20
-82.0715859999999964
 30
0
 11
59.082499999999996
 21
-82.1499999999999915
 31
0
  0
LINE
  5
29C
330
1B
100
AcDbEntity
  8
F.Cu
  6
CONTINUOUS
100
AcDbLine
 10
59.082499999999996
 20
-82.1499999999999915
 30
0
 11
59.082499999999996
 21
-82.9500000000000028
 31
0
  0
LINE
  5
29D
330
1B
100
AcDbEntity
  8
F.Cu
  6
CONTINUOUS
100
AcDbLine
 10
59.082499999999996
 20
-82.9500000000000028
 30
0
 11
59.0786479999999941
 21
-83.0284139999999979
 31
0
  0
LINE
  5
29E
330
1B
100
AcDbEntity
  8
F.Cu
  6
CONTINUOUS
100
AcDbLine
 10
59.0786479999999941
 20
-83.0284139999999979
 30
0
 11
59.0480519999999984
 21
-83.1822279999999949
 31
0
  0
LINE
  5
29F
330
1B
100
AcDbEntity
  8
F.Cu
  6
CONTINUOUS
100
AcDbLine
 10
59.0480519999999984
 20
-83.1822279999999949
 30
0
 11
58.9880369999999985
 21
-83.3271170000000012
 31
0
  0
LINE
  5
2A0
330
1B
100
AcDbEntity
  8
F.Cu
  6
CONTINUOUS
100
AcDbLine
 10
58.9880369999999985
 20
-83.3271170000000012
 30
0
 11
58.900907999999994
 21
-83.4575150000000008
 31
0
  0
LINE
  5
2A1
330
1B
100
AcDbEntity
  8
F.Cu
  6
CONTINUOUS
100
AcDbLine
 10
58.900907999999994
 20
-83.4575150000000008
 30
0
 11
58.7900149999999968
 21
-83.5684079999999909
 31
0
  0
LINE
  5
2A2
330
1B
100
AcDbEntity
  8
F.Cu
  6
CONTINUOUS
100
AcDbLine
 10
58.7900149999999968
 20
-83.5684079999999909
 30
0
 11
58.6596169999999972
 21
-83.6555369999999954
 31
0
  0
LINE
  5
2A3
330
1B
100
AcDbEntity
  8
F.Cu
  6
CONTINUOUS
100
AcDbLine
 10
58.6596169999999972
 20
-83.6555369999999954
 30
0
 11
58.5147279999999981
 21
-83.7155520000000024
 31
0
  0
LINE
  5
2A4
330
1B
100
AcDbEntity
  8
F.Cu
  6
CONTINUOUS
100
AcDbLine
 10
58.5147279999999981
 20
-83.7155520000000024
 30
0
 11
58.360913999999994
 21
-83.7461479999999909
 31
0
  0
LINE
  5
2A5
330
1B
100
AcDbEntity
  8
F.Cu
  6
CONTINUOUS
100
AcDbLine
 10
58.360913999999994
 20
-83.7461479999999909
 30
0
 11
58.2040859999999967
 21
-83.7461479999999909
 31
0
  0
LINE
  5
2A6
330
1B
100
AcDbEntity
  8
F.Cu
  6
CONTINUOUS
100
AcDbLine
 10
58.2040859999999967
 20
-83.7461479999999909
 30
0
 11
58.0502719999999997
 21
-83.7155520000000024
 31
0
  0
LINE
  5
2A7
330
1B
100
AcDbEntity
  8
F.Cu
  6
CONTINUOUS
100
AcDbLine
 10
58.0502719999999997
 20
-83.7155520000000024
 30
0
 11
57.9053830000000005
 21
-83.6555369999999954
 31
0
  0
LINE
  5
2A8
330
1B
100
AcDbEntity
  8
F.Cu
  6
CONTINUOUS
100
AcDbLine
 10
57.9053830000000005
 20
-83.6555369999999954
 30
0
 11
57.7749850000000009
 21
-83.5684079999999909
 31
0
  0
LINE
  5
2A9
330
1B
100
AcDbEntity
  8
F.Cu
  6
CONTINUOUS
100
AcDbLine
 10
57.7749850000000009
 20
-83.5684079999999909
 30
0
 11
57.6640919999999966
 21
-83.4575150000000008
 31
0
  0
LINE
  5
2AA
330
1B
100
AcDbEntity
  8
F.Cu
  6
CONTINUOUS
100
AcDbLine
 10
57.6640919999999966
 20
-83.4575150000000008
 30
0
 11
57.5769629999999992
 21
-83.3271170000000012
 31
0
  0
LINE
  5
2AB
330
1B
100
AcDbEntity
  8
F.Cu
  6
CONTINUOUS
100
AcDbLine
 10
57.5769629999999992
 20
-83.3271170000000012
 30
0
 11
57.5169479999999993
 21
-83.1822279999999949
 31
0
  0
LINE
  5
2AC
330
1B
100
AcDbEntity
  8
F.Cu
  6
CONTINUOUS
100
AcDbLine
 10
57.5169479999999993
 20
-83.1822279999999949
 30
0
 11
57.4863519999999966
 21
-83.0284139999999979
 31
0
  0
LINE
  5
2AD
330
1B
100
AcDbEntity
  8
F.Cu
  6
CONTINUOUS
100
AcDbLine
 10
57.4863519999999966
 20
-83.0284139999999979
 30
0
 11
57.4824999999999946
 21
-82.9500000000000028
 31
0
  0
LINE
  5
2AE
330
1B
100
AcDbEntity
  8
F.Cu
  6
CONTINUOUS
100
AcDbLine
 10
57.4824999999999946
 20
-82.9500000000000028
 30
0
 11
57.4824999999999946
 21
-82.1499999999999915
 31
0
  0
LINE
  5
2AF
330
1B
100
AcDbEntity
  8
F.Cu
  6
CONTINUOUS
100
AcDbLine
 10
57.4824999999999946
 20
-82.1499999999999915
 30
0
 11
57.4863519999999966
 21
-82.0715859999999964
 31
0
  0
LINE
  5
2B0
330
1B
100
AcDbEntity
  8
F.Cu
  6
CONTINUOUS
100
AcDbLine
 10
57.4863519999999966
 20
-82.0715859999999964
 30
0
 11
57.5169479999999993
 21
-81.9177719999999994
 31
0
  0
LINE
  5
2B1
330
1B
100
AcDbEntity
  8
F.Cu
  6
CONTINUOUS
100
AcDbLine
 10
57.5169479999999993
 20
-81.9177719999999994
 30
0
 11
57.5769629999999992
 21
-81.7728829999999931
 31
0
  0
LINE
  5
2B2
330
1B
100
AcDbEntity
  8
F.Cu
  6
CONTINUOUS
100
AcDbLine
 10
57.5769629999999992
 20
-81.7728829999999931
 30
0
 11
57.6640919999999966
 21
-81.6424849999999935
 31
0
  0
LINE
  5
2B3
330
1B
100
AcDbEntity
  8
F.Cu
  6
CONTINUOUS
100
AcDbLine
 10
57.6640919999999966
 20
-81.6424849999999935
 30
0
 11
57.7749850000000009
 21
-81.5315920000000034
 31
0
  0
LINE
  5
2B4
330
1B
100
AcDbEntity
  8
F.Cu
  6
CONTINUOUS
100
AcDbLine
 10
57.7749850000000009
 20
-81.5315920000000034
 30
0
 11
57.9053830000000005
 21
-81.4444629999999989
 31
0
  0
LINE
  5
2B5
330
1B
100
AcDbEntity
  8
F.Cu
  6
CONTINUOUS
100
AcDbLine
 10
57.9053830000000005
 20
-81.4444629999999989
 30
0
 11
58.0502719999999997
 21
-81.3844479999999919
 31
0
  0
LINE
  5
2B6
330
1B
100
AcDbEntity
  8
F.Cu
  6
CONTINUOUS
100
AcDbLine
 10
58.0502719999999997
 20
-81.3844479999999919
 30
0
 11
58.2040859999999967
 21
-81.3538520000000034
 31
0
  0
LINE
  5
2B7
330
1B
100
AcDbEntity
  8
F.Cu
  6
CONTINUOUS
100
AcDbLine
 10
58.2040859999999967
 20
-81.3538520000000034
 30
0
 11
58.360913999999994
 21
-81.3538520000000034
 31
0
  0
LINE
  5
2B8
330
1B
100
AcDbEntity
  8
F.Cu
  6
CONTINUOUS
100
AcDbLine
 10
58.360913999999994
 20
-81.3538520000000034
 30
0
 11
58.5147279999999981
 21
-81.3844479999999919
 31
0
  0
LINE
  5
2B9
330
1B
100
AcDbEntity
  8
F.Cu
  6
CONTINUOUS
100
AcDbLine
 10
61.0547279999999972
 20
-81.3844479999999919
 30
0
 11
61.1996169999999964
 21
-81.4444629999999989
 31
0
  0
LINE
  5
2BA
330
1B
100
AcDbEntity
  8
F.Cu
  6
CONTINUOUS
100
AcDbLine
 10
61.1996169999999964
 20
-81.4444629999999989
 30
0
 11
61.330014999999996
 21
-81.5315920000000034
 31
0
  0
LINE
  5
2BB
330
1B
100
AcDbEntity
  8
F.Cu
  6
CONTINUOUS
100
AcDbLine
 10
61.330014999999996
 20
-81.5315920000000034
 30
0
 11
61.4409080000000003
 21
-81.6424849999999935
 31
0
  0
LINE
  5
2BC
330
1B
100
AcDbEntity
  8
F.Cu
  6
CONTINUOUS
100
AcDbLine
 10
61.4409080000000003
 20
-81.6424849999999935
 30
0
 11
61.5280369999999976
 21
-81.7728829999999931
 31
0
  0
LINE
  5
2BD
330
1B
100
AcDbEntity
  8
F.Cu
  6
CONTINUOUS
100
AcDbLine
 10
61.5280369999999976
 20
-81.7728829999999931
 30
0
 11
61.5880519999999976
 21
-81.9177719999999994
 31
0
  0
LINE
  5
2BE
330
1B
100
AcDbEntity
  8
F.Cu
  6
CONTINUOUS
100
AcDbLine
 10
61.5880519999999976
 20
-81.9177719999999994
 30
0
 11
61.6186480000000003
 21
-82.0715859999999964
 31
0
  0
LINE
  5
2BF
330
1B
100
AcDbEntity
  8
F.Cu
  6
CONTINUOUS
100
AcDbLine
 10
61.6186480000000003
 20
-82.0715859999999964
 30
0
 11
61.6224999999999952
 21
-82.1499999999999915
 31
0
  0
LINE
  5
2C0
330
1B
100
AcDbEntity
  8
F.Cu
  6
CONTINUOUS
100
AcDbLine
 10
61.6224999999999952
 20
-82.1499999999999915
 30
0
 11
61.6224999999999952
 21
-82.9500000000000028
 31
0
  0
LINE
  5
2C1
330
1B
100
AcDbEntity
  8
F.Cu
  6
CONTINUOUS
100
AcDbLine
 10
61.6224999999999952
 20
-82.9500000000000028
 30
0
 11
61.6186480000000003
 21
-83.0284139999999979
 31
0
  0
LINE
  5
2C2
330
1B
100
AcDbEntity
  8
F.Cu
  6
CONTINUOUS
100
AcDbLine
 10
61.6186480000000003
 20
-83.0284139999999979
 30
0
 11
61.5880519999999976
 21
-83.1822279999999949
 31
0
  0
LINE
  5
2C3
330
1B
100
AcDbEntity
  8
F.Cu
  6
CONTINUOUS
100
AcDbLine
 10
61.5880519999999976
 20
-83.1822279999999949
 30
0
 11
61.5280369999999976
 21
-83.3271170000000012
 31
0
  0
LINE
  5
2C4
330
1B
100
AcDbEntity
  8
F.Cu
  6
CONTINUOUS
100
AcDbLine
 10
61.5280369999999976
 20
-83.3271170000000012
 30
0
 11
61.4409080000000003
 21
-83.4575150000000008
 31
0
  0
LINE
  5
2C5
330
1B
100
AcDbEntity
  8
F.Cu
  6
CONTINUOUS
100
AcDbLine
 10
61.4409080000000003
 20
-83.4575150000000008
 30
0
 11
61.330014999999996
 21
-83.5684079999999909
 31
0
  0
LINE
  5
2C6
330
1B
100
AcDbEntity
  8
F.Cu
  6
CONTINUOUS
100
AcDbLine
 10
61.330014999999996
 20
-83.5684079999999909
 30
0
 11
61.1996169999999964
 21
-83.6555369999999954
 31
0
  0
LINE
  5
2C7
330
1B
100
AcDbEntity
  8
F.Cu
  6
CONTINUOUS
100
AcDbLine
 10
61.1996169999999964
 20
-83.6555369999999954
 30
0
 11
61.0547279999999972
 21
-83.7155520000000024
 31
0
  0
LINE
  5
2C8
330
1B
100
AcDbEntity
  8
F.Cu
  6
CONTINUOUS
100
AcDbLine
 10
61.0547279999999972
 20
-83.7155520000000024
 30
0
 11
60.9009140000000002
 21
-83.7461479999999909
 31
0
  0
LINE
  5
2C9
330
1B
100
AcDbEntity
  8
F.Cu
  6
CONTINUOUS
100
AcDbLine
 10
60.9009140000000002
 20
-83.7461479999999909
 30
0
 11
60.7440859999999958
 21
-83.7461479999999909
 31
0
  0
LINE
  5
2CA
330
1B
100
AcDbEntity
  8
F.Cu
  6
CONTINUOUS
100
AcDbLine
 10
60.7440859999999958
 20
-83.7461479999999909
 30
0
 11
60.5902719999999988
 21
-83.7155520000000024
 31
0
  0
LINE
  5
2CB
330
1B
100
AcDbEntity
  8
F.Cu
  6
CONTINUOUS
100
AcDbLine
 10
60.5902719999999988
 20
-83.7155520000000024
 30
0
 11
60.4453829999999996
 21
-83.6555369999999954
 31
0
  0
LINE
  5
2CC
330
1B
100
AcDbEntity
  8
F.Cu
  6
CONTINUOUS
100
AcDbLine
 10
60.4453829999999996
 20
-83.6555369999999954
 30
0
 11
60.3149850000000001
 21
-83.5684079999999909
 31
0
  0
LINE
  5
2CD
330
1B
100
AcDbEntity
  8
F.Cu
  6
CONTINUOUS
100
AcDbLine
 10
60.3149850000000001
 20
-83.5684079999999909
 30
0
 11
60.2040919999999957
 21
-83.4575150000000008
 31
0
  0
LINE
  5
2CE
330
1B
100
AcDbEntity
  8
F.Cu
  6
CONTINUOUS
100
AcDbLine
 10
60.2040919999999957
 20
-83.4575150000000008
 30
0
 11
60.1169629999999984
 21
-83.3271170000000012
 31
0
  0
LINE
  5
2CF
330
1B
100
AcDbEntity
  8
F.Cu
  6
CONTINUOUS
100
AcDbLine
 10
60.1169629999999984
 20
-83.3271170000000012
 30
0
 11
60.0569479999999984
 21
-83.1822279999999949
 31
0
  0
LINE
  5
2D0
330
1B
100
AcDbEntity
  8
F.Cu
  6
CONTINUOUS
100
AcDbLine
 10
60.0569479999999984
 20
-83.1822279999999949
 30
0
 11
60.0263519999999957
 21
-83.0284139999999979
 31
0
  0
LINE
  5
2D1
330
1B
100
AcDbEntity
  8
F.Cu
  6
CONTINUOUS
100
AcDbLine
 10
60.0263519999999957
 20
-83.0284139999999979
 30
0
 11
60.0224999999999937
 21
-82.9500000000000028
 31
0
  0
LINE
  5
2D2
330
1B
100
AcDbEntity
  8
F.Cu
  6
CONTINUOUS
100
AcDbLine
 10
60.0224999999999937
 20
-82.9500000000000028
 30
0
 11
60.0224999999999937
 21
-82.1499999999999915
 31
0
  0
LINE
  5
2D3
330
1B
100
AcDbEntity
  8
F.Cu
  6
CONTINUOUS
100
AcDbLine
 10
60.0224999999999937
 20
-82.1499999999999915
 30
0
 11
60.0263519999999957
 21
-82.0715859999999964
 31
0
  0
LINE
  5
2D4
330
1B
100
AcDbEntity
  8
F.Cu
  6
CONTINUOUS
100
AcDbLine
 10
60.0263519999999957
 20
-82.0715859999999964
 30
0
 11
60.0569479999999984
 21
-81.9177719999999994
 31
0
  0
LINE
  5
2D5
330
1B
100
AcDbEntity
  8
F.Cu
  6
CONTINUOUS
100
AcDbLine
 10
60.0569479999999984
 20
-81.9177719999999994
 30
0
 11
60.1169629999999984
 21
-81.7728829999999931
 31
0
  0
LINE
  5
2D6
330
1B
100
AcDbEntity
  8
F.Cu
  6
CONTINUOUS
100
AcDbLine
 10
60.1169629999999984
 20
-81.7728829999999931
 30
0
 11
60.2040919999999957
 21
-81.6424849999999935
 31
0
  0
LINE
  5
2D7
330
1B
100
AcDbEntity
  8
F.Cu
  6
CONTINUOUS
100
AcDbLine
 10
60.2040919999999957
 20
-81.6424849999999935
 30
0
 11
60.3149850000000001
 21
-81.5315920000000034
 31
0
  0
LINE
  5
2D8
330
1B
100
AcDbEntity
  8
F.Cu
  6
CONTINUOUS
100
AcDbLine
 10
60.3149850000000001
 20
-81.5315920000000034
 30
0
 11
60.4453829999999996
 21
-81.4444629999999989
 31
0
  0
LINE
  5
2D9
330
1B
100
AcDbEntity
  8
F.Cu
  6
CONTINUOUS
100
AcDbLine
 10
60.4453829999999996
 20
-81.4444629999999989
 30
0
 11
60.5902719999999988
 21
-81.3844479999999919
 31
0
  0
LINE
  5
2DA
330
1B
100
AcDbEntity
  8
F.Cu
  6
CONTINUOUS
100
AcDbLine
 10
60.5902719999999988
 20
-81.3844479999999919
 30
0
 11
60.7440859999999958
 21
-81.3538520000000034
 31
0
  0
LINE
  5
2DB
330
1B
100
AcDbEntity
  8
F.Cu
  6
CONTINUOUS
100
AcDbLine
 10
60.7440859999999958
 20
-81.3538520000000034
 30
0
 11
60.9009140000000002
 21
-81.3538520000000034
 31
0
  0
LINE
  5
2DC
330
1B
100
AcDbEntity
  8
F.Cu
  6
CONTINUOUS
100
AcDbLine
 10
60.9009140000000002
 20
-81.3538520000000034
 30
0
 11
61.0547279999999972
 21
-81.3844479999999919
 31
0
  0
LINE
  5
2DD
330
1B
100
AcDbEntity
  8
F.Cu
  6
CONTINUOUS
100
AcDbLine
 10
63.5947279999999964
 20
-81.3844479999999919
 30
0
 11
63.7396169999999955
 21
-81.4444629999999989
 31
0
  0
LINE
  5
2DE
330
1B
100
AcDbEntity
  8
F.Cu
  6
CONTINUOUS
100
AcDbLine
 10
63.7396169999999955
 20
-81.4444629999999989
 30
0
 11
63.8700149999999951
 21
-81.5315920000000034
 31
0
  0
LINE
  5
2DF
330
1B
100
AcDbEntity
  8
F.Cu
  6
CONTINUOUS
100
AcDbLine
 10
63.8700149999999951
 20
-81.5315920000000034
 30
0
 11
63.9809079999999994
 21
-81.6424849999999935
 31
0
  0
LINE
  5
2E0
330
1B
100
AcDbEntity
  8
F.Cu
  6
CONTINUOUS
100
AcDbLine
 10
63.9809079999999994
 20
-81.6424849999999935
 30
0
 11
64.0680370000000039
 21
-81.7728829999999931
 31
0
  0
LINE
  5
2E1
330
1B
100
AcDbEntity
  8
F.Cu
  6
CONTINUOUS
100
AcDbLine
 10
64.0680370000000039
 20
-81.7728829999999931
 30
0
 11
64.1280519999999967
 21
-81.9177719999999994
 31
0
  0
LINE
  5
2E2
330
1B
100
AcDbEntity
  8
F.Cu
  6
CONTINUOUS
100
AcDbLine
 10
64.1280519999999967
 20
-81.9177719999999994
 30
0
 11
64.1586479999999995
 21
-82.0715859999999964
 31
0
  0
LINE
  5
2E3
330
1B
100
AcDbEntity
  8
F.Cu
  6
CONTINUOUS
100
AcDbLine
 10
64.1586479999999995
 20
-82.0715859999999964
 30
0
 11
64.1624999999999943
 21
-82.1499999999999915
 31
0
  0
LINE
  5
2E4
330
1B
100
AcDbEntity
  8
F.Cu
  6
CONTINUOUS
100
AcDbLine
 10
64.1624999999999943
 20
-82.1499999999999915
 30
0
 11
64.1624999999999943
 21
-82.9500000000000028
 31
0
  0
LINE
  5
2E5
330
1B
100
AcDbEntity
  8
F.Cu
  6
CONTINUOUS
100
AcDbLine
 10
64.1624999999999943
 20
-82.9500000000000028
 30
0
 11
64.1586479999999995
 21
-83.0284139999999979
 31
0
  0
LINE
  5
2E6
330
1B
100
AcDbEntity
  8
F.Cu
  6
CONTINUOUS
100
AcDbLine
 10
64.1586479999999995
 20
-83.0284139999999979
 30
0
 11
64.1280519999999967
 21
-83.1822279999999949
 31
0
  0
LINE
  5
2E7
330
1B
100
AcDbEntity
  8
F.Cu
  6
CONTINUOUS
100
AcDbLine
 10
64.1280519999999967
 20
-83.1822279999999949
 30
0
 11
64.0680370000000039
 21
-83.3271170000000012
 31
0
  0
LINE
  5
2E8
330
1B
100
AcDbEntity
  8
F.Cu
  6
CONTINUOUS
100
AcDbLine
 10
64.0680370000000039
 20
-83.3271170000000012
 30
0
 11
63.9809079999999994
 21
-83.4575150000000008
 31
0
  0
LINE
  5
2E9
330
1B
100
AcDbEntity
  8
F.Cu
  6
CONTINUOUS
100
AcDbLine
 10
63.9809079999999994
 20
-83.4575150000000008
 30
0
 11
63.8700149999999951
 21
-83.5684079999999909
 31
0
  0
LINE
  5
2EA
330
1B
100
AcDbEntity
  8
F.Cu
  6
CONTINUOUS
100
AcDbLine
 10
63.8700149999999951
 20
-83.5684079999999909
 30
0
 11
63.7396169999999955
 21
-83.6555369999999954
 31
0
  0
LINE
  5
2EB
330
1B
100
AcDbEntity
  8
F.Cu
  6
CONTINUOUS
100
AcDbLine
 10
63.7396169999999955
 20
-83.6555369999999954
 30
0
 11
63.5947279999999964
 21
-83.7155520000000024
 31
0
  0
LINE
  5
2EC
330
1B
100
AcDbEntity
  8
F.Cu
  6
CONTINUOUS
100
AcDbLine
 10
63.5947279999999964
 20
-83.7155520000000024
 30
0
 11
63.4409139999999994
 21
-83.7461479999999909
 31
0
  0
LINE
  5
2ED
330
1B
100
AcDbEntity
  8
F.Cu
  6
CONTINUOUS
100
AcDbLine
 10
63.4409139999999994
 20
-83.7461479999999909
 30
0
 11
63.284085999999995
 21
-83.7461479999999909
 31
0
  0
LINE
  5
2EE
330
1B
100
AcDbEntity
  8
F.Cu
  6
CONTINUOUS
100
AcDbLine
 10
63.284085999999995
 20
-83.7461479999999909
 30
0
 11
63.1302719999999979
 21
-83.7155520000000024
 31
0
  0
LINE
  5
2EF
330
1B
100
AcDbEntity
  8
F.Cu
  6
CONTINUOUS
100
AcDbLine
 10
63.1302719999999979
 20
-83.7155520000000024
 30
0
 11
62.9853829999999988
 21
-83.6555369999999954
 31
0
  0
LINE
  5
2F0
330
1B
100
AcDbEntity
  8
F.Cu
  6
CONTINUOUS
100
AcDbLine
 10
62.9853829999999988
 20
-83.6555369999999954
 30
0
 11
62.8549849999999992
 21
-83.5684079999999909
 31
0
  0
LINE
  5
2F1
330
1B
100
AcDbEntity
  8
F.Cu
  6
CONTINUOUS
100
AcDbLine
 10
62.8549849999999992
 20
-83.5684079999999909
 30
0
 11
62.7440919999999949
 21
-83.4575150000000008
 31
0
  0
LINE
  5
2F2
330
1B
100
AcDbEntity
  8
F.Cu
  6
CONTINUOUS
100
AcDbLine
 10
62.7440919999999949
 20
-83.4575150000000008
 30
0
 11
62.6569629999999975
 21
-83.3271170000000012
 31
0
  0
LINE
  5
2F3
330
1B
100
AcDbEntity
  8
F.Cu
  6
CONTINUOUS
100
AcDbLine
 10
62.6569629999999975
 20
-83.3271170000000012
 30
0
 11
62.5969479999999976
 21
-83.1822279999999949
 31
0
  0
LINE
  5
2F4
330
1B
100
AcDbEntity
  8
F.Cu
  6
CONTINUOUS
100
AcDbLine
 10
62.5969479999999976
 20
-83.1822279999999949
 30
0
 11
62.5663519999999949
 21
-83.0284139999999979
 31
0
  0
LINE
  5
2F5
330
1B
100
AcDbEntity
  8
F.Cu
  6
CONTINUOUS
100
AcDbLine
 10
62.5663519999999949
 20
-83.0284139999999979
 30
0
 11
62.5625
 21
-82.9500000000000028
 31
0
  0
LINE
  5
2F6
330
1B
100
AcDbEntity
  8
F.Cu
  6
CONTINUOUS
100
AcDbLine
 10
62.5625
 20
-82.9500000000000028
 30
0
 11
62.5625
 21
-82.1499999999999915
 31
0
  0
LINE
  5
2F7
330
1B
100
AcDbEntity
  8
F.Cu
  6
CONTINUOUS
100
AcDbLine
 10
62.5625
 20
-82.1499999999999915
 30
0
 11
62.5663519999999949
 21
-82.0715859999999964
 31
0
  0
LINE
  5
2F8
330
1B
100
AcDbEntity
  8
F.Cu
  6
CONTINUOUS
100
AcDbLine
 10
62.5663519999999949
 20
-82.0715859999999964
 30
0
 11
62.5969479999999976
 21
-81.9177719999999994
 31
0
  0
LINE
  5
2F9
330
1B
100
AcDbEntity
  8
F.Cu
  6
CONTINUOUS
100
AcDbLine
 10
62.5969479999999976
 20
-81.9177719999999994
 30
0
 11
62.6569629999999975
 21
-81.7728829999999931
 31
0
  0
LINE
  5
2FA
330
1B
100
AcDbEntity
  8
F.Cu
  6
CONTINUOUS
100
AcDbLine
 10
62.6569629999999975
 20
-81.7728829999999931
 30
0
 11
62.7440919999999949
 21
-81.6424849999999935
 31
0
  0
LINE
  5
2FB
330
1B
100
AcDbEntity
  8
F.Cu
  6
CONTINUOUS
100
AcDbLine
 10
62.7440919999999949
 20
-81.6424849999999935
 30
0
 11
62.8549849999999992
 21
-81.5315920000000034
 31
0
  0
LINE
  5
2FC
330
1B
100
AcDbEntity
  8
F.Cu
  6
CONTINUOUS
100
AcDbLine
 10
62.8549849999999992
 20
-81.5315920000000034
 30
0
 11
62.9853829999999988
 21
-81.4444629999999989
 31
0
  0
LINE
  5
2FD
330
1B
100
AcDbEntity
  8
F.Cu
  6
CONTINUOUS
100
AcDbLine
 10
62.9853829999999988
 20
-81.4444629999999989
 30
0
 11
63.1302719999999979
 21
-81.3844479999999919
 31
0
  0
LINE
  5
2FE
330
1B
100
AcDbEntity
  8
F.Cu
  6
CONTINUOUS
100
AcDbLine
 10
63.1302719999999979
 20
-81.3844479999999919
 30
0
 11
63.284085999999995
 21
-81.3538520000000034
 31
0
  0
LINE
  5
2FF
330
1B
100
AcDbEntity
  8
F.Cu
  6
CONTINUOUS
100
AcDbLine
 10
63.284085999999995
 20
-81.3538520000000034
 30
0
 11
63.4409139999999994
 21
-81.3538520000000034
 31
0
  0
LINE
  5
300
330
1B
100
AcDbEntity
  8
F.Cu
  6
CONTINUOUS
100
AcDbLine
 10
63.4409139999999994
 20
-81.3538520000000034
 30
0
 11
63.5947279999999964
 21
-81.3844479999999919
 31
0
  0
LINE
  5
301
330
1B
100
AcDbEntity
  8
F.Cu
  6
CONTINUOUS
100
AcDbLine
 10
66.1347279999999955
 20
-81.3844479999999919
 30
0
 11
66.2796170000000018
 21
-81.4444629999999989
 31
0
  0
LINE
  5
302
330
1B
100
AcDbEntity
  8
F.Cu
  6
CONTINUOUS
100
AcDbLine
 10
66.2796170000000018
 20
-81.4444629999999989
 30
0
 11
66.4100150000000014
 21
-81.5315920000000034
 31
0
  0
LINE
  5
303
330
1B
100
AcDbEntity
  8
F.Cu
  6
CONTINUOUS
100
AcDbLine
 10
66.4100150000000014
 20
-81.5315920000000034
 30
0
 11
66.5209079999999915
 21
-81.6424849999999935
 31
0
  0
LINE
  5
304
330
1B
100
AcDbEntity
  8
F.Cu
  6
CONTINUOUS
100
AcDbLine
 10
66.5209079999999915
 20
-81.6424849999999935
 30
0
 11
66.6080369999999959
 21
-81.7728829999999931
 31
0
  0
LINE
  5
305
330
1B
100
AcDbEntity
  8
F.Cu
  6
CONTINUOUS
100
AcDbLine
 10
66.6080369999999959
 20
-81.7728829999999931
 30
0
 11
66.668052000000003
 21
-81.9177719999999994
 31
0
  0
LINE
  5
306
330
1B
100
AcDbEntity
  8
F.Cu
  6
CONTINUOUS
100
AcDbLine
 10
66.668052000000003
 20
-81.9177719999999994
 30
0
 11
66.6986479999999915
 21
-82.0715859999999964
 31
0
  0
LINE
  5
307
330
1B
100
AcDbEntity
  8
F.Cu
  6
CONTINUOUS
100
AcDbLine
 10
66.6986479999999915
 20
-82.0715859999999964
 30
0
 11
66.7025000000000006
 21
-82.1499999999999915
 31
0
  0
LINE
  5
308
330
1B
100
AcDbEntity
  8
F.Cu
  6
CONTINUOUS
100
AcDbLine
 10
66.7025000000000006
 20
-82.1499999999999915
 30
0
 11
66.7025000000000006
 21
-82.9500000000000028
 31
0
  0
LINE
  5
309
330
1B
100
AcDbEntity
  8
F.Cu
  6
CONTINUOUS
100
AcDbLine
 10
66.7025000000000006
 20
-82.9500000000000028
 30
0
 11
66.6986479999999915
 21
-83.0284139999999979
 31
0
  0
LINE
  5
30A
330
1B
100
AcDbEntity
  8
F.Cu
  6
CONTINUOUS
100
AcDbLine
 10
66.6986479999999915
 20
-83.0284139999999979
 30
0
 11
66.668052000000003
 21
-83.1822279999999949
 31
0
  0
LINE
  5
30B
330
1B
100
AcDbEntity
  8
F.Cu
  6
CONTINUOUS
100
AcDbLine
 10
66.668052000000003
 20
-83.1822279999999949
 30
0
 11
66.6080369999999959
 21
-83.3271170000000012
 31
0
  0
LINE
  5
30C
330
1B
100
AcDbEntity
  8
F.Cu
  6
CONTINUOUS
100
AcDbLine
 10
66.6080369999999959
 20
-83.3271170000000012
 30
0
 11
66.5209079999999915
 21
-83.4575150000000008
 31
0
  0
LINE
  5
30D
330
1B
100
AcDbEntity
  8
F.Cu
  6
CONTINUOUS
100
AcDbLine
 10
66.5209079999999915
 20
-83.4575150000000008
 30
0
 11
66.4100150000000014
 21
-83.5684079999999909
 31
0
  0
LINE
  5
30E
330
1B
100
AcDbEntity
  8
F.Cu
  6
CONTINUOUS
100
AcDbLine
 10
66.4100150000000014
 20
-83.5684079999999909
 30
0
 11
66.2796170000000018
 21
-83.6555369999999954
 31
0
  0
LINE
  5
30F
330
1B
100
AcDbEntity
  8
F.Cu
  6
CONTINUOUS
100
AcDbLine
 10
66.2796170000000018
 20
-83.6555369999999954
 30
0
 11
66.1347279999999955
 21
-83.7155520000000024
 31
0
  0
LINE
  5
310
330
1B
100
AcDbEntity
  8
F.Cu
  6
CONTINUOUS
100
AcDbLine
 10
66.1347279999999955
 20
-83.7155520000000024
 30
0
 11
65.9809139999999985
 21
-83.7461479999999909
 31
0
  0
LINE
  5
311
330
1B
100
AcDbEntity
  8
F.Cu
  6
CONTINUOUS
100
AcDbLine
 10
65.9809139999999985
 20
-83.7461479999999909
 30
0
 11
65.8240859999999941
 21
-83.7461479999999909
 31
0
  0
LINE
  5
312
330
1B
100
AcDbEntity
  8
F.Cu
  6
CONTINUOUS
100
AcDbLine
 10
65.8240859999999941
 20
-83.7461479999999909
 30
0
 11
65.6702719999999971
 21
-83.7155520000000024
 31
0
  0
LINE
  5
313
330
1B
100
AcDbEntity
  8
F.Cu
  6
CONTINUOUS
100
AcDbLine
 10
65.6702719999999971
 20
-83.7155520000000024
 30
0
 11
65.5253829999999908
 21
-83.6555369999999954
 31
0
  0
LINE
  5
314
330
1B
100
AcDbEntity
  8
F.Cu
  6
CONTINUOUS
100
AcDbLine
 10
65.5253829999999908
 20
-83.6555369999999954
 30
0
 11
65.3949849999999913
 21
-83.5684079999999909
 31
0
  0
LINE
  5
315
330
1B
100
AcDbEntity
  8
F.Cu
  6
CONTINUOUS
100
AcDbLine
 10
65.3949849999999913
 20
-83.5684079999999909
 30
0
 11
65.2840920000000011
 21
-83.4575150000000008
 31
0
  0
LINE
  5
316
330
1B
100
AcDbEntity
  8
F.Cu
  6
CONTINUOUS
100
AcDbLine
 10
65.2840920000000011
 20
-83.4575150000000008
 30
0
 11
65.1969629999999967
 21
-83.3271170000000012
 31
0
  0
LINE
  5
317
330
1B
100
AcDbEntity
  8
F.Cu
  6
CONTINUOUS
100
AcDbLine
 10
65.1969629999999967
 20
-83.3271170000000012
 30
0
 11
65.1369480000000038
 21
-83.1822279999999949
 31
0
  0
LINE
  5
318
330
1B
100
AcDbEntity
  8
F.Cu
  6
CONTINUOUS
100
AcDbLine
 10
65.1369480000000038
 20
-83.1822279999999949
 30
0
 11
65.1063520000000011
 21
-83.0284139999999979
 31
0
  0
LINE
  5
319
330
1B
100
AcDbEntity
  8
F.Cu
  6
CONTINUOUS
100
AcDbLine
 10
65.1063520000000011
 20
-83.0284139999999979
 30
0
 11
65.102499999999992
 21
-82.9500000000000028
 31
0
  0
LINE
  5
31A
330
1B
100
AcDbEntity
  8
F.Cu
  6
CONTINUOUS
100
AcDbLine
 10
65.102499999999992
 20
-82.9500000000000028
 30
0
 11
65.102499999999992
 21
-82.1499999999999915
 31
0
  0
LINE
  5
31B
330
1B
100
AcDbEntity
  8
F.Cu
  6
CONTINUOUS
100
AcDbLine
 10
65.102499999999992
 20
-82.1499999999999915
 30
0
 11
65.1063520000000011
 21
-82.0715859999999964
 31
0
  0
LINE
  5
31C
330
1B
100
AcDbEntity
  8
F.Cu
  6
CONTINUOUS
100
AcDbLine
 10
65.1063520000000011
 20
-82.0715859999999964
 30
0
 11
65.1369480000000038
 21
-81.9177719999999994
 31
0
  0
LINE
  5
31D
330
1B
100
AcDbEntity
  8
F.Cu
  6
CONTINUOUS
100
AcDbLine
 10
65.1369480000000038
 20
-81.9177719999999994
 30
0
 11
65.1969629999999967
 21
-81.7728829999999931
 31
0
  0
LINE
  5
31E
330
1B
100
AcDbEntity
  8
F.Cu
  6
CONTINUOUS
100
AcDbLine
 10
65.1969629999999967
 20
-81.7728829999999931
 30
0
 11
65.2840920000000011
 21
-81.6424849999999935
 31
0
  0
LINE
  5
31F
330
1B
100
AcDbEntity
  8
F.Cu
  6
CONTINUOUS
100
AcDbLine
 10
65.2840920000000011
 20
-81.6424849999999935
 30
0
 11
65.3949849999999913
 21
-81.5315920000000034
 31
0
  0
LINE
  5
320
330
1B
100
AcDbEntity
  8
F.Cu
  6
CONTINUOUS
100
AcDbLine
 10
65.3949849999999913
 20
-81.5315920000000034
 30
0
 11
65.5253829999999908
 21
-81.4444629999999989
 31
0
  0
LINE
  5
321
330
1B
100
AcDbEntity
  8
F.Cu
  6
CONTINUOUS
100
AcDbLine
 10
65.5253829999999908
 20
-81.4444629999999989
 30
0
 11
65.6702719999999971
 21
-81.3844479999999919
 31
0
  0
LINE
  5
322
330
1B
100
AcDbEntity
  8
F.Cu
  6
CONTINUOUS
100
AcDbLine
 10
65.6702719999999971
 20
-81.3844479999999919
 30
0
 11
65.8240859999999941
 21
-81.3538520000000034
 31
0
  0
LINE
  5
323
330
1B
100
AcDbEntity
  8
F.Cu
  6
CONTINUOUS
100
AcDbLine
 10
65.8240859999999941
 20
-81.3538520000000034
 30
0
 11
65.9809139999999985
 21
-81.3538520000000034
 31
0
  0
LINE
  5
324
330
1B
100
AcDbEntity
  8
F.Cu
  6
CONTINUOUS
100
AcDbLine
 10
65.9809139999999985
 20
-81.3538520000000034
 30
0
 11
66.1347279999999955
 21
-81.3844479999999919
 31
0
  0
LINE
  5
325
330
1B
100
AcDbEntity
  8
F.Cu
  6
CONTINUOUS
100
AcDbLine
 10
68.6747280000000018
 20
-81.3844479999999919
 30
0
 11
68.8196169999999938
 21
-81.4444629999999989
 31
0
  0
LINE
  5
326
330
1B
100
AcDbEntity
  8
F.Cu
  6
CONTINUOUS
100
AcDbLine
 10
68.8196169999999938
 20
-81.4444629999999989
 30
0
 11
68.9500149999999934
 21
-81.5315920000000034
 31
0
  0
LINE
  5
327
330
1B
100
AcDbEntity
  8
F.Cu
  6
CONTINUOUS
100
AcDbLine
 10
68.9500149999999934
 20
-81.5315920000000034
 30
0
 11
69.0609079999999977
 21
-81.6424849999999935
 31
0
  0
LINE
  5
328
330
1B
100
AcDbEntity
  8
F.Cu
  6
CONTINUOUS
100
AcDbLine
 10
69.0609079999999977
 20
-81.6424849999999935
 30
0
 11
69.1480370000000022
 21
-81.7728829999999931
 31
0
  0
LINE
  5
329
330
1B
100
AcDbEntity
  8
F.Cu
  6
CONTINUOUS
100
AcDbLine
 10
69.1480370000000022
 20
-81.7728829999999931
 30
0
 11
69.208051999999995
 21
-81.9177719999999994
 31
0
  0
LINE
  5
32A
330
1B
100
AcDbEntity
  8
F.Cu
  6
CONTINUOUS
100
AcDbLine
 10
69.208051999999995
 20
-81.9177719999999994
 30
0
 11
69.2386479999999978
 21
-82.0715859999999964
 31
0
  0
LINE
  5
32B
330
1B
100
AcDbEntity
  8
F.Cu
  6
CONTINUOUS
100
AcDbLine
 10
69.2386479999999978
 20
-82.0715859999999964
 30
0
 11
69.2424999999999926
 21
-82.1499999999999915
 31
0
  0
LINE
  5
32C
330
1B
100
AcDbEntity
  8
F.Cu
  6
CONTINUOUS
100
AcDbLine
 10
69.2424999999999926
 20
-82.1499999999999915
 30
0
 11
69.2424999999999926
 21
-82.9500000000000028
 31
0
  0
LINE
  5
32D
330
1B
100
AcDbEntity
  8
F.Cu
  6
CONTINUOUS
100
AcDbLine
 10
69.2424999999999926
 20
-82.9500000000000028
 30
0
 11
69.2386479999999978
 21
-83.0284139999999979
 31
0
  0
LINE
  5
32E
330
1B
100
AcDbEntity
  8
F.Cu
  6
CONTINUOUS
100
AcDbLine
 10
69.2386479999999978
 20
-83.0284139999999979
 30
0
 11
69.208051999999995
 21
-83.1822279999999949
 31
0
  0
LINE
  5
32F
330
1B
100
AcDbEntity
  8
F.Cu
  6
CONTINUOUS
100
AcDbLine
 10
69.208051999999995
 20
-83.1822279999999949
 30
0
 11
69.1480370000000022
 21
-83.3271170000000012
 31
0
  0
LINE
  5
330
330
1B
100
AcDbEntity
  8
F.Cu
  6
CONTINUOUS
100
AcDbLine
 10
69.1480370000000022
 20
-83.3271170000000012
 30
0
 11
69.0609079999999977
 21
-83.4575150000000008
 31
0
  0
LINE
  5
331
330
1B
100
AcDbEntity
  8
F.Cu
  6
CONTINUOUS
100
AcDbLine
 10
69.0609079999999977
 20
-83.4575150000000008
 30
0
 11
68.9500149999999934
 21
-83.5684079999999909
 31
0
  0
LINE
  5
332
330
1B
100
AcDbEntity
  8
F.Cu
  6
CONTINUOUS
100
AcDbLine
 10
68.9500149999999934
 20
-83.5684079999999909
 30
0
 11
68.8196169999999938
 21
-83.6555369999999954
 31
0
  0
LINE
  5
333
330
1B
100
AcDbEntity
  8
F.Cu
  6
CONTINUOUS
100
AcDbLine
 10
68.8196169999999938
 20
-83.6555369999999954
 30
0
 11
68.6747280000000018
 21
-83.7155520000000024
 31
0
  0
LINE
  5
334
330
1B
100
AcDbEntity
  8
F.Cu
  6
CONTINUOUS
100
AcDbLine
 10
68.6747280000000018
 20
-83.7155520000000024
 30
0
 11
68.5209139999999906
 21
-83.7461479999999909
 31
0
  0
LINE
  5
335
330
1B
100
AcDbEntity
  8
F.Cu
  6
CONTINUOUS
100
AcDbLine
 10
68.5209139999999906
 20
-83.7461479999999909
 30
0
 11
68.3640860000000004
 21
-83.7461479999999909
 31
0
  0
LINE
  5
336
330
1B
100
AcDbEntity
  8
F.Cu
  6
CONTINUOUS
100
AcDbLine
 10
68.3640860000000004
 20
-83.7461479999999909
 30
0
 11
68.2102720000000033
 21
-83.7155520000000024
 31
0
  0
LINE
  5
337
330
1B
100
AcDbEntity
  8
F.Cu
  6
CONTINUOUS
100
AcDbLine
 10
68.2102720000000033
 20
-83.7155520000000024
 30
0
 11
68.0653829999999971
 21
-83.6555369999999954
 31
0
  0
LINE
  5
338
330
1B
100
AcDbEntity
  8
F.Cu
  6
CONTINUOUS
100
AcDbLine
 10
68.0653829999999971
 20
-83.6555369999999954
 30
0
 11
67.9349849999999975
 21
-83.5684079999999909
 31
0
  0
LINE
  5
339
330
1B
100
AcDbEntity
  8
F.Cu
  6
CONTINUOUS
100
AcDbLine
 10
67.9349849999999975
 20
-83.5684079999999909
 30
0
 11
67.8240919999999932
 21
-83.4575150000000008
 31
0
  0
LINE
  5
33A
330
1B
100
AcDbEntity
  8
F.Cu
  6
CONTINUOUS
100
AcDbLine
 10
67.8240919999999932
 20
-83.4575150000000008
 30
0
 11
67.7369630000000029
 21
-83.3271170000000012
 31
0
  0
LINE
  5
33B
330
1B
100
AcDbEntity
  8
F.Cu
  6
CONTINUOUS
100
AcDbLine
 10
67.7369630000000029
 20
-83.3271170000000012
 30
0
 11
67.6769479999999959
 21
-83.1822279999999949
 31
0
  0
LINE
  5
33C
330
1B
100
AcDbEntity
  8
F.Cu
  6
CONTINUOUS
100
AcDbLine
 10
67.6769479999999959
 20
-83.1822279999999949
 30
0
 11
67.6463519999999932
 21
-83.0284139999999979
 31
0
  0
LINE
  5
33D
330
1B
100
AcDbEntity
  8
F.Cu
  6
CONTINUOUS
100
AcDbLine
 10
67.6463519999999932
 20
-83.0284139999999979
 30
0
 11
67.6424999999999983
 21
-82.9500000000000028
 31
0
  0
LINE
  5
33E
330
1B
100
AcDbEntity
  8
F.Cu
  6
CONTINUOUS
100
AcDbLine
 10
67.6424999999999983
 20
-82.9500000000000028
 30
0
 11
67.6424999999999983
 21
-82.1499999999999915
 31
0
  0
LINE
  5
33F
330
1B
100
AcDbEntity
  8
F.Cu
  6
CONTINUOUS
100
AcDbLine
 10
67.6424999999999983
 20
-82.1499999999999915
 30
0
 11
67.6463519999999932
 21
-82.0715859999999964
 31
0
  0
LINE
  5
340
330
1B
100
AcDbEntity
  8
F.Cu
  6
CONTINUOUS
100
AcDbLine
 10
67.6463519999999932
 20
-82.0715859999999964
 30
0
 11
67.6769479999999959
 21
-81.9177719999999994
 31
0
  0
LINE
  5
341
330
1B
100
AcDbEntity
  8
F.Cu
  6
CONTINUOUS
100
AcDbLine
 10
67.6769479999999959
 20
-81.9177719999999994
 30
0
 11
67.7369630000000029
 21
-81.7728829999999931
 31
0
  0
LINE
  5
342
330
1B
100
AcDbEntity
  8
F.Cu
  6
CONTINUOUS
100
AcDbLine
 10
67.7369630000000029
 20
-81.7728829999999931
 30
0
 11
67.8240919999999932
 21
-81.6424849999999935
 31
0
  0
LINE
  5
343
330
1B
100
AcDbEntity
  8
F.Cu
  6
CONTINUOUS
100
AcDbLine
 10
67.8240919999999932
 20
-81.6424849999999935
 30
0
 11
67.9349849999999975
 21
-81.5315920000000034
 31
0
  0
LINE
  5
344
330
1B
100
AcDbEntity
  8
F.Cu
  6
CONTINUOUS
100
AcDbLine
 10
67.9349849999999975
 20
-81.5315920000000034
 30
0
 11
68.0653829999999971
 21
-81.4444629999999989
 31
0
  0
LINE
  5
345
330
1B
100
AcDbEntity
  8
F.Cu
  6
CONTINUOUS
100
AcDbLine
 10
68.0653829999999971
 20
-81.4444629999999989
 30
0
 11
68.2102720000000033
 21
-81.3844479999999919
 31
0
  0
LINE
  5
346
330
1B
100
AcDbEntity
  8
F.Cu
  6
CONTINUOUS
100
AcDbLine
 10
68.2102720000000033
 20
-81.3844479999999919
 30
0
 11
68.3640860000000004
 21
-81.3538520000000034
 31
0
  0
LINE
  5
347
330
1B
100
AcDbEntity
  8
F.Cu
  6
CONTINUOUS
100
AcDbLine
 10
68.3640860000000004
 20
-81.3538520000000034
 30
0
 11
68.5209139999999906
 21
-81.3538520000000034
 31
0
  0
LINE
  5
348
330
1B
100
AcDbEntity
  8
F.Cu
  6
CONTINUOUS
100
AcDbLine
 10
68.5209139999999906
 20
-81.3538520000000034
 30
0
 11
68.6747280000000018
 21
-81.3844479999999919
 31
0
  0
LINE
  5
349
330
1B
100
AcDbEntity
  8
F.Cu
  6
CONTINUOUS
100
AcDbLine
 10
71.2147279999999938
 20
-81.3844479999999919
 30
0
 11
71.3596170000000001
 21
-81.4444629999999989
 31
0
  0
LINE
  5
34A
330
1B
100
AcDbEntity
  8
F.Cu
  6
CONTINUOUS
100
AcDbLine
 10
71.3596170000000001
 20
-81.4444629999999989
 30
0
 11
71.4900149999999996
 21
-81.5315920000000034
 31
0
  0
LINE
  5
34B
330
1B
100
AcDbEntity
  8
F.Cu
  6
CONTINUOUS
100
AcDbLine
 10
71.4900149999999996
 20
-81.5315920000000034
 30
0
 11
71.6009079999999898
 21
-81.6424849999999935
 31
0
  0
LINE
  5
34C
330
1B
100
AcDbEntity
  8
F.Cu
  6
CONTINUOUS
100
AcDbLine
 10
71.6009079999999898
 20
-81.6424849999999935
 30
0
 11
71.6880369999999942
 21
-81.7728829999999931
 31
0
  0
LINE
  5
34D
330
1B
100
AcDbEntity
  8
F.Cu
  6
CONTINUOUS
100
AcDbLine
 10
71.6880369999999942
 20
-81.7728829999999931
 30
0
 11
71.7480520000000013
 21
-81.9177719999999994
 31
0
  0
LINE
  5
34E
330
1B
100
AcDbEntity
  8
F.Cu
  6
CONTINUOUS
100
AcDbLine
 10
71.7480520000000013
 20
-81.9177719999999994
 30
0
 11
71.7786479999999898
 21
-82.0715859999999964
 31
0
  0
LINE
  5
34F
330
1B
100
AcDbEntity
  8
F.Cu
  6
CONTINUOUS
100
AcDbLine
 10
71.7786479999999898
 20
-82.0715859999999964
 30
0
 11
71.7824999999999989
 21
-82.1499999999999915
 31
0
  0
LINE
  5
350
330
1B
100
AcDbEntity
  8
F.Cu
  6
CONTINUOUS
100
AcDbLine
 10
71.7824999999999989
 20
-82.1499999999999915
 30
0
 11
71.7824999999999989
 21
-82.9500000000000028
 31
0
  0
LINE
  5
351
330
1B
100
AcDbEntity
  8
F.Cu
  6
CONTINUOUS
100
AcDbLine
 10
71.7824999999999989
 20
-82.9500000000000028
 30
0
 11
71.7786479999999898
 21
-83.0284139999999979
 31
0
  0
LINE
  5
352
330
1B
100
AcDbEntity
  8
F.Cu
  6
CONTINUOUS
100
AcDbLine
 10
71.7786479999999898
 20
-83.0284139999999979
 30
0
 11
71.7480520000000013
 21
-83.1822279999999949
 31
0
  0
LINE
  5
353
330
1B
100
AcDbEntity
  8
F.Cu
  6
CONTINUOUS
100
AcDbLine
 10
71.7480520000000013
 20
-83.1822279999999949
 30
0
 11
71.6880369999999942
 21
-83.3271170000000012
 31
0
  0
LINE
  5
354
330
1B
100
AcDbEntity
  8
F.Cu
  6
CONTINUOUS
100
AcDbLine
 10
71.6880369999999942
 20
-83.3271170000000012
 30
0
 11
71.6009079999999898
 21
-83.4575150000000008
 31
0
  0
LINE
  5
355
330
1B
100
AcDbEntity
  8
F.Cu
  6
CONTINUOUS
100
AcDbLine
 10
71.6009079999999898
 20
-83.4575150000000008
 30
0
 11
71.4900149999999996
 21
-83.5684079999999909
 31
0
  0
LINE
  5
356
330
1B
100
AcDbEntity
  8
F.Cu
  6
CONTINUOUS
100
AcDbLine
 10
71.4900149999999996
 20
-83.5684079999999909
 30
0
 11
71.3596170000000001
 21
-83.6555369999999954
 31
0
  0
LINE
  5
357
330
1B
100
AcDbEntity
  8
F.Cu
  6
CONTINUOUS
100
AcDbLine
 10
71.3596170000000001
 20
-83.6555369999999954
 30
0
 11
71.2147279999999938
 21
-83.7155520000000024
 31
0
  0
LINE
  5
358
330
1B
100
AcDbEntity
  8
F.Cu
  6
CONTINUOUS
100
AcDbLine
 10
71.2147279999999938
 20
-83.7155520000000024
 30
0
 11
71.0609139999999968
 21
-83.7461479999999909
 31
0
  0
LINE
  5
359
330
1B
100
AcDbEntity
  8
F.Cu
  6
CONTINUOUS
100
AcDbLine
 10
71.0609139999999968
 20
-83.7461479999999909
 30
0
 11
70.9040859999999924
 21
-83.7461479999999909
 31
0
  0
LINE
  5
35A
330
1B
100
AcDbEntity
  8
F.Cu
  6
CONTINUOUS
100
AcDbLine
 10
70.9040859999999924
 20
-83.7461479999999909
 30
0
 11
70.7502719999999954
 21
-83.7155520000000024
 31
0
  0
LINE
  5
35B
330
1B
100
AcDbEntity
  8
F.Cu
  6
CONTINUOUS
100
AcDbLine
 10
70.7502719999999954
 20
-83.7155520000000024
 30
0
 11
70.6053830000000033
 21
-83.6555369999999954
 31
0
  0
LINE
  5
35C
330
1B
100
AcDbEntity
  8
F.Cu
  6
CONTINUOUS
100
AcDbLine
 10
70.6053830000000033
 20
-83.6555369999999954
 30
0
 11
70.4749850000000038
 21
-83.5684079999999909
 31
0
  0
LINE
  5
35D
330
1B
100
AcDbEntity
  8
F.Cu
  6
CONTINUOUS
100
AcDbLine
 10
70.4749850000000038
 20
-83.5684079999999909
 30
0
 11
70.3640919999999994
 21
-83.4575150000000008
 31
0
  0
LINE
  5
35E
330
1B
100
AcDbEntity
  8
F.Cu
  6
CONTINUOUS
100
AcDbLine
 10
70.3640919999999994
 20
-83.4575150000000008
 30
0
 11
70.276962999999995
 21
-83.3271170000000012
 31
0
  0
LINE
  5
35F
330
1B
100
AcDbEntity
  8
F.Cu
  6
CONTINUOUS
100
AcDbLine
 10
70.276962999999995
 20
-83.3271170000000012
 30
0
 11
70.2169480000000021
 21
-83.1822279999999949
 31
0
  0
LINE
  5
360
330
1B
100
AcDbEntity
  8
F.Cu
  6
CONTINUOUS
100
AcDbLine
 10
70.2169480000000021
 20
-83.1822279999999949
 30
0
 11
70.1863519999999994
 21
-83.0284139999999979
 31
0
  0
LINE
  5
361
330
1B
100
AcDbEntity
  8
F.Cu
  6
CONTINUOUS
100
AcDbLine
 10
70.1863519999999994
 20
-83.0284139999999979
 30
0
 11
70.1824999999999903
 21
-82.9500000000000028
 31
0
  0
LINE
  5
362
330
1B
100
AcDbEntity
  8
F.Cu
  6
CONTINUOUS
100
AcDbLine
 10
70.1824999999999903
 20
-82.9500000000000028
 30
0
 11
70.1824999999999903
 21
-82.1499999999999915
 31
0
  0
LINE
  5
363
330
1B
100
AcDbEntity
  8
F.Cu
  6
CONTINUOUS
100
AcDbLine
 10
70.1824999999999903
 20
-82.1499999999999915
 30
0
 11
70.1863519999999994
 21
-82.0715859999999964
 31
0
  0
LINE
  5
364
330
1B
100
AcDbEntity
  8
F.Cu
  6
CONTINUOUS
100
AcDbLine
 10
70.1863519999999994
 20
-82.0715859999999964
 30
0
 11
70.2169480000000021
 21
-81.9177719999999994
 31
0
  0
LINE
  5
365
330
1B
100
AcDbEntity
  8
F.Cu
  6
CONTINUOUS
100
AcDbLine
 10
70.2169480000000021
 20
-81.9177719999999994
 30
0
 11
70.276962999999995
 21
-81.7728829999999931
 31
0
  0
LINE
  5
366
330
1B
100
AcDbEntity
  8
F.Cu
  6
CONTINUOUS
100
AcDbLine
 10
70.276962999999995
 20
-81.7728829999999931
 30
0
 11
70.3640919999999994
 21
-81.6424849999999935
 31
0
  0
LINE
  5
367
330
1B
100
AcDbEntity
  8
F.Cu
  6
CONTINUOUS
100
AcDbLine
 10
70.3640919999999994
 20
-81.6424849999999935
 30
0
 11
70.4749850000000038
 21
-81.5315920000000034
 31
0
  0
LINE
  5
368
330
1B
100
AcDbEntity
  8
F.Cu
  6
CONTINUOUS
100
AcDbLine
 10
70.4749850000000038
 20
-81.5315920000000034
 30
0
 11
70.6053830000000033
 21
-81.4444629999999989
 31
0
  0
LINE
  5
369
330
1B
100
AcDbEntity
  8
F.Cu
  6
CONTINUOUS
100
AcDbLine
 10
70.6053830000000033
 20
-81.4444629999999989
 30
0
 11
70.7502719999999954
 21
-81.3844479999999919
 31
0
  0
LINE
  5
36A
330
1B
100
AcDbEntity
  8
F.Cu
  6
CONTINUOUS
100
AcDbLine
 10
70.7502719999999954
 20
-81.3844479999999919
 30
0
 11
70.9040859999999924
 21
-81.3538520000000034
 31
0
  0
LINE
  5
36B
330
1B
100
AcDbEntity
  8
F.Cu
  6
CONTINUOUS
100
AcDbLine
 10
70.9040859999999924
 20
-81.3538520000000034
 30
0
 11
71.0609139999999968
 21
-81.3538520000000034
 31
0
  0
LINE
  5
36C
330
1B
100
AcDbEntity
  8
F.Cu
  6
CONTINUOUS
100
AcDbLine
 10
71.0609139999999968
 20
-81.3538520000000034
 30
0
 11
71.2147279999999938
 21
-81.3844479999999919
 31
0
  0
LINE
  5
36D
330
1B
100
AcDbEntity
  8
F.Cu
  6
CONTINUOUS
100
AcDbLine
 10
73.7547280000000001
 20
-81.3844479999999919
 30
0
 11
73.8996169999999921
 21
-81.4444629999999989
 31
0
  0
LINE
  5
36E
330
1B
100
AcDbEntity
  8
F.Cu
  6
CONTINUOUS
100
AcDbLine
 10
73.8996169999999921
 20
-81.4444629999999989
 30
0
 11
74.0300149999999917
 21
-81.5315920000000034
 31
0
  0
LINE
  5
36F
330
1B
100
AcDbEntity
  8
F.Cu
  6
CONTINUOUS
100
AcDbLine
 10
74.0300149999999917
 20
-81.5315920000000034
 30
0
 11
74.140907999999996
 21
-81.6424849999999935
 31
0
  0
LINE
  5
370
330
1B
100
AcDbEntity
  8
F.Cu
  6
CONTINUOUS
100
AcDbLine
 10
74.140907999999996
 20
-81.6424849999999935
 30
0
 11
74.2280370000000005
 21
-81.7728829999999931
 31
0
  0
LINE
  5
371
330
1B
100
AcDbEntity
  8
F.Cu
  6
CONTINUOUS
100
AcDbLine
 10
74.2280370000000005
 20
-81.7728829999999931
 30
0
 11
74.2880519999999933
 21
-81.9177719999999994
 31
0
  0
LINE
  5
372
330
1B
100
AcDbEntity
  8
F.Cu
  6
CONTINUOUS
100
AcDbLine
 10
74.2880519999999933
 20
-81.9177719999999994
 30
0
 11
74.318647999999996
 21
-82.0715859999999964
 31
0
  0
LINE
  5
373
330
1B
100
AcDbEntity
  8
F.Cu
  6
CONTINUOUS
100
AcDbLine
 10
74.318647999999996
 20
-82.0715859999999964
 30
0
 11
74.3224999999999909
 21
-82.1499999999999915
 31
0
  0
LINE
  5
374
330
1B
100
AcDbEntity
  8
F.Cu
  6
CONTINUOUS
100
AcDbLine
 10
74.3224999999999909
 20
-82.1499999999999915
 30
0
 11
74.3224999999999909
 21
-82.9500000000000028
 31
0
  0
LINE
  5
375
330
1B
100
AcDbEntity
  8
F.Cu
  6
CONTINUOUS
100
AcDbLine
 10
74.3224999999999909
 20
-82.9500000000000028
 30
0
 11
74.318647999999996
 21
-83.0284139999999979
 31
0
  0
LINE
  5
376
330
1B
100
AcDbEntity
  8
F.Cu
  6
CONTINUOUS
100
AcDbLine
 10
74.318647999999996
 20
-83.0284139999999979
 30
0
 11
74.2880519999999933
 21
-83.1822279999999949
 31
0
  0
LINE
  5
377
330
1B
100
AcDbEntity
  8
F.Cu
  6
CONTINUOUS
100
AcDbLine
 10
74.2880519999999933
 20
-83.1822279999999949
 30
0
 11
74.2280370000000005
 21
-83.3271170000000012
 31
0
  0
LINE
  5
378
330
1B
100
AcDbEntity
  8
F.Cu
  6
CONTINUOUS
100
AcDbLine
 10
74.2280370000000005
 20
-83.3271170000000012
 30
0
 11
74.140907999999996
 21
-83.4575150000000008
 31
0
  0
LINE
  5
379
330
1B
100
AcDbEntity
  8
F.Cu
  6
CONTINUOUS
100
AcDbLine
 10
74.140907999999996
 20
-83.4575150000000008
 30
0
 11
74.0300149999999917
 21
-83.5684079999999909
 31
0
  0
LINE
  5
37A
330
1B
100
AcDbEntity
  8
F.Cu
  6
CONTINUOUS
100
AcDbLine
 10
74.0300149999999917
 20
-83.5684079999999909
 30
0
 11
73.8996169999999921
 21
-83.6555369999999954
 31
0
  0
LINE
  5
37B
330
1B
100
AcDbEntity
  8
F.Cu
  6
CONTINUOUS
100
AcDbLine
 10
73.8996169999999921
 20
-83.6555369999999954
 30
0
 11
73.7547280000000001
 21
-83.7155520000000024
 31
0
  0
LINE
  5
37C
330
1B
100
AcDbEntity
  8
F.Cu
  6
CONTINUOUS
100
AcDbLine
 10
73.7547280000000001
 20
-83.7155520000000024
 30
0
 11
73.6009140000000031
 21
-83.7461479999999909
 31
0
  0
LINE
  5
37D
330
1B
100
AcDbEntity
  8
F.Cu
  6
CONTINUOUS
100
AcDbLine
 10
73.6009140000000031
 20
-83.7461479999999909
 30
0
 11
73.4440859999999986
 21
-83.7461479999999909
 31
0
  0
LINE
  5
37E
330
1B
100
AcDbEntity
  8
F.Cu
  6
CONTINUOUS
100
AcDbLine
 10
73.4440859999999986
 20
-83.7461479999999909
 30
0
 11
73.2902720000000016
 21
-83.7155520000000024
 31
0
  0
LINE
  5
37F
330
1B
100
AcDbEntity
  8
F.Cu
  6
CONTINUOUS
100
AcDbLine
 10
73.2902720000000016
 20
-83.7155520000000024
 30
0
 11
73.1453829999999954
 21
-83.6555369999999954
 31
0
  0
LINE
  5
380
330
1B
100
AcDbEntity
  8
F.Cu
  6
CONTINUOUS
100
AcDbLine
 10
73.1453829999999954
 20
-83.6555369999999954
 30
0
 11
73.0149849999999958
 21
-83.5684079999999909
 31
0
  0
LINE
  5
381
330
1B
100
AcDbEntity
  8
F.Cu
  6
CONTINUOUS
100
AcDbLine
 10
73.0149849999999958
 20
-83.5684079999999909
 30
0
 11
72.9040919999999915
 21
-83.4575150000000008
 31
0
  0
LINE
  5
382
330
1B
100
AcDbEntity
  8
F.Cu
  6
CONTINUOUS
100
AcDbLine
 10
72.9040919999999915
 20
-83.4575150000000008
 30
0
 11
72.8169630000000012
 21
-83.3271170000000012
 31
0
  0
LINE
  5
383
330
1B
100
AcDbEntity
  8
F.Cu
  6
CONTINUOUS
100
AcDbLine
 10
72.8169630000000012
 20
-83.3271170000000012
 30
0
 11
72.7569479999999942
 21
-83.1822279999999949
 31
0
  0
LINE
  5
384
330
1B
100
AcDbEntity
  8
F.Cu
  6
CONTINUOUS
100
AcDbLine
 10
72.7569479999999942
 20
-83.1822279999999949
 30
0
 11
72.7263519999999914
 21
-83.0284139999999979
 31
0
  0
LINE
  5
385
330
1B
100
AcDbEntity
  8
F.Cu
  6
CONTINUOUS
100
AcDbLine
 10
72.7263519999999914
 20
-83.0284139999999979
 30
0
 11
72.7224999999999966
 21
-82.9500000000000028
 31
0
  0
LINE
  5
386
330
1B
100
AcDbEntity
  8
F.Cu
  6
CONTINUOUS
100
AcDbLine
 10
72.7224999999999966
 20
-82.9500000000000028
 30
0
 11
72.7224999999999966
 21
-82.1499999999999915
 31
0
  0
LINE
  5
387
330
1B
100
AcDbEntity
  8
F.Cu
  6
CONTINUOUS
100
AcDbLine
 10
72.7224999999999966
 20
-82.1499999999999915
 30
0
 11
72.7263519999999914
 21
-82.0715859999999964
 31
0
  0
LINE
  5
388
330
1B
100
AcDbEntity
  8
F.Cu
  6
CONTINUOUS
100
AcDbLine
 10
72.7263519999999914
 20
-82.0715859999999964
 30
0
 11
72.7569479999999942
 21
-81.9177719999999994
 31
0
  0
LINE
  5
389
330
1B
100
AcDbEntity
  8
F.Cu
  6
CONTINUOUS
100
AcDbLine
 10
72.7569479999999942
 20
-81.9177719999999994
 30
0
 11
72.8169630000000012
 21
-81.7728829999999931
 31
0
  0
LINE
  5
38A
330
1B
100
AcDbEntity
  8
F.Cu
  6
CONTINUOUS
100
AcDbLine
 10
72.8169630000000012
 20
-81.7728829999999931
 30
0
 11
72.9040919999999915
 21
-81.6424849999999935
 31
0
  0
LINE
  5
38B
330
1B
100
AcDbEntity
  8
F.Cu
  6
CONTINUOUS
100
AcDbLine
 10
72.9040919999999915
 20
-81.6424849999999935
 30
0
 11
73.0149849999999958
 21
-81.5315920000000034
 31
0
  0
LINE
  5
38C
330
1B
100
AcDbEntity
  8
F.Cu
  6
CONTINUOUS
100
AcDbLine
 10
73.0149849999999958
 20
-81.5315920000000034
 30
0
 11
73.1453829999999954
 21
-81.4444629999999989
 31
0
  0
LINE
  5
38D
330
1B
100
AcDbEntity
  8
F.Cu
  6
CONTINUOUS
100
AcDbLine
 10
73.1453829999999954
 20
-81.4444629999999989
 30
0
 11
73.2902720000000016
 21
-81.3844479999999919
 31
0
  0
LINE
  5
38E
330
1B
100
AcDbEntity
  8
F.Cu
  6
CONTINUOUS
100
AcDbLine
 10
73.2902720000000016
 20
-81.3844479999999919
 30
0
 11
73.4440859999999986
 21
-81.3538520000000034
 31
0
  0
LINE
  5
38F
330
1B
100
AcDbEntity
  8
F.Cu
  6
CONTINUOUS
100
AcDbLine
 10
73.4440859999999986
 20
-81.3538520000000034
 30
0
 11
73.6009140000000031
 21
-81.3538520000000034
 31
0
  0
LINE
  5
390
330
1B
100
AcDbEntity
  8
F.Cu
  6
CONTINUOUS
100
AcDbLine
 10
73.6009140000000031
 20
-81.3538520000000034
 30
0
 11
73.7547280000000001
 21
-81.3844479999999919
 31
0
  0
LINE
  5
391
330
1B
100
AcDbEntity
  8
F.Cu
  6
CONTINUOUS
100
AcDbLine
 10
42.2612559999999959
 20
-34.6387539999999987
 30
0
 11
42.4242569999999972
 21
-34.706271000000001
 31
0
  0
LINE
  5
392
330
1B
100
AcDbEntity
  8
F.Cu
  6
CONTINUOUS
100
AcDbLine
 10
42.4242569999999972
 20
-34.706271000000001
 30
0
 11
42.5709540000000004
 21
-34.8042909999999992
 31
0
  0
LINE
  5
393
330
1B
100
AcDbEntity
  8
F.Cu
  6
CONTINUOUS
100
AcDbLine
 10
42.5709540000000004
 20
-34.8042909999999992
 30
0
 11
42.6957090000000008
 21
-34.9290459999999996
 31
0
  0
LINE
  5
394
330
1B
100
AcDbEntity
  8
F.Cu
  6
CONTINUOUS
100
AcDbLine
 10
42.6957090000000008
 20
-34.9290459999999996
 30
0
 11
42.793728999999999
 21
-35.0757429999999957
 31
0
  0
LINE
  5
395
330
1B
100
AcDbEntity
  8
F.Cu
  6
CONTINUOUS
100
AcDbLine
 10
42.793728999999999
 20
-35.0757429999999957
 30
0
 11
42.8612460000000013
 21
-35.238743999999997
 31
0
  0
LINE
  5
396
330
1B
100
AcDbEntity
  8
F.Cu
  6
CONTINUOUS
100
AcDbLine
 10
42.8612460000000013
 20
-35.238743999999997
 30
0
 11
42.8956659999999985
 21
-35.4117850000000018
 31
0
  0
LINE
  5
397
330
1B
100
AcDbEntity
  8
F.Cu
  6
CONTINUOUS
100
AcDbLine
 10
42.8956659999999985
 20
-35.4117850000000018
 30
0
 11
42.8956659999999985
 21
-35.5882149999999982
 31
0
  0
LINE
  5
398
330
1B
100
AcDbEntity
  8
F.Cu
  6
CONTINUOUS
100
AcDbLine
 10
42.8956659999999985
 20
-35.5882149999999982
 30
0
 11
42.8790169999999975
 21
-35.6719110000000015
 31
0
  0
LINE
  5
399
330
1B
100
AcDbEntity
  8
F.Cu
  6
CONTINUOUS
100
AcDbLine
 10
42.8790169999999975
 20
-35.6719110000000015
 30
0
 11
46.4362689999999958
 21
-39.2291619999999952
 31
0
  0
LINE
  5
39A
330
1B
100
AcDbEntity
  8
F.Cu
  6
CONTINUOUS
100
AcDbLine
 10
46.4362689999999958
 20
-39.2291619999999952
 30
0
 11
46.4544479999999993
 21
-39.1377719999999982
 31
0
  0
LINE
  5
39B
330
1B
100
AcDbEntity
  8
F.Cu
  6
CONTINUOUS
100
AcDbLine
 10
46.4544479999999993
 20
-39.1377719999999982
 30
0
 11
46.5144629999999992
 21
-38.9928829999999991
 31
0
  0
LINE
  5
39C
330
1B
100
AcDbEntity
  8
F.Cu
  6
CONTINUOUS
100
AcDbLine
 10
46.5144629999999992
 20
-38.9928829999999991
 30
0
 11
46.6015919999999966
 21
-38.8624849999999995
 31
0
  0
LINE
  5
39D
330
1B
100
AcDbEntity
  8
F.Cu
  6
CONTINUOUS
100
AcDbLine
 10
46.6015919999999966
 20
-38.8624849999999995
 30
0
 11
46.7124850000000009
 21
-38.7515919999999952
 31
0
  0
LINE
  5
39E
330
1B
100
AcDbEntity
  8
F.Cu
  6
CONTINUOUS
100
AcDbLine
 10
46.7124850000000009
 20
-38.7515919999999952
 30
0
 11
46.8428830000000005
 21
-38.6644629999999978
 31
0
  0
LINE
  5
39F
330
1B
100
AcDbEntity
  8
F.Cu
  6
CONTINUOUS
100
AcDbLine
 10
46.8428830000000005
 20
-38.6644629999999978
 30
0
 11
46.9877719999999997
 21
-38.6044479999999979
 31
0
  0
LINE
  5
3A0
330
1B
100
AcDbEntity
  8
F.Cu
  6
CONTINUOUS
100
AcDbLine
 10
46.9877719999999997
 20
-38.6044479999999979
 30
0
 11
47.1415859999999967
 21
-38.5738519999999951
 31
0
  0
LINE
  5
3A1
330
1B
100
AcDbEntity
  8
F.Cu
  6
CONTINUOUS
100
AcDbLine
 10
47.1415859999999967
 20
-38.5738519999999951
 30
0
 11
47.2199999999999989
 21
-38.5700000000000003
 31
0
  0
LINE
  5
3A2
330
1B
100
AcDbEntity
  8
F.Cu
  6
CONTINUOUS
100
AcDbLine
 10
47.2199999999999989
 20
-38.5700000000000003
 30
0
 11
48.019999999999996
 21
-38.5700000000000003
 31
0
  0
LINE
  5
3A3
330
1B
100
AcDbEntity
  8
F.Cu
  6
CONTINUOUS
100
AcDbLine
 10
48.019999999999996
 20
-38.5700000000000003
 30
0
 11
48.0984139999999982
 21
-38.5738519999999951
 31
0
  0
LINE
  5
3A4
330
1B
100
AcDbEntity
  8
F.Cu
  6
CONTINUOUS
100
AcDbLine
 10
48.0984139999999982
 20
-38.5738519999999951
 30
0
 11
48.2522279999999952
 21
-38.6044479999999979
 31
0
  0
LINE
  5
3A5
330
1B
100
AcDbEntity
  8
F.Cu
  6
CONTINUOUS
100
AcDbLine
 10
48.2522279999999952
 20
-38.6044479999999979
 30
0
 11
48.3971169999999944
 21
-38.6644629999999978
 31
0
  0
LINE
  5
3A6
330
1B
100
AcDbEntity
  8
F.Cu
  6
CONTINUOUS
100
AcDbLine
 10
48.3971169999999944
 20
-38.6644629999999978
 30
0
 11
48.5275150000000011
 21
-38.7515919999999952
 31
0
  0
LINE
  5
3A7
330
1B
100
AcDbEntity
  8
F.Cu
  6
CONTINUOUS
100
AcDbLine
 10
48.5275150000000011
 20
-38.7515919999999952
 30
0
 11
48.6384079999999983
 21
-38.8624849999999995
 31
0
  0
LINE
  5
3A8
330
1B
100
AcDbEntity
  8
F.Cu
  6
CONTINUOUS
100
AcDbLine
 10
48.6384079999999983
 20
-38.8624849999999995
 30
0
 11
48.7255369999999957
 21
-38.9928829999999991
 31
0
  0
LINE
  5
3A9
330
1B
100
AcDbEntity
  8
F.Cu
  6
CONTINUOUS
100
AcDbLine
 10
48.7255369999999957
 20
-38.9928829999999991
 30
0
 11
48.7855519999999956
 21
-39.1377719999999982
 31
0
  0
LINE
  5
3AA
330
1B
100
AcDbEntity
  8
F.Cu
  6
CONTINUOUS
100
AcDbLine
 10
48.7855519999999956
 20
-39.1377719999999982
 30
0
 11
48.809864999999995
 21
-39.259999999999998
 31
0
  0
LINE
  5
3AB
330
1B
100
AcDbEntity
  8
F.Cu
  6
CONTINUOUS
100
AcDbLine
 10
48.809864999999995
 20
-39.259999999999998
 30
0
 11
48.9105589999999992
 21
-39.259999999999998
 31
0
  0
LINE
  5
3AC
330
1B
100
AcDbEntity
  8
F.Cu
  6
CONTINUOUS
100
AcDbLine
 10
48.9105589999999992
 20
-39.259999999999998
 30
0
 11
48.9758069999999961
 21
-39.2642769999999999
 31
0
  0
LINE
  5
3AD
330
1B
100
AcDbEntity
  8
F.Cu
  6
CONTINUOUS
100
AcDbLine
 10
48.9758069999999961
 20
-39.2642769999999999
 30
0
 11
48.9758220000000009
 21
-39.2642769999999999
 31
0
  0
LINE
  5
3AE
330
1B
100
AcDbEntity
  8
F.Cu
  6
CONTINUOUS
100
AcDbLine
 10
48.9758220000000009
 20
-39.2642769999999999
 30
0
 11
49.101900999999998
 21
-39.2980599999999995
 31
0
  0
LINE
  5
3AF
330
1B
100
AcDbEntity
  8
F.Cu
  6
CONTINUOUS
100
AcDbLine
 10
49.101900999999998
 20
-39.2980599999999995
 30
0
 11
49.2149399999999986
 21
-39.3633230000000012
 31
0
  0
LINE
  5
3B0
330
1B
100
AcDbEntity
  8
F.Cu
  6
CONTINUOUS
100
AcDbLine
 10
49.2149399999999986
 20
-39.3633230000000012
 30
0
 11
49.2149549999999962
 21
-39.3633379999999988
 31
0
  0
LINE
  5
3B1
330
1B
100
AcDbEntity
  8
F.Cu
  6
CONTINUOUS
100
AcDbLine
 10
49.2149549999999962
 20
-39.3633379999999988
 30
0
 11
49.2641119999999972
 21
-39.406447
 31
0
  0
LINE
  5
3B2
330
1B
100
AcDbEntity
  8
F.Cu
  6
CONTINUOUS
100
AcDbLine
 10
49.2641119999999972
 20
-39.406447
 30
0
 11
50.5235539999999972
 21
-40.6658879999999954
 31
0
  0
LINE
  5
3B3
330
1B
100
AcDbEntity
  8
F.Cu
  6
CONTINUOUS
100
AcDbLine
 10
50.5235539999999972
 20
-40.6658879999999954
 30
0
 11
50.5666689999999974
 21
-40.715052
 31
0
  0
LINE
  5
3B4
330
1B
100
AcDbEntity
  8
F.Cu
  6
CONTINUOUS
100
AcDbLine
 10
50.5666689999999974
 20
-40.715052
 30
0
 11
50.5666769999999985
 21
-40.7150600000000011
 31
0
  0
LINE
  5
3B5
330
1B
100
AcDbEntity
  8
F.Cu
  6
CONTINUOUS
100
AcDbLine
 10
50.5666769999999985
 20
-40.7150600000000011
 30
0
 11
50.6319400000000002
 21
-40.8280990000000017
 31
0
  0
LINE
  5
3B6
330
1B
100
AcDbEntity
  8
F.Cu
  6
CONTINUOUS
100
AcDbLine
 10
50.6319400000000002
 20
-40.8280990000000017
 30
0
 11
50.6319400000000002
 21
-40.8280999999999992
 31
0
  0
LINE
  5
3B7
330
1B
100
AcDbEntity
  8
F.Cu
  6
CONTINUOUS
100
AcDbLine
 10
50.6319400000000002
 20
-40.8280999999999992
 30
0
 11
50.6657229999999998
 21
-40.9541779999999989
 31
0
  0
LINE
  5
3B8
330
1B
100
AcDbEntity
  8
F.Cu
  6
CONTINUOUS
100
AcDbLine
 10
50.6657229999999998
 20
-40.9541779999999989
 30
0
 11
50.6657229999999998
 21
-40.9541929999999965
 31
0
  0
LINE
  5
3B9
330
1B
100
AcDbEntity
  8
F.Cu
  6
CONTINUOUS
100
AcDbLine
 10
50.6657229999999998
 20
-40.9541929999999965
 30
0
 11
50.6699999999999946
 21
-41.0194410000000005
 31
0
  0
LINE
  5
3BA
330
1B
100
AcDbEntity
  8
F.Cu
  6
CONTINUOUS
100
AcDbLine
 10
50.6699999999999946
 20
-41.0194410000000005
 30
0
 11
50.6699999999999946
 21
-51.0528939999999949
 31
0
  0
LINE
  5
3BB
330
1B
100
AcDbEntity
  8
F.Cu
  6
CONTINUOUS
100
AcDbLine
 10
50.6699999999999946
 20
-51.0528939999999949
 30
0
 11
57.5271059999999963
 21
-57.9099999999999966
 31
0
  0
LINE
  5
3BC
330
1B
100
AcDbEntity
  8
F.Cu
  6
CONTINUOUS
100
AcDbLine
 10
57.5271059999999963
 20
-57.9099999999999966
 30
0
 11
62.4355599999999953
 21
-57.9099999999999966
 31
0
  0
LINE
  5
3BD
330
1B
100
AcDbEntity
  8
F.Cu
  6
CONTINUOUS
100
AcDbLine
 10
62.4355599999999953
 20
-57.9099999999999966
 30
0
 11
62.5008079999999993
 21
-57.9142769999999985
 31
0
  0
LINE
  5
3BE
330
1B
100
AcDbEntity
  8
F.Cu
  6
CONTINUOUS
100
AcDbLine
 10
62.5008079999999993
 20
-57.9142769999999985
 30
0
 11
62.5008229999999969
 21
-57.9142769999999985
 31
0
  0
LINE
  5
3BF
330
1B
100
AcDbEntity
  8
F.Cu
  6
CONTINUOUS
100
AcDbLine
 10
62.5008229999999969
 20
-57.9142769999999985
 30
0
 11
62.6269019999999941
 21
-57.9480599999999981
 31
0
  0
LINE
  5
3C0
330
1B
100
AcDbEntity
  8
F.Cu
  6
CONTINUOUS
100
AcDbLine
 10
62.6269019999999941
 20
-57.9480599999999981
 30
0
 11
62.7399409999999946
 21
-58.0133229999999998
 31
0
  0
LINE
  5
3C1
330
1B
100
AcDbEntity
  8
F.Cu
  6
CONTINUOUS
100
AcDbLine
 10
62.7399409999999946
 20
-58.0133229999999998
 30
0
 11
62.7399559999999994
 21
-58.0133379999999974
 31
0
  0
LINE
  5
3C2
330
1B
100
AcDbEntity
  8
F.Cu
  6
CONTINUOUS
100
AcDbLine
 10
62.7399559999999994
 20
-58.0133379999999974
 30
0
 11
62.7891130000000004
 21
-58.0564469999999986
 31
0
  0
LINE
  5
3C3
330
1B
100
AcDbEntity
  8
F.Cu
  6
CONTINUOUS
100
AcDbLine
 10
62.7891130000000004
 20
-58.0564469999999986
 30
0
 11
68.258552999999992
 21
-63.5258859999999999
 31
0
  0
LINE
  5
3C4
330
1B
100
AcDbEntity
  8
F.Cu
  6
CONTINUOUS
100
AcDbLine
 10
68.258552999999992
 20
-63.5258859999999999
 30
0
 11
68.3016679999999923
 21
-63.5750499999999974
 31
0
  0
LINE
  5
3C5
330
1B
100
AcDbEntity
  8
F.Cu
  6
CONTINUOUS
100
AcDbLine
 10
68.3016679999999923
 20
-63.5750499999999974
 30
0
 11
68.301676999999998
 21
-63.575058999999996
 31
0
  0
LINE
  5
3C6
330
1B
100
AcDbEntity
  8
F.Cu
  6
CONTINUOUS
100
AcDbLine
 10
68.301676999999998
 20
-63.575058999999996
 30
0
 11
68.3669399999999996
 21
-63.6880979999999965
 31
0
  0
LINE
  5
3C7
330
1B
100
AcDbEntity
  8
F.Cu
  6
CONTINUOUS
100
AcDbLine
 10
68.3669399999999996
 20
-63.6880979999999965
 30
0
 11
68.4007229999999993
 21
-63.8141769999999937
 31
0
  0
LINE
  5
3C8
330
1B
100
AcDbEntity
  8
F.Cu
  6
CONTINUOUS
100
AcDbLine
 10
68.4007229999999993
 20
-63.8141769999999937
 30
0
 11
68.4007229999999993
 21
-63.8141919999999985
 31
0
  0
LINE
  5
3C9
330
1B
100
AcDbEntity
  8
F.Cu
  6
CONTINUOUS
100
AcDbLine
 10
68.4007229999999993
 20
-63.8141919999999985
 30
0
 11
68.4050000000000011
 21
-63.8794399999999953
 31
0
  0
LINE
  5
3CA
330
1B
100
AcDbEntity
  8
F.Cu
  6
CONTINUOUS
100
AcDbLine
 10
68.4050000000000011
 20
-63.8794399999999953
 30
0
 11
68.4050000000000011
 21
-65.6605600000000038
 31
0
  0
LINE
  5
3CB
330
1B
100
AcDbEntity
  8
F.Cu
  6
CONTINUOUS
100
AcDbLine
 10
68.4050000000000011
 20
-65.6605600000000038
 30
0
 11
68.4007229999999993
 21
-65.7258070000000032
 31
0
  0
LINE
  5
3CC
330
1B
100
AcDbEntity
  8
F.Cu
  6
CONTINUOUS
100
AcDbLine
 10
68.4007229999999993
 20
-65.7258070000000032
 30
0
 11
68.4007229999999993
 21
-65.7258229999999912
 31
0
  0
LINE
  5
3CD
330
1B
100
AcDbEntity
  8
F.Cu
  6
CONTINUOUS
100
AcDbLine
 10
68.4007229999999993
 20
-65.7258229999999912
 30
0
 11
68.3740789999999947
 21
-65.8252579999999909
 31
0
  0
LINE
  5
3CE
330
1B
100
AcDbEntity
  8
F.Cu
  6
CONTINUOUS
100
AcDbLine
 10
68.3740789999999947
 20
-65.8252579999999909
 30
0
 11
68.3669399999999996
 21
-65.8519019999999955
 31
0
  0
LINE
  5
3CF
330
1B
100
AcDbEntity
  8
F.Cu
  6
CONTINUOUS
100
AcDbLine
 10
68.3669399999999996
 20
-65.8519019999999955
 30
0
 11
68.301676999999998
 21
-65.9649409999999961
 31
0
  0
LINE
  5
3D0
330
1B
100
AcDbEntity
  8
F.Cu
  6
CONTINUOUS
100
AcDbLine
 10
68.301676999999998
 20
-65.9649409999999961
 30
0
 11
68.301669000000004
 21
-65.9649479999999926
 31
0
  0
LINE
  5
3D1
330
1B
100
AcDbEntity
  8
F.Cu
  6
CONTINUOUS
100
AcDbLine
 10
68.301669000000004
 20
-65.9649479999999926
 30
0
 11
68.2585540000000037
 21
-66.0141129999999947
 31
0
  0
LINE
  5
3D2
330
1B
100
AcDbEntity
  8
F.Cu
  6
CONTINUOUS
100
AcDbLine
 10
68.2585540000000037
 20
-66.0141129999999947
 30
0
 11
62.1691129999999958
 21
-72.1035529999999909
 31
0
  0
LINE
  5
3D3
330
1B
100
AcDbEntity
  8
F.Cu
  6
CONTINUOUS
100
AcDbLine
 10
62.1691129999999958
 20
-72.1035529999999909
 30
0
 11
62.1199559999999948
 21
-72.1466609999999946
 31
0
  0
LINE
  5
3D4
330
1B
100
AcDbEntity
  8
F.Cu
  6
CONTINUOUS
100
AcDbLine
 10
62.1199559999999948
 20
-72.1466609999999946
 30
0
 11
62.1199409999999972
 21
-72.1466769999999968
 31
0
  0
LINE
  5
3D5
330
1B
100
AcDbEntity
  8
F.Cu
  6
CONTINUOUS
100
AcDbLine
 10
62.1199409999999972
 20
-72.1466769999999968
 30
0
 11
62.0069019999999966
 21
-72.2119399999999985
 31
0
  0
LINE
  5
3D6
330
1B
100
AcDbEntity
  8
F.Cu
  6
CONTINUOUS
100
AcDbLine
 10
62.0069019999999966
 20
-72.2119399999999985
 30
0
 11
61.8808229999999995
 21
-72.2457229999999981
 31
0
  0
LINE
  5
3D7
330
1B
100
AcDbEntity
  8
F.Cu
  6
CONTINUOUS
100
AcDbLine
 10
61.8808229999999995
 20
-72.2457229999999981
 30
0
 11
61.8808079999999947
 21
-72.2457229999999981
 31
0
  0
LINE
  5
3D8
330
1B
100
AcDbEntity
  8
F.Cu
  6
CONTINUOUS
100
AcDbLine
 10
61.8808079999999947
 20
-72.2457229999999981
 30
0
 11
61.8155599999999978
 21
-72.25
 31
0
  0
LINE
  5
3D9
330
1B
100
AcDbEntity
  8
F.Cu
  6
CONTINUOUS
100
AcDbLine
 10
61.8155599999999978
 20
-72.25
 30
0
 11
55.2751260000000002
 21
-72.25
 31
0
  0
LINE
  5
3DA
330
1B
100
AcDbEntity
  8
F.Cu
  6
CONTINUOUS
100
AcDbLine
 10
55.2751260000000002
 20
-72.25
 30
0
 11
54.25
 21
-73.2751250000000027
 31
0
  0
LINE
  5
3DB
330
1B
100
AcDbEntity
  8
F.Cu
  6
CONTINUOUS
100
AcDbLine
 10
54.25
 20
-73.2751250000000027
 30
0
 11
54.25
 21
-74.7248739999999998
 31
0
  0
LINE
  5
3DC
330
1B
100
AcDbEntity
  8
F.Cu
  6
CONTINUOUS
100
AcDbLine
 10
54.25
 20
-74.7248739999999998
 30
0
 11
57.9251259999999988
 21
-78.3999999999999915
 31
0
  0
LINE
  5
3DD
330
1B
100
AcDbEntity
  8
F.Cu
  6
CONTINUOUS
100
AcDbLine
 10
57.9251259999999988
 20
-78.3999999999999915
 30
0
 11
94.4959530000000001
 21
-78.3999999999999915
 31
0
  0
LINE
  5
3DE
330
1B
100
AcDbEntity
  8
F.Cu
  6
CONTINUOUS
100
AcDbLine
 10
94.4959530000000001
 20
-78.3999999999999915
 30
0
 11
99.
 21
-73.8959529999999916
 31
0
  0
LINE
  5
3DF
330
1B
100
AcDbEntity
  8
F.Cu
  6
CONTINUOUS
100
AcDbLine
 10
99.
 20
-73.8959529999999916
 30
0
 11
99.
 21
-69.243118999999993
 31
0
  0
LINE
  5
3E0
330
1B
100
AcDbEntity
  8
F.Cu
  6
CONTINUOUS
100
AcDbLine
 10
99.
 20
-69.243118999999993
 30
0
 11
98.9290459999999996
 21
-69.1957089999999937
 31
0
  0
LINE
  5
3E1
330
1B
100
AcDbEntity
  8
F.Cu
  6
CONTINUOUS
100
AcDbLine
 10
98.9290459999999996
 20
-69.1957089999999937
 30
0
 11
98.8042909999999921
 21
-69.0709540000000004
 31
0
  0
LINE
  5
3E2
330
1B
100
AcDbEntity
  8
F.Cu
  6
CONTINUOUS
100
AcDbLine
 10
98.8042909999999921
 20
-69.0709540000000004
 30
0
 11
98.706271000000001
 21
-68.9242569999999972
 31
0
  0
LINE
  5
3E3
330
1B
100
AcDbEntity
  8
F.Cu
  6
CONTINUOUS
100
AcDbLine
 10
98.706271000000001
 20
-68.9242569999999972
 30
0
 11
98.6387539999999916
 21
-68.761256000000003
 31
0
  0
LINE
  5
3E4
330
1B
100
AcDbEntity
  8
F.Cu
  6
CONTINUOUS
100
AcDbLine
 10
98.6387539999999916
 20
-68.761256000000003
 30
0
 11
98.6043339999999944
 21
-68.5882149999999911
 31
0
  0
LINE
  5
3E5
330
1B
100
AcDbEntity
  8
F.Cu
  6
CONTINUOUS
100
AcDbLine
 10
98.6043339999999944
 20
-68.5882149999999911
 30
0
 11
98.6043339999999944
 21
-68.4117849999999947
 31
0
  0
LINE
  5
3E6
330
1B
100
AcDbEntity
  8
F.Cu
  6
CONTINUOUS
100
AcDbLine
 10
98.6043339999999944
 20
-68.4117849999999947
 30
0
 11
98.6387539999999916
 21
-68.238743999999997
 31
0
  0
LINE
  5
3E7
330
1B
100
AcDbEntity
  8
F.Cu
  6
CONTINUOUS
100
AcDbLine
 10
98.6387539999999916
 20
-68.238743999999997
 30
0
 11
98.706271000000001
 21
-68.0757430000000028
 31
0
  0
LINE
  5
3E8
330
1B
100
AcDbEntity
  8
F.Cu
  6
CONTINUOUS
100
AcDbLine
 10
98.706271000000001
 20
-68.0757430000000028
 30
0
 11
98.8042909999999921
 21
-67.9290459999999996
 31
0
  0
LINE
  5
3E9
330
1B
100
AcDbEntity
  8
F.Cu
  6
CONTINUOUS
100
AcDbLine
 10
98.8042909999999921
 20
-67.9290459999999996
 30
0
 11
98.9290459999999996
 21
-67.8042909999999921
 31
0
  0
LINE
  5
3EA
330
1B
100
AcDbEntity
  8
F.Cu
  6
CONTINUOUS
100
AcDbLine
 10
98.9290459999999996
 20
-67.8042909999999921
 30
0
 11
99.0757429999999886
 21
-67.706271000000001
 31
0
  0
LINE
  5
3EB
330
1B
100
AcDbEntity
  8
F.Cu
  6
CONTINUOUS
100
AcDbLine
 10
99.0757429999999886
 20
-67.706271000000001
 30
0
 11
99.238743999999997
 21
-67.6387539999999916
 31
0
  0
LINE
  5
3EC
330
1B
100
AcDbEntity
  8
F.Cu
  6
CONTINUOUS
100
AcDbLine
 10
99.238743999999997
 20
-67.6387539999999916
 30
0
 11
99.4117849999999947
 21
-67.6043339999999944
 31
0
  0
LINE
  5
3ED
330
1B
100
AcDbEntity
  8
F.Cu
  6
CONTINUOUS
100
AcDbLine
 10
99.4117849999999947
 20
-67.6043339999999944
 30
0
 11
99.5882149999999911
 21
-67.6043339999999944
 31
0
  0
LINE
  5
3EE
330
1B
100
AcDbEntity
  8
F.Cu
  6
CONTINUOUS
100
AcDbLine
 10
99.5882149999999911
 20
-67.6043339999999944
 30
0
 11
99.7612559999999888
 21
-67.6387539999999916
 31
0
  0
LINE
  5
3EF
330
1B
100
AcDbEntity
  8
F.Cu
  6
CONTINUOUS
100
AcDbLine
 10
99.7612559999999888
 20
-67.6387539999999916
 30
0
 11
99.9242569999999972
 21
-67.706271000000001
 31
0
  0
LINE
  5
3F0
330
1B
100
AcDbEntity
  8
F.Cu
  6
CONTINUOUS
100
AcDbLine
 10
99.9242569999999972
 20
-67.706271000000001
 30
0
 11
100.0709540000000004
 21
-67.8042909999999921
 31
0
  0
LINE
  5
3F1
330
1B
100
AcDbEntity
  8
F.Cu
  6
CONTINUOUS
100
AcDbLine
 10
100.0709540000000004
 20
-67.8042909999999921
 30
0
 11
100.1957089999999937
 21
-67.9290459999999996
 31
0
  0
LINE
  5
3F2
330
1B
100
AcDbEntity
  8
F.Cu
  6
CONTINUOUS
100
AcDbLine
 10
100.1957089999999937
 20
-67.9290459999999996
 30
0
 11
100.293728999999999
 21
-68.0757430000000028
 31
0
  0
LINE
  5
3F3
330
1B
100
AcDbEntity
  8
F.Cu
  6
CONTINUOUS
100
AcDbLine
 10
100.293728999999999
 20
-68.0757430000000028
 30
0
 11
100.3612459999999942
 21
-68.238743999999997
 31
0
  0
LINE
  5
3F4
330
1B
100
AcDbEntity
  8
F.Cu
  6
CONTINUOUS
100
AcDbLine
 10
100.3612459999999942
 20
-68.238743999999997
 30
0
 11
100.3956659999999914
 21
-68.4117849999999947
 31
0
  0
LINE
  5
3F5
330
1B
100
AcDbEntity
  8
F.Cu
  6
CONTINUOUS
100
AcDbLine
 10
100.3956659999999914
 20
-68.4117849999999947
 30
0
 11
100.3956659999999914
 21
-68.5882149999999911
 31
0
  0
LINE
  5
3F6
330
1B
100
AcDbEntity
  8
F.Cu
  6
CONTINUOUS
100
AcDbLine
 10
100.3956659999999914
 20
-68.5882149999999911
 30
0
 11
100.3612459999999942
 21
-68.761256000000003
 31
0
  0
LINE
  5
3F7
330
1B
100
AcDbEntity
  8
F.Cu
  6
CONTINUOUS
100
AcDbLine
 10
100.3612459999999942
 20
-68.761256000000003
 30
0
 11
100.293728999999999
 21
-68.9242569999999972
 31
0
  0
LINE
  5
3F8
330
1B
100
AcDbEntity
  8
F.Cu
  6
CONTINUOUS
100
AcDbLine
 10
100.293728999999999
 20
-68.9242569999999972
 30
0
 11
100.1957089999999937
 21
-69.0709540000000004
 31
0
  0
LINE
  5
3F9
330
1B
100
AcDbEntity
  8
F.Cu
  6
CONTINUOUS
100
AcDbLine
 10
100.1957089999999937
 20
-69.0709540000000004
 30
0
 11
100.0709540000000004
 21
-69.1957089999999937
 31
0
  0
LINE
  5
3FA
330
1B
100
AcDbEntity
  8
F.Cu
  6
CONTINUOUS
100
AcDbLine
 10
100.0709540000000004
 20
-69.1957089999999937
 30
0
 11
100.
 21
-69.243118999999993
 31
0
  0
LINE
  5
3FB
330
1B
100
AcDbEntity
  8
F.Cu
  6
CONTINUOUS
100
AcDbLine
 10
100.
 20
-69.243118999999993
 30
0
 11
100.
 21
-74.1030590000000018
 31
0
  0
LINE
  5
3FC
330
1B
100
AcDbEntity
  8
F.Cu
  6
CONTINUOUS
100
AcDbLine
 10
100.
 20
-74.1030590000000018
 30
0
 11
99.9957229999999981
 21
-74.1683060000000012
 31
0
  0
LINE
  5
3FD
330
1B
100
AcDbEntity
  8
F.Cu
  6
CONTINUOUS
100
AcDbLine
 10
99.9957229999999981
 20
-74.1683060000000012
 30
0
 11
99.9957229999999981
 21
-74.1683220000000034
 31
0
  0
LINE
  5
3FE
330
1B
100
AcDbEntity
  8
F.Cu
  6
CONTINUOUS
100
AcDbLine
 10
99.9957229999999981
 20
-74.1683220000000034
 30
0
 11
99.9708210000000008
 21
-74.261256000000003
 31
0
  0
LINE
  5
3FF
330
1B
100
AcDbEntity
  8
F.Cu
  6
CONTINUOUS
100
AcDbLine
 10
99.9708210000000008
 20
-74.261256000000003
 30
0
 11
99.9619399999999985
 21
-74.2944009999999935
 31
0
  0
LINE
  5
400
330
1B
100
AcDbEntity
  8
F.Cu
  6
CONTINUOUS
100
AcDbLine
 10
99.9619399999999985
 20
-74.2944009999999935
 30
0
 11
99.8966769999999968
 21
-74.407439999999994
 31
0
  0
LINE
  5
401
330
1B
100
AcDbEntity
  8
F.Cu
  6
CONTINUOUS
100
AcDbLine
 10
99.8966769999999968
 20
-74.407439999999994
 30
0
 11
99.8966609999999946
 21
-74.4074549999999988
 31
0
  0
LINE
  5
402
330
1B
100
AcDbEntity
  8
F.Cu
  6
CONTINUOUS
100
AcDbLine
 10
99.8966609999999946
 20
-74.4074549999999988
 30
0
 11
99.8535529999999909
 21
-74.4566119999999927
 31
0
  0
LINE
  5
403
330
1B
100
AcDbEntity
  8
F.Cu
  6
CONTINUOUS
100
AcDbLine
 10
99.8535529999999909
 20
-74.4566119999999927
 30
0
 11
95.0566120000000012
 21
-79.2535529999999966
 31
0
  0
LINE
  5
404
330
1B
100
AcDbEntity
  8
F.Cu
  6
CONTINUOUS
100
AcDbLine
 10
95.0566120000000012
 20
-79.2535529999999966
 30
0
 11
95.0074549999999931
 21
-79.2966610000000003
 31
0
  0
LINE
  5
405
330
1B
100
AcDbEntity
  8
F.Cu
  6
CONTINUOUS
100
AcDbLine
 10
95.0074549999999931
 20
-79.2966610000000003
 30
0
 11
95.0074400000000026
 21
-79.2966770000000025
 31
0
  0
LINE
  5
406
330
1B
100
AcDbEntity
  8
F.Cu
  6
CONTINUOUS
100
AcDbLine
 10
95.0074400000000026
 20
-79.2966770000000025
 30
0
 11
94.894401000000002
 21
-79.3619399999999899
 31
0
  0
LINE
  5
407
330
1B
100
AcDbEntity
  8
F.Cu
  6
CONTINUOUS
100
AcDbLine
 10
94.894401000000002
 20
-79.3619399999999899
 30
0
 11
94.7683219999999977
 21
-79.3957229999999896
 31
0
  0
LINE
  5
408
330
1B
100
AcDbEntity
  8
F.Cu
  6
CONTINUOUS
100
AcDbLine
 10
94.7683219999999977
 20
-79.3957229999999896
 30
0
 11
94.768306999999993
 21
-79.3957229999999896
 31
0
  0
LINE
  5
409
330
1B
100
AcDbEntity
  8
F.Cu
  6
CONTINUOUS
100
AcDbLine
 10
94.768306999999993
 20
-79.3957229999999896
 30
0
 11
94.7030589999999961
 21
-79.3999999999999915
 31
0
  0
LINE
  5
40A
330
1B
100
AcDbEntity
  8
F.Cu
  6
CONTINUOUS
100
AcDbLine
 10
94.7030589999999961
 20
-79.3999999999999915
 30
0
 11
57.7180189999999982
 21
-79.3999999999999915
 31
0
  0
LINE
  5
40B
330
1B
100
AcDbEntity
  8
F.Cu
  6
CONTINUOUS
100
AcDbLine
 10
57.7180189999999982
 20
-79.3999999999999915
 30
0
 11
57.6527709999999942
 21
-79.3957229999999896
 31
0
  0
LINE
  5
40C
330
1B
100
AcDbEntity
  8
F.Cu
  6
CONTINUOUS
100
AcDbLine
 10
57.6527709999999942
 20
-79.3957229999999896
 30
0
 11
57.6527559999999966
 21
-79.3957229999999896
 31
0
  0
LINE
  5
40D
330
1B
100
AcDbEntity
  8
F.Cu
  6
CONTINUOUS
100
AcDbLine
 10
57.6527559999999966
 20
-79.3957229999999896
 30
0
 11
57.5266769999999994
 21
-79.3619399999999899
 31
0
  0
LINE
  5
40E
330
1B
100
AcDbEntity
  8
F.Cu
  6
CONTINUOUS
100
AcDbLine
 10
57.5266769999999994
 20
-79.3619399999999899
 30
0
 11
57.4136379999999988
 21
-79.2966770000000025
 31
0
  0
LINE
  5
40F
330
1B
100
AcDbEntity
  8
F.Cu
  6
CONTINUOUS
100
AcDbLine
 10
57.4136379999999988
 20
-79.2966770000000025
 30
0
 11
57.4136290000000002
 21
-79.2966679999999968
 31
0
  0
LINE
  5
410
330
1B
100
AcDbEntity
  8
F.Cu
  6
CONTINUOUS
100
AcDbLine
 10
57.4136290000000002
 20
-79.2966679999999968
 30
0
 11
57.3644649999999956
 21
-79.2535529999999966
 31
0
  0
LINE
  5
411
330
1B
100
AcDbEntity
  8
F.Cu
  6
CONTINUOUS
100
AcDbLine
 10
57.3644649999999956
 20
-79.2535529999999966
 30
0
 11
53.3964469999999949
 21
-75.2855339999999984
 31
0
  0
LINE
  5
412
330
1B
100
AcDbEntity
  8
F.Cu
  6
CONTINUOUS
100
AcDbLine
 10
53.3964469999999949
 20
-75.2855339999999984
 30
0
 11
53.3533380000000008
 21
-75.2363769999999903
 31
0
  0
LINE
  5
413
330
1B
100
AcDbEntity
  8
F.Cu
  6
CONTINUOUS
100
AcDbLine
 10
53.3533380000000008
 20
-75.2363769999999903
 30
0
 11
53.3533229999999961
 21
-75.2363619999999997
 31
0
  0
LINE
  5
414
330
1B
100
AcDbEntity
  8
F.Cu
  6
CONTINUOUS
100
AcDbLine
 10
53.3533229999999961
 20
-75.2363619999999997
 30
0
 11
53.2880599999999944
 21
-75.1233229999999992
 31
0
  0
LINE
  5
415
330
1B
100
AcDbEntity
  8
F.Cu
  6
CONTINUOUS
100
AcDbLine
 10
53.2880599999999944
 20
-75.1233229999999992
 30
0
 11
53.2725030000000004
 21
-75.0652630000000016
 31
0
  0
LINE
  5
416
330
1B
100
AcDbEntity
  8
F.Cu
  6
CONTINUOUS
100
AcDbLine
 10
53.2725030000000004
 20
-75.0652630000000016
 30
0
 11
53.2542769999999948
 21
-74.9972439999999949
 31
0
  0
LINE
  5
417
330
1B
100
AcDbEntity
  8
F.Cu
  6
CONTINUOUS
100
AcDbLine
 10
53.2542769999999948
 20
-74.9972439999999949
 30
0
 11
53.2542769999999948
 21
-74.9972279999999927
 31
0
  0
LINE
  5
418
330
1B
100
AcDbEntity
  8
F.Cu
  6
CONTINUOUS
100
AcDbLine
 10
53.2542769999999948
 20
-74.9972279999999927
 30
0
 11
53.25
 21
-74.9319809999999933
 31
0
  0
LINE
  5
419
330
1B
100
AcDbEntity
  8
F.Cu
  6
CONTINUOUS
100
AcDbLine
 10
53.25
 20
-74.9319809999999933
 30
0
 11
53.25
 21
-73.0680189999999925
 31
0
  0
LINE
  5
41A
330
1B
100
AcDbEntity
  8
F.Cu
  6
CONTINUOUS
100
AcDbLine
 10
53.25
 20
-73.0680189999999925
 30
0
 11
53.2542769999999948
 21
-73.0027709999999956
 31
0
  0
LINE
  5
41B
330
1B
100
AcDbEntity
  8
F.Cu
  6
CONTINUOUS
100
AcDbLine
 10
53.2542769999999948
 20
-73.0027709999999956
 30
0
 11
53.2542769999999948
 21
-73.0027559999999909
 31
0
  0
LINE
  5
41C
330
1B
100
AcDbEntity
  8
F.Cu
  6
CONTINUOUS
100
AcDbLine
 10
53.2542769999999948
 20
-73.0027559999999909
 30
0
 11
53.2880599999999944
 21
-72.8766770000000008
 31
0
  0
LINE
  5
41D
330
1B
100
AcDbEntity
  8
F.Cu
  6
CONTINUOUS
100
AcDbLine
 10
53.2880599999999944
 20
-72.8766770000000008
 30
0
 11
53.2954650000000001
 21
-72.8638519999999943
 31
0
  0
LINE
  5
41E
330
1B
100
AcDbEntity
  8
F.Cu
  6
CONTINUOUS
100
AcDbLine
 10
53.2954650000000001
 20
-72.8638519999999943
 30
0
 11
53.3533229999999961
 21
-72.7636380000000003
 31
0
  0
LINE
  5
41F
330
1B
100
AcDbEntity
  8
F.Cu
  6
CONTINUOUS
100
AcDbLine
 10
53.3533229999999961
 20
-72.7636380000000003
 30
0
 11
53.3533380000000008
 21
-72.763621999999998
 31
0
  0
LINE
  5
420
330
1B
100
AcDbEntity
  8
F.Cu
  6
CONTINUOUS
100
AcDbLine
 10
53.3533380000000008
 20
-72.763621999999998
 30
0
 11
53.3964469999999949
 21
-72.7144660000000016
 31
0
  0
LINE
  5
421
330
1B
100
AcDbEntity
  8
F.Cu
  6
CONTINUOUS
100
AcDbLine
 10
53.3964469999999949
 20
-72.7144660000000016
 30
0
 11
54.714464999999997
 21
-71.3964469999999949
 31
0
  0
LINE
  5
422
330
1B
100
AcDbEntity
  8
F.Cu
  6
CONTINUOUS
100
AcDbLine
 10
54.714464999999997
 20
-71.3964469999999949
 30
0
 11
54.7636289999999946
 21
-71.3533309999999972
 31
0
  0
LINE
  5
423
330
1B
100
AcDbEntity
  8
F.Cu
  6
CONTINUOUS
100
AcDbLine
 10
54.7636289999999946
 20
-71.3533309999999972
 30
0
 11
54.7636380000000003
 21
-71.3533230000000032
 31
0
  0
LINE
  5
424
330
1B
100
AcDbEntity
  8
F.Cu
  6
CONTINUOUS
100
AcDbLine
 10
54.7636380000000003
 20
-71.3533230000000032
 30
0
 11
54.8766770000000008
 21
-71.2880600000000015
 31
0
  0
LINE
  5
425
330
1B
100
AcDbEntity
  8
F.Cu
  6
CONTINUOUS
100
AcDbLine
 10
54.8766770000000008
 20
-71.2880600000000015
 30
0
 11
55.002755999999998
 21
-71.2542770000000019
 31
0
  0
LINE
  5
426
330
1B
100
AcDbEntity
  8
F.Cu
  6
CONTINUOUS
100
AcDbLine
 10
55.002755999999998
 20
-71.2542770000000019
 30
0
 11
55.0027709999999956
 21
-71.2542770000000019
 31
0
  0
LINE
  5
427
330
1B
100
AcDbEntity
  8
F.Cu
  6
CONTINUOUS
100
AcDbLine
 10
55.0027709999999956
 20
-71.2542770000000019
 30
0
 11
55.0680189999999996
 21
-71.25
 31
0
  0
LINE
  5
428
330
1B
100
AcDbEntity
  8
F.Cu
  6
CONTINUOUS
100
AcDbLine
 10
55.0680189999999996
 20
-71.25
 30
0
 11
61.6084539999999947
 21
-71.25
 31
0
  0
LINE
  5
429
330
1B
100
AcDbEntity
  8
F.Cu
  6
CONTINUOUS
100
AcDbLine
 10
61.6084539999999947
 20
-71.25
 30
0
 11
67.4050000000000011
 21
-65.4534529999999961
 31
0
  0
LINE
  5
42A
330
1B
100
AcDbEntity
  8
F.Cu
  6
CONTINUOUS
100
AcDbLine
 10
67.4050000000000011
 20
-65.4534529999999961
 30
0
 11
67.4050000000000011
 21
-64.0865459999999985
 31
0
  0
LINE
  5
42B
330
1B
100
AcDbEntity
  8
F.Cu
  6
CONTINUOUS
100
AcDbLine
 10
67.4050000000000011
 20
-64.0865459999999985
 30
0
 11
62.2284539999999993
 21
-58.9099999999999966
 31
0
  0
LINE
  5
42C
330
1B
100
AcDbEntity
  8
F.Cu
  6
CONTINUOUS
100
AcDbLine
 10
62.2284539999999993
 20
-58.9099999999999966
 30
0
 11
57.3200000000000003
 21
-58.9099999999999966
 31
0
  0
LINE
  5
42D
330
1B
100
AcDbEntity
  8
F.Cu
  6
CONTINUOUS
100
AcDbLine
 10
57.3200000000000003
 20
-58.9099999999999966
 30
0
 11
57.2547519999999963
 21
-58.9057229999999947
 31
0
  0
LINE
  5
42E
330
1B
100
AcDbEntity
  8
F.Cu
  6
CONTINUOUS
100
AcDbLine
 10
57.2547519999999963
 20
-58.9057229999999947
 30
0
 11
57.2547369999999987
 21
-58.9057229999999947
 31
0
  0
LINE
  5
42F
330
1B
100
AcDbEntity
  8
F.Cu
  6
CONTINUOUS
100
AcDbLine
 10
57.2547369999999987
 20
-58.9057229999999947
 30
0
 11
57.1286579999999944
 21
-58.8719399999999951
 31
0
  0
LINE
  5
430
330
1B
100
AcDbEntity
  8
F.Cu
  6
CONTINUOUS
100
AcDbLine
 10
57.1286579999999944
 20
-58.8719399999999951
 30
0
 11
57.1241369999999975
 21
-58.8693299999999979
 31
0
  0
LINE
  5
431
330
1B
100
AcDbEntity
  8
F.Cu
  6
CONTINUOUS
100
AcDbLine
 10
57.1241369999999975
 20
-58.8693299999999979
 30
0
 11
57.0156190000000009
 21
-58.8066770000000005
 31
0
  0
LINE
  5
432
330
1B
100
AcDbEntity
  8
F.Cu
  6
CONTINUOUS
100
AcDbLine
 10
57.0156190000000009
 20
-58.8066770000000005
 30
0
 11
57.0156029999999987
 21
-58.8066609999999983
 31
0
  0
LINE
  5
433
330
1B
100
AcDbEntity
  8
F.Cu
  6
CONTINUOUS
100
AcDbLine
 10
57.0156029999999987
 20
-58.8066609999999983
 30
0
 11
56.9664469999999952
 21
-58.7635529999999946
 31
0
  0
LINE
  5
434
330
1B
100
AcDbEntity
  8
F.Cu
  6
CONTINUOUS
100
AcDbLine
 10
56.9664469999999952
 20
-58.7635529999999946
 30
0
 11
49.8164469999999966
 21
-51.613552999999996
 31
0
  0
LINE
  5
435
330
1B
100
AcDbEntity
  8
F.Cu
  6
CONTINUOUS
100
AcDbLine
 10
49.8164469999999966
 20
-51.613552999999996
 30
0
 11
49.7733379999999954
 21
-51.564395999999995
 31
0
  0
LINE
  5
436
330
1B
100
AcDbEntity
  8
F.Cu
  6
CONTINUOUS
100
AcDbLine
 10
49.7733379999999954
 20
-51.564395999999995
 30
0
 11
49.7733229999999978
 21
-51.5643809999999974
 31
0
  0
LINE
  5
437
330
1B
100
AcDbEntity
  8
F.Cu
  6
CONTINUOUS
100
AcDbLine
 10
49.7733229999999978
 20
-51.5643809999999974
 30
0
 11
49.7080599999999961
 21
-51.4513419999999968
 31
0
  0
LINE
  5
438
330
1B
100
AcDbEntity
  8
F.Cu
  6
CONTINUOUS
100
AcDbLine
 10
49.7080599999999961
 20
-51.4513419999999968
 30
0
 11
49.6742769999999965
 21
-51.3252629999999996
 31
0
  0
LINE
  5
439
330
1B
100
AcDbEntity
  8
F.Cu
  6
CONTINUOUS
100
AcDbLine
 10
49.6742769999999965
 20
-51.3252629999999996
 30
0
 11
49.6742769999999965
 21
-51.3252469999999974
 31
0
  0
LINE
  5
43A
330
1B
100
AcDbEntity
  8
F.Cu
  6
CONTINUOUS
100
AcDbLine
 10
49.6742769999999965
 20
-51.3252469999999974
 30
0
 11
49.6699999999999946
 21
-51.259999999999998
 31
0
  0
LINE
  5
43B
330
1B
100
AcDbEntity
  8
F.Cu
  6
CONTINUOUS
100
AcDbLine
 10
49.6699999999999946
 20
-51.259999999999998
 30
0
 11
49.6699999999999946
 21
-41.2265469999999965
 31
0
  0
LINE
  5
43C
330
1B
100
AcDbEntity
  8
F.Cu
  6
CONTINUOUS
100
AcDbLine
 10
49.6699999999999946
 20
-41.2265469999999965
 30
0
 11
48.7034529999999961
 21
-40.259999999999998
 31
0
  0
LINE
  5
43D
330
1B
100
AcDbEntity
  8
F.Cu
  6
CONTINUOUS
100
AcDbLine
 10
48.7034529999999961
 20
-40.259999999999998
 30
0
 11
46.259999999999998
 21
-40.259999999999998
 31
0
  0
LINE
  5
43E
330
1B
100
AcDbEntity
  8
F.Cu
  6
CONTINUOUS
100
AcDbLine
 10
46.259999999999998
 20
-40.259999999999998
 30
0
 11
46.1947520000000011
 21
-40.2557229999999961
 31
0
  0
LINE
  5
43F
330
1B
100
AcDbEntity
  8
F.Cu
  6
CONTINUOUS
100
AcDbLine
 10
46.1947520000000011
 20
-40.2557229999999961
 30
0
 11
46.1947369999999964
 21
-40.2557229999999961
 31
0
  0
LINE
  5
440
330
1B
100
AcDbEntity
  8
F.Cu
  6
CONTINUOUS
100
AcDbLine
 10
46.1947369999999964
 20
-40.2557229999999961
 30
0
 11
46.0686579999999992
 21
-40.2219399999999965
 31
0
  0
LINE
  5
441
330
1B
100
AcDbEntity
  8
F.Cu
  6
CONTINUOUS
100
AcDbLine
 10
46.0686579999999992
 20
-40.2219399999999965
 30
0
 11
45.9556189999999987
 21
-40.1566769999999948
 31
0
  0
LINE
  5
442
330
1B
100
AcDbEntity
  8
F.Cu
  6
CONTINUOUS
100
AcDbLine
 10
45.9556189999999987
 20
-40.1566769999999948
 30
0
 11
45.9556029999999964
 21
-40.1566609999999997
 31
0
  0
LINE
  5
443
330
1B
100
AcDbEntity
  8
F.Cu
  6
CONTINUOUS
100
AcDbLine
 10
45.9556029999999964
 20
-40.1566609999999997
 30
0
 11
45.906447
 21
-40.1135540000000006
 31
0
  0
LINE
  5
444
330
1B
100
AcDbEntity
  8
F.Cu
  6
CONTINUOUS
100
AcDbLine
 10
45.906447
 20
-40.1135540000000006
 30
0
 11
42.1719110000000015
 21
-36.3790169999999975
 31
0
  0
LINE
  5
445
330
1B
100
AcDbEntity
  8
F.Cu
  6
CONTINUOUS
100
AcDbLine
 10
42.1719110000000015
 20
-36.3790169999999975
 30
0
 11
42.0882149999999982
 21
-36.3956659999999985
 31
0
  0
LINE
  5
446
330
1B
100
AcDbEntity
  8
F.Cu
  6
CONTINUOUS
100
AcDbLine
 10
42.0882149999999982
 20
-36.3956659999999985
 30
0
 11
41.9117849999999947
 21
-36.3956659999999985
 31
0
  0
LINE
  5
447
330
1B
100
AcDbEntity
  8
F.Cu
  6
CONTINUOUS
100
AcDbLine
 10
41.9117849999999947
 20
-36.3956659999999985
 30
0
 11
41.738743999999997
 21
-36.3612460000000013
 31
0
  0
LINE
  5
448
330
1B
100
AcDbEntity
  8
F.Cu
  6
CONTINUOUS
100
AcDbLine
 10
41.738743999999997
 20
-36.3612460000000013
 30
0
 11
41.5757429999999957
 21
-36.293728999999999
 31
0
  0
LINE
  5
449
330
1B
100
AcDbEntity
  8
F.Cu
  6
CONTINUOUS
100
AcDbLine
 10
41.5757429999999957
 20
-36.293728999999999
 30
0
 11
41.4290459999999996
 21
-36.1957090000000008
 31
0
  0
LINE
  5
44A
330
1B
100
AcDbEntity
  8
F.Cu
  6
CONTINUOUS
100
AcDbLine
 10
41.4290459999999996
 20
-36.1957090000000008
 30
0
 11
41.3042909999999992
 21
-36.0709540000000004
 31
0
  0
LINE
  5
44B
330
1B
100
AcDbEntity
  8
F.Cu
  6
CONTINUOUS
100
AcDbLine
 10
41.3042909999999992
 20
-36.0709540000000004
 30
0
 11
41.206271000000001
 21
-35.9242569999999972
 31
0
  0
LINE
  5
44C
330
1B
100
AcDbEntity
  8
F.Cu
  6
CONTINUOUS
100
AcDbLine
 10
41.206271000000001
 20
-35.9242569999999972
 30
0
 11
41.1387539999999987
 21
-35.7612559999999959
 31
0
  0
LINE
  5
44D
330
1B
100
AcDbEntity
  8
F.Cu
  6
CONTINUOUS
100
AcDbLine
 10
41.1387539999999987
 20
-35.7612559999999959
 30
0
 11
41.1043340000000015
 21
-35.5882149999999982
 31
0
  0
LINE
  5
44E
330
1B
100
AcDbEntity
  8
F.Cu
  6
CONTINUOUS
100
AcDbLine
 10
41.1043340000000015
 20
-35.5882149999999982
 30
0
 11
41.1043340000000015
 21
-35.4117850000000018
 31
0
  0
LINE
  5
44F
330
1B
100
AcDbEntity
  8
F.Cu
  6
CONTINUOUS
100
AcDbLine
 10
41.1043340000000015
 20
-35.4117850000000018
 30
0
 11
41.1387539999999987
 21
-35.238743999999997
 31
0
  0
LINE
  5
450
330
1B
100
AcDbEntity
  8
F.Cu
  6
CONTINUOUS
100
AcDbLine
 10
41.1387539999999987
 20
-35.238743999999997
 30
0
 11
41.206271000000001
 21
-35.0757429999999957
 31
0
  0
LINE
  5
451
330
1B
100
AcDbEntity
  8
F.Cu
  6
CONTINUOUS
100
AcDbLine
 10
41.206271000000001
 20
-35.0757429999999957
 30
0
 11
41.3042909999999992
 21
-34.9290459999999996
 31
0
  0
LINE
  5
452
330
1B
100
AcDbEntity
  8
F.Cu
  6
CONTINUOUS
100
AcDbLine
 10
41.3042909999999992
 20
-34.9290459999999996
 30
0
 11
41.4290459999999996
 21
-34.8042909999999992
 31
0
  0
LINE
  5
453
330
1B
100
AcDbEntity
  8
F.Cu
  6
CONTINUOUS
100
AcDbLine
 10
41.4290459999999996
 20
-34.8042909999999992
 30
0
 11
41.5757429999999957
 21
-34.706271000000001
 31
0
  0
LINE
  5
454
330
1B
100
AcDbEntity
  8
F.Cu
  6
CONTINUOUS
100
AcDbLine
 10
41.5757429999999957
 20
-34.706271000000001
 30
0
 11
41.738743999999997
 21
-34.6387539999999987
 31
0
  0
LINE
  5
455
330
1B
100
AcDbEntity
  8
F.Cu
  6
CONTINUOUS
100
AcDbLine
 10
41.738743999999997
 20
-34.6387539999999987
 30
0
 11
41.9117849999999947
 21
-34.6043340000000015
 31
0
  0
LINE
  5
456
330
1B
100
AcDbEntity
  8
F.Cu
  6
CONTINUOUS
100
AcDbLine
 10
41.9117849999999947
 20
-34.6043340000000015
 30
0
 11
42.0882149999999982
 21
-34.6043340000000015
 31
0
  0
LINE
  5
457
330
1B
100
AcDbEntity
  8
F.Cu
  6
CONTINUOUS
100
AcDbLine
 10
42.0882149999999982
 20
-34.6043340000000015
 30
0
 11
42.2612559999999959
 21
-34.6387539999999987
 31
0
  0
LINE
  5
458
330
1B
100
AcDbEntity
  8
F.Cu
  6
CONTINUOUS
100
AcDbLine
 10
69.2924999999999898
 20
-77.5499999999999972
 30
0
 11
67.5925000000000011
 21
-77.5499999999999972
 31
0
  0
LINE
  5
459
330
1B
100
AcDbEntity
  8
F.Cu
  6
CONTINUOUS
100
AcDbLine
 10
67.5925000000000011
 20
-77.5499999999999972
 30
0
 11
67.5925000000000011
 21
-75.8499999999999943
 31
0
  0
LINE
  5
45A
330
1B
100
AcDbEntity
  8
F.Cu
  6
CONTINUOUS
100
AcDbLine
 10
67.5925000000000011
 20
-75.8499999999999943
 30
0
 11
69.2924999999999898
 21
-75.8499999999999943
 31
0
  0
LINE
  5
45B
330
1B
100
AcDbEntity
  8
F.Cu
  6
CONTINUOUS
100
AcDbLine
 10
69.2924999999999898
 20
-75.8499999999999943
 30
0
 11
69.2924999999999898
 21
-77.5499999999999972
 31
0
  0
LINE
  5
45C
330
1B
100
AcDbEntity
  8
F.Cu
  6
CONTINUOUS
100
AcDbLine
 10
63.6092419999999947
 20
-75.8866009999999989
 30
0
 11
63.763186999999995
 21
-75.950367
 31
0
  0
LINE
  5
45D
330
1B
100
AcDbEntity
  8
F.Cu
  6
CONTINUOUS
100
AcDbLine
 10
63.763186999999995
 20
-75.950367
 30
0
 11
63.9017339999999976
 21
-76.042940999999999
 31
0
  0
LINE
  5
45E
330
1B
100
AcDbEntity
  8
F.Cu
  6
CONTINUOUS
100
AcDbLine
 10
63.9017339999999976
 20
-76.042940999999999
 30
0
 11
64.019559000000001
 21
-76.1607659999999953
 31
0
  0
LINE
  5
45F
330
1B
100
AcDbEntity
  8
F.Cu
  6
CONTINUOUS
100
AcDbLine
 10
64.019559000000001
 20
-76.1607659999999953
 30
0
 11
64.112133
 21
-76.2993129999999979
 31
0
  0
LINE
  5
460
330
1B
100
AcDbEntity
  8
F.Cu
  6
CONTINUOUS
100
AcDbLine
 10
64.112133
 20
-76.2993129999999979
 30
0
 11
64.1758990000000011
 21
-76.4532579999999911
 31
0
  0
LINE
  5
461
330
1B
100
AcDbEntity
  8
F.Cu
  6
CONTINUOUS
100
AcDbLine
 10
64.1758990000000011
 20
-76.4532579999999911
 30
0
 11
64.208406999999994
 21
-76.6166849999999897
 31
0
  0
LINE
  5
462
330
1B
100
AcDbEntity
  8
F.Cu
  6
CONTINUOUS
100
AcDbLine
 10
64.208406999999994
 20
-76.6166849999999897
 30
0
 11
64.208406999999994
 21
-76.7833150000000018
 31
0
  0
LINE
  5
463
330
1B
100
AcDbEntity
  8
F.Cu
  6
CONTINUOUS
100
AcDbLine
 10
64.208406999999994
 20
-76.7833150000000018
 30
0
 11
64.1758990000000011
 21
-76.9467420000000004
 31
0
  0
LINE
  5
464
330
1B
100
AcDbEntity
  8
F.Cu
  6
CONTINUOUS
100
AcDbLine
 10
64.1758990000000011
 20
-76.9467420000000004
 30
0
 11
64.112133
 21
-77.1006869999999935
 31
0
  0
LINE
  5
465
330
1B
100
AcDbEntity
  8
F.Cu
  6
CONTINUOUS
100
AcDbLine
 10
64.112133
 20
-77.1006869999999935
 30
0
 11
64.019559000000001
 21
-77.2392339999999962
 31
0
  0
LINE
  5
466
330
1B
100
AcDbEntity
  8
F.Cu
  6
CONTINUOUS
100
AcDbLine
 10
64.019559000000001
 20
-77.2392339999999962
 30
0
 11
63.9017339999999976
 21
-77.3570589999999925
 31
0
  0
LINE
  5
467
330
1B
100
AcDbEntity
  8
F.Cu
  6
CONTINUOUS
100
AcDbLine
 10
63.9017339999999976
 20
-77.3570589999999925
 30
0
 11
63.763186999999995
 21
-77.4496329999999915
 31
0
  0
LINE
  5
468
330
1B
100
AcDbEntity
  8
F.Cu
  6
CONTINUOUS
100
AcDbLine
 10
63.763186999999995
 20
-77.4496329999999915
 30
0
 11
63.6092419999999947
 21
-77.5133989999999926
 31
0
  0
LINE
  5
469
330
1B
100
AcDbEntity
  8
F.Cu
  6
CONTINUOUS
100
AcDbLine
 10
63.6092419999999947
 20
-77.5133989999999926
 30
0
 11
63.4458149999999961
 21
-77.5459069999999997
 31
0
  0
LINE
  5
46A
330
1B
100
AcDbEntity
  8
F.Cu
  6
CONTINUOUS
100
AcDbLine
 10
63.4458149999999961
 20
-77.5459069999999997
 30
0
 11
63.2791849999999982
 21
-77.5459069999999997
 31
0
  0
LINE
  5
46B
330
1B
100
AcDbEntity
  8
F.Cu
  6
CONTINUOUS
100
AcDbLine
 10
63.2791849999999982
 20
-77.5459069999999997
 30
0
 11
63.1157579999999996
 21
-77.5133989999999926
 31
0
  0
LINE
  5
46C
330
1B
100
AcDbEntity
  8
F.Cu
  6
CONTINUOUS
100
AcDbLine
 10
63.1157579999999996
 20
-77.5133989999999926
 30
0
 11
62.9618129999999994
 21
-77.4496329999999915
 31
0
  0
LINE
  5
46D
330
1B
100
AcDbEntity
  8
F.Cu
  6
CONTINUOUS
100
AcDbLine
 10
62.9618129999999994
 20
-77.4496329999999915
 30
0
 11
62.8232659999999967
 21
-77.3570589999999925
 31
0
  0
LINE
  5
46E
330
1B
100
AcDbEntity
  8
F.Cu
  6
CONTINUOUS
100
AcDbLine
 10
62.8232659999999967
 20
-77.3570589999999925
 30
0
 11
62.7054410000000004
 21
-77.2392339999999962
 31
0
  0
LINE
  5
46F
330
1B
100
AcDbEntity
  8
F.Cu
  6
CONTINUOUS
100
AcDbLine
 10
62.7054410000000004
 20
-77.2392339999999962
 30
0
 11
62.6128669999999943
 21
-77.1006869999999935
 31
0
  0
LINE
  5
470
330
1B
100
AcDbEntity
  8
F.Cu
  6
CONTINUOUS
100
AcDbLine
 10
62.6128669999999943
 20
-77.1006869999999935
 30
0
 11
62.5491010000000003
 21
-76.9467420000000004
 31
0
  0
LINE
  5
471
330
1B
100
AcDbEntity
  8
F.Cu
  6
CONTINUOUS
100
AcDbLine
 10
62.5491010000000003
 20
-76.9467420000000004
 30
0
 11
62.5165930000000003
 21
-76.7833150000000018
 31
0
  0
LINE
  5
472
330
1B
100
AcDbEntity
  8
F.Cu
  6
CONTINUOUS
100
AcDbLine
 10
62.5165930000000003
 20
-76.7833150000000018
 30
0
 11
62.5165930000000003
 21
-76.6166849999999897
 31
0
  0
LINE
  5
473
330
1B
100
AcDbEntity
  8
F.Cu
  6
CONTINUOUS
100
AcDbLine
 10
62.5165930000000003
 20
-76.6166849999999897
 30
0
 11
62.5491010000000003
 21
-76.4532579999999911
 31
0
  0
LINE
  5
474
330
1B
100
AcDbEntity
  8
F.Cu
  6
CONTINUOUS
100
AcDbLine
 10
62.5491010000000003
 20
-76.4532579999999911
 30
0
 11
62.6128669999999943
 21
-76.2993129999999979
 31
0
  0
LINE
  5
475
330
1B
100
AcDbEntity
  8
F.Cu
  6
CONTINUOUS
100
AcDbLine
 10
62.6128669999999943
 20
-76.2993129999999979
 30
0
 11
62.7054410000000004
 21
-76.1607659999999953
 31
0
  0
LINE
  5
476
330
1B
100
AcDbEntity
  8
F.Cu
  6
CONTINUOUS
100
AcDbLine
 10
62.7054410000000004
 20
-76.1607659999999953
 30
0
 11
62.8232659999999967
 21
-76.042940999999999
 31
0
  0
LINE
  5
477
330
1B
100
AcDbEntity
  8
F.Cu
  6
CONTINUOUS
100
AcDbLine
 10
62.8232659999999967
 20
-76.042940999999999
 30
0
 11
62.9618129999999994
 21
-75.950367
 31
0
  0
LINE
  5
478
330
1B
100
AcDbEntity
  8
F.Cu
  6
CONTINUOUS
100
AcDbLine
 10
62.9618129999999994
 20
-75.950367
 30
0
 11
63.1157579999999996
 21
-75.8866009999999989
 31
0
  0
LINE
  5
479
330
1B
100
AcDbEntity
  8
F.Cu
  6
CONTINUOUS
100
AcDbLine
 10
63.1157579999999996
 20
-75.8866009999999989
 30
0
 11
63.2791849999999982
 21
-75.8540929999999918
 31
0
  0
LINE
  5
47A
330
1B
100
AcDbEntity
  8
F.Cu
  6
CONTINUOUS
100
AcDbLine
 10
63.2791849999999982
 20
-75.8540929999999918
 30
0
 11
63.4458149999999961
 21
-75.8540929999999918
 31
0
  0
LINE
  5
47B
330
1B
100
AcDbEntity
  8
F.Cu
  6
CONTINUOUS
100
AcDbLine
 10
63.4458149999999961
 20
-75.8540929999999918
 30
0
 11
63.6092419999999947
 21
-75.8866009999999989
 31
0
  0
LINE
  5
47C
330
1B
100
AcDbEntity
  8
F.Cu
  6
CONTINUOUS
100
AcDbLine
 10
66.149242000000001
 20
-75.8866009999999989
 30
0
 11
66.3031869999999941
 21
-75.950367
 31
0
  0
LINE
  5
47D
330
1B
100
AcDbEntity
  8
F.Cu
  6
CONTINUOUS
100
AcDbLine
 10
66.3031869999999941
 20
-75.950367
 30
0
 11
66.4417339999999967
 21
-76.042940999999999
 31
0
  0
LINE
  5
47E
330
1B
100
AcDbEntity
  8
F.Cu
  6
CONTINUOUS
100
AcDbLine
 10
66.4417339999999967
 20
-76.042940999999999
 30
0
 11
66.559558999999993
 21
-76.1607659999999953
 31
0
  0
LINE
  5
47F
330
1B
100
AcDbEntity
  8
F.Cu
  6
CONTINUOUS
100
AcDbLine
 10
66.559558999999993
 20
-76.1607659999999953
 30
0
 11
66.6521329999999921
 21
-76.2993129999999979
 31
0
  0
LINE
  5
480
330
1B
100
AcDbEntity
  8
F.Cu
  6
CONTINUOUS
100
AcDbLine
 10
66.6521329999999921
 20
-76.2993129999999979
 30
0
 11
66.7158989999999932
 21
-76.4532579999999911
 31
0
  0
LINE
  5
481
330
1B
100
AcDbEntity
  8
F.Cu
  6
CONTINUOUS
100
AcDbLine
 10
66.7158989999999932
 20
-76.4532579999999911
 30
0
 11
66.7484070000000003
 21
-76.6166849999999897
 31
0
  0
LINE
  5
482
330
1B
100
AcDbEntity
  8
F.Cu
  6
CONTINUOUS
100
AcDbLine
 10
66.7484070000000003
 20
-76.6166849999999897
 30
0
 11
66.7484070000000003
 21
-76.7833150000000018
 31
0
  0
LINE
  5
483
330
1B
100
AcDbEntity
  8
F.Cu
  6
CONTINUOUS
100
AcDbLine
 10
66.7484070000000003
 20
-76.7833150000000018
 30
0
 11
66.7158989999999932
 21
-76.9467420000000004
 31
0
  0
LINE
  5
484
330
1B
100
AcDbEntity
  8
F.Cu
  6
CONTINUOUS
100
AcDbLine
 10
66.7158989999999932
 20
-76.9467420000000004
 30
0
 11
66.6521329999999921
 21
-77.1006869999999935
 31
0
  0
LINE
  5
485
330
1B
100
AcDbEntity
  8
F.Cu
  6
CONTINUOUS
100
AcDbLine
 10
66.6521329999999921
 20
-77.1006869999999935
 30
0
 11
66.559558999999993
 21
-77.2392339999999962
 31
0
  0
LINE
  5
486
330
1B
100
AcDbEntity
  8
F.Cu
  6
CONTINUOUS
100
AcDbLine
 10
66.559558999999993
 20
-77.2392339999999962
 30
0
 11
66.4417339999999967
 21
-77.3570589999999925
 31
0
  0
LINE
  5
487
330
1B
100
AcDbEntity
  8
F.Cu
  6
CONTINUOUS
100
AcDbLine
 10
66.4417339999999967
 20
-77.3570589999999925
 30
0
 11
66.3031869999999941
 21
-77.4496329999999915
 31
0
  0
LINE
  5
488
330
1B
100
AcDbEntity
  8
F.Cu
  6
CONTINUOUS
100
AcDbLine
 10
66.3031869999999941
 20
-77.4496329999999915
 30
0
 11
66.149242000000001
 21
-77.5133989999999926
 31
0
  0
LINE
  5
489
330
1B
100
AcDbEntity
  8
F.Cu
  6
CONTINUOUS
100
AcDbLine
 10
66.149242000000001
 20
-77.5133989999999926
 30
0
 11
65.9858150000000023
 21
-77.5459069999999997
 31
0
  0
LINE
  5
48A
330
1B
100
AcDbEntity
  8
F.Cu
  6
CONTINUOUS
100
AcDbLine
 10
65.9858150000000023
 20
-77.5459069999999997
 30
0
 11
65.8191849999999903
 21
-77.5459069999999997
 31
0
  0
LINE
  5
48B
330
1B
100
AcDbEntity
  8
F.Cu
  6
CONTINUOUS
100
AcDbLine
 10
65.8191849999999903
 20
-77.5459069999999997
 30
0
 11
65.6557579999999916
 21
-77.5133989999999926
 31
0
  0
LINE
  5
48C
330
1B
100
AcDbEntity
  8
F.Cu
  6
CONTINUOUS
100
AcDbLine
 10
65.6557579999999916
 20
-77.5133989999999926
 30
0
 11
65.5018129999999985
 21
-77.4496329999999915
 31
0
  0
LINE
  5
48D
330
1B
100
AcDbEntity
  8
F.Cu
  6
CONTINUOUS
100
AcDbLine
 10
65.5018129999999985
 20
-77.4496329999999915
 30
0
 11
65.3632659999999959
 21
-77.3570589999999925
 31
0
  0
LINE
  5
48E
330
1B
100
AcDbEntity
  8
F.Cu
  6
CONTINUOUS
100
AcDbLine
 10
65.3632659999999959
 20
-77.3570589999999925
 30
0
 11
65.2454409999999996
 21
-77.2392339999999962
 31
0
  0
LINE
  5
48F
330
1B
100
AcDbEntity
  8
F.Cu
  6
CONTINUOUS
100
AcDbLine
 10
65.2454409999999996
 20
-77.2392339999999962
 30
0
 11
65.1528670000000005
 21
-77.1006869999999935
 31
0
  0
LINE
  5
490
330
1B
100
AcDbEntity
  8
F.Cu
  6
CONTINUOUS
100
AcDbLine
 10
65.1528670000000005
 20
-77.1006869999999935
 30
0
 11
65.0891009999999994
 21
-76.9467420000000004
 31
0
  0
LINE
  5
491
330
1B
100
AcDbEntity
  8
F.Cu
  6
CONTINUOUS
100
AcDbLine
 10
65.0891009999999994
 20
-76.9467420000000004
 30
0
 11
65.0565929999999923
 21
-76.7833150000000018
 31
0
  0
LINE
  5
492
330
1B
100
AcDbEntity
  8
F.Cu
  6
CONTINUOUS
100
AcDbLine
 10
65.0565929999999923
 20
-76.7833150000000018
 30
0
 11
65.0565929999999923
 21
-76.6166849999999897
 31
0
  0
LINE
  5
493
330
1B
100
AcDbEntity
  8
F.Cu
  6
CONTINUOUS
100
AcDbLine
 10
65.0565929999999923
 20
-76.6166849999999897
 30
0
 11
65.0891009999999994
 21
-76.4532579999999911
 31
0
  0
LINE
  5
494
330
1B
100
AcDbEntity
  8
F.Cu
  6
CONTINUOUS
100
AcDbLine
 10
65.0891009999999994
 20
-76.4532579999999911
 30
0
 11
65.1528670000000005
 21
-76.2993129999999979
 31
0
  0
LINE
  5
495
330
1B
100
AcDbEntity
  8
F.Cu
  6
CONTINUOUS
100
AcDbLine
 10
65.1528670000000005
 20
-76.2993129999999979
 30
0
 11
65.2454409999999996
 21
-76.1607659999999953
 31
0
  0
LINE
  5
496
330
1B
100
AcDbEntity
  8
F.Cu
  6
CONTINUOUS
100
AcDbLine
 10
65.2454409999999996
 20
-76.1607659999999953
 30
0
 11
65.3632659999999959
 21
-76.042940999999999
 31
0
  0
LINE
  5
497
330
1B
100
AcDbEntity
  8
F.Cu
  6
CONTINUOUS
100
AcDbLine
 10
65.3632659999999959
 20
-76.042940999999999
 30
0
 11
65.5018129999999985
 21
-75.950367
 31
0
  0
LINE
  5
498
330
1B
100
AcDbEntity
  8
F.Cu
  6
CONTINUOUS
100
AcDbLine
 10
65.5018129999999985
 20
-75.950367
 30
0
 11
65.6557579999999916
 21
-75.8866009999999989
 31
0
  0
LINE
  5
499
330
1B
100
AcDbEntity
  8
F.Cu
  6
CONTINUOUS
100
AcDbLine
 10
65.6557579999999916
 20
-75.8866009999999989
 30
0
 11
65.8191849999999903
 21
-75.8540929999999918
 31
0
  0
LINE
  5
49A
330
1B
100
AcDbEntity
  8
F.Cu
  6
CONTINUOUS
100
AcDbLine
 10
65.8191849999999903
 20
-75.8540929999999918
 30
0
 11
65.9858150000000023
 21
-75.8540929999999918
 31
0
  0
LINE
  5
49B
330
1B
100
AcDbEntity
  8
F.Cu
  6
CONTINUOUS
100
AcDbLine
 10
65.9858150000000023
 20
-75.8540929999999918
 30
0
 11
66.149242000000001
 21
-75.8866009999999989
 31
0
  0
LINE
  5
49C
330
1B
100
AcDbEntity
  8
F.Cu
  6
CONTINUOUS
100
AcDbLine
 10
84.261256000000003
 20
-60.6387539999999987
 30
0
 11
84.4242569999999972
 21
-60.7062709999999939
 31
0
  0
LINE
  5
49D
330
1B
100
AcDbEntity
  8
F.Cu
  6
CONTINUOUS
100
AcDbLine
 10
84.4242569999999972
 20
-60.7062709999999939
 30
0
 11
84.5709540000000004
 21
-60.8042909999999992
 31
0
  0
LINE
  5
49E
330
1B
100
AcDbEntity
  8
F.Cu
  6
CONTINUOUS
100
AcDbLine
 10
84.5709540000000004
 20
-60.8042909999999992
 30
0
 11
84.6957089999999937
 21
-60.9290459999999996
 31
0
  0
LINE
  5
49F
330
1B
100
AcDbEntity
  8
F.Cu
  6
CONTINUOUS
100
AcDbLine
 10
84.6957089999999937
 20
-60.9290459999999996
 30
0
 11
84.793728999999999
 21
-61.0757429999999957
 31
0
  0
LINE
  5
4A0
330
1B
100
AcDbEntity
  8
F.Cu
  6
CONTINUOUS
100
AcDbLine
 10
84.793728999999999
 20
-61.0757429999999957
 30
0
 11
84.8612459999999942
 21
-61.238743999999997
 31
0
  0
LINE
  5
4A1
330
1B
100
AcDbEntity
  8
F.Cu
  6
CONTINUOUS
100
AcDbLine
 10
84.8612459999999942
 20
-61.238743999999997
 30
0
 11
84.8956659999999914
 21
-61.4117849999999947
 31
0
  0
LINE
  5
4A2
330
1B
100
AcDbEntity
  8
F.Cu
  6
CONTINUOUS
100
AcDbLine
 10
84.8956659999999914
 20
-61.4117849999999947
 30
0
 11
84.8956659999999914
 21
-61.5882149999999982
 31
0
  0
LINE
  5
4A3
330
1B
100
AcDbEntity
  8
F.Cu
  6
CONTINUOUS
100
AcDbLine
 10
84.8956659999999914
 20
-61.5882149999999982
 30
0
 11
84.8612459999999942
 21
-61.7612559999999959
 31
0
  0
LINE
  5
4A4
330
1B
100
AcDbEntity
  8
F.Cu
  6
CONTINUOUS
100
AcDbLine
 10
84.8612459999999942
 20
-61.7612559999999959
 30
0
 11
84.793728999999999
 21
-61.9242569999999972
 31
0
  0
LINE
  5
4A5
330
1B
100
AcDbEntity
  8
F.Cu
  6
CONTINUOUS
100
AcDbLine
 10
84.793728999999999
 20
-61.9242569999999972
 30
0
 11
84.6957089999999937
 21
-62.0709540000000004
 31
0
  0
LINE
  5
4A6
330
1B
100
AcDbEntity
  8
F.Cu
  6
CONTINUOUS
100
AcDbLine
 10
84.6957089999999937
 20
-62.0709540000000004
 30
0
 11
84.5709540000000004
 21
-62.1957089999999937
 31
0
  0
LINE
  5
4A7
330
1B
100
AcDbEntity
  8
F.Cu
  6
CONTINUOUS
100
AcDbLine
 10
84.5709540000000004
 20
-62.1957089999999937
 30
0
 11
84.5
 21
-62.2431190000000001
 31
0
  0
LINE
  5
4A8
330
1B
100
AcDbEntity
  8
F.Cu
  6
CONTINUOUS
100
AcDbLine
 10
84.5
 20
-62.2431190000000001
 30
0
 11
84.5
 21
-64.4941900000000032
 31
0
  0
LINE
  5
4A9
330
1B
100
AcDbEntity
  8
F.Cu
  6
CONTINUOUS
100
AcDbLine
 10
84.5
 20
-64.4941900000000032
 30
0
 11
84.5180519999999973
 21
-64.5377720000000039
 31
0
  0
LINE
  5
4AA
330
1B
100
AcDbEntity
  8
F.Cu
  6
CONTINUOUS
100
AcDbLine
 10
84.5180519999999973
 20
-64.5377720000000039
 30
0
 11
84.548648
 21
-64.6915860000000009
 31
0
  0
LINE
  5
4AB
330
1B
100
AcDbEntity
  8
F.Cu
  6
CONTINUOUS
100
AcDbLine
 10
84.548648
 20
-64.6915860000000009
 30
0
 11
84.548648
 21
-64.8484139999999911
 31
0
  0
LINE
  5
4AC
330
1B
100
AcDbEntity
  8
F.Cu
  6
CONTINUOUS
100
AcDbLine
 10
84.548648
 20
-64.8484139999999911
 30
0
 11
84.5180519999999973
 21
-65.0022280000000023
 31
0
  0
LINE
  5
4AD
330
1B
100
AcDbEntity
  8
F.Cu
  6
CONTINUOUS
100
AcDbLine
 10
84.5180519999999973
 20
-65.0022280000000023
 30
0
 11
84.5
 21
-65.0458089999999913
 31
0
  0
LINE
  5
4AE
330
1B
100
AcDbEntity
  8
F.Cu
  6
CONTINUOUS
100
AcDbLine
 10
84.5
 20
-65.0458089999999913
 30
0
 11
84.5
 21
-74.2568799999999953
 31
0
  0
LINE
  5
4AF
330
1B
100
AcDbEntity
  8
F.Cu
  6
CONTINUOUS
100
AcDbLine
 10
84.5
 20
-74.2568799999999953
 30
0
 11
84.5709540000000004
 21
-74.3042909999999921
 31
0
  0
LINE
  5
4B0
330
1B
100
AcDbEntity
  8
F.Cu
  6
CONTINUOUS
100
AcDbLine
 10
84.5709540000000004
 20
-74.3042909999999921
 30
0
 11
84.6957089999999937
 21
-74.4290459999999996
 31
0
  0
LINE
  5
4B1
330
1B
100
AcDbEntity
  8
F.Cu
  6
CONTINUOUS
100
AcDbLine
 10
84.6957089999999937
 20
-74.4290459999999996
 30
0
 11
84.793728999999999
 21
-74.5757430000000028
 31
0
  0
LINE
  5
4B2
330
1B
100
AcDbEntity
  8
F.Cu
  6
CONTINUOUS
100
AcDbLine
 10
84.793728999999999
 20
-74.5757430000000028
 30
0
 11
84.8612459999999942
 21
-74.738743999999997
 31
0
  0
LINE
  5
4B3
330
1B
100
AcDbEntity
  8
F.Cu
  6
CONTINUOUS
100
AcDbLine
 10
84.8612459999999942
 20
-74.738743999999997
 30
0
 11
84.8956659999999914
 21
-74.9117849999999947
 31
0
  0
LINE
  5
4B4
330
1B
100
AcDbEntity
  8
F.Cu
  6
CONTINUOUS
100
AcDbLine
 10
84.8956659999999914
 20
-74.9117849999999947
 30
0
 11
84.8956659999999914
 21
-75.0882149999999911
 31
0
  0
LINE
  5
4B5
330
1B
100
AcDbEntity
  8
F.Cu
  6
CONTINUOUS
100
AcDbLine
 10
84.8956659999999914
 20
-75.0882149999999911
 30
0
 11
84.8612459999999942
 21
-75.261256000000003
 31
0
  0
LINE
  5
4B6
330
1B
100
AcDbEntity
  8
F.Cu
  6
CONTINUOUS
100
AcDbLine
 10
84.8612459999999942
 20
-75.261256000000003
 30
0
 11
84.793728999999999
 21
-75.4242569999999972
 31
0
  0
LINE
  5
4B7
330
1B
100
AcDbEntity
  8
F.Cu
  6
CONTINUOUS
100
AcDbLine
 10
84.793728999999999
 20
-75.4242569999999972
 30
0
 11
84.6957089999999937
 21
-75.5709540000000004
 31
0
  0
LINE
  5
4B8
330
1B
100
AcDbEntity
  8
F.Cu
  6
CONTINUOUS
100
AcDbLine
 10
84.6957089999999937
 20
-75.5709540000000004
 30
0
 11
84.5709540000000004
 21
-75.6957089999999937
 31
0
  0
LINE
  5
4B9
330
1B
100
AcDbEntity
  8
F.Cu
  6
CONTINUOUS
100
AcDbLine
 10
84.5709540000000004
 20
-75.6957089999999937
 30
0
 11
84.4242569999999972
 21
-75.793728999999999
 31
0
  0
LINE
  5
4BA
330
1B
100
AcDbEntity
  8
F.Cu
  6
CONTINUOUS
100
AcDbLine
 10
84.4242569999999972
 20
-75.793728999999999
 30
0
 11
84.261256000000003
 21
-75.8612459999999942
 31
0
  0
LINE
  5
4BB
330
1B
100
AcDbEntity
  8
F.Cu
  6
CONTINUOUS
100
AcDbLine
 10
84.261256000000003
 20
-75.8612459999999942
 30
0
 11
84.0882149999999911
 21
-75.8956659999999914
 31
0
  0
LINE
  5
4BC
330
1B
100
AcDbEntity
  8
F.Cu
  6
CONTINUOUS
100
AcDbLine
 10
84.0882149999999911
 20
-75.8956659999999914
 30
0
 11
83.9117849999999947
 21
-75.8956659999999914
 31
0
  0
LINE
  5
4BD
330
1B
100
AcDbEntity
  8
F.Cu
  6
CONTINUOUS
100
AcDbLine
 10
83.9117849999999947
 20
-75.8956659999999914
 30
0
 11
83.738743999999997
 21
-75.8612459999999942
 31
0
  0
LINE
  5
4BE
330
1B
100
AcDbEntity
  8
F.Cu
  6
CONTINUOUS
100
AcDbLine
 10
83.738743999999997
 20
-75.8612459999999942
 30
0
 11
83.5757430000000028
 21
-75.793728999999999
 31
0
  0
LINE
  5
4BF
330
1B
100
AcDbEntity
  8
F.Cu
  6
CONTINUOUS
100
AcDbLine
 10
83.5757430000000028
 20
-75.793728999999999
 30
0
 11
83.4290459999999996
 21
-75.6957089999999937
 31
0
  0
LINE
  5
4C0
330
1B
100
AcDbEntity
  8
F.Cu
  6
CONTINUOUS
100
AcDbLine
 10
83.4290459999999996
 20
-75.6957089999999937
 30
0
 11
83.3042909999999921
 21
-75.5709540000000004
 31
0
  0
LINE
  5
4C1
330
1B
100
AcDbEntity
  8
F.Cu
  6
CONTINUOUS
100
AcDbLine
 10
83.3042909999999921
 20
-75.5709540000000004
 30
0
 11
83.206271000000001
 21
-75.4242569999999972
 31
0
  0
LINE
  5
4C2
330
1B
100
AcDbEntity
  8
F.Cu
  6
CONTINUOUS
100
AcDbLine
 10
83.206271000000001
 20
-75.4242569999999972
 30
0
 11
83.1387539999999916
 21
-75.261256000000003
 31
0
  0
LINE
  5
4C3
330
1B
100
AcDbEntity
  8
F.Cu
  6
CONTINUOUS
100
AcDbLine
 10
83.1387539999999916
 20
-75.261256000000003
 30
0
 11
83.1043339999999944
 21
-75.0882149999999911
 31
0
  0
LINE
  5
4C4
330
1B
100
AcDbEntity
  8
F.Cu
  6
CONTINUOUS
100
AcDbLine
 10
83.1043339999999944
 20
-75.0882149999999911
 30
0
 11
83.1043339999999944
 21
-74.9117849999999947
 31
0
  0
LINE
  5
4C5
330
1B
100
AcDbEntity
  8
F.Cu
  6
CONTINUOUS
100
AcDbLine
 10
83.1043339999999944
 20
-74.9117849999999947
 30
0
 11
83.1387539999999916
 21
-74.738743999999997
 31
0
  0
LINE
  5
4C6
330
1B
100
AcDbEntity
  8
F.Cu
  6
CONTINUOUS
100
AcDbLine
 10
83.1387539999999916
 20
-74.738743999999997
 30
0
 11
83.206271000000001
 21
-74.5757430000000028
 31
0
  0
LINE
  5
4C7
330
1B
100
AcDbEntity
  8
F.Cu
  6
CONTINUOUS
100
AcDbLine
 10
83.206271000000001
 20
-74.5757430000000028
 30
0
 11
83.3042909999999921
 21
-74.4290459999999996
 31
0
  0
LINE
  5
4C8
330
1B
100
AcDbEntity
  8
F.Cu
  6
CONTINUOUS
100
AcDbLine
 10
83.3042909999999921
 20
-74.4290459999999996
 30
0
 11
83.4290459999999996
 21
-74.3042909999999921
 31
0
  0
LINE
  5
4C9
330
1B
100
AcDbEntity
  8
F.Cu
  6
CONTINUOUS
100
AcDbLine
 10
83.4290459999999996
 20
-74.3042909999999921
 30
0
 11
83.5
 21
-74.2568799999999953
 31
0
  0
LINE
  5
4CA
330
1B
100
AcDbEntity
  8
F.Cu
  6
CONTINUOUS
100
AcDbLine
 10
83.5
 20
-74.2568799999999953
 30
0
 11
83.5
 21
-65.5271549999999934
 31
0
  0
LINE
  5
4CB
330
1B
100
AcDbEntity
  8
F.Cu
  6
CONTINUOUS
100
AcDbLine
 10
83.5
 20
-65.5271549999999934
 30
0
 11
83.3753829999999994
 21
-65.4755370000000028
 31
0
  0
LINE
  5
4CC
330
1B
100
AcDbEntity
  8
F.Cu
  6
CONTINUOUS
100
AcDbLine
 10
83.3753829999999994
 20
-65.4755370000000028
 30
0
 11
83.2449849999999998
 21
-65.3884079999999983
 31
0
  0
LINE
  5
4CD
330
1B
100
AcDbEntity
  8
F.Cu
  6
CONTINUOUS
100
AcDbLine
 10
83.2449849999999998
 20
-65.3884079999999983
 30
0
 11
83.1340919999999954
 21
-65.277514999999994
 31
0
  0
LINE
  5
4CE
330
1B
100
AcDbEntity
  8
F.Cu
  6
CONTINUOUS
100
AcDbLine
 10
83.1340919999999954
 20
-65.277514999999994
 30
0
 11
83.046962999999991
 21
-65.1471169999999944
 31
0
  0
LINE
  5
4CF
330
1B
100
AcDbEntity
  8
F.Cu
  6
CONTINUOUS
100
AcDbLine
 10
83.046962999999991
 20
-65.1471169999999944
 30
0
 11
82.9869479999999982
 21
-65.0022280000000023
 31
0
  0
LINE
  5
4D0
330
1B
100
AcDbEntity
  8
F.Cu
  6
CONTINUOUS
100
AcDbLine
 10
82.9869479999999982
 20
-65.0022280000000023
 30
0
 11
82.9563519999999954
 21
-64.8484139999999911
 31
0
  0
LINE
  5
4D1
330
1B
100
AcDbEntity
  8
F.Cu
  6
CONTINUOUS
100
AcDbLine
 10
82.9563519999999954
 20
-64.8484139999999911
 30
0
 11
82.9563519999999954
 21
-64.6915860000000009
 31
0
  0
LINE
  5
4D2
330
1B
100
AcDbEntity
  8
F.Cu
  6
CONTINUOUS
100
AcDbLine
 10
82.9563519999999954
 20
-64.6915860000000009
 30
0
 11
82.9869479999999982
 21
-64.5377720000000039
 31
0
  0
LINE
  5
4D3
330
1B
100
AcDbEntity
  8
F.Cu
  6
CONTINUOUS
100
AcDbLine
 10
82.9869479999999982
 20
-64.5377720000000039
 30
0
 11
83.046962999999991
 21
-64.3928829999999977
 31
0
  0
LINE
  5
4D4
330
1B
100
AcDbEntity
  8
F.Cu
  6
CONTINUOUS
100
AcDbLine
 10
83.046962999999991
 20
-64.3928829999999977
 30
0
 11
83.1340919999999954
 21
-64.2624849999999981
 31
0
  0
LINE
  5
4D5
330
1B
100
AcDbEntity
  8
F.Cu
  6
CONTINUOUS
100
AcDbLine
 10
83.1340919999999954
 20
-64.2624849999999981
 30
0
 11
83.2449849999999998
 21
-64.1515919999999937
 31
0
  0
LINE
  5
4D6
330
1B
100
AcDbEntity
  8
F.Cu
  6
CONTINUOUS
100
AcDbLine
 10
83.2449849999999998
 20
-64.1515919999999937
 30
0
 11
83.3753829999999994
 21
-64.0644630000000035
 31
0
  0
LINE
  5
4D7
330
1B
100
AcDbEntity
  8
F.Cu
  6
CONTINUOUS
100
AcDbLine
 10
83.3753829999999994
 20
-64.0644630000000035
 30
0
 11
83.5
 21
-64.0128440000000012
 31
0
  0
LINE
  5
4D8
330
1B
100
AcDbEntity
  8
F.Cu
  6
CONTINUOUS
100
AcDbLine
 10
83.5
 20
-64.0128440000000012
 30
0
 11
83.5
 21
-62.2431190000000001
 31
0
  0
LINE
  5
4D9
330
1B
100
AcDbEntity
  8
F.Cu
  6
CONTINUOUS
100
AcDbLine
 10
83.5
 20
-62.2431190000000001
 30
0
 11
83.4290459999999996
 21
-62.1957089999999937
 31
0
  0
LINE
  5
4DA
330
1B
100
AcDbEntity
  8
F.Cu
  6
CONTINUOUS
100
AcDbLine
 10
83.4290459999999996
 20
-62.1957089999999937
 30
0
 11
83.3042909999999921
 21
-62.0709540000000004
 31
0
  0
LINE
  5
4DB
330
1B
100
AcDbEntity
  8
F.Cu
  6
CONTINUOUS
100
AcDbLine
 10
83.3042909999999921
 20
-62.0709540000000004
 30
0
 11
83.206271000000001
 21
-61.9242569999999972
 31
0
  0
LINE
  5
4DC
330
1B
100
AcDbEntity
  8
F.Cu
  6
CONTINUOUS
100
AcDbLine
 10
83.206271000000001
 20
-61.9242569999999972
 30
0
 11
83.1387539999999916
 21
-61.7612559999999959
 31
0
  0
LINE
  5
4DD
330
1B
100
AcDbEntity
  8
F.Cu
  6
CONTINUOUS
100
AcDbLine
 10
83.1387539999999916
 20
-61.7612559999999959
 30
0
 11
83.1043339999999944
 21
-61.5882149999999982
 31
0
  0
LINE
  5
4DE
330
1B
100
AcDbEntity
  8
F.Cu
  6
CONTINUOUS
100
AcDbLine
 10
83.1043339999999944
 20
-61.5882149999999982
 30
0
 11
83.1043339999999944
 21
-61.4117849999999947
 31
0
  0
LINE
  5
4DF
330
1B
100
AcDbEntity
  8
F.Cu
  6
CONTINUOUS
100
AcDbLine
 10
83.1043339999999944
 20
-61.4117849999999947
 30
0
 11
83.1387539999999916
 21
-61.238743999999997
 31
0
  0
LINE
  5
4E0
330
1B
100
AcDbEntity
  8
F.Cu
  6
CONTINUOUS
100
AcDbLine
 10
83.1387539999999916
 20
-61.238743999999997
 30
0
 11
83.206271000000001
 21
-61.0757429999999957
 31
0
  0
LINE
  5
4E1
330
1B
100
AcDbEntity
  8
F.Cu
  6
CONTINUOUS
100
AcDbLine
 10
83.206271000000001
 20
-61.0757429999999957
 30
0
 11
83.3042909999999921
 21
-60.9290459999999996
 31
0
  0
LINE
  5
4E2
330
1B
100
AcDbEntity
  8
F.Cu
  6
CONTINUOUS
100
AcDbLine
 10
83.3042909999999921
 20
-60.9290459999999996
 30
0
 11
83.4290459999999996
 21
-60.8042909999999992
 31
0
  0
LINE
  5
4E3
330
1B
100
AcDbEntity
  8
F.Cu
  6
CONTINUOUS
100
AcDbLine
 10
83.4290459999999996
 20
-60.8042909999999992
 30
0
 11
83.5757430000000028
 21
-60.7062709999999939
 31
0
  0
LINE
  5
4E4
330
1B
100
AcDbEntity
  8
F.Cu
  6
CONTINUOUS
100
AcDbLine
 10
83.5757430000000028
 20
-60.7062709999999939
 30
0
 11
83.738743999999997
 21
-60.6387539999999987
 31
0
  0
LINE
  5
4E5
330
1B
100
AcDbEntity
  8
F.Cu
  6
CONTINUOUS
100
AcDbLine
 10
83.738743999999997
 20
-60.6387539999999987
 30
0
 11
83.9117849999999947
 21
-60.6043339999999944
 31
0
  0
LINE
  5
4E6
330
1B
100
AcDbEntity
  8
F.Cu
  6
CONTINUOUS
100
AcDbLine
 10
83.9117849999999947
 20
-60.6043339999999944
 30
0
 11
84.0882149999999911
 21
-60.6043339999999944
 31
0
  0
LINE
  5
4E7
330
1B
100
AcDbEntity
  8
F.Cu
  6
CONTINUOUS
100
AcDbLine
 10
84.0882149999999911
 20
-60.6043339999999944
 30
0
 11
84.261256000000003
 21
-60.6387539999999987
 31
0
  0
LINE
  5
4E8
330
1B
100
AcDbEntity
  8
F.Cu
  6
CONTINUOUS
100
AcDbLine
 10
86.4449180000000013
 20
-29.1042769999999997
 30
0
 11
86.4449329999999918
 21
-29.1042769999999997
 31
0
  0
LINE
  5
4E9
330
1B
100
AcDbEntity
  8
F.Cu
  6
CONTINUOUS
100
AcDbLine
 10
86.4449329999999918
 20
-29.1042769999999997
 30
0
 11
86.5710119999999961
 21
-29.1380599999999994
 31
0
  0
LINE
  5
4EA
330
1B
100
AcDbEntity
  8
F.Cu
  6
CONTINUOUS
100
AcDbLine
 10
86.5710119999999961
 20
-29.1380599999999994
 30
0
 11
86.6840509999999966
 21
-29.2033229999999975
 31
0
  0
LINE
  5
4EB
330
1B
100
AcDbEntity
  8
F.Cu
  6
CONTINUOUS
100
AcDbLine
 10
86.6840509999999966
 20
-29.2033229999999975
 30
0
 11
86.6840660000000014
 21
-29.2033379999999987
 31
0
  0
LINE
  5
4EC
330
1B
100
AcDbEntity
  8
F.Cu
  6
CONTINUOUS
100
AcDbLine
 10
86.6840660000000014
 20
-29.2033379999999987
 30
0
 11
86.7332229999999953
 21
-29.2464469999999999
 31
0
  0
LINE
  5
4ED
330
1B
100
AcDbEntity
  8
F.Cu
  6
CONTINUOUS
100
AcDbLine
 10
86.7332229999999953
 20
-29.2464469999999999
 30
0
 11
87.6635529999999932
 21
-30.1767760000000003
 31
0
  0
LINE
  5
4EE
330
1B
100
AcDbEntity
  8
F.Cu
  6
CONTINUOUS
100
AcDbLine
 10
87.6635529999999932
 20
-30.1767760000000003
 30
0
 11
87.7066679999999934
 21
-30.2259399999999978
 31
0
  0
LINE
  5
4EF
330
1B
100
AcDbEntity
  8
F.Cu
  6
CONTINUOUS
100
AcDbLine
 10
87.7066679999999934
 20
-30.2259399999999978
 30
0
 11
87.7066769999999991
 21
-30.225949
 31
0
  0
LINE
  5
4F0
330
1B
100
AcDbEntity
  8
F.Cu
  6
CONTINUOUS
100
AcDbLine
 10
87.7066769999999991
 20
-30.225949
 30
0
 11
87.7719400000000007
 21
-30.338987999999997
 31
0
  0
LINE
  5
4F1
330
1B
100
AcDbEntity
  8
F.Cu
  6
CONTINUOUS
100
AcDbLine
 10
87.7719400000000007
 20
-30.338987999999997
 30
0
 11
87.8057230000000004
 21
-30.4650669999999977
 31
0
  0
LINE
  5
4F2
330
1B
100
AcDbEntity
  8
F.Cu
  6
CONTINUOUS
100
AcDbLine
 10
87.8057230000000004
 20
-30.4650669999999977
 30
0
 11
87.8057230000000004
 21
-30.4650819999999989
 31
0
  0
LINE
  5
4F3
330
1B
100
AcDbEntity
  8
F.Cu
  6
CONTINUOUS
100
AcDbLine
 10
87.8057230000000004
 20
-30.4650819999999989
 30
0
 11
87.8100000000000023
 21
-30.5303299999999993
 31
0
  0
LINE
  5
4F4
330
1B
100
AcDbEntity
  8
F.Cu
  6
CONTINUOUS
100
AcDbLine
 10
87.8100000000000023
 20
-30.5303299999999993
 30
0
 11
87.8100000000000023
 21
-43.3723349999999996
 31
0
  0
LINE
  5
4F5
330
1B
100
AcDbEntity
  8
F.Cu
  6
CONTINUOUS
100
AcDbLine
 10
87.8100000000000023
 20
-43.3723349999999996
 30
0
 11
90.9376649999999955
 21
-46.5
 31
0
  0
LINE
  5
4F6
330
1B
100
AcDbEntity
  8
F.Cu
  6
CONTINUOUS
100
AcDbLine
 10
90.9376649999999955
 20
-46.5
 30
0
 11
91.3498889999999903
 21
-46.5
 31
0
  0
LINE
  5
4F7
330
1B
100
AcDbEntity
  8
F.Cu
  6
CONTINUOUS
100
AcDbLine
 10
91.3498889999999903
 20
-46.5
 30
0
 11
91.3615920000000017
 21
-46.4824849999999969
 31
0
  0
LINE
  5
4F8
330
1B
100
AcDbEntity
  8
F.Cu
  6
CONTINUOUS
100
AcDbLine
 10
91.3615920000000017
 20
-46.4824849999999969
 30
0
 11
91.4724849999999918
 21
-46.3715919999999997
 31
0
  0
LINE
  5
4F9
330
1B
100
AcDbEntity
  8
F.Cu
  6
CONTINUOUS
100
AcDbLine
 10
91.4724849999999918
 20
-46.3715919999999997
 30
0
 11
91.6028829999999914
 21
-46.2844629999999952
 31
0
  0
LINE
  5
4FA
330
1B
100
AcDbEntity
  8
F.Cu
  6
CONTINUOUS
100
AcDbLine
 10
91.6028829999999914
 20
-46.2844629999999952
 30
0
 11
91.7477719999999977
 21
-46.2244479999999953
 31
0
  0
LINE
  5
4FB
330
1B
100
AcDbEntity
  8
F.Cu
  6
CONTINUOUS
100
AcDbLine
 10
91.7477719999999977
 20
-46.2244479999999953
 30
0
 11
91.9015859999999947
 21
-46.1938519999999997
 31
0
  0
LINE
  5
4FC
330
1B
100
AcDbEntity
  8
F.Cu
  6
CONTINUOUS
100
AcDbLine
 10
91.9015859999999947
 20
-46.1938519999999997
 30
0
 11
91.9799999999999898
 21
-46.1899999999999977
 31
0
  0
LINE
  5
4FD
330
1B
100
AcDbEntity
  8
F.Cu
  6
CONTINUOUS
100
AcDbLine
 10
91.9799999999999898
 20
-46.1899999999999977
 30
0
 11
92.7800000000000011
 21
-46.1899999999999977
 31
0
  0
LINE
  5
4FE
330
1B
100
AcDbEntity
  8
F.Cu
  6
CONTINUOUS
100
AcDbLine
 10
92.7800000000000011
 20
-46.1899999999999977
 30
0
 11
92.8584139999999962
 21
-46.1938519999999997
 31
0
  0
LINE
  5
4FF
330
1B
100
AcDbEntity
  8
F.Cu
  6
CONTINUOUS
100
AcDbLine
 10
92.8584139999999962
 20
-46.1938519999999997
 30
0
 11
93.0122279999999932
 21
-46.2244479999999953
 31
0
  0
LINE
  5
500
330
1B
100
AcDbEntity
  8
F.Cu
  6
CONTINUOUS
100
AcDbLine
 10
93.0122279999999932
 20
-46.2244479999999953
 30
0
 11
93.1571169999999995
 21
-46.2844629999999952
 31
0
  0
LINE
  5
501
330
1B
100
AcDbEntity
  8
F.Cu
  6
CONTINUOUS
100
AcDbLine
 10
93.1571169999999995
 20
-46.2844629999999952
 30
0
 11
93.2875149999999991
 21
-46.3715919999999997
 31
0
  0
LINE
  5
502
330
1B
100
AcDbEntity
  8
F.Cu
  6
CONTINUOUS
100
AcDbLine
 10
93.2875149999999991
 20
-46.3715919999999997
 30
0
 11
93.3984079999999892
 21
-46.4824849999999969
 31
0
  0
LINE
  5
503
330
1B
100
AcDbEntity
  8
F.Cu
  6
CONTINUOUS
100
AcDbLine
 10
93.3984079999999892
 20
-46.4824849999999969
 30
0
 11
93.4101110000000006
 21
-46.5
 31
0
  0
LINE
  5
504
330
1B
100
AcDbEntity
  8
F.Cu
  6
CONTINUOUS
100
AcDbLine
 10
93.4101110000000006
 20
-46.5
 30
0
 11
96.7568809999999928
 21
-46.5
 31
0
  0
LINE
  5
505
330
1B
100
AcDbEntity
  8
F.Cu
  6
CONTINUOUS
100
AcDbLine
 10
96.7568809999999928
 20
-46.5
 30
0
 11
96.8042909999999921
 21
-46.4290459999999996
 31
0
  0
LINE
  5
506
330
1B
100
AcDbEntity
  8
F.Cu
  6
CONTINUOUS
100
AcDbLine
 10
96.8042909999999921
 20
-46.4290459999999996
 30
0
 11
96.9290459999999996
 21
-46.3042909999999992
 31
0
  0
LINE
  5
507
330
1B
100
AcDbEntity
  8
F.Cu
  6
CONTINUOUS
100
AcDbLine
 10
96.9290459999999996
 20
-46.3042909999999992
 30
0
 11
97.0757429999999886
 21
-46.206271000000001
 31
0
  0
LINE
  5
508
330
1B
100
AcDbEntity
  8
F.Cu
  6
CONTINUOUS
100
AcDbLine
 10
97.0757429999999886
 20
-46.206271000000001
 30
0
 11
97.238743999999997
 21
-46.1387539999999987
 31
0
  0
LINE
  5
509
330
1B
100
AcDbEntity
  8
F.Cu
  6
CONTINUOUS
100
AcDbLine
 10
97.238743999999997
 20
-46.1387539999999987
 30
0
 11
97.4117849999999947
 21
-46.1043339999999944
 31
0
  0
LINE
  5
50A
330
1B
100
AcDbEntity
  8
F.Cu
  6
CONTINUOUS
100
AcDbLine
 10
97.4117849999999947
 20
-46.1043339999999944
 30
0
 11
97.5882149999999911
 21
-46.1043339999999944
 31
0
  0
LINE
  5
50B
330
1B
100
AcDbEntity
  8
F.Cu
  6
CONTINUOUS
100
AcDbLine
 10
97.5882149999999911
 20
-46.1043339999999944
 30
0
 11
97.7612559999999888
 21
-46.1387539999999987
 31
0
  0
LINE
  5
50C
330
1B
100
AcDbEntity
  8
F.Cu
  6
CONTINUOUS
100
AcDbLine
 10
97.7612559999999888
 20
-46.1387539999999987
 30
0
 11
97.9242569999999972
 21
-46.206271000000001
 31
0
  0
LINE
  5
50D
330
1B
100
AcDbEntity
  8
F.Cu
  6
CONTINUOUS
100
AcDbLine
 10
97.9242569999999972
 20
-46.206271000000001
 30
0
 11
98.0709540000000004
 21
-46.3042909999999992
 31
0
  0
LINE
  5
50E
330
1B
100
AcDbEntity
  8
F.Cu
  6
CONTINUOUS
100
AcDbLine
 10
98.0709540000000004
 20
-46.3042909999999992
 30
0
 11
98.1957089999999937
 21
-46.4290459999999996
 31
0
  0
LINE
  5
50F
330
1B
100
AcDbEntity
  8
F.Cu
  6
CONTINUOUS
100
AcDbLine
 10
98.1957089999999937
 20
-46.4290459999999996
 30
0
 11
98.293728999999999
 21
-46.5757429999999957
 31
0
  0
LINE
  5
510
330
1B
100
AcDbEntity
  8
F.Cu
  6
CONTINUOUS
100
AcDbLine
 10
98.293728999999999
 20
-46.5757429999999957
 30
0
 11
98.3612459999999942
 21
-46.738743999999997
 31
0
  0
LINE
  5
511
330
1B
100
AcDbEntity
  8
F.Cu
  6
CONTINUOUS
100
AcDbLine
 10
98.3612459999999942
 20
-46.738743999999997
 30
0
 11
98.3956659999999914
 21
-46.9117849999999947
 31
0
  0
LINE
  5
512
330
1B
100
AcDbEntity
  8
F.Cu
  6
CONTINUOUS
100
AcDbLine
 10
98.3956659999999914
 20
-46.9117849999999947
 30
0
 11
98.3956659999999914
 21
-47.0882149999999982
 31
0
  0
LINE
  5
513
330
1B
100
AcDbEntity
  8
F.Cu
  6
CONTINUOUS
100
AcDbLine
 10
98.3956659999999914
 20
-47.0882149999999982
 30
0
 11
98.3612459999999942
 21
-47.2612559999999959
 31
0
  0
LINE
  5
514
330
1B
100
AcDbEntity
  8
F.Cu
  6
CONTINUOUS
100
AcDbLine
 10
98.3612459999999942
 20
-47.2612559999999959
 30
0
 11
98.293728999999999
 21
-47.4242569999999972
 31
0
  0
LINE
  5
515
330
1B
100
AcDbEntity
  8
F.Cu
  6
CONTINUOUS
100
AcDbLine
 10
98.293728999999999
 20
-47.4242569999999972
 30
0
 11
98.1957089999999937
 21
-47.5709540000000004
 31
0
  0
LINE
  5
516
330
1B
100
AcDbEntity
  8
F.Cu
  6
CONTINUOUS
100
AcDbLine
 10
98.1957089999999937
 20
-47.5709540000000004
 30
0
 11
98.0709540000000004
 21
-47.6957090000000008
 31
0
  0
LINE
  5
517
330
1B
100
AcDbEntity
  8
F.Cu
  6
CONTINUOUS
100
AcDbLine
 10
98.0709540000000004
 20
-47.6957090000000008
 30
0
 11
97.9242569999999972
 21
-47.793728999999999
 31
0
  0
LINE
  5
518
330
1B
100
AcDbEntity
  8
F.Cu
  6
CONTINUOUS
100
AcDbLine
 10
97.9242569999999972
 20
-47.793728999999999
 30
0
 11
97.7612559999999888
 21
-47.8612460000000013
 31
0
  0
LINE
  5
519
330
1B
100
AcDbEntity
  8
F.Cu
  6
CONTINUOUS
100
AcDbLine
 10
97.7612559999999888
 20
-47.8612460000000013
 30
0
 11
97.5882149999999911
 21
-47.8956659999999985
 31
0
  0
LINE
  5
51A
330
1B
100
AcDbEntity
  8
F.Cu
  6
CONTINUOUS
100
AcDbLine
 10
97.5882149999999911
 20
-47.8956659999999985
 30
0
 11
97.4117849999999947
 21
-47.8956659999999985
 31
0
  0
LINE
  5
51B
330
1B
100
AcDbEntity
  8
F.Cu
  6
CONTINUOUS
100
AcDbLine
 10
97.4117849999999947
 20
-47.8956659999999985
 30
0
 11
97.238743999999997
 21
-47.8612460000000013
 31
0
  0
LINE
  5
51C
330
1B
100
AcDbEntity
  8
F.Cu
  6
CONTINUOUS
100
AcDbLine
 10
97.238743999999997
 20
-47.8612460000000013
 30
0
 11
97.0757429999999886
 21
-47.793728999999999
 31
0
  0
LINE
  5
51D
330
1B
100
AcDbEntity
  8
F.Cu
  6
CONTINUOUS
100
AcDbLine
 10
97.0757429999999886
 20
-47.793728999999999
 30
0
 11
96.9290459999999996
 21
-47.6957090000000008
 31
0
  0
LINE
  5
51E
330
1B
100
AcDbEntity
  8
F.Cu
  6
CONTINUOUS
100
AcDbLine
 10
96.9290459999999996
 20
-47.6957090000000008
 30
0
 11
96.8042909999999921
 21
-47.5709540000000004
 31
0
  0
LINE
  5
51F
330
1B
100
AcDbEntity
  8
F.Cu
  6
CONTINUOUS
100
AcDbLine
 10
96.8042909999999921
 20
-47.5709540000000004
 30
0
 11
96.7568809999999928
 21
-47.5
 31
0
  0
LINE
  5
520
330
1B
100
AcDbEntity
  8
F.Cu
  6
CONTINUOUS
100
AcDbLine
 10
96.7568809999999928
 20
-47.5
 30
0
 11
93.3959229999999963
 21
-47.5
 31
0
  0
LINE
  5
521
330
1B
100
AcDbEntity
  8
F.Cu
  6
CONTINUOUS
100
AcDbLine
 10
93.3959229999999963
 20
-47.5
 30
0
 11
93.2875149999999991
 21
-47.6084079999999972
 31
0
  0
LINE
  5
522
330
1B
100
AcDbEntity
  8
F.Cu
  6
CONTINUOUS
100
AcDbLine
 10
93.2875149999999991
 20
-47.6084079999999972
 30
0
 11
93.1571169999999995
 21
-47.6955369999999945
 31
0
  0
LINE
  5
523
330
1B
100
AcDbEntity
  8
F.Cu
  6
CONTINUOUS
100
AcDbLine
 10
93.1571169999999995
 20
-47.6955369999999945
 30
0
 11
93.0122279999999932
 21
-47.7555519999999945
 31
0
  0
LINE
  5
524
330
1B
100
AcDbEntity
  8
F.Cu
  6
CONTINUOUS
100
AcDbLine
 10
93.0122279999999932
 20
-47.7555519999999945
 30
0
 11
92.8584139999999962
 21
-47.7861479999999972
 31
0
  0
LINE
  5
525
330
1B
100
AcDbEntity
  8
F.Cu
  6
CONTINUOUS
100
AcDbLine
 10
92.8584139999999962
 20
-47.7861479999999972
 30
0
 11
92.7800000000000011
 21
-47.7899999999999991
 31
0
  0
LINE
  5
526
330
1B
100
AcDbEntity
  8
F.Cu
  6
CONTINUOUS
100
AcDbLine
 10
92.7800000000000011
 20
-47.7899999999999991
 30
0
 11
91.9799999999999898
 21
-47.7899999999999991
 31
0
  0
LINE
  5
527
330
1B
100
AcDbEntity
  8
F.Cu
  6
CONTINUOUS
100
AcDbLine
 10
91.9799999999999898
 20
-47.7899999999999991
 30
0
 11
91.9015859999999947
 21
-47.7861479999999972
 31
0
  0
LINE
  5
528
330
1B
100
AcDbEntity
  8
F.Cu
  6
CONTINUOUS
100
AcDbLine
 10
91.9015859999999947
 20
-47.7861479999999972
 30
0
 11
91.7477719999999977
 21
-47.7555519999999945
 31
0
  0
LINE
  5
529
330
1B
100
AcDbEntity
  8
F.Cu
  6
CONTINUOUS
100
AcDbLine
 10
91.7477719999999977
 20
-47.7555519999999945
 30
0
 11
91.6028829999999914
 21
-47.6955369999999945
 31
0
  0
LINE
  5
52A
330
1B
100
AcDbEntity
  8
F.Cu
  6
CONTINUOUS
100
AcDbLine
 10
91.6028829999999914
 20
-47.6955369999999945
 30
0
 11
91.4724849999999918
 21
-47.6084079999999972
 31
0
  0
LINE
  5
52B
330
1B
100
AcDbEntity
  8
F.Cu
  6
CONTINUOUS
100
AcDbLine
 10
91.4724849999999918
 20
-47.6084079999999972
 30
0
 11
91.3640769999999947
 21
-47.5
 31
0
  0
LINE
  5
52C
330
1B
100
AcDbEntity
  8
F.Cu
  6
CONTINUOUS
100
AcDbLine
 10
91.3640769999999947
 20
-47.5
 30
0
 11
90.7305589999999995
 21
-47.5
 31
0
  0
LINE
  5
52D
330
1B
100
AcDbEntity
  8
F.Cu
  6
CONTINUOUS
100
AcDbLine
 10
90.7305589999999995
 20
-47.5
 30
0
 11
90.6653110000000027
 21
-47.4957229999999981
 31
0
  0
LINE
  5
52E
330
1B
100
AcDbEntity
  8
F.Cu
  6
CONTINUOUS
100
AcDbLine
 10
90.6653110000000027
 20
-47.4957229999999981
 30
0
 11
90.6652959999999979
 21
-47.4957229999999981
 31
0
  0
LINE
  5
52F
330
1B
100
AcDbEntity
  8
F.Cu
  6
CONTINUOUS
100
AcDbLine
 10
90.6652959999999979
 20
-47.4957229999999981
 30
0
 11
90.5392169999999936
 21
-47.4619399999999985
 31
0
  0
LINE
  5
530
330
1B
100
AcDbEntity
  8
F.Cu
  6
CONTINUOUS
100
AcDbLine
 10
90.5392169999999936
 20
-47.4619399999999985
 30
0
 11
90.4261779999999931
 21
-47.3966769999999968
 31
0
  0
LINE
  5
531
330
1B
100
AcDbEntity
  8
F.Cu
  6
CONTINUOUS
100
AcDbLine
 10
90.4261779999999931
 20
-47.3966769999999968
 30
0
 11
90.4261619999999908
 21
-47.3966609999999946
 31
0
  0
LINE
  5
532
330
1B
100
AcDbEntity
  8
F.Cu
  6
CONTINUOUS
100
AcDbLine
 10
90.4261619999999908
 20
-47.3966609999999946
 30
0
 11
90.3770059999999944
 21
-47.353552999999998
 31
0
  0
LINE
  5
533
330
1B
100
AcDbEntity
  8
F.Cu
  6
CONTINUOUS
100
AcDbLine
 10
90.3770059999999944
 20
-47.353552999999998
 30
0
 11
86.9564469999999972
 21
-43.9329940000000008
 31
0
  0
LINE
  5
534
330
1B
100
AcDbEntity
  8
F.Cu
  6
CONTINUOUS
100
AcDbLine
 10
86.9564469999999972
 20
-43.9329940000000008
 30
0
 11
86.913337999999996
 21
-43.8838369999999998
 31
0
  0
LINE
  5
535
330
1B
100
AcDbEntity
  8
F.Cu
  6
CONTINUOUS
100
AcDbLine
 10
86.913337999999996
 20
-43.8838369999999998
 30
0
 11
86.9133229999999912
 21
-43.883821999999995
 31
0
  0
LINE
  5
536
330
1B
100
AcDbEntity
  8
F.Cu
  6
CONTINUOUS
100
AcDbLine
 10
86.9133229999999912
 20
-43.883821999999995
 30
0
 11
86.8480599999999896
 21
-43.7707830000000016
 31
0
  0
LINE
  5
537
330
1B
100
AcDbEntity
  8
F.Cu
  6
CONTINUOUS
100
AcDbLine
 10
86.8480599999999896
 20
-43.7707830000000016
 30
0
 11
86.8279440000000022
 21
-43.6957090000000008
 31
0
  0
LINE
  5
538
330
1B
100
AcDbEntity
  8
F.Cu
  6
CONTINUOUS
100
AcDbLine
 10
86.8279440000000022
 20
-43.6957090000000008
 30
0
 11
86.8142769999999899
 21
-43.6447039999999973
 31
0
  0
LINE
  5
539
330
1B
100
AcDbEntity
  8
F.Cu
  6
CONTINUOUS
100
AcDbLine
 10
86.8142769999999899
 20
-43.6447039999999973
 30
0
 11
86.8142769999999899
 21
-43.644687999999995
 31
0
  0
LINE
  5
53A
330
1B
100
AcDbEntity
  8
F.Cu
  6
CONTINUOUS
100
AcDbLine
 10
86.8142769999999899
 20
-43.644687999999995
 30
0
 11
86.8100000000000023
 21
-43.5794409999999957
 31
0
  0
LINE
  5
53B
330
1B
100
AcDbEntity
  8
F.Cu
  6
CONTINUOUS
100
AcDbLine
 10
86.8100000000000023
 20
-43.5794409999999957
 30
0
 11
86.8100000000000023
 21
-30.7374359999999989
 31
0
  0
LINE
  5
53C
330
1B
100
AcDbEntity
  8
F.Cu
  6
CONTINUOUS
100
AcDbLine
 10
86.8100000000000023
 20
-30.7374359999999989
 30
0
 11
86.1725639999999942
 21
-30.0999999999999979
 31
0
  0
LINE
  5
53D
330
1B
100
AcDbEntity
  8
F.Cu
  6
CONTINUOUS
100
AcDbLine
 10
86.1725639999999942
 20
-30.0999999999999979
 30
0
 11
83.3474360000000019
 21
-30.0999999999999979
 31
0
  0
LINE
  5
53E
330
1B
100
AcDbEntity
  8
F.Cu
  6
CONTINUOUS
100
AcDbLine
 10
83.3474360000000019
 20
-30.0999999999999979
 30
0
 11
82.5
 21
-30.9474359999999997
 31
0
  0
LINE
  5
53F
330
1B
100
AcDbEntity
  8
F.Cu
  6
CONTINUOUS
100
AcDbLine
 10
82.5
 20
-30.9474359999999997
 30
0
 11
82.5
 21
-55.865559999999995
 31
0
  0
LINE
  5
540
330
1B
100
AcDbEntity
  8
F.Cu
  6
CONTINUOUS
100
AcDbLine
 10
82.5
 20
-55.865559999999995
 30
0
 11
82.4957229999999981
 21
-55.9308069999999944
 31
0
  0
LINE
  5
541
330
1B
100
AcDbEntity
  8
F.Cu
  6
CONTINUOUS
100
AcDbLine
 10
82.4957229999999981
 20
-55.9308069999999944
 30
0
 11
82.4957229999999981
 21
-55.9308229999999966
 31
0
  0
LINE
  5
542
330
1B
100
AcDbEntity
  8
F.Cu
  6
CONTINUOUS
100
AcDbLine
 10
82.4957229999999981
 20
-55.9308229999999966
 30
0
 11
82.4619399999999985
 21
-56.0569020000000009
 31
0
  0
LINE
  5
543
330
1B
100
AcDbEntity
  8
F.Cu
  6
CONTINUOUS
100
AcDbLine
 10
82.4619399999999985
 20
-56.0569020000000009
 30
0
 11
82.3966769999999968
 21
-56.1699409999999943
 31
0
  0
LINE
  5
544
330
1B
100
AcDbEntity
  8
F.Cu
  6
CONTINUOUS
100
AcDbLine
 10
82.3966769999999968
 20
-56.1699409999999943
 30
0
 11
82.3966609999999946
 21
-56.1699559999999991
 31
0
  0
LINE
  5
545
330
1B
100
AcDbEntity
  8
F.Cu
  6
CONTINUOUS
100
AcDbLine
 10
82.3966609999999946
 20
-56.1699559999999991
 30
0
 11
82.3535529999999909
 21
-56.2191130000000001
 31
0
  0
LINE
  5
546
330
1B
100
AcDbEntity
  8
F.Cu
  6
CONTINUOUS
100
AcDbLine
 10
82.3535529999999909
 20
-56.2191130000000001
 30
0
 11
64.219112999999993
 21
-74.3535529999999909
 31
0
  0
LINE
  5
547
330
1B
100
AcDbEntity
  8
F.Cu
  6
CONTINUOUS
100
AcDbLine
 10
64.219112999999993
 20
-74.3535529999999909
 30
0
 11
64.1699559999999991
 21
-74.3966609999999946
 31
0
  0
LINE
  5
548
330
1B
100
AcDbEntity
  8
F.Cu
  6
CONTINUOUS
100
AcDbLine
 10
64.1699559999999991
 20
-74.3966609999999946
 30
0
 11
64.1699409999999943
 21
-74.3966769999999968
 31
0
  0
LINE
  5
549
330
1B
100
AcDbEntity
  8
F.Cu
  6
CONTINUOUS
100
AcDbLine
 10
64.1699409999999943
 20
-74.3966769999999968
 30
0
 11
64.0669340000000034
 21
-74.4561479999999989
 31
0
  0
LINE
  5
54A
330
1B
100
AcDbEntity
  8
F.Cu
  6
CONTINUOUS
100
AcDbLine
 10
64.0669340000000034
 20
-74.4561479999999989
 30
0
 11
64.0569019999999938
 21
-74.4619399999999985
 31
0
  0
LINE
  5
54B
330
1B
100
AcDbEntity
  8
F.Cu
  6
CONTINUOUS
100
AcDbLine
 10
64.0569019999999938
 20
-74.4619399999999985
 30
0
 11
63.9308229999999966
 21
-74.4957229999999981
 31
0
  0
LINE
  5
54C
330
1B
100
AcDbEntity
  8
F.Cu
  6
CONTINUOUS
100
AcDbLine
 10
63.9308229999999966
 20
-74.4957229999999981
 30
0
 11
63.930807999999999
 21
-74.4957229999999981
 31
0
  0
LINE
  5
54D
330
1B
100
AcDbEntity
  8
F.Cu
  6
CONTINUOUS
100
AcDbLine
 10
63.930807999999999
 20
-74.4957229999999981
 30
0
 11
63.865559999999995
 21
-74.5
 31
0
  0
LINE
  5
54E
330
1B
100
AcDbEntity
  8
F.Cu
  6
CONTINUOUS
100
AcDbLine
 10
63.865559999999995
 20
-74.5
 30
0
 11
56.7431190000000001
 21
-74.5
 31
0
  0
LINE
  5
54F
330
1B
100
AcDbEntity
  8
F.Cu
  6
CONTINUOUS
100
AcDbLine
 10
56.7431190000000001
 20
-74.5
 30
0
 11
56.6957090000000008
 21
-74.5709540000000004
 31
0
  0
LINE
  5
550
330
1B
100
AcDbEntity
  8
F.Cu
  6
CONTINUOUS
100
AcDbLine
 10
56.6957090000000008
 20
-74.5709540000000004
 30
0
 11
56.5709540000000004
 21
-74.6957089999999937
 31
0
  0
LINE
  5
551
330
1B
100
AcDbEntity
  8
F.Cu
  6
CONTINUOUS
100
AcDbLine
 10
56.5709540000000004
 20
-74.6957089999999937
 30
0
 11
56.4242569999999972
 21
-74.793728999999999
 31
0
  0
LINE
  5
552
330
1B
100
AcDbEntity
  8
F.Cu
  6
CONTINUOUS
100
AcDbLine
 10
56.4242569999999972
 20
-74.793728999999999
 30
0
 11
56.2612559999999959
 21
-74.8612459999999942
 31
0
  0
LINE
  5
553
330
1B
100
AcDbEntity
  8
F.Cu
  6
CONTINUOUS
100
AcDbLine
 10
56.2612559999999959
 20
-74.8612459999999942
 30
0
 11
56.0882149999999982
 21
-74.8956659999999914
 31
0
  0
LINE
  5
554
330
1B
100
AcDbEntity
  8
F.Cu
  6
CONTINUOUS
100
AcDbLine
 10
56.0882149999999982
 20
-74.8956659999999914
 30
0
 11
55.9117849999999947
 21
-74.8956659999999914
 31
0
  0
LINE
  5
555
330
1B
100
AcDbEntity
  8
F.Cu
  6
CONTINUOUS
100
AcDbLine
 10
55.9117849999999947
 20
-74.8956659999999914
 30
0
 11
55.738743999999997
 21
-74.8612459999999942
 31
0
  0
LINE
  5
556
330
1B
100
AcDbEntity
  8
F.Cu
  6
CONTINUOUS
100
AcDbLine
 10
55.738743999999997
 20
-74.8612459999999942
 30
0
 11
55.5757429999999957
 21
-74.793728999999999
 31
0
  0
LINE
  5
557
330
1B
100
AcDbEntity
  8
F.Cu
  6
CONTINUOUS
100
AcDbLine
 10
55.5757429999999957
 20
-74.793728999999999
 30
0
 11
55.4290459999999996
 21
-74.6957089999999937
 31
0
  0
LINE
  5
558
330
1B
100
AcDbEntity
  8
F.Cu
  6
CONTINUOUS
100
AcDbLine
 10
55.4290459999999996
 20
-74.6957089999999937
 30
0
 11
55.3042909999999992
 21
-74.5709540000000004
 31
0
  0
LINE
  5
559
330
1B
100
AcDbEntity
  8
F.Cu
  6
CONTINUOUS
100
AcDbLine
 10
55.3042909999999992
 20
-74.5709540000000004
 30
0
 11
55.206271000000001
 21
-74.4242569999999972
 31
0
  0
LINE
  5
55A
330
1B
100
AcDbEntity
  8
F.Cu
  6
CONTINUOUS
100
AcDbLine
 10
55.206271000000001
 20
-74.4242569999999972
 30
0
 11
55.1387539999999987
 21
-74.261256000000003
 31
0
  0
LINE
  5
55B
330
1B
100
AcDbEntity
  8
F.Cu
  6
CONTINUOUS
100
AcDbLine
 10
55.1387539999999987
 20
-74.261256000000003
 30
0
 11
55.1043339999999944
 21
-74.0882149999999911
 31
0
  0
LINE
  5
55C
330
1B
100
AcDbEntity
  8
F.Cu
  6
CONTINUOUS
100
AcDbLine
 10
55.1043339999999944
 20
-74.0882149999999911
 30
0
 11
55.1043339999999944
 21
-73.9117849999999947
 31
0
  0
LINE
  5
55D
330
1B
100
AcDbEntity
  8
F.Cu
  6
CONTINUOUS
100
AcDbLine
 10
55.1043339999999944
 20
-73.9117849999999947
 30
0
 11
55.1387539999999987
 21
-73.738743999999997
 31
0
  0
LINE
  5
55E
330
1B
100
AcDbEntity
  8
F.Cu
  6
CONTINUOUS
100
AcDbLine
 10
55.1387539999999987
 20
-73.738743999999997
 30
0
 11
55.206271000000001
 21
-73.5757430000000028
 31
0
  0
LINE
  5
55F
330
1B
100
AcDbEntity
  8
F.Cu
  6
CONTINUOUS
100
AcDbLine
 10
55.206271000000001
 20
-73.5757430000000028
 30
0
 11
55.3042909999999992
 21
-73.4290459999999996
 31
0
  0
LINE
  5
560
330
1B
100
AcDbEntity
  8
F.Cu
  6
CONTINUOUS
100
AcDbLine
 10
55.3042909999999992
 20
-73.4290459999999996
 30
0
 11
55.4290459999999996
 21
-73.3042909999999921
 31
0
  0
LINE
  5
561
330
1B
100
AcDbEntity
  8
F.Cu
  6
CONTINUOUS
100
AcDbLine
 10
55.4290459999999996
 20
-73.3042909999999921
 30
0
 11
55.5757429999999957
 21
-73.206271000000001
 31
0
  0
LINE
  5
562
330
1B
100
AcDbEntity
  8
F.Cu
  6
CONTINUOUS
100
AcDbLine
 10
55.5757429999999957
 20
-73.206271000000001
 30
0
 11
55.738743999999997
 21
-73.1387539999999916
 31
0
  0
LINE
  5
563
330
1B
100
AcDbEntity
  8
F.Cu
  6
CONTINUOUS
100
AcDbLine
 10
55.738743999999997
 20
-73.1387539999999916
 30
0
 11
55.9117849999999947
 21
-73.1043339999999944
 31
0
  0
LINE
  5
564
330
1B
100
AcDbEntity
  8
F.Cu
  6
CONTINUOUS
100
AcDbLine
 10
55.9117849999999947
 20
-73.1043339999999944
 30
0
 11
56.0882149999999982
 21
-73.1043339999999944
 31
0
  0
LINE
  5
565
330
1B
100
AcDbEntity
  8
F.Cu
  6
CONTINUOUS
100
AcDbLine
 10
56.0882149999999982
 20
-73.1043339999999944
 30
0
 11
56.2612559999999959
 21
-73.1387539999999916
 31
0
  0
LINE
  5
566
330
1B
100
AcDbEntity
  8
F.Cu
  6
CONTINUOUS
100
AcDbLine
 10
56.2612559999999959
 20
-73.1387539999999916
 30
0
 11
56.4242569999999972
 21
-73.206271000000001
 31
0
  0
LINE
  5
567
330
1B
100
AcDbEntity
  8
F.Cu
  6
CONTINUOUS
100
AcDbLine
 10
56.4242569999999972
 20
-73.206271000000001
 30
0
 11
56.5709540000000004
 21
-73.3042909999999921
 31
0
  0
LINE
  5
568
330
1B
100
AcDbEntity
  8
F.Cu
  6
CONTINUOUS
100
AcDbLine
 10
56.5709540000000004
 20
-73.3042909999999921
 30
0
 11
56.6957090000000008
 21
-73.4290459999999996
 31
0
  0
LINE
  5
569
330
1B
100
AcDbEntity
  8
F.Cu
  6
CONTINUOUS
100
AcDbLine
 10
56.6957090000000008
 20
-73.4290459999999996
 30
0
 11
56.7431190000000001
 21
-73.5
 31
0
  0
LINE
  5
56A
330
1B
100
AcDbEntity
  8
F.Cu
  6
CONTINUOUS
100
AcDbLine
 10
56.7431190000000001
 20
-73.5
 30
0
 11
63.658453999999999
 21
-73.5
 31
0
  0
LINE
  5
56B
330
1B
100
AcDbEntity
  8
F.Cu
  6
CONTINUOUS
100
AcDbLine
 10
63.658453999999999
 20
-73.5
 30
0
 11
81.5
 21
-55.658453999999999
 31
0
  0
LINE
  5
56C
330
1B
100
AcDbEntity
  8
F.Cu
  6
CONTINUOUS
100
AcDbLine
 10
81.5
 20
-55.658453999999999
 30
0
 11
81.5
 21
-30.7403300000000002
 31
0
  0
LINE
  5
56D
330
1B
100
AcDbEntity
  8
F.Cu
  6
CONTINUOUS
100
AcDbLine
 10
81.5
 20
-30.7403300000000002
 30
0
 11
81.5042770000000019
 21
-30.6750819999999997
 31
0
  0
LINE
  5
56E
330
1B
100
AcDbEntity
  8
F.Cu
  6
CONTINUOUS
100
AcDbLine
 10
81.5042770000000019
 20
-30.6750819999999997
 30
0
 11
81.5042770000000019
 21
-30.6750669999999985
 31
0
  0
LINE
  5
56F
330
1B
100
AcDbEntity
  8
F.Cu
  6
CONTINUOUS
100
AcDbLine
 10
81.5042770000000019
 20
-30.6750669999999985
 30
0
 11
81.5380600000000015
 21
-30.5489879999999978
 31
0
  0
LINE
  5
570
330
1B
100
AcDbEntity
  8
F.Cu
  6
CONTINUOUS
100
AcDbLine
 10
81.5380600000000015
 20
-30.5489879999999978
 30
0
 11
81.6033230000000032
 21
-30.4359489999999973
 31
0
  0
LINE
  5
571
330
1B
100
AcDbEntity
  8
F.Cu
  6
CONTINUOUS
100
AcDbLine
 10
81.6033230000000032
 20
-30.4359489999999973
 30
0
 11
81.6033379999999937
 21
-30.4359329999999986
 31
0
  0
LINE
  5
572
330
1B
100
AcDbEntity
  8
F.Cu
  6
CONTINUOUS
100
AcDbLine
 10
81.6033379999999937
 20
-30.4359329999999986
 30
0
 11
81.6464469999999949
 21
-30.3867769999999986
 31
0
  0
LINE
  5
573
330
1B
100
AcDbEntity
  8
F.Cu
  6
CONTINUOUS
100
AcDbLine
 10
81.6464469999999949
 20
-30.3867769999999986
 30
0
 11
82.7867770000000007
 21
-29.2464469999999999
 31
0
  0
LINE
  5
574
330
1B
100
AcDbEntity
  8
F.Cu
  6
CONTINUOUS
100
AcDbLine
 10
82.7867770000000007
 20
-29.2464469999999999
 30
0
 11
82.8359399999999937
 21
-29.2033309999999986
 31
0
  0
LINE
  5
575
330
1B
100
AcDbEntity
  8
F.Cu
  6
CONTINUOUS
100
AcDbLine
 10
82.8359399999999937
 20
-29.2033309999999986
 30
0
 11
82.8359489999999994
 21
-29.2033229999999975
 31
0
  0
LINE
  5
576
330
1B
100
AcDbEntity
  8
F.Cu
  6
CONTINUOUS
100
AcDbLine
 10
82.8359489999999994
 20
-29.2033229999999975
 30
0
 11
82.9489879999999999
 21
-29.1380599999999994
 31
0
  0
LINE
  5
577
330
1B
100
AcDbEntity
  8
F.Cu
  6
CONTINUOUS
100
AcDbLine
 10
82.9489879999999999
 20
-29.1380599999999994
 30
0
 11
83.07506699999999
 21
-29.1042769999999997
 31
0
  0
LINE
  5
578
330
1B
100
AcDbEntity
  8
F.Cu
  6
CONTINUOUS
100
AcDbLine
 10
83.07506699999999
 20
-29.1042769999999997
 30
0
 11
83.0750819999999948
 21
-29.1042769999999997
 31
0
  0
LINE
  5
579
330
1B
100
AcDbEntity
  8
F.Cu
  6
CONTINUOUS
100
AcDbLine
 10
83.0750819999999948
 20
-29.1042769999999997
 30
0
 11
83.1403299999999916
 21
-29.0999999999999979
 31
0
  0
LINE
  5
57A
330
1B
100
AcDbEntity
  8
F.Cu
  6
CONTINUOUS
100
AcDbLine
 10
83.1403299999999916
 20
-29.0999999999999979
 30
0
 11
86.3796699999999902
 21
-29.0999999999999979
 31
0
  0
LINE
  5
57B
330
1B
100
AcDbEntity
  8
F.Cu
  6
CONTINUOUS
100
AcDbLine
 10
86.3796699999999902
 20
-29.0999999999999979
 30
0
 11
86.4449180000000013
 21
-29.1042769999999997
 31
0
  0
LINE
  5
57C
330
1B
100
AcDbEntity
  8
F.Cu
  6
CONTINUOUS
100
AcDbLine
 10
106.5992419999999896
 20
-72.8466009999999926
 30
0
 11
106.7531869999999969
 21
-72.9103669999999937
 31
0
  0
LINE
  5
57D
330
1B
100
AcDbEntity
  8
F.Cu
  6
CONTINUOUS
100
AcDbLine
 10
106.7531869999999969
 20
-72.9103669999999937
 30
0
 11
106.8917339999999996
 21
-73.0029409999999928
 31
0
  0
LINE
  5
57E
330
1B
100
AcDbEntity
  8
F.Cu
  6
CONTINUOUS
100
AcDbLine
 10
106.8917339999999996
 20
-73.0029409999999928
 30
0
 11
107.0095589999999959
 21
-73.1207660000000033
 31
0
  0
LINE
  5
57F
330
1B
100
AcDbEntity
  8
F.Cu
  6
CONTINUOUS
100
AcDbLine
 10
107.0095589999999959
 20
-73.1207660000000033
 30
0
 11
107.1021329999999949
 21
-73.2593129999999917
 31
0
  0
LINE
  5
580
330
1B
100
AcDbEntity
  8
F.Cu
  6
CONTINUOUS
100
AcDbLine
 10
107.1021329999999949
 20
-73.2593129999999917
 30
0
 11
107.165898999999996
 21
-73.413257999999999
 31
0
  0
LINE
  5
581
330
1B
100
AcDbEntity
  8
F.Cu
  6
CONTINUOUS
100
AcDbLine
 10
107.165898999999996
 20
-73.413257999999999
 30
0
 11
107.1984069999999889
 21
-73.5766849999999977
 31
0
  0
LINE
  5
582
330
1B
100
AcDbEntity
  8
F.Cu
  6
CONTINUOUS
100
AcDbLine
 10
107.1984069999999889
 20
-73.5766849999999977
 30
0
 11
107.1984069999999889
 21
-73.7433149999999955
 31
0
  0
LINE
  5
583
330
1B
100
AcDbEntity
  8
F.Cu
  6
CONTINUOUS
100
AcDbLine
 10
107.1984069999999889
 20
-73.7433149999999955
 30
0
 11
107.165898999999996
 21
-73.9067419999999942
 31
0
  0
LINE
  5
584
330
1B
100
AcDbEntity
  8
F.Cu
  6
CONTINUOUS
100
AcDbLine
 10
107.165898999999996
 20
-73.9067419999999942
 30
0
 11
107.1021329999999949
 21
-74.0606870000000015
 31
0
  0
LINE
  5
585
330
1B
100
AcDbEntity
  8
F.Cu
  6
CONTINUOUS
100
AcDbLine
 10
107.1021329999999949
 20
-74.0606870000000015
 30
0
 11
107.0095589999999959
 21
-74.1992339999999899
 31
0
  0
LINE
  5
586
330
1B
100
AcDbEntity
  8
F.Cu
  6
CONTINUOUS
100
AcDbLine
 10
107.0095589999999959
 20
-74.1992339999999899
 30
0
 11
106.8917339999999996
 21
-74.3170590000000004
 31
0
  0
LINE
  5
587
330
1B
100
AcDbEntity
  8
F.Cu
  6
CONTINUOUS
100
AcDbLine
 10
106.8917339999999996
 20
-74.3170590000000004
 30
0
 11
106.7531869999999969
 21
-74.4096329999999995
 31
0
  0
LINE
  5
588
330
1B
100
AcDbEntity
  8
F.Cu
  6
CONTINUOUS
100
AcDbLine
 10
106.7531869999999969
 20
-74.4096329999999995
 30
0
 11
106.5992419999999896
 21
-74.4733990000000006
 31
0
  0
LINE
  5
589
330
1B
100
AcDbEntity
  8
F.Cu
  6
CONTINUOUS
100
AcDbLine
 10
106.5992419999999896
 20
-74.4733990000000006
 30
0
 11
106.435814999999991
 21
-74.5059069999999934
 31
0
  0
LINE
  5
58A
330
1B
100
AcDbEntity
  8
F.Cu
  6
CONTINUOUS
100
AcDbLine
 10
106.435814999999991
 20
-74.5059069999999934
 30
0
 11
106.2691849999999931
 21
-74.5059069999999934
 31
0
  0
LINE
  5
58B
330
1B
100
AcDbEntity
  8
F.Cu
  6
CONTINUOUS
100
AcDbLine
 10
106.2691849999999931
 20
-74.5059069999999934
 30
0
 11
106.1057579999999945
 21
-74.4733990000000006
 31
0
  0
LINE
  5
58C
330
1B
100
AcDbEntity
  8
F.Cu
  6
CONTINUOUS
100
AcDbLine
 10
106.1057579999999945
 20
-74.4733990000000006
 30
0
 11
105.9518130000000014
 21
-74.4096329999999995
 31
0
  0
LINE
  5
58D
330
1B
100
AcDbEntity
  8
F.Cu
  6
CONTINUOUS
100
AcDbLine
 10
105.9518130000000014
 20
-74.4096329999999995
 30
0
 11
105.8132659999999987
 21
-74.3170590000000004
 31
0
  0
LINE
  5
58E
330
1B
100
AcDbEntity
  8
F.Cu
  6
CONTINUOUS
100
AcDbLine
 10
105.8132659999999987
 20
-74.3170590000000004
 30
0
 11
105.6954409999999882
 21
-74.1992339999999899
 31
0
  0
LINE
  5
58F
330
1B
100
AcDbEntity
  8
F.Cu
  6
CONTINUOUS
100
AcDbLine
 10
105.6954409999999882
 20
-74.1992339999999899
 30
0
 11
105.6028669999999892
 21
-74.0606870000000015
 31
0
  0
LINE
  5
590
330
1B
100
AcDbEntity
  8
F.Cu
  6
CONTINUOUS
100
AcDbLine
 10
105.6028669999999892
 20
-74.0606870000000015
 30
0
 11
105.5391010000000023
 21
-73.9067419999999942
 31
0
  0
LINE
  5
591
330
1B
100
AcDbEntity
  8
F.Cu
  6
CONTINUOUS
100
AcDbLine
 10
105.5391010000000023
 20
-73.9067419999999942
 30
0
 11
105.5065929999999952
 21
-73.7433149999999955
 31
0
  0
LINE
  5
592
330
1B
100
AcDbEntity
  8
F.Cu
  6
CONTINUOUS
100
AcDbLine
 10
105.5065929999999952
 20
-73.7433149999999955
 30
0
 11
105.5065929999999952
 21
-73.5766849999999977
 31
0
  0
LINE
  5
593
330
1B
100
AcDbEntity
  8
F.Cu
  6
CONTINUOUS
100
AcDbLine
 10
105.5065929999999952
 20
-73.5766849999999977
 30
0
 11
105.5391010000000023
 21
-73.413257999999999
 31
0
  0
LINE
  5
594
330
1B
100
AcDbEntity
  8
F.Cu
  6
CONTINUOUS
100
AcDbLine
 10
105.5391010000000023
 20
-73.413257999999999
 30
0
 11
105.6028669999999892
 21
-73.2593129999999917
 31
0
  0
LINE
  5
595
330
1B
100
AcDbEntity
  8
F.Cu
  6
CONTINUOUS
100
AcDbLine
 10
105.6028669999999892
 20
-73.2593129999999917
 30
0
 11
105.6954409999999882
 21
-73.1207660000000033
 31
0
  0
LINE
  5
596
330
1B
100
AcDbEntity
  8
F.Cu
  6
CONTINUOUS
100
AcDbLine
 10
105.6954409999999882
 20
-73.1207660000000033
 30
0
 11
105.8132659999999987
 21
-73.0029409999999928
 31
0
  0
LINE
  5
597
330
1B
100
AcDbEntity
  8
F.Cu
  6
CONTINUOUS
100
AcDbLine
 10
105.8132659999999987
 20
-73.0029409999999928
 30
0
 11
105.9518130000000014
 21
-72.9103669999999937
 31
0
  0
LINE
  5
598
330
1B
100
AcDbEntity
  8
F.Cu
  6
CONTINUOUS
100
AcDbLine
 10
105.9518130000000014
 20
-72.9103669999999937
 30
0
 11
106.1057579999999945
 21
-72.8466009999999926
 31
0
  0
LINE
  5
599
330
1B
100
AcDbEntity
  8
F.Cu
  6
CONTINUOUS
100
AcDbLine
 10
106.1057579999999945
 20
-72.8466009999999926
 30
0
 11
106.2691849999999931
 21
-72.8140929999999997
 31
0
  0
LINE
  5
59A
330
1B
100
AcDbEntity
  8
F.Cu
  6
CONTINUOUS
100
AcDbLine
 10
106.2691849999999931
 20
-72.8140929999999997
 30
0
 11
106.435814999999991
 21
-72.8140929999999997
 31
0
  0
LINE
  5
59B
330
1B
100
AcDbEntity
  8
F.Cu
  6
CONTINUOUS
100
AcDbLine
 10
106.435814999999991
 20
-72.8140929999999997
 30
0
 11
106.5992419999999896
 21
-72.8466009999999926
 31
0
  0
LINE
  5
59C
330
1B
100
AcDbEntity
  8
F.Cu
  6
CONTINUOUS
100
AcDbLine
 10
89.360913999999994
 20
-72.8638519999999943
 30
0
 11
89.514727999999991
 21
-72.894447999999997
 31
0
  0
LINE
  5
59D
330
1B
100
AcDbEntity
  8
F.Cu
  6
CONTINUOUS
100
AcDbLine
 10
89.514727999999991
 20
-72.894447999999997
 30
0
 11
89.6596169999999972
 21
-72.9544629999999898
 31
0
  0
LINE
  5
59E
330
1B
100
AcDbEntity
  8
F.Cu
  6
CONTINUOUS
100
AcDbLine
 10
89.6596169999999972
 20
-72.9544629999999898
 30
0
 11
89.7900149999999968
 21
-73.0415919999999943
 31
0
  0
LINE
  5
59F
330
1B
100
AcDbEntity
  8
F.Cu
  6
CONTINUOUS
100
AcDbLine
 10
89.7900149999999968
 20
-73.0415919999999943
 30
0
 11
89.9009080000000012
 21
-73.1524849999999986
 31
0
  0
LINE
  5
5A0
330
1B
100
AcDbEntity
  8
F.Cu
  6
CONTINUOUS
100
AcDbLine
 10
89.9009080000000012
 20
-73.1524849999999986
 30
0
 11
89.9880369999999914
 21
-73.2828829999999982
 31
0
  0
LINE
  5
5A1
330
1B
100
AcDbEntity
  8
F.Cu
  6
CONTINUOUS
100
AcDbLine
 10
89.9880369999999914
 20
-73.2828829999999982
 30
0
 11
90.0480519999999984
 21
-73.4277719999999903
 31
0
  0
LINE
  5
5A2
330
1B
100
AcDbEntity
  8
F.Cu
  6
CONTINUOUS
100
AcDbLine
 10
90.0480519999999984
 20
-73.4277719999999903
 30
0
 11
90.0786480000000012
 21
-73.5815860000000015
 31
0
  0
LINE
  5
5A3
330
1B
100
AcDbEntity
  8
F.Cu
  6
CONTINUOUS
100
AcDbLine
 10
90.0786480000000012
 20
-73.5815860000000015
 30
0
 11
90.0786480000000012
 21
-73.7384139999999917
 31
0
  0
LINE
  5
5A4
330
1B
100
AcDbEntity
  8
F.Cu
  6
CONTINUOUS
100
AcDbLine
 10
90.0786480000000012
 20
-73.7384139999999917
 30
0
 11
90.0480519999999984
 21
-73.8922280000000029
 31
0
  0
LINE
  5
5A5
330
1B
100
AcDbEntity
  8
F.Cu
  6
CONTINUOUS
100
AcDbLine
 10
90.0480519999999984
 20
-73.8922280000000029
 30
0
 11
89.9880369999999914
 21
-74.037116999999995
 31
0
  0
LINE
  5
5A6
330
1B
100
AcDbEntity
  8
F.Cu
  6
CONTINUOUS
100
AcDbLine
 10
89.9880369999999914
 20
-74.037116999999995
 30
0
 11
89.9009080000000012
 21
-74.1675149999999945
 31
0
  0
LINE
  5
5A7
330
1B
100
AcDbEntity
  8
F.Cu
  6
CONTINUOUS
100
AcDbLine
 10
89.9009080000000012
 20
-74.1675149999999945
 30
0
 11
89.7900149999999968
 21
-74.2784079999999989
 31
0
  0
LINE
  5
5A8
330
1B
100
AcDbEntity
  8
F.Cu
  6
CONTINUOUS
100
AcDbLine
 10
89.7900149999999968
 20
-74.2784079999999989
 30
0
 11
89.6596169999999972
 21
-74.3655370000000033
 31
0
  0
LINE
  5
5A9
330
1B
100
AcDbEntity
  8
F.Cu
  6
CONTINUOUS
100
AcDbLine
 10
89.6596169999999972
 20
-74.3655370000000033
 30
0
 11
89.514727999999991
 21
-74.4255519999999962
 31
0
  0
LINE
  5
5AA
330
1B
100
AcDbEntity
  8
F.Cu
  6
CONTINUOUS
100
AcDbLine
 10
89.514727999999991
 20
-74.4255519999999962
 30
0
 11
89.360913999999994
 21
-74.4561479999999989
 31
0
  0
LINE
  5
5AB
330
1B
100
AcDbEntity
  8
F.Cu
  6
CONTINUOUS
100
AcDbLine
 10
89.360913999999994
 20
-74.4561479999999989
 30
0
 11
89.2824999999999989
 21
-74.4599999999999937
 31
0
  0
LINE
  5
5AC
330
1B
100
AcDbEntity
  8
F.Cu
  6
CONTINUOUS
100
AcDbLine
 10
89.2824999999999989
 20
-74.4599999999999937
 30
0
 11
88.4825000000000017
 21
-74.4599999999999937
 31
0
  0
LINE
  5
5AD
330
1B
100
AcDbEntity
  8
F.Cu
  6
CONTINUOUS
100
AcDbLine
 10
88.4825000000000017
 20
-74.4599999999999937
 30
0
 11
88.4040859999999924
 21
-74.4561479999999989
 31
0
  0
LINE
  5
5AE
330
1B
100
AcDbEntity
  8
F.Cu
  6
CONTINUOUS
100
AcDbLine
 10
88.4040859999999924
 20
-74.4561479999999989
 30
0
 11
88.2502719999999954
 21
-74.4255519999999962
 31
0
  0
LINE
  5
5AF
330
1B
100
AcDbEntity
  8
F.Cu
  6
CONTINUOUS
100
AcDbLine
 10
88.2502719999999954
 20
-74.4255519999999962
 30
0
 11
88.1053829999999891
 21
-74.3655370000000033
 31
0
  0
LINE
  5
5B0
330
1B
100
AcDbEntity
  8
F.Cu
  6
CONTINUOUS
100
AcDbLine
 10
88.1053829999999891
 20
-74.3655370000000033
 30
0
 11
87.9749849999999896
 21
-74.2784079999999989
 31
0
  0
LINE
  5
5B1
330
1B
100
AcDbEntity
  8
F.Cu
  6
CONTINUOUS
100
AcDbLine
 10
87.9749849999999896
 20
-74.2784079999999989
 30
0
 11
87.8640919999999994
 21
-74.1675149999999945
 31
0
  0
LINE
  5
5B2
330
1B
100
AcDbEntity
  8
F.Cu
  6
CONTINUOUS
100
AcDbLine
 10
87.8640919999999994
 20
-74.1675149999999945
 30
0
 11
87.776962999999995
 21
-74.037116999999995
 31
0
  0
LINE
  5
5B3
330
1B
100
AcDbEntity
  8
F.Cu
  6
CONTINUOUS
100
AcDbLine
 10
87.776962999999995
 20
-74.037116999999995
 30
0
 11
87.7169480000000021
 21
-73.8922280000000029
 31
0
  0
LINE
  5
5B4
330
1B
100
AcDbEntity
  8
F.Cu
  6
CONTINUOUS
100
AcDbLine
 10
87.7169480000000021
 20
-73.8922280000000029
 30
0
 11
87.6863519999999994
 21
-73.7384139999999917
 31
0
  0
LINE
  5
5B5
330
1B
100
AcDbEntity
  8
F.Cu
  6
CONTINUOUS
100
AcDbLine
 10
87.6863519999999994
 20
-73.7384139999999917
 30
0
 11
87.6863519999999994
 21
-73.5815860000000015
 31
0
  0
LINE
  5
5B6
330
1B
100
AcDbEntity
  8
F.Cu
  6
CONTINUOUS
100
AcDbLine
 10
87.6863519999999994
 20
-73.5815860000000015
 30
0
 11
87.7169480000000021
 21
-73.4277719999999903
 31
0
  0
LINE
  5
5B7
330
1B
100
AcDbEntity
  8
F.Cu
  6
CONTINUOUS
100
AcDbLine
 10
87.7169480000000021
 20
-73.4277719999999903
 30
0
 11
87.776962999999995
 21
-73.2828829999999982
 31
0
  0
LINE
  5
5B8
330
1B
100
AcDbEntity
  8
F.Cu
  6
CONTINUOUS
100
AcDbLine
 10
87.776962999999995
 20
-73.2828829999999982
 30
0
 11
87.8640919999999994
 21
-73.1524849999999986
 31
0
  0
LINE
  5
5B9
330
1B
100
AcDbEntity
  8
F.Cu
  6
CONTINUOUS
100
AcDbLine
 10
87.8640919999999994
 20
-73.1524849999999986
 30
0
 11
87.9749849999999896
 21
-73.0415919999999943
 31
0
  0
LINE
  5
5BA
330
1B
100
AcDbEntity
  8
F.Cu
  6
CONTINUOUS
100
AcDbLine
 10
87.9749849999999896
 20
-73.0415919999999943
 30
0
 11
88.1053829999999891
 21
-72.9544629999999898
 31
0
  0
LINE
  5
5BB
330
1B
100
AcDbEntity
  8
F.Cu
  6
CONTINUOUS
100
AcDbLine
 10
88.1053829999999891
 20
-72.9544629999999898
 30
0
 11
88.2502719999999954
 21
-72.894447999999997
 31
0
  0
LINE
  5
5BC
330
1B
100
AcDbEntity
  8
F.Cu
  6
CONTINUOUS
100
AcDbLine
 10
88.2502719999999954
 20
-72.894447999999997
 30
0
 11
88.4040859999999924
 21
-72.8638519999999943
 31
0
  0
LINE
  5
5BD
330
1B
100
AcDbEntity
  8
F.Cu
  6
CONTINUOUS
100
AcDbLine
 10
88.4040859999999924
 20
-72.8638519999999943
 30
0
 11
88.4825000000000017
 21
-72.8599999999999994
 31
0
  0
LINE
  5
5BE
330
1B
100
AcDbEntity
  8
F.Cu
  6
CONTINUOUS
100
AcDbLine
 10
88.4825000000000017
 20
-72.8599999999999994
 30
0
 11
89.2824999999999989
 21
-72.8599999999999994
 31
0
  0
LINE
  5
5BF
330
1B
100
AcDbEntity
  8
F.Cu
  6
CONTINUOUS
100
AcDbLine
 10
89.2824999999999989
 20
-72.8599999999999994
 30
0
 11
89.360913999999994
 21
-72.8638519999999943
 31
0
  0
LINE
  5
5C0
330
1B
100
AcDbEntity
  8
F.Cu
  6
CONTINUOUS
100
AcDbLine
 10
96.9809139999999985
 20
-72.8638519999999943
 30
0
 11
97.1347279999999955
 21
-72.894447999999997
 31
0
  0
LINE
  5
5C1
330
1B
100
AcDbEntity
  8
F.Cu
  6
CONTINUOUS
100
AcDbLine
 10
97.1347279999999955
 20
-72.894447999999997
 30
0
 11
97.2796170000000018
 21
-72.9544629999999898
 31
0
  0
LINE
  5
5C2
330
1B
100
AcDbEntity
  8
F.Cu
  6
CONTINUOUS
100
AcDbLine
 10
97.2796170000000018
 20
-72.9544629999999898
 30
0
 11
97.4100150000000014
 21
-73.0415919999999943
 31
0
  0
LINE
  5
5C3
330
1B
100
AcDbEntity
  8
F.Cu
  6
CONTINUOUS
100
AcDbLine
 10
97.4100150000000014
 20
-73.0415919999999943
 30
0
 11
97.5209079999999915
 21
-73.1524849999999986
 31
0
  0
LINE
  5
5C4
330
1B
100
AcDbEntity
  8
F.Cu
  6
CONTINUOUS
100
AcDbLine
 10
97.5209079999999915
 20
-73.1524849999999986
 30
0
 11
97.6080369999999959
 21
-73.2828829999999982
 31
0
  0
LINE
  5
5C5
330
1B
100
AcDbEntity
  8
F.Cu
  6
CONTINUOUS
100
AcDbLine
 10
97.6080369999999959
 20
-73.2828829999999982
 30
0
 11
97.6680519999999888
 21
-73.4277719999999903
 31
0
  0
LINE
  5
5C6
330
1B
100
AcDbEntity
  8
F.Cu
  6
CONTINUOUS
100
AcDbLine
 10
97.6680519999999888
 20
-73.4277719999999903
 30
0
 11
97.6986479999999915
 21
-73.5815860000000015
 31
0
  0
LINE
  5
5C7
330
1B
100
AcDbEntity
  8
F.Cu
  6
CONTINUOUS
100
AcDbLine
 10
97.6986479999999915
 20
-73.5815860000000015
 30
0
 11
97.6986479999999915
 21
-73.7384139999999917
 31
0
  0
LINE
  5
5C8
330
1B
100
AcDbEntity
  8
F.Cu
  6
CONTINUOUS
100
AcDbLine
 10
97.6986479999999915
 20
-73.7384139999999917
 30
0
 11
97.6680519999999888
 21
-73.8922280000000029
 31
0
  0
LINE
  5
5C9
330
1B
100
AcDbEntity
  8
F.Cu
  6
CONTINUOUS
100
AcDbLine
 10
97.6680519999999888
 20
-73.8922280000000029
 30
0
 11
97.6080369999999959
 21
-74.037116999999995
 31
0
  0
LINE
  5
5CA
330
1B
100
AcDbEntity
  8
F.Cu
  6
CONTINUOUS
100
AcDbLine
 10
97.6080369999999959
 20
-74.037116999999995
 30
0
 11
97.5209079999999915
 21
-74.1675149999999945
 31
0
  0
LINE
  5
5CB
330
1B
100
AcDbEntity
  8
F.Cu
  6
CONTINUOUS
100
AcDbLine
 10
97.5209079999999915
 20
-74.1675149999999945
 30
0
 11
97.4100150000000014
 21
-74.2784079999999989
 31
0
  0
LINE
  5
5CC
330
1B
100
AcDbEntity
  8
F.Cu
  6
CONTINUOUS
100
AcDbLine
 10
97.4100150000000014
 20
-74.2784079999999989
 30
0
 11
97.2796170000000018
 21
-74.3655370000000033
 31
0
  0
LINE
  5
5CD
330
1B
100
AcDbEntity
  8
F.Cu
  6
CONTINUOUS
100
AcDbLine
 10
97.2796170000000018
 20
-74.3655370000000033
 30
0
 11
97.1347279999999955
 21
-74.4255519999999962
 31
0
  0
LINE
  5
5CE
330
1B
100
AcDbEntity
  8
F.Cu
  6
CONTINUOUS
100
AcDbLine
 10
97.1347279999999955
 20
-74.4255519999999962
 30
0
 11
96.9809139999999985
 21
-74.4561479999999989
 31
0
  0
LINE
  5
5CF
330
1B
100
AcDbEntity
  8
F.Cu
  6
CONTINUOUS
100
AcDbLine
 10
96.9809139999999985
 20
-74.4561479999999989
 30
0
 11
96.9024999999999892
 21
-74.4599999999999937
 31
0
  0
LINE
  5
5D0
330
1B
100
AcDbEntity
  8
F.Cu
  6
CONTINUOUS
100
AcDbLine
 10
96.9024999999999892
 20
-74.4599999999999937
 30
0
 11
96.102499999999992
 21
-74.4599999999999937
 31
0
  0
LINE
  5
5D1
330
1B
100
AcDbEntity
  8
F.Cu
  6
CONTINUOUS
100
AcDbLine
 10
96.102499999999992
 20
-74.4599999999999937
 30
0
 11
96.0240859999999969
 21
-74.4561479999999989
 31
0
  0
LINE
  5
5D2
330
1B
100
AcDbEntity
  8
F.Cu
  6
CONTINUOUS
100
AcDbLine
 10
96.0240859999999969
 20
-74.4561479999999989
 30
0
 11
95.8702719999999999
 21
-74.4255519999999962
 31
0
  0
LINE
  5
5D3
330
1B
100
AcDbEntity
  8
F.Cu
  6
CONTINUOUS
100
AcDbLine
 10
95.8702719999999999
 20
-74.4255519999999962
 30
0
 11
95.7253829999999937
 21
-74.3655370000000033
 31
0
  0
LINE
  5
5D4
330
1B
100
AcDbEntity
  8
F.Cu
  6
CONTINUOUS
100
AcDbLine
 10
95.7253829999999937
 20
-74.3655370000000033
 30
0
 11
95.5949849999999941
 21
-74.2784079999999989
 31
0
  0
LINE
  5
5D5
330
1B
100
AcDbEntity
  8
F.Cu
  6
CONTINUOUS
100
AcDbLine
 10
95.5949849999999941
 20
-74.2784079999999989
 30
0
 11
95.4840919999999898
 21
-74.1675149999999945
 31
0
  0
LINE
  5
5D6
330
1B
100
AcDbEntity
  8
F.Cu
  6
CONTINUOUS
100
AcDbLine
 10
95.4840919999999898
 20
-74.1675149999999945
 30
0
 11
95.3969629999999995
 21
-74.037116999999995
 31
0
  0
LINE
  5
5D7
330
1B
100
AcDbEntity
  8
F.Cu
  6
CONTINUOUS
100
AcDbLine
 10
95.3969629999999995
 20
-74.037116999999995
 30
0
 11
95.3369479999999925
 21
-73.8922280000000029
 31
0
  0
LINE
  5
5D8
330
1B
100
AcDbEntity
  8
F.Cu
  6
CONTINUOUS
100
AcDbLine
 10
95.3369479999999925
 20
-73.8922280000000029
 30
0
 11
95.3063519999999897
 21
-73.7384139999999917
 31
0
  0
LINE
  5
5D9
330
1B
100
AcDbEntity
  8
F.Cu
  6
CONTINUOUS
100
AcDbLine
 10
95.3063519999999897
 20
-73.7384139999999917
 30
0
 11
95.3063519999999897
 21
-73.5815860000000015
 31
0
  0
LINE
  5
5DA
330
1B
100
AcDbEntity
  8
F.Cu
  6
CONTINUOUS
100
AcDbLine
 10
95.3063519999999897
 20
-73.5815860000000015
 30
0
 11
95.3369479999999925
 21
-73.4277719999999903
 31
0
  0
LINE
  5
5DB
330
1B
100
AcDbEntity
  8
F.Cu
  6
CONTINUOUS
100
AcDbLine
 10
95.3369479999999925
 20
-73.4277719999999903
 30
0
 11
95.3969629999999995
 21
-73.2828829999999982
 31
0
  0
LINE
  5
5DC
330
1B
100
AcDbEntity
  8
F.Cu
  6
CONTINUOUS
100
AcDbLine
 10
95.3969629999999995
 20
-73.2828829999999982
 30
0
 11
95.4840919999999898
 21
-73.1524849999999986
 31
0
  0
LINE
  5
5DD
330
1B
100
AcDbEntity
  8
F.Cu
  6
CONTINUOUS
100
AcDbLine
 10
95.4840919999999898
 20
-73.1524849999999986
 30
0
 11
95.5949849999999941
 21
-73.0415919999999943
 31
0
  0
LINE
  5
5DE
330
1B
100
AcDbEntity
  8
F.Cu
  6
CONTINUOUS
100
AcDbLine
 10
95.5949849999999941
 20
-73.0415919999999943
 30
0
 11
95.7253829999999937
 21
-72.9544629999999898
 31
0
  0
LINE
  5
5DF
330
1B
100
AcDbEntity
  8
F.Cu
  6
CONTINUOUS
100
AcDbLine
 10
95.7253829999999937
 20
-72.9544629999999898
 30
0
 11
95.8702719999999999
 21
-72.894447999999997
 31
0
  0
LINE
  5
5E0
330
1B
100
AcDbEntity
  8
F.Cu
  6
CONTINUOUS
100
AcDbLine
 10
95.8702719999999999
 20
-72.894447999999997
 30
0
 11
96.0240859999999969
 21
-72.8638519999999943
 31
0
  0
LINE
  5
5E1
330
1B
100
AcDbEntity
  8
F.Cu
  6
CONTINUOUS
100
AcDbLine
 10
96.0240859999999969
 20
-72.8638519999999943
 30
0
 11
96.102499999999992
 21
-72.8599999999999994
 31
0
  0
LINE
  5
5E2
330
1B
100
AcDbEntity
  8
F.Cu
  6
CONTINUOUS
100
AcDbLine
 10
96.102499999999992
 20
-72.8599999999999994
 30
0
 11
96.9024999999999892
 21
-72.8599999999999994
 31
0
  0
LINE
  5
5E3
330
1B
100
AcDbEntity
  8
F.Cu
  6
CONTINUOUS
100
AcDbLine
 10
96.9024999999999892
 20
-72.8599999999999994
 30
0
 11
96.9809139999999985
 21
-72.8638519999999943
 31
0
  0
LINE
  5
5E4
330
1B
100
AcDbEntity
  8
F.Cu
  6
CONTINUOUS
100
AcDbLine
 10
106.5992419999999896
 20
-70.3066010000000006
 30
0
 11
106.7531869999999969
 21
-70.3703670000000017
 31
0
  0
LINE
  5
5E5
330
1B
100
AcDbEntity
  8
F.Cu
  6
CONTINUOUS
100
AcDbLine
 10
106.7531869999999969
 20
-70.3703670000000017
 30
0
 11
106.8917339999999996
 21
-70.4629410000000007
 31
0
  0
LINE
  5
5E6
330
1B
100
AcDbEntity
  8
F.Cu
  6
CONTINUOUS
100
AcDbLine
 10
106.8917339999999996
 20
-70.4629410000000007
 30
0
 11
107.0095589999999959
 21
-70.580765999999997
 31
0
  0
LINE
  5
5E7
330
1B
100
AcDbEntity
  8
F.Cu
  6
CONTINUOUS
100
AcDbLine
 10
107.0095589999999959
 20
-70.580765999999997
 30
0
 11
107.1021329999999949
 21
-70.7193129999999996
 31
0
  0
LINE
  5
5E8
330
1B
100
AcDbEntity
  8
F.Cu
  6
CONTINUOUS
100
AcDbLine
 10
107.1021329999999949
 20
-70.7193129999999996
 30
0
 11
107.165898999999996
 21
-70.8732579999999928
 31
0
  0
LINE
  5
5E9
330
1B
100
AcDbEntity
  8
F.Cu
  6
CONTINUOUS
100
AcDbLine
 10
107.165898999999996
 20
-70.8732579999999928
 30
0
 11
107.1984069999999889
 21
-71.0366849999999914
 31
0
  0
LINE
  5
5EA
330
1B
100
AcDbEntity
  8
F.Cu
  6
CONTINUOUS
100
AcDbLine
 10
107.1984069999999889
 20
-71.0366849999999914
 30
0
 11
107.1984069999999889
 21
-71.2033150000000035
 31
0
  0
LINE
  5
5EB
330
1B
100
AcDbEntity
  8
F.Cu
  6
CONTINUOUS
100
AcDbLine
 10
107.1984069999999889
 20
-71.2033150000000035
 30
0
 11
107.165898999999996
 21
-71.3667420000000021
 31
0
  0
LINE
  5
5EC
330
1B
100
AcDbEntity
  8
F.Cu
  6
CONTINUOUS
100
AcDbLine
 10
107.165898999999996
 20
-71.3667420000000021
 30
0
 11
107.1021329999999949
 21
-71.5206869999999952
 31
0
  0
LINE
  5
5ED
330
1B
100
AcDbEntity
  8
F.Cu
  6
CONTINUOUS
100
AcDbLine
 10
107.1021329999999949
 20
-71.5206869999999952
 30
0
 11
107.0095589999999959
 21
-71.6592339999999979
 31
0
  0
LINE
  5
5EE
330
1B
100
AcDbEntity
  8
F.Cu
  6
CONTINUOUS
100
AcDbLine
 10
107.0095589999999959
 20
-71.6592339999999979
 30
0
 11
106.8917339999999996
 21
-71.7770589999999942
 31
0
  0
LINE
  5
5EF
330
1B
100
AcDbEntity
  8
F.Cu
  6
CONTINUOUS
100
AcDbLine
 10
106.8917339999999996
 20
-71.7770589999999942
 30
0
 11
106.7531869999999969
 21
-71.8696329999999932
 31
0
  0
LINE
  5
5F0
330
1B
100
AcDbEntity
  8
F.Cu
  6
CONTINUOUS
100
AcDbLine
 10
106.7531869999999969
 20
-71.8696329999999932
 30
0
 11
106.5992419999999896
 21
-71.9333989999999943
 31
0
  0
LINE
  5
5F1
330
1B
100
AcDbEntity
  8
F.Cu
  6
CONTINUOUS
100
AcDbLine
 10
106.5992419999999896
 20
-71.9333989999999943
 30
0
 11
106.435814999999991
 21
-71.9659070000000014
 31
0
  0
LINE
  5
5F2
330
1B
100
AcDbEntity
  8
F.Cu
  6
CONTINUOUS
100
AcDbLine
 10
106.435814999999991
 20
-71.9659070000000014
 30
0
 11
106.2691849999999931
 21
-71.9659070000000014
 31
0
  0
LINE
  5
5F3
330
1B
100
AcDbEntity
  8
F.Cu
  6
CONTINUOUS
100
AcDbLine
 10
106.2691849999999931
 20
-71.9659070000000014
 30
0
 11
106.1057579999999945
 21
-71.9333989999999943
 31
0
  0
LINE
  5
5F4
330
1B
100
AcDbEntity
  8
F.Cu
  6
CONTINUOUS
100
AcDbLine
 10
106.1057579999999945
 20
-71.9333989999999943
 30
0
 11
105.9518130000000014
 21
-71.8696329999999932
 31
0
  0
LINE
  5
5F5
330
1B
100
AcDbEntity
  8
F.Cu
  6
CONTINUOUS
100
AcDbLine
 10
105.9518130000000014
 20
-71.8696329999999932
 30
0
 11
105.8132659999999987
 21
-71.7770589999999942
 31
0
  0
LINE
  5
5F6
330
1B
100
AcDbEntity
  8
F.Cu
  6
CONTINUOUS
100
AcDbLine
 10
105.8132659999999987
 20
-71.7770589999999942
 30
0
 11
105.6954409999999882
 21
-71.6592339999999979
 31
0
  0
LINE
  5
5F7
330
1B
100
AcDbEntity
  8
F.Cu
  6
CONTINUOUS
100
AcDbLine
 10
105.6954409999999882
 20
-71.6592339999999979
 30
0
 11
105.6028669999999892
 21
-71.5206869999999952
 31
0
  0
LINE
  5
5F8
330
1B
100
AcDbEntity
  8
F.Cu
  6
CONTINUOUS
100
AcDbLine
 10
105.6028669999999892
 20
-71.5206869999999952
 30
0
 11
105.5391010000000023
 21
-71.3667420000000021
 31
0
  0
LINE
  5
5F9
330
1B
100
AcDbEntity
  8
F.Cu
  6
CONTINUOUS
100
AcDbLine
 10
105.5391010000000023
 20
-71.3667420000000021
 30
0
 11
105.5065929999999952
 21
-71.2033150000000035
 31
0
  0
LINE
  5
5FA
330
1B
100
AcDbEntity
  8
F.Cu
  6
CONTINUOUS
100
AcDbLine
 10
105.5065929999999952
 20
-71.2033150000000035
 30
0
 11
105.5065929999999952
 21
-71.0366849999999914
 31
0
  0
LINE
  5
5FB
330
1B
100
AcDbEntity
  8
F.Cu
  6
CONTINUOUS
100
AcDbLine
 10
105.5065929999999952
 20
-71.0366849999999914
 30
0
 11
105.5391010000000023
 21
-70.8732579999999928
 31
0
  0
LINE
  5
5FC
330
1B
100
AcDbEntity
  8
F.Cu
  6
CONTINUOUS
100
AcDbLine
 10
105.5391010000000023
 20
-70.8732579999999928
 30
0
 11
105.6028669999999892
 21
-70.7193129999999996
 31
0
  0
LINE
  5
5FD
330
1B
100
AcDbEntity
  8
F.Cu
  6
CONTINUOUS
100
AcDbLine
 10
105.6028669999999892
 20
-70.7193129999999996
 30
0
 11
105.6954409999999882
 21
-70.580765999999997
 31
0
  0
LINE
  5
5FE
330
1B
100
AcDbEntity
  8
F.Cu
  6
CONTINUOUS
100
AcDbLine
 10
105.6954409999999882
 20
-70.580765999999997
 30
0
 11
105.8132659999999987
 21
-70.4629410000000007
 31
0
  0
LINE
  5
5FF
330
1B
100
AcDbEntity
  8
F.Cu
  6
CONTINUOUS
100
AcDbLine
 10
105.8132659999999987
 20
-70.4629410000000007
 30
0
 11
105.9518130000000014
 21
-70.3703670000000017
 31
0
  0
LINE
  5
600
330
1B
100
AcDbEntity
  8
F.Cu
  6
CONTINUOUS
100
AcDbLine
 10
105.9518130000000014
 20
-70.3703670000000017
 30
0
 11
106.1057579999999945
 21
-70.3066010000000006
 31
0
  0
LINE
  5
601
330
1B
100
AcDbEntity
  8
F.Cu
  6
CONTINUOUS
100
AcDbLine
 10
106.1057579999999945
 20
-70.3066010000000006
 30
0
 11
106.2691849999999931
 21
-70.2740929999999935
 31
0
  0
LINE
  5
602
330
1B
100
AcDbEntity
  8
F.Cu
  6
CONTINUOUS
100
AcDbLine
 10
106.2691849999999931
 20
-70.2740929999999935
 30
0
 11
106.435814999999991
 21
-70.2740929999999935
 31
0
  0
LINE
  5
603
330
1B
100
AcDbEntity
  8
F.Cu
  6
CONTINUOUS
100
AcDbLine
 10
106.435814999999991
 20
-70.2740929999999935
 30
0
 11
106.5992419999999896
 21
-70.3066010000000006
 31
0
  0
LINE
  5
604
330
1B
100
AcDbEntity
  8
F.Cu
  6
CONTINUOUS
100
AcDbLine
 10
89.360913999999994
 20
-70.3238520000000022
 30
0
 11
89.514727999999991
 21
-70.3544479999999908
 31
0
  0
LINE
  5
605
330
1B
100
AcDbEntity
  8
F.Cu
  6
CONTINUOUS
100
AcDbLine
 10
89.514727999999991
 20
-70.3544479999999908
 30
0
 11
89.6596169999999972
 21
-70.4144629999999978
 31
0
  0
LINE
  5
606
330
1B
100
AcDbEntity
  8
F.Cu
  6
CONTINUOUS
100
AcDbLine
 10
89.6596169999999972
 20
-70.4144629999999978
 30
0
 11
89.7900149999999968
 21
-70.5015920000000023
 31
0
  0
LINE
  5
607
330
1B
100
AcDbEntity
  8
F.Cu
  6
CONTINUOUS
100
AcDbLine
 10
89.7900149999999968
 20
-70.5015920000000023
 30
0
 11
89.9009080000000012
 21
-70.6124849999999924
 31
0
  0
LINE
  5
608
330
1B
100
AcDbEntity
  8
F.Cu
  6
CONTINUOUS
100
AcDbLine
 10
89.9009080000000012
 20
-70.6124849999999924
 30
0
 11
89.9880369999999914
 21
-70.742882999999992
 31
0
  0
LINE
  5
609
330
1B
100
AcDbEntity
  8
F.Cu
  6
CONTINUOUS
100
AcDbLine
 10
89.9880369999999914
 20
-70.742882999999992
 30
0
 11
90.0480519999999984
 21
-70.8877719999999982
 31
0
  0
LINE
  5
60A
330
1B
100
AcDbEntity
  8
F.Cu
  6
CONTINUOUS
100
AcDbLine
 10
90.0480519999999984
 20
-70.8877719999999982
 30
0
 11
90.0786480000000012
 21
-71.0415859999999952
 31
0
  0
LINE
  5
60B
330
1B
100
AcDbEntity
  8
F.Cu
  6
CONTINUOUS
100
AcDbLine
 10
90.0786480000000012
 20
-71.0415859999999952
 30
0
 11
90.0786480000000012
 21
-71.1984139999999996
 31
0
  0
LINE
  5
60C
330
1B
100
AcDbEntity
  8
F.Cu
  6
CONTINUOUS
100
AcDbLine
 10
90.0786480000000012
 20
-71.1984139999999996
 30
0
 11
90.0480519999999984
 21
-71.3522279999999967
 31
0
  0
LINE
  5
60D
330
1B
100
AcDbEntity
  8
F.Cu
  6
CONTINUOUS
100
AcDbLine
 10
90.0480519999999984
 20
-71.3522279999999967
 30
0
 11
89.9880369999999914
 21
-71.4971170000000029
 31
0
  0
LINE
  5
60E
330
1B
100
AcDbEntity
  8
F.Cu
  6
CONTINUOUS
100
AcDbLine
 10
89.9880369999999914
 20
-71.4971170000000029
 30
0
 11
89.9009080000000012
 21
-71.6275150000000025
 31
0
  0
LINE
  5
60F
330
1B
100
AcDbEntity
  8
F.Cu
  6
CONTINUOUS
100
AcDbLine
 10
89.9009080000000012
 20
-71.6275150000000025
 30
0
 11
89.7900149999999968
 21
-71.7384079999999926
 31
0
  0
LINE
  5
610
330
1B
100
AcDbEntity
  8
F.Cu
  6
CONTINUOUS
100
AcDbLine
 10
89.7900149999999968
 20
-71.7384079999999926
 30
0
 11
89.6596169999999972
 21
-71.8255369999999971
 31
0
  0
LINE
  5
611
330
1B
100
AcDbEntity
  8
F.Cu
  6
CONTINUOUS
100
AcDbLine
 10
89.6596169999999972
 20
-71.8255369999999971
 30
0
 11
89.514727999999991
 21
-71.8855519999999899
 31
0
  0
LINE
  5
612
330
1B
100
AcDbEntity
  8
F.Cu
  6
CONTINUOUS
100
AcDbLine
 10
89.514727999999991
 20
-71.8855519999999899
 30
0
 11
89.360913999999994
 21
-71.9161479999999926
 31
0
  0
LINE
  5
613
330
1B
100
AcDbEntity
  8
F.Cu
  6
CONTINUOUS
100
AcDbLine
 10
89.360913999999994
 20
-71.9161479999999926
 30
0
 11
89.2824999999999989
 21
-71.9200000000000017
 31
0
  0
LINE
  5
614
330
1B
100
AcDbEntity
  8
F.Cu
  6
CONTINUOUS
100
AcDbLine
 10
89.2824999999999989
 20
-71.9200000000000017
 30
0
 11
88.4825000000000017
 21
-71.9200000000000017
 31
0
  0
LINE
  5
615
330
1B
100
AcDbEntity
  8
F.Cu
  6
CONTINUOUS
100
AcDbLine
 10
88.4825000000000017
 20
-71.9200000000000017
 30
0
 11
88.4040859999999924
 21
-71.9161479999999926
 31
0
  0
LINE
  5
616
330
1B
100
AcDbEntity
  8
F.Cu
  6
CONTINUOUS
100
AcDbLine
 10
88.4040859999999924
 20
-71.9161479999999926
 30
0
 11
88.2502719999999954
 21
-71.8855519999999899
 31
0
  0
LINE
  5
617
330
1B
100
AcDbEntity
  8
F.Cu
  6
CONTINUOUS
100
AcDbLine
 10
88.2502719999999954
 20
-71.8855519999999899
 30
0
 11
88.1053829999999891
 21
-71.8255369999999971
 31
0
  0
LINE
  5
618
330
1B
100
AcDbEntity
  8
F.Cu
  6
CONTINUOUS
100
AcDbLine
 10
88.1053829999999891
 20
-71.8255369999999971
 30
0
 11
87.9749849999999896
 21
-71.7384079999999926
 31
0
  0
LINE
  5
619
330
1B
100
AcDbEntity
  8
F.Cu
  6
CONTINUOUS
100
AcDbLine
 10
87.9749849999999896
 20
-71.7384079999999926
 30
0
 11
87.8640919999999994
 21
-71.6275150000000025
 31
0
  0
LINE
  5
61A
330
1B
100
AcDbEntity
  8
F.Cu
  6
CONTINUOUS
100
AcDbLine
 10
87.8640919999999994
 20
-71.6275150000000025
 30
0
 11
87.776962999999995
 21
-71.4971170000000029
 31
0
  0
LINE
  5
61B
330
1B
100
AcDbEntity
  8
F.Cu
  6
CONTINUOUS
100
AcDbLine
 10
87.776962999999995
 20
-71.4971170000000029
 30
0
 11
87.7169480000000021
 21
-71.3522279999999967
 31
0
  0
LINE
  5
61C
330
1B
100
AcDbEntity
  8
F.Cu
  6
CONTINUOUS
100
AcDbLine
 10
87.7169480000000021
 20
-71.3522279999999967
 30
0
 11
87.6863519999999994
 21
-71.1984139999999996
 31
0
  0
LINE
  5
61D
330
1B
100
AcDbEntity
  8
F.Cu
  6
CONTINUOUS
100
AcDbLine
 10
87.6863519999999994
 20
-71.1984139999999996
 30
0
 11
87.6863519999999994
 21
-71.0415859999999952
 31
0
  0
LINE
  5
61E
330
1B
100
AcDbEntity
  8
F.Cu
  6
CONTINUOUS
100
AcDbLine
 10
87.6863519999999994
 20
-71.0415859999999952
 30
0
 11
87.7169480000000021
 21
-70.8877719999999982
 31
0
  0
LINE
  5
61F
330
1B
100
AcDbEntity
  8
F.Cu
  6
CONTINUOUS
100
AcDbLine
 10
87.7169480000000021
 20
-70.8877719999999982
 30
0
 11
87.776962999999995
 21
-70.742882999999992
 31
0
  0
LINE
  5
620
330
1B
100
AcDbEntity
  8
F.Cu
  6
CONTINUOUS
100
AcDbLine
 10
87.776962999999995
 20
-70.742882999999992
 30
0
 11
87.8640919999999994
 21
-70.6124849999999924
 31
0
  0
LINE
  5
621
330
1B
100
AcDbEntity
  8
F.Cu
  6
CONTINUOUS
100
AcDbLine
 10
87.8640919999999994
 20
-70.6124849999999924
 30
0
 11
87.9749849999999896
 21
-70.5015920000000023
 31
0
  0
LINE
  5
622
330
1B
100
AcDbEntity
  8
F.Cu
  6
CONTINUOUS
100
AcDbLine
 10
87.9749849999999896
 20
-70.5015920000000023
 30
0
 11
88.1053829999999891
 21
-70.4144629999999978
 31
0
  0
LINE
  5
623
330
1B
100
AcDbEntity
  8
F.Cu
  6
CONTINUOUS
100
AcDbLine
 10
88.1053829999999891
 20
-70.4144629999999978
 30
0
 11
88.2502719999999954
 21
-70.3544479999999908
 31
0
  0
LINE
  5
624
330
1B
100
AcDbEntity
  8
F.Cu
  6
CONTINUOUS
100
AcDbLine
 10
88.2502719999999954
 20
-70.3544479999999908
 30
0
 11
88.4040859999999924
 21
-70.3238520000000022
 31
0
  0
LINE
  5
625
330
1B
100
AcDbEntity
  8
F.Cu
  6
CONTINUOUS
100
AcDbLine
 10
88.4040859999999924
 20
-70.3238520000000022
 30
0
 11
88.4825000000000017
 21
-70.3199999999999932
 31
0
  0
LINE
  5
626
330
1B
100
AcDbEntity
  8
F.Cu
  6
CONTINUOUS
100
AcDbLine
 10
88.4825000000000017
 20
-70.3199999999999932
 30
0
 11
89.2824999999999989
 21
-70.3199999999999932
 31
0
  0
LINE
  5
627
330
1B
100
AcDbEntity
  8
F.Cu
  6
CONTINUOUS
100
AcDbLine
 10
89.2824999999999989
 20
-70.3199999999999932
 30
0
 11
89.360913999999994
 21
-70.3238520000000022
 31
0
  0
LINE
  5
628
330
1B
100
AcDbEntity
  8
F.Cu
  6
CONTINUOUS
100
AcDbLine
 10
96.9809139999999985
 20
-70.3238520000000022
 30
0
 11
97.1347279999999955
 21
-70.3544479999999908
 31
0
  0
LINE
  5
629
330
1B
100
AcDbEntity
  8
F.Cu
  6
CONTINUOUS
100
AcDbLine
 10
97.1347279999999955
 20
-70.3544479999999908
 30
0
 11
97.2796170000000018
 21
-70.4144629999999978
 31
0
  0
LINE
  5
62A
330
1B
100
AcDbEntity
  8
F.Cu
  6
CONTINUOUS
100
AcDbLine
 10
97.2796170000000018
 20
-70.4144629999999978
 30
0
 11
97.4100150000000014
 21
-70.5015920000000023
 31
0
  0
LINE
  5
62B
330
1B
100
AcDbEntity
  8
F.Cu
  6
CONTINUOUS
100
AcDbLine
 10
97.4100150000000014
 20
-70.5015920000000023
 30
0
 11
97.5209079999999915
 21
-70.6124849999999924
 31
0
  0
LINE
  5
62C
330
1B
100
AcDbEntity
  8
F.Cu
  6
CONTINUOUS
100
AcDbLine
 10
97.5209079999999915
 20
-70.6124849999999924
 30
0
 11
97.6080369999999959
 21
-70.742882999999992
 31
0
  0
LINE
  5
62D
330
1B
100
AcDbEntity
  8
F.Cu
  6
CONTINUOUS
100
AcDbLine
 10
97.6080369999999959
 20
-70.742882999999992
 30
0
 11
97.6680519999999888
 21
-70.8877719999999982
 31
0
  0
LINE
  5
62E
330
1B
100
AcDbEntity
  8
F.Cu
  6
CONTINUOUS
100
AcDbLine
 10
97.6680519999999888
 20
-70.8877719999999982
 30
0
 11
97.6986479999999915
 21
-71.0415859999999952
 31
0
  0
LINE
  5
62F
330
1B
100
AcDbEntity
  8
F.Cu
  6
CONTINUOUS
100
AcDbLine
 10
97.6986479999999915
 20
-71.0415859999999952
 30
0
 11
97.6986479999999915
 21
-71.1984139999999996
 31
0
  0
LINE
  5
630
330
1B
100
AcDbEntity
  8
F.Cu
  6
CONTINUOUS
100
AcDbLine
 10
97.6986479999999915
 20
-71.1984139999999996
 30
0
 11
97.6680519999999888
 21
-71.3522279999999967
 31
0
  0
LINE
  5
631
330
1B
100
AcDbEntity
  8
F.Cu
  6
CONTINUOUS
100
AcDbLine
 10
97.6680519999999888
 20
-71.3522279999999967
 30
0
 11
97.6080369999999959
 21
-71.4971170000000029
 31
0
  0
LINE
  5
632
330
1B
100
AcDbEntity
  8
F.Cu
  6
CONTINUOUS
100
AcDbLine
 10
97.6080369999999959
 20
-71.4971170000000029
 30
0
 11
97.5209079999999915
 21
-71.6275150000000025
 31
0
  0
LINE
  5
633
330
1B
100
AcDbEntity
  8
F.Cu
  6
CONTINUOUS
100
AcDbLine
 10
97.5209079999999915
 20
-71.6275150000000025
 30
0
 11
97.4100150000000014
 21
-71.7384079999999926
 31
0
  0
LINE
  5
634
330
1B
100
AcDbEntity
  8
F.Cu
  6
CONTINUOUS
100
AcDbLine
 10
97.4100150000000014
 20
-71.7384079999999926
 30
0
 11
97.2796170000000018
 21
-71.8255369999999971
 31
0
  0
LINE
  5
635
330
1B
100
AcDbEntity
  8
F.Cu
  6
CONTINUOUS
100
AcDbLine
 10
97.2796170000000018
 20
-71.8255369999999971
 30
0
 11
97.1347279999999955
 21
-71.8855519999999899
 31
0
  0
LINE
  5
636
330
1B
100
AcDbEntity
  8
F.Cu
  6
CONTINUOUS
100
AcDbLine
 10
97.1347279999999955
 20
-71.8855519999999899
 30
0
 11
96.9809139999999985
 21
-71.9161479999999926
 31
0
  0
LINE
  5
637
330
1B
100
AcDbEntity
  8
F.Cu
  6
CONTINUOUS
100
AcDbLine
 10
96.9809139999999985
 20
-71.9161479999999926
 30
0
 11
96.9024999999999892
 21
-71.9200000000000017
 31
0
  0
LINE
  5
638
330
1B
100
AcDbEntity
  8
F.Cu
  6
CONTINUOUS
100
AcDbLine
 10
96.9024999999999892
 20
-71.9200000000000017
 30
0
 11
96.102499999999992
 21
-71.9200000000000017
 31
0
  0
LINE
  5
639
330
1B
100
AcDbEntity
  8
F.Cu
  6
CONTINUOUS
100
AcDbLine
 10
96.102499999999992
 20
-71.9200000000000017
 30
0
 11
96.0240859999999969
 21
-71.9161479999999926
 31
0
  0
LINE
  5
63A
330
1B
100
AcDbEntity
  8
F.Cu
  6
CONTINUOUS
100
AcDbLine
 10
96.0240859999999969
 20
-71.9161479999999926
 30
0
 11
95.8702719999999999
 21
-71.8855519999999899
 31
0
  0
LINE
  5
63B
330
1B
100
AcDbEntity
  8
F.Cu
  6
CONTINUOUS
100
AcDbLine
 10
95.8702719999999999
 20
-71.8855519999999899
 30
0
 11
95.7253829999999937
 21
-71.8255369999999971
 31
0
  0
LINE
  5
63C
330
1B
100
AcDbEntity
  8
F.Cu
  6
CONTINUOUS
100
AcDbLine
 10
95.7253829999999937
 20
-71.8255369999999971
 30
0
 11
95.5949849999999941
 21
-71.7384079999999926
 31
0
  0
LINE
  5
63D
330
1B
100
AcDbEntity
  8
F.Cu
  6
CONTINUOUS
100
AcDbLine
 10
95.5949849999999941
 20
-71.7384079999999926
 30
0
 11
95.4840919999999898
 21
-71.6275150000000025
 31
0
  0
LINE
  5
63E
330
1B
100
AcDbEntity
  8
F.Cu
  6
CONTINUOUS
100
AcDbLine
 10
95.4840919999999898
 20
-71.6275150000000025
 30
0
 11
95.3969629999999995
 21
-71.4971170000000029
 31
0
  0
LINE
  5
63F
330
1B
100
AcDbEntity
  8
F.Cu
  6
CONTINUOUS
100
AcDbLine
 10
95.3969629999999995
 20
-71.4971170000000029
 30
0
 11
95.3369479999999925
 21
-71.3522279999999967
 31
0
  0
LINE
  5
640
330
1B
100
AcDbEntity
  8
F.Cu
  6
CONTINUOUS
100
AcDbLine
 10
95.3369479999999925
 20
-71.3522279999999967
 30
0
 11
95.3063519999999897
 21
-71.1984139999999996
 31
0
  0
LINE
  5
641
330
1B
100
AcDbEntity
  8
F.Cu
  6
CONTINUOUS
100
AcDbLine
 10
95.3063519999999897
 20
-71.1984139999999996
 30
0
 11
95.3063519999999897
 21
-71.0415859999999952
 31
0
  0
LINE
  5
642
330
1B
100
AcDbEntity
  8
F.Cu
  6
CONTINUOUS
100
AcDbLine
 10
95.3063519999999897
 20
-71.0415859999999952
 30
0
 11
95.3369479999999925
 21
-70.8877719999999982
 31
0
  0
LINE
  5
643
330
1B
100
AcDbEntity
  8
F.Cu
  6
CONTINUOUS
100
AcDbLine
 10
95.3369479999999925
 20
-70.8877719999999982
 30
0
 11
95.3969629999999995
 21
-70.742882999999992
 31
0
  0
LINE
  5
644
330
1B
100
AcDbEntity
  8
F.Cu
  6
CONTINUOUS
100
AcDbLine
 10
95.3969629999999995
 20
-70.742882999999992
 30
0
 11
95.4840919999999898
 21
-70.6124849999999924
 31
0
  0
LINE
  5
645
330
1B
100
AcDbEntity
  8
F.Cu
  6
CONTINUOUS
100
AcDbLine
 10
95.4840919999999898
 20
-70.6124849999999924
 30
0
 11
95.5949849999999941
 21
-70.5015920000000023
 31
0
  0
LINE
  5
646
330
1B
100
AcDbEntity
  8
F.Cu
  6
CONTINUOUS
100
AcDbLine
 10
95.5949849999999941
 20
-70.5015920000000023
 30
0
 11
95.7253829999999937
 21
-70.4144629999999978
 31
0
  0
LINE
  5
647
330
1B
100
AcDbEntity
  8
F.Cu
  6
CONTINUOUS
100
AcDbLine
 10
95.7253829999999937
 20
-70.4144629999999978
 30
0
 11
95.8702719999999999
 21
-70.3544479999999908
 31
0
  0
LINE
  5
648
330
1B
100
AcDbEntity
  8
F.Cu
  6
CONTINUOUS
100
AcDbLine
 10
95.8702719999999999
 20
-70.3544479999999908
 30
0
 11
96.0240859999999969
 21
-70.3238520000000022
 31
0
  0
LINE
  5
649
330
1B
100
AcDbEntity
  8
F.Cu
  6
CONTINUOUS
100
AcDbLine
 10
96.0240859999999969
 20
-70.3238520000000022
 30
0
 11
96.102499999999992
 21
-70.3199999999999932
 31
0
  0
LINE
  5
64A
330
1B
100
AcDbEntity
  8
F.Cu
  6
CONTINUOUS
100
AcDbLine
 10
96.102499999999992
 20
-70.3199999999999932
 30
0
 11
96.9024999999999892
 21
-70.3199999999999932
 31
0
  0
LINE
  5
64B
330
1B
100
AcDbEntity
  8
F.Cu
  6
CONTINUOUS
100
AcDbLine
 10
96.9024999999999892
 20
-70.3199999999999932
 30
0
 11
96.9809139999999985
 21
-70.3238520000000022
 31
0
  0
LINE
  5
64C
330
1B
100
AcDbEntity
  8
F.Cu
  6
CONTINUOUS
100
AcDbLine
 10
45.250670999999997
 20
-67.3990299999999962
 30
0
 11
45.3317769999999953
 21
-67.4532229999999942
 31
0
  0
LINE
  5
64D
330
1B
100
AcDbEntity
  8
F.Cu
  6
CONTINUOUS
100
AcDbLine
 10
45.3317769999999953
 20
-67.4532229999999942
 30
0
 11
45.3859700000000004
 21
-67.5343289999999996
 31
0
  0
LINE
  5
64E
330
1B
100
AcDbEntity
  8
F.Cu
  6
CONTINUOUS
100
AcDbLine
 10
45.3859700000000004
 20
-67.5343289999999996
 30
0
 11
45.4050000000000011
 21
-67.6299999999999955
 31
0
  0
LINE
  5
64F
330
1B
100
AcDbEntity
  8
F.Cu
  6
CONTINUOUS
100
AcDbLine
 10
45.4050000000000011
 20
-67.6299999999999955
 30
0
 11
45.4050000000000011
 21
-69.5300000000000011
 31
0
  0
LINE
  5
650
330
1B
100
AcDbEntity
  8
F.Cu
  6
CONTINUOUS
100
AcDbLine
 10
45.4050000000000011
 20
-69.5300000000000011
 30
0
 11
45.3859700000000004
 21
-69.625670999999997
 31
0
  0
LINE
  5
651
330
1B
100
AcDbEntity
  8
F.Cu
  6
CONTINUOUS
100
AcDbLine
 10
45.3859700000000004
 20
-69.625670999999997
 30
0
 11
45.3317769999999953
 21
-69.7067770000000024
 31
0
  0
LINE
  5
652
330
1B
100
AcDbEntity
  8
F.Cu
  6
CONTINUOUS
100
AcDbLine
 10
45.3317769999999953
 20
-69.7067770000000024
 30
0
 11
45.250670999999997
 21
-69.7609700000000004
 31
0
  0
LINE
  5
653
330
1B
100
AcDbEntity
  8
F.Cu
  6
CONTINUOUS
100
AcDbLine
 10
45.250670999999997
 20
-69.7609700000000004
 30
0
 11
45.1550000000000011
 21
-69.7800000000000011
 31
0
  0
LINE
  5
654
330
1B
100
AcDbEntity
  8
F.Cu
  6
CONTINUOUS
100
AcDbLine
 10
45.1550000000000011
 20
-69.7800000000000011
 30
0
 11
44.0549999999999997
 21
-69.7800000000000011
 31
0
  0
LINE
  5
655
330
1B
100
AcDbEntity
  8
F.Cu
  6
CONTINUOUS
100
AcDbLine
 10
44.0549999999999997
 20
-69.7800000000000011
 30
0
 11
43.9593289999999968
 21
-69.7609700000000004
 31
0
  0
LINE
  5
656
330
1B
100
AcDbEntity
  8
F.Cu
  6
CONTINUOUS
100
AcDbLine
 10
43.9593289999999968
 20
-69.7609700000000004
 30
0
 11
43.8782229999999984
 21
-69.7067770000000024
 31
0
  0
LINE
  5
657
330
1B
100
AcDbEntity
  8
F.Cu
  6
CONTINUOUS
100
AcDbLine
 10
43.8782229999999984
 20
-69.7067770000000024
 30
0
 11
43.8240300000000005
 21
-69.625670999999997
 31
0
  0
LINE
  5
658
330
1B
100
AcDbEntity
  8
F.Cu
  6
CONTINUOUS
100
AcDbLine
 10
43.8240300000000005
 20
-69.625670999999997
 30
0
 11
43.8049999999999997
 21
-69.5300000000000011
 31
0
  0
LINE
  5
659
330
1B
100
AcDbEntity
  8
F.Cu
  6
CONTINUOUS
100
AcDbLine
 10
43.8049999999999997
 20
-69.5300000000000011
 30
0
 11
43.8049999999999997
 21
-67.6299999999999955
 31
0
  0
LINE
  5
65A
330
1B
100
AcDbEntity
  8
F.Cu
  6
CONTINUOUS
100
AcDbLine
 10
43.8049999999999997
 20
-67.6299999999999955
 30
0
 11
43.8240300000000005
 21
-67.5343289999999996
 31
0
  0
LINE
  5
65B
330
1B
100
AcDbEntity
  8
F.Cu
  6
CONTINUOUS
100
AcDbLine
 10
43.8240300000000005
 20
-67.5343289999999996
 30
0
 11
43.8782229999999984
 21
-67.4532229999999942
 31
0
  0
LINE
  5
65C
330
1B
100
AcDbEntity
  8
F.Cu
  6
CONTINUOUS
100
AcDbLine
 10
43.8782229999999984
 20
-67.4532229999999942
 30
0
 11
43.9593289999999968
 21
-67.3990299999999962
 31
0
  0
LINE
  5
65D
330
1B
100
AcDbEntity
  8
F.Cu
  6
CONTINUOUS
100
AcDbLine
 10
43.9593289999999968
 20
-67.3990299999999962
 30
0
 11
44.0549999999999997
 21
-67.3799999999999955
 31
0
  0
LINE
  5
65E
330
1B
100
AcDbEntity
  8
F.Cu
  6
CONTINUOUS
100
AcDbLine
 10
44.0549999999999997
 20
-67.3799999999999955
 30
0
 11
45.1550000000000011
 21
-67.3799999999999955
 31
0
  0
LINE
  5
65F
330
1B
100
AcDbEntity
  8
F.Cu
  6
CONTINUOUS
100
AcDbLine
 10
45.1550000000000011
 20
-67.3799999999999955
 30
0
 11
45.250670999999997
 21
-67.3990299999999962
 31
0
  0
LINE
  5
660
330
1B
100
AcDbEntity
  8
F.Cu
  6
CONTINUOUS
100
AcDbLine
 10
47.3772279999999952
 20
-67.414447999999993
 30
0
 11
47.5221169999999944
 21
-67.4744630000000001
 31
0
  0
LINE
  5
661
330
1B
100
AcDbEntity
  8
F.Cu
  6
CONTINUOUS
100
AcDbLine
 10
47.5221169999999944
 20
-67.4744630000000001
 30
0
 11
47.6525150000000011
 21
-67.5615919999999903
 31
0
  0
LINE
  5
662
330
1B
100
AcDbEntity
  8
F.Cu
  6
CONTINUOUS
100
AcDbLine
 10
47.6525150000000011
 20
-67.5615919999999903
 30
0
 11
47.7634079999999983
 21
-67.6724849999999947
 31
0
  0
LINE
  5
663
330
1B
100
AcDbEntity
  8
F.Cu
  6
CONTINUOUS
100
AcDbLine
 10
47.7634079999999983
 20
-67.6724849999999947
 30
0
 11
47.8505369999999957
 21
-67.8028829999999942
 31
0
  0
LINE
  5
664
330
1B
100
AcDbEntity
  8
F.Cu
  6
CONTINUOUS
100
AcDbLine
 10
47.8505369999999957
 20
-67.8028829999999942
 30
0
 11
47.9105519999999956
 21
-67.9477720000000005
 31
0
  0
LINE
  5
665
330
1B
100
AcDbEntity
  8
F.Cu
  6
CONTINUOUS
100
AcDbLine
 10
47.9105519999999956
 20
-67.9477720000000005
 30
0
 11
47.9411479999999983
 21
-68.1015859999999975
 31
0
  0
LINE
  5
666
330
1B
100
AcDbEntity
  8
F.Cu
  6
CONTINUOUS
100
AcDbLine
 10
47.9411479999999983
 20
-68.1015859999999975
 30
0
 11
47.9450000000000003
 21
-68.1799999999999926
 31
0
  0
LINE
  5
667
330
1B
100
AcDbEntity
  8
F.Cu
  6
CONTINUOUS
100
AcDbLine
 10
47.9450000000000003
 20
-68.1799999999999926
 30
0
 11
47.9450000000000003
 21
-68.980000000000004
 31
0
  0
LINE
  5
668
330
1B
100
AcDbEntity
  8
F.Cu
  6
CONTINUOUS
100
AcDbLine
 10
47.9450000000000003
 20
-68.980000000000004
 30
0
 11
47.9411479999999983
 21
-69.0584139999999991
 31
0
  0
LINE
  5
669
330
1B
100
AcDbEntity
  8
F.Cu
  6
CONTINUOUS
100
AcDbLine
 10
47.9411479999999983
 20
-69.0584139999999991
 30
0
 11
47.9105519999999956
 21
-69.2122279999999961
 31
0
  0
LINE
  5
66A
330
1B
100
AcDbEntity
  8
F.Cu
  6
CONTINUOUS
100
AcDbLine
 10
47.9105519999999956
 20
-69.2122279999999961
 30
0
 11
47.8505369999999957
 21
-69.3571170000000023
 31
0
  0
LINE
  5
66B
330
1B
100
AcDbEntity
  8
F.Cu
  6
CONTINUOUS
100
AcDbLine
 10
47.8505369999999957
 20
-69.3571170000000023
 30
0
 11
47.7634079999999983
 21
-69.4875150000000019
 31
0
  0
LINE
  5
66C
330
1B
100
AcDbEntity
  8
F.Cu
  6
CONTINUOUS
100
AcDbLine
 10
47.7634079999999983
 20
-69.4875150000000019
 30
0
 11
47.6525150000000011
 21
-69.5984079999999921
 31
0
  0
LINE
  5
66D
330
1B
100
AcDbEntity
  8
F.Cu
  6
CONTINUOUS
100
AcDbLine
 10
47.6525150000000011
 20
-69.5984079999999921
 30
0
 11
47.5221169999999944
 21
-69.6855369999999965
 31
0
  0
LINE
  5
66E
330
1B
100
AcDbEntity
  8
F.Cu
  6
CONTINUOUS
100
AcDbLine
 10
47.5221169999999944
 20
-69.6855369999999965
 30
0
 11
47.3772279999999952
 21
-69.7455520000000035
 31
0
  0
LINE
  5
66F
330
1B
100
AcDbEntity
  8
F.Cu
  6
CONTINUOUS
100
AcDbLine
 10
47.3772279999999952
 20
-69.7455520000000035
 30
0
 11
47.2234139999999982
 21
-69.7761479999999921
 31
0
  0
LINE
  5
670
330
1B
100
AcDbEntity
  8
F.Cu
  6
CONTINUOUS
100
AcDbLine
 10
47.2234139999999982
 20
-69.7761479999999921
 30
0
 11
47.0665860000000009
 21
-69.7761479999999921
 31
0
  0
LINE
  5
671
330
1B
100
AcDbEntity
  8
F.Cu
  6
CONTINUOUS
100
AcDbLine
 10
47.0665860000000009
 20
-69.7761479999999921
 30
0
 11
46.9127719999999968
 21
-69.7455520000000035
 31
0
  0
LINE
  5
672
330
1B
100
AcDbEntity
  8
F.Cu
  6
CONTINUOUS
100
AcDbLine
 10
46.9127719999999968
 20
-69.7455520000000035
 30
0
 11
46.7678829999999977
 21
-69.6855369999999965
 31
0
  0
LINE
  5
673
330
1B
100
AcDbEntity
  8
F.Cu
  6
CONTINUOUS
100
AcDbLine
 10
46.7678829999999977
 20
-69.6855369999999965
 30
0
 11
46.6374849999999981
 21
-69.5984079999999921
 31
0
  0
LINE
  5
674
330
1B
100
AcDbEntity
  8
F.Cu
  6
CONTINUOUS
100
AcDbLine
 10
46.6374849999999981
 20
-69.5984079999999921
 30
0
 11
46.5265920000000008
 21
-69.4875150000000019
 31
0
  0
LINE
  5
675
330
1B
100
AcDbEntity
  8
F.Cu
  6
CONTINUOUS
100
AcDbLine
 10
46.5265920000000008
 20
-69.4875150000000019
 30
0
 11
46.4394629999999964
 21
-69.3571170000000023
 31
0
  0
LINE
  5
676
330
1B
100
AcDbEntity
  8
F.Cu
  6
CONTINUOUS
100
AcDbLine
 10
46.4394629999999964
 20
-69.3571170000000023
 30
0
 11
46.3794479999999965
 21
-69.2122279999999961
 31
0
  0
LINE
  5
677
330
1B
100
AcDbEntity
  8
F.Cu
  6
CONTINUOUS
100
AcDbLine
 10
46.3794479999999965
 20
-69.2122279999999961
 30
0
 11
46.3488520000000008
 21
-69.0584139999999991
 31
0
  0
LINE
  5
678
330
1B
100
AcDbEntity
  8
F.Cu
  6
CONTINUOUS
100
AcDbLine
 10
46.3488520000000008
 20
-69.0584139999999991
 30
0
 11
46.3449999999999989
 21
-68.980000000000004
 31
0
  0
LINE
  5
679
330
1B
100
AcDbEntity
  8
F.Cu
  6
CONTINUOUS
100
AcDbLine
 10
46.3449999999999989
 20
-68.980000000000004
 30
0
 11
46.3449999999999989
 21
-68.1799999999999926
 31
0
  0
LINE
  5
67A
330
1B
100
AcDbEntity
  8
F.Cu
  6
CONTINUOUS
100
AcDbLine
 10
46.3449999999999989
 20
-68.1799999999999926
 30
0
 11
46.3488520000000008
 21
-68.1015859999999975
 31
0
  0
LINE
  5
67B
330
1B
100
AcDbEntity
  8
F.Cu
  6
CONTINUOUS
100
AcDbLine
 10
46.3488520000000008
 20
-68.1015859999999975
 30
0
 11
46.3794479999999965
 21
-67.9477720000000005
 31
0
  0
LINE
  5
67C
330
1B
100
AcDbEntity
  8
F.Cu
  6
CONTINUOUS
100
AcDbLine
 10
46.3794479999999965
 20
-67.9477720000000005
 30
0
 11
46.4394629999999964
 21
-67.8028829999999942
 31
0
  0
LINE
  5
67D
330
1B
100
AcDbEntity
  8
F.Cu
  6
CONTINUOUS
100
AcDbLine
 10
46.4394629999999964
 20
-67.8028829999999942
 30
0
 11
46.5265920000000008
 21
-67.6724849999999947
 31
0
  0
LINE
  5
67E
330
1B
100
AcDbEntity
  8
F.Cu
  6
CONTINUOUS
100
AcDbLine
 10
46.5265920000000008
 20
-67.6724849999999947
 30
0
 11
46.6374849999999981
 21
-67.5615919999999903
 31
0
  0
LINE
  5
67F
330
1B
100
AcDbEntity
  8
F.Cu
  6
CONTINUOUS
100
AcDbLine
 10
46.6374849999999981
 20
-67.5615919999999903
 30
0
 11
46.7678829999999977
 21
-67.4744630000000001
 31
0
  0
LINE
  5
680
330
1B
100
AcDbEntity
  8
F.Cu
  6
CONTINUOUS
100
AcDbLine
 10
46.7678829999999977
 20
-67.4744630000000001
 30
0
 11
46.9127719999999968
 21
-67.414447999999993
 31
0
  0
LINE
  5
681
330
1B
100
AcDbEntity
  8
F.Cu
  6
CONTINUOUS
100
AcDbLine
 10
46.9127719999999968
 20
-67.414447999999993
 30
0
 11
47.0665860000000009
 21
-67.3838519999999903
 31
0
  0
LINE
  5
682
330
1B
100
AcDbEntity
  8
F.Cu
  6
CONTINUOUS
100
AcDbLine
 10
47.0665860000000009
 20
-67.3838519999999903
 30
0
 11
47.2234139999999982
 21
-67.3838519999999903
 31
0
  0
LINE
  5
683
330
1B
100
AcDbEntity
  8
F.Cu
  6
CONTINUOUS
100
AcDbLine
 10
47.2234139999999982
 20
-67.3838519999999903
 30
0
 11
47.3772279999999952
 21
-67.414447999999993
 31
0
  0
LINE
  5
684
330
1B
100
AcDbEntity
  8
F.Cu
  6
CONTINUOUS
100
AcDbLine
 10
49.9172279999999944
 20
-67.414447999999993
 30
0
 11
50.0621170000000006
 21
-67.4744630000000001
 31
0
  0
LINE
  5
685
330
1B
100
AcDbEntity
  8
F.Cu
  6
CONTINUOUS
100
AcDbLine
 10
50.0621170000000006
 20
-67.4744630000000001
 30
0
 11
50.1925150000000002
 21
-67.5615919999999903
 31
0
  0
LINE
  5
686
330
1B
100
AcDbEntity
  8
F.Cu
  6
CONTINUOUS
100
AcDbLine
 10
50.1925150000000002
 20
-67.5615919999999903
 30
0
 11
50.3034079999999975
 21
-67.6724849999999947
 31
0
  0
LINE
  5
687
330
1B
100
AcDbEntity
  8
F.Cu
  6
CONTINUOUS
100
AcDbLine
 10
50.3034079999999975
 20
-67.6724849999999947
 30
0
 11
50.3905369999999948
 21
-67.8028829999999942
 31
0
  0
LINE
  5
688
330
1B
100
AcDbEntity
  8
F.Cu
  6
CONTINUOUS
100
AcDbLine
 10
50.3905369999999948
 20
-67.8028829999999942
 30
0
 11
50.4505519999999947
 21
-67.9477720000000005
 31
0
  0
LINE
  5
689
330
1B
100
AcDbEntity
  8
F.Cu
  6
CONTINUOUS
100
AcDbLine
 10
50.4505519999999947
 20
-67.9477720000000005
 30
0
 11
50.4811479999999975
 21
-68.1015859999999975
 31
0
  0
LINE
  5
68A
330
1B
100
AcDbEntity
  8
F.Cu
  6
CONTINUOUS
100
AcDbLine
 10
50.4811479999999975
 20
-68.1015859999999975
 30
0
 11
50.4849999999999994
 21
-68.1799999999999926
 31
0
  0
LINE
  5
68B
330
1B
100
AcDbEntity
  8
F.Cu
  6
CONTINUOUS
100
AcDbLine
 10
50.4849999999999994
 20
-68.1799999999999926
 30
0
 11
50.4849999999999994
 21
-68.980000000000004
 31
0
  0
LINE
  5
68C
330
1B
100
AcDbEntity
  8
F.Cu
  6
CONTINUOUS
100
AcDbLine
 10
50.4849999999999994
 20
-68.980000000000004
 30
0
 11
50.4811479999999975
 21
-69.0584139999999991
 31
0
  0
LINE
  5
68D
330
1B
100
AcDbEntity
  8
F.Cu
  6
CONTINUOUS
100
AcDbLine
 10
50.4811479999999975
 20
-69.0584139999999991
 30
0
 11
50.4505519999999947
 21
-69.2122279999999961
 31
0
  0
LINE
  5
68E
330
1B
100
AcDbEntity
  8
F.Cu
  6
CONTINUOUS
100
AcDbLine
 10
50.4505519999999947
 20
-69.2122279999999961
 30
0
 11
50.3905369999999948
 21
-69.3571170000000023
 31
0
  0
LINE
  5
68F
330
1B
100
AcDbEntity
  8
F.Cu
  6
CONTINUOUS
100
AcDbLine
 10
50.3905369999999948
 20
-69.3571170000000023
 30
0
 11
50.3034079999999975
 21
-69.4875150000000019
 31
0
  0
LINE
  5
690
330
1B
100
AcDbEntity
  8
F.Cu
  6
CONTINUOUS
100
AcDbLine
 10
50.3034079999999975
 20
-69.4875150000000019
 30
0
 11
50.1925150000000002
 21
-69.5984079999999921
 31
0
  0
LINE
  5
691
330
1B
100
AcDbEntity
  8
F.Cu
  6
CONTINUOUS
100
AcDbLine
 10
50.1925150000000002
 20
-69.5984079999999921
 30
0
 11
50.0621170000000006
 21
-69.6855369999999965
 31
0
  0
LINE
  5
692
330
1B
100
AcDbEntity
  8
F.Cu
  6
CONTINUOUS
100
AcDbLine
 10
50.0621170000000006
 20
-69.6855369999999965
 30
0
 11
49.9172279999999944
 21
-69.7455520000000035
 31
0
  0
LINE
  5
693
330
1B
100
AcDbEntity
  8
F.Cu
  6
CONTINUOUS
100
AcDbLine
 10
49.9172279999999944
 20
-69.7455520000000035
 30
0
 11
49.7634139999999974
 21
-69.7761479999999921
 31
0
  0
LINE
  5
694
330
1B
100
AcDbEntity
  8
F.Cu
  6
CONTINUOUS
100
AcDbLine
 10
49.7634139999999974
 20
-69.7761479999999921
 30
0
 11
49.6065860000000001
 21
-69.7761479999999921
 31
0
  0
LINE
  5
695
330
1B
100
AcDbEntity
  8
F.Cu
  6
CONTINUOUS
100
AcDbLine
 10
49.6065860000000001
 20
-69.7761479999999921
 30
0
 11
49.452771999999996
 21
-69.7455520000000035
 31
0
  0
LINE
  5
696
330
1B
100
AcDbEntity
  8
F.Cu
  6
CONTINUOUS
100
AcDbLine
 10
49.452771999999996
 20
-69.7455520000000035
 30
0
 11
49.3078829999999968
 21
-69.6855369999999965
 31
0
  0
LINE
  5
697
330
1B
100
AcDbEntity
  8
F.Cu
  6
CONTINUOUS
100
AcDbLine
 10
49.3078829999999968
 20
-69.6855369999999965
 30
0
 11
49.1774849999999972
 21
-69.5984079999999921
 31
0
  0
LINE
  5
698
330
1B
100
AcDbEntity
  8
F.Cu
  6
CONTINUOUS
100
AcDbLine
 10
49.1774849999999972
 20
-69.5984079999999921
 30
0
 11
49.066592
 21
-69.4875150000000019
 31
0
  0
LINE
  5
699
330
1B
100
AcDbEntity
  8
F.Cu
  6
CONTINUOUS
100
AcDbLine
 10
49.066592
 20
-69.4875150000000019
 30
0
 11
48.9794629999999955
 21
-69.3571170000000023
 31
0
  0
LINE
  5
69A
330
1B
100
AcDbEntity
  8
F.Cu
  6
CONTINUOUS
100
AcDbLine
 10
48.9794629999999955
 20
-69.3571170000000023
 30
0
 11
48.9194479999999956
 21
-69.2122279999999961
 31
0
  0
LINE
  5
69B
330
1B
100
AcDbEntity
  8
F.Cu
  6
CONTINUOUS
100
AcDbLine
 10
48.9194479999999956
 20
-69.2122279999999961
 30
0
 11
48.888852
 21
-69.0584139999999991
 31
0
  0
LINE
  5
69C
330
1B
100
AcDbEntity
  8
F.Cu
  6
CONTINUOUS
100
AcDbLine
 10
48.888852
 20
-69.0584139999999991
 30
0
 11
48.884999999999998
 21
-68.980000000000004
 31
0
  0
LINE
  5
69D
330
1B
100
AcDbEntity
  8
F.Cu
  6
CONTINUOUS
100
AcDbLine
 10
48.884999999999998
 20
-68.980000000000004
 30
0
 11
48.884999999999998
 21
-68.1799999999999926
 31
0
  0
LINE
  5
69E
330
1B
100
AcDbEntity
  8
F.Cu
  6
CONTINUOUS
100
AcDbLine
 10
48.884999999999998
 20
-68.1799999999999926
 30
0
 11
48.888852
 21
-68.1015859999999975
 31
0
  0
LINE
  5
69F
330
1B
100
AcDbEntity
  8
F.Cu
  6
CONTINUOUS
100
AcDbLine
 10
48.888852
 20
-68.1015859999999975
 30
0
 11
48.9194479999999956
 21
-67.9477720000000005
 31
0
  0
LINE
  5
6A0
330
1B
100
AcDbEntity
  8
F.Cu
  6
CONTINUOUS
100
AcDbLine
 10
48.9194479999999956
 20
-67.9477720000000005
 30
0
 11
48.9794629999999955
 21
-67.8028829999999942
 31
0
  0
LINE
  5
6A1
330
1B
100
AcDbEntity
  8
F.Cu
  6
CONTINUOUS
100
AcDbLine
 10
48.9794629999999955
 20
-67.8028829999999942
 30
0
 11
49.066592
 21
-67.6724849999999947
 31
0
  0
LINE
  5
6A2
330
1B
100
AcDbEntity
  8
F.Cu
  6
CONTINUOUS
100
AcDbLine
 10
49.066592
 20
-67.6724849999999947
 30
0
 11
49.1774849999999972
 21
-67.5615919999999903
 31
0
  0
LINE
  5
6A3
330
1B
100
AcDbEntity
  8
F.Cu
  6
CONTINUOUS
100
AcDbLine
 10
49.1774849999999972
 20
-67.5615919999999903
 30
0
 11
49.3078829999999968
 21
-67.4744630000000001
 31
0
  0
LINE
  5
6A4
330
1B
100
AcDbEntity
  8
F.Cu
  6
CONTINUOUS
100
AcDbLine
 10
49.3078829999999968
 20
-67.4744630000000001
 30
0
 11
49.452771999999996
 21
-67.414447999999993
 31
0
  0
LINE
  5
6A5
330
1B
100
AcDbEntity
  8
F.Cu
  6
CONTINUOUS
100
AcDbLine
 10
49.452771999999996
 20
-67.414447999999993
 30
0
 11
49.6065860000000001
 21
-67.3838519999999903
 31
0
  0
LINE
  5
6A6
330
1B
100
AcDbEntity
  8
F.Cu
  6
CONTINUOUS
100
AcDbLine
 10
49.6065860000000001
 20
-67.3838519999999903
 30
0
 11
49.7634139999999974
 21
-67.3838519999999903
 31
0
  0
LINE
  5
6A7
330
1B
100
AcDbEntity
  8
F.Cu
  6
CONTINUOUS
100
AcDbLine
 10
49.7634139999999974
 20
-67.3838519999999903
 30
0
 11
49.9172279999999944
 21
-67.414447999999993
 31
0
  0
LINE
  5
6A8
330
1B
100
AcDbEntity
  8
F.Cu
  6
CONTINUOUS
100
AcDbLine
 10
52.4572280000000006
 20
-67.414447999999993
 30
0
 11
52.6021169999999998
 21
-67.4744630000000001
 31
0
  0
LINE
  5
6A9
330
1B
100
AcDbEntity
  8
F.Cu
  6
CONTINUOUS
100
AcDbLine
 10
52.6021169999999998
 20
-67.4744630000000001
 30
0
 11
52.7325149999999994
 21
-67.5615919999999903
 31
0
  0
LINE
  5
6AA
330
1B
100
AcDbEntity
  8
F.Cu
  6
CONTINUOUS
100
AcDbLine
 10
52.7325149999999994
 20
-67.5615919999999903
 30
0
 11
52.8434079999999966
 21
-67.6724849999999947
 31
0
  0
LINE
  5
6AB
330
1B
100
AcDbEntity
  8
F.Cu
  6
CONTINUOUS
100
AcDbLine
 10
52.8434079999999966
 20
-67.6724849999999947
 30
0
 11
52.9305370000000011
 21
-67.8028829999999942
 31
0
  0
LINE
  5
6AC
330
1B
100
AcDbEntity
  8
F.Cu
  6
CONTINUOUS
100
AcDbLine
 10
52.9305370000000011
 20
-67.8028829999999942
 30
0
 11
52.990552000000001
 21
-67.9477720000000005
 31
0
  0
LINE
  5
6AD
330
1B
100
AcDbEntity
  8
F.Cu
  6
CONTINUOUS
100
AcDbLine
 10
52.990552000000001
 20
-67.9477720000000005
 30
0
 11
53.0211479999999966
 21
-68.1015859999999975
 31
0
  0
LINE
  5
6AE
330
1B
100
AcDbEntity
  8
F.Cu
  6
CONTINUOUS
100
AcDbLine
 10
53.0211479999999966
 20
-68.1015859999999975
 30
0
 11
53.0249999999999986
 21
-68.1799999999999926
 31
0
  0
LINE
  5
6AF
330
1B
100
AcDbEntity
  8
F.Cu
  6
CONTINUOUS
100
AcDbLine
 10
53.0249999999999986
 20
-68.1799999999999926
 30
0
 11
53.0249999999999986
 21
-68.980000000000004
 31
0
  0
LINE
  5
6B0
330
1B
100
AcDbEntity
  8
F.Cu
  6
CONTINUOUS
100
AcDbLine
 10
53.0249999999999986
 20
-68.980000000000004
 30
0
 11
53.0211479999999966
 21
-69.0584139999999991
 31
0
  0
LINE
  5
6B1
330
1B
100
AcDbEntity
  8
F.Cu
  6
CONTINUOUS
100
AcDbLine
 10
53.0211479999999966
 20
-69.0584139999999991
 30
0
 11
52.990552000000001
 21
-69.2122279999999961
 31
0
  0
LINE
  5
6B2
330
1B
100
AcDbEntity
  8
F.Cu
  6
CONTINUOUS
100
AcDbLine
 10
52.990552000000001
 20
-69.2122279999999961
 30
0
 11
52.9305370000000011
 21
-69.3571170000000023
 31
0
  0
LINE
  5
6B3
330
1B
100
AcDbEntity
  8
F.Cu
  6
CONTINUOUS
100
AcDbLine
 10
52.9305370000000011
 20
-69.3571170000000023
 30
0
 11
52.8434079999999966
 21
-69.4875150000000019
 31
0
  0
LINE
  5
6B4
330
1B
100
AcDbEntity
  8
F.Cu
  6
CONTINUOUS
100
AcDbLine
 10
52.8434079999999966
 20
-69.4875150000000019
 30
0
 11
52.7325149999999994
 21
-69.5984079999999921
 31
0
  0
LINE
  5
6B5
330
1B
100
AcDbEntity
  8
F.Cu
  6
CONTINUOUS
100
AcDbLine
 10
52.7325149999999994
 20
-69.5984079999999921
 30
0
 11
52.6021169999999998
 21
-69.6855369999999965
 31
0
  0
LINE
  5
6B6
330
1B
100
AcDbEntity
  8
F.Cu
  6
CONTINUOUS
100
AcDbLine
 10
52.6021169999999998
 20
-69.6855369999999965
 30
0
 11
52.4572280000000006
 21
-69.7455520000000035
 31
0
  0
LINE
  5
6B7
330
1B
100
AcDbEntity
  8
F.Cu
  6
CONTINUOUS
100
AcDbLine
 10
52.4572280000000006
 20
-69.7455520000000035
 30
0
 11
52.3034139999999965
 21
-69.7761479999999921
 31
0
  0
LINE
  5
6B8
330
1B
100
AcDbEntity
  8
F.Cu
  6
CONTINUOUS
100
AcDbLine
 10
52.3034139999999965
 20
-69.7761479999999921
 30
0
 11
52.1465859999999992
 21
-69.7761479999999921
 31
0
  0
LINE
  5
6B9
330
1B
100
AcDbEntity
  8
F.Cu
  6
CONTINUOUS
100
AcDbLine
 10
52.1465859999999992
 20
-69.7761479999999921
 30
0
 11
51.9927719999999951
 21
-69.7455520000000035
 31
0
  0
LINE
  5
6BA
330
1B
100
AcDbEntity
  8
F.Cu
  6
CONTINUOUS
100
AcDbLine
 10
51.9927719999999951
 20
-69.7455520000000035
 30
0
 11
51.8478829999999959
 21
-69.6855369999999965
 31
0
  0
LINE
  5
6BB
330
1B
100
AcDbEntity
  8
F.Cu
  6
CONTINUOUS
100
AcDbLine
 10
51.8478829999999959
 20
-69.6855369999999965
 30
0
 11
51.7174849999999964
 21
-69.5984079999999921
 31
0
  0
LINE
  5
6BC
330
1B
100
AcDbEntity
  8
F.Cu
  6
CONTINUOUS
100
AcDbLine
 10
51.7174849999999964
 20
-69.5984079999999921
 30
0
 11
51.6065919999999991
 21
-69.4875150000000019
 31
0
  0
LINE
  5
6BD
330
1B
100
AcDbEntity
  8
F.Cu
  6
CONTINUOUS
100
AcDbLine
 10
51.6065919999999991
 20
-69.4875150000000019
 30
0
 11
51.5194629999999947
 21
-69.3571170000000023
 31
0
  0
LINE
  5
6BE
330
1B
100
AcDbEntity
  8
F.Cu
  6
CONTINUOUS
100
AcDbLine
 10
51.5194629999999947
 20
-69.3571170000000023
 30
0
 11
51.4594479999999947
 21
-69.2122279999999961
 31
0
  0
LINE
  5
6BF
330
1B
100
AcDbEntity
  8
F.Cu
  6
CONTINUOUS
100
AcDbLine
 10
51.4594479999999947
 20
-69.2122279999999961
 30
0
 11
51.4288519999999991
 21
-69.0584139999999991
 31
0
  0
LINE
  5
6C0
330
1B
100
AcDbEntity
  8
F.Cu
  6
CONTINUOUS
100
AcDbLine
 10
51.4288519999999991
 20
-69.0584139999999991
 30
0
 11
51.4249999999999972
 21
-68.980000000000004
 31
0
  0
LINE
  5
6C1
330
1B
100
AcDbEntity
  8
F.Cu
  6
CONTINUOUS
100
AcDbLine
 10
51.4249999999999972
 20
-68.980000000000004
 30
0
 11
51.4249999999999972
 21
-68.1799999999999926
 31
0
  0
LINE
  5
6C2
330
1B
100
AcDbEntity
  8
F.Cu
  6
CONTINUOUS
100
AcDbLine
 10
51.4249999999999972
 20
-68.1799999999999926
 30
0
 11
51.4288519999999991
 21
-68.1015859999999975
 31
0
  0
LINE
  5
6C3
330
1B
100
AcDbEntity
  8
F.Cu
  6
CONTINUOUS
100
AcDbLine
 10
51.4288519999999991
 20
-68.1015859999999975
 30
0
 11
51.4594479999999947
 21
-67.9477720000000005
 31
0
  0
LINE
  5
6C4
330
1B
100
AcDbEntity
  8
F.Cu
  6
CONTINUOUS
100
AcDbLine
 10
51.4594479999999947
 20
-67.9477720000000005
 30
0
 11
51.5194629999999947
 21
-67.8028829999999942
 31
0
  0
LINE
  5
6C5
330
1B
100
AcDbEntity
  8
F.Cu
  6
CONTINUOUS
100
AcDbLine
 10
51.5194629999999947
 20
-67.8028829999999942
 30
0
 11
51.6065919999999991
 21
-67.6724849999999947
 31
0
  0
LINE
  5
6C6
330
1B
100
AcDbEntity
  8
F.Cu
  6
CONTINUOUS
100
AcDbLine
 10
51.6065919999999991
 20
-67.6724849999999947
 30
0
 11
51.7174849999999964
 21
-67.5615919999999903
 31
0
  0
LINE
  5
6C7
330
1B
100
AcDbEntity
  8
F.Cu
  6
CONTINUOUS
100
AcDbLine
 10
51.7174849999999964
 20
-67.5615919999999903
 30
0
 11
51.8478829999999959
 21
-67.4744630000000001
 31
0
  0
LINE
  5
6C8
330
1B
100
AcDbEntity
  8
F.Cu
  6
CONTINUOUS
100
AcDbLine
 10
51.8478829999999959
 20
-67.4744630000000001
 30
0
 11
51.9927719999999951
 21
-67.414447999999993
 31
0
  0
LINE
  5
6C9
330
1B
100
AcDbEntity
  8
F.Cu
  6
CONTINUOUS
100
AcDbLine
 10
51.9927719999999951
 20
-67.414447999999993
 30
0
 11
52.1465859999999992
 21
-67.3838519999999903
 31
0
  0
LINE
  5
6CA
330
1B
100
AcDbEntity
  8
F.Cu
  6
CONTINUOUS
100
AcDbLine
 10
52.1465859999999992
 20
-67.3838519999999903
 30
0
 11
52.3034139999999965
 21
-67.3838519999999903
 31
0
  0
LINE
  5
6CB
330
1B
100
AcDbEntity
  8
F.Cu
  6
CONTINUOUS
100
AcDbLine
 10
52.3034139999999965
 20
-67.3838519999999903
 30
0
 11
52.4572280000000006
 21
-67.414447999999993
 31
0
  0
LINE
  5
6CC
330
1B
100
AcDbEntity
  8
F.Cu
  6
CONTINUOUS
100
AcDbLine
 10
54.9972279999999998
 20
-67.414447999999993
 30
0
 11
55.1421169999999989
 21
-67.4744630000000001
 31
0
  0
LINE
  5
6CD
330
1B
100
AcDbEntity
  8
F.Cu
  6
CONTINUOUS
100
AcDbLine
 10
55.1421169999999989
 20
-67.4744630000000001
 30
0
 11
55.2725149999999985
 21
-67.5615919999999903
 31
0
  0
LINE
  5
6CE
330
1B
100
AcDbEntity
  8
F.Cu
  6
CONTINUOUS
100
AcDbLine
 10
55.2725149999999985
 20
-67.5615919999999903
 30
0
 11
55.3834079999999958
 21
-67.6724849999999947
 31
0
  0
LINE
  5
6CF
330
1B
100
AcDbEntity
  8
F.Cu
  6
CONTINUOUS
100
AcDbLine
 10
55.3834079999999958
 20
-67.6724849999999947
 30
0
 11
55.4705370000000002
 21
-67.8028829999999942
 31
0
  0
LINE
  5
6D0
330
1B
100
AcDbEntity
  8
F.Cu
  6
CONTINUOUS
100
AcDbLine
 10
55.4705370000000002
 20
-67.8028829999999942
 30
0
 11
55.5305520000000001
 21
-67.9477720000000005
 31
0
  0
LINE
  5
6D1
330
1B
100
AcDbEntity
  8
F.Cu
  6
CONTINUOUS
100
AcDbLine
 10
55.5305520000000001
 20
-67.9477720000000005
 30
0
 11
55.5611479999999958
 21
-68.1015859999999975
 31
0
  0
LINE
  5
6D2
330
1B
100
AcDbEntity
  8
F.Cu
  6
CONTINUOUS
100
AcDbLine
 10
55.5611479999999958
 20
-68.1015859999999975
 30
0
 11
55.5649999999999977
 21
-68.1799999999999926
 31
0
  0
LINE
  5
6D3
330
1B
100
AcDbEntity
  8
F.Cu
  6
CONTINUOUS
100
AcDbLine
 10
55.5649999999999977
 20
-68.1799999999999926
 30
0
 11
55.5649999999999977
 21
-68.980000000000004
 31
0
  0
LINE
  5
6D4
330
1B
100
AcDbEntity
  8
F.Cu
  6
CONTINUOUS
100
AcDbLine
 10
55.5649999999999977
 20
-68.980000000000004
 30
0
 11
55.5611479999999958
 21
-69.0584139999999991
 31
0
  0
LINE
  5
6D5
330
1B
100
AcDbEntity
  8
F.Cu
  6
CONTINUOUS
100
AcDbLine
 10
55.5611479999999958
 20
-69.0584139999999991
 30
0
 11
55.5305520000000001
 21
-69.2122279999999961
 31
0
  0
LINE
  5
6D6
330
1B
100
AcDbEntity
  8
F.Cu
  6
CONTINUOUS
100
AcDbLine
 10
55.5305520000000001
 20
-69.2122279999999961
 30
0
 11
55.4705370000000002
 21
-69.3571170000000023
 31
0
  0
LINE
  5
6D7
330
1B
100
AcDbEntity
  8
F.Cu
  6
CONTINUOUS
100
AcDbLine
 10
55.4705370000000002
 20
-69.3571170000000023
 30
0
 11
55.3834079999999958
 21
-69.4875150000000019
 31
0
  0
LINE
  5
6D8
330
1B
100
AcDbEntity
  8
F.Cu
  6
CONTINUOUS
100
AcDbLine
 10
55.3834079999999958
 20
-69.4875150000000019
 30
0
 11
55.2725149999999985
 21
-69.5984079999999921
 31
0
  0
LINE
  5
6D9
330
1B
100
AcDbEntity
  8
F.Cu
  6
CONTINUOUS
100
AcDbLine
 10
55.2725149999999985
 20
-69.5984079999999921
 30
0
 11
55.1421169999999989
 21
-69.6855369999999965
 31
0
  0
LINE
  5
6DA
330
1B
100
AcDbEntity
  8
F.Cu
  6
CONTINUOUS
100
AcDbLine
 10
55.1421169999999989
 20
-69.6855369999999965
 30
0
 11
54.9972279999999998
 21
-69.7455520000000035
 31
0
  0
LINE
  5
6DB
330
1B
100
AcDbEntity
  8
F.Cu
  6
CONTINUOUS
100
AcDbLine
 10
54.9972279999999998
 20
-69.7455520000000035
 30
0
 11
54.8434139999999957
 21
-69.7761479999999921
 31
0
  0
LINE
  5
6DC
330
1B
100
AcDbEntity
  8
F.Cu
  6
CONTINUOUS
100
AcDbLine
 10
54.8434139999999957
 20
-69.7761479999999921
 30
0
 11
54.6865859999999984
 21
-69.7761479999999921
 31
0
  0
LINE
  5
6DD
330
1B
100
AcDbEntity
  8
F.Cu
  6
CONTINUOUS
100
AcDbLine
 10
54.6865859999999984
 20
-69.7761479999999921
 30
0
 11
54.5327719999999943
 21
-69.7455520000000035
 31
0
  0
LINE
  5
6DE
330
1B
100
AcDbEntity
  8
F.Cu
  6
CONTINUOUS
100
AcDbLine
 10
54.5327719999999943
 20
-69.7455520000000035
 30
0
 11
54.3878829999999951
 21
-69.6855369999999965
 31
0
  0
LINE
  5
6DF
330
1B
100
AcDbEntity
  8
F.Cu
  6
CONTINUOUS
100
AcDbLine
 10
54.3878829999999951
 20
-69.6855369999999965
 30
0
 11
54.2574849999999955
 21
-69.5984079999999921
 31
0
  0
LINE
  5
6E0
330
1B
100
AcDbEntity
  8
F.Cu
  6
CONTINUOUS
100
AcDbLine
 10
54.2574849999999955
 20
-69.5984079999999921
 30
0
 11
54.1465919999999983
 21
-69.4875150000000019
 31
0
  0
LINE
  5
6E1
330
1B
100
AcDbEntity
  8
F.Cu
  6
CONTINUOUS
100
AcDbLine
 10
54.1465919999999983
 20
-69.4875150000000019
 30
0
 11
54.0594630000000009
 21
-69.3571170000000023
 31
0
  0
LINE
  5
6E2
330
1B
100
AcDbEntity
  8
F.Cu
  6
CONTINUOUS
100
AcDbLine
 10
54.0594630000000009
 20
-69.3571170000000023
 30
0
 11
53.999448000000001
 21
-69.2122279999999961
 31
0
  0
LINE
  5
6E3
330
1B
100
AcDbEntity
  8
F.Cu
  6
CONTINUOUS
100
AcDbLine
 10
53.999448000000001
 20
-69.2122279999999961
 30
0
 11
53.9688519999999983
 21
-69.0584139999999991
 31
0
  0
LINE
  5
6E4
330
1B
100
AcDbEntity
  8
F.Cu
  6
CONTINUOUS
100
AcDbLine
 10
53.9688519999999983
 20
-69.0584139999999991
 30
0
 11
53.9649999999999963
 21
-68.980000000000004
 31
0
  0
LINE
  5
6E5
330
1B
100
AcDbEntity
  8
F.Cu
  6
CONTINUOUS
100
AcDbLine
 10
53.9649999999999963
 20
-68.980000000000004
 30
0
 11
53.9649999999999963
 21
-68.1799999999999926
 31
0
  0
LINE
  5
6E6
330
1B
100
AcDbEntity
  8
F.Cu
  6
CONTINUOUS
100
AcDbLine
 10
53.9649999999999963
 20
-68.1799999999999926
 30
0
 11
53.9688519999999983
 21
-68.1015859999999975
 31
0
  0
LINE
  5
6E7
330
1B
100
AcDbEntity
  8
F.Cu
  6
CONTINUOUS
100
AcDbLine
 10
53.9688519999999983
 20
-68.1015859999999975
 30
0
 11
53.999448000000001
 21
-67.9477720000000005
 31
0
  0
LINE
  5
6E8
330
1B
100
AcDbEntity
  8
F.Cu
  6
CONTINUOUS
100
AcDbLine
 10
53.999448000000001
 20
-67.9477720000000005
 30
0
 11
54.0594630000000009
 21
-67.8028829999999942
 31
0
  0
LINE
  5
6E9
330
1B
100
AcDbEntity
  8
F.Cu
  6
CONTINUOUS
100
AcDbLine
 10
54.0594630000000009
 20
-67.8028829999999942
 30
0
 11
54.1465919999999983
 21
-67.6724849999999947
 31
0
  0
LINE
  5
6EA
330
1B
100
AcDbEntity
  8
F.Cu
  6
CONTINUOUS
100
AcDbLine
 10
54.1465919999999983
 20
-67.6724849999999947
 30
0
 11
54.2574849999999955
 21
-67.5615919999999903
 31
0
  0
LINE
  5
6EB
330
1B
100
AcDbEntity
  8
F.Cu
  6
CONTINUOUS
100
AcDbLine
 10
54.2574849999999955
 20
-67.5615919999999903
 30
0
 11
54.3878829999999951
 21
-67.4744630000000001
 31
0
  0
LINE
  5
6EC
330
1B
100
AcDbEntity
  8
F.Cu
  6
CONTINUOUS
100
AcDbLine
 10
54.3878829999999951
 20
-67.4744630000000001
 30
0
 11
54.5327719999999943
 21
-67.414447999999993
 31
0
  0
LINE
  5
6ED
330
1B
100
AcDbEntity
  8
F.Cu
  6
CONTINUOUS
100
AcDbLine
 10
54.5327719999999943
 20
-67.414447999999993
 30
0
 11
54.6865859999999984
 21
-67.3838519999999903
 31
0
  0
LINE
  5
6EE
330
1B
100
AcDbEntity
  8
F.Cu
  6
CONTINUOUS
100
AcDbLine
 10
54.6865859999999984
 20
-67.3838519999999903
 30
0
 11
54.8434139999999957
 21
-67.3838519999999903
 31
0
  0
LINE
  5
6EF
330
1B
100
AcDbEntity
  8
F.Cu
  6
CONTINUOUS
100
AcDbLine
 10
54.8434139999999957
 20
-67.3838519999999903
 30
0
 11
54.9972279999999998
 21
-67.414447999999993
 31
0
  0
LINE
  5
6F0
330
1B
100
AcDbEntity
  8
F.Cu
  6
CONTINUOUS
100
AcDbLine
 10
57.5372279999999989
 20
-67.414447999999993
 30
0
 11
57.6821169999999981
 21
-67.4744630000000001
 31
0
  0
LINE
  5
6F1
330
1B
100
AcDbEntity
  8
F.Cu
  6
CONTINUOUS
100
AcDbLine
 10
57.6821169999999981
 20
-67.4744630000000001
 30
0
 11
57.8125149999999977
 21
-67.5615919999999903
 31
0
  0
LINE
  5
6F2
330
1B
100
AcDbEntity
  8
F.Cu
  6
CONTINUOUS
100
AcDbLine
 10
57.8125149999999977
 20
-67.5615919999999903
 30
0
 11
57.9234079999999949
 21
-67.6724849999999947
 31
0
  0
LINE
  5
6F3
330
1B
100
AcDbEntity
  8
F.Cu
  6
CONTINUOUS
100
AcDbLine
 10
57.9234079999999949
 20
-67.6724849999999947
 30
0
 11
58.0105369999999994
 21
-67.8028829999999942
 31
0
  0
LINE
  5
6F4
330
1B
100
AcDbEntity
  8
F.Cu
  6
CONTINUOUS
100
AcDbLine
 10
58.0105369999999994
 20
-67.8028829999999942
 30
0
 11
58.0705519999999993
 21
-67.9477720000000005
 31
0
  0
LINE
  5
6F5
330
1B
100
AcDbEntity
  8
F.Cu
  6
CONTINUOUS
100
AcDbLine
 10
58.0705519999999993
 20
-67.9477720000000005
 30
0
 11
58.1011479999999949
 21
-68.1015859999999975
 31
0
  0
LINE
  5
6F6
330
1B
100
AcDbEntity
  8
F.Cu
  6
CONTINUOUS
100
AcDbLine
 10
58.1011479999999949
 20
-68.1015859999999975
 30
0
 11
58.1049999999999969
 21
-68.1799999999999926
 31
0
  0
LINE
  5
6F7
330
1B
100
AcDbEntity
  8
F.Cu
  6
CONTINUOUS
100
AcDbLine
 10
58.1049999999999969
 20
-68.1799999999999926
 30
0
 11
58.1049999999999969
 21
-68.980000000000004
 31
0
  0
LINE
  5
6F8
330
1B
100
AcDbEntity
  8
F.Cu
  6
CONTINUOUS
100
AcDbLine
 10
58.1049999999999969
 20
-68.980000000000004
 30
0
 11
58.1011479999999949
 21
-69.0584139999999991
 31
0
  0
LINE
  5
6F9
330
1B
100
AcDbEntity
  8
F.Cu
  6
CONTINUOUS
100
AcDbLine
 10
58.1011479999999949
 20
-69.0584139999999991
 30
0
 11
58.0705519999999993
 21
-69.2122279999999961
 31
0
  0
LINE
  5
6FA
330
1B
100
AcDbEntity
  8
F.Cu
  6
CONTINUOUS
100
AcDbLine
 10
58.0705519999999993
 20
-69.2122279999999961
 30
0
 11
58.0105369999999994
 21
-69.3571170000000023
 31
0
  0
LINE
  5
6FB
330
1B
100
AcDbEntity
  8
F.Cu
  6
CONTINUOUS
100
AcDbLine
 10
58.0105369999999994
 20
-69.3571170000000023
 30
0
 11
57.9234079999999949
 21
-69.4875150000000019
 31
0
  0
LINE
  5
6FC
330
1B
100
AcDbEntity
  8
F.Cu
  6
CONTINUOUS
100
AcDbLine
 10
57.9234079999999949
 20
-69.4875150000000019
 30
0
 11
57.8125149999999977
 21
-69.5984079999999921
 31
0
  0
LINE
  5
6FD
330
1B
100
AcDbEntity
  8
F.Cu
  6
CONTINUOUS
100
AcDbLine
 10
57.8125149999999977
 20
-69.5984079999999921
 30
0
 11
57.6821169999999981
 21
-69.6855369999999965
 31
0
  0
LINE
  5
6FE
330
1B
100
AcDbEntity
  8
F.Cu
  6
CONTINUOUS
100
AcDbLine
 10
57.6821169999999981
 20
-69.6855369999999965
 30
0
 11
57.5372279999999989
 21
-69.7455520000000035
 31
0
  0
LINE
  5
6FF
330
1B
100
AcDbEntity
  8
F.Cu
  6
CONTINUOUS
100
AcDbLine
 10
57.5372279999999989
 20
-69.7455520000000035
 30
0
 11
57.3834139999999948
 21
-69.7761479999999921
 31
0
  0
LINE
  5
700
330
1B
100
AcDbEntity
  8
F.Cu
  6
CONTINUOUS
100
AcDbLine
 10
57.3834139999999948
 20
-69.7761479999999921
 30
0
 11
57.2265859999999975
 21
-69.7761479999999921
 31
0
  0
LINE
  5
701
330
1B
100
AcDbEntity
  8
F.Cu
  6
CONTINUOUS
100
AcDbLine
 10
57.2265859999999975
 20
-69.7761479999999921
 30
0
 11
57.0727720000000005
 21
-69.7455520000000035
 31
0
  0
LINE
  5
702
330
1B
100
AcDbEntity
  8
F.Cu
  6
CONTINUOUS
100
AcDbLine
 10
57.0727720000000005
 20
-69.7455520000000035
 30
0
 11
56.9278829999999942
 21
-69.6855369999999965
 31
0
  0
LINE
  5
703
330
1B
100
AcDbEntity
  8
F.Cu
  6
CONTINUOUS
100
AcDbLine
 10
56.9278829999999942
 20
-69.6855369999999965
 30
0
 11
56.7974849999999947
 21
-69.5984079999999921
 31
0
  0
LINE
  5
704
330
1B
100
AcDbEntity
  8
F.Cu
  6
CONTINUOUS
100
AcDbLine
 10
56.7974849999999947
 20
-69.5984079999999921
 30
0
 11
56.6865919999999974
 21
-69.4875150000000019
 31
0
  0
LINE
  5
705
330
1B
100
AcDbEntity
  8
F.Cu
  6
CONTINUOUS
100
AcDbLine
 10
56.6865919999999974
 20
-69.4875150000000019
 30
0
 11
56.5994630000000001
 21
-69.3571170000000023
 31
0
  0
LINE
  5
706
330
1B
100
AcDbEntity
  8
F.Cu
  6
CONTINUOUS
100
AcDbLine
 10
56.5994630000000001
 20
-69.3571170000000023
 30
0
 11
56.5394480000000001
 21
-69.2122279999999961
 31
0
  0
LINE
  5
707
330
1B
100
AcDbEntity
  8
F.Cu
  6
CONTINUOUS
100
AcDbLine
 10
56.5394480000000001
 20
-69.2122279999999961
 30
0
 11
56.5088519999999974
 21
-69.0584139999999991
 31
0
  0
LINE
  5
708
330
1B
100
AcDbEntity
  8
F.Cu
  6
CONTINUOUS
100
AcDbLine
 10
56.5088519999999974
 20
-69.0584139999999991
 30
0
 11
56.5049999999999955
 21
-68.980000000000004
 31
0
  0
LINE
  5
709
330
1B
100
AcDbEntity
  8
F.Cu
  6
CONTINUOUS
100
AcDbLine
 10
56.5049999999999955
 20
-68.980000000000004
 30
0
 11
56.5049999999999955
 21
-68.1799999999999926
 31
0
  0
LINE
  5
70A
330
1B
100
AcDbEntity
  8
F.Cu
  6
CONTINUOUS
100
AcDbLine
 10
56.5049999999999955
 20
-68.1799999999999926
 30
0
 11
56.5088519999999974
 21
-68.1015859999999975
 31
0
  0
LINE
  5
70B
330
1B
100
AcDbEntity
  8
F.Cu
  6
CONTINUOUS
100
AcDbLine
 10
56.5088519999999974
 20
-68.1015859999999975
 30
0
 11
56.5394480000000001
 21
-67.9477720000000005
 31
0
  0
LINE
  5
70C
330
1B
100
AcDbEntity
  8
F.Cu
  6
CONTINUOUS
100
AcDbLine
 10
56.5394480000000001
 20
-67.9477720000000005
 30
0
 11
56.5994630000000001
 21
-67.8028829999999942
 31
0
  0
LINE
  5
70D
330
1B
100
AcDbEntity
  8
F.Cu
  6
CONTINUOUS
100
AcDbLine
 10
56.5994630000000001
 20
-67.8028829999999942
 30
0
 11
56.6865919999999974
 21
-67.6724849999999947
 31
0
  0
LINE
  5
70E
330
1B
100
AcDbEntity
  8
F.Cu
  6
CONTINUOUS
100
AcDbLine
 10
56.6865919999999974
 20
-67.6724849999999947
 30
0
 11
56.7974849999999947
 21
-67.5615919999999903
 31
0
  0
LINE
  5
70F
330
1B
100
AcDbEntity
  8
F.Cu
  6
CONTINUOUS
100
AcDbLine
 10
56.7974849999999947
 20
-67.5615919999999903
 30
0
 11
56.9278829999999942
 21
-67.4744630000000001
 31
0
  0
LINE
  5
710
330
1B
100
AcDbEntity
  8
F.Cu
  6
CONTINUOUS
100
AcDbLine
 10
56.9278829999999942
 20
-67.4744630000000001
 30
0
 11
57.0727720000000005
 21
-67.414447999999993
 31
0
  0
LINE
  5
711
330
1B
100
AcDbEntity
  8
F.Cu
  6
CONTINUOUS
100
AcDbLine
 10
57.0727720000000005
 20
-67.414447999999993
 30
0
 11
57.2265859999999975
 21
-67.3838519999999903
 31
0
  0
LINE
  5
712
330
1B
100
AcDbEntity
  8
F.Cu
  6
CONTINUOUS
100
AcDbLine
 10
57.2265859999999975
 20
-67.3838519999999903
 30
0
 11
57.3834139999999948
 21
-67.3838519999999903
 31
0
  0
LINE
  5
713
330
1B
100
AcDbEntity
  8
F.Cu
  6
CONTINUOUS
100
AcDbLine
 10
57.3834139999999948
 20
-67.3838519999999903
 30
0
 11
57.5372279999999989
 21
-67.414447999999993
 31
0
  0
LINE
  5
714
330
1B
100
AcDbEntity
  8
F.Cu
  6
CONTINUOUS
100
AcDbLine
 10
60.0772279999999981
 20
-67.414447999999993
 30
0
 11
60.2221169999999972
 21
-67.4744630000000001
 31
0
  0
LINE
  5
715
330
1B
100
AcDbEntity
  8
F.Cu
  6
CONTINUOUS
100
AcDbLine
 10
60.2221169999999972
 20
-67.4744630000000001
 30
0
 11
60.3525149999999968
 21
-67.5615919999999903
 31
0
  0
LINE
  5
716
330
1B
100
AcDbEntity
  8
F.Cu
  6
CONTINUOUS
100
AcDbLine
 10
60.3525149999999968
 20
-67.5615919999999903
 30
0
 11
60.463407999999994
 21
-67.6724849999999947
 31
0
  0
LINE
  5
717
330
1B
100
AcDbEntity
  8
F.Cu
  6
CONTINUOUS
100
AcDbLine
 10
60.463407999999994
 20
-67.6724849999999947
 30
0
 11
60.5505369999999985
 21
-67.8028829999999942
 31
0
  0
LINE
  5
718
330
1B
100
AcDbEntity
  8
F.Cu
  6
CONTINUOUS
100
AcDbLine
 10
60.5505369999999985
 20
-67.8028829999999942
 30
0
 11
60.6105519999999984
 21
-67.9477720000000005
 31
0
  0
LINE
  5
719
330
1B
100
AcDbEntity
  8
F.Cu
  6
CONTINUOUS
100
AcDbLine
 10
60.6105519999999984
 20
-67.9477720000000005
 30
0
 11
60.6411479999999941
 21
-68.1015859999999975
 31
0
  0
LINE
  5
71A
330
1B
100
AcDbEntity
  8
F.Cu
  6
CONTINUOUS
100
AcDbLine
 10
60.6411479999999941
 20
-68.1015859999999975
 30
0
 11
60.644999999999996
 21
-68.1799999999999926
 31
0
  0
LINE
  5
71B
330
1B
100
AcDbEntity
  8
F.Cu
  6
CONTINUOUS
100
AcDbLine
 10
60.644999999999996
 20
-68.1799999999999926
 30
0
 11
60.644999999999996
 21
-68.980000000000004
 31
0
  0
LINE
  5
71C
330
1B
100
AcDbEntity
  8
F.Cu
  6
CONTINUOUS
100
AcDbLine
 10
60.644999999999996
 20
-68.980000000000004
 30
0
 11
60.6411479999999941
 21
-69.0584139999999991
 31
0
  0
LINE
  5
71D
330
1B
100
AcDbEntity
  8
F.Cu
  6
CONTINUOUS
100
AcDbLine
 10
60.6411479999999941
 20
-69.0584139999999991
 30
0
 11
60.6105519999999984
 21
-69.2122279999999961
 31
0
  0
LINE
  5
71E
330
1B
100
AcDbEntity
  8
F.Cu
  6
CONTINUOUS
100
AcDbLine
 10
60.6105519999999984
 20
-69.2122279999999961
 30
0
 11
60.5505369999999985
 21
-69.3571170000000023
 31
0
  0
LINE
  5
71F
330
1B
100
AcDbEntity
  8
F.Cu
  6
CONTINUOUS
100
AcDbLine
 10
60.5505369999999985
 20
-69.3571170000000023
 30
0
 11
60.463407999999994
 21
-69.4875150000000019
 31
0
  0
LINE
  5
720
330
1B
100
AcDbEntity
  8
F.Cu
  6
CONTINUOUS
100
AcDbLine
 10
60.463407999999994
 20
-69.4875150000000019
 30
0
 11
60.3525149999999968
 21
-69.5984079999999921
 31
0
  0
LINE
  5
721
330
1B
100
AcDbEntity
  8
F.Cu
  6
CONTINUOUS
100
AcDbLine
 10
60.3525149999999968
 20
-69.5984079999999921
 30
0
 11
60.2221169999999972
 21
-69.6855369999999965
 31
0
  0
LINE
  5
722
330
1B
100
AcDbEntity
  8
F.Cu
  6
CONTINUOUS
100
AcDbLine
 10
60.2221169999999972
 20
-69.6855369999999965
 30
0
 11
60.0772279999999981
 21
-69.7455520000000035
 31
0
  0
LINE
  5
723
330
1B
100
AcDbEntity
  8
F.Cu
  6
CONTINUOUS
100
AcDbLine
 10
60.0772279999999981
 20
-69.7455520000000035
 30
0
 11
59.923413999999994
 21
-69.7761479999999921
 31
0
  0
LINE
  5
724
330
1B
100
AcDbEntity
  8
F.Cu
  6
CONTINUOUS
100
AcDbLine
 10
59.923413999999994
 20
-69.7761479999999921
 30
0
 11
59.7665859999999967
 21
-69.7761479999999921
 31
0
  0
LINE
  5
725
330
1B
100
AcDbEntity
  8
F.Cu
  6
CONTINUOUS
100
AcDbLine
 10
59.7665859999999967
 20
-69.7761479999999921
 30
0
 11
59.6127719999999997
 21
-69.7455520000000035
 31
0
  0
LINE
  5
726
330
1B
100
AcDbEntity
  8
F.Cu
  6
CONTINUOUS
100
AcDbLine
 10
59.6127719999999997
 20
-69.7455520000000035
 30
0
 11
59.4678830000000005
 21
-69.6855369999999965
 31
0
  0
LINE
  5
727
330
1B
100
AcDbEntity
  8
F.Cu
  6
CONTINUOUS
100
AcDbLine
 10
59.4678830000000005
 20
-69.6855369999999965
 30
0
 11
59.3374849999999938
 21
-69.5984079999999921
 31
0
  0
LINE
  5
728
330
1B
100
AcDbEntity
  8
F.Cu
  6
CONTINUOUS
100
AcDbLine
 10
59.3374849999999938
 20
-69.5984079999999921
 30
0
 11
59.2265919999999966
 21
-69.4875150000000019
 31
0
  0
LINE
  5
729
330
1B
100
AcDbEntity
  8
F.Cu
  6
CONTINUOUS
100
AcDbLine
 10
59.2265919999999966
 20
-69.4875150000000019
 30
0
 11
59.1394629999999992
 21
-69.3571170000000023
 31
0
  0
LINE
  5
72A
330
1B
100
AcDbEntity
  8
F.Cu
  6
CONTINUOUS
100
AcDbLine
 10
59.1394629999999992
 20
-69.3571170000000023
 30
0
 11
59.0794479999999993
 21
-69.2122279999999961
 31
0
  0
LINE
  5
72B
330
1B
100
AcDbEntity
  8
F.Cu
  6
CONTINUOUS
100
AcDbLine
 10
59.0794479999999993
 20
-69.2122279999999961
 30
0
 11
59.0488519999999966
 21
-69.0584139999999991
 31
0
  0
LINE
  5
72C
330
1B
100
AcDbEntity
  8
F.Cu
  6
CONTINUOUS
100
AcDbLine
 10
59.0488519999999966
 20
-69.0584139999999991
 30
0
 11
59.0449999999999946
 21
-68.980000000000004
 31
0
  0
LINE
  5
72D
330
1B
100
AcDbEntity
  8
F.Cu
  6
CONTINUOUS
100
AcDbLine
 10
59.0449999999999946
 20
-68.980000000000004
 30
0
 11
59.0449999999999946
 21
-68.1799999999999926
 31
0
  0
LINE
  5
72E
330
1B
100
AcDbEntity
  8
F.Cu
  6
CONTINUOUS
100
AcDbLine
 10
59.0449999999999946
 20
-68.1799999999999926
 30
0
 11
59.0488519999999966
 21
-68.1015859999999975
 31
0
  0
LINE
  5
72F
330
1B
100
AcDbEntity
  8
F.Cu
  6
CONTINUOUS
100
AcDbLine
 10
59.0488519999999966
 20
-68.1015859999999975
 30
0
 11
59.0794479999999993
 21
-67.9477720000000005
 31
0
  0
LINE
  5
730
330
1B
100
AcDbEntity
  8
F.Cu
  6
CONTINUOUS
100
AcDbLine
 10
59.0794479999999993
 20
-67.9477720000000005
 30
0
 11
59.1394629999999992
 21
-67.8028829999999942
 31
0
  0
LINE
  5
731
330
1B
100
AcDbEntity
  8
F.Cu
  6
CONTINUOUS
100
AcDbLine
 10
59.1394629999999992
 20
-67.8028829999999942
 30
0
 11
59.2265919999999966
 21
-67.6724849999999947
 31
0
  0
LINE
  5
732
330
1B
100
AcDbEntity
  8
F.Cu
  6
CONTINUOUS
100
AcDbLine
 10
59.2265919999999966
 20
-67.6724849999999947
 30
0
 11
59.3374849999999938
 21
-67.5615919999999903
 31
0
  0
LINE
  5
733
330
1B
100
AcDbEntity
  8
F.Cu
  6
CONTINUOUS
100
AcDbLine
 10
59.3374849999999938
 20
-67.5615919999999903
 30
0
 11
59.4678830000000005
 21
-67.4744630000000001
 31
0
  0
LINE
  5
734
330
1B
100
AcDbEntity
  8
F.Cu
  6
CONTINUOUS
100
AcDbLine
 10
59.4678830000000005
 20
-67.4744630000000001
 30
0
 11
59.6127719999999997
 21
-67.414447999999993
 31
0
  0
LINE
  5
735
330
1B
100
AcDbEntity
  8
F.Cu
  6
CONTINUOUS
100
AcDbLine
 10
59.6127719999999997
 20
-67.414447999999993
 30
0
 11
59.7665859999999967
 21
-67.3838519999999903
 31
0
  0
LINE
  5
736
330
1B
100
AcDbEntity
  8
F.Cu
  6
CONTINUOUS
100
AcDbLine
 10
59.7665859999999967
 20
-67.3838519999999903
 30
0
 11
59.923413999999994
 21
-67.3838519999999903
 31
0
  0
LINE
  5
737
330
1B
100
AcDbEntity
  8
F.Cu
  6
CONTINUOUS
100
AcDbLine
 10
59.923413999999994
 20
-67.3838519999999903
 30
0
 11
60.0772279999999981
 21
-67.414447999999993
 31
0
  0
LINE
  5
738
330
1B
100
AcDbEntity
  8
F.Cu
  6
CONTINUOUS
100
AcDbLine
 10
100.2612559999999888
 20
-57.6387539999999987
 30
0
 11
100.4242569999999972
 21
-57.7062709999999939
 31
0
  0
LINE
  5
739
330
1B
100
AcDbEntity
  8
F.Cu
  6
CONTINUOUS
100
AcDbLine
 10
100.4242569999999972
 20
-57.7062709999999939
 30
0
 11
100.5709540000000004
 21
-57.8042909999999992
 31
0
  0
LINE
  5
73A
330
1B
100
AcDbEntity
  8
F.Cu
  6
CONTINUOUS
100
AcDbLine
 10
100.5709540000000004
 20
-57.8042909999999992
 30
0
 11
100.6957089999999937
 21
-57.9290459999999996
 31
0
  0
LINE
  5
73B
330
1B
100
AcDbEntity
  8
F.Cu
  6
CONTINUOUS
100
AcDbLine
 10
100.6957089999999937
 20
-57.9290459999999996
 30
0
 11
100.793728999999999
 21
-58.0757429999999957
 31
0
  0
LINE
  5
73C
330
1B
100
AcDbEntity
  8
F.Cu
  6
CONTINUOUS
100
AcDbLine
 10
100.793728999999999
 20
-58.0757429999999957
 30
0
 11
100.8612459999999942
 21
-58.238743999999997
 31
0
  0
LINE
  5
73D
330
1B
100
AcDbEntity
  8
F.Cu
  6
CONTINUOUS
100
AcDbLine
 10
100.8612459999999942
 20
-58.238743999999997
 30
0
 11
100.8956659999999914
 21
-58.4117849999999947
 31
0
  0
LINE
  5
73E
330
1B
100
AcDbEntity
  8
F.Cu
  6
CONTINUOUS
100
AcDbLine
 10
100.8956659999999914
 20
-58.4117849999999947
 30
0
 11
100.8956659999999914
 21
-58.5882149999999982
 31
0
  0
LINE
  5
73F
330
1B
100
AcDbEntity
  8
F.Cu
  6
CONTINUOUS
100
AcDbLine
 10
100.8956659999999914
 20
-58.5882149999999982
 30
0
 11
100.8612459999999942
 21
-58.7612559999999959
 31
0
  0
LINE
  5
740
330
1B
100
AcDbEntity
  8
F.Cu
  6
CONTINUOUS
100
AcDbLine
 10
100.8612459999999942
 20
-58.7612559999999959
 30
0
 11
100.793728999999999
 21
-58.9242569999999972
 31
0
  0
LINE
  5
741
330
1B
100
AcDbEntity
  8
F.Cu
  6
CONTINUOUS
100
AcDbLine
 10
100.793728999999999
 20
-58.9242569999999972
 30
0
 11
100.6957089999999937
 21
-59.0709540000000004
 31
0
  0
LINE
  5
742
330
1B
100
AcDbEntity
  8
F.Cu
  6
CONTINUOUS
100
AcDbLine
 10
100.6957089999999937
 20
-59.0709540000000004
 30
0
 11
100.5709540000000004
 21
-59.1957090000000008
 31
0
  0
LINE
  5
743
330
1B
100
AcDbEntity
  8
F.Cu
  6
CONTINUOUS
100
AcDbLine
 10
100.5709540000000004
 20
-59.1957090000000008
 30
0
 11
100.5
 21
-59.2431190000000001
 31
0
  0
LINE
  5
744
330
1B
100
AcDbEntity
  8
F.Cu
  6
CONTINUOUS
100
AcDbLine
 10
100.5
 20
-59.2431190000000001
 30
0
 11
100.5
 21
-62.5916629999999969
 31
0
  0
LINE
  5
745
330
1B
100
AcDbEntity
  8
F.Cu
  6
CONTINUOUS
100
AcDbLine
 10
100.5
 20
-62.5916629999999969
 30
0
 11
105.8240629999999953
 21
-67.9157259999999923
 31
0
  0
LINE
  5
746
330
1B
100
AcDbEntity
  8
F.Cu
  6
CONTINUOUS
100
AcDbLine
 10
105.8240629999999953
 20
-67.9157259999999923
 30
0
 11
105.9518130000000014
 21
-67.8303669999999954
 31
0
  0
LINE
  5
747
330
1B
100
AcDbEntity
  8
F.Cu
  6
CONTINUOUS
100
AcDbLine
 10
105.9518130000000014
 20
-67.8303669999999954
 30
0
 11
106.1057579999999945
 21
-67.7666009999999943
 31
0
  0
LINE
  5
748
330
1B
100
AcDbEntity
  8
F.Cu
  6
CONTINUOUS
100
AcDbLine
 10
106.1057579999999945
 20
-67.7666009999999943
 30
0
 11
106.2691849999999931
 21
-67.7340930000000014
 31
0
  0
LINE
  5
749
330
1B
100
AcDbEntity
  8
F.Cu
  6
CONTINUOUS
100
AcDbLine
 10
106.2691849999999931
 20
-67.7340930000000014
 30
0
 11
106.435814999999991
 21
-67.7340930000000014
 31
0
  0
LINE
  5
74A
330
1B
100
AcDbEntity
  8
F.Cu
  6
CONTINUOUS
100
AcDbLine
 10
106.435814999999991
 20
-67.7340930000000014
 30
0
 11
106.5992419999999896
 21
-67.7666009999999943
 31
0
  0
LINE
  5
74B
330
1B
100
AcDbEntity
  8
F.Cu
  6
CONTINUOUS
100
AcDbLine
 10
106.5992419999999896
 20
-67.7666009999999943
 30
0
 11
106.7531869999999969
 21
-67.8303669999999954
 31
0
  0
LINE
  5
74C
330
1B
100
AcDbEntity
  8
F.Cu
  6
CONTINUOUS
100
AcDbLine
 10
106.7531869999999969
 20
-67.8303669999999954
 30
0
 11
106.8917339999999996
 21
-67.9229409999999945
 31
0
  0
LINE
  5
74D
330
1B
100
AcDbEntity
  8
F.Cu
  6
CONTINUOUS
100
AcDbLine
 10
106.8917339999999996
 20
-67.9229409999999945
 30
0
 11
106.9687929999999909
 21
-68.
 31
0
  0
LINE
  5
74E
330
1B
100
AcDbEntity
  8
F.Cu
  6
CONTINUOUS
100
AcDbLine
 10
106.9687929999999909
 20
-68.
 30
0
 11
110.2568809999999928
 21
-68.
 31
0
  0
LINE
  5
74F
330
1B
100
AcDbEntity
  8
F.Cu
  6
CONTINUOUS
100
AcDbLine
 10
110.2568809999999928
 20
-68.
 30
0
 11
110.3042909999999921
 21
-67.9290459999999996
 31
0
  0
LINE
  5
750
330
1B
100
AcDbEntity
  8
F.Cu
  6
CONTINUOUS
100
AcDbLine
 10
110.3042909999999921
 20
-67.9290459999999996
 30
0
 11
110.4290459999999996
 21
-67.8042909999999921
 31
0
  0
LINE
  5
751
330
1B
100
AcDbEntity
  8
F.Cu
  6
CONTINUOUS
100
AcDbLine
 10
110.4290459999999996
 20
-67.8042909999999921
 30
0
 11
110.5757429999999886
 21
-67.706271000000001
 31
0
  0
LINE
  5
752
330
1B
100
AcDbEntity
  8
F.Cu
  6
CONTINUOUS
100
AcDbLine
 10
110.5757429999999886
 20
-67.706271000000001
 30
0
 11
110.738743999999997
 21
-67.6387539999999916
 31
0
  0
LINE
  5
753
330
1B
100
AcDbEntity
  8
F.Cu
  6
CONTINUOUS
100
AcDbLine
 10
110.738743999999997
 20
-67.6387539999999916
 30
0
 11
110.9117849999999947
 21
-67.6043339999999944
 31
0
  0
LINE
  5
754
330
1B
100
AcDbEntity
  8
F.Cu
  6
CONTINUOUS
100
AcDbLine
 10
110.9117849999999947
 20
-67.6043339999999944
 30
0
 11
111.0882149999999911
 21
-67.6043339999999944
 31
0
  0
LINE
  5
755
330
1B
100
AcDbEntity
  8
F.Cu
  6
CONTINUOUS
100
AcDbLine
 10
111.0882149999999911
 20
-67.6043339999999944
 30
0
 11
111.2612559999999888
 21
-67.6387539999999916
 31
0
  0
LINE
  5
756
330
1B
100
AcDbEntity
  8
F.Cu
  6
CONTINUOUS
100
AcDbLine
 10
111.2612559999999888
 20
-67.6387539999999916
 30
0
 11
111.4242569999999972
 21
-67.706271000000001
 31
0
  0
LINE
  5
757
330
1B
100
AcDbEntity
  8
F.Cu
  6
CONTINUOUS
100
AcDbLine
 10
111.4242569999999972
 20
-67.706271000000001
 30
0
 11
111.5709540000000004
 21
-67.8042909999999921
 31
0
  0
LINE
  5
758
330
1B
100
AcDbEntity
  8
F.Cu
  6
CONTINUOUS
100
AcDbLine
 10
111.5709540000000004
 20
-67.8042909999999921
 30
0
 11
111.6957089999999937
 21
-67.9290459999999996
 31
0
  0
LINE
  5
759
330
1B
100
AcDbEntity
  8
F.Cu
  6
CONTINUOUS
100
AcDbLine
 10
111.6957089999999937
 20
-67.9290459999999996
 30
0
 11
111.793728999999999
 21
-68.0757430000000028
 31
0
  0
LINE
  5
75A
330
1B
100
AcDbEntity
  8
F.Cu
  6
CONTINUOUS
100
AcDbLine
 10
111.793728999999999
 20
-68.0757430000000028
 30
0
 11
111.8612459999999942
 21
-68.238743999999997
 31
0
  0
LINE
  5
75B
330
1B
100
AcDbEntity
  8
F.Cu
  6
CONTINUOUS
100
AcDbLine
 10
111.8612459999999942
 20
-68.238743999999997
 30
0
 11
111.8956659999999914
 21
-68.4117849999999947
 31
0
  0
LINE
  5
75C
330
1B
100
AcDbEntity
  8
F.Cu
  6
CONTINUOUS
100
AcDbLine
 10
111.8956659999999914
 20
-68.4117849999999947
 30
0
 11
111.8956659999999914
 21
-68.5882149999999911
 31
0
  0
LINE
  5
75D
330
1B
100
AcDbEntity
  8
F.Cu
  6
CONTINUOUS
100
AcDbLine
 10
111.8956659999999914
 20
-68.5882149999999911
 30
0
 11
111.8612459999999942
 21
-68.761256000000003
 31
0
  0
LINE
  5
75E
330
1B
100
AcDbEntity
  8
F.Cu
  6
CONTINUOUS
100
AcDbLine
 10
111.8612459999999942
 20
-68.761256000000003
 30
0
 11
111.793728999999999
 21
-68.9242569999999972
 31
0
  0
LINE
  5
75F
330
1B
100
AcDbEntity
  8
F.Cu
  6
CONTINUOUS
100
AcDbLine
 10
111.793728999999999
 20
-68.9242569999999972
 30
0
 11
111.6957089999999937
 21
-69.0709540000000004
 31
0
  0
LINE
  5
760
330
1B
100
AcDbEntity
  8
F.Cu
  6
CONTINUOUS
100
AcDbLine
 10
111.6957089999999937
 20
-69.0709540000000004
 30
0
 11
111.5709540000000004
 21
-69.1957089999999937
 31
0
  0
LINE
  5
761
330
1B
100
AcDbEntity
  8
F.Cu
  6
CONTINUOUS
100
AcDbLine
 10
111.5709540000000004
 20
-69.1957089999999937
 30
0
 11
111.4242569999999972
 21
-69.293728999999999
 31
0
  0
LINE
  5
762
330
1B
100
AcDbEntity
  8
F.Cu
  6
CONTINUOUS
100
AcDbLine
 10
111.4242569999999972
 20
-69.293728999999999
 30
0
 11
111.2612559999999888
 21
-69.3612459999999942
 31
0
  0
LINE
  5
763
330
1B
100
AcDbEntity
  8
F.Cu
  6
CONTINUOUS
100
AcDbLine
 10
111.2612559999999888
 20
-69.3612459999999942
 30
0
 11
111.0882149999999911
 21
-69.3956659999999914
 31
0
  0
LINE
  5
764
330
1B
100
AcDbEntity
  8
F.Cu
  6
CONTINUOUS
100
AcDbLine
 10
111.0882149999999911
 20
-69.3956659999999914
 30
0
 11
110.9117849999999947
 21
-69.3956659999999914
 31
0
  0
LINE
  5
765
330
1B
100
AcDbEntity
  8
F.Cu
  6
CONTINUOUS
100
AcDbLine
 10
110.9117849999999947
 20
-69.3956659999999914
 30
0
 11
110.738743999999997
 21
-69.3612459999999942
 31
0
  0
LINE
  5
766
330
1B
100
AcDbEntity
  8
F.Cu
  6
CONTINUOUS
100
AcDbLine
 10
110.738743999999997
 20
-69.3612459999999942
 30
0
 11
110.5757429999999886
 21
-69.293728999999999
 31
0
  0
LINE
  5
767
330
1B
100
AcDbEntity
  8
F.Cu
  6
CONTINUOUS
100
AcDbLine
 10
110.5757429999999886
 20
-69.293728999999999
 30
0
 11
110.4290459999999996
 21
-69.1957089999999937
 31
0
  0
LINE
  5
768
330
1B
100
AcDbEntity
  8
F.Cu
  6
CONTINUOUS
100
AcDbLine
 10
110.4290459999999996
 20
-69.1957089999999937
 30
0
 11
110.3042909999999921
 21
-69.0709540000000004
 31
0
  0
LINE
  5
769
330
1B
100
AcDbEntity
  8
F.Cu
  6
CONTINUOUS
100
AcDbLine
 10
110.3042909999999921
 20
-69.0709540000000004
 30
0
 11
110.2568809999999928
 21
-69.
 31
0
  0
LINE
  5
76A
330
1B
100
AcDbEntity
  8
F.Cu
  6
CONTINUOUS
100
AcDbLine
 10
110.2568809999999928
 20
-69.
 30
0
 11
107.0892279999999914
 21
-69.
 31
0
  0
LINE
  5
76B
330
1B
100
AcDbEntity
  8
F.Cu
  6
CONTINUOUS
100
AcDbLine
 10
107.0892279999999914
 20
-69.
 30
0
 11
107.0095589999999959
 21
-69.1192339999999916
 31
0
  0
LINE
  5
76C
330
1B
100
AcDbEntity
  8
F.Cu
  6
CONTINUOUS
100
AcDbLine
 10
107.0095589999999959
 20
-69.1192339999999916
 30
0
 11
106.8917339999999996
 21
-69.2370590000000021
 31
0
  0
LINE
  5
76D
330
1B
100
AcDbEntity
  8
F.Cu
  6
CONTINUOUS
100
AcDbLine
 10
106.8917339999999996
 20
-69.2370590000000021
 30
0
 11
106.7531869999999969
 21
-69.3296330000000012
 31
0
  0
LINE
  5
76E
330
1B
100
AcDbEntity
  8
F.Cu
  6
CONTINUOUS
100
AcDbLine
 10
106.7531869999999969
 20
-69.3296330000000012
 30
0
 11
106.5992419999999896
 21
-69.3933990000000023
 31
0
  0
LINE
  5
76F
330
1B
100
AcDbEntity
  8
F.Cu
  6
CONTINUOUS
100
AcDbLine
 10
106.5992419999999896
 20
-69.3933990000000023
 30
0
 11
106.435814999999991
 21
-69.4259069999999952
 31
0
  0
LINE
  5
770
330
1B
100
AcDbEntity
  8
F.Cu
  6
CONTINUOUS
100
AcDbLine
 10
106.435814999999991
 20
-69.4259069999999952
 30
0
 11
106.2691849999999931
 21
-69.4259069999999952
 31
0
  0
LINE
  5
771
330
1B
100
AcDbEntity
  8
F.Cu
  6
CONTINUOUS
100
AcDbLine
 10
106.2691849999999931
 20
-69.4259069999999952
 30
0
 11
106.1057579999999945
 21
-69.3933990000000023
 31
0
  0
LINE
  5
772
330
1B
100
AcDbEntity
  8
F.Cu
  6
CONTINUOUS
100
AcDbLine
 10
106.1057579999999945
 20
-69.3933990000000023
 30
0
 11
105.9518130000000014
 21
-69.3296330000000012
 31
0
  0
LINE
  5
773
330
1B
100
AcDbEntity
  8
F.Cu
  6
CONTINUOUS
100
AcDbLine
 10
105.9518130000000014
 20
-69.3296330000000012
 30
0
 11
105.8132659999999987
 21
-69.2370590000000021
 31
0
  0
LINE
  5
774
330
1B
100
AcDbEntity
  8
F.Cu
  6
CONTINUOUS
100
AcDbLine
 10
105.8132659999999987
 20
-69.2370590000000021
 30
0
 11
105.6954409999999882
 21
-69.1192339999999916
 31
0
  0
LINE
  5
775
330
1B
100
AcDbEntity
  8
F.Cu
  6
CONTINUOUS
100
AcDbLine
 10
105.6954409999999882
 20
-69.1192339999999916
 30
0
 11
105.6078859999999935
 21
-68.988197999999997
 31
0
  0
LINE
  5
776
330
1B
100
AcDbEntity
  8
F.Cu
  6
CONTINUOUS
100
AcDbLine
 10
105.6078859999999935
 20
-68.988197999999997
 30
0
 11
105.5098879999999895
 21
-68.9619399999999985
 31
0
  0
LINE
  5
777
330
1B
100
AcDbEntity
  8
F.Cu
  6
CONTINUOUS
100
AcDbLine
 10
105.5098879999999895
 20
-68.9619399999999985
 30
0
 11
105.3968489999999889
 21
-68.8966769999999968
 31
0
  0
LINE
  5
778
330
1B
100
AcDbEntity
  8
F.Cu
  6
CONTINUOUS
100
AcDbLine
 10
105.3968489999999889
 20
-68.8966769999999968
 30
0
 11
105.3968330000000009
 21
-68.8966609999999946
 31
0
  0
LINE
  5
779
330
1B
100
AcDbEntity
  8
F.Cu
  6
CONTINUOUS
100
AcDbLine
 10
105.3968330000000009
 20
-68.8966609999999946
 30
0
 11
105.3476769999999902
 21
-68.8535540000000026
 31
0
  0
LINE
  5
77A
330
1B
100
AcDbEntity
  8
F.Cu
  6
CONTINUOUS
100
AcDbLine
 10
105.3476769999999902
 20
-68.8535540000000026
 30
0
 11
99.6464469999999949
 21
-63.1523229999999955
 31
0
  0
LINE
  5
77B
330
1B
100
AcDbEntity
  8
F.Cu
  6
CONTINUOUS
100
AcDbLine
 10
99.6464469999999949
 20
-63.1523229999999955
 30
0
 11
99.6033379999999937
 21
-63.1031659999999945
 31
0
  0
LINE
  5
77C
330
1B
100
AcDbEntity
  8
F.Cu
  6
CONTINUOUS
100
AcDbLine
 10
99.6033379999999937
 20
-63.1031659999999945
 30
0
 11
99.603322999999989
 21
-63.1031509999999969
 31
0
  0
LINE
  5
77D
330
1B
100
AcDbEntity
  8
F.Cu
  6
CONTINUOUS
100
AcDbLine
 10
99.603322999999989
 20
-63.1031509999999969
 30
0
 11
99.5380600000000015
 21
-62.9901119999999963
 31
0
  0
LINE
  5
77E
330
1B
100
AcDbEntity
  8
F.Cu
  6
CONTINUOUS
100
AcDbLine
 10
99.5380600000000015
 20
-62.9901119999999963
 30
0
 11
99.5301970000000011
 21
-62.9607659999999996
 31
0
  0
LINE
  5
77F
330
1B
100
AcDbEntity
  8
F.Cu
  6
CONTINUOUS
100
AcDbLine
 10
99.5301970000000011
 20
-62.9607659999999996
 30
0
 11
99.5042770000000019
 21
-62.8640329999999992
 31
0
  0
LINE
  5
780
330
1B
100
AcDbEntity
  8
F.Cu
  6
CONTINUOUS
100
AcDbLine
 10
99.5042770000000019
 20
-62.8640329999999992
 30
0
 11
99.5042770000000019
 21
-62.8640169999999969
 31
0
  0
LINE
  5
781
330
1B
100
AcDbEntity
  8
F.Cu
  6
CONTINUOUS
100
AcDbLine
 10
99.5042770000000019
 20
-62.8640169999999969
 30
0
 11
99.5
 21
-62.7987699999999975
 31
0
  0
LINE
  5
782
330
1B
100
AcDbEntity
  8
F.Cu
  6
CONTINUOUS
100
AcDbLine
 10
99.5
 20
-62.7987699999999975
 30
0
 11
99.5
 21
-59.2431190000000001
 31
0
  0
LINE
  5
783
330
1B
100
AcDbEntity
  8
F.Cu
  6
CONTINUOUS
100
AcDbLine
 10
99.5
 20
-59.2431190000000001
 30
0
 11
99.4290459999999996
 21
-59.1957090000000008
 31
0
  0
LINE
  5
784
330
1B
100
AcDbEntity
  8
F.Cu
  6
CONTINUOUS
100
AcDbLine
 10
99.4290459999999996
 20
-59.1957090000000008
 30
0
 11
99.3042909999999921
 21
-59.0709540000000004
 31
0
  0
LINE
  5
785
330
1B
100
AcDbEntity
  8
F.Cu
  6
CONTINUOUS
100
AcDbLine
 10
99.3042909999999921
 20
-59.0709540000000004
 30
0
 11
99.206271000000001
 21
-58.9242569999999972
 31
0
  0
LINE
  5
786
330
1B
100
AcDbEntity
  8
F.Cu
  6
CONTINUOUS
100
AcDbLine
 10
99.206271000000001
 20
-58.9242569999999972
 30
0
 11
99.1387539999999916
 21
-58.7612559999999959
 31
0
  0
LINE
  5
787
330
1B
100
AcDbEntity
  8
F.Cu
  6
CONTINUOUS
100
AcDbLine
 10
99.1387539999999916
 20
-58.7612559999999959
 30
0
 11
99.1043339999999944
 21
-58.5882149999999982
 31
0
  0
LINE
  5
788
330
1B
100
AcDbEntity
  8
F.Cu
  6
CONTINUOUS
100
AcDbLine
 10
99.1043339999999944
 20
-58.5882149999999982
 30
0
 11
99.1043339999999944
 21
-58.4117849999999947
 31
0
  0
LINE
  5
789
330
1B
100
AcDbEntity
  8
F.Cu
  6
CONTINUOUS
100
AcDbLine
 10
99.1043339999999944
 20
-58.4117849999999947
 30
0
 11
99.1387539999999916
 21
-58.238743999999997
 31
0
  0
LINE
  5
78A
330
1B
100
AcDbEntity
  8
F.Cu
  6
CONTINUOUS
100
AcDbLine
 10
99.1387539999999916
 20
-58.238743999999997
 30
0
 11
99.206271000000001
 21
-58.0757429999999957
 31
0
  0
LINE
  5
78B
330
1B
100
AcDbEntity
  8
F.Cu
  6
CONTINUOUS
100
AcDbLine
 10
99.206271000000001
 20
-58.0757429999999957
 30
0
 11
99.3042909999999921
 21
-57.9290459999999996
 31
0
  0
LINE
  5
78C
330
1B
100
AcDbEntity
  8
F.Cu
  6
CONTINUOUS
100
AcDbLine
 10
99.3042909999999921
 20
-57.9290459999999996
 30
0
 11
99.4290459999999996
 21
-57.8042909999999992
 31
0
  0
LINE
  5
78D
330
1B
100
AcDbEntity
  8
F.Cu
  6
CONTINUOUS
100
AcDbLine
 10
99.4290459999999996
 20
-57.8042909999999992
 30
0
 11
99.5757429999999886
 21
-57.7062709999999939
 31
0
  0
LINE
  5
78E
330
1B
100
AcDbEntity
  8
F.Cu
  6
CONTINUOUS
100
AcDbLine
 10
99.5757429999999886
 20
-57.7062709999999939
 30
0
 11
99.738743999999997
 21
-57.6387539999999987
 31
0
  0
LINE
  5
78F
330
1B
100
AcDbEntity
  8
F.Cu
  6
CONTINUOUS
100
AcDbLine
 10
99.738743999999997
 20
-57.6387539999999987
 30
0
 11
99.9117849999999947
 21
-57.6043339999999944
 31
0
  0
LINE
  5
790
330
1B
100
AcDbEntity
  8
F.Cu
  6
CONTINUOUS
100
AcDbLine
 10
99.9117849999999947
 20
-57.6043339999999944
 30
0
 11
100.0882149999999911
 21
-57.6043339999999944
 31
0
  0
LINE
  5
791
330
1B
100
AcDbEntity
  8
F.Cu
  6
CONTINUOUS
100
AcDbLine
 10
100.0882149999999911
 20
-57.6043339999999944
 30
0
 11
100.2612559999999888
 21
-57.6387539999999987
 31
0
  0
LINE
  5
792
330
1B
100
AcDbEntity
  8
F.Cu
  6
CONTINUOUS
100
AcDbLine
 10
89.360913999999994
 20
-67.783851999999996
 30
0
 11
89.514727999999991
 21
-67.8144479999999987
 31
0
  0
LINE
  5
793
330
1B
100
AcDbEntity
  8
F.Cu
  6
CONTINUOUS
100
AcDbLine
 10
89.514727999999991
 20
-67.8144479999999987
 30
0
 11
89.6596169999999972
 21
-67.8744629999999916
 31
0
  0
LINE
  5
794
330
1B
100
AcDbEntity
  8
F.Cu
  6
CONTINUOUS
100
AcDbLine
 10
89.6596169999999972
 20
-67.8744629999999916
 30
0
 11
89.7900149999999968
 21
-67.961591999999996
 31
0
  0
LINE
  5
795
330
1B
100
AcDbEntity
  8
F.Cu
  6
CONTINUOUS
100
AcDbLine
 10
89.7900149999999968
 20
-67.961591999999996
 30
0
 11
89.9009080000000012
 21
-68.0724850000000004
 31
0
  0
LINE
  5
796
330
1B
100
AcDbEntity
  8
F.Cu
  6
CONTINUOUS
100
AcDbLine
 10
89.9009080000000012
 20
-68.0724850000000004
 30
0
 11
89.9880369999999914
 21
-68.2028829999999999
 31
0
  0
LINE
  5
797
330
1B
100
AcDbEntity
  8
F.Cu
  6
CONTINUOUS
100
AcDbLine
 10
89.9880369999999914
 20
-68.2028829999999999
 30
0
 11
90.0480519999999984
 21
-68.347771999999992
 31
0
  0
LINE
  5
798
330
1B
100
AcDbEntity
  8
F.Cu
  6
CONTINUOUS
100
AcDbLine
 10
90.0480519999999984
 20
-68.347771999999992
 30
0
 11
90.0786480000000012
 21
-68.5015860000000032
 31
0
  0
LINE
  5
799
330
1B
100
AcDbEntity
  8
F.Cu
  6
CONTINUOUS
100
AcDbLine
 10
90.0786480000000012
 20
-68.5015860000000032
 30
0
 11
90.0786480000000012
 21
-68.6584139999999934
 31
0
  0
LINE
  5
79A
330
1B
100
AcDbEntity
  8
F.Cu
  6
CONTINUOUS
100
AcDbLine
 10
90.0786480000000012
 20
-68.6584139999999934
 30
0
 11
90.0480519999999984
 21
-68.8122279999999904
 31
0
  0
LINE
  5
79B
330
1B
100
AcDbEntity
  8
F.Cu
  6
CONTINUOUS
100
AcDbLine
 10
90.0480519999999984
 20
-68.8122279999999904
 30
0
 11
89.9880369999999914
 21
-68.9571169999999967
 31
0
  0
LINE
  5
79C
330
1B
100
AcDbEntity
  8
F.Cu
  6
CONTINUOUS
100
AcDbLine
 10
89.9880369999999914
 20
-68.9571169999999967
 30
0
 11
89.9009080000000012
 21
-69.0875149999999962
 31
0
  0
LINE
  5
79D
330
1B
100
AcDbEntity
  8
F.Cu
  6
CONTINUOUS
100
AcDbLine
 10
89.9009080000000012
 20
-69.0875149999999962
 30
0
 11
89.7900149999999968
 21
-69.1984080000000006
 31
0
  0
LINE
  5
79E
330
1B
100
AcDbEntity
  8
F.Cu
  6
CONTINUOUS
100
AcDbLine
 10
89.7900149999999968
 20
-69.1984080000000006
 30
0
 11
89.6596169999999972
 21
-69.2855369999999908
 31
0
  0
LINE
  5
79F
330
1B
100
AcDbEntity
  8
F.Cu
  6
CONTINUOUS
100
AcDbLine
 10
89.6596169999999972
 20
-69.2855369999999908
 30
0
 11
89.514727999999991
 21
-69.3455519999999979
 31
0
  0
LINE
  5
7A0
330
1B
100
AcDbEntity
  8
F.Cu
  6
CONTINUOUS
100
AcDbLine
 10
89.514727999999991
 20
-69.3455519999999979
 30
0
 11
89.360913999999994
 21
-69.3761480000000006
 31
0
  0
LINE
  5
7A1
330
1B
100
AcDbEntity
  8
F.Cu
  6
CONTINUOUS
100
AcDbLine
 10
89.360913999999994
 20
-69.3761480000000006
 30
0
 11
89.2824999999999989
 21
-69.3799999999999955
 31
0
  0
LINE
  5
7A2
330
1B
100
AcDbEntity
  8
F.Cu
  6
CONTINUOUS
100
AcDbLine
 10
89.2824999999999989
 20
-69.3799999999999955
 30
0
 11
88.4825000000000017
 21
-69.3799999999999955
 31
0
  0
LINE
  5
7A3
330
1B
100
AcDbEntity
  8
F.Cu
  6
CONTINUOUS
100
AcDbLine
 10
88.4825000000000017
 20
-69.3799999999999955
 30
0
 11
88.4040859999999924
 21
-69.3761480000000006
 31
0
  0
LINE
  5
7A4
330
1B
100
AcDbEntity
  8
F.Cu
  6
CONTINUOUS
100
AcDbLine
 10
88.4040859999999924
 20
-69.3761480000000006
 30
0
 11
88.2502719999999954
 21
-69.3455519999999979
 31
0
  0
LINE
  5
7A5
330
1B
100
AcDbEntity
  8
F.Cu
  6
CONTINUOUS
100
AcDbLine
 10
88.2502719999999954
 20
-69.3455519999999979
 30
0
 11
88.1053829999999891
 21
-69.2855369999999908
 31
0
  0
LINE
  5
7A6
330
1B
100
AcDbEntity
  8
F.Cu
  6
CONTINUOUS
100
AcDbLine
 10
88.1053829999999891
 20
-69.2855369999999908
 30
0
 11
87.9749849999999896
 21
-69.1984080000000006
 31
0
  0
LINE
  5
7A7
330
1B
100
AcDbEntity
  8
F.Cu
  6
CONTINUOUS
100
AcDbLine
 10
87.9749849999999896
 20
-69.1984080000000006
 30
0
 11
87.8640919999999994
 21
-69.0875149999999962
 31
0
  0
LINE
  5
7A8
330
1B
100
AcDbEntity
  8
F.Cu
  6
CONTINUOUS
100
AcDbLine
 10
87.8640919999999994
 20
-69.0875149999999962
 30
0
 11
87.776962999999995
 21
-68.9571169999999967
 31
0
  0
LINE
  5
7A9
330
1B
100
AcDbEntity
  8
F.Cu
  6
CONTINUOUS
100
AcDbLine
 10
87.776962999999995
 20
-68.9571169999999967
 30
0
 11
87.7169480000000021
 21
-68.8122279999999904
 31
0
  0
LINE
  5
7AA
330
1B
100
AcDbEntity
  8
F.Cu
  6
CONTINUOUS
100
AcDbLine
 10
87.7169480000000021
 20
-68.8122279999999904
 30
0
 11
87.6863519999999994
 21
-68.6584139999999934
 31
0
  0
LINE
  5
7AB
330
1B
100
AcDbEntity
  8
F.Cu
  6
CONTINUOUS
100
AcDbLine
 10
87.6863519999999994
 20
-68.6584139999999934
 30
0
 11
87.6863519999999994
 21
-68.5015860000000032
 31
0
  0
LINE
  5
7AC
330
1B
100
AcDbEntity
  8
F.Cu
  6
CONTINUOUS
100
AcDbLine
 10
87.6863519999999994
 20
-68.5015860000000032
 30
0
 11
87.7169480000000021
 21
-68.347771999999992
 31
0
  0
LINE
  5
7AD
330
1B
100
AcDbEntity
  8
F.Cu
  6
CONTINUOUS
100
AcDbLine
 10
87.7169480000000021
 20
-68.347771999999992
 30
0
 11
87.776962999999995
 21
-68.2028829999999999
 31
0
  0
LINE
  5
7AE
330
1B
100
AcDbEntity
  8
F.Cu
  6
CONTINUOUS
100
AcDbLine
 10
87.776962999999995
 20
-68.2028829999999999
 30
0
 11
87.8640919999999994
 21
-68.0724850000000004
 31
0
  0
LINE
  5
7AF
330
1B
100
AcDbEntity
  8
F.Cu
  6
CONTINUOUS
100
AcDbLine
 10
87.8640919999999994
 20
-68.0724850000000004
 30
0
 11
87.9749849999999896
 21
-67.961591999999996
 31
0
  0
LINE
  5
7B0
330
1B
100
AcDbEntity
  8
F.Cu
  6
CONTINUOUS
100
AcDbLine
 10
87.9749849999999896
 20
-67.961591999999996
 30
0
 11
88.1053829999999891
 21
-67.8744629999999916
 31
0
  0
LINE
  5
7B1
330
1B
100
AcDbEntity
  8
F.Cu
  6
CONTINUOUS
100
AcDbLine
 10
88.1053829999999891
 20
-67.8744629999999916
 30
0
 11
88.2502719999999954
 21
-67.8144479999999987
 31
0
  0
LINE
  5
7B2
330
1B
100
AcDbEntity
  8
F.Cu
  6
CONTINUOUS
100
AcDbLine
 10
88.2502719999999954
 20
-67.8144479999999987
 30
0
 11
88.4040859999999924
 21
-67.783851999999996
 31
0
  0
LINE
  5
7B3
330
1B
100
AcDbEntity
  8
F.Cu
  6
CONTINUOUS
100
AcDbLine
 10
88.4040859999999924
 20
-67.783851999999996
 30
0
 11
88.4825000000000017
 21
-67.7800000000000011
 31
0
  0
LINE
  5
7B4
330
1B
100
AcDbEntity
  8
F.Cu
  6
CONTINUOUS
100
AcDbLine
 10
88.4825000000000017
 20
-67.7800000000000011
 30
0
 11
89.2824999999999989
 21
-67.7800000000000011
 31
0
  0
LINE
  5
7B5
330
1B
100
AcDbEntity
  8
F.Cu
  6
CONTINUOUS
100
AcDbLine
 10
89.2824999999999989
 20
-67.7800000000000011
 30
0
 11
89.360913999999994
 21
-67.783851999999996
 31
0
  0
LINE
  5
7B6
330
1B
100
AcDbEntity
  8
F.Cu
  6
CONTINUOUS
100
AcDbLine
 10
96.9809139999999985
 20
-67.783851999999996
 30
0
 11
97.1347279999999955
 21
-67.8144479999999987
 31
0
  0
LINE
  5
7B7
330
1B
100
AcDbEntity
  8
F.Cu
  6
CONTINUOUS
100
AcDbLine
 10
97.1347279999999955
 20
-67.8144479999999987
 30
0
 11
97.2796170000000018
 21
-67.8744629999999916
 31
0
  0
LINE
  5
7B8
330
1B
100
AcDbEntity
  8
F.Cu
  6
CONTINUOUS
100
AcDbLine
 10
97.2796170000000018
 20
-67.8744629999999916
 30
0
 11
97.4100150000000014
 21
-67.961591999999996
 31
0
  0
LINE
  5
7B9
330
1B
100
AcDbEntity
  8
F.Cu
  6
CONTINUOUS
100
AcDbLine
 10
97.4100150000000014
 20
-67.961591999999996
 30
0
 11
97.5209079999999915
 21
-68.0724850000000004
 31
0
  0
LINE
  5
7BA
330
1B
100
AcDbEntity
  8
F.Cu
  6
CONTINUOUS
100
AcDbLine
 10
97.5209079999999915
 20
-68.0724850000000004
 30
0
 11
97.6080369999999959
 21
-68.2028829999999999
 31
0
  0
LINE
  5
7BB
330
1B
100
AcDbEntity
  8
F.Cu
  6
CONTINUOUS
100
AcDbLine
 10
97.6080369999999959
 20
-68.2028829999999999
 30
0
 11
97.6680519999999888
 21
-68.347771999999992
 31
0
  0
LINE
  5
7BC
330
1B
100
AcDbEntity
  8
F.Cu
  6
CONTINUOUS
100
AcDbLine
 10
97.6680519999999888
 20
-68.347771999999992
 30
0
 11
97.6986479999999915
 21
-68.5015860000000032
 31
0
  0
LINE
  5
7BD
330
1B
100
AcDbEntity
  8
F.Cu
  6
CONTINUOUS
100
AcDbLine
 10
97.6986479999999915
 20
-68.5015860000000032
 30
0
 11
97.6986479999999915
 21
-68.6584139999999934
 31
0
  0
LINE
  5
7BE
330
1B
100
AcDbEntity
  8
F.Cu
  6
CONTINUOUS
100
AcDbLine
 10
97.6986479999999915
 20
-68.6584139999999934
 30
0
 11
97.6680519999999888
 21
-68.8122279999999904
 31
0
  0
LINE
  5
7BF
330
1B
100
AcDbEntity
  8
F.Cu
  6
CONTINUOUS
100
AcDbLine
 10
97.6680519999999888
 20
-68.8122279999999904
 30
0
 11
97.6080369999999959
 21
-68.9571169999999967
 31
0
  0
LINE
  5
7C0
330
1B
100
AcDbEntity
  8
F.Cu
  6
CONTINUOUS
100
AcDbLine
 10
97.6080369999999959
 20
-68.9571169999999967
 30
0
 11
97.5209079999999915
 21
-69.0875149999999962
 31
0
  0
LINE
  5
7C1
330
1B
100
AcDbEntity
  8
F.Cu
  6
CONTINUOUS
100
AcDbLine
 10
97.5209079999999915
 20
-69.0875149999999962
 30
0
 11
97.4100150000000014
 21
-69.1984080000000006
 31
0
  0
LINE
  5
7C2
330
1B
100
AcDbEntity
  8
F.Cu
  6
CONTINUOUS
100
AcDbLine
 10
97.4100150000000014
 20
-69.1984080000000006
 30
0
 11
97.2796170000000018
 21
-69.2855369999999908
 31
0
  0
LINE
  5
7C3
330
1B
100
AcDbEntity
  8
F.Cu
  6
CONTINUOUS
100
AcDbLine
 10
97.2796170000000018
 20
-69.2855369999999908
 30
0
 11
97.1347279999999955
 21
-69.3455519999999979
 31
0
  0
LINE
  5
7C4
330
1B
100
AcDbEntity
  8
F.Cu
  6
CONTINUOUS
100
AcDbLine
 10
97.1347279999999955
 20
-69.3455519999999979
 30
0
 11
96.9809139999999985
 21
-69.3761480000000006
 31
0
  0
LINE
  5
7C5
330
1B
100
AcDbEntity
  8
F.Cu
  6
CONTINUOUS
100
AcDbLine
 10
96.9809139999999985
 20
-69.3761480000000006
 30
0
 11
96.9024999999999892
 21
-69.3799999999999955
 31
0
  0
LINE
  5
7C6
330
1B
100
AcDbEntity
  8
F.Cu
  6
CONTINUOUS
100
AcDbLine
 10
96.9024999999999892
 20
-69.3799999999999955
 30
0
 11
96.102499999999992
 21
-69.3799999999999955
 31
0
  0
LINE
  5
7C7
330
1B
100
AcDbEntity
  8
F.Cu
  6
CONTINUOUS
100
AcDbLine
 10
96.102499999999992
 20
-69.3799999999999955
 30
0
 11
96.0240859999999969
 21
-69.3761480000000006
 31
0
  0
LINE
  5
7C8
330
1B
100
AcDbEntity
  8
F.Cu
  6
CONTINUOUS
100
AcDbLine
 10
96.0240859999999969
 20
-69.3761480000000006
 30
0
 11
95.8702719999999999
 21
-69.3455519999999979
 31
0
  0
LINE
  5
7C9
330
1B
100
AcDbEntity
  8
F.Cu
  6
CONTINUOUS
100
AcDbLine
 10
95.8702719999999999
 20
-69.3455519999999979
 30
0
 11
95.7253829999999937
 21
-69.2855369999999908
 31
0
  0
LINE
  5
7CA
330
1B
100
AcDbEntity
  8
F.Cu
  6
CONTINUOUS
100
AcDbLine
 10
95.7253829999999937
 20
-69.2855369999999908
 30
0
 11
95.5949849999999941
 21
-69.1984080000000006
 31
0
  0
LINE
  5
7CB
330
1B
100
AcDbEntity
  8
F.Cu
  6
CONTINUOUS
100
AcDbLine
 10
95.5949849999999941
 20
-69.1984080000000006
 30
0
 11
95.4840919999999898
 21
-69.0875149999999962
 31
0
  0
LINE
  5
7CC
330
1B
100
AcDbEntity
  8
F.Cu
  6
CONTINUOUS
100
AcDbLine
 10
95.4840919999999898
 20
-69.0875149999999962
 30
0
 11
95.3969629999999995
 21
-68.9571169999999967
 31
0
  0
LINE
  5
7CD
330
1B
100
AcDbEntity
  8
F.Cu
  6
CONTINUOUS
100
AcDbLine
 10
95.3969629999999995
 20
-68.9571169999999967
 30
0
 11
95.3369479999999925
 21
-68.8122279999999904
 31
0
  0
LINE
  5
7CE
330
1B
100
AcDbEntity
  8
F.Cu
  6
CONTINUOUS
100
AcDbLine
 10
95.3369479999999925
 20
-68.8122279999999904
 30
0
 11
95.3063519999999897
 21
-68.6584139999999934
 31
0
  0
LINE
  5
7CF
330
1B
100
AcDbEntity
  8
F.Cu
  6
CONTINUOUS
100
AcDbLine
 10
95.3063519999999897
 20
-68.6584139999999934
 30
0
 11
95.3063519999999897
 21
-68.5015860000000032
 31
0
  0
LINE
  5
7D0
330
1B
100
AcDbEntity
  8
F.Cu
  6
CONTINUOUS
100
AcDbLine
 10
95.3063519999999897
 20
-68.5015860000000032
 30
0
 11
95.3369479999999925
 21
-68.347771999999992
 31
0
  0
LINE
  5
7D1
330
1B
100
AcDbEntity
  8
F.Cu
  6
CONTINUOUS
100
AcDbLine
 10
95.3369479999999925
 20
-68.347771999999992
 30
0
 11
95.3969629999999995
 21
-68.2028829999999999
 31
0
  0
LINE
  5
7D2
330
1B
100
AcDbEntity
  8
F.Cu
  6
CONTINUOUS
100
AcDbLine
 10
95.3969629999999995
 20
-68.2028829999999999
 30
0
 11
95.4840919999999898
 21
-68.0724850000000004
 31
0
  0
LINE
  5
7D3
330
1B
100
AcDbEntity
  8
F.Cu
  6
CONTINUOUS
100
AcDbLine
 10
95.4840919999999898
 20
-68.0724850000000004
 30
0
 11
95.5949849999999941
 21
-67.961591999999996
 31
0
  0
LINE
  5
7D4
330
1B
100
AcDbEntity
  8
F.Cu
  6
CONTINUOUS
100
AcDbLine
 10
95.5949849999999941
 20
-67.961591999999996
 30
0
 11
95.7253829999999937
 21
-67.8744629999999916
 31
0
  0
LINE
  5
7D5
330
1B
100
AcDbEntity
  8
F.Cu
  6
CONTINUOUS
100
AcDbLine
 10
95.7253829999999937
 20
-67.8744629999999916
 30
0
 11
95.8702719999999999
 21
-67.8144479999999987
 31
0
  0
LINE
  5
7D6
330
1B
100
AcDbEntity
  8
F.Cu
  6
CONTINUOUS
100
AcDbLine
 10
95.8702719999999999
 20
-67.8144479999999987
 30
0
 11
96.0240859999999969
 21
-67.783851999999996
 31
0
  0
LINE
  5
7D7
330
1B
100
AcDbEntity
  8
F.Cu
  6
CONTINUOUS
100
AcDbLine
 10
96.0240859999999969
 20
-67.783851999999996
 30
0
 11
96.102499999999992
 21
-67.7800000000000011
 31
0
  0
LINE
  5
7D8
330
1B
100
AcDbEntity
  8
F.Cu
  6
CONTINUOUS
100
AcDbLine
 10
96.102499999999992
 20
-67.7800000000000011
 30
0
 11
96.9024999999999892
 21
-67.7800000000000011
 31
0
  0
LINE
  5
7D9
330
1B
100
AcDbEntity
  8
F.Cu
  6
CONTINUOUS
100
AcDbLine
 10
96.9024999999999892
 20
-67.7800000000000011
 30
0
 11
96.9809139999999985
 21
-67.783851999999996
 31
0
  0
LINE
  5
7DA
330
1B
100
AcDbEntity
  8
F.Cu
  6
CONTINUOUS
100
AcDbLine
 10
106.5992419999999896
 20
-65.2266010000000023
 30
0
 11
106.7531869999999969
 21
-65.2903670000000034
 31
0
  0
LINE
  5
7DB
330
1B
100
AcDbEntity
  8
F.Cu
  6
CONTINUOUS
100
AcDbLine
 10
106.7531869999999969
 20
-65.2903670000000034
 30
0
 11
106.8917339999999996
 21
-65.3829410000000024
 31
0
  0
LINE
  5
7DC
330
1B
100
AcDbEntity
  8
F.Cu
  6
CONTINUOUS
100
AcDbLine
 10
106.8917339999999996
 20
-65.3829410000000024
 30
0
 11
107.0095589999999959
 21
-65.5007659999999987
 31
0
  0
LINE
  5
7DD
330
1B
100
AcDbEntity
  8
F.Cu
  6
CONTINUOUS
100
AcDbLine
 10
107.0095589999999959
 20
-65.5007659999999987
 30
0
 11
107.1021329999999949
 21
-65.6393130000000014
 31
0
  0
LINE
  5
7DE
330
1B
100
AcDbEntity
  8
F.Cu
  6
CONTINUOUS
100
AcDbLine
 10
107.1021329999999949
 20
-65.6393130000000014
 30
0
 11
107.165898999999996
 21
-65.7932579999999945
 31
0
  0
LINE
  5
7DF
330
1B
100
AcDbEntity
  8
F.Cu
  6
CONTINUOUS
100
AcDbLine
 10
107.165898999999996
 20
-65.7932579999999945
 30
0
 11
107.1984069999999889
 21
-65.9566849999999931
 31
0
  0
LINE
  5
7E0
330
1B
100
AcDbEntity
  8
F.Cu
  6
CONTINUOUS
100
AcDbLine
 10
107.1984069999999889
 20
-65.9566849999999931
 30
0
 11
107.1984069999999889
 21
-66.123314999999991
 31
0
  0
LINE
  5
7E1
330
1B
100
AcDbEntity
  8
F.Cu
  6
CONTINUOUS
100
AcDbLine
 10
107.1984069999999889
 20
-66.123314999999991
 30
0
 11
107.165898999999996
 21
-66.2867420000000038
 31
0
  0
LINE
  5
7E2
330
1B
100
AcDbEntity
  8
F.Cu
  6
CONTINUOUS
100
AcDbLine
 10
107.165898999999996
 20
-66.2867420000000038
 30
0
 11
107.1021329999999949
 21
-66.4406869999999969
 31
0
  0
LINE
  5
7E3
330
1B
100
AcDbEntity
  8
F.Cu
  6
CONTINUOUS
100
AcDbLine
 10
107.1021329999999949
 20
-66.4406869999999969
 30
0
 11
107.0095589999999959
 21
-66.5792339999999996
 31
0
  0
LINE
  5
7E4
330
1B
100
AcDbEntity
  8
F.Cu
  6
CONTINUOUS
100
AcDbLine
 10
107.0095589999999959
 20
-66.5792339999999996
 30
0
 11
106.8917339999999996
 21
-66.6970589999999959
 31
0
  0
LINE
  5
7E5
330
1B
100
AcDbEntity
  8
F.Cu
  6
CONTINUOUS
100
AcDbLine
 10
106.8917339999999996
 20
-66.6970589999999959
 30
0
 11
106.7531869999999969
 21
-66.7896329999999949
 31
0
  0
LINE
  5
7E6
330
1B
100
AcDbEntity
  8
F.Cu
  6
CONTINUOUS
100
AcDbLine
 10
106.7531869999999969
 20
-66.7896329999999949
 30
0
 11
106.5992419999999896
 21
-66.853398999999996
 31
0
  0
LINE
  5
7E7
330
1B
100
AcDbEntity
  8
F.Cu
  6
CONTINUOUS
100
AcDbLine
 10
106.5992419999999896
 20
-66.853398999999996
 30
0
 11
106.435814999999991
 21
-66.8859070000000031
 31
0
  0
LINE
  5
7E8
330
1B
100
AcDbEntity
  8
F.Cu
  6
CONTINUOUS
100
AcDbLine
 10
106.435814999999991
 20
-66.8859070000000031
 30
0
 11
106.2691849999999931
 21
-66.8859070000000031
 31
0
  0
LINE
  5
7E9
330
1B
100
AcDbEntity
  8
F.Cu
  6
CONTINUOUS
100
AcDbLine
 10
106.2691849999999931
 20
-66.8859070000000031
 30
0
 11
106.1057579999999945
 21
-66.853398999999996
 31
0
  0
LINE
  5
7EA
330
1B
100
AcDbEntity
  8
F.Cu
  6
CONTINUOUS
100
AcDbLine
 10
106.1057579999999945
 20
-66.853398999999996
 30
0
 11
105.9518130000000014
 21
-66.7896329999999949
 31
0
  0
LINE
  5
7EB
330
1B
100
AcDbEntity
  8
F.Cu
  6
CONTINUOUS
100
AcDbLine
 10
105.9518130000000014
 20
-66.7896329999999949
 30
0
 11
105.8132659999999987
 21
-66.6970589999999959
 31
0
  0
LINE
  5
7EC
330
1B
100
AcDbEntity
  8
F.Cu
  6
CONTINUOUS
100
AcDbLine
 10
105.8132659999999987
 20
-66.6970589999999959
 30
0
 11
105.6954409999999882
 21
-66.5792339999999996
 31
0
  0
LINE
  5
7ED
330
1B
100
AcDbEntity
  8
F.Cu
  6
CONTINUOUS
100
AcDbLine
 10
105.6954409999999882
 20
-66.5792339999999996
 30
0
 11
105.6028669999999892
 21
-66.4406869999999969
 31
0
  0
LINE
  5
7EE
330
1B
100
AcDbEntity
  8
F.Cu
  6
CONTINUOUS
100
AcDbLine
 10
105.6028669999999892
 20
-66.4406869999999969
 30
0
 11
105.5391010000000023
 21
-66.2867420000000038
 31
0
  0
LINE
  5
7EF
330
1B
100
AcDbEntity
  8
F.Cu
  6
CONTINUOUS
100
AcDbLine
 10
105.5391010000000023
 20
-66.2867420000000038
 30
0
 11
105.5065929999999952
 21
-66.123314999999991
 31
0
  0
LINE
  5
7F0
330
1B
100
AcDbEntity
  8
F.Cu
  6
CONTINUOUS
100
AcDbLine
 10
105.5065929999999952
 20
-66.123314999999991
 30
0
 11
105.5065929999999952
 21
-65.9566849999999931
 31
0
  0
LINE
  5
7F1
330
1B
100
AcDbEntity
  8
F.Cu
  6
CONTINUOUS
100
AcDbLine
 10
105.5065929999999952
 20
-65.9566849999999931
 30
0
 11
105.5391010000000023
 21
-65.7932579999999945
 31
0
  0
LINE
  5
7F2
330
1B
100
AcDbEntity
  8
F.Cu
  6
CONTINUOUS
100
AcDbLine
 10
105.5391010000000023
 20
-65.7932579999999945
 30
0
 11
105.6028669999999892
 21
-65.6393130000000014
 31
0
  0
LINE
  5
7F3
330
1B
100
AcDbEntity
  8
F.Cu
  6
CONTINUOUS
100
AcDbLine
 10
105.6028669999999892
 20
-65.6393130000000014
 30
0
 11
105.6954409999999882
 21
-65.5007659999999987
 31
0
  0
LINE
  5
7F4
330
1B
100
AcDbEntity
  8
F.Cu
  6
CONTINUOUS
100
AcDbLine
 10
105.6954409999999882
 20
-65.5007659999999987
 30
0
 11
105.8132659999999987
 21
-65.3829410000000024
 31
0
  0
LINE
  5
7F5
330
1B
100
AcDbEntity
  8
F.Cu
  6
CONTINUOUS
100
AcDbLine
 10
105.8132659999999987
 20
-65.3829410000000024
 30
0
 11
105.9518130000000014
 21
-65.2903670000000034
 31
0
  0
LINE
  5
7F6
330
1B
100
AcDbEntity
  8
F.Cu
  6
CONTINUOUS
100
AcDbLine
 10
105.9518130000000014
 20
-65.2903670000000034
 30
0
 11
106.1057579999999945
 21
-65.2266010000000023
 31
0
  0
LINE
  5
7F7
330
1B
100
AcDbEntity
  8
F.Cu
  6
CONTINUOUS
100
AcDbLine
 10
106.1057579999999945
 20
-65.2266010000000023
 30
0
 11
106.2691849999999931
 21
-65.1940929999999952
 31
0
  0
LINE
  5
7F8
330
1B
100
AcDbEntity
  8
F.Cu
  6
CONTINUOUS
100
AcDbLine
 10
106.2691849999999931
 20
-65.1940929999999952
 30
0
 11
106.435814999999991
 21
-65.1940929999999952
 31
0
  0
LINE
  5
7F9
330
1B
100
AcDbEntity
  8
F.Cu
  6
CONTINUOUS
100
AcDbLine
 10
106.435814999999991
 20
-65.1940929999999952
 30
0
 11
106.5992419999999896
 21
-65.2266010000000023
 31
0
  0
LINE
  5
7FA
330
1B
100
AcDbEntity
  8
F.Cu
  6
CONTINUOUS
100
AcDbLine
 10
89.360913999999994
 20
-65.243852000000004
 30
0
 11
89.514727999999991
 21
-65.2744479999999925
 31
0
  0
LINE
  5
7FB
330
1B
100
AcDbEntity
  8
F.Cu
  6
CONTINUOUS
100
AcDbLine
 10
89.514727999999991
 20
-65.2744479999999925
 30
0
 11
89.6596169999999972
 21
-65.3344629999999995
 31
0
  0
LINE
  5
7FC
330
1B
100
AcDbEntity
  8
F.Cu
  6
CONTINUOUS
100
AcDbLine
 10
89.6596169999999972
 20
-65.3344629999999995
 30
0
 11
89.7900149999999968
 21
-65.421592000000004
 31
0
  0
LINE
  5
7FD
330
1B
100
AcDbEntity
  8
F.Cu
  6
CONTINUOUS
100
AcDbLine
 10
89.7900149999999968
 20
-65.421592000000004
 30
0
 11
89.9009080000000012
 21
-65.5324849999999941
 31
0
  0
LINE
  5
7FE
330
1B
100
AcDbEntity
  8
F.Cu
  6
CONTINUOUS
100
AcDbLine
 10
89.9009080000000012
 20
-65.5324849999999941
 30
0
 11
89.9880369999999914
 21
-65.6628829999999937
 31
0
  0
LINE
  5
7FF
330
1B
100
AcDbEntity
  8
F.Cu
  6
CONTINUOUS
100
AcDbLine
 10
89.9880369999999914
 20
-65.6628829999999937
 30
0
 11
90.0480519999999984
 21
-65.8077719999999999
 31
0
  0
LINE
  5
800
330
1B
100
AcDbEntity
  8
F.Cu
  6
CONTINUOUS
100
AcDbLine
 10
90.0480519999999984
 20
-65.8077719999999999
 30
0
 11
90.0786480000000012
 21
-65.9615859999999969
 31
0
  0
LINE
  5
801
330
1B
100
AcDbEntity
  8
F.Cu
  6
CONTINUOUS
100
AcDbLine
 10
90.0786480000000012
 20
-65.9615859999999969
 30
0
 11
90.0786480000000012
 21
-66.1184140000000014
 31
0
  0
LINE
  5
802
330
1B
100
AcDbEntity
  8
F.Cu
  6
CONTINUOUS
100
AcDbLine
 10
90.0786480000000012
 20
-66.1184140000000014
 30
0
 11
90.0480519999999984
 21
-66.2722279999999984
 31
0
  0
LINE
  5
803
330
1B
100
AcDbEntity
  8
F.Cu
  6
CONTINUOUS
100
AcDbLine
 10
90.0480519999999984
 20
-66.2722279999999984
 30
0
 11
89.9880369999999914
 21
-66.4171169999999904
 31
0
  0
LINE
  5
804
330
1B
100
AcDbEntity
  8
F.Cu
  6
CONTINUOUS
100
AcDbLine
 10
89.9880369999999914
 20
-66.4171169999999904
 30
0
 11
89.9009080000000012
 21
-66.54751499999999
 31
0
  0
LINE
  5
805
330
1B
100
AcDbEntity
  8
F.Cu
  6
CONTINUOUS
100
AcDbLine
 10
89.9009080000000012
 20
-66.54751499999999
 30
0
 11
89.7900149999999968
 21
-66.6584079999999943
 31
0
  0
LINE
  5
806
330
1B
100
AcDbEntity
  8
F.Cu
  6
CONTINUOUS
100
AcDbLine
 10
89.7900149999999968
 20
-66.6584079999999943
 30
0
 11
89.6596169999999972
 21
-66.7455369999999988
 31
0
  0
LINE
  5
807
330
1B
100
AcDbEntity
  8
F.Cu
  6
CONTINUOUS
100
AcDbLine
 10
89.6596169999999972
 20
-66.7455369999999988
 30
0
 11
89.514727999999991
 21
-66.8055519999999916
 31
0
  0
LINE
  5
808
330
1B
100
AcDbEntity
  8
F.Cu
  6
CONTINUOUS
100
AcDbLine
 10
89.514727999999991
 20
-66.8055519999999916
 30
0
 11
89.360913999999994
 21
-66.8361479999999943
 31
0
  0
LINE
  5
809
330
1B
100
AcDbEntity
  8
F.Cu
  6
CONTINUOUS
100
AcDbLine
 10
89.360913999999994
 20
-66.8361479999999943
 30
0
 11
89.2824999999999989
 21
-66.8400000000000034
 31
0
  0
LINE
  5
80A
330
1B
100
AcDbEntity
  8
F.Cu
  6
CONTINUOUS
100
AcDbLine
 10
89.2824999999999989
 20
-66.8400000000000034
 30
0
 11
88.4825000000000017
 21
-66.8400000000000034
 31
0
  0
LINE
  5
80B
330
1B
100
AcDbEntity
  8
F.Cu
  6
CONTINUOUS
100
AcDbLine
 10
88.4825000000000017
 20
-66.8400000000000034
 30
0
 11
88.4040859999999924
 21
-66.8361479999999943
 31
0
  0
LINE
  5
80C
330
1B
100
AcDbEntity
  8
F.Cu
  6
CONTINUOUS
100
AcDbLine
 10
88.4040859999999924
 20
-66.8361479999999943
 30
0
 11
88.2502719999999954
 21
-66.8055519999999916
 31
0
  0
LINE
  5
80D
330
1B
100
AcDbEntity
  8
F.Cu
  6
CONTINUOUS
100
AcDbLine
 10
88.2502719999999954
 20
-66.8055519999999916
 30
0
 11
88.1053829999999891
 21
-66.7455369999999988
 31
0
  0
LINE
  5
80E
330
1B
100
AcDbEntity
  8
F.Cu
  6
CONTINUOUS
100
AcDbLine
 10
88.1053829999999891
 20
-66.7455369999999988
 30
0
 11
87.9749849999999896
 21
-66.6584079999999943
 31
0
  0
LINE
  5
80F
330
1B
100
AcDbEntity
  8
F.Cu
  6
CONTINUOUS
100
AcDbLine
 10
87.9749849999999896
 20
-66.6584079999999943
 30
0
 11
87.8640919999999994
 21
-66.54751499999999
 31
0
  0
LINE
  5
810
330
1B
100
AcDbEntity
  8
F.Cu
  6
CONTINUOUS
100
AcDbLine
 10
87.8640919999999994
 20
-66.54751499999999
 30
0
 11
87.776962999999995
 21
-66.4171169999999904
 31
0
  0
LINE
  5
811
330
1B
100
AcDbEntity
  8
F.Cu
  6
CONTINUOUS
100
AcDbLine
 10
87.776962999999995
 20
-66.4171169999999904
 30
0
 11
87.7169480000000021
 21
-66.2722279999999984
 31
0
  0
LINE
  5
812
330
1B
100
AcDbEntity
  8
F.Cu
  6
CONTINUOUS
100
AcDbLine
 10
87.7169480000000021
 20
-66.2722279999999984
 30
0
 11
87.6863519999999994
 21
-66.1184140000000014
 31
0
  0
LINE
  5
813
330
1B
100
AcDbEntity
  8
F.Cu
  6
CONTINUOUS
100
AcDbLine
 10
87.6863519999999994
 20
-66.1184140000000014
 30
0
 11
87.6863519999999994
 21
-65.9615859999999969
 31
0
  0
LINE
  5
814
330
1B
100
AcDbEntity
  8
F.Cu
  6
CONTINUOUS
100
AcDbLine
 10
87.6863519999999994
 20
-65.9615859999999969
 30
0
 11
87.7169480000000021
 21
-65.8077719999999999
 31
0
  0
LINE
  5
815
330
1B
100
AcDbEntity
  8
F.Cu
  6
CONTINUOUS
100
AcDbLine
 10
87.7169480000000021
 20
-65.8077719999999999
 30
0
 11
87.776962999999995
 21
-65.6628829999999937
 31
0
  0
LINE
  5
816
330
1B
100
AcDbEntity
  8
F.Cu
  6
CONTINUOUS
100
AcDbLine
 10
87.776962999999995
 20
-65.6628829999999937
 30
0
 11
87.8640919999999994
 21
-65.5324849999999941
 31
0
  0
LINE
  5
817
330
1B
100
AcDbEntity
  8
F.Cu
  6
CONTINUOUS
100
AcDbLine
 10
87.8640919999999994
 20
-65.5324849999999941
 30
0
 11
87.9749849999999896
 21
-65.421592000000004
 31
0
  0
LINE
  5
818
330
1B
100
AcDbEntity
  8
F.Cu
  6
CONTINUOUS
100
AcDbLine
 10
87.9749849999999896
 20
-65.421592000000004
 30
0
 11
88.1053829999999891
 21
-65.3344629999999995
 31
0
  0
LINE
  5
819
330
1B
100
AcDbEntity
  8
F.Cu
  6
CONTINUOUS
100
AcDbLine
 10
88.1053829999999891
 20
-65.3344629999999995
 30
0
 11
88.2502719999999954
 21
-65.2744479999999925
 31
0
  0
LINE
  5
81A
330
1B
100
AcDbEntity
  8
F.Cu
  6
CONTINUOUS
100
AcDbLine
 10
88.2502719999999954
 20
-65.2744479999999925
 30
0
 11
88.4040859999999924
 21
-65.243852000000004
 31
0
  0
LINE
  5
81B
330
1B
100
AcDbEntity
  8
F.Cu
  6
CONTINUOUS
100
AcDbLine
 10
88.4040859999999924
 20
-65.243852000000004
 30
0
 11
88.4825000000000017
 21
-65.2399999999999949
 31
0
  0
LINE
  5
81C
330
1B
100
AcDbEntity
  8
F.Cu
  6
CONTINUOUS
100
AcDbLine
 10
88.4825000000000017
 20
-65.2399999999999949
 30
0
 11
89.2824999999999989
 21
-65.2399999999999949
 31
0
  0
LINE
  5
81D
330
1B
100
AcDbEntity
  8
F.Cu
  6
CONTINUOUS
100
AcDbLine
 10
89.2824999999999989
 20
-65.2399999999999949
 30
0
 11
89.360913999999994
 21
-65.243852000000004
 31
0
  0
LINE
  5
81E
330
1B
100
AcDbEntity
  8
F.Cu
  6
CONTINUOUS
100
AcDbLine
 10
96.9809139999999985
 20
-65.243852000000004
 30
0
 11
97.1347279999999955
 21
-65.2744479999999925
 31
0
  0
LINE
  5
81F
330
1B
100
AcDbEntity
  8
F.Cu
  6
CONTINUOUS
100
AcDbLine
 10
97.1347279999999955
 20
-65.2744479999999925
 30
0
 11
97.2796170000000018
 21
-65.3344629999999995
 31
0
  0
LINE
  5
820
330
1B
100
AcDbEntity
  8
F.Cu
  6
CONTINUOUS
100
AcDbLine
 10
97.2796170000000018
 20
-65.3344629999999995
 30
0
 11
97.4100150000000014
 21
-65.421592000000004
 31
0
  0
LINE
  5
821
330
1B
100
AcDbEntity
  8
F.Cu
  6
CONTINUOUS
100
AcDbLine
 10
97.4100150000000014
 20
-65.421592000000004
 30
0
 11
97.5209079999999915
 21
-65.5324849999999941
 31
0
  0
LINE
  5
822
330
1B
100
AcDbEntity
  8
F.Cu
  6
CONTINUOUS
100
AcDbLine
 10
97.5209079999999915
 20
-65.5324849999999941
 30
0
 11
97.6080369999999959
 21
-65.6628829999999937
 31
0
  0
LINE
  5
823
330
1B
100
AcDbEntity
  8
F.Cu
  6
CONTINUOUS
100
AcDbLine
 10
97.6080369999999959
 20
-65.6628829999999937
 30
0
 11
97.6680519999999888
 21
-65.8077719999999999
 31
0
  0
LINE
  5
824
330
1B
100
AcDbEntity
  8
F.Cu
  6
CONTINUOUS
100
AcDbLine
 10
97.6680519999999888
 20
-65.8077719999999999
 30
0
 11
97.6986479999999915
 21
-65.9615859999999969
 31
0
  0
LINE
  5
825
330
1B
100
AcDbEntity
  8
F.Cu
  6
CONTINUOUS
100
AcDbLine
 10
97.6986479999999915
 20
-65.9615859999999969
 30
0
 11
97.6986479999999915
 21
-66.1184140000000014
 31
0
  0
LINE
  5
826
330
1B
100
AcDbEntity
  8
F.Cu
  6
CONTINUOUS
100
AcDbLine
 10
97.6986479999999915
 20
-66.1184140000000014
 30
0
 11
97.6680519999999888
 21
-66.2722279999999984
 31
0
  0
LINE
  5
827
330
1B
100
AcDbEntity
  8
F.Cu
  6
CONTINUOUS
100
AcDbLine
 10
97.6680519999999888
 20
-66.2722279999999984
 30
0
 11
97.6080369999999959
 21
-66.4171169999999904
 31
0
  0
LINE
  5
828
330
1B
100
AcDbEntity
  8
F.Cu
  6
CONTINUOUS
100
AcDbLine
 10
97.6080369999999959
 20
-66.4171169999999904
 30
0
 11
97.5209079999999915
 21
-66.54751499999999
 31
0
  0
LINE
  5
829
330
1B
100
AcDbEntity
  8
F.Cu
  6
CONTINUOUS
100
AcDbLine
 10
97.5209079999999915
 20
-66.54751499999999
 30
0
 11
97.4100150000000014
 21
-66.6584079999999943
 31
0
  0
LINE
  5
82A
330
1B
100
AcDbEntity
  8
F.Cu
  6
CONTINUOUS
100
AcDbLine
 10
97.4100150000000014
 20
-66.6584079999999943
 30
0
 11
97.2796170000000018
 21
-66.7455369999999988
 31
0
  0
LINE
  5
82B
330
1B
100
AcDbEntity
  8
F.Cu
  6
CONTINUOUS
100
AcDbLine
 10
97.2796170000000018
 20
-66.7455369999999988
 30
0
 11
97.1347279999999955
 21
-66.8055519999999916
 31
0
  0
LINE
  5
82C
330
1B
100
AcDbEntity
  8
F.Cu
  6
CONTINUOUS
100
AcDbLine
 10
97.1347279999999955
 20
-66.8055519999999916
 30
0
 11
96.9809139999999985
 21
-66.8361479999999943
 31
0
  0
LINE
  5
82D
330
1B
100
AcDbEntity
  8
F.Cu
  6
CONTINUOUS
100
AcDbLine
 10
96.9809139999999985
 20
-66.8361479999999943
 30
0
 11
96.9024999999999892
 21
-66.8400000000000034
 31
0
  0
LINE
  5
82E
330
1B
100
AcDbEntity
  8
F.Cu
  6
CONTINUOUS
100
AcDbLine
 10
96.9024999999999892
 20
-66.8400000000000034
 30
0
 11
96.102499999999992
 21
-66.8400000000000034
 31
0
  0
LINE
  5
82F
330
1B
100
AcDbEntity
  8
F.Cu
  6
CONTINUOUS
100
AcDbLine
 10
96.102499999999992
 20
-66.8400000000000034
 30
0
 11
96.0240859999999969
 21
-66.8361479999999943
 31
0
  0
LINE
  5
830
330
1B
100
AcDbEntity
  8
F.Cu
  6
CONTINUOUS
100
AcDbLine
 10
96.0240859999999969
 20
-66.8361479999999943
 30
0
 11
95.8702719999999999
 21
-66.8055519999999916
 31
0
  0
LINE
  5
831
330
1B
100
AcDbEntity
  8
F.Cu
  6
CONTINUOUS
100
AcDbLine
 10
95.8702719999999999
 20
-66.8055519999999916
 30
0
 11
95.7253829999999937
 21
-66.7455369999999988
 31
0
  0
LINE
  5
832
330
1B
100
AcDbEntity
  8
F.Cu
  6
CONTINUOUS
100
AcDbLine
 10
95.7253829999999937
 20
-66.7455369999999988
 30
0
 11
95.5949849999999941
 21
-66.6584079999999943
 31
0
  0
LINE
  5
833
330
1B
100
AcDbEntity
  8
F.Cu
  6
CONTINUOUS
100
AcDbLine
 10
95.5949849999999941
 20
-66.6584079999999943
 30
0
 11
95.4840919999999898
 21
-66.54751499999999
 31
0
  0
LINE
  5
834
330
1B
100
AcDbEntity
  8
F.Cu
  6
CONTINUOUS
100
AcDbLine
 10
95.4840919999999898
 20
-66.54751499999999
 30
0
 11
95.3969629999999995
 21
-66.4171169999999904
 31
0
  0
LINE
  5
835
330
1B
100
AcDbEntity
  8
F.Cu
  6
CONTINUOUS
100
AcDbLine
 10
95.3969629999999995
 20
-66.4171169999999904
 30
0
 11
95.3369479999999925
 21
-66.2722279999999984
 31
0
  0
LINE
  5
836
330
1B
100
AcDbEntity
  8
F.Cu
  6
CONTINUOUS
100
AcDbLine
 10
95.3369479999999925
 20
-66.2722279999999984
 30
0
 11
95.3063519999999897
 21
-66.1184140000000014
 31
0
  0
LINE
  5
837
330
1B
100
AcDbEntity
  8
F.Cu
  6
CONTINUOUS
100
AcDbLine
 10
95.3063519999999897
 20
-66.1184140000000014
 30
0
 11
95.3063519999999897
 21
-65.9615859999999969
 31
0
  0
LINE
  5
838
330
1B
100
AcDbEntity
  8
F.Cu
  6
CONTINUOUS
100
AcDbLine
 10
95.3063519999999897
 20
-65.9615859999999969
 30
0
 11
95.3369479999999925
 21
-65.8077719999999999
 31
0
  0
LINE
  5
839
330
1B
100
AcDbEntity
  8
F.Cu
  6
CONTINUOUS
100
AcDbLine
 10
95.3369479999999925
 20
-65.8077719999999999
 30
0
 11
95.3969629999999995
 21
-65.6628829999999937
 31
0
  0
LINE
  5
83A
330
1B
100
AcDbEntity
  8
F.Cu
  6
CONTINUOUS
100
AcDbLine
 10
95.3969629999999995
 20
-65.6628829999999937
 30
0
 11
95.4840919999999898
 21
-65.5324849999999941
 31
0
  0
LINE
  5
83B
330
1B
100
AcDbEntity
  8
F.Cu
  6
CONTINUOUS
100
AcDbLine
 10
95.4840919999999898
 20
-65.5324849999999941
 30
0
 11
95.5949849999999941
 21
-65.421592000000004
 31
0
  0
LINE
  5
83C
330
1B
100
AcDbEntity
  8
F.Cu
  6
CONTINUOUS
100
AcDbLine
 10
95.5949849999999941
 20
-65.421592000000004
 30
0
 11
95.7253829999999937
 21
-65.3344629999999995
 31
0
  0
LINE
  5
83D
330
1B
100
AcDbEntity
  8
F.Cu
  6
CONTINUOUS
100
AcDbLine
 10
95.7253829999999937
 20
-65.3344629999999995
 30
0
 11
95.8702719999999999
 21
-65.2744479999999925
 31
0
  0
LINE
  5
83E
330
1B
100
AcDbEntity
  8
F.Cu
  6
CONTINUOUS
100
AcDbLine
 10
95.8702719999999999
 20
-65.2744479999999925
 30
0
 11
96.0240859999999969
 21
-65.243852000000004
 31
0
  0
LINE
  5
83F
330
1B
100
AcDbEntity
  8
F.Cu
  6
CONTINUOUS
100
AcDbLine
 10
96.0240859999999969
 20
-65.243852000000004
 30
0
 11
96.102499999999992
 21
-65.2399999999999949
 31
0
  0
LINE
  5
840
330
1B
100
AcDbEntity
  8
F.Cu
  6
CONTINUOUS
100
AcDbLine
 10
96.102499999999992
 20
-65.2399999999999949
 30
0
 11
96.9024999999999892
 21
-65.2399999999999949
 31
0
  0
LINE
  5
841
330
1B
100
AcDbEntity
  8
F.Cu
  6
CONTINUOUS
100
AcDbLine
 10
96.9024999999999892
 20
-65.2399999999999949
 30
0
 11
96.9809139999999985
 21
-65.243852000000004
 31
0
  0
LINE
  5
842
330
1B
100
AcDbEntity
  8
F.Cu
  6
CONTINUOUS
100
AcDbLine
 10
65.2872279999999989
 20
-64.0044479999999965
 30
0
 11
65.432116999999991
 21
-64.0644630000000035
 31
0
  0
LINE
  5
843
330
1B
100
AcDbEntity
  8
F.Cu
  6
CONTINUOUS
100
AcDbLine
 10
65.432116999999991
 20
-64.0644630000000035
 30
0
 11
65.5625149999999906
 21
-64.1515919999999937
 31
0
  0
LINE
  5
844
330
1B
100
AcDbEntity
  8
F.Cu
  6
CONTINUOUS
100
AcDbLine
 10
65.5625149999999906
 20
-64.1515919999999937
 30
0
 11
65.6734079999999949
 21
-64.2624849999999981
 31
0
  0
LINE
  5
845
330
1B
100
AcDbEntity
  8
F.Cu
  6
CONTINUOUS
100
AcDbLine
 10
65.6734079999999949
 20
-64.2624849999999981
 30
0
 11
65.7605369999999994
 21
-64.3928829999999977
 31
0
  0
LINE
  5
846
330
1B
100
AcDbEntity
  8
F.Cu
  6
CONTINUOUS
100
AcDbLine
 10
65.7605369999999994
 20
-64.3928829999999977
 30
0
 11
65.8205519999999922
 21
-64.5377720000000039
 31
0
  0
LINE
  5
847
330
1B
100
AcDbEntity
  8
F.Cu
  6
CONTINUOUS
100
AcDbLine
 10
65.8205519999999922
 20
-64.5377720000000039
 30
0
 11
65.8511479999999949
 21
-64.6915860000000009
 31
0
  0
LINE
  5
848
330
1B
100
AcDbEntity
  8
F.Cu
  6
CONTINUOUS
100
AcDbLine
 10
65.8511479999999949
 20
-64.6915860000000009
 30
0
 11
65.8511479999999949
 21
-64.8484139999999911
 31
0
  0
LINE
  5
849
330
1B
100
AcDbEntity
  8
F.Cu
  6
CONTINUOUS
100
AcDbLine
 10
65.8511479999999949
 20
-64.8484139999999911
 30
0
 11
65.8205519999999922
 21
-65.0022280000000023
 31
0
  0
LINE
  5
84A
330
1B
100
AcDbEntity
  8
F.Cu
  6
CONTINUOUS
100
AcDbLine
 10
65.8205519999999922
 20
-65.0022280000000023
 30
0
 11
65.7605369999999994
 21
-65.1471169999999944
 31
0
  0
LINE
  5
84B
330
1B
100
AcDbEntity
  8
F.Cu
  6
CONTINUOUS
100
AcDbLine
 10
65.7605369999999994
 20
-65.1471169999999944
 30
0
 11
65.6734079999999949
 21
-65.277514999999994
 31
0
  0
LINE
  5
84C
330
1B
100
AcDbEntity
  8
F.Cu
  6
CONTINUOUS
100
AcDbLine
 10
65.6734079999999949
 20
-65.277514999999994
 30
0
 11
65.5625149999999906
 21
-65.3884079999999983
 31
0
  0
LINE
  5
84D
330
1B
100
AcDbEntity
  8
F.Cu
  6
CONTINUOUS
100
AcDbLine
 10
65.5625149999999906
 20
-65.3884079999999983
 30
0
 11
65.432116999999991
 21
-65.4755370000000028
 31
0
  0
LINE
  5
84E
330
1B
100
AcDbEntity
  8
F.Cu
  6
CONTINUOUS
100
AcDbLine
 10
65.432116999999991
 20
-65.4755370000000028
 30
0
 11
65.2872279999999989
 21
-65.5355519999999956
 31
0
  0
LINE
  5
84F
330
1B
100
AcDbEntity
  8
F.Cu
  6
CONTINUOUS
100
AcDbLine
 10
65.2872279999999989
 20
-65.5355519999999956
 30
0
 11
65.1334140000000019
 21
-65.5661479999999983
 31
0
  0
LINE
  5
850
330
1B
100
AcDbEntity
  8
F.Cu
  6
CONTINUOUS
100
AcDbLine
 10
65.1334140000000019
 20
-65.5661479999999983
 30
0
 11
64.9765859999999975
 21
-65.5661479999999983
 31
0
  0
LINE
  5
851
330
1B
100
AcDbEntity
  8
F.Cu
  6
CONTINUOUS
100
AcDbLine
 10
64.9765859999999975
 20
-65.5661479999999983
 30
0
 11
64.8227720000000005
 21
-65.5355519999999956
 31
0
  0
LINE
  5
852
330
1B
100
AcDbEntity
  8
F.Cu
  6
CONTINUOUS
100
AcDbLine
 10
64.8227720000000005
 20
-65.5355519999999956
 30
0
 11
64.6778829999999942
 21
-65.4755370000000028
 31
0
  0
LINE
  5
853
330
1B
100
AcDbEntity
  8
F.Cu
  6
CONTINUOUS
100
AcDbLine
 10
64.6778829999999942
 20
-65.4755370000000028
 30
0
 11
64.5474849999999947
 21
-65.3884079999999983
 31
0
  0
LINE
  5
854
330
1B
100
AcDbEntity
  8
F.Cu
  6
CONTINUOUS
100
AcDbLine
 10
64.5474849999999947
 20
-65.3884079999999983
 30
0
 11
64.4365919999999903
 21
-65.277514999999994
 31
0
  0
LINE
  5
855
330
1B
100
AcDbEntity
  8
F.Cu
  6
CONTINUOUS
100
AcDbLine
 10
64.4365919999999903
 20
-65.277514999999994
 30
0
 11
64.3494630000000001
 21
-65.1471169999999944
 31
0
  0
LINE
  5
856
330
1B
100
AcDbEntity
  8
F.Cu
  6
CONTINUOUS
100
AcDbLine
 10
64.3494630000000001
 20
-65.1471169999999944
 30
0
 11
64.289447999999993
 21
-65.0022280000000023
 31
0
  0
LINE
  5
857
330
1B
100
AcDbEntity
  8
F.Cu
  6
CONTINUOUS
100
AcDbLine
 10
64.289447999999993
 20
-65.0022280000000023
 30
0
 11
64.2588519999999903
 21
-64.8484139999999911
 31
0
  0
LINE
  5
858
330
1B
100
AcDbEntity
  8
F.Cu
  6
CONTINUOUS
100
AcDbLine
 10
64.2588519999999903
 20
-64.8484139999999911
 30
0
 11
64.2588519999999903
 21
-64.6915860000000009
 31
0
  0
LINE
  5
859
330
1B
100
AcDbEntity
  8
F.Cu
  6
CONTINUOUS
100
AcDbLine
 10
64.2588519999999903
 20
-64.6915860000000009
 30
0
 11
64.289447999999993
 21
-64.5377720000000039
 31
0
  0
LINE
  5
85A
330
1B
100
AcDbEntity
  8
F.Cu
  6
CONTINUOUS
100
AcDbLine
 10
64.289447999999993
 20
-64.5377720000000039
 30
0
 11
64.3494630000000001
 21
-64.3928829999999977
 31
0
  0
LINE
  5
85B
330
1B
100
AcDbEntity
  8
F.Cu
  6
CONTINUOUS
100
AcDbLine
 10
64.3494630000000001
 20
-64.3928829999999977
 30
0
 11
64.4365919999999903
 21
-64.2624849999999981
 31
0
  0
LINE
  5
85C
330
1B
100
AcDbEntity
  8
F.Cu
  6
CONTINUOUS
100
AcDbLine
 10
64.4365919999999903
 20
-64.2624849999999981
 30
0
 11
64.5474849999999947
 21
-64.1515919999999937
 31
0
  0
LINE
  5
85D
330
1B
100
AcDbEntity
  8
F.Cu
  6
CONTINUOUS
100
AcDbLine
 10
64.5474849999999947
 20
-64.1515919999999937
 30
0
 11
64.6778829999999942
 21
-64.0644630000000035
 31
0
  0
LINE
  5
85E
330
1B
100
AcDbEntity
  8
F.Cu
  6
CONTINUOUS
100
AcDbLine
 10
64.6778829999999942
 20
-64.0644630000000035
 30
0
 11
64.8227720000000005
 21
-64.0044479999999965
 31
0
  0
LINE
  5
85F
330
1B
100
AcDbEntity
  8
F.Cu
  6
CONTINUOUS
100
AcDbLine
 10
64.8227720000000005
 20
-64.0044479999999965
 30
0
 11
64.9765859999999975
 21
-63.9738519999999937
 31
0
  0
LINE
  5
860
330
1B
100
AcDbEntity
  8
F.Cu
  6
CONTINUOUS
100
AcDbLine
 10
64.9765859999999975
 20
-63.9738519999999937
 30
0
 11
65.1334140000000019
 21
-63.9738519999999937
 31
0
  0
LINE
  5
861
330
1B
100
AcDbEntity
  8
F.Cu
  6
CONTINUOUS
100
AcDbLine
 10
65.1334140000000019
 20
-63.9738519999999937
 30
0
 11
65.2872279999999989
 21
-64.0044479999999965
 31
0
  0
LINE
  5
862
330
1B
100
AcDbEntity
  8
F.Cu
  6
CONTINUOUS
100
AcDbLine
 10
70.2872279999999989
 20
-64.0044479999999965
 30
0
 11
70.432116999999991
 21
-64.0644630000000035
 31
0
  0
LINE
  5
863
330
1B
100
AcDbEntity
  8
F.Cu
  6
CONTINUOUS
100
AcDbLine
 10
70.432116999999991
 20
-64.0644630000000035
 30
0
 11
70.5625149999999906
 21
-64.1515919999999937
 31
0
  0
LINE
  5
864
330
1B
100
AcDbEntity
  8
F.Cu
  6
CONTINUOUS
100
AcDbLine
 10
70.5625149999999906
 20
-64.1515919999999937
 30
0
 11
70.6734079999999949
 21
-64.2624849999999981
 31
0
  0
LINE
  5
865
330
1B
100
AcDbEntity
  8
F.Cu
  6
CONTINUOUS
100
AcDbLine
 10
70.6734079999999949
 20
-64.2624849999999981
 30
0
 11
70.7605369999999994
 21
-64.3928829999999977
 31
0
  0
LINE
  5
866
330
1B
100
AcDbEntity
  8
F.Cu
  6
CONTINUOUS
100
AcDbLine
 10
70.7605369999999994
 20
-64.3928829999999977
 30
0
 11
70.8205519999999922
 21
-64.5377720000000039
 31
0
  0
LINE
  5
867
330
1B
100
AcDbEntity
  8
F.Cu
  6
CONTINUOUS
100
AcDbLine
 10
70.8205519999999922
 20
-64.5377720000000039
 30
0
 11
70.8511479999999949
 21
-64.6915860000000009
 31
0
  0
LINE
  5
868
330
1B
100
AcDbEntity
  8
F.Cu
  6
CONTINUOUS
100
AcDbLine
 10
70.8511479999999949
 20
-64.6915860000000009
 30
0
 11
70.8511479999999949
 21
-64.8484139999999911
 31
0
  0
LINE
  5
869
330
1B
100
AcDbEntity
  8
F.Cu
  6
CONTINUOUS
100
AcDbLine
 10
70.8511479999999949
 20
-64.8484139999999911
 30
0
 11
70.8205519999999922
 21
-65.0022280000000023
 31
0
  0
LINE
  5
86A
330
1B
100
AcDbEntity
  8
F.Cu
  6
CONTINUOUS
100
AcDbLine
 10
70.8205519999999922
 20
-65.0022280000000023
 30
0
 11
70.7605369999999994
 21
-65.1471169999999944
 31
0
  0
LINE
  5
86B
330
1B
100
AcDbEntity
  8
F.Cu
  6
CONTINUOUS
100
AcDbLine
 10
70.7605369999999994
 20
-65.1471169999999944
 30
0
 11
70.6734079999999949
 21
-65.277514999999994
 31
0
  0
LINE
  5
86C
330
1B
100
AcDbEntity
  8
F.Cu
  6
CONTINUOUS
100
AcDbLine
 10
70.6734079999999949
 20
-65.277514999999994
 30
0
 11
70.5625149999999906
 21
-65.3884079999999983
 31
0
  0
LINE
  5
86D
330
1B
100
AcDbEntity
  8
F.Cu
  6
CONTINUOUS
100
AcDbLine
 10
70.5625149999999906
 20
-65.3884079999999983
 30
0
 11
70.432116999999991
 21
-65.4755370000000028
 31
0
  0
LINE
  5
86E
330
1B
100
AcDbEntity
  8
F.Cu
  6
CONTINUOUS
100
AcDbLine
 10
70.432116999999991
 20
-65.4755370000000028
 30
0
 11
70.2872279999999989
 21
-65.5355519999999956
 31
0
  0
LINE
  5
86F
330
1B
100
AcDbEntity
  8
F.Cu
  6
CONTINUOUS
100
AcDbLine
 10
70.2872279999999989
 20
-65.5355519999999956
 30
0
 11
70.1334140000000019
 21
-65.5661479999999983
 31
0
  0
LINE
  5
870
330
1B
100
AcDbEntity
  8
F.Cu
  6
CONTINUOUS
100
AcDbLine
 10
70.1334140000000019
 20
-65.5661479999999983
 30
0
 11
69.9765859999999975
 21
-65.5661479999999983
 31
0
  0
LINE
  5
871
330
1B
100
AcDbEntity
  8
F.Cu
  6
CONTINUOUS
100
AcDbLine
 10
69.9765859999999975
 20
-65.5661479999999983
 30
0
 11
69.8227720000000005
 21
-65.5355519999999956
 31
0
  0
LINE
  5
872
330
1B
100
AcDbEntity
  8
F.Cu
  6
CONTINUOUS
100
AcDbLine
 10
69.8227720000000005
 20
-65.5355519999999956
 30
0
 11
69.6778829999999942
 21
-65.4755370000000028
 31
0
  0
LINE
  5
873
330
1B
100
AcDbEntity
  8
F.Cu
  6
CONTINUOUS
100
AcDbLine
 10
69.6778829999999942
 20
-65.4755370000000028
 30
0
 11
69.5474849999999947
 21
-65.3884079999999983
 31
0
  0
LINE
  5
874
330
1B
100
AcDbEntity
  8
F.Cu
  6
CONTINUOUS
100
AcDbLine
 10
69.5474849999999947
 20
-65.3884079999999983
 30
0
 11
69.4365919999999903
 21
-65.277514999999994
 31
0
  0
LINE
  5
875
330
1B
100
AcDbEntity
  8
F.Cu
  6
CONTINUOUS
100
AcDbLine
 10
69.4365919999999903
 20
-65.277514999999994
 30
0
 11
69.3494630000000001
 21
-65.1471169999999944
 31
0
  0
LINE
  5
876
330
1B
100
AcDbEntity
  8
F.Cu
  6
CONTINUOUS
100
AcDbLine
 10
69.3494630000000001
 20
-65.1471169999999944
 30
0
 11
69.289447999999993
 21
-65.0022280000000023
 31
0
  0
LINE
  5
877
330
1B
100
AcDbEntity
  8
F.Cu
  6
CONTINUOUS
100
AcDbLine
 10
69.289447999999993
 20
-65.0022280000000023
 30
0
 11
69.2588519999999903
 21
-64.8484139999999911
 31
0
  0
LINE
  5
878
330
1B
100
AcDbEntity
  8
F.Cu
  6
CONTINUOUS
100
AcDbLine
 10
69.2588519999999903
 20
-64.8484139999999911
 30
0
 11
69.2588519999999903
 21
-64.6915860000000009
 31
0
  0
LINE
  5
879
330
1B
100
AcDbEntity
  8
F.Cu
  6
CONTINUOUS
100
AcDbLine
 10
69.2588519999999903
 20
-64.6915860000000009
 30
0
 11
69.289447999999993
 21
-64.5377720000000039
 31
0
  0
LINE
  5
87A
330
1B
100
AcDbEntity
  8
F.Cu
  6
CONTINUOUS
100
AcDbLine
 10
69.289447999999993
 20
-64.5377720000000039
 30
0
 11
69.3494630000000001
 21
-64.3928829999999977
 31
0
  0
LINE
  5
87B
330
1B
100
AcDbEntity
  8
F.Cu
  6
CONTINUOUS
100
AcDbLine
 10
69.3494630000000001
 20
-64.3928829999999977
 30
0
 11
69.4365919999999903
 21
-64.2624849999999981
 31
0
  0
LINE
  5
87C
330
1B
100
AcDbEntity
  8
F.Cu
  6
CONTINUOUS
100
AcDbLine
 10
69.4365919999999903
 20
-64.2624849999999981
 30
0
 11
69.5474849999999947
 21
-64.1515919999999937
 31
0
  0
LINE
  5
87D
330
1B
100
AcDbEntity
  8
F.Cu
  6
CONTINUOUS
100
AcDbLine
 10
69.5474849999999947
 20
-64.1515919999999937
 30
0
 11
69.6778829999999942
 21
-64.0644630000000035
 31
0
  0
LINE
  5
87E
330
1B
100
AcDbEntity
  8
F.Cu
  6
CONTINUOUS
100
AcDbLine
 10
69.6778829999999942
 20
-64.0644630000000035
 30
0
 11
69.8227720000000005
 21
-64.0044479999999965
 31
0
  0
LINE
  5
87F
330
1B
100
AcDbEntity
  8
F.Cu
  6
CONTINUOUS
100
AcDbLine
 10
69.8227720000000005
 20
-64.0044479999999965
 30
0
 11
69.9765859999999975
 21
-63.9738519999999937
 31
0
  0
LINE
  5
880
330
1B
100
AcDbEntity
  8
F.Cu
  6
CONTINUOUS
100
AcDbLine
 10
69.9765859999999975
 20
-63.9738519999999937
 30
0
 11
70.1334140000000019
 21
-63.9738519999999937
 31
0
  0
LINE
  5
881
330
1B
100
AcDbEntity
  8
F.Cu
  6
CONTINUOUS
100
AcDbLine
 10
70.1334140000000019
 20
-63.9738519999999937
 30
0
 11
70.2872279999999989
 21
-64.0044479999999965
 31
0
  0
LINE
  5
882
330
1B
100
AcDbEntity
  8
F.Cu
  6
CONTINUOUS
100
AcDbLine
 10
78.9847279999999898
 20
-64.0044479999999965
 30
0
 11
79.1296169999999961
 21
-64.0644630000000035
 31
0
  0
LINE
  5
883
330
1B
100
AcDbEntity
  8
F.Cu
  6
CONTINUOUS
100
AcDbLine
 10
79.1296169999999961
 20
-64.0644630000000035
 30
0
 11
79.2600149999999957
 21
-64.1515919999999937
 31
0
  0
LINE
  5
884
330
1B
100
AcDbEntity
  8
F.Cu
  6
CONTINUOUS
100
AcDbLine
 10
79.2600149999999957
 20
-64.1515919999999937
 30
0
 11
79.370908
 21
-64.2624849999999981
 31
0
  0
LINE
  5
885
330
1B
100
AcDbEntity
  8
F.Cu
  6
CONTINUOUS
100
AcDbLine
 10
79.370908
 20
-64.2624849999999981
 30
0
 11
79.4580369999999903
 21
-64.3928829999999977
 31
0
  0
LINE
  5
886
330
1B
100
AcDbEntity
  8
F.Cu
  6
CONTINUOUS
100
AcDbLine
 10
79.4580369999999903
 20
-64.3928829999999977
 30
0
 11
79.5180519999999973
 21
-64.5377720000000039
 31
0
  0
LINE
  5
887
330
1B
100
AcDbEntity
  8
F.Cu
  6
CONTINUOUS
100
AcDbLine
 10
79.5180519999999973
 20
-64.5377720000000039
 30
0
 11
79.548648
 21
-64.6915860000000009
 31
0
  0
LINE
  5
888
330
1B
100
AcDbEntity
  8
F.Cu
  6
CONTINUOUS
100
AcDbLine
 10
79.548648
 20
-64.6915860000000009
 30
0
 11
79.548648
 21
-64.8484139999999911
 31
0
  0
LINE
  5
889
330
1B
100
AcDbEntity
  8
F.Cu
  6
CONTINUOUS
100
AcDbLine
 10
79.548648
 20
-64.8484139999999911
 30
0
 11
79.5180519999999973
 21
-65.0022280000000023
 31
0
  0
LINE
  5
88A
330
1B
100
AcDbEntity
  8
F.Cu
  6
CONTINUOUS
100
AcDbLine
 10
79.5180519999999973
 20
-65.0022280000000023
 30
0
 11
79.4580369999999903
 21
-65.1471169999999944
 31
0
  0
LINE
  5
88B
330
1B
100
AcDbEntity
  8
F.Cu
  6
CONTINUOUS
100
AcDbLine
 10
79.4580369999999903
 20
-65.1471169999999944
 30
0
 11
79.370908
 21
-65.277514999999994
 31
0
  0
LINE
  5
88C
330
1B
100
AcDbEntity
  8
F.Cu
  6
CONTINUOUS
100
AcDbLine
 10
79.370908
 20
-65.277514999999994
 30
0
 11
79.2600149999999957
 21
-65.3884079999999983
 31
0
  0
LINE
  5
88D
330
1B
100
AcDbEntity
  8
F.Cu
  6
CONTINUOUS
100
AcDbLine
 10
79.2600149999999957
 20
-65.3884079999999983
 30
0
 11
79.1296169999999961
 21
-65.4755370000000028
 31
0
  0
LINE
  5
88E
330
1B
100
AcDbEntity
  8
F.Cu
  6
CONTINUOUS
100
AcDbLine
 10
79.1296169999999961
 20
-65.4755370000000028
 30
0
 11
78.9847279999999898
 21
-65.5355519999999956
 31
0
  0
LINE
  5
88F
330
1B
100
AcDbEntity
  8
F.Cu
  6
CONTINUOUS
100
AcDbLine
 10
78.9847279999999898
 20
-65.5355519999999956
 30
0
 11
78.8309139999999928
 21
-65.5661479999999983
 31
0
  0
LINE
  5
890
330
1B
100
AcDbEntity
  8
F.Cu
  6
CONTINUOUS
100
AcDbLine
 10
78.8309139999999928
 20
-65.5661479999999983
 30
0
 11
78.6740860000000026
 21
-65.5661479999999983
 31
0
  0
LINE
  5
891
330
1B
100
AcDbEntity
  8
F.Cu
  6
CONTINUOUS
100
AcDbLine
 10
78.6740860000000026
 20
-65.5661479999999983
 30
0
 11
78.5202719999999914
 21
-65.5355519999999956
 31
0
  0
LINE
  5
892
330
1B
100
AcDbEntity
  8
F.Cu
  6
CONTINUOUS
100
AcDbLine
 10
78.5202719999999914
 20
-65.5355519999999956
 30
0
 11
78.3753829999999994
 21
-65.4755370000000028
 31
0
  0
LINE
  5
893
330
1B
100
AcDbEntity
  8
F.Cu
  6
CONTINUOUS
100
AcDbLine
 10
78.3753829999999994
 20
-65.4755370000000028
 30
0
 11
78.2449849999999998
 21
-65.3884079999999983
 31
0
  0
LINE
  5
894
330
1B
100
AcDbEntity
  8
F.Cu
  6
CONTINUOUS
100
AcDbLine
 10
78.2449849999999998
 20
-65.3884079999999983
 30
0
 11
78.1340919999999954
 21
-65.277514999999994
 31
0
  0
LINE
  5
895
330
1B
100
AcDbEntity
  8
F.Cu
  6
CONTINUOUS
100
AcDbLine
 10
78.1340919999999954
 20
-65.277514999999994
 30
0
 11
78.046962999999991
 21
-65.1471169999999944
 31
0
  0
LINE
  5
896
330
1B
100
AcDbEntity
  8
F.Cu
  6
CONTINUOUS
100
AcDbLine
 10
78.046962999999991
 20
-65.1471169999999944
 30
0
 11
77.9869479999999982
 21
-65.0022280000000023
 31
0
  0
LINE
  5
897
330
1B
100
AcDbEntity
  8
F.Cu
  6
CONTINUOUS
100
AcDbLine
 10
77.9869479999999982
 20
-65.0022280000000023
 30
0
 11
77.9563519999999954
 21
-64.8484139999999911
 31
0
  0
LINE
  5
898
330
1B
100
AcDbEntity
  8
F.Cu
  6
CONTINUOUS
100
AcDbLine
 10
77.9563519999999954
 20
-64.8484139999999911
 30
0
 11
77.9563519999999954
 21
-64.6915860000000009
 31
0
  0
LINE
  5
899
330
1B
100
AcDbEntity
  8
F.Cu
  6
CONTINUOUS
100
AcDbLine
 10
77.9563519999999954
 20
-64.6915860000000009
 30
0
 11
77.9869479999999982
 21
-64.5377720000000039
 31
0
  0
LINE
  5
89A
330
1B
100
AcDbEntity
  8
F.Cu
  6
CONTINUOUS
100
AcDbLine
 10
77.9869479999999982
 20
-64.5377720000000039
 30
0
 11
78.046962999999991
 21
-64.3928829999999977
 31
0
  0
LINE
  5
89B
330
1B
100
AcDbEntity
  8
F.Cu
  6
CONTINUOUS
100
AcDbLine
 10
78.046962999999991
 20
-64.3928829999999977
 30
0
 11
78.1340919999999954
 21
-64.2624849999999981
 31
0
  0
LINE
  5
89C
330
1B
100
AcDbEntity
  8
F.Cu
  6
CONTINUOUS
100
AcDbLine
 10
78.1340919999999954
 20
-64.2624849999999981
 30
0
 11
78.2449849999999998
 21
-64.1515919999999937
 31
0
  0
LINE
  5
89D
330
1B
100
AcDbEntity
  8
F.Cu
  6
CONTINUOUS
100
AcDbLine
 10
78.2449849999999998
 20
-64.1515919999999937
 30
0
 11
78.3753829999999994
 21
-64.0644630000000035
 31
0
  0
LINE
  5
89E
330
1B
100
AcDbEntity
  8
F.Cu
  6
CONTINUOUS
100
AcDbLine
 10
78.3753829999999994
 20
-64.0644630000000035
 30
0
 11
78.5202719999999914
 21
-64.0044479999999965
 31
0
  0
LINE
  5
89F
330
1B
100
AcDbEntity
  8
F.Cu
  6
CONTINUOUS
100
AcDbLine
 10
78.5202719999999914
 20
-64.0044479999999965
 30
0
 11
78.6740860000000026
 21
-63.9738519999999937
 31
0
  0
LINE
  5
8A0
330
1B
100
AcDbEntity
  8
F.Cu
  6
CONTINUOUS
100
AcDbLine
 10
78.6740860000000026
 20
-63.9738519999999937
 30
0
 11
78.8309139999999928
 21
-63.9738519999999937
 31
0
  0
LINE
  5
8A1
330
1B
100
AcDbEntity
  8
F.Cu
  6
CONTINUOUS
100
AcDbLine
 10
78.8309139999999928
 20
-63.9738519999999937
 30
0
 11
78.9847279999999898
 21
-64.0044479999999965
 31
0
  0
LINE
  5
8A2
330
1B
100
AcDbEntity
  8
F.Cu
  6
CONTINUOUS
100
AcDbLine
 10
106.5992419999999896
 20
-62.686600999999996
 30
0
 11
106.7531869999999969
 21
-62.7503669999999971
 31
0
  0
LINE
  5
8A3
330
1B
100
AcDbEntity
  8
F.Cu
  6
CONTINUOUS
100
AcDbLine
 10
106.7531869999999969
 20
-62.7503669999999971
 30
0
 11
106.8917339999999996
 21
-62.8429409999999962
 31
0
  0
LINE
  5
8A4
330
1B
100
AcDbEntity
  8
F.Cu
  6
CONTINUOUS
100
AcDbLine
 10
106.8917339999999996
 20
-62.8429409999999962
 30
0
 11
107.0095589999999959
 21
-62.9607659999999996
 31
0
  0
LINE
  5
8A5
330
1B
100
AcDbEntity
  8
F.Cu
  6
CONTINUOUS
100
AcDbLine
 10
107.0095589999999959
 20
-62.9607659999999996
 30
0
 11
107.1021329999999949
 21
-63.0993129999999951
 31
0
  0
LINE
  5
8A6
330
1B
100
AcDbEntity
  8
F.Cu
  6
CONTINUOUS
100
AcDbLine
 10
107.1021329999999949
 20
-63.0993129999999951
 30
0
 11
107.165898999999996
 21
-63.2532579999999953
 31
0
  0
LINE
  5
8A7
330
1B
100
AcDbEntity
  8
F.Cu
  6
CONTINUOUS
100
AcDbLine
 10
107.165898999999996
 20
-63.2532579999999953
 30
0
 11
107.1984069999999889
 21
-63.416684999999994
 31
0
  0
LINE
  5
8A8
330
1B
100
AcDbEntity
  8
F.Cu
  6
CONTINUOUS
100
AcDbLine
 10
107.1984069999999889
 20
-63.416684999999994
 30
0
 11
107.1984069999999889
 21
-63.5833149999999989
 31
0
  0
LINE
  5
8A9
330
1B
100
AcDbEntity
  8
F.Cu
  6
CONTINUOUS
100
AcDbLine
 10
107.1984069999999889
 20
-63.5833149999999989
 30
0
 11
107.165898999999996
 21
-63.7467419999999976
 31
0
  0
LINE
  5
8AA
330
1B
100
AcDbEntity
  8
F.Cu
  6
CONTINUOUS
100
AcDbLine
 10
107.165898999999996
 20
-63.7467419999999976
 30
0
 11
107.1021329999999949
 21
-63.9006869999999978
 31
0
  0
LINE
  5
8AB
330
1B
100
AcDbEntity
  8
F.Cu
  6
CONTINUOUS
100
AcDbLine
 10
107.1021329999999949
 20
-63.9006869999999978
 30
0
 11
107.0095589999999959
 21
-64.0392339999999933
 31
0
  0
LINE
  5
8AC
330
1B
100
AcDbEntity
  8
F.Cu
  6
CONTINUOUS
100
AcDbLine
 10
107.0095589999999959
 20
-64.0392339999999933
 30
0
 11
106.8917339999999996
 21
-64.1570590000000038
 31
0
  0
LINE
  5
8AD
330
1B
100
AcDbEntity
  8
F.Cu
  6
CONTINUOUS
100
AcDbLine
 10
106.8917339999999996
 20
-64.1570590000000038
 30
0
 11
106.7531869999999969
 21
-64.2496330000000029
 31
0
  0
LINE
  5
8AE
330
1B
100
AcDbEntity
  8
F.Cu
  6
CONTINUOUS
100
AcDbLine
 10
106.7531869999999969
 20
-64.2496330000000029
 30
0
 11
106.5992419999999896
 21
-64.313399000000004
 31
0
  0
LINE
  5
8AF
330
1B
100
AcDbEntity
  8
F.Cu
  6
CONTINUOUS
100
AcDbLine
 10
106.5992419999999896
 20
-64.313399000000004
 30
0
 11
106.435814999999991
 21
-64.3459069999999969
 31
0
  0
LINE
  5
8B0
330
1B
100
AcDbEntity
  8
F.Cu
  6
CONTINUOUS
100
AcDbLine
 10
106.435814999999991
 20
-64.3459069999999969
 30
0
 11
106.2691849999999931
 21
-64.3459069999999969
 31
0
  0
LINE
  5
8B1
330
1B
100
AcDbEntity
  8
F.Cu
  6
CONTINUOUS
100
AcDbLine
 10
106.2691849999999931
 20
-64.3459069999999969
 30
0
 11
106.1057579999999945
 21
-64.313399000000004
 31
0
  0
LINE
  5
8B2
330
1B
100
AcDbEntity
  8
F.Cu
  6
CONTINUOUS
100
AcDbLine
 10
106.1057579999999945
 20
-64.313399000000004
 30
0
 11
105.9518130000000014
 21
-64.2496330000000029
 31
0
  0
LINE
  5
8B3
330
1B
100
AcDbEntity
  8
F.Cu
  6
CONTINUOUS
100
AcDbLine
 10
105.9518130000000014
 20
-64.2496330000000029
 30
0
 11
105.8132659999999987
 21
-64.1570590000000038
 31
0
  0
LINE
  5
8B4
330
1B
100
AcDbEntity
  8
F.Cu
  6
CONTINUOUS
100
AcDbLine
 10
105.8132659999999987
 20
-64.1570590000000038
 30
0
 11
105.6954409999999882
 21
-64.0392339999999933
 31
0
  0
LINE
  5
8B5
330
1B
100
AcDbEntity
  8
F.Cu
  6
CONTINUOUS
100
AcDbLine
 10
105.6954409999999882
 20
-64.0392339999999933
 30
0
 11
105.6028669999999892
 21
-63.9006869999999978
 31
0
  0
LINE
  5
8B6
330
1B
100
AcDbEntity
  8
F.Cu
  6
CONTINUOUS
100
AcDbLine
 10
105.6028669999999892
 20
-63.9006869999999978
 30
0
 11
105.5391010000000023
 21
-63.7467419999999976
 31
0
  0
LINE
  5
8B7
330
1B
100
AcDbEntity
  8
F.Cu
  6
CONTINUOUS
100
AcDbLine
 10
105.5391010000000023
 20
-63.7467419999999976
 30
0
 11
105.5065929999999952
 21
-63.5833149999999989
 31
0
  0
LINE
  5
8B8
330
1B
100
AcDbEntity
  8
F.Cu
  6
CONTINUOUS
100
AcDbLine
 10
105.5065929999999952
 20
-63.5833149999999989
 30
0
 11
105.5065929999999952
 21
-63.416684999999994
 31
0
  0
LINE
  5
8B9
330
1B
100
AcDbEntity
  8
F.Cu
  6
CONTINUOUS
100
AcDbLine
 10
105.5065929999999952
 20
-63.416684999999994
 30
0
 11
105.5391010000000023
 21
-63.2532579999999953
 31
0
  0
LINE
  5
8BA
330
1B
100
AcDbEntity
  8
F.Cu
  6
CONTINUOUS
100
AcDbLine
 10
105.5391010000000023
 20
-63.2532579999999953
 30
0
 11
105.6028669999999892
 21
-63.0993129999999951
 31
0
  0
LINE
  5
8BB
330
1B
100
AcDbEntity
  8
F.Cu
  6
CONTINUOUS
100
AcDbLine
 10
105.6028669999999892
 20
-63.0993129999999951
 30
0
 11
105.6954409999999882
 21
-62.9607659999999996
 31
0
  0
LINE
  5
8BC
330
1B
100
AcDbEntity
  8
F.Cu
  6
CONTINUOUS
100
AcDbLine
 10
105.6954409999999882
 20
-62.9607659999999996
 30
0
 11
105.8132659999999987
 21
-62.8429409999999962
 31
0
  0
LINE
  5
8BD
330
1B
100
AcDbEntity
  8
F.Cu
  6
CONTINUOUS
100
AcDbLine
 10
105.8132659999999987
 20
-62.8429409999999962
 30
0
 11
105.9518130000000014
 21
-62.7503669999999971
 31
0
  0
LINE
  5
8BE
330
1B
100
AcDbEntity
  8
F.Cu
  6
CONTINUOUS
100
AcDbLine
 10
105.9518130000000014
 20
-62.7503669999999971
 30
0
 11
106.1057579999999945
 21
-62.686600999999996
 31
0
  0
LINE
  5
8BF
330
1B
100
AcDbEntity
  8
F.Cu
  6
CONTINUOUS
100
AcDbLine
 10
106.1057579999999945
 20
-62.686600999999996
 30
0
 11
106.2691849999999931
 21
-62.654092999999996
 31
0
  0
LINE
  5
8C0
330
1B
100
AcDbEntity
  8
F.Cu
  6
CONTINUOUS
100
AcDbLine
 10
106.2691849999999931
 20
-62.654092999999996
 30
0
 11
106.435814999999991
 21
-62.654092999999996
 31
0
  0
LINE
  5
8C1
330
1B
100
AcDbEntity
  8
F.Cu
  6
CONTINUOUS
100
AcDbLine
 10
106.435814999999991
 20
-62.654092999999996
 30
0
 11
106.5992419999999896
 21
-62.686600999999996
 31
0
  0
LINE
  5
8C2
330
1B
100
AcDbEntity
  8
F.Cu
  6
CONTINUOUS
100
AcDbLine
 10
89.360913999999994
 20
-62.7038519999999977
 30
0
 11
89.514727999999991
 21
-62.7344480000000004
 31
0
  0
LINE
  5
8C3
330
1B
100
AcDbEntity
  8
F.Cu
  6
CONTINUOUS
100
AcDbLine
 10
89.514727999999991
 20
-62.7344480000000004
 30
0
 11
89.6596169999999972
 21
-62.7944630000000004
 31
0
  0
LINE
  5
8C4
330
1B
100
AcDbEntity
  8
F.Cu
  6
CONTINUOUS
100
AcDbLine
 10
89.6596169999999972
 20
-62.7944630000000004
 30
0
 11
89.7900149999999968
 21
-62.8815919999999977
 31
0
  0
LINE
  5
8C5
330
1B
100
AcDbEntity
  8
F.Cu
  6
CONTINUOUS
100
AcDbLine
 10
89.7900149999999968
 20
-62.8815919999999977
 30
0
 11
89.9009080000000012
 21
-62.992484999999995
 31
0
  0
LINE
  5
8C6
330
1B
100
AcDbEntity
  8
F.Cu
  6
CONTINUOUS
100
AcDbLine
 10
89.9009080000000012
 20
-62.992484999999995
 30
0
 11
89.9880369999999914
 21
-63.1228829999999945
 31
0
  0
LINE
  5
8C7
330
1B
100
AcDbEntity
  8
F.Cu
  6
CONTINUOUS
100
AcDbLine
 10
89.9880369999999914
 20
-63.1228829999999945
 30
0
 11
90.0480519999999984
 21
-63.2677719999999937
 31
0
  0
LINE
  5
8C8
330
1B
100
AcDbEntity
  8
F.Cu
  6
CONTINUOUS
100
AcDbLine
 10
90.0480519999999984
 20
-63.2677719999999937
 30
0
 11
90.0786480000000012
 21
-63.4215859999999978
 31
0
  0
LINE
  5
8C9
330
1B
100
AcDbEntity
  8
F.Cu
  6
CONTINUOUS
100
AcDbLine
 10
90.0786480000000012
 20
-63.4215859999999978
 30
0
 11
90.0786480000000012
 21
-63.5784139999999951
 31
0
  0
LINE
  5
8CA
330
1B
100
AcDbEntity
  8
F.Cu
  6
CONTINUOUS
100
AcDbLine
 10
90.0786480000000012
 20
-63.5784139999999951
 30
0
 11
90.0480519999999984
 21
-63.7322279999999992
 31
0
  0
LINE
  5
8CB
330
1B
100
AcDbEntity
  8
F.Cu
  6
CONTINUOUS
100
AcDbLine
 10
90.0480519999999984
 20
-63.7322279999999992
 30
0
 11
89.9880369999999914
 21
-63.8771169999999984
 31
0
  0
LINE
  5
8CC
330
1B
100
AcDbEntity
  8
F.Cu
  6
CONTINUOUS
100
AcDbLine
 10
89.9880369999999914
 20
-63.8771169999999984
 30
0
 11
89.9009080000000012
 21
-64.0075149999999979
 31
0
  0
LINE
  5
8CD
330
1B
100
AcDbEntity
  8
F.Cu
  6
CONTINUOUS
100
AcDbLine
 10
89.9009080000000012
 20
-64.0075149999999979
 30
0
 11
89.7900149999999968
 21
-64.1184080000000023
 31
0
  0
LINE
  5
8CE
330
1B
100
AcDbEntity
  8
F.Cu
  6
CONTINUOUS
100
AcDbLine
 10
89.7900149999999968
 20
-64.1184080000000023
 30
0
 11
89.6596169999999972
 21
-64.2055369999999925
 31
0
  0
LINE
  5
8CF
330
1B
100
AcDbEntity
  8
F.Cu
  6
CONTINUOUS
100
AcDbLine
 10
89.6596169999999972
 20
-64.2055369999999925
 30
0
 11
89.514727999999991
 21
-64.2655519999999996
 31
0
  0
LINE
  5
8D0
330
1B
100
AcDbEntity
  8
F.Cu
  6
CONTINUOUS
100
AcDbLine
 10
89.514727999999991
 20
-64.2655519999999996
 30
0
 11
89.360913999999994
 21
-64.2961480000000023
 31
0
  0
LINE
  5
8D1
330
1B
100
AcDbEntity
  8
F.Cu
  6
CONTINUOUS
100
AcDbLine
 10
89.360913999999994
 20
-64.2961480000000023
 30
0
 11
89.2824999999999989
 21
-64.2999999999999972
 31
0
  0
LINE
  5
8D2
330
1B
100
AcDbEntity
  8
F.Cu
  6
CONTINUOUS
100
AcDbLine
 10
89.2824999999999989
 20
-64.2999999999999972
 30
0
 11
88.4825000000000017
 21
-64.2999999999999972
 31
0
  0
LINE
  5
8D3
330
1B
100
AcDbEntity
  8
F.Cu
  6
CONTINUOUS
100
AcDbLine
 10
88.4825000000000017
 20
-64.2999999999999972
 30
0
 11
88.4040859999999924
 21
-64.2961480000000023
 31
0
  0
LINE
  5
8D4
330
1B
100
AcDbEntity
  8
F.Cu
  6
CONTINUOUS
100
AcDbLine
 10
88.4040859999999924
 20
-64.2961480000000023
 30
0
 11
88.2502719999999954
 21
-64.2655519999999996
 31
0
  0
LINE
  5
8D5
330
1B
100
AcDbEntity
  8
F.Cu
  6
CONTINUOUS
100
AcDbLine
 10
88.2502719999999954
 20
-64.2655519999999996
 30
0
 11
88.1053829999999891
 21
-64.2055369999999925
 31
0
  0
LINE
  5
8D6
330
1B
100
AcDbEntity
  8
F.Cu
  6
CONTINUOUS
100
AcDbLine
 10
88.1053829999999891
 20
-64.2055369999999925
 30
0
 11
87.9749849999999896
 21
-64.1184080000000023
 31
0
  0
LINE
  5
8D7
330
1B
100
AcDbEntity
  8
F.Cu
  6
CONTINUOUS
100
AcDbLine
 10
87.9749849999999896
 20
-64.1184080000000023
 30
0
 11
87.8640919999999994
 21
-64.0075149999999979
 31
0
  0
LINE
  5
8D8
330
1B
100
AcDbEntity
  8
F.Cu
  6
CONTINUOUS
100
AcDbLine
 10
87.8640919999999994
 20
-64.0075149999999979
 30
0
 11
87.776962999999995
 21
-63.8771169999999984
 31
0
  0
LINE
  5
8D9
330
1B
100
AcDbEntity
  8
F.Cu
  6
CONTINUOUS
100
AcDbLine
 10
87.776962999999995
 20
-63.8771169999999984
 30
0
 11
87.7169480000000021
 21
-63.7322279999999992
 31
0
  0
LINE
  5
8DA
330
1B
100
AcDbEntity
  8
F.Cu
  6
CONTINUOUS
100
AcDbLine
 10
87.7169480000000021
 20
-63.7322279999999992
 30
0
 11
87.6863519999999994
 21
-63.5784139999999951
 31
0
  0
LINE
  5
8DB
330
1B
100
AcDbEntity
  8
F.Cu
  6
CONTINUOUS
100
AcDbLine
 10
87.6863519999999994
 20
-63.5784139999999951
 30
0
 11
87.6863519999999994
 21
-63.4215859999999978
 31
0
  0
LINE
  5
8DC
330
1B
100
AcDbEntity
  8
F.Cu
  6
CONTINUOUS
100
AcDbLine
 10
87.6863519999999994
 20
-63.4215859999999978
 30
0
 11
87.7169480000000021
 21
-63.2677719999999937
 31
0
  0
LINE
  5
8DD
330
1B
100
AcDbEntity
  8
F.Cu
  6
CONTINUOUS
100
AcDbLine
 10
87.7169480000000021
 20
-63.2677719999999937
 30
0
 11
87.776962999999995
 21
-63.1228829999999945
 31
0
  0
LINE
  5
8DE
330
1B
100
AcDbEntity
  8
F.Cu
  6
CONTINUOUS
100
AcDbLine
 10
87.776962999999995
 20
-63.1228829999999945
 30
0
 11
87.8640919999999994
 21
-62.992484999999995
 31
0
  0
LINE
  5
8DF
330
1B
100
AcDbEntity
  8
F.Cu
  6
CONTINUOUS
100
AcDbLine
 10
87.8640919999999994
 20
-62.992484999999995
 30
0
 11
87.9749849999999896
 21
-62.8815919999999977
 31
0
  0
LINE
  5
8E0
330
1B
100
AcDbEntity
  8
F.Cu
  6
CONTINUOUS
100
AcDbLine
 10
87.9749849999999896
 20
-62.8815919999999977
 30
0
 11
88.1053829999999891
 21
-62.7944630000000004
 31
0
  0
LINE
  5
8E1
330
1B
100
AcDbEntity
  8
F.Cu
  6
CONTINUOUS
100
AcDbLine
 10
88.1053829999999891
 20
-62.7944630000000004
 30
0
 11
88.2502719999999954
 21
-62.7344480000000004
 31
0
  0
LINE
  5
8E2
330
1B
100
AcDbEntity
  8
F.Cu
  6
CONTINUOUS
100
AcDbLine
 10
88.2502719999999954
 20
-62.7344480000000004
 30
0
 11
88.4040859999999924
 21
-62.7038519999999977
 31
0
  0
LINE
  5
8E3
330
1B
100
AcDbEntity
  8
F.Cu
  6
CONTINUOUS
100
AcDbLine
 10
88.4040859999999924
 20
-62.7038519999999977
 30
0
 11
88.4825000000000017
 21
-62.6999999999999957
 31
0
  0
LINE
  5
8E4
330
1B
100
AcDbEntity
  8
F.Cu
  6
CONTINUOUS
100
AcDbLine
 10
88.4825000000000017
 20
-62.6999999999999957
 30
0
 11
89.2824999999999989
 21
-62.6999999999999957
 31
0
  0
LINE
  5
8E5
330
1B
100
AcDbEntity
  8
F.Cu
  6
CONTINUOUS
100
AcDbLine
 10
89.2824999999999989
 20
-62.6999999999999957
 30
0
 11
89.360913999999994
 21
-62.7038519999999977
 31
0
  0
LINE
  5
8E6
330
1B
100
AcDbEntity
  8
F.Cu
  6
CONTINUOUS
100
AcDbLine
 10
96.9809139999999985
 20
-62.7038519999999977
 30
0
 11
97.1347279999999955
 21
-62.7344480000000004
 31
0
  0
LINE
  5
8E7
330
1B
100
AcDbEntity
  8
F.Cu
  6
CONTINUOUS
100
AcDbLine
 10
97.1347279999999955
 20
-62.7344480000000004
 30
0
 11
97.2796170000000018
 21
-62.7944630000000004
 31
0
  0
LINE
  5
8E8
330
1B
100
AcDbEntity
  8
F.Cu
  6
CONTINUOUS
100
AcDbLine
 10
97.2796170000000018
 20
-62.7944630000000004
 30
0
 11
97.4100150000000014
 21
-62.8815919999999977
 31
0
  0
LINE
  5
8E9
330
1B
100
AcDbEntity
  8
F.Cu
  6
CONTINUOUS
100
AcDbLine
 10
97.4100150000000014
 20
-62.8815919999999977
 30
0
 11
97.5209079999999915
 21
-62.992484999999995
 31
0
  0
LINE
  5
8EA
330
1B
100
AcDbEntity
  8
F.Cu
  6
CONTINUOUS
100
AcDbLine
 10
97.5209079999999915
 20
-62.992484999999995
 30
0
 11
97.6080369999999959
 21
-63.1228829999999945
 31
0
  0
LINE
  5
8EB
330
1B
100
AcDbEntity
  8
F.Cu
  6
CONTINUOUS
100
AcDbLine
 10
97.6080369999999959
 20
-63.1228829999999945
 30
0
 11
97.6680519999999888
 21
-63.2677719999999937
 31
0
  0
LINE
  5
8EC
330
1B
100
AcDbEntity
  8
F.Cu
  6
CONTINUOUS
100
AcDbLine
 10
97.6680519999999888
 20
-63.2677719999999937
 30
0
 11
97.6986479999999915
 21
-63.4215859999999978
 31
0
  0
LINE
  5
8ED
330
1B
100
AcDbEntity
  8
F.Cu
  6
CONTINUOUS
100
AcDbLine
 10
97.6986479999999915
 20
-63.4215859999999978
 30
0
 11
97.6986479999999915
 21
-63.5784139999999951
 31
0
  0
LINE
  5
8EE
330
1B
100
AcDbEntity
  8
F.Cu
  6
CONTINUOUS
100
AcDbLine
 10
97.6986479999999915
 20
-63.5784139999999951
 30
0
 11
97.6680519999999888
 21
-63.7322279999999992
 31
0
  0
LINE
  5
8EF
330
1B
100
AcDbEntity
  8
F.Cu
  6
CONTINUOUS
100
AcDbLine
 10
97.6680519999999888
 20
-63.7322279999999992
 30
0
 11
97.6080369999999959
 21
-63.8771169999999984
 31
0
  0
LINE
  5
8F0
330
1B
100
AcDbEntity
  8
F.Cu
  6
CONTINUOUS
100
AcDbLine
 10
97.6080369999999959
 20
-63.8771169999999984
 30
0
 11
97.5209079999999915
 21
-64.0075149999999979
 31
0
  0
LINE
  5
8F1
330
1B
100
AcDbEntity
  8
F.Cu
  6
CONTINUOUS
100
AcDbLine
 10
97.5209079999999915
 20
-64.0075149999999979
 30
0
 11
97.4100150000000014
 21
-64.1184080000000023
 31
0
  0
LINE
  5
8F2
330
1B
100
AcDbEntity
  8
F.Cu
  6
CONTINUOUS
100
AcDbLine
 10
97.4100150000000014
 20
-64.1184080000000023
 30
0
 11
97.2796170000000018
 21
-64.2055369999999925
 31
0
  0
LINE
  5
8F3
330
1B
100
AcDbEntity
  8
F.Cu
  6
CONTINUOUS
100
AcDbLine
 10
97.2796170000000018
 20
-64.2055369999999925
 30
0
 11
97.1347279999999955
 21
-64.2655519999999996
 31
0
  0
LINE
  5
8F4
330
1B
100
AcDbEntity
  8
F.Cu
  6
CONTINUOUS
100
AcDbLine
 10
97.1347279999999955
 20
-64.2655519999999996
 30
0
 11
96.9809139999999985
 21
-64.2961480000000023
 31
0
  0
LINE
  5
8F5
330
1B
100
AcDbEntity
  8
F.Cu
  6
CONTINUOUS
100
AcDbLine
 10
96.9809139999999985
 20
-64.2961480000000023
 30
0
 11
96.9024999999999892
 21
-64.2999999999999972
 31
0
  0
LINE
  5
8F6
330
1B
100
AcDbEntity
  8
F.Cu
  6
CONTINUOUS
100
AcDbLine
 10
96.9024999999999892
 20
-64.2999999999999972
 30
0
 11
96.102499999999992
 21
-64.2999999999999972
 31
0
  0
LINE
  5
8F7
330
1B
100
AcDbEntity
  8
F.Cu
  6
CONTINUOUS
100
AcDbLine
 10
96.102499999999992
 20
-64.2999999999999972
 30
0
 11
96.0240859999999969
 21
-64.2961480000000023
 31
0
  0
LINE
  5
8F8
330
1B
100
AcDbEntity
  8
F.Cu
  6
CONTINUOUS
100
AcDbLine
 10
96.0240859999999969
 20
-64.2961480000000023
 30
0
 11
95.8702719999999999
 21
-64.2655519999999996
 31
0
  0
LINE
  5
8F9
330
1B
100
AcDbEntity
  8
F.Cu
  6
CONTINUOUS
100
AcDbLine
 10
95.8702719999999999
 20
-64.2655519999999996
 30
0
 11
95.7253829999999937
 21
-64.2055369999999925
 31
0
  0
LINE
  5
8FA
330
1B
100
AcDbEntity
  8
F.Cu
  6
CONTINUOUS
100
AcDbLine
 10
95.7253829999999937
 20
-64.2055369999999925
 30
0
 11
95.5949849999999941
 21
-64.1184080000000023
 31
0
  0
LINE
  5
8FB
330
1B
100
AcDbEntity
  8
F.Cu
  6
CONTINUOUS
100
AcDbLine
 10
95.5949849999999941
 20
-64.1184080000000023
 30
0
 11
95.4840919999999898
 21
-64.0075149999999979
 31
0
  0
LINE
  5
8FC
330
1B
100
AcDbEntity
  8
F.Cu
  6
CONTINUOUS
100
AcDbLine
 10
95.4840919999999898
 20
-64.0075149999999979
 30
0
 11
95.3969629999999995
 21
-63.8771169999999984
 31
0
  0
LINE
  5
8FD
330
1B
100
AcDbEntity
  8
F.Cu
  6
CONTINUOUS
100
AcDbLine
 10
95.3969629999999995
 20
-63.8771169999999984
 30
0
 11
95.3369479999999925
 21
-63.7322279999999992
 31
0
  0
LINE
  5
8FE
330
1B
100
AcDbEntity
  8
F.Cu
  6
CONTINUOUS
100
AcDbLine
 10
95.3369479999999925
 20
-63.7322279999999992
 30
0
 11
95.3063519999999897
 21
-63.5784139999999951
 31
0
  0
LINE
  5
8FF
330
1B
100
AcDbEntity
  8
F.Cu
  6
CONTINUOUS
100
AcDbLine
 10
95.3063519999999897
 20
-63.5784139999999951
 30
0
 11
95.3063519999999897
 21
-63.4215859999999978
 31
0
  0
LINE
  5
900
330
1B
100
AcDbEntity
  8
F.Cu
  6
CONTINUOUS
100
AcDbLine
 10
95.3063519999999897
 20
-63.4215859999999978
 30
0
 11
95.3369479999999925
 21
-63.2677719999999937
 31
0
  0
LINE
  5
901
330
1B
100
AcDbEntity
  8
F.Cu
  6
CONTINUOUS
100
AcDbLine
 10
95.3369479999999925
 20
-63.2677719999999937
 30
0
 11
95.3969629999999995
 21
-63.1228829999999945
 31
0
  0
LINE
  5
902
330
1B
100
AcDbEntity
  8
F.Cu
  6
CONTINUOUS
100
AcDbLine
 10
95.3969629999999995
 20
-63.1228829999999945
 30
0
 11
95.4840919999999898
 21
-62.992484999999995
 31
0
  0
LINE
  5
903
330
1B
100
AcDbEntity
  8
F.Cu
  6
CONTINUOUS
100
AcDbLine
 10
95.4840919999999898
 20
-62.992484999999995
 30
0
 11
95.5949849999999941
 21
-62.8815919999999977
 31
0
  0
LINE
  5
904
330
1B
100
AcDbEntity
  8
F.Cu
  6
CONTINUOUS
100
AcDbLine
 10
95.5949849999999941
 20
-62.8815919999999977
 30
0
 11
95.7253829999999937
 21
-62.7944630000000004
 31
0
  0
LINE
  5
905
330
1B
100
AcDbEntity
  8
F.Cu
  6
CONTINUOUS
100
AcDbLine
 10
95.7253829999999937
 20
-62.7944630000000004
 30
0
 11
95.8702719999999999
 21
-62.7344480000000004
 31
0
  0
LINE
  5
906
330
1B
100
AcDbEntity
  8
F.Cu
  6
CONTINUOUS
100
AcDbLine
 10
95.8702719999999999
 20
-62.7344480000000004
 30
0
 11
96.0240859999999969
 21
-62.7038519999999977
 31
0
  0
LINE
  5
907
330
1B
100
AcDbEntity
  8
F.Cu
  6
CONTINUOUS
100
AcDbLine
 10
96.0240859999999969
 20
-62.7038519999999977
 30
0
 11
96.102499999999992
 21
-62.6999999999999957
 31
0
  0
LINE
  5
908
330
1B
100
AcDbEntity
  8
F.Cu
  6
CONTINUOUS
100
AcDbLine
 10
96.102499999999992
 20
-62.6999999999999957
 30
0
 11
96.9024999999999892
 21
-62.6999999999999957
 31
0
  0
LINE
  5
909
330
1B
100
AcDbEntity
  8
F.Cu
  6
CONTINUOUS
100
AcDbLine
 10
96.9024999999999892
 20
-62.6999999999999957
 30
0
 11
96.9809139999999985
 21
-62.7038519999999977
 31
0
  0
LINE
  5
90A
330
1B
100
AcDbEntity
  8
F.Cu
  6
CONTINUOUS
100
AcDbLine
 10
44.8372279999999961
 20
-59.7944479999999956
 30
0
 11
44.9821169999999952
 21
-59.8544629999999955
 31
0
  0
LINE
  5
90B
330
1B
100
AcDbEntity
  8
F.Cu
  6
CONTINUOUS
100
AcDbLine
 10
44.9821169999999952
 20
-59.8544629999999955
 30
0
 11
45.1125149999999948
 21
-59.941592
 31
0
  0
LINE
  5
90C
330
1B
100
AcDbEntity
  8
F.Cu
  6
CONTINUOUS
100
AcDbLine
 10
45.1125149999999948
 20
-59.941592
 30
0
 11
45.2234079999999992
 21
-60.0524849999999972
 31
0
  0
LINE
  5
90D
330
1B
100
AcDbEntity
  8
F.Cu
  6
CONTINUOUS
100
AcDbLine
 10
45.2234079999999992
 20
-60.0524849999999972
 30
0
 11
45.3105369999999965
 21
-60.1828829999999968
 31
0
  0
LINE
  5
90E
330
1B
100
AcDbEntity
  8
F.Cu
  6
CONTINUOUS
100
AcDbLine
 10
45.3105369999999965
 20
-60.1828829999999968
 30
0
 11
45.3705519999999964
 21
-60.327771999999996
 31
0
  0
LINE
  5
90F
330
1B
100
AcDbEntity
  8
F.Cu
  6
CONTINUOUS
100
AcDbLine
 10
45.3705519999999964
 20
-60.327771999999996
 30
0
 11
45.4011479999999992
 21
-60.4815860000000001
 31
0
  0
LINE
  5
910
330
1B
100
AcDbEntity
  8
F.Cu
  6
CONTINUOUS
100
AcDbLine
 10
45.4011479999999992
 20
-60.4815860000000001
 30
0
 11
45.4050000000000011
 21
-60.5599999999999952
 31
0
  0
LINE
  5
911
330
1B
100
AcDbEntity
  8
F.Cu
  6
CONTINUOUS
100
AcDbLine
 10
45.4050000000000011
 20
-60.5599999999999952
 30
0
 11
45.4050000000000011
 21
-61.3599999999999994
 31
0
  0
LINE
  5
912
330
1B
100
AcDbEntity
  8
F.Cu
  6
CONTINUOUS
100
AcDbLine
 10
45.4050000000000011
 20
-61.3599999999999994
 30
0
 11
45.4011479999999992
 21
-61.4384139999999945
 31
0
  0
LINE
  5
913
330
1B
100
AcDbEntity
  8
F.Cu
  6
CONTINUOUS
100
AcDbLine
 10
45.4011479999999992
 20
-61.4384139999999945
 30
0
 11
45.3705519999999964
 21
-61.5922279999999986
 31
0
  0
LINE
  5
914
330
1B
100
AcDbEntity
  8
F.Cu
  6
CONTINUOUS
100
AcDbLine
 10
45.3705519999999964
 20
-61.5922279999999986
 30
0
 11
45.3105369999999965
 21
-61.7371169999999978
 31
0
  0
LINE
  5
915
330
1B
100
AcDbEntity
  8
F.Cu
  6
CONTINUOUS
100
AcDbLine
 10
45.3105369999999965
 20
-61.7371169999999978
 30
0
 11
45.2234079999999992
 21
-61.8675149999999974
 31
0
  0
LINE
  5
916
330
1B
100
AcDbEntity
  8
F.Cu
  6
CONTINUOUS
100
AcDbLine
 10
45.2234079999999992
 20
-61.8675149999999974
 30
0
 11
45.1125149999999948
 21
-61.9784079999999946
 31
0
  0
LINE
  5
917
330
1B
100
AcDbEntity
  8
F.Cu
  6
CONTINUOUS
100
AcDbLine
 10
45.1125149999999948
 20
-61.9784079999999946
 30
0
 11
44.9821169999999952
 21
-62.0655369999999991
 31
0
  0
LINE
  5
918
330
1B
100
AcDbEntity
  8
F.Cu
  6
CONTINUOUS
100
AcDbLine
 10
44.9821169999999952
 20
-62.0655369999999991
 30
0
 11
44.8372279999999961
 21
-62.125551999999999
 31
0
  0
LINE
  5
919
330
1B
100
AcDbEntity
  8
F.Cu
  6
CONTINUOUS
100
AcDbLine
 10
44.8372279999999961
 20
-62.125551999999999
 30
0
 11
44.6834139999999991
 21
-62.1561479999999946
 31
0
  0
LINE
  5
91A
330
1B
100
AcDbEntity
  8
F.Cu
  6
CONTINUOUS
100
AcDbLine
 10
44.6834139999999991
 20
-62.1561479999999946
 30
0
 11
44.5265859999999947
 21
-62.1561479999999946
 31
0
  0
LINE
  5
91B
330
1B
100
AcDbEntity
  8
F.Cu
  6
CONTINUOUS
100
AcDbLine
 10
44.5265859999999947
 20
-62.1561479999999946
 30
0
 11
44.3727719999999977
 21
-62.125551999999999
 31
0
  0
LINE
  5
91C
330
1B
100
AcDbEntity
  8
F.Cu
  6
CONTINUOUS
100
AcDbLine
 10
44.3727719999999977
 20
-62.125551999999999
 30
0
 11
44.2278829999999985
 21
-62.0655369999999991
 31
0
  0
LINE
  5
91D
330
1B
100
AcDbEntity
  8
F.Cu
  6
CONTINUOUS
100
AcDbLine
 10
44.2278829999999985
 20
-62.0655369999999991
 30
0
 11
44.0974849999999989
 21
-61.9784079999999946
 31
0
  0
LINE
  5
91E
330
1B
100
AcDbEntity
  8
F.Cu
  6
CONTINUOUS
100
AcDbLine
 10
44.0974849999999989
 20
-61.9784079999999946
 30
0
 11
43.9865919999999946
 21
-61.8675149999999974
 31
0
  0
LINE
  5
91F
330
1B
100
AcDbEntity
  8
F.Cu
  6
CONTINUOUS
100
AcDbLine
 10
43.9865919999999946
 20
-61.8675149999999974
 30
0
 11
43.8994629999999972
 21
-61.7371169999999978
 31
0
  0
LINE
  5
920
330
1B
100
AcDbEntity
  8
F.Cu
  6
CONTINUOUS
100
AcDbLine
 10
43.8994629999999972
 20
-61.7371169999999978
 30
0
 11
43.8394479999999973
 21
-61.5922279999999986
 31
0
  0
LINE
  5
921
330
1B
100
AcDbEntity
  8
F.Cu
  6
CONTINUOUS
100
AcDbLine
 10
43.8394479999999973
 20
-61.5922279999999986
 30
0
 11
43.8088519999999946
 21
-61.4384139999999945
 31
0
  0
LINE
  5
922
330
1B
100
AcDbEntity
  8
F.Cu
  6
CONTINUOUS
100
AcDbLine
 10
43.8088519999999946
 20
-61.4384139999999945
 30
0
 11
43.8049999999999997
 21
-61.3599999999999994
 31
0
  0
LINE
  5
923
330
1B
100
AcDbEntity
  8
F.Cu
  6
CONTINUOUS
100
AcDbLine
 10
43.8049999999999997
 20
-61.3599999999999994
 30
0
 11
43.8049999999999997
 21
-60.5599999999999952
 31
0
  0
LINE
  5
924
330
1B
100
AcDbEntity
  8
F.Cu
  6
CONTINUOUS
100
AcDbLine
 10
43.8049999999999997
 20
-60.5599999999999952
 30
0
 11
43.8088519999999946
 21
-60.4815860000000001
 31
0
  0
LINE
  5
925
330
1B
100
AcDbEntity
  8
F.Cu
  6
CONTINUOUS
100
AcDbLine
 10
43.8088519999999946
 20
-60.4815860000000001
 30
0
 11
43.8394479999999973
 21
-60.327771999999996
 31
0
  0
LINE
  5
926
330
1B
100
AcDbEntity
  8
F.Cu
  6
CONTINUOUS
100
AcDbLine
 10
43.8394479999999973
 20
-60.327771999999996
 30
0
 11
43.8994629999999972
 21
-60.1828829999999968
 31
0
  0
LINE
  5
927
330
1B
100
AcDbEntity
  8
F.Cu
  6
CONTINUOUS
100
AcDbLine
 10
43.8994629999999972
 20
-60.1828829999999968
 30
0
 11
43.9865919999999946
 21
-60.0524849999999972
 31
0
  0
LINE
  5
928
330
1B
100
AcDbEntity
  8
F.Cu
  6
CONTINUOUS
100
AcDbLine
 10
43.9865919999999946
 20
-60.0524849999999972
 30
0
 11
44.0974849999999989
 21
-59.941592
 31
0
  0
LINE
  5
929
330
1B
100
AcDbEntity
  8
F.Cu
  6
CONTINUOUS
100
AcDbLine
 10
44.0974849999999989
 20
-59.941592
 30
0
 11
44.2278829999999985
 21
-59.8544629999999955
 31
0
  0
LINE
  5
92A
330
1B
100
AcDbEntity
  8
F.Cu
  6
CONTINUOUS
100
AcDbLine
 10
44.2278829999999985
 20
-59.8544629999999955
 30
0
 11
44.3727719999999977
 21
-59.7944479999999956
 31
0
  0
LINE
  5
92B
330
1B
100
AcDbEntity
  8
F.Cu
  6
CONTINUOUS
100
AcDbLine
 10
44.3727719999999977
 20
-59.7944479999999956
 30
0
 11
44.5265859999999947
 21
-59.763852
 31
0
  0
LINE
  5
92C
330
1B
100
AcDbEntity
  8
F.Cu
  6
CONTINUOUS
100
AcDbLine
 10
44.5265859999999947
 20
-59.763852
 30
0
 11
44.6834139999999991
 21
-59.763852
 31
0
  0
LINE
  5
92D
330
1B
100
AcDbEntity
  8
F.Cu
  6
CONTINUOUS
100
AcDbLine
 10
44.6834139999999991
 20
-59.763852
 30
0
 11
44.8372279999999961
 21
-59.7944479999999956
 31
0
  0
LINE
  5
92E
330
1B
100
AcDbEntity
  8
F.Cu
  6
CONTINUOUS
100
AcDbLine
 10
47.3772279999999952
 20
-59.7944479999999956
 30
0
 11
47.5221169999999944
 21
-59.8544629999999955
 31
0
  0
LINE
  5
92F
330
1B
100
AcDbEntity
  8
F.Cu
  6
CONTINUOUS
100
AcDbLine
 10
47.5221169999999944
 20
-59.8544629999999955
 30
0
 11
47.6525150000000011
 21
-59.941592
 31
0
  0
LINE
  5
930
330
1B
100
AcDbEntity
  8
F.Cu
  6
CONTINUOUS
100
AcDbLine
 10
47.6525150000000011
 20
-59.941592
 30
0
 11
47.7634079999999983
 21
-60.0524849999999972
 31
0
  0
LINE
  5
931
330
1B
100
AcDbEntity
  8
F.Cu
  6
CONTINUOUS
100
AcDbLine
 10
47.7634079999999983
 20
-60.0524849999999972
 30
0
 11
47.8505369999999957
 21
-60.1828829999999968
 31
0
  0
LINE
  5
932
330
1B
100
AcDbEntity
  8
F.Cu
  6
CONTINUOUS
100
AcDbLine
 10
47.8505369999999957
 20
-60.1828829999999968
 30
0
 11
47.9105519999999956
 21
-60.327771999999996
 31
0
  0
LINE
  5
933
330
1B
100
AcDbEntity
  8
F.Cu
  6
CONTINUOUS
100
AcDbLine
 10
47.9105519999999956
 20
-60.327771999999996
 30
0
 11
47.9411479999999983
 21
-60.4815860000000001
 31
0
  0
LINE
  5
934
330
1B
100
AcDbEntity
  8
F.Cu
  6
CONTINUOUS
100
AcDbLine
 10
47.9411479999999983
 20
-60.4815860000000001
 30
0
 11
47.9450000000000003
 21
-60.5599999999999952
 31
0
  0
LINE
  5
935
330
1B
100
AcDbEntity
  8
F.Cu
  6
CONTINUOUS
100
AcDbLine
 10
47.9450000000000003
 20
-60.5599999999999952
 30
0
 11
47.9450000000000003
 21
-61.3599999999999994
 31
0
  0
LINE
  5
936
330
1B
100
AcDbEntity
  8
F.Cu
  6
CONTINUOUS
100
AcDbLine
 10
47.9450000000000003
 20
-61.3599999999999994
 30
0
 11
47.9411479999999983
 21
-61.4384139999999945
 31
0
  0
LINE
  5
937
330
1B
100
AcDbEntity
  8
F.Cu
  6
CONTINUOUS
100
AcDbLine
 10
47.9411479999999983
 20
-61.4384139999999945
 30
0
 11
47.9105519999999956
 21
-61.5922279999999986
 31
0
  0
LINE
  5
938
330
1B
100
AcDbEntity
  8
F.Cu
  6
CONTINUOUS
100
AcDbLine
 10
47.9105519999999956
 20
-61.5922279999999986
 30
0
 11
47.8505369999999957
 21
-61.7371169999999978
 31
0
  0
LINE
  5
939
330
1B
100
AcDbEntity
  8
F.Cu
  6
CONTINUOUS
100
AcDbLine
 10
47.8505369999999957
 20
-61.7371169999999978
 30
0
 11
47.7634079999999983
 21
-61.8675149999999974
 31
0
  0
LINE
  5
93A
330
1B
100
AcDbEntity
  8
F.Cu
  6
CONTINUOUS
100
AcDbLine
 10
47.7634079999999983
 20
-61.8675149999999974
 30
0
 11
47.6525150000000011
 21
-61.9784079999999946
 31
0
  0
LINE
  5
93B
330
1B
100
AcDbEntity
  8
F.Cu
  6
CONTINUOUS
100
AcDbLine
 10
47.6525150000000011
 20
-61.9784079999999946
 30
0
 11
47.5221169999999944
 21
-62.0655369999999991
 31
0
  0
LINE
  5
93C
330
1B
100
AcDbEntity
  8
F.Cu
  6
CONTINUOUS
100
AcDbLine
 10
47.5221169999999944
 20
-62.0655369999999991
 30
0
 11
47.3772279999999952
 21
-62.125551999999999
 31
0
  0
LINE
  5
93D
330
1B
100
AcDbEntity
  8
F.Cu
  6
CONTINUOUS
100
AcDbLine
 10
47.3772279999999952
 20
-62.125551999999999
 30
0
 11
47.2234139999999982
 21
-62.1561479999999946
 31
0
  0
LINE
  5
93E
330
1B
100
AcDbEntity
  8
F.Cu
  6
CONTINUOUS
100
AcDbLine
 10
47.2234139999999982
 20
-62.1561479999999946
 30
0
 11
47.0665860000000009
 21
-62.1561479999999946
 31
0
  0
LINE
  5
93F
330
1B
100
AcDbEntity
  8
F.Cu
  6
CONTINUOUS
100
AcDbLine
 10
47.0665860000000009
 20
-62.1561479999999946
 30
0
 11
46.9127719999999968
 21
-62.125551999999999
 31
0
  0
LINE
  5
940
330
1B
100
AcDbEntity
  8
F.Cu
  6
CONTINUOUS
100
AcDbLine
 10
46.9127719999999968
 20
-62.125551999999999
 30
0
 11
46.7678829999999977
 21
-62.0655369999999991
 31
0
  0
LINE
  5
941
330
1B
100
AcDbEntity
  8
F.Cu
  6
CONTINUOUS
100
AcDbLine
 10
46.7678829999999977
 20
-62.0655369999999991
 30
0
 11
46.6374849999999981
 21
-61.9784079999999946
 31
0
  0
LINE
  5
942
330
1B
100
AcDbEntity
  8
F.Cu
  6
CONTINUOUS
100
AcDbLine
 10
46.6374849999999981
 20
-61.9784079999999946
 30
0
 11
46.5265920000000008
 21
-61.8675149999999974
 31
0
  0
LINE
  5
943
330
1B
100
AcDbEntity
  8
F.Cu
  6
CONTINUOUS
100
AcDbLine
 10
46.5265920000000008
 20
-61.8675149999999974
 30
0
 11
46.4394629999999964
 21
-61.7371169999999978
 31
0
  0
LINE
  5
944
330
1B
100
AcDbEntity
  8
F.Cu
  6
CONTINUOUS
100
AcDbLine
 10
46.4394629999999964
 20
-61.7371169999999978
 30
0
 11
46.3794479999999965
 21
-61.5922279999999986
 31
0
  0
LINE
  5
945
330
1B
100
AcDbEntity
  8
F.Cu
  6
CONTINUOUS
100
AcDbLine
 10
46.3794479999999965
 20
-61.5922279999999986
 30
0
 11
46.3488520000000008
 21
-61.4384139999999945
 31
0
  0
LINE
  5
946
330
1B
100
AcDbEntity
  8
F.Cu
  6
CONTINUOUS
100
AcDbLine
 10
46.3488520000000008
 20
-61.4384139999999945
 30
0
 11
46.3449999999999989
 21
-61.3599999999999994
 31
0
  0
LINE
  5
947
330
1B
100
AcDbEntity
  8
F.Cu
  6
CONTINUOUS
100
AcDbLine
 10
46.3449999999999989
 20
-61.3599999999999994
 30
0
 11
46.3449999999999989
 21
-60.5599999999999952
 31
0
  0
LINE
  5
948
330
1B
100
AcDbEntity
  8
F.Cu
  6
CONTINUOUS
100
AcDbLine
 10
46.3449999999999989
 20
-60.5599999999999952
 30
0
 11
46.3488520000000008
 21
-60.4815860000000001
 31
0
  0
LINE
  5
949
330
1B
100
AcDbEntity
  8
F.Cu
  6
CONTINUOUS
100
AcDbLine
 10
46.3488520000000008
 20
-60.4815860000000001
 30
0
 11
46.3794479999999965
 21
-60.327771999999996
 31
0
  0
LINE
  5
94A
330
1B
100
AcDbEntity
  8
F.Cu
  6
CONTINUOUS
100
AcDbLine
 10
46.3794479999999965
 20
-60.327771999999996
 30
0
 11
46.4394629999999964
 21
-60.1828829999999968
 31
0
  0
LINE
  5
94B
330
1B
100
AcDbEntity
  8
F.Cu
  6
CONTINUOUS
100
AcDbLine
 10
46.4394629999999964
 20
-60.1828829999999968
 30
0
 11
46.5265920000000008
 21
-60.0524849999999972
 31
0
  0
LINE
  5
94C
330
1B
100
AcDbEntity
  8
F.Cu
  6
CONTINUOUS
100
AcDbLine
 10
46.5265920000000008
 20
-60.0524849999999972
 30
0
 11
46.6374849999999981
 21
-59.941592
 31
0
  0
LINE
  5
94D
330
1B
100
AcDbEntity
  8
F.Cu
  6
CONTINUOUS
100
AcDbLine
 10
46.6374849999999981
 20
-59.941592
 30
0
 11
46.7678829999999977
 21
-59.8544629999999955
 31
0
  0
LINE
  5
94E
330
1B
100
AcDbEntity
  8
F.Cu
  6
CONTINUOUS
100
AcDbLine
 10
46.7678829999999977
 20
-59.8544629999999955
 30
0
 11
46.9127719999999968
 21
-59.7944479999999956
 31
0
  0
LINE
  5
94F
330
1B
100
AcDbEntity
  8
F.Cu
  6
CONTINUOUS
100
AcDbLine
 10
46.9127719999999968
 20
-59.7944479999999956
 30
0
 11
47.0665860000000009
 21
-59.763852
 31
0
  0
LINE
  5
950
330
1B
100
AcDbEntity
  8
F.Cu
  6
CONTINUOUS
100
AcDbLine
 10
47.0665860000000009
 20
-59.763852
 30
0
 11
47.2234139999999982
 21
-59.763852
 31
0
  0
LINE
  5
951
330
1B
100
AcDbEntity
  8
F.Cu
  6
CONTINUOUS
100
AcDbLine
 10
47.2234139999999982
 20
-59.763852
 30
0
 11
47.3772279999999952
 21
-59.7944479999999956
 31
0
  0
LINE
  5
952
330
1B
100
AcDbEntity
  8
F.Cu
  6
CONTINUOUS
100
AcDbLine
 10
49.9172279999999944
 20
-59.7944479999999956
 30
0
 11
50.0621170000000006
 21
-59.8544629999999955
 31
0
  0
LINE
  5
953
330
1B
100
AcDbEntity
  8
F.Cu
  6
CONTINUOUS
100
AcDbLine
 10
50.0621170000000006
 20
-59.8544629999999955
 30
0
 11
50.1925150000000002
 21
-59.941592
 31
0
  0
LINE
  5
954
330
1B
100
AcDbEntity
  8
F.Cu
  6
CONTINUOUS
100
AcDbLine
 10
50.1925150000000002
 20
-59.941592
 30
0
 11
50.3034079999999975
 21
-60.0524849999999972
 31
0
  0
LINE
  5
955
330
1B
100
AcDbEntity
  8
F.Cu
  6
CONTINUOUS
100
AcDbLine
 10
50.3034079999999975
 20
-60.0524849999999972
 30
0
 11
50.3905369999999948
 21
-60.1828829999999968
 31
0
  0
LINE
  5
956
330
1B
100
AcDbEntity
  8
F.Cu
  6
CONTINUOUS
100
AcDbLine
 10
50.3905369999999948
 20
-60.1828829999999968
 30
0
 11
50.4505519999999947
 21
-60.327771999999996
 31
0
  0
LINE
  5
957
330
1B
100
AcDbEntity
  8
F.Cu
  6
CONTINUOUS
100
AcDbLine
 10
50.4505519999999947
 20
-60.327771999999996
 30
0
 11
50.4811479999999975
 21
-60.4815860000000001
 31
0
  0
LINE
  5
958
330
1B
100
AcDbEntity
  8
F.Cu
  6
CONTINUOUS
100
AcDbLine
 10
50.4811479999999975
 20
-60.4815860000000001
 30
0
 11
50.4849999999999994
 21
-60.5599999999999952
 31
0
  0
LINE
  5
959
330
1B
100
AcDbEntity
  8
F.Cu
  6
CONTINUOUS
100
AcDbLine
 10
50.4849999999999994
 20
-60.5599999999999952
 30
0
 11
50.4849999999999994
 21
-61.3599999999999994
 31
0
  0
LINE
  5
95A
330
1B
100
AcDbEntity
  8
F.Cu
  6
CONTINUOUS
100
AcDbLine
 10
50.4849999999999994
 20
-61.3599999999999994
 30
0
 11
50.4811479999999975
 21
-61.4384139999999945
 31
0
  0
LINE
  5
95B
330
1B
100
AcDbEntity
  8
F.Cu
  6
CONTINUOUS
100
AcDbLine
 10
50.4811479999999975
 20
-61.4384139999999945
 30
0
 11
50.4505519999999947
 21
-61.5922279999999986
 31
0
  0
LINE
  5
95C
330
1B
100
AcDbEntity
  8
F.Cu
  6
CONTINUOUS
100
AcDbLine
 10
50.4505519999999947
 20
-61.5922279999999986
 30
0
 11
50.3905369999999948
 21
-61.7371169999999978
 31
0
  0
LINE
  5
95D
330
1B
100
AcDbEntity
  8
F.Cu
  6
CONTINUOUS
100
AcDbLine
 10
50.3905369999999948
 20
-61.7371169999999978
 30
0
 11
50.3034079999999975
 21
-61.8675149999999974
 31
0
  0
LINE
  5
95E
330
1B
100
AcDbEntity
  8
F.Cu
  6
CONTINUOUS
100
AcDbLine
 10
50.3034079999999975
 20
-61.8675149999999974
 30
0
 11
50.1925150000000002
 21
-61.9784079999999946
 31
0
  0
LINE
  5
95F
330
1B
100
AcDbEntity
  8
F.Cu
  6
CONTINUOUS
100
AcDbLine
 10
50.1925150000000002
 20
-61.9784079999999946
 30
0
 11
50.0621170000000006
 21
-62.0655369999999991
 31
0
  0
LINE
  5
960
330
1B
100
AcDbEntity
  8
F.Cu
  6
CONTINUOUS
100
AcDbLine
 10
50.0621170000000006
 20
-62.0655369999999991
 30
0
 11
49.9172279999999944
 21
-62.125551999999999
 31
0
  0
LINE
  5
961
330
1B
100
AcDbEntity
  8
F.Cu
  6
CONTINUOUS
100
AcDbLine
 10
49.9172279999999944
 20
-62.125551999999999
 30
0
 11
49.7634139999999974
 21
-62.1561479999999946
 31
0
  0
LINE
  5
962
330
1B
100
AcDbEntity
  8
F.Cu
  6
CONTINUOUS
100
AcDbLine
 10
49.7634139999999974
 20
-62.1561479999999946
 30
0
 11
49.6065860000000001
 21
-62.1561479999999946
 31
0
  0
LINE
  5
963
330
1B
100
AcDbEntity
  8
F.Cu
  6
CONTINUOUS
100
AcDbLine
 10
49.6065860000000001
 20
-62.1561479999999946
 30
0
 11
49.452771999999996
 21
-62.125551999999999
 31
0
  0
LINE
  5
964
330
1B
100
AcDbEntity
  8
F.Cu
  6
CONTINUOUS
100
AcDbLine
 10
49.452771999999996
 20
-62.125551999999999
 30
0
 11
49.3078829999999968
 21
-62.0655369999999991
 31
0
  0
LINE
  5
965
330
1B
100
AcDbEntity
  8
F.Cu
  6
CONTINUOUS
100
AcDbLine
 10
49.3078829999999968
 20
-62.0655369999999991
 30
0
 11
49.1774849999999972
 21
-61.9784079999999946
 31
0
  0
LINE
  5
966
330
1B
100
AcDbEntity
  8
F.Cu
  6
CONTINUOUS
100
AcDbLine
 10
49.1774849999999972
 20
-61.9784079999999946
 30
0
 11
49.066592
 21
-61.8675149999999974
 31
0
  0
LINE
  5
967
330
1B
100
AcDbEntity
  8
F.Cu
  6
CONTINUOUS
100
AcDbLine
 10
49.066592
 20
-61.8675149999999974
 30
0
 11
48.9794629999999955
 21
-61.7371169999999978
 31
0
  0
LINE
  5
968
330
1B
100
AcDbEntity
  8
F.Cu
  6
CONTINUOUS
100
AcDbLine
 10
48.9794629999999955
 20
-61.7371169999999978
 30
0
 11
48.9194479999999956
 21
-61.5922279999999986
 31
0
  0
LINE
  5
969
330
1B
100
AcDbEntity
  8
F.Cu
  6
CONTINUOUS
100
AcDbLine
 10
48.9194479999999956
 20
-61.5922279999999986
 30
0
 11
48.888852
 21
-61.4384139999999945
 31
0
  0
LINE
  5
96A
330
1B
100
AcDbEntity
  8
F.Cu
  6
CONTINUOUS
100
AcDbLine
 10
48.888852
 20
-61.4384139999999945
 30
0
 11
48.884999999999998
 21
-61.3599999999999994
 31
0
  0
LINE
  5
96B
330
1B
100
AcDbEntity
  8
F.Cu
  6
CONTINUOUS
100
AcDbLine
 10
48.884999999999998
 20
-61.3599999999999994
 30
0
 11
48.884999999999998
 21
-60.5599999999999952
 31
0
  0
LINE
  5
96C
330
1B
100
AcDbEntity
  8
F.Cu
  6
CONTINUOUS
100
AcDbLine
 10
48.884999999999998
 20
-60.5599999999999952
 30
0
 11
48.888852
 21
-60.4815860000000001
 31
0
  0
LINE
  5
96D
330
1B
100
AcDbEntity
  8
F.Cu
  6
CONTINUOUS
100
AcDbLine
 10
48.888852
 20
-60.4815860000000001
 30
0
 11
48.9194479999999956
 21
-60.327771999999996
 31
0
  0
LINE
  5
96E
330
1B
100
AcDbEntity
  8
F.Cu
  6
CONTINUOUS
100
AcDbLine
 10
48.9194479999999956
 20
-60.327771999999996
 30
0
 11
48.9794629999999955
 21
-60.1828829999999968
 31
0
  0
LINE
  5
96F
330
1B
100
AcDbEntity
  8
F.Cu
  6
CONTINUOUS
100
AcDbLine
 10
48.9794629999999955
 20
-60.1828829999999968
 30
0
 11
49.066592
 21
-60.0524849999999972
 31
0
  0
LINE
  5
970
330
1B
100
AcDbEntity
  8
F.Cu
  6
CONTINUOUS
100
AcDbLine
 10
49.066592
 20
-60.0524849999999972
 30
0
 11
49.1774849999999972
 21
-59.941592
 31
0
  0
LINE
  5
971
330
1B
100
AcDbEntity
  8
F.Cu
  6
CONTINUOUS
100
AcDbLine
 10
49.1774849999999972
 20
-59.941592
 30
0
 11
49.3078829999999968
 21
-59.8544629999999955
 31
0
  0
LINE
  5
972
330
1B
100
AcDbEntity
  8
F.Cu
  6
CONTINUOUS
100
AcDbLine
 10
49.3078829999999968
 20
-59.8544629999999955
 30
0
 11
49.452771999999996
 21
-59.7944479999999956
 31
0
  0
LINE
  5
973
330
1B
100
AcDbEntity
  8
F.Cu
  6
CONTINUOUS
100
AcDbLine
 10
49.452771999999996
 20
-59.7944479999999956
 30
0
 11
49.6065860000000001
 21
-59.763852
 31
0
  0
LINE
  5
974
330
1B
100
AcDbEntity
  8
F.Cu
  6
CONTINUOUS
100
AcDbLine
 10
49.6065860000000001
 20
-59.763852
 30
0
 11
49.7634139999999974
 21
-59.763852
 31
0
  0
LINE
  5
975
330
1B
100
AcDbEntity
  8
F.Cu
  6
CONTINUOUS
100
AcDbLine
 10
49.7634139999999974
 20
-59.763852
 30
0
 11
49.9172279999999944
 21
-59.7944479999999956
 31
0
  0
LINE
  5
976
330
1B
100
AcDbEntity
  8
F.Cu
  6
CONTINUOUS
100
AcDbLine
 10
52.4572280000000006
 20
-59.7944479999999956
 30
0
 11
52.6021169999999998
 21
-59.8544629999999955
 31
0
  0
LINE
  5
977
330
1B
100
AcDbEntity
  8
F.Cu
  6
CONTINUOUS
100
AcDbLine
 10
52.6021169999999998
 20
-59.8544629999999955
 30
0
 11
52.7325149999999994
 21
-59.941592
 31
0
  0
LINE
  5
978
330
1B
100
AcDbEntity
  8
F.Cu
  6
CONTINUOUS
100
AcDbLine
 10
52.7325149999999994
 20
-59.941592
 30
0
 11
52.8434079999999966
 21
-60.0524849999999972
 31
0
  0
LINE
  5
979
330
1B
100
AcDbEntity
  8
F.Cu
  6
CONTINUOUS
100
AcDbLine
 10
52.8434079999999966
 20
-60.0524849999999972
 30
0
 11
52.9305370000000011
 21
-60.1828829999999968
 31
0
  0
LINE
  5
97A
330
1B
100
AcDbEntity
  8
F.Cu
  6
CONTINUOUS
100
AcDbLine
 10
52.9305370000000011
 20
-60.1828829999999968
 30
0
 11
52.990552000000001
 21
-60.327771999999996
 31
0
  0
LINE
  5
97B
330
1B
100
AcDbEntity
  8
F.Cu
  6
CONTINUOUS
100
AcDbLine
 10
52.990552000000001
 20
-60.327771999999996
 30
0
 11
53.0211479999999966
 21
-60.4815860000000001
 31
0
  0
LINE
  5
97C
330
1B
100
AcDbEntity
  8
F.Cu
  6
CONTINUOUS
100
AcDbLine
 10
53.0211479999999966
 20
-60.4815860000000001
 30
0
 11
53.0249999999999986
 21
-60.5599999999999952
 31
0
  0
LINE
  5
97D
330
1B
100
AcDbEntity
  8
F.Cu
  6
CONTINUOUS
100
AcDbLine
 10
53.0249999999999986
 20
-60.5599999999999952
 30
0
 11
53.0249999999999986
 21
-61.3599999999999994
 31
0
  0
LINE
  5
97E
330
1B
100
AcDbEntity
  8
F.Cu
  6
CONTINUOUS
100
AcDbLine
 10
53.0249999999999986
 20
-61.3599999999999994
 30
0
 11
53.0211479999999966
 21
-61.4384139999999945
 31
0
  0
LINE
  5
97F
330
1B
100
AcDbEntity
  8
F.Cu
  6
CONTINUOUS
100
AcDbLine
 10
53.0211479999999966
 20
-61.4384139999999945
 30
0
 11
52.990552000000001
 21
-61.5922279999999986
 31
0
  0
LINE
  5
980
330
1B
100
AcDbEntity
  8
F.Cu
  6
CONTINUOUS
100
AcDbLine
 10
52.990552000000001
 20
-61.5922279999999986
 30
0
 11
52.9305370000000011
 21
-61.7371169999999978
 31
0
  0
LINE
  5
981
330
1B
100
AcDbEntity
  8
F.Cu
  6
CONTINUOUS
100
AcDbLine
 10
52.9305370000000011
 20
-61.7371169999999978
 30
0
 11
52.8434079999999966
 21
-61.8675149999999974
 31
0
  0
LINE
  5
982
330
1B
100
AcDbEntity
  8
F.Cu
  6
CONTINUOUS
100
AcDbLine
 10
52.8434079999999966
 20
-61.8675149999999974
 30
0
 11
52.7325149999999994
 21
-61.9784079999999946
 31
0
  0
LINE
  5
983
330
1B
100
AcDbEntity
  8
F.Cu
  6
CONTINUOUS
100
AcDbLine
 10
52.7325149999999994
 20
-61.9784079999999946
 30
0
 11
52.6021169999999998
 21
-62.0655369999999991
 31
0
  0
LINE
  5
984
330
1B
100
AcDbEntity
  8
F.Cu
  6
CONTINUOUS
100
AcDbLine
 10
52.6021169999999998
 20
-62.0655369999999991
 30
0
 11
52.4572280000000006
 21
-62.125551999999999
 31
0
  0
LINE
  5
985
330
1B
100
AcDbEntity
  8
F.Cu
  6
CONTINUOUS
100
AcDbLine
 10
52.4572280000000006
 20
-62.125551999999999
 30
0
 11
52.3034139999999965
 21
-62.1561479999999946
 31
0
  0
LINE
  5
986
330
1B
100
AcDbEntity
  8
F.Cu
  6
CONTINUOUS
100
AcDbLine
 10
52.3034139999999965
 20
-62.1561479999999946
 30
0
 11
52.1465859999999992
 21
-62.1561479999999946
 31
0
  0
LINE
  5
987
330
1B
100
AcDbEntity
  8
F.Cu
  6
CONTINUOUS
100
AcDbLine
 10
52.1465859999999992
 20
-62.1561479999999946
 30
0
 11
51.9927719999999951
 21
-62.125551999999999
 31
0
  0
LINE
  5
988
330
1B
100
AcDbEntity
  8
F.Cu
  6
CONTINUOUS
100
AcDbLine
 10
51.9927719999999951
 20
-62.125551999999999
 30
0
 11
51.8478829999999959
 21
-62.0655369999999991
 31
0
  0
LINE
  5
989
330
1B
100
AcDbEntity
  8
F.Cu
  6
CONTINUOUS
100
AcDbLine
 10
51.8478829999999959
 20
-62.0655369999999991
 30
0
 11
51.7174849999999964
 21
-61.9784079999999946
 31
0
  0
LINE
  5
98A
330
1B
100
AcDbEntity
  8
F.Cu
  6
CONTINUOUS
100
AcDbLine
 10
51.7174849999999964
 20
-61.9784079999999946
 30
0
 11
51.6065919999999991
 21
-61.8675149999999974
 31
0
  0
LINE
  5
98B
330
1B
100
AcDbEntity
  8
F.Cu
  6
CONTINUOUS
100
AcDbLine
 10
51.6065919999999991
 20
-61.8675149999999974
 30
0
 11
51.5194629999999947
 21
-61.7371169999999978
 31
0
  0
LINE
  5
98C
330
1B
100
AcDbEntity
  8
F.Cu
  6
CONTINUOUS
100
AcDbLine
 10
51.5194629999999947
 20
-61.7371169999999978
 30
0
 11
51.4594479999999947
 21
-61.5922279999999986
 31
0
  0
LINE
  5
98D
330
1B
100
AcDbEntity
  8
F.Cu
  6
CONTINUOUS
100
AcDbLine
 10
51.4594479999999947
 20
-61.5922279999999986
 30
0
 11
51.4288519999999991
 21
-61.4384139999999945
 31
0
  0
LINE
  5
98E
330
1B
100
AcDbEntity
  8
F.Cu
  6
CONTINUOUS
100
AcDbLine
 10
51.4288519999999991
 20
-61.4384139999999945
 30
0
 11
51.4249999999999972
 21
-61.3599999999999994
 31
0
  0
LINE
  5
98F
330
1B
100
AcDbEntity
  8
F.Cu
  6
CONTINUOUS
100
AcDbLine
 10
51.4249999999999972
 20
-61.3599999999999994
 30
0
 11
51.4249999999999972
 21
-60.5599999999999952
 31
0
  0
LINE
  5
990
330
1B
100
AcDbEntity
  8
F.Cu
  6
CONTINUOUS
100
AcDbLine
 10
51.4249999999999972
 20
-60.5599999999999952
 30
0
 11
51.4288519999999991
 21
-60.4815860000000001
 31
0
  0
LINE
  5
991
330
1B
100
AcDbEntity
  8
F.Cu
  6
CONTINUOUS
100
AcDbLine
 10
51.4288519999999991
 20
-60.4815860000000001
 30
0
 11
51.4594479999999947
 21
-60.327771999999996
 31
0
  0
LINE
  5
992
330
1B
100
AcDbEntity
  8
F.Cu
  6
CONTINUOUS
100
AcDbLine
 10
51.4594479999999947
 20
-60.327771999999996
 30
0
 11
51.5194629999999947
 21
-60.1828829999999968
 31
0
  0
LINE
  5
993
330
1B
100
AcDbEntity
  8
F.Cu
  6
CONTINUOUS
100
AcDbLine
 10
51.5194629999999947
 20
-60.1828829999999968
 30
0
 11
51.6065919999999991
 21
-60.0524849999999972
 31
0
  0
LINE
  5
994
330
1B
100
AcDbEntity
  8
F.Cu
  6
CONTINUOUS
100
AcDbLine
 10
51.6065919999999991
 20
-60.0524849999999972
 30
0
 11
51.7174849999999964
 21
-59.941592
 31
0
  0
LINE
  5
995
330
1B
100
AcDbEntity
  8
F.Cu
  6
CONTINUOUS
100
AcDbLine
 10
51.7174849999999964
 20
-59.941592
 30
0
 11
51.8478829999999959
 21
-59.8544629999999955
 31
0
  0
LINE
  5
996
330
1B
100
AcDbEntity
  8
F.Cu
  6
CONTINUOUS
100
AcDbLine
 10
51.8478829999999959
 20
-59.8544629999999955
 30
0
 11
51.9927719999999951
 21
-59.7944479999999956
 31
0
  0
LINE
  5
997
330
1B
100
AcDbEntity
  8
F.Cu
  6
CONTINUOUS
100
AcDbLine
 10
51.9927719999999951
 20
-59.7944479999999956
 30
0
 11
52.1465859999999992
 21
-59.763852
 31
0
  0
LINE
  5
998
330
1B
100
AcDbEntity
  8
F.Cu
  6
CONTINUOUS
100
AcDbLine
 10
52.1465859999999992
 20
-59.763852
 30
0
 11
52.3034139999999965
 21
-59.763852
 31
0
  0
LINE
  5
999
330
1B
100
AcDbEntity
  8
F.Cu
  6
CONTINUOUS
100
AcDbLine
 10
52.3034139999999965
 20
-59.763852
 30
0
 11
52.4572280000000006
 21
-59.7944479999999956
 31
0
  0
LINE
  5
99A
330
1B
100
AcDbEntity
  8
F.Cu
  6
CONTINUOUS
100
AcDbLine
 10
54.9972279999999998
 20
-59.7944479999999956
 30
0
 11
55.1421169999999989
 21
-59.8544629999999955
 31
0
  0
LINE
  5
99B
330
1B
100
AcDbEntity
  8
F.Cu
  6
CONTINUOUS
100
AcDbLine
 10
55.1421169999999989
 20
-59.8544629999999955
 30
0
 11
55.2725149999999985
 21
-59.941592
 31
0
  0
LINE
  5
99C
330
1B
100
AcDbEntity
  8
F.Cu
  6
CONTINUOUS
100
AcDbLine
 10
55.2725149999999985
 20
-59.941592
 30
0
 11
55.3834079999999958
 21
-60.0524849999999972
 31
0
  0
LINE
  5
99D
330
1B
100
AcDbEntity
  8
F.Cu
  6
CONTINUOUS
100
AcDbLine
 10
55.3834079999999958
 20
-60.0524849999999972
 30
0
 11
55.4705370000000002
 21
-60.1828829999999968
 31
0
  0
LINE
  5
99E
330
1B
100
AcDbEntity
  8
F.Cu
  6
CONTINUOUS
100
AcDbLine
 10
55.4705370000000002
 20
-60.1828829999999968
 30
0
 11
55.5305520000000001
 21
-60.327771999999996
 31
0
  0
LINE
  5
99F
330
1B
100
AcDbEntity
  8
F.Cu
  6
CONTINUOUS
100
AcDbLine
 10
55.5305520000000001
 20
-60.327771999999996
 30
0
 11
55.5611479999999958
 21
-60.4815860000000001
 31
0
  0
LINE
  5
9A0
330
1B
100
AcDbEntity
  8
F.Cu
  6
CONTINUOUS
100
AcDbLine
 10
55.5611479999999958
 20
-60.4815860000000001
 30
0
 11
55.5649999999999977
 21
-60.5599999999999952
 31
0
  0
LINE
  5
9A1
330
1B
100
AcDbEntity
  8
F.Cu
  6
CONTINUOUS
100
AcDbLine
 10
55.5649999999999977
 20
-60.5599999999999952
 30
0
 11
55.5649999999999977
 21
-61.3599999999999994
 31
0
  0
LINE
  5
9A2
330
1B
100
AcDbEntity
  8
F.Cu
  6
CONTINUOUS
100
AcDbLine
 10
55.5649999999999977
 20
-61.3599999999999994
 30
0
 11
55.5611479999999958
 21
-61.4384139999999945
 31
0
  0
LINE
  5
9A3
330
1B
100
AcDbEntity
  8
F.Cu
  6
CONTINUOUS
100
AcDbLine
 10
55.5611479999999958
 20
-61.4384139999999945
 30
0
 11
55.5305520000000001
 21
-61.5922279999999986
 31
0
  0
LINE
  5
9A4
330
1B
100
AcDbEntity
  8
F.Cu
  6
CONTINUOUS
100
AcDbLine
 10
55.5305520000000001
 20
-61.5922279999999986
 30
0
 11
55.4705370000000002
 21
-61.7371169999999978
 31
0
  0
LINE
  5
9A5
330
1B
100
AcDbEntity
  8
F.Cu
  6
CONTINUOUS
100
AcDbLine
 10
55.4705370000000002
 20
-61.7371169999999978
 30
0
 11
55.3834079999999958
 21
-61.8675149999999974
 31
0
  0
LINE
  5
9A6
330
1B
100
AcDbEntity
  8
F.Cu
  6
CONTINUOUS
100
AcDbLine
 10
55.3834079999999958
 20
-61.8675149999999974
 30
0
 11
55.2725149999999985
 21
-61.9784079999999946
 31
0
  0
LINE
  5
9A7
330
1B
100
AcDbEntity
  8
F.Cu
  6
CONTINUOUS
100
AcDbLine
 10
55.2725149999999985
 20
-61.9784079999999946
 30
0
 11
55.1421169999999989
 21
-62.0655369999999991
 31
0
  0
LINE
  5
9A8
330
1B
100
AcDbEntity
  8
F.Cu
  6
CONTINUOUS
100
AcDbLine
 10
55.1421169999999989
 20
-62.0655369999999991
 30
0
 11
54.9972279999999998
 21
-62.125551999999999
 31
0
  0
LINE
  5
9A9
330
1B
100
AcDbEntity
  8
F.Cu
  6
CONTINUOUS
100
AcDbLine
 10
54.9972279999999998
 20
-62.125551999999999
 30
0
 11
54.8434139999999957
 21
-62.1561479999999946
 31
0
  0
LINE
  5
9AA
330
1B
100
AcDbEntity
  8
F.Cu
  6
CONTINUOUS
100
AcDbLine
 10
54.8434139999999957
 20
-62.1561479999999946
 30
0
 11
54.6865859999999984
 21
-62.1561479999999946
 31
0
  0
LINE
  5
9AB
330
1B
100
AcDbEntity
  8
F.Cu
  6
CONTINUOUS
100
AcDbLine
 10
54.6865859999999984
 20
-62.1561479999999946
 30
0
 11
54.5327719999999943
 21
-62.125551999999999
 31
0
  0
LINE
  5
9AC
330
1B
100
AcDbEntity
  8
F.Cu
  6
CONTINUOUS
100
AcDbLine
 10
54.5327719999999943
 20
-62.125551999999999
 30
0
 11
54.3878829999999951
 21
-62.0655369999999991
 31
0
  0
LINE
  5
9AD
330
1B
100
AcDbEntity
  8
F.Cu
  6
CONTINUOUS
100
AcDbLine
 10
54.3878829999999951
 20
-62.0655369999999991
 30
0
 11
54.2574849999999955
 21
-61.9784079999999946
 31
0
  0
LINE
  5
9AE
330
1B
100
AcDbEntity
  8
F.Cu
  6
CONTINUOUS
100
AcDbLine
 10
54.2574849999999955
 20
-61.9784079999999946
 30
0
 11
54.1465919999999983
 21
-61.8675149999999974
 31
0
  0
LINE
  5
9AF
330
1B
100
AcDbEntity
  8
F.Cu
  6
CONTINUOUS
100
AcDbLine
 10
54.1465919999999983
 20
-61.8675149999999974
 30
0
 11
54.0594630000000009
 21
-61.7371169999999978
 31
0
  0
LINE
  5
9B0
330
1B
100
AcDbEntity
  8
F.Cu
  6
CONTINUOUS
100
AcDbLine
 10
54.0594630000000009
 20
-61.7371169999999978
 30
0
 11
53.999448000000001
 21
-61.5922279999999986
 31
0
  0
LINE
  5
9B1
330
1B
100
AcDbEntity
  8
F.Cu
  6
CONTINUOUS
100
AcDbLine
 10
53.999448000000001
 20
-61.5922279999999986
 30
0
 11
53.9688519999999983
 21
-61.4384139999999945
 31
0
  0
LINE
  5
9B2
330
1B
100
AcDbEntity
  8
F.Cu
  6
CONTINUOUS
100
AcDbLine
 10
53.9688519999999983
 20
-61.4384139999999945
 30
0
 11
53.9649999999999963
 21
-61.3599999999999994
 31
0
  0
LINE
  5
9B3
330
1B
100
AcDbEntity
  8
F.Cu
  6
CONTINUOUS
100
AcDbLine
 10
53.9649999999999963
 20
-61.3599999999999994
 30
0
 11
53.9649999999999963
 21
-60.5599999999999952
 31
0
  0
LINE
  5
9B4
330
1B
100
AcDbEntity
  8
F.Cu
  6
CONTINUOUS
100
AcDbLine
 10
53.9649999999999963
 20
-60.5599999999999952
 30
0
 11
53.9688519999999983
 21
-60.4815860000000001
 31
0
  0
LINE
  5
9B5
330
1B
100
AcDbEntity
  8
F.Cu
  6
CONTINUOUS
100
AcDbLine
 10
53.9688519999999983
 20
-60.4815860000000001
 30
0
 11
53.999448000000001
 21
-60.327771999999996
 31
0
  0
LINE
  5
9B6
330
1B
100
AcDbEntity
  8
F.Cu
  6
CONTINUOUS
100
AcDbLine
 10
53.999448000000001
 20
-60.327771999999996
 30
0
 11
54.0594630000000009
 21
-60.1828829999999968
 31
0
  0
LINE
  5
9B7
330
1B
100
AcDbEntity
  8
F.Cu
  6
CONTINUOUS
100
AcDbLine
 10
54.0594630000000009
 20
-60.1828829999999968
 30
0
 11
54.1465919999999983
 21
-60.0524849999999972
 31
0
  0
LINE
  5
9B8
330
1B
100
AcDbEntity
  8
F.Cu
  6
CONTINUOUS
100
AcDbLine
 10
54.1465919999999983
 20
-60.0524849999999972
 30
0
 11
54.2574849999999955
 21
-59.941592
 31
0
  0
LINE
  5
9B9
330
1B
100
AcDbEntity
  8
F.Cu
  6
CONTINUOUS
100
AcDbLine
 10
54.2574849999999955
 20
-59.941592
 30
0
 11
54.3878829999999951
 21
-59.8544629999999955
 31
0
  0
LINE
  5
9BA
330
1B
100
AcDbEntity
  8
F.Cu
  6
CONTINUOUS
100
AcDbLine
 10
54.3878829999999951
 20
-59.8544629999999955
 30
0
 11
54.5327719999999943
 21
-59.7944479999999956
 31
0
  0
LINE
  5
9BB
330
1B
100
AcDbEntity
  8
F.Cu
  6
CONTINUOUS
100
AcDbLine
 10
54.5327719999999943
 20
-59.7944479999999956
 30
0
 11
54.6865859999999984
 21
-59.763852
 31
0
  0
LINE
  5
9BC
330
1B
100
AcDbEntity
  8
F.Cu
  6
CONTINUOUS
100
AcDbLine
 10
54.6865859999999984
 20
-59.763852
 30
0
 11
54.8434139999999957
 21
-59.763852
 31
0
  0
LINE
  5
9BD
330
1B
100
AcDbEntity
  8
F.Cu
  6
CONTINUOUS
100
AcDbLine
 10
54.8434139999999957
 20
-59.763852
 30
0
 11
54.9972279999999998
 21
-59.7944479999999956
 31
0
  0
LINE
  5
9BE
330
1B
100
AcDbEntity
  8
F.Cu
  6
CONTINUOUS
100
AcDbLine
 10
57.5372279999999989
 20
-59.7944479999999956
 30
0
 11
57.6821169999999981
 21
-59.8544629999999955
 31
0
  0
LINE
  5
9BF
330
1B
100
AcDbEntity
  8
F.Cu
  6
CONTINUOUS
100
AcDbLine
 10
57.6821169999999981
 20
-59.8544629999999955
 30
0
 11
57.8125149999999977
 21
-59.941592
 31
0
  0
LINE
  5
9C0
330
1B
100
AcDbEntity
  8
F.Cu
  6
CONTINUOUS
100
AcDbLine
 10
57.8125149999999977
 20
-59.941592
 30
0
 11
57.9234079999999949
 21
-60.0524849999999972
 31
0
  0
LINE
  5
9C1
330
1B
100
AcDbEntity
  8
F.Cu
  6
CONTINUOUS
100
AcDbLine
 10
57.9234079999999949
 20
-60.0524849999999972
 30
0
 11
58.0105369999999994
 21
-60.1828829999999968
 31
0
  0
LINE
  5
9C2
330
1B
100
AcDbEntity
  8
F.Cu
  6
CONTINUOUS
100
AcDbLine
 10
58.0105369999999994
 20
-60.1828829999999968
 30
0
 11
58.0705519999999993
 21
-60.327771999999996
 31
0
  0
LINE
  5
9C3
330
1B
100
AcDbEntity
  8
F.Cu
  6
CONTINUOUS
100
AcDbLine
 10
58.0705519999999993
 20
-60.327771999999996
 30
0
 11
58.1011479999999949
 21
-60.4815860000000001
 31
0
  0
LINE
  5
9C4
330
1B
100
AcDbEntity
  8
F.Cu
  6
CONTINUOUS
100
AcDbLine
 10
58.1011479999999949
 20
-60.4815860000000001
 30
0
 11
58.1049999999999969
 21
-60.5599999999999952
 31
0
  0
LINE
  5
9C5
330
1B
100
AcDbEntity
  8
F.Cu
  6
CONTINUOUS
100
AcDbLine
 10
58.1049999999999969
 20
-60.5599999999999952
 30
0
 11
58.1049999999999969
 21
-61.3599999999999994
 31
0
  0
LINE
  5
9C6
330
1B
100
AcDbEntity
  8
F.Cu
  6
CONTINUOUS
100
AcDbLine
 10
58.1049999999999969
 20
-61.3599999999999994
 30
0
 11
58.1011479999999949
 21
-61.4384139999999945
 31
0
  0
LINE
  5
9C7
330
1B
100
AcDbEntity
  8
F.Cu
  6
CONTINUOUS
100
AcDbLine
 10
58.1011479999999949
 20
-61.4384139999999945
 30
0
 11
58.0705519999999993
 21
-61.5922279999999986
 31
0
  0
LINE
  5
9C8
330
1B
100
AcDbEntity
  8
F.Cu
  6
CONTINUOUS
100
AcDbLine
 10
58.0705519999999993
 20
-61.5922279999999986
 30
0
 11
58.0105369999999994
 21
-61.7371169999999978
 31
0
  0
LINE
  5
9C9
330
1B
100
AcDbEntity
  8
F.Cu
  6
CONTINUOUS
100
AcDbLine
 10
58.0105369999999994
 20
-61.7371169999999978
 30
0
 11
57.9234079999999949
 21
-61.8675149999999974
 31
0
  0
LINE
  5
9CA
330
1B
100
AcDbEntity
  8
F.Cu
  6
CONTINUOUS
100
AcDbLine
 10
57.9234079999999949
 20
-61.8675149999999974
 30
0
 11
57.8125149999999977
 21
-61.9784079999999946
 31
0
  0
LINE
  5
9CB
330
1B
100
AcDbEntity
  8
F.Cu
  6
CONTINUOUS
100
AcDbLine
 10
57.8125149999999977
 20
-61.9784079999999946
 30
0
 11
57.6821169999999981
 21
-62.0655369999999991
 31
0
  0
LINE
  5
9CC
330
1B
100
AcDbEntity
  8
F.Cu
  6
CONTINUOUS
100
AcDbLine
 10
57.6821169999999981
 20
-62.0655369999999991
 30
0
 11
57.5372279999999989
 21
-62.125551999999999
 31
0
  0
LINE
  5
9CD
330
1B
100
AcDbEntity
  8
F.Cu
  6
CONTINUOUS
100
AcDbLine
 10
57.5372279999999989
 20
-62.125551999999999
 30
0
 11
57.3834139999999948
 21
-62.1561479999999946
 31
0
  0
LINE
  5
9CE
330
1B
100
AcDbEntity
  8
F.Cu
  6
CONTINUOUS
100
AcDbLine
 10
57.3834139999999948
 20
-62.1561479999999946
 30
0
 11
57.2265859999999975
 21
-62.1561479999999946
 31
0
  0
LINE
  5
9CF
330
1B
100
AcDbEntity
  8
F.Cu
  6
CONTINUOUS
100
AcDbLine
 10
57.2265859999999975
 20
-62.1561479999999946
 30
0
 11
57.0727720000000005
 21
-62.125551999999999
 31
0
  0
LINE
  5
9D0
330
1B
100
AcDbEntity
  8
F.Cu
  6
CONTINUOUS
100
AcDbLine
 10
57.0727720000000005
 20
-62.125551999999999
 30
0
 11
56.9278829999999942
 21
-62.0655369999999991
 31
0
  0
LINE
  5
9D1
330
1B
100
AcDbEntity
  8
F.Cu
  6
CONTINUOUS
100
AcDbLine
 10
56.9278829999999942
 20
-62.0655369999999991
 30
0
 11
56.7974849999999947
 21
-61.9784079999999946
 31
0
  0
LINE
  5
9D2
330
1B
100
AcDbEntity
  8
F.Cu
  6
CONTINUOUS
100
AcDbLine
 10
56.7974849999999947
 20
-61.9784079999999946
 30
0
 11
56.6865919999999974
 21
-61.8675149999999974
 31
0
  0
LINE
  5
9D3
330
1B
100
AcDbEntity
  8
F.Cu
  6
CONTINUOUS
100
AcDbLine
 10
56.6865919999999974
 20
-61.8675149999999974
 30
0
 11
56.5994630000000001
 21
-61.7371169999999978
 31
0
  0
LINE
  5
9D4
330
1B
100
AcDbEntity
  8
F.Cu
  6
CONTINUOUS
100
AcDbLine
 10
56.5994630000000001
 20
-61.7371169999999978
 30
0
 11
56.5394480000000001
 21
-61.5922279999999986
 31
0
  0
LINE
  5
9D5
330
1B
100
AcDbEntity
  8
F.Cu
  6
CONTINUOUS
100
AcDbLine
 10
56.5394480000000001
 20
-61.5922279999999986
 30
0
 11
56.5088519999999974
 21
-61.4384139999999945
 31
0
  0
LINE
  5
9D6
330
1B
100
AcDbEntity
  8
F.Cu
  6
CONTINUOUS
100
AcDbLine
 10
56.5088519999999974
 20
-61.4384139999999945
 30
0
 11
56.5049999999999955
 21
-61.3599999999999994
 31
0
  0
LINE
  5
9D7
330
1B
100
AcDbEntity
  8
F.Cu
  6
CONTINUOUS
100
AcDbLine
 10
56.5049999999999955
 20
-61.3599999999999994
 30
0
 11
56.5049999999999955
 21
-60.5599999999999952
 31
0
  0
LINE
  5
9D8
330
1B
100
AcDbEntity
  8
F.Cu
  6
CONTINUOUS
100
AcDbLine
 10
56.5049999999999955
 20
-60.5599999999999952
 30
0
 11
56.5088519999999974
 21
-60.4815860000000001
 31
0
  0
LINE
  5
9D9
330
1B
100
AcDbEntity
  8
F.Cu
  6
CONTINUOUS
100
AcDbLine
 10
56.5088519999999974
 20
-60.4815860000000001
 30
0
 11
56.5394480000000001
 21
-60.327771999999996
 31
0
  0
LINE
  5
9DA
330
1B
100
AcDbEntity
  8
F.Cu
  6
CONTINUOUS
100
AcDbLine
 10
56.5394480000000001
 20
-60.327771999999996
 30
0
 11
56.5994630000000001
 21
-60.1828829999999968
 31
0
  0
LINE
  5
9DB
330
1B
100
AcDbEntity
  8
F.Cu
  6
CONTINUOUS
100
AcDbLine
 10
56.5994630000000001
 20
-60.1828829999999968
 30
0
 11
56.6865919999999974
 21
-60.0524849999999972
 31
0
  0
LINE
  5
9DC
330
1B
100
AcDbEntity
  8
F.Cu
  6
CONTINUOUS
100
AcDbLine
 10
56.6865919999999974
 20
-60.0524849999999972
 30
0
 11
56.7974849999999947
 21
-59.941592
 31
0
  0
LINE
  5
9DD
330
1B
100
AcDbEntity
  8
F.Cu
  6
CONTINUOUS
100
AcDbLine
 10
56.7974849999999947
 20
-59.941592
 30
0
 11
56.9278829999999942
 21
-59.8544629999999955
 31
0
  0
LINE
  5
9DE
330
1B
100
AcDbEntity
  8
F.Cu
  6
CONTINUOUS
100
AcDbLine
 10
56.9278829999999942
 20
-59.8544629999999955
 30
0
 11
57.0727720000000005
 21
-59.7944479999999956
 31
0
  0
LINE
  5
9DF
330
1B
100
AcDbEntity
  8
F.Cu
  6
CONTINUOUS
100
AcDbLine
 10
57.0727720000000005
 20
-59.7944479999999956
 30
0
 11
57.2265859999999975
 21
-59.763852
 31
0
  0
LINE
  5
9E0
330
1B
100
AcDbEntity
  8
F.Cu
  6
CONTINUOUS
100
AcDbLine
 10
57.2265859999999975
 20
-59.763852
 30
0
 11
57.3834139999999948
 21
-59.763852
 31
0
  0
LINE
  5
9E1
330
1B
100
AcDbEntity
  8
F.Cu
  6
CONTINUOUS
100
AcDbLine
 10
57.3834139999999948
 20
-59.763852
 30
0
 11
57.5372279999999989
 21
-59.7944479999999956
 31
0
  0
LINE
  5
9E2
330
1B
100
AcDbEntity
  8
F.Cu
  6
CONTINUOUS
100
AcDbLine
 10
60.0772279999999981
 20
-59.7944479999999956
 30
0
 11
60.2221169999999972
 21
-59.8544629999999955
 31
0
  0
LINE
  5
9E3
330
1B
100
AcDbEntity
  8
F.Cu
  6
CONTINUOUS
100
AcDbLine
 10
60.2221169999999972
 20
-59.8544629999999955
 30
0
 11
60.3525149999999968
 21
-59.941592
 31
0
  0
LINE
  5
9E4
330
1B
100
AcDbEntity
  8
F.Cu
  6
CONTINUOUS
100
AcDbLine
 10
60.3525149999999968
 20
-59.941592
 30
0
 11
60.463407999999994
 21
-60.0524849999999972
 31
0
  0
LINE
  5
9E5
330
1B
100
AcDbEntity
  8
F.Cu
  6
CONTINUOUS
100
AcDbLine
 10
60.463407999999994
 20
-60.0524849999999972
 30
0
 11
60.5505369999999985
 21
-60.1828829999999968
 31
0
  0
LINE
  5
9E6
330
1B
100
AcDbEntity
  8
F.Cu
  6
CONTINUOUS
100
AcDbLine
 10
60.5505369999999985
 20
-60.1828829999999968
 30
0
 11
60.6105519999999984
 21
-60.327771999999996
 31
0
  0
LINE
  5
9E7
330
1B
100
AcDbEntity
  8
F.Cu
  6
CONTINUOUS
100
AcDbLine
 10
60.6105519999999984
 20
-60.327771999999996
 30
0
 11
60.6411479999999941
 21
-60.4815860000000001
 31
0
  0
LINE
  5
9E8
330
1B
100
AcDbEntity
  8
F.Cu
  6
CONTINUOUS
100
AcDbLine
 10
60.6411479999999941
 20
-60.4815860000000001
 30
0
 11
60.644999999999996
 21
-60.5599999999999952
 31
0
  0
LINE
  5
9E9
330
1B
100
AcDbEntity
  8
F.Cu
  6
CONTINUOUS
100
AcDbLine
 10
60.644999999999996
 20
-60.5599999999999952
 30
0
 11
60.644999999999996
 21
-61.3599999999999994
 31
0
  0
LINE
  5
9EA
330
1B
100
AcDbEntity
  8
F.Cu
  6
CONTINUOUS
100
AcDbLine
 10
60.644999999999996
 20
-61.3599999999999994
 30
0
 11
60.6411479999999941
 21
-61.4384139999999945
 31
0
  0
LINE
  5
9EB
330
1B
100
AcDbEntity
  8
F.Cu
  6
CONTINUOUS
100
AcDbLine
 10
60.6411479999999941
 20
-61.4384139999999945
 30
0
 11
60.6105519999999984
 21
-61.5922279999999986
 31
0
  0
LINE
  5
9EC
330
1B
100
AcDbEntity
  8
F.Cu
  6
CONTINUOUS
100
AcDbLine
 10
60.6105519999999984
 20
-61.5922279999999986
 30
0
 11
60.5505369999999985
 21
-61.7371169999999978
 31
0
  0
LINE
  5
9ED
330
1B
100
AcDbEntity
  8
F.Cu
  6
CONTINUOUS
100
AcDbLine
 10
60.5505369999999985
 20
-61.7371169999999978
 30
0
 11
60.463407999999994
 21
-61.8675149999999974
 31
0
  0
LINE
  5
9EE
330
1B
100
AcDbEntity
  8
F.Cu
  6
CONTINUOUS
100
AcDbLine
 10
60.463407999999994
 20
-61.8675149999999974
 30
0
 11
60.3525149999999968
 21
-61.9784079999999946
 31
0
  0
LINE
  5
9EF
330
1B
100
AcDbEntity
  8
F.Cu
  6
CONTINUOUS
100
AcDbLine
 10
60.3525149999999968
 20
-61.9784079999999946
 30
0
 11
60.2221169999999972
 21
-62.0655369999999991
 31
0
  0
LINE
  5
9F0
330
1B
100
AcDbEntity
  8
F.Cu
  6
CONTINUOUS
100
AcDbLine
 10
60.2221169999999972
 20
-62.0655369999999991
 30
0
 11
60.0772279999999981
 21
-62.125551999999999
 31
0
  0
LINE
  5
9F1
330
1B
100
AcDbEntity
  8
F.Cu
  6
CONTINUOUS
100
AcDbLine
 10
60.0772279999999981
 20
-62.125551999999999
 30
0
 11
59.923413999999994
 21
-62.1561479999999946
 31
0
  0
LINE
  5
9F2
330
1B
100
AcDbEntity
  8
F.Cu
  6
CONTINUOUS
100
AcDbLine
 10
59.923413999999994
 20
-62.1561479999999946
 30
0
 11
59.7665859999999967
 21
-62.1561479999999946
 31
0
  0
LINE
  5
9F3
330
1B
100
AcDbEntity
  8
F.Cu
  6
CONTINUOUS
100
AcDbLine
 10
59.7665859999999967
 20
-62.1561479999999946
 30
0
 11
59.6127719999999997
 21
-62.125551999999999
 31
0
  0
LINE
  5
9F4
330
1B
100
AcDbEntity
  8
F.Cu
  6
CONTINUOUS
100
AcDbLine
 10
59.6127719999999997
 20
-62.125551999999999
 30
0
 11
59.4678830000000005
 21
-62.0655369999999991
 31
0
  0
LINE
  5
9F5
330
1B
100
AcDbEntity
  8
F.Cu
  6
CONTINUOUS
100
AcDbLine
 10
59.4678830000000005
 20
-62.0655369999999991
 30
0
 11
59.3374849999999938
 21
-61.9784079999999946
 31
0
  0
LINE
  5
9F6
330
1B
100
AcDbEntity
  8
F.Cu
  6
CONTINUOUS
100
AcDbLine
 10
59.3374849999999938
 20
-61.9784079999999946
 30
0
 11
59.2265919999999966
 21
-61.8675149999999974
 31
0
  0
LINE
  5
9F7
330
1B
100
AcDbEntity
  8
F.Cu
  6
CONTINUOUS
100
AcDbLine
 10
59.2265919999999966
 20
-61.8675149999999974
 30
0
 11
59.1394629999999992
 21
-61.7371169999999978
 31
0
  0
LINE
  5
9F8
330
1B
100
AcDbEntity
  8
F.Cu
  6
CONTINUOUS
100
AcDbLine
 10
59.1394629999999992
 20
-61.7371169999999978
 30
0
 11
59.0794479999999993
 21
-61.5922279999999986
 31
0
  0
LINE
  5
9F9
330
1B
100
AcDbEntity
  8
F.Cu
  6
CONTINUOUS
100
AcDbLine
 10
59.0794479999999993
 20
-61.5922279999999986
 30
0
 11
59.0488519999999966
 21
-61.4384139999999945
 31
0
  0
LINE
  5
9FA
330
1B
100
AcDbEntity
  8
F.Cu
  6
CONTINUOUS
100
AcDbLine
 10
59.0488519999999966
 20
-61.4384139999999945
 30
0
 11
59.0449999999999946
 21
-61.3599999999999994
 31
0
  0
LINE
  5
9FB
330
1B
100
AcDbEntity
  8
F.Cu
  6
CONTINUOUS
100
AcDbLine
 10
59.0449999999999946
 20
-61.3599999999999994
 30
0
 11
59.0449999999999946
 21
-60.5599999999999952
 31
0
  0
LINE
  5
9FC
330
1B
100
AcDbEntity
  8
F.Cu
  6
CONTINUOUS
100
AcDbLine
 10
59.0449999999999946
 20
-60.5599999999999952
 30
0
 11
59.0488519999999966
 21
-60.4815860000000001
 31
0
  0
LINE
  5
9FD
330
1B
100
AcDbEntity
  8
F.Cu
  6
CONTINUOUS
100
AcDbLine
 10
59.0488519999999966
 20
-60.4815860000000001
 30
0
 11
59.0794479999999993
 21
-60.327771999999996
 31
0
  0
LINE
  5
9FE
330
1B
100
AcDbEntity
  8
F.Cu
  6
CONTINUOUS
100
AcDbLine
 10
59.0794479999999993
 20
-60.327771999999996
 30
0
 11
59.1394629999999992
 21
-60.1828829999999968
 31
0
  0
LINE
  5
9FF
330
1B
100
AcDbEntity
  8
F.Cu
  6
CONTINUOUS
100
AcDbLine
 10
59.1394629999999992
 20
-60.1828829999999968
 30
0
 11
59.2265919999999966
 21
-60.0524849999999972
 31
0
  0
LINE
  5
A00
330
1B
100
AcDbEntity
  8
F.Cu
  6
CONTINUOUS
100
AcDbLine
 10
59.2265919999999966
 20
-60.0524849999999972
 30
0
 11
59.3374849999999938
 21
-59.941592
 31
0
  0
LINE
  5
A01
330
1B
100
AcDbEntity
  8
F.Cu
  6
CONTINUOUS
100
AcDbLine
 10
59.3374849999999938
 20
-59.941592
 30
0
 11
59.4678830000000005
 21
-59.8544629999999955
 31
0
  0
LINE
  5
A02
330
1B
100
AcDbEntity
  8
F.Cu
  6
CONTINUOUS
100
AcDbLine
 10
59.4678830000000005
 20
-59.8544629999999955
 30
0
 11
59.6127719999999997
 21
-59.7944479999999956
 31
0
  0
LINE
  5
A03
330
1B
100
AcDbEntity
  8
F.Cu
  6
CONTINUOUS
100
AcDbLine
 10
59.6127719999999997
 20
-59.7944479999999956
 30
0
 11
59.7665859999999967
 21
-59.763852
 31
0
  0
LINE
  5
A04
330
1B
100
AcDbEntity
  8
F.Cu
  6
CONTINUOUS
100
AcDbLine
 10
59.7665859999999967
 20
-59.763852
 30
0
 11
59.923413999999994
 21
-59.763852
 31
0
  0
LINE
  5
A05
330
1B
100
AcDbEntity
  8
F.Cu
  6
CONTINUOUS
100
AcDbLine
 10
59.923413999999994
 20
-59.763852
 30
0
 11
60.0772279999999981
 21
-59.7944479999999956
 31
0
  0
LINE
  5
A06
330
1B
100
AcDbEntity
  8
F.Cu
  6
CONTINUOUS
100
AcDbLine
 10
86.761256000000003
 20
-52.1387539999999987
 30
0
 11
86.9242569999999972
 21
-52.206271000000001
 31
0
  0
LINE
  5
A07
330
1B
100
AcDbEntity
  8
F.Cu
  6
CONTINUOUS
100
AcDbLine
 10
86.9242569999999972
 20
-52.206271000000001
 30
0
 11
87.0709540000000004
 21
-52.3042909999999992
 31
0
  0
LINE
  5
A08
330
1B
100
AcDbEntity
  8
F.Cu
  6
CONTINUOUS
100
AcDbLine
 10
87.0709540000000004
 20
-52.3042909999999992
 30
0
 11
87.1957089999999937
 21
-52.4290459999999996
 31
0
  0
LINE
  5
A09
330
1B
100
AcDbEntity
  8
F.Cu
  6
CONTINUOUS
100
AcDbLine
 10
87.1957089999999937
 20
-52.4290459999999996
 30
0
 11
87.243118999999993
 21
-52.5
 31
0
  0
LINE
  5
A0A
330
1B
100
AcDbEntity
  8
F.Cu
  6
CONTINUOUS
100
AcDbLine
 10
87.243118999999993
 20
-52.5
 30
0
 11
99.5
 21
-52.5
 31
0
  0
LINE
  5
A0B
330
1B
100
AcDbEntity
  8
F.Cu
  6
CONTINUOUS
100
AcDbLine
 10
99.5
 20
-52.5
 30
0
 11
99.5652479999999969
 21
-52.5042769999999948
 31
0
  0
LINE
  5
A0C
330
1B
100
AcDbEntity
  8
F.Cu
  6
CONTINUOUS
100
AcDbLine
 10
99.5652479999999969
 20
-52.5042769999999948
 30
0
 11
99.5652630000000016
 21
-52.5042769999999948
 31
0
  0
LINE
  5
A0D
330
1B
100
AcDbEntity
  8
F.Cu
  6
CONTINUOUS
100
AcDbLine
 10
99.5652630000000016
 20
-52.5042769999999948
 30
0
 11
99.6913419999999917
 21
-52.5380599999999944
 31
0
  0
LINE
  5
A0E
330
1B
100
AcDbEntity
  8
F.Cu
  6
CONTINUOUS
100
AcDbLine
 10
99.6913419999999917
 20
-52.5380599999999944
 30
0
 11
99.8043809999999922
 21
-52.6033229999999961
 31
0
  0
LINE
  5
A0F
330
1B
100
AcDbEntity
  8
F.Cu
  6
CONTINUOUS
100
AcDbLine
 10
99.8043809999999922
 20
-52.6033229999999961
 30
0
 11
99.804395999999997
 21
-52.6033380000000008
 31
0
  0
LINE
  5
A10
330
1B
100
AcDbEntity
  8
F.Cu
  6
CONTINUOUS
100
AcDbLine
 10
99.804395999999997
 20
-52.6033380000000008
 30
0
 11
99.8535529999999909
 21
-52.6464469999999949
 31
0
  0
LINE
  5
A11
330
1B
100
AcDbEntity
  8
F.Cu
  6
CONTINUOUS
100
AcDbLine
 10
99.8535529999999909
 20
-52.6464469999999949
 30
0
 11
104.5060539999999918
 21
-57.2989469999999983
 31
0
  0
LINE
  5
A12
330
1B
100
AcDbEntity
  8
F.Cu
  6
CONTINUOUS
100
AcDbLine
 10
104.5060539999999918
 20
-57.2989469999999983
 30
0
 11
104.549168999999992
 21
-57.3481109999999958
 31
0
  0
LINE
  5
A13
330
1B
100
AcDbEntity
  8
F.Cu
  6
CONTINUOUS
100
AcDbLine
 10
104.549168999999992
 20
-57.3481109999999958
 30
0
 11
104.5491770000000002
 21
-57.348118999999997
 31
0
  0
LINE
  5
A14
330
1B
100
AcDbEntity
  8
F.Cu
  6
CONTINUOUS
100
AcDbLine
 10
104.5491770000000002
 20
-57.348118999999997
 30
0
 11
104.6144400000000019
 21
-57.4611579999999975
 31
0
  0
LINE
  5
A15
330
1B
100
AcDbEntity
  8
F.Cu
  6
CONTINUOUS
100
AcDbLine
 10
104.6144400000000019
 20
-57.4611579999999975
 30
0
 11
104.6144400000000019
 21
-57.461158999999995
 31
0
  0
LINE
  5
A16
330
1B
100
AcDbEntity
  8
F.Cu
  6
CONTINUOUS
100
AcDbLine
 10
104.6144400000000019
 20
-57.461158999999995
 30
0
 11
104.6482230000000015
 21
-57.5872369999999947
 31
0
  0
LINE
  5
A17
330
1B
100
AcDbEntity
  8
F.Cu
  6
CONTINUOUS
100
AcDbLine
 10
104.6482230000000015
 20
-57.5872369999999947
 30
0
 11
104.6482230000000015
 21
-57.5872519999999994
 31
0
  0
LINE
  5
A18
330
1B
100
AcDbEntity
  8
F.Cu
  6
CONTINUOUS
100
AcDbLine
 10
104.6482230000000015
 20
-57.5872519999999994
 30
0
 11
104.6524999999999892
 21
-57.6524999999999963
 31
0
  0
LINE
  5
A19
330
1B
100
AcDbEntity
  8
F.Cu
  6
CONTINUOUS
100
AcDbLine
 10
104.6524999999999892
 20
-57.6524999999999963
 30
0
 11
104.6524999999999892
 21
-59.1241629999999958
 31
0
  0
LINE
  5
A1A
330
1B
100
AcDbEntity
  8
F.Cu
  6
CONTINUOUS
100
AcDbLine
 10
104.6524999999999892
 20
-59.1241629999999958
 30
0
 11
105.6483369999999979
 21
-60.1199999999999974
 31
0
  0
LINE
  5
A1B
330
1B
100
AcDbEntity
  8
F.Cu
  6
CONTINUOUS
100
AcDbLine
 10
105.6483369999999979
 20
-60.1199999999999974
 30
0
 11
106.2394889999999918
 21
-60.1199999999999974
 31
0
  0
LINE
  5
A1C
330
1B
100
AcDbEntity
  8
F.Cu
  6
CONTINUOUS
100
AcDbLine
 10
106.2394889999999918
 20
-60.1199999999999974
 30
0
 11
106.2691849999999931
 21
-60.1140929999999969
 31
0
  0
LINE
  5
A1D
330
1B
100
AcDbEntity
  8
F.Cu
  6
CONTINUOUS
100
AcDbLine
 10
106.2691849999999931
 20
-60.1140929999999969
 30
0
 11
106.435814999999991
 21
-60.1140929999999969
 31
0
  0
LINE
  5
A1E
330
1B
100
AcDbEntity
  8
F.Cu
  6
CONTINUOUS
100
AcDbLine
 10
106.435814999999991
 20
-60.1140929999999969
 30
0
 11
106.4655109999999922
 21
-60.1199999999999974
 31
0
  0
LINE
  5
A1F
330
1B
100
AcDbEntity
  8
F.Cu
  6
CONTINUOUS
100
AcDbLine
 10
106.4655109999999922
 20
-60.1199999999999974
 30
0
 11
107.1199999999999903
 21
-60.1199999999999974
 31
0
  0
LINE
  5
A20
330
1B
100
AcDbEntity
  8
F.Cu
  6
CONTINUOUS
100
AcDbLine
 10
107.1199999999999903
 20
-60.1199999999999974
 30
0
 11
107.1852480000000014
 21
-60.1242769999999993
 31
0
  0
LINE
  5
A21
330
1B
100
AcDbEntity
  8
F.Cu
  6
CONTINUOUS
100
AcDbLine
 10
107.1852480000000014
 20
-60.1242769999999993
 30
0
 11
107.185262999999992
 21
-60.1242769999999993
 31
0
  0
LINE
  5
A22
330
1B
100
AcDbEntity
  8
F.Cu
  6
CONTINUOUS
100
AcDbLine
 10
107.185262999999992
 20
-60.1242769999999993
 30
0
 11
107.3113419999999962
 21
-60.158059999999999
 31
0
  0
LINE
  5
A23
330
1B
100
AcDbEntity
  8
F.Cu
  6
CONTINUOUS
100
AcDbLine
 10
107.3113419999999962
 20
-60.158059999999999
 30
0
 11
107.4243809999999968
 21
-60.2233230000000006
 31
0
  0
LINE
  5
A24
330
1B
100
AcDbEntity
  8
F.Cu
  6
CONTINUOUS
100
AcDbLine
 10
107.4243809999999968
 20
-60.2233230000000006
 30
0
 11
107.4243960000000015
 21
-60.2233379999999983
 31
0
  0
LINE
  5
A25
330
1B
100
AcDbEntity
  8
F.Cu
  6
CONTINUOUS
100
AcDbLine
 10
107.4243960000000015
 20
-60.2233379999999983
 30
0
 11
107.4735529999999954
 21
-60.2664469999999994
 31
0
  0
LINE
  5
A26
330
1B
100
AcDbEntity
  8
F.Cu
  6
CONTINUOUS
100
AcDbLine
 10
107.4735529999999954
 20
-60.2664469999999994
 30
0
 11
107.707105999999996
 21
-60.5
 31
0
  0
LINE
  5
A27
330
1B
100
AcDbEntity
  8
F.Cu
  6
CONTINUOUS
100
AcDbLine
 10
107.707105999999996
 20
-60.5
 30
0
 11
110.2568809999999928
 21
-60.5
 31
0
  0
LINE
  5
A28
330
1B
100
AcDbEntity
  8
F.Cu
  6
CONTINUOUS
100
AcDbLine
 10
110.2568809999999928
 20
-60.5
 30
0
 11
110.3042909999999921
 21
-60.4290459999999996
 31
0
  0
LINE
  5
A29
330
1B
100
AcDbEntity
  8
F.Cu
  6
CONTINUOUS
100
AcDbLine
 10
110.3042909999999921
 20
-60.4290459999999996
 30
0
 11
110.4290459999999996
 21
-60.3042909999999992
 31
0
  0
LINE
  5
A2A
330
1B
100
AcDbEntity
  8
F.Cu
  6
CONTINUOUS
100
AcDbLine
 10
110.4290459999999996
 20
-60.3042909999999992
 30
0
 11
110.5757429999999886
 21
-60.2062709999999939
 31
0
  0
LINE
  5
A2B
330
1B
100
AcDbEntity
  8
F.Cu
  6
CONTINUOUS
100
AcDbLine
 10
110.5757429999999886
 20
-60.2062709999999939
 30
0
 11
110.738743999999997
 21
-60.1387539999999987
 31
0
  0
LINE
  5
A2C
330
1B
100
AcDbEntity
  8
F.Cu
  6
CONTINUOUS
100
AcDbLine
 10
110.738743999999997
 20
-60.1387539999999987
 30
0
 11
110.9117849999999947
 21
-60.1043339999999944
 31
0
  0
LINE
  5
A2D
330
1B
100
AcDbEntity
  8
F.Cu
  6
CONTINUOUS
100
AcDbLine
 10
110.9117849999999947
 20
-60.1043339999999944
 30
0
 11
111.0882149999999911
 21
-60.1043339999999944
 31
0
  0
LINE
  5
A2E
330
1B
100
AcDbEntity
  8
F.Cu
  6
CONTINUOUS
100
AcDbLine
 10
111.0882149999999911
 20
-60.1043339999999944
 30
0
 11
111.2612559999999888
 21
-60.1387539999999987
 31
0
  0
LINE
  5
A2F
330
1B
100
AcDbEntity
  8
F.Cu
  6
CONTINUOUS
100
AcDbLine
 10
111.2612559999999888
 20
-60.1387539999999987
 30
0
 11
111.4242569999999972
 21
-60.2062709999999939
 31
0
  0
LINE
  5
A30
330
1B
100
AcDbEntity
  8
F.Cu
  6
CONTINUOUS
100
AcDbLine
 10
111.4242569999999972
 20
-60.2062709999999939
 30
0
 11
111.5709540000000004
 21
-60.3042909999999992
 31
0
  0
LINE
  5
A31
330
1B
100
AcDbEntity
  8
F.Cu
  6
CONTINUOUS
100
AcDbLine
 10
111.5709540000000004
 20
-60.3042909999999992
 30
0
 11
111.6957089999999937
 21
-60.4290459999999996
 31
0
  0
LINE
  5
A32
330
1B
100
AcDbEntity
  8
F.Cu
  6
CONTINUOUS
100
AcDbLine
 10
111.6957089999999937
 20
-60.4290459999999996
 30
0
 11
111.793728999999999
 21
-60.5757429999999957
 31
0
  0
LINE
  5
A33
330
1B
100
AcDbEntity
  8
F.Cu
  6
CONTINUOUS
100
AcDbLine
 10
111.793728999999999
 20
-60.5757429999999957
 30
0
 11
111.8612459999999942
 21
-60.738743999999997
 31
0
  0
LINE
  5
A34
330
1B
100
AcDbEntity
  8
F.Cu
  6
CONTINUOUS
100
AcDbLine
 10
111.8612459999999942
 20
-60.738743999999997
 30
0
 11
111.8956659999999914
 21
-60.9117849999999947
 31
0
  0
LINE
  5
A35
330
1B
100
AcDbEntity
  8
F.Cu
  6
CONTINUOUS
100
AcDbLine
 10
111.8956659999999914
 20
-60.9117849999999947
 30
0
 11
111.8956659999999914
 21
-61.0882149999999982
 31
0
  0
LINE
  5
A36
330
1B
100
AcDbEntity
  8
F.Cu
  6
CONTINUOUS
100
AcDbLine
 10
111.8956659999999914
 20
-61.0882149999999982
 30
0
 11
111.8612459999999942
 21
-61.2612559999999959
 31
0
  0
LINE
  5
A37
330
1B
100
AcDbEntity
  8
F.Cu
  6
CONTINUOUS
100
AcDbLine
 10
111.8612459999999942
 20
-61.2612559999999959
 30
0
 11
111.793728999999999
 21
-61.4242569999999972
 31
0
  0
LINE
  5
A38
330
1B
100
AcDbEntity
  8
F.Cu
  6
CONTINUOUS
100
AcDbLine
 10
111.793728999999999
 20
-61.4242569999999972
 30
0
 11
111.6957089999999937
 21
-61.5709540000000004
 31
0
  0
LINE
  5
A39
330
1B
100
AcDbEntity
  8
F.Cu
  6
CONTINUOUS
100
AcDbLine
 10
111.6957089999999937
 20
-61.5709540000000004
 30
0
 11
111.5709540000000004
 21
-61.6957089999999937
 31
0
  0
LINE
  5
A3A
330
1B
100
AcDbEntity
  8
F.Cu
  6
CONTINUOUS
100
AcDbLine
 10
111.5709540000000004
 20
-61.6957089999999937
 30
0
 11
111.4242569999999972
 21
-61.793728999999999
 31
0
  0
LINE
  5
A3B
330
1B
100
AcDbEntity
  8
F.Cu
  6
CONTINUOUS
100
AcDbLine
 10
111.4242569999999972
 20
-61.793728999999999
 30
0
 11
111.2612559999999888
 21
-61.8612459999999942
 31
0
  0
LINE
  5
A3C
330
1B
100
AcDbEntity
  8
F.Cu
  6
CONTINUOUS
100
AcDbLine
 10
111.2612559999999888
 20
-61.8612459999999942
 30
0
 11
111.0882149999999911
 21
-61.8956659999999985
 31
0
  0
LINE
  5
A3D
330
1B
100
AcDbEntity
  8
F.Cu
  6
CONTINUOUS
100
AcDbLine
 10
111.0882149999999911
 20
-61.8956659999999985
 30
0
 11
110.9117849999999947
 21
-61.8956659999999985
 31
0
  0
LINE
  5
A3E
330
1B
100
AcDbEntity
  8
F.Cu
  6
CONTINUOUS
100
AcDbLine
 10
110.9117849999999947
 20
-61.8956659999999985
 30
0
 11
110.738743999999997
 21
-61.8612459999999942
 31
0
  0
LINE
  5
A3F
330
1B
100
AcDbEntity
  8
F.Cu
  6
CONTINUOUS
100
AcDbLine
 10
110.738743999999997
 20
-61.8612459999999942
 30
0
 11
110.5757429999999886
 21
-61.793728999999999
 31
0
  0
LINE
  5
A40
330
1B
100
AcDbEntity
  8
F.Cu
  6
CONTINUOUS
100
AcDbLine
 10
110.5757429999999886
 20
-61.793728999999999
 30
0
 11
110.4290459999999996
 21
-61.6957089999999937
 31
0
  0
LINE
  5
A41
330
1B
100
AcDbEntity
  8
F.Cu
  6
CONTINUOUS
100
AcDbLine
 10
110.4290459999999996
 20
-61.6957089999999937
 30
0
 11
110.3042909999999921
 21
-61.5709540000000004
 31
0
  0
LINE
  5
A42
330
1B
100
AcDbEntity
  8
F.Cu
  6
CONTINUOUS
100
AcDbLine
 10
110.3042909999999921
 20
-61.5709540000000004
 30
0
 11
110.2568809999999928
 21
-61.5
 31
0
  0
LINE
  5
A43
330
1B
100
AcDbEntity
  8
F.Cu
  6
CONTINUOUS
100
AcDbLine
 10
110.2568809999999928
 20
-61.5
 30
0
 11
107.5
 21
-61.5
 31
0
  0
LINE
  5
A44
330
1B
100
AcDbEntity
  8
F.Cu
  6
CONTINUOUS
100
AcDbLine
 10
107.5
 20
-61.5
 30
0
 11
107.4347519999999889
 21
-61.4957229999999981
 31
0
  0
LINE
  5
A45
330
1B
100
AcDbEntity
  8
F.Cu
  6
CONTINUOUS
100
AcDbLine
 10
107.4347519999999889
 20
-61.4957229999999981
 30
0
 11
107.4347369999999984
 21
-61.4957229999999981
 31
0
  0
LINE
  5
A46
330
1B
100
AcDbEntity
  8
F.Cu
  6
CONTINUOUS
100
AcDbLine
 10
107.4347369999999984
 20
-61.4957229999999981
 30
0
 11
107.3086579999999941
 21
-61.4619399999999985
 31
0
  0
LINE
  5
A47
330
1B
100
AcDbEntity
  8
F.Cu
  6
CONTINUOUS
100
AcDbLine
 10
107.3086579999999941
 20
-61.4619399999999985
 30
0
 11
107.2679100000000005
 21
-61.4384139999999945
 31
0
  0
LINE
  5
A48
330
1B
100
AcDbEntity
  8
F.Cu
  6
CONTINUOUS
100
AcDbLine
 10
107.2679100000000005
 20
-61.4384139999999945
 30
0
 11
107.1956189999999935
 21
-61.3966769999999968
 31
0
  0
LINE
  5
A49
330
1B
100
AcDbEntity
  8
F.Cu
  6
CONTINUOUS
100
AcDbLine
 10
107.1956189999999935
 20
-61.3966769999999968
 30
0
 11
107.1956100000000021
 21
-61.3966679999999982
 31
0
  0
LINE
  5
A4A
330
1B
100
AcDbEntity
  8
F.Cu
  6
CONTINUOUS
100
AcDbLine
 10
107.1956100000000021
 20
-61.3966679999999982
 30
0
 11
107.1464469999999949
 21
-61.353552999999998
 31
0
  0
LINE
  5
A4B
330
1B
100
AcDbEntity
  8
F.Cu
  6
CONTINUOUS
100
AcDbLine
 10
107.1464469999999949
 20
-61.353552999999998
 30
0
 11
107.1172009999999943
 21
-61.3243069999999975
 31
0
  0
LINE
  5
A4C
330
1B
100
AcDbEntity
  8
F.Cu
  6
CONTINUOUS
100
AcDbLine
 10
107.1172009999999943
 20
-61.3243069999999975
 30
0
 11
107.1021329999999949
 21
-61.3606869999999986
 31
0
  0
LINE
  5
A4D
330
1B
100
AcDbEntity
  8
F.Cu
  6
CONTINUOUS
100
AcDbLine
 10
107.1021329999999949
 20
-61.3606869999999986
 30
0
 11
107.0095589999999959
 21
-61.4992339999999942
 31
0
  0
LINE
  5
A4E
330
1B
100
AcDbEntity
  8
F.Cu
  6
CONTINUOUS
100
AcDbLine
 10
107.0095589999999959
 20
-61.4992339999999942
 30
0
 11
106.8917339999999996
 21
-61.6170589999999976
 31
0
  0
LINE
  5
A4F
330
1B
100
AcDbEntity
  8
F.Cu
  6
CONTINUOUS
100
AcDbLine
 10
106.8917339999999996
 20
-61.6170589999999976
 30
0
 11
106.7531869999999969
 21
-61.7096329999999966
 31
0
  0
LINE
  5
A50
330
1B
100
AcDbEntity
  8
F.Cu
  6
CONTINUOUS
100
AcDbLine
 10
106.7531869999999969
 20
-61.7096329999999966
 30
0
 11
106.5992419999999896
 21
-61.7733989999999977
 31
0
  0
LINE
  5
A51
330
1B
100
AcDbEntity
  8
F.Cu
  6
CONTINUOUS
100
AcDbLine
 10
106.5992419999999896
 20
-61.7733989999999977
 30
0
 11
106.435814999999991
 21
-61.8059069999999977
 31
0
  0
LINE
  5
A52
330
1B
100
AcDbEntity
  8
F.Cu
  6
CONTINUOUS
100
AcDbLine
 10
106.435814999999991
 20
-61.8059069999999977
 30
0
 11
106.2691849999999931
 21
-61.8059069999999977
 31
0
  0
LINE
  5
A53
330
1B
100
AcDbEntity
  8
F.Cu
  6
CONTINUOUS
100
AcDbLine
 10
106.2691849999999931
 20
-61.8059069999999977
 30
0
 11
106.1057579999999945
 21
-61.7733989999999977
 31
0
  0
LINE
  5
A54
330
1B
100
AcDbEntity
  8
F.Cu
  6
CONTINUOUS
100
AcDbLine
 10
106.1057579999999945
 20
-61.7733989999999977
 30
0
 11
105.9518130000000014
 21
-61.7096329999999966
 31
0
  0
LINE
  5
A55
330
1B
100
AcDbEntity
  8
F.Cu
  6
CONTINUOUS
100
AcDbLine
 10
105.9518130000000014
 20
-61.7096329999999966
 30
0
 11
105.8132659999999987
 21
-61.6170589999999976
 31
0
  0
LINE
  5
A56
330
1B
100
AcDbEntity
  8
F.Cu
  6
CONTINUOUS
100
AcDbLine
 10
105.8132659999999987
 20
-61.6170589999999976
 30
0
 11
105.6954409999999882
 21
-61.4992339999999942
 31
0
  0
LINE
  5
A57
330
1B
100
AcDbEntity
  8
F.Cu
  6
CONTINUOUS
100
AcDbLine
 10
105.6954409999999882
 20
-61.4992339999999942
 30
0
 11
105.6028669999999892
 21
-61.3606869999999986
 31
0
  0
LINE
  5
A58
330
1B
100
AcDbEntity
  8
F.Cu
  6
CONTINUOUS
100
AcDbLine
 10
105.6028669999999892
 20
-61.3606869999999986
 30
0
 11
105.5391010000000023
 21
-61.2067419999999984
 31
0
  0
LINE
  5
A59
330
1B
100
AcDbEntity
  8
F.Cu
  6
CONTINUOUS
100
AcDbLine
 10
105.5391010000000023
 20
-61.2067419999999984
 30
0
 11
105.521846999999994
 21
-61.1199999999999974
 31
0
  0
LINE
  5
A5A
330
1B
100
AcDbEntity
  8
F.Cu
  6
CONTINUOUS
100
AcDbLine
 10
105.521846999999994
 20
-61.1199999999999974
 30
0
 11
105.4412299999999902
 21
-61.1199999999999974
 31
0
  0
LINE
  5
A5B
330
1B
100
AcDbEntity
  8
F.Cu
  6
CONTINUOUS
100
AcDbLine
 10
105.4412299999999902
 20
-61.1199999999999974
 30
0
 11
105.3759819999999934
 21
-61.1157229999999956
 31
0
  0
LINE
  5
A5C
330
1B
100
AcDbEntity
  8
F.Cu
  6
CONTINUOUS
100
AcDbLine
 10
105.3759819999999934
 20
-61.1157229999999956
 30
0
 11
105.3759669999999886
 21
-61.1157229999999956
 31
0
  0
LINE
  5
A5D
330
1B
100
AcDbEntity
  8
F.Cu
  6
CONTINUOUS
100
AcDbLine
 10
105.3759669999999886
 20
-61.1157229999999956
 30
0
 11
105.2498879999999986
 21
-61.0819399999999959
 31
0
  0
LINE
  5
A5E
330
1B
100
AcDbEntity
  8
F.Cu
  6
CONTINUOUS
100
AcDbLine
 10
105.2498879999999986
 20
-61.0819399999999959
 30
0
 11
105.136848999999998
 21
-61.0166769999999943
 31
0
  0
LINE
  5
A5F
330
1B
100
AcDbEntity
  8
F.Cu
  6
CONTINUOUS
100
AcDbLine
 10
105.136848999999998
 20
-61.0166769999999943
 30
0
 11
105.1368399999999923
 21
-61.0166679999999957
 31
0
  0
LINE
  5
A60
330
1B
100
AcDbEntity
  8
F.Cu
  6
CONTINUOUS
100
AcDbLine
 10
105.1368399999999923
 20
-61.0166679999999957
 30
0
 11
105.0876760000000019
 21
-60.9735529999999954
 31
0
  0
LINE
  5
A61
330
1B
100
AcDbEntity
  8
F.Cu
  6
CONTINUOUS
100
AcDbLine
 10
105.0876760000000019
 20
-60.9735529999999954
 30
0
 11
103.7989469999999983
 21
-59.6848229999999944
 31
0
  0
LINE
  5
A62
330
1B
100
AcDbEntity
  8
F.Cu
  6
CONTINUOUS
100
AcDbLine
 10
103.7989469999999983
 20
-59.6848229999999944
 30
0
 11
103.7558379999999971
 21
-59.6356660000000005
 31
0
  0
LINE
  5
A63
330
1B
100
AcDbEntity
  8
F.Cu
  6
CONTINUOUS
100
AcDbLine
 10
103.7558379999999971
 20
-59.6356660000000005
 30
0
 11
103.7558229999999924
 21
-59.6356509999999957
 31
0
  0
LINE
  5
A64
330
1B
100
AcDbEntity
  8
F.Cu
  6
CONTINUOUS
100
AcDbLine
 10
103.7558229999999924
 20
-59.6356509999999957
 30
0
 11
103.6905599999999907
 21
-59.5226119999999952
 31
0
  0
LINE
  5
A65
330
1B
100
AcDbEntity
  8
F.Cu
  6
CONTINUOUS
100
AcDbLine
 10
103.6905599999999907
 20
-59.5226119999999952
 30
0
 11
103.6567769999999911
 21
-59.396532999999998
 31
0
  0
LINE
  5
A66
330
1B
100
AcDbEntity
  8
F.Cu
  6
CONTINUOUS
100
AcDbLine
 10
103.6567769999999911
 20
-59.396532999999998
 30
0
 11
103.6567769999999911
 21
-59.3965169999999958
 31
0
  0
LINE
  5
A67
330
1B
100
AcDbEntity
  8
F.Cu
  6
CONTINUOUS
100
AcDbLine
 10
103.6567769999999911
 20
-59.3965169999999958
 30
0
 11
103.6524999999999892
 21
-59.3312699999999964
 31
0
  0
LINE
  5
A68
330
1B
100
AcDbEntity
  8
F.Cu
  6
CONTINUOUS
100
AcDbLine
 10
103.6524999999999892
 20
-59.3312699999999964
 30
0
 11
103.6524999999999892
 21
-57.8596059999999994
 31
0
  0
LINE
  5
A69
330
1B
100
AcDbEntity
  8
F.Cu
  6
CONTINUOUS
100
AcDbLine
 10
103.6524999999999892
 20
-57.8596059999999994
 30
0
 11
99.2928939999999898
 21
-53.5
 31
0
  0
LINE
  5
A6A
330
1B
100
AcDbEntity
  8
F.Cu
  6
CONTINUOUS
100
AcDbLine
 10
99.2928939999999898
 20
-53.5
 30
0
 11
87.243118999999993
 21
-53.5
 31
0
  0
LINE
  5
A6B
330
1B
100
AcDbEntity
  8
F.Cu
  6
CONTINUOUS
100
AcDbLine
 10
87.243118999999993
 20
-53.5
 30
0
 11
87.1957089999999937
 21
-53.5709540000000004
 31
0
  0
LINE
  5
A6C
330
1B
100
AcDbEntity
  8
F.Cu
  6
CONTINUOUS
100
AcDbLine
 10
87.1957089999999937
 20
-53.5709540000000004
 30
0
 11
87.0709540000000004
 21
-53.6957090000000008
 31
0
  0
LINE
  5
A6D
330
1B
100
AcDbEntity
  8
F.Cu
  6
CONTINUOUS
100
AcDbLine
 10
87.0709540000000004
 20
-53.6957090000000008
 30
0
 11
86.9242569999999972
 21
-53.793728999999999
 31
0
  0
LINE
  5
A6E
330
1B
100
AcDbEntity
  8
F.Cu
  6
CONTINUOUS
100
AcDbLine
 10
86.9242569999999972
 20
-53.793728999999999
 30
0
 11
86.761256000000003
 21
-53.8612459999999942
 31
0
  0
LINE
  5
A6F
330
1B
100
AcDbEntity
  8
F.Cu
  6
CONTINUOUS
100
AcDbLine
 10
86.761256000000003
 20
-53.8612459999999942
 30
0
 11
86.5882149999999911
 21
-53.8956659999999985
 31
0
  0
LINE
  5
A70
330
1B
100
AcDbEntity
  8
F.Cu
  6
CONTINUOUS
100
AcDbLine
 10
86.5882149999999911
 20
-53.8956659999999985
 30
0
 11
86.4117849999999947
 21
-53.8956659999999985
 31
0
  0
LINE
  5
A71
330
1B
100
AcDbEntity
  8
F.Cu
  6
CONTINUOUS
100
AcDbLine
 10
86.4117849999999947
 20
-53.8956659999999985
 30
0
 11
86.238743999999997
 21
-53.8612459999999942
 31
0
  0
LINE
  5
A72
330
1B
100
AcDbEntity
  8
F.Cu
  6
CONTINUOUS
100
AcDbLine
 10
86.238743999999997
 20
-53.8612459999999942
 30
0
 11
86.0757430000000028
 21
-53.793728999999999
 31
0
  0
LINE
  5
A73
330
1B
100
AcDbEntity
  8
F.Cu
  6
CONTINUOUS
100
AcDbLine
 10
86.0757430000000028
 20
-53.793728999999999
 30
0
 11
85.9290459999999996
 21
-53.6957090000000008
 31
0
  0
LINE
  5
A74
330
1B
100
AcDbEntity
  8
F.Cu
  6
CONTINUOUS
100
AcDbLine
 10
85.9290459999999996
 20
-53.6957090000000008
 30
0
 11
85.8042909999999921
 21
-53.5709540000000004
 31
0
  0
LINE
  5
A75
330
1B
100
AcDbEntity
  8
F.Cu
  6
CONTINUOUS
100
AcDbLine
 10
85.8042909999999921
 20
-53.5709540000000004
 30
0
 11
85.706271000000001
 21
-53.4242569999999972
 31
0
  0
LINE
  5
A76
330
1B
100
AcDbEntity
  8
F.Cu
  6
CONTINUOUS
100
AcDbLine
 10
85.706271000000001
 20
-53.4242569999999972
 30
0
 11
85.6387539999999916
 21
-53.2612559999999959
 31
0
  0
LINE
  5
A77
330
1B
100
AcDbEntity
  8
F.Cu
  6
CONTINUOUS
100
AcDbLine
 10
85.6387539999999916
 20
-53.2612559999999959
 30
0
 11
85.6043339999999944
 21
-53.0882149999999982
 31
0
  0
LINE
  5
A78
330
1B
100
AcDbEntity
  8
F.Cu
  6
CONTINUOUS
100
AcDbLine
 10
85.6043339999999944
 20
-53.0882149999999982
 30
0
 11
85.6043339999999944
 21
-52.9117849999999947
 31
0
  0
LINE
  5
A79
330
1B
100
AcDbEntity
  8
F.Cu
  6
CONTINUOUS
100
AcDbLine
 10
85.6043339999999944
 20
-52.9117849999999947
 30
0
 11
85.6387539999999916
 21
-52.738743999999997
 31
0
  0
LINE
  5
A7A
330
1B
100
AcDbEntity
  8
F.Cu
  6
CONTINUOUS
100
AcDbLine
 10
85.6387539999999916
 20
-52.738743999999997
 30
0
 11
85.706271000000001
 21
-52.5757429999999957
 31
0
  0
LINE
  5
A7B
330
1B
100
AcDbEntity
  8
F.Cu
  6
CONTINUOUS
100
AcDbLine
 10
85.706271000000001
 20
-52.5757429999999957
 30
0
 11
85.8042909999999921
 21
-52.4290459999999996
 31
0
  0
LINE
  5
A7C
330
1B
100
AcDbEntity
  8
F.Cu
  6
CONTINUOUS
100
AcDbLine
 10
85.8042909999999921
 20
-52.4290459999999996
 30
0
 11
85.9290459999999996
 21
-52.3042909999999992
 31
0
  0
LINE
  5
A7D
330
1B
100
AcDbEntity
  8
F.Cu
  6
CONTINUOUS
100
AcDbLine
 10
85.9290459999999996
 20
-52.3042909999999992
 30
0
 11
86.0757430000000028
 21
-52.206271000000001
 31
0
  0
LINE
  5
A7E
330
1B
100
AcDbEntity
  8
F.Cu
  6
CONTINUOUS
100
AcDbLine
 10
86.0757430000000028
 20
-52.206271000000001
 30
0
 11
86.238743999999997
 21
-52.1387539999999987
 31
0
  0
LINE
  5
A7F
330
1B
100
AcDbEntity
  8
F.Cu
  6
CONTINUOUS
100
AcDbLine
 10
86.238743999999997
 20
-52.1387539999999987
 30
0
 11
86.4117849999999947
 21
-52.1043339999999944
 31
0
  0
LINE
  5
A80
330
1B
100
AcDbEntity
  8
F.Cu
  6
CONTINUOUS
100
AcDbLine
 10
86.4117849999999947
 20
-52.1043339999999944
 30
0
 11
86.5882149999999911
 21
-52.1043339999999944
 31
0
  0
LINE
  5
A81
330
1B
100
AcDbEntity
  8
F.Cu
  6
CONTINUOUS
100
AcDbLine
 10
86.5882149999999911
 20
-52.1043339999999944
 30
0
 11
86.761256000000003
 21
-52.1387539999999987
 31
0
  0
LINE
  5
A82
330
1B
100
AcDbEntity
  8
F.Cu
  6
CONTINUOUS
100
AcDbLine
 10
89.360913999999994
 20
-60.1638519999999986
 30
0
 11
89.514727999999991
 21
-60.1944479999999942
 31
0
  0
LINE
  5
A83
330
1B
100
AcDbEntity
  8
F.Cu
  6
CONTINUOUS
100
AcDbLine
 10
89.514727999999991
 20
-60.1944479999999942
 30
0
 11
89.6596169999999972
 21
-60.2544629999999941
 31
0
  0
LINE
  5
A84
330
1B
100
AcDbEntity
  8
F.Cu
  6
CONTINUOUS
100
AcDbLine
 10
89.6596169999999972
 20
-60.2544629999999941
 30
0
 11
89.7900149999999968
 21
-60.3415919999999986
 31
0
  0
LINE
  5
A85
330
1B
100
AcDbEntity
  8
F.Cu
  6
CONTINUOUS
100
AcDbLine
 10
89.7900149999999968
 20
-60.3415919999999986
 30
0
 11
89.9009080000000012
 21
-60.4524849999999958
 31
0
  0
LINE
  5
A86
330
1B
100
AcDbEntity
  8
F.Cu
  6
CONTINUOUS
100
AcDbLine
 10
89.9009080000000012
 20
-60.4524849999999958
 30
0
 11
89.9880369999999914
 21
-60.5828829999999954
 31
0
  0
LINE
  5
A87
330
1B
100
AcDbEntity
  8
F.Cu
  6
CONTINUOUS
100
AcDbLine
 10
89.9880369999999914
 20
-60.5828829999999954
 30
0
 11
90.0480519999999984
 21
-60.7277719999999945
 31
0
  0
LINE
  5
A88
330
1B
100
AcDbEntity
  8
F.Cu
  6
CONTINUOUS
100
AcDbLine
 10
90.0480519999999984
 20
-60.7277719999999945
 30
0
 11
90.0786480000000012
 21
-60.8815859999999986
 31
0
  0
LINE
  5
A89
330
1B
100
AcDbEntity
  8
F.Cu
  6
CONTINUOUS
100
AcDbLine
 10
90.0786480000000012
 20
-60.8815859999999986
 30
0
 11
90.0786480000000012
 21
-61.038413999999996
 31
0
  0
LINE
  5
A8A
330
1B
100
AcDbEntity
  8
F.Cu
  6
CONTINUOUS
100
AcDbLine
 10
90.0786480000000012
 20
-61.038413999999996
 30
0
 11
90.0480519999999984
 21
-61.1922280000000001
 31
0
  0
LINE
  5
A8B
330
1B
100
AcDbEntity
  8
F.Cu
  6
CONTINUOUS
100
AcDbLine
 10
90.0480519999999984
 20
-61.1922280000000001
 30
0
 11
89.9880369999999914
 21
-61.3371169999999992
 31
0
  0
LINE
  5
A8C
330
1B
100
AcDbEntity
  8
F.Cu
  6
CONTINUOUS
100
AcDbLine
 10
89.9880369999999914
 20
-61.3371169999999992
 30
0
 11
89.9009080000000012
 21
-61.4675149999999988
 31
0
  0
LINE
  5
A8D
330
1B
100
AcDbEntity
  8
F.Cu
  6
CONTINUOUS
100
AcDbLine
 10
89.9009080000000012
 20
-61.4675149999999988
 30
0
 11
89.7900149999999968
 21
-61.578407999999996
 31
0
  0
LINE
  5
A8E
330
1B
100
AcDbEntity
  8
F.Cu
  6
CONTINUOUS
100
AcDbLine
 10
89.7900149999999968
 20
-61.578407999999996
 30
0
 11
89.6596169999999972
 21
-61.6655370000000005
 31
0
  0
LINE
  5
A8F
330
1B
100
AcDbEntity
  8
F.Cu
  6
CONTINUOUS
100
AcDbLine
 10
89.6596169999999972
 20
-61.6655370000000005
 30
0
 11
89.514727999999991
 21
-61.7255520000000004
 31
0
  0
LINE
  5
A90
330
1B
100
AcDbEntity
  8
F.Cu
  6
CONTINUOUS
100
AcDbLine
 10
89.514727999999991
 20
-61.7255520000000004
 30
0
 11
89.360913999999994
 21
-61.756147999999996
 31
0
  0
LINE
  5
A91
330
1B
100
AcDbEntity
  8
F.Cu
  6
CONTINUOUS
100
AcDbLine
 10
89.360913999999994
 20
-61.756147999999996
 30
0
 11
89.2824999999999989
 21
-61.759999999999998
 31
0
  0
LINE
  5
A92
330
1B
100
AcDbEntity
  8
F.Cu
  6
CONTINUOUS
100
AcDbLine
 10
89.2824999999999989
 20
-61.759999999999998
 30
0
 11
88.4825000000000017
 21
-61.759999999999998
 31
0
  0
LINE
  5
A93
330
1B
100
AcDbEntity
  8
F.Cu
  6
CONTINUOUS
100
AcDbLine
 10
88.4825000000000017
 20
-61.759999999999998
 30
0
 11
88.4040859999999924
 21
-61.756147999999996
 31
0
  0
LINE
  5
A94
330
1B
100
AcDbEntity
  8
F.Cu
  6
CONTINUOUS
100
AcDbLine
 10
88.4040859999999924
 20
-61.756147999999996
 30
0
 11
88.2502719999999954
 21
-61.7255520000000004
 31
0
  0
LINE
  5
A95
330
1B
100
AcDbEntity
  8
F.Cu
  6
CONTINUOUS
100
AcDbLine
 10
88.2502719999999954
 20
-61.7255520000000004
 30
0
 11
88.1053829999999891
 21
-61.6655370000000005
 31
0
  0
LINE
  5
A96
330
1B
100
AcDbEntity
  8
F.Cu
  6
CONTINUOUS
100
AcDbLine
 10
88.1053829999999891
 20
-61.6655370000000005
 30
0
 11
87.9749849999999896
 21
-61.578407999999996
 31
0
  0
LINE
  5
A97
330
1B
100
AcDbEntity
  8
F.Cu
  6
CONTINUOUS
100
AcDbLine
 10
87.9749849999999896
 20
-61.578407999999996
 30
0
 11
87.8640919999999994
 21
-61.4675149999999988
 31
0
  0
LINE
  5
A98
330
1B
100
AcDbEntity
  8
F.Cu
  6
CONTINUOUS
100
AcDbLine
 10
87.8640919999999994
 20
-61.4675149999999988
 30
0
 11
87.776962999999995
 21
-61.3371169999999992
 31
0
  0
LINE
  5
A99
330
1B
100
AcDbEntity
  8
F.Cu
  6
CONTINUOUS
100
AcDbLine
 10
87.776962999999995
 20
-61.3371169999999992
 30
0
 11
87.7169480000000021
 21
-61.1922280000000001
 31
0
  0
LINE
  5
A9A
330
1B
100
AcDbEntity
  8
F.Cu
  6
CONTINUOUS
100
AcDbLine
 10
87.7169480000000021
 20
-61.1922280000000001
 30
0
 11
87.6863519999999994
 21
-61.038413999999996
 31
0
  0
LINE
  5
A9B
330
1B
100
AcDbEntity
  8
F.Cu
  6
CONTINUOUS
100
AcDbLine
 10
87.6863519999999994
 20
-61.038413999999996
 30
0
 11
87.6863519999999994
 21
-60.8815859999999986
 31
0
  0
LINE
  5
A9C
330
1B
100
AcDbEntity
  8
F.Cu
  6
CONTINUOUS
100
AcDbLine
 10
87.6863519999999994
 20
-60.8815859999999986
 30
0
 11
87.7169480000000021
 21
-60.7277719999999945
 31
0
  0
LINE
  5
A9D
330
1B
100
AcDbEntity
  8
F.Cu
  6
CONTINUOUS
100
AcDbLine
 10
87.7169480000000021
 20
-60.7277719999999945
 30
0
 11
87.776962999999995
 21
-60.5828829999999954
 31
0
  0
LINE
  5
A9E
330
1B
100
AcDbEntity
  8
F.Cu
  6
CONTINUOUS
100
AcDbLine
 10
87.776962999999995
 20
-60.5828829999999954
 30
0
 11
87.8640919999999994
 21
-60.4524849999999958
 31
0
  0
LINE
  5
A9F
330
1B
100
AcDbEntity
  8
F.Cu
  6
CONTINUOUS
100
AcDbLine
 10
87.8640919999999994
 20
-60.4524849999999958
 30
0
 11
87.9749849999999896
 21
-60.3415919999999986
 31
0
  0
LINE
  5
AA0
330
1B
100
AcDbEntity
  8
F.Cu
  6
CONTINUOUS
100
AcDbLine
 10
87.9749849999999896
 20
-60.3415919999999986
 30
0
 11
88.1053829999999891
 21
-60.2544629999999941
 31
0
  0
LINE
  5
AA1
330
1B
100
AcDbEntity
  8
F.Cu
  6
CONTINUOUS
100
AcDbLine
 10
88.1053829999999891
 20
-60.2544629999999941
 30
0
 11
88.2502719999999954
 21
-60.1944479999999942
 31
0
  0
LINE
  5
AA2
330
1B
100
AcDbEntity
  8
F.Cu
  6
CONTINUOUS
100
AcDbLine
 10
88.2502719999999954
 20
-60.1944479999999942
 30
0
 11
88.4040859999999924
 21
-60.1638519999999986
 31
0
  0
LINE
  5
AA3
330
1B
100
AcDbEntity
  8
F.Cu
  6
CONTINUOUS
100
AcDbLine
 10
88.4040859999999924
 20
-60.1638519999999986
 30
0
 11
88.4825000000000017
 21
-60.1599999999999966
 31
0
  0
LINE
  5
AA4
330
1B
100
AcDbEntity
  8
F.Cu
  6
CONTINUOUS
100
AcDbLine
 10
88.4825000000000017
 20
-60.1599999999999966
 30
0
 11
89.2824999999999989
 21
-60.1599999999999966
 31
0
  0
LINE
  5
AA5
330
1B
100
AcDbEntity
  8
F.Cu
  6
CONTINUOUS
100
AcDbLine
 10
89.2824999999999989
 20
-60.1599999999999966
 30
0
 11
89.360913999999994
 21
-60.1638519999999986
 31
0
  0
LINE
  5
AA6
330
1B
100
AcDbEntity
  8
F.Cu
  6
CONTINUOUS
100
AcDbLine
 10
96.9809139999999985
 20
-60.1638519999999986
 30
0
 11
97.1347279999999955
 21
-60.1944479999999942
 31
0
  0
LINE
  5
AA7
330
1B
100
AcDbEntity
  8
F.Cu
  6
CONTINUOUS
100
AcDbLine
 10
97.1347279999999955
 20
-60.1944479999999942
 30
0
 11
97.2796170000000018
 21
-60.2544629999999941
 31
0
  0
LINE
  5
AA8
330
1B
100
AcDbEntity
  8
F.Cu
  6
CONTINUOUS
100
AcDbLine
 10
97.2796170000000018
 20
-60.2544629999999941
 30
0
 11
97.4100150000000014
 21
-60.3415919999999986
 31
0
  0
LINE
  5
AA9
330
1B
100
AcDbEntity
  8
F.Cu
  6
CONTINUOUS
100
AcDbLine
 10
97.4100150000000014
 20
-60.3415919999999986
 30
0
 11
97.5209079999999915
 21
-60.4524849999999958
 31
0
  0
LINE
  5
AAA
330
1B
100
AcDbEntity
  8
F.Cu
  6
CONTINUOUS
100
AcDbLine
 10
97.5209079999999915
 20
-60.4524849999999958
 30
0
 11
97.6080369999999959
 21
-60.5828829999999954
 31
0
  0
LINE
  5
AAB
330
1B
100
AcDbEntity
  8
F.Cu
  6
CONTINUOUS
100
AcDbLine
 10
97.6080369999999959
 20
-60.5828829999999954
 30
0
 11
97.6680519999999888
 21
-60.7277719999999945
 31
0
  0
LINE
  5
AAC
330
1B
100
AcDbEntity
  8
F.Cu
  6
CONTINUOUS
100
AcDbLine
 10
97.6680519999999888
 20
-60.7277719999999945
 30
0
 11
97.6986479999999915
 21
-60.8815859999999986
 31
0
  0
LINE
  5
AAD
330
1B
100
AcDbEntity
  8
F.Cu
  6
CONTINUOUS
100
AcDbLine
 10
97.6986479999999915
 20
-60.8815859999999986
 30
0
 11
97.6986479999999915
 21
-61.038413999999996
 31
0
  0
LINE
  5
AAE
330
1B
100
AcDbEntity
  8
F.Cu
  6
CONTINUOUS
100
AcDbLine
 10
97.6986479999999915
 20
-61.038413999999996
 30
0
 11
97.6680519999999888
 21
-61.1922280000000001
 31
0
  0
LINE
  5
AAF
330
1B
100
AcDbEntity
  8
F.Cu
  6
CONTINUOUS
100
AcDbLine
 10
97.6680519999999888
 20
-61.1922280000000001
 30
0
 11
97.6080369999999959
 21
-61.3371169999999992
 31
0
  0
LINE
  5
AB0
330
1B
100
AcDbEntity
  8
F.Cu
  6
CONTINUOUS
100
AcDbLine
 10
97.6080369999999959
 20
-61.3371169999999992
 30
0
 11
97.5209079999999915
 21
-61.4675149999999988
 31
0
  0
LINE
  5
AB1
330
1B
100
AcDbEntity
  8
F.Cu
  6
CONTINUOUS
100
AcDbLine
 10
97.5209079999999915
 20
-61.4675149999999988
 30
0
 11
97.4100150000000014
 21
-61.578407999999996
 31
0
  0
LINE
  5
AB2
330
1B
100
AcDbEntity
  8
F.Cu
  6
CONTINUOUS
100
AcDbLine
 10
97.4100150000000014
 20
-61.578407999999996
 30
0
 11
97.2796170000000018
 21
-61.6655370000000005
 31
0
  0
LINE
  5
AB3
330
1B
100
AcDbEntity
  8
F.Cu
  6
CONTINUOUS
100
AcDbLine
 10
97.2796170000000018
 20
-61.6655370000000005
 30
0
 11
97.1347279999999955
 21
-61.7255520000000004
 31
0
  0
LINE
  5
AB4
330
1B
100
AcDbEntity
  8
F.Cu
  6
CONTINUOUS
100
AcDbLine
 10
97.1347279999999955
 20
-61.7255520000000004
 30
0
 11
96.9809139999999985
 21
-61.756147999999996
 31
0
  0
LINE
  5
AB5
330
1B
100
AcDbEntity
  8
F.Cu
  6
CONTINUOUS
100
AcDbLine
 10
96.9809139999999985
 20
-61.756147999999996
 30
0
 11
96.9024999999999892
 21
-61.759999999999998
 31
0
  0
LINE
  5
AB6
330
1B
100
AcDbEntity
  8
F.Cu
  6
CONTINUOUS
100
AcDbLine
 10
96.9024999999999892
 20
-61.759999999999998
 30
0
 11
96.102499999999992
 21
-61.759999999999998
 31
0
  0
LINE
  5
AB7
330
1B
100
AcDbEntity
  8
F.Cu
  6
CONTINUOUS
100
AcDbLine
 10
96.102499999999992
 20
-61.759999999999998
 30
0
 11
96.0240859999999969
 21
-61.756147999999996
 31
0
  0
LINE
  5
AB8
330
1B
100
AcDbEntity
  8
F.Cu
  6
CONTINUOUS
100
AcDbLine
 10
96.0240859999999969
 20
-61.756147999999996
 30
0
 11
95.8702719999999999
 21
-61.7255520000000004
 31
0
  0
LINE
  5
AB9
330
1B
100
AcDbEntity
  8
F.Cu
  6
CONTINUOUS
100
AcDbLine
 10
95.8702719999999999
 20
-61.7255520000000004
 30
0
 11
95.7253829999999937
 21
-61.6655370000000005
 31
0
  0
LINE
  5
ABA
330
1B
100
AcDbEntity
  8
F.Cu
  6
CONTINUOUS
100
AcDbLine
 10
95.7253829999999937
 20
-61.6655370000000005
 30
0
 11
95.5949849999999941
 21
-61.578407999999996
 31
0
  0
LINE
  5
ABB
330
1B
100
AcDbEntity
  8
F.Cu
  6
CONTINUOUS
100
AcDbLine
 10
95.5949849999999941
 20
-61.578407999999996
 30
0
 11
95.4840919999999898
 21
-61.4675149999999988
 31
0
  0
LINE
  5
ABC
330
1B
100
AcDbEntity
  8
F.Cu
  6
CONTINUOUS
100
AcDbLine
 10
95.4840919999999898
 20
-61.4675149999999988
 30
0
 11
95.3969629999999995
 21
-61.3371169999999992
 31
0
  0
LINE
  5
ABD
330
1B
100
AcDbEntity
  8
F.Cu
  6
CONTINUOUS
100
AcDbLine
 10
95.3969629999999995
 20
-61.3371169999999992
 30
0
 11
95.3369479999999925
 21
-61.1922280000000001
 31
0
  0
LINE
  5
ABE
330
1B
100
AcDbEntity
  8
F.Cu
  6
CONTINUOUS
100
AcDbLine
 10
95.3369479999999925
 20
-61.1922280000000001
 30
0
 11
95.3063519999999897
 21
-61.038413999999996
 31
0
  0
LINE
  5
ABF
330
1B
100
AcDbEntity
  8
F.Cu
  6
CONTINUOUS
100
AcDbLine
 10
95.3063519999999897
 20
-61.038413999999996
 30
0
 11
95.3063519999999897
 21
-60.8815859999999986
 31
0
  0
LINE
  5
AC0
330
1B
100
AcDbEntity
  8
F.Cu
  6
CONTINUOUS
100
AcDbLine
 10
95.3063519999999897
 20
-60.8815859999999986
 30
0
 11
95.3369479999999925
 21
-60.7277719999999945
 31
0
  0
LINE
  5
AC1
330
1B
100
AcDbEntity
  8
F.Cu
  6
CONTINUOUS
100
AcDbLine
 10
95.3369479999999925
 20
-60.7277719999999945
 30
0
 11
95.3969629999999995
 21
-60.5828829999999954
 31
0
  0
LINE
  5
AC2
330
1B
100
AcDbEntity
  8
F.Cu
  6
CONTINUOUS
100
AcDbLine
 10
95.3969629999999995
 20
-60.5828829999999954
 30
0
 11
95.4840919999999898
 21
-60.4524849999999958
 31
0
  0
LINE
  5
AC3
330
1B
100
AcDbEntity
  8
F.Cu
  6
CONTINUOUS
100
AcDbLine
 10
95.4840919999999898
 20
-60.4524849999999958
 30
0
 11
95.5949849999999941
 21
-60.3415919999999986
 31
0
  0
LINE
  5
AC4
330
1B
100
AcDbEntity
  8
F.Cu
  6
CONTINUOUS
100
AcDbLine
 10
95.5949849999999941
 20
-60.3415919999999986
 30
0
 11
95.7253829999999937
 21
-60.2544629999999941
 31
0
  0
LINE
  5
AC5
330
1B
100
AcDbEntity
  8
F.Cu
  6
CONTINUOUS
100
AcDbLine
 10
95.7253829999999937
 20
-60.2544629999999941
 30
0
 11
95.8702719999999999
 21
-60.1944479999999942
 31
0
  0
LINE
  5
AC6
330
1B
100
AcDbEntity
  8
F.Cu
  6
CONTINUOUS
100
AcDbLine
 10
95.8702719999999999
 20
-60.1944479999999942
 30
0
 11
96.0240859999999969
 21
-60.1638519999999986
 31
0
  0
LINE
  5
AC7
330
1B
100
AcDbEntity
  8
F.Cu
  6
CONTINUOUS
100
AcDbLine
 10
96.0240859999999969
 20
-60.1638519999999986
 30
0
 11
96.102499999999992
 21
-60.1599999999999966
 31
0
  0
LINE
  5
AC8
330
1B
100
AcDbEntity
  8
F.Cu
  6
CONTINUOUS
100
AcDbLine
 10
96.102499999999992
 20
-60.1599999999999966
 30
0
 11
96.9024999999999892
 21
-60.1599999999999966
 31
0
  0
LINE
  5
AC9
330
1B
100
AcDbEntity
  8
F.Cu
  6
CONTINUOUS
100
AcDbLine
 10
96.9024999999999892
 20
-60.1599999999999966
 30
0
 11
96.9809139999999985
 21
-60.1638519999999986
 31
0
  0
LINE
  5
ACA
330
1B
100
AcDbEntity
  8
F.Cu
  6
CONTINUOUS
100
AcDbLine
 10
106.5992419999999896
 20
-57.6066009999999977
 30
0
 11
106.7531869999999969
 21
-57.6703669999999988
 31
0
  0
LINE
  5
ACB
330
1B
100
AcDbEntity
  8
F.Cu
  6
CONTINUOUS
100
AcDbLine
 10
106.7531869999999969
 20
-57.6703669999999988
 30
0
 11
106.8917339999999996
 21
-57.7629409999999979
 31
0
  0
LINE
  5
ACC
330
1B
100
AcDbEntity
  8
F.Cu
  6
CONTINUOUS
100
AcDbLine
 10
106.8917339999999996
 20
-57.7629409999999979
 30
0
 11
107.0095589999999959
 21
-57.8807659999999942
 31
0
  0
LINE
  5
ACD
330
1B
100
AcDbEntity
  8
F.Cu
  6
CONTINUOUS
100
AcDbLine
 10
107.0095589999999959
 20
-57.8807659999999942
 30
0
 11
107.1021329999999949
 21
-58.0193129999999968
 31
0
  0
LINE
  5
ACE
330
1B
100
AcDbEntity
  8
F.Cu
  6
CONTINUOUS
100
AcDbLine
 10
107.1021329999999949
 20
-58.0193129999999968
 30
0
 11
107.165898999999996
 21
-58.173257999999997
 31
0
  0
LINE
  5
ACF
330
1B
100
AcDbEntity
  8
F.Cu
  6
CONTINUOUS
100
AcDbLine
 10
107.165898999999996
 20
-58.173257999999997
 30
0
 11
107.1984069999999889
 21
-58.3366849999999957
 31
0
  0
LINE
  5
AD0
330
1B
100
AcDbEntity
  8
F.Cu
  6
CONTINUOUS
100
AcDbLine
 10
107.1984069999999889
 20
-58.3366849999999957
 30
0
 11
107.1984069999999889
 21
-58.5033150000000006
 31
0
  0
LINE
  5
AD1
330
1B
100
AcDbEntity
  8
F.Cu
  6
CONTINUOUS
100
AcDbLine
 10
107.1984069999999889
 20
-58.5033150000000006
 30
0
 11
107.165898999999996
 21
-58.6667419999999993
 31
0
  0
LINE
  5
AD2
330
1B
100
AcDbEntity
  8
F.Cu
  6
CONTINUOUS
100
AcDbLine
 10
107.165898999999996
 20
-58.6667419999999993
 30
0
 11
107.1021329999999949
 21
-58.8206869999999995
 31
0
  0
LINE
  5
AD3
330
1B
100
AcDbEntity
  8
F.Cu
  6
CONTINUOUS
100
AcDbLine
 10
107.1021329999999949
 20
-58.8206869999999995
 30
0
 11
107.0095589999999959
 21
-58.959233999999995
 31
0
  0
LINE
  5
AD4
330
1B
100
AcDbEntity
  8
F.Cu
  6
CONTINUOUS
100
AcDbLine
 10
107.0095589999999959
 20
-58.959233999999995
 30
0
 11
106.8917339999999996
 21
-59.0770589999999984
 31
0
  0
LINE
  5
AD5
330
1B
100
AcDbEntity
  8
F.Cu
  6
CONTINUOUS
100
AcDbLine
 10
106.8917339999999996
 20
-59.0770589999999984
 30
0
 11
106.7531869999999969
 21
-59.1696329999999975
 31
0
  0
LINE
  5
AD6
330
1B
100
AcDbEntity
  8
F.Cu
  6
CONTINUOUS
100
AcDbLine
 10
106.7531869999999969
 20
-59.1696329999999975
 30
0
 11
106.5992419999999896
 21
-59.2333989999999986
 31
0
  0
LINE
  5
AD7
330
1B
100
AcDbEntity
  8
F.Cu
  6
CONTINUOUS
100
AcDbLine
 10
106.5992419999999896
 20
-59.2333989999999986
 30
0
 11
106.435814999999991
 21
-59.2659069999999986
 31
0
  0
LINE
  5
AD8
330
1B
100
AcDbEntity
  8
F.Cu
  6
CONTINUOUS
100
AcDbLine
 10
106.435814999999991
 20
-59.2659069999999986
 30
0
 11
106.2691849999999931
 21
-59.2659069999999986
 31
0
  0
LINE
  5
AD9
330
1B
100
AcDbEntity
  8
F.Cu
  6
CONTINUOUS
100
AcDbLine
 10
106.2691849999999931
 20
-59.2659069999999986
 30
0
 11
106.1057579999999945
 21
-59.2333989999999986
 31
0
  0
LINE
  5
ADA
330
1B
100
AcDbEntity
  8
F.Cu
  6
CONTINUOUS
100
AcDbLine
 10
106.1057579999999945
 20
-59.2333989999999986
 30
0
 11
105.9518130000000014
 21
-59.1696329999999975
 31
0
  0
LINE
  5
ADB
330
1B
100
AcDbEntity
  8
F.Cu
  6
CONTINUOUS
100
AcDbLine
 10
105.9518130000000014
 20
-59.1696329999999975
 30
0
 11
105.8132659999999987
 21
-59.0770589999999984
 31
0
  0
LINE
  5
ADC
330
1B
100
AcDbEntity
  8
F.Cu
  6
CONTINUOUS
100
AcDbLine
 10
105.8132659999999987
 20
-59.0770589999999984
 30
0
 11
105.6954409999999882
 21
-58.959233999999995
 31
0
  0
LINE
  5
ADD
330
1B
100
AcDbEntity
  8
F.Cu
  6
CONTINUOUS
100
AcDbLine
 10
105.6954409999999882
 20
-58.959233999999995
 30
0
 11
105.6028669999999892
 21
-58.8206869999999995
 31
0
  0
LINE
  5
ADE
330
1B
100
AcDbEntity
  8
F.Cu
  6
CONTINUOUS
100
AcDbLine
 10
105.6028669999999892
 20
-58.8206869999999995
 30
0
 11
105.5391010000000023
 21
-58.6667419999999993
 31
0
  0
LINE
  5
ADF
330
1B
100
AcDbEntity
  8
F.Cu
  6
CONTINUOUS
100
AcDbLine
 10
105.5391010000000023
 20
-58.6667419999999993
 30
0
 11
105.5065929999999952
 21
-58.5033150000000006
 31
0
  0
LINE
  5
AE0
330
1B
100
AcDbEntity
  8
F.Cu
  6
CONTINUOUS
100
AcDbLine
 10
105.5065929999999952
 20
-58.5033150000000006
 30
0
 11
105.5065929999999952
 21
-58.3366849999999957
 31
0
  0
LINE
  5
AE1
330
1B
100
AcDbEntity
  8
F.Cu
  6
CONTINUOUS
100
AcDbLine
 10
105.5065929999999952
 20
-58.3366849999999957
 30
0
 11
105.5391010000000023
 21
-58.173257999999997
 31
0
  0
LINE
  5
AE2
330
1B
100
AcDbEntity
  8
F.Cu
  6
CONTINUOUS
100
AcDbLine
 10
105.5391010000000023
 20
-58.173257999999997
 30
0
 11
105.6028669999999892
 21
-58.0193129999999968
 31
0
  0
LINE
  5
AE3
330
1B
100
AcDbEntity
  8
F.Cu
  6
CONTINUOUS
100
AcDbLine
 10
105.6028669999999892
 20
-58.0193129999999968
 30
0
 11
105.6954409999999882
 21
-57.8807659999999942
 31
0
  0
LINE
  5
AE4
330
1B
100
AcDbEntity
  8
F.Cu
  6
CONTINUOUS
100
AcDbLine
 10
105.6954409999999882
 20
-57.8807659999999942
 30
0
 11
105.8132659999999987
 21
-57.7629409999999979
 31
0
  0
LINE
  5
AE5
330
1B
100
AcDbEntity
  8
F.Cu
  6
CONTINUOUS
100
AcDbLine
 10
105.8132659999999987
 20
-57.7629409999999979
 30
0
 11
105.9518130000000014
 21
-57.6703669999999988
 31
0
  0
LINE
  5
AE6
330
1B
100
AcDbEntity
  8
F.Cu
  6
CONTINUOUS
100
AcDbLine
 10
105.9518130000000014
 20
-57.6703669999999988
 30
0
 11
106.1057579999999945
 21
-57.6066009999999977
 31
0
  0
LINE
  5
AE7
330
1B
100
AcDbEntity
  8
F.Cu
  6
CONTINUOUS
100
AcDbLine
 10
106.1057579999999945
 20
-57.6066009999999977
 30
0
 11
106.2691849999999931
 21
-57.5740929999999977
 31
0
  0
LINE
  5
AE8
330
1B
100
AcDbEntity
  8
F.Cu
  6
CONTINUOUS
100
AcDbLine
 10
106.2691849999999931
 20
-57.5740929999999977
 30
0
 11
106.435814999999991
 21
-57.5740929999999977
 31
0
  0
LINE
  5
AE9
330
1B
100
AcDbEntity
  8
F.Cu
  6
CONTINUOUS
100
AcDbLine
 10
106.435814999999991
 20
-57.5740929999999977
 30
0
 11
106.5992419999999896
 21
-57.6066009999999977
 31
0
  0
LINE
  5
AEA
330
1B
100
AcDbEntity
  8
F.Cu
  6
CONTINUOUS
100
AcDbLine
 10
89.360913999999994
 20
-57.6238519999999994
 30
0
 11
89.514727999999991
 21
-57.654447999999995
 31
0
  0
LINE
  5
AEB
330
1B
100
AcDbEntity
  8
F.Cu
  6
CONTINUOUS
100
AcDbLine
 10
89.514727999999991
 20
-57.654447999999995
 30
0
 11
89.6596169999999972
 21
-57.714462999999995
 31
0
  0
LINE
  5
AEC
330
1B
100
AcDbEntity
  8
F.Cu
  6
CONTINUOUS
100
AcDbLine
 10
89.6596169999999972
 20
-57.714462999999995
 30
0
 11
89.7900149999999968
 21
-57.8015919999999994
 31
0
  0
LINE
  5
AED
330
1B
100
AcDbEntity
  8
F.Cu
  6
CONTINUOUS
100
AcDbLine
 10
89.7900149999999968
 20
-57.8015919999999994
 30
0
 11
89.9009080000000012
 21
-57.9124849999999967
 31
0
  0
LINE
  5
AEE
330
1B
100
AcDbEntity
  8
F.Cu
  6
CONTINUOUS
100
AcDbLine
 10
89.9009080000000012
 20
-57.9124849999999967
 30
0
 11
89.9880369999999914
 21
-58.0428829999999962
 31
0
  0
LINE
  5
AEF
330
1B
100
AcDbEntity
  8
F.Cu
  6
CONTINUOUS
100
AcDbLine
 10
89.9880369999999914
 20
-58.0428829999999962
 30
0
 11
90.0480519999999984
 21
-58.1877719999999954
 31
0
  0
LINE
  5
AF0
330
1B
100
AcDbEntity
  8
F.Cu
  6
CONTINUOUS
100
AcDbLine
 10
90.0480519999999984
 20
-58.1877719999999954
 30
0
 11
90.0786480000000012
 21
-58.3415859999999995
 31
0
  0
LINE
  5
AF1
330
1B
100
AcDbEntity
  8
F.Cu
  6
CONTINUOUS
100
AcDbLine
 10
90.0786480000000012
 20
-58.3415859999999995
 30
0
 11
90.0786480000000012
 21
-58.4984139999999968
 31
0
  0
LINE
  5
AF2
330
1B
100
AcDbEntity
  8
F.Cu
  6
CONTINUOUS
100
AcDbLine
 10
90.0786480000000012
 20
-58.4984139999999968
 30
0
 11
90.0480519999999984
 21
-58.6522279999999938
 31
0
  0
LINE
  5
AF3
330
1B
100
AcDbEntity
  8
F.Cu
  6
CONTINUOUS
100
AcDbLine
 10
90.0480519999999984
 20
-58.6522279999999938
 30
0
 11
89.9880369999999914
 21
-58.7971170000000001
 31
0
  0
LINE
  5
AF4
330
1B
100
AcDbEntity
  8
F.Cu
  6
CONTINUOUS
100
AcDbLine
 10
89.9880369999999914
 20
-58.7971170000000001
 30
0
 11
89.9009080000000012
 21
-58.9275149999999996
 31
0
  0
LINE
  5
AF5
330
1B
100
AcDbEntity
  8
F.Cu
  6
CONTINUOUS
100
AcDbLine
 10
89.9009080000000012
 20
-58.9275149999999996
 30
0
 11
89.7900149999999968
 21
-59.0384079999999969
 31
0
  0
LINE
  5
AF6
330
1B
100
AcDbEntity
  8
F.Cu
  6
CONTINUOUS
100
AcDbLine
 10
89.7900149999999968
 20
-59.0384079999999969
 30
0
 11
89.6596169999999972
 21
-59.1255369999999942
 31
0
  0
LINE
  5
AF7
330
1B
100
AcDbEntity
  8
F.Cu
  6
CONTINUOUS
100
AcDbLine
 10
89.6596169999999972
 20
-59.1255369999999942
 30
0
 11
89.514727999999991
 21
-59.1855519999999942
 31
0
  0
LINE
  5
AF8
330
1B
100
AcDbEntity
  8
F.Cu
  6
CONTINUOUS
100
AcDbLine
 10
89.514727999999991
 20
-59.1855519999999942
 30
0
 11
89.360913999999994
 21
-59.2161479999999969
 31
0
  0
LINE
  5
AF9
330
1B
100
AcDbEntity
  8
F.Cu
  6
CONTINUOUS
100
AcDbLine
 10
89.360913999999994
 20
-59.2161479999999969
 30
0
 11
89.2824999999999989
 21
-59.2199999999999989
 31
0
  0
LINE
  5
AFA
330
1B
100
AcDbEntity
  8
F.Cu
  6
CONTINUOUS
100
AcDbLine
 10
89.2824999999999989
 20
-59.2199999999999989
 30
0
 11
88.4825000000000017
 21
-59.2199999999999989
 31
0
  0
LINE
  5
AFB
330
1B
100
AcDbEntity
  8
F.Cu
  6
CONTINUOUS
100
AcDbLine
 10
88.4825000000000017
 20
-59.2199999999999989
 30
0
 11
88.4040859999999924
 21
-59.2161479999999969
 31
0
  0
LINE
  5
AFC
330
1B
100
AcDbEntity
  8
F.Cu
  6
CONTINUOUS
100
AcDbLine
 10
88.4040859999999924
 20
-59.2161479999999969
 30
0
 11
88.2502719999999954
 21
-59.1855519999999942
 31
0
  0
LINE
  5
AFD
330
1B
100
AcDbEntity
  8
F.Cu
  6
CONTINUOUS
100
AcDbLine
 10
88.2502719999999954
 20
-59.1855519999999942
 30
0
 11
88.1053829999999891
 21
-59.1255369999999942
 31
0
  0
LINE
  5
AFE
330
1B
100
AcDbEntity
  8
F.Cu
  6
CONTINUOUS
100
AcDbLine
 10
88.1053829999999891
 20
-59.1255369999999942
 30
0
 11
87.9749849999999896
 21
-59.0384079999999969
 31
0
  0
LINE
  5
AFF
330
1B
100
AcDbEntity
  8
F.Cu
  6
CONTINUOUS
100
AcDbLine
 10
87.9749849999999896
 20
-59.0384079999999969
 30
0
 11
87.8640919999999994
 21
-58.9275149999999996
 31
0
  0
LINE
  5
B00
330
1B
100
AcDbEntity
  8
F.Cu
  6
CONTINUOUS
100
AcDbLine
 10
87.8640919999999994
 20
-58.9275149999999996
 30
0
 11
87.776962999999995
 21
-58.7971170000000001
 31
0
  0
LINE
  5
B01
330
1B
100
AcDbEntity
  8
F.Cu
  6
CONTINUOUS
100
AcDbLine
 10
87.776962999999995
 20
-58.7971170000000001
 30
0
 11
87.7169480000000021
 21
-58.6522279999999938
 31
0
  0
LINE
  5
B02
330
1B
100
AcDbEntity
  8
F.Cu
  6
CONTINUOUS
100
AcDbLine
 10
87.7169480000000021
 20
-58.6522279999999938
 30
0
 11
87.6863519999999994
 21
-58.4984139999999968
 31
0
  0
LINE
  5
B03
330
1B
100
AcDbEntity
  8
F.Cu
  6
CONTINUOUS
100
AcDbLine
 10
87.6863519999999994
 20
-58.4984139999999968
 30
0
 11
87.6863519999999994
 21
-58.3415859999999995
 31
0
  0
LINE
  5
B04
330
1B
100
AcDbEntity
  8
F.Cu
  6
CONTINUOUS
100
AcDbLine
 10
87.6863519999999994
 20
-58.3415859999999995
 30
0
 11
87.7169480000000021
 21
-58.1877719999999954
 31
0
  0
LINE
  5
B05
330
1B
100
AcDbEntity
  8
F.Cu
  6
CONTINUOUS
100
AcDbLine
 10
87.7169480000000021
 20
-58.1877719999999954
 30
0
 11
87.776962999999995
 21
-58.0428829999999962
 31
0
  0
LINE
  5
B06
330
1B
100
AcDbEntity
  8
F.Cu
  6
CONTINUOUS
100
AcDbLine
 10
87.776962999999995
 20
-58.0428829999999962
 30
0
 11
87.8640919999999994
 21
-57.9124849999999967
 31
0
  0
LINE
  5
B07
330
1B
100
AcDbEntity
  8
F.Cu
  6
CONTINUOUS
100
AcDbLine
 10
87.8640919999999994
 20
-57.9124849999999967
 30
0
 11
87.9749849999999896
 21
-57.8015919999999994
 31
0
  0
LINE
  5
B08
330
1B
100
AcDbEntity
  8
F.Cu
  6
CONTINUOUS
100
AcDbLine
 10
87.9749849999999896
 20
-57.8015919999999994
 30
0
 11
88.1053829999999891
 21
-57.714462999999995
 31
0
  0
LINE
  5
B09
330
1B
100
AcDbEntity
  8
F.Cu
  6
CONTINUOUS
100
AcDbLine
 10
88.1053829999999891
 20
-57.714462999999995
 30
0
 11
88.2502719999999954
 21
-57.654447999999995
 31
0
  0
LINE
  5
B0A
330
1B
100
AcDbEntity
  8
F.Cu
  6
CONTINUOUS
100
AcDbLine
 10
88.2502719999999954
 20
-57.654447999999995
 30
0
 11
88.4040859999999924
 21
-57.6238519999999994
 31
0
  0
LINE
  5
B0B
330
1B
100
AcDbEntity
  8
F.Cu
  6
CONTINUOUS
100
AcDbLine
 10
88.4040859999999924
 20
-57.6238519999999994
 30
0
 11
88.4825000000000017
 21
-57.6199999999999974
 31
0
  0
LINE
  5
B0C
330
1B
100
AcDbEntity
  8
F.Cu
  6
CONTINUOUS
100
AcDbLine
 10
88.4825000000000017
 20
-57.6199999999999974
 30
0
 11
89.2824999999999989
 21
-57.6199999999999974
 31
0
  0
LINE
  5
B0D
330
1B
100
AcDbEntity
  8
F.Cu
  6
CONTINUOUS
100
AcDbLine
 10
89.2824999999999989
 20
-57.6199999999999974
 30
0
 11
89.360913999999994
 21
-57.6238519999999994
 31
0
  0
LINE
  5
B0E
330
1B
100
AcDbEntity
  8
F.Cu
  6
CONTINUOUS
100
AcDbLine
 10
96.9809139999999985
 20
-57.6238519999999994
 30
0
 11
97.1347279999999955
 21
-57.654447999999995
 31
0
  0
LINE
  5
B0F
330
1B
100
AcDbEntity
  8
F.Cu
  6
CONTINUOUS
100
AcDbLine
 10
97.1347279999999955
 20
-57.654447999999995
 30
0
 11
97.2796170000000018
 21
-57.714462999999995
 31
0
  0
LINE
  5
B10
330
1B
100
AcDbEntity
  8
F.Cu
  6
CONTINUOUS
100
AcDbLine
 10
97.2796170000000018
 20
-57.714462999999995
 30
0
 11
97.4100150000000014
 21
-57.8015919999999994
 31
0
  0
LINE
  5
B11
330
1B
100
AcDbEntity
  8
F.Cu
  6
CONTINUOUS
100
AcDbLine
 10
97.4100150000000014
 20
-57.8015919999999994
 30
0
 11
97.5209079999999915
 21
-57.9124849999999967
 31
0
  0
LINE
  5
B12
330
1B
100
AcDbEntity
  8
F.Cu
  6
CONTINUOUS
100
AcDbLine
 10
97.5209079999999915
 20
-57.9124849999999967
 30
0
 11
97.6080369999999959
 21
-58.0428829999999962
 31
0
  0
LINE
  5
B13
330
1B
100
AcDbEntity
  8
F.Cu
  6
CONTINUOUS
100
AcDbLine
 10
97.6080369999999959
 20
-58.0428829999999962
 30
0
 11
97.6680519999999888
 21
-58.1877719999999954
 31
0
  0
LINE
  5
B14
330
1B
100
AcDbEntity
  8
F.Cu
  6
CONTINUOUS
100
AcDbLine
 10
97.6680519999999888
 20
-58.1877719999999954
 30
0
 11
97.6986479999999915
 21
-58.3415859999999995
 31
0
  0
LINE
  5
B15
330
1B
100
AcDbEntity
  8
F.Cu
  6
CONTINUOUS
100
AcDbLine
 10
97.6986479999999915
 20
-58.3415859999999995
 30
0
 11
97.6986479999999915
 21
-58.4984139999999968
 31
0
  0
LINE
  5
B16
330
1B
100
AcDbEntity
  8
F.Cu
  6
CONTINUOUS
100
AcDbLine
 10
97.6986479999999915
 20
-58.4984139999999968
 30
0
 11
97.6680519999999888
 21
-58.6522279999999938
 31
0
  0
LINE
  5
B17
330
1B
100
AcDbEntity
  8
F.Cu
  6
CONTINUOUS
100
AcDbLine
 10
97.6680519999999888
 20
-58.6522279999999938
 30
0
 11
97.6080369999999959
 21
-58.7971170000000001
 31
0
  0
LINE
  5
B18
330
1B
100
AcDbEntity
  8
F.Cu
  6
CONTINUOUS
100
AcDbLine
 10
97.6080369999999959
 20
-58.7971170000000001
 30
0
 11
97.5209079999999915
 21
-58.9275149999999996
 31
0
  0
LINE
  5
B19
330
1B
100
AcDbEntity
  8
F.Cu
  6
CONTINUOUS
100
AcDbLine
 10
97.5209079999999915
 20
-58.9275149999999996
 30
0
 11
97.4100150000000014
 21
-59.0384079999999969
 31
0
  0
LINE
  5
B1A
330
1B
100
AcDbEntity
  8
F.Cu
  6
CONTINUOUS
100
AcDbLine
 10
97.4100150000000014
 20
-59.0384079999999969
 30
0
 11
97.2796170000000018
 21
-59.1255369999999942
 31
0
  0
LINE
  5
B1B
330
1B
100
AcDbEntity
  8
F.Cu
  6
CONTINUOUS
100
AcDbLine
 10
97.2796170000000018
 20
-59.1255369999999942
 30
0
 11
97.1347279999999955
 21
-59.1855519999999942
 31
0
  0
LINE
  5
B1C
330
1B
100
AcDbEntity
  8
F.Cu
  6
CONTINUOUS
100
AcDbLine
 10
97.1347279999999955
 20
-59.1855519999999942
 30
0
 11
96.9809139999999985
 21
-59.2161479999999969
 31
0
  0
LINE
  5
B1D
330
1B
100
AcDbEntity
  8
F.Cu
  6
CONTINUOUS
100
AcDbLine
 10
96.9809139999999985
 20
-59.2161479999999969
 30
0
 11
96.9024999999999892
 21
-59.2199999999999989
 31
0
  0
LINE
  5
B1E
330
1B
100
AcDbEntity
  8
F.Cu
  6
CONTINUOUS
100
AcDbLine
 10
96.9024999999999892
 20
-59.2199999999999989
 30
0
 11
96.102499999999992
 21
-59.2199999999999989
 31
0
  0
LINE
  5
B1F
330
1B
100
AcDbEntity
  8
F.Cu
  6
CONTINUOUS
100
AcDbLine
 10
96.102499999999992
 20
-59.2199999999999989
 30
0
 11
96.0240859999999969
 21
-59.2161479999999969
 31
0
  0
LINE
  5
B20
330
1B
100
AcDbEntity
  8
F.Cu
  6
CONTINUOUS
100
AcDbLine
 10
96.0240859999999969
 20
-59.2161479999999969
 30
0
 11
95.8702719999999999
 21
-59.1855519999999942
 31
0
  0
LINE
  5
B21
330
1B
100
AcDbEntity
  8
F.Cu
  6
CONTINUOUS
100
AcDbLine
 10
95.8702719999999999
 20
-59.1855519999999942
 30
0
 11
95.7253829999999937
 21
-59.1255369999999942
 31
0
  0
LINE
  5
B22
330
1B
100
AcDbEntity
  8
F.Cu
  6
CONTINUOUS
100
AcDbLine
 10
95.7253829999999937
 20
-59.1255369999999942
 30
0
 11
95.5949849999999941
 21
-59.0384079999999969
 31
0
  0
LINE
  5
B23
330
1B
100
AcDbEntity
  8
F.Cu
  6
CONTINUOUS
100
AcDbLine
 10
95.5949849999999941
 20
-59.0384079999999969
 30
0
 11
95.4840919999999898
 21
-58.9275149999999996
 31
0
  0
LINE
  5
B24
330
1B
100
AcDbEntity
  8
F.Cu
  6
CONTINUOUS
100
AcDbLine
 10
95.4840919999999898
 20
-58.9275149999999996
 30
0
 11
95.3969629999999995
 21
-58.7971170000000001
 31
0
  0
LINE
  5
B25
330
1B
100
AcDbEntity
  8
F.Cu
  6
CONTINUOUS
100
AcDbLine
 10
95.3969629999999995
 20
-58.7971170000000001
 30
0
 11
95.3369479999999925
 21
-58.6522279999999938
 31
0
  0
LINE
  5
B26
330
1B
100
AcDbEntity
  8
F.Cu
  6
CONTINUOUS
100
AcDbLine
 10
95.3369479999999925
 20
-58.6522279999999938
 30
0
 11
95.3063519999999897
 21
-58.4984139999999968
 31
0
  0
LINE
  5
B27
330
1B
100
AcDbEntity
  8
F.Cu
  6
CONTINUOUS
100
AcDbLine
 10
95.3063519999999897
 20
-58.4984139999999968
 30
0
 11
95.3063519999999897
 21
-58.3415859999999995
 31
0
  0
LINE
  5
B28
330
1B
100
AcDbEntity
  8
F.Cu
  6
CONTINUOUS
100
AcDbLine
 10
95.3063519999999897
 20
-58.3415859999999995
 30
0
 11
95.3369479999999925
 21
-58.1877719999999954
 31
0
  0
LINE
  5
B29
330
1B
100
AcDbEntity
  8
F.Cu
  6
CONTINUOUS
100
AcDbLine
 10
95.3369479999999925
 20
-58.1877719999999954
 30
0
 11
95.3969629999999995
 21
-58.0428829999999962
 31
0
  0
LINE
  5
B2A
330
1B
100
AcDbEntity
  8
F.Cu
  6
CONTINUOUS
100
AcDbLine
 10
95.3969629999999995
 20
-58.0428829999999962
 30
0
 11
95.4840919999999898
 21
-57.9124849999999967
 31
0
  0
LINE
  5
B2B
330
1B
100
AcDbEntity
  8
F.Cu
  6
CONTINUOUS
100
AcDbLine
 10
95.4840919999999898
 20
-57.9124849999999967
 30
0
 11
95.5949849999999941
 21
-57.8015919999999994
 31
0
  0
LINE
  5
B2C
330
1B
100
AcDbEntity
  8
F.Cu
  6
CONTINUOUS
100
AcDbLine
 10
95.5949849999999941
 20
-57.8015919999999994
 30
0
 11
95.7253829999999937
 21
-57.714462999999995
 31
0
  0
LINE
  5
B2D
330
1B
100
AcDbEntity
  8
F.Cu
  6
CONTINUOUS
100
AcDbLine
 10
95.7253829999999937
 20
-57.714462999999995
 30
0
 11
95.8702719999999999
 21
-57.654447999999995
 31
0
  0
LINE
  5
B2E
330
1B
100
AcDbEntity
  8
F.Cu
  6
CONTINUOUS
100
AcDbLine
 10
95.8702719999999999
 20
-57.654447999999995
 30
0
 11
96.0240859999999969
 21
-57.6238519999999994
 31
0
  0
LINE
  5
B2F
330
1B
100
AcDbEntity
  8
F.Cu
  6
CONTINUOUS
100
AcDbLine
 10
96.0240859999999969
 20
-57.6238519999999994
 30
0
 11
96.102499999999992
 21
-57.6199999999999974
 31
0
  0
LINE
  5
B30
330
1B
100
AcDbEntity
  8
F.Cu
  6
CONTINUOUS
100
AcDbLine
 10
96.102499999999992
 20
-57.6199999999999974
 30
0
 11
96.9024999999999892
 21
-57.6199999999999974
 31
0
  0
LINE
  5
B31
330
1B
100
AcDbEntity
  8
F.Cu
  6
CONTINUOUS
100
AcDbLine
 10
96.9024999999999892
 20
-57.6199999999999974
 30
0
 11
96.9809139999999985
 21
-57.6238519999999994
 31
0
  0
LINE
  5
B32
330
1B
100
AcDbEntity
  8
F.Cu
  6
CONTINUOUS
100
AcDbLine
 10
107.2025000000000006
 20
-56.7299999999999969
 30
0
 11
105.5024999999999977
 21
-56.7299999999999969
 31
0
  0
LINE
  5
B33
330
1B
100
AcDbEntity
  8
F.Cu
  6
CONTINUOUS
100
AcDbLine
 10
105.5024999999999977
 20
-56.7299999999999969
 30
0
 11
105.5024999999999977
 21
-55.029999999999994
 31
0
  0
LINE
  5
B34
330
1B
100
AcDbEntity
  8
F.Cu
  6
CONTINUOUS
100
AcDbLine
 10
105.5024999999999977
 20
-55.029999999999994
 30
0
 11
107.2025000000000006
 21
-55.029999999999994
 31
0
  0
LINE
  5
B35
330
1B
100
AcDbEntity
  8
F.Cu
  6
CONTINUOUS
100
AcDbLine
 10
107.2025000000000006
 20
-55.029999999999994
 30
0
 11
107.2025000000000006
 21
-56.7299999999999969
 31
0
  0
LINE
  5
B36
330
1B
100
AcDbEntity
  8
F.Cu
  6
CONTINUOUS
100
AcDbLine
 10
89.9281709999999919
 20
-55.0990299999999991
 30
0
 11
90.0092769999999973
 21
-55.153222999999997
 31
0
  0
LINE
  5
B37
330
1B
100
AcDbEntity
  8
F.Cu
  6
CONTINUOUS
100
AcDbLine
 10
90.0092769999999973
 20
-55.153222999999997
 30
0
 11
90.0634699999999953
 21
-55.2343289999999953
 31
0
  0
LINE
  5
B38
330
1B
100
AcDbEntity
  8
F.Cu
  6
CONTINUOUS
100
AcDbLine
 10
90.0634699999999953
 20
-55.2343289999999953
 30
0
 11
90.082499999999996
 21
-55.3299999999999983
 31
0
  0
LINE
  5
B39
330
1B
100
AcDbEntity
  8
F.Cu
  6
CONTINUOUS
100
AcDbLine
 10
90.082499999999996
 20
-55.3299999999999983
 30
0
 11
90.082499999999996
 21
-56.4299999999999997
 31
0
  0
LINE
  5
B3A
330
1B
100
AcDbEntity
  8
F.Cu
  6
CONTINUOUS
100
AcDbLine
 10
90.082499999999996
 20
-56.4299999999999997
 30
0
 11
90.0634699999999953
 21
-56.5256709999999956
 31
0
  0
LINE
  5
B3B
330
1B
100
AcDbEntity
  8
F.Cu
  6
CONTINUOUS
100
AcDbLine
 10
90.0634699999999953
 20
-56.5256709999999956
 30
0
 11
90.0092769999999973
 21
-56.6067769999999939
 31
0
  0
LINE
  5
B3C
330
1B
100
AcDbEntity
  8
F.Cu
  6
CONTINUOUS
100
AcDbLine
 10
90.0092769999999973
 20
-56.6067769999999939
 30
0
 11
89.9281709999999919
 21
-56.6609699999999989
 31
0
  0
LINE
  5
B3D
330
1B
100
AcDbEntity
  8
F.Cu
  6
CONTINUOUS
100
AcDbLine
 10
89.9281709999999919
 20
-56.6609699999999989
 30
0
 11
89.832499999999996
 21
-56.6799999999999997
 31
0
  0
LINE
  5
B3E
330
1B
100
AcDbEntity
  8
F.Cu
  6
CONTINUOUS
100
AcDbLine
 10
89.832499999999996
 20
-56.6799999999999997
 30
0
 11
87.9324999999999903
 21
-56.6799999999999997
 31
0
  0
LINE
  5
B3F
330
1B
100
AcDbEntity
  8
F.Cu
  6
CONTINUOUS
100
AcDbLine
 10
87.9324999999999903
 20
-56.6799999999999997
 30
0
 11
87.8368289999999945
 21
-56.6609699999999989
 31
0
  0
LINE
  5
B40
330
1B
100
AcDbEntity
  8
F.Cu
  6
CONTINUOUS
100
AcDbLine
 10
87.8368289999999945
 20
-56.6609699999999989
 30
0
 11
87.755722999999989
 21
-56.6067769999999939
 31
0
  0
LINE
  5
B41
330
1B
100
AcDbEntity
  8
F.Cu
  6
CONTINUOUS
100
AcDbLine
 10
87.755722999999989
 20
-56.6067769999999939
 30
0
 11
87.7015299999999911
 21
-56.5256709999999956
 31
0
  0
LINE
  5
B42
330
1B
100
AcDbEntity
  8
F.Cu
  6
CONTINUOUS
100
AcDbLine
 10
87.7015299999999911
 20
-56.5256709999999956
 30
0
 11
87.6824999999999903
 21
-56.4299999999999997
 31
0
  0
LINE
  5
B43
330
1B
100
AcDbEntity
  8
F.Cu
  6
CONTINUOUS
100
AcDbLine
 10
87.6824999999999903
 20
-56.4299999999999997
 30
0
 11
87.6824999999999903
 21
-55.3299999999999983
 31
0
  0
LINE
  5
B44
330
1B
100
AcDbEntity
  8
F.Cu
  6
CONTINUOUS
100
AcDbLine
 10
87.6824999999999903
 20
-55.3299999999999983
 30
0
 11
87.7015299999999911
 21
-55.2343289999999953
 31
0
  0
LINE
  5
B45
330
1B
100
AcDbEntity
  8
F.Cu
  6
CONTINUOUS
100
AcDbLine
 10
87.7015299999999911
 20
-55.2343289999999953
 30
0
 11
87.755722999999989
 21
-55.153222999999997
 31
0
  0
LINE
  5
B46
330
1B
100
AcDbEntity
  8
F.Cu
  6
CONTINUOUS
100
AcDbLine
 10
87.755722999999989
 20
-55.153222999999997
 30
0
 11
87.8368289999999945
 21
-55.0990299999999991
 31
0
  0
LINE
  5
B47
330
1B
100
AcDbEntity
  8
F.Cu
  6
CONTINUOUS
100
AcDbLine
 10
87.8368289999999945
 20
-55.0990299999999991
 30
0
 11
87.9324999999999903
 21
-55.0799999999999983
 31
0
  0
LINE
  5
B48
330
1B
100
AcDbEntity
  8
F.Cu
  6
CONTINUOUS
100
AcDbLine
 10
87.9324999999999903
 20
-55.0799999999999983
 30
0
 11
89.832499999999996
 21
-55.0799999999999983
 31
0
  0
LINE
  5
B49
330
1B
100
AcDbEntity
  8
F.Cu
  6
CONTINUOUS
100
AcDbLine
 10
89.832499999999996
 20
-55.0799999999999983
 30
0
 11
89.9281709999999919
 21
-55.0990299999999991
 31
0
  0
LINE
  5
B4A
330
1B
100
AcDbEntity
  8
F.Cu
  6
CONTINUOUS
100
AcDbLine
 10
96.9809139999999985
 20
-55.0838520000000003
 30
0
 11
97.1347279999999955
 21
-55.1144479999999959
 31
0
  0
LINE
  5
B4B
330
1B
100
AcDbEntity
  8
F.Cu
  6
CONTINUOUS
100
AcDbLine
 10
97.1347279999999955
 20
-55.1144479999999959
 30
0
 11
97.2796170000000018
 21
-55.1744629999999958
 31
0
  0
LINE
  5
B4C
330
1B
100
AcDbEntity
  8
F.Cu
  6
CONTINUOUS
100
AcDbLine
 10
97.2796170000000018
 20
-55.1744629999999958
 30
0
 11
97.4100150000000014
 21
-55.2615920000000003
 31
0
  0
LINE
  5
B4D
330
1B
100
AcDbEntity
  8
F.Cu
  6
CONTINUOUS
100
AcDbLine
 10
97.4100150000000014
 20
-55.2615920000000003
 30
0
 11
97.5209079999999915
 21
-55.3724849999999975
 31
0
  0
LINE
  5
B4E
330
1B
100
AcDbEntity
  8
F.Cu
  6
CONTINUOUS
100
AcDbLine
 10
97.5209079999999915
 20
-55.3724849999999975
 30
0
 11
97.6080369999999959
 21
-55.5028829999999971
 31
0
  0
LINE
  5
B4F
330
1B
100
AcDbEntity
  8
F.Cu
  6
CONTINUOUS
100
AcDbLine
 10
97.6080369999999959
 20
-55.5028829999999971
 30
0
 11
97.6680519999999888
 21
-55.6477719999999962
 31
0
  0
LINE
  5
B50
330
1B
100
AcDbEntity
  8
F.Cu
  6
CONTINUOUS
100
AcDbLine
 10
97.6680519999999888
 20
-55.6477719999999962
 30
0
 11
97.6986479999999915
 21
-55.8015860000000004
 31
0
  0
LINE
  5
B51
330
1B
100
AcDbEntity
  8
F.Cu
  6
CONTINUOUS
100
AcDbLine
 10
97.6986479999999915
 20
-55.8015860000000004
 30
0
 11
97.6986479999999915
 21
-55.9584139999999977
 31
0
  0
LINE
  5
B52
330
1B
100
AcDbEntity
  8
F.Cu
  6
CONTINUOUS
100
AcDbLine
 10
97.6986479999999915
 20
-55.9584139999999977
 30
0
 11
97.6680519999999888
 21
-56.1122279999999947
 31
0
  0
LINE
  5
B53
330
1B
100
AcDbEntity
  8
F.Cu
  6
CONTINUOUS
100
AcDbLine
 10
97.6680519999999888
 20
-56.1122279999999947
 30
0
 11
97.6080369999999959
 21
-56.2571170000000009
 31
0
  0
LINE
  5
B54
330
1B
100
AcDbEntity
  8
F.Cu
  6
CONTINUOUS
100
AcDbLine
 10
97.6080369999999959
 20
-56.2571170000000009
 30
0
 11
97.5209079999999915
 21
-56.3875150000000005
 31
0
  0
LINE
  5
B55
330
1B
100
AcDbEntity
  8
F.Cu
  6
CONTINUOUS
100
AcDbLine
 10
97.5209079999999915
 20
-56.3875150000000005
 30
0
 11
97.4100150000000014
 21
-56.4984079999999977
 31
0
  0
LINE
  5
B56
330
1B
100
AcDbEntity
  8
F.Cu
  6
CONTINUOUS
100
AcDbLine
 10
97.4100150000000014
 20
-56.4984079999999977
 30
0
 11
97.2796170000000018
 21
-56.5855369999999951
 31
0
  0
LINE
  5
B57
330
1B
100
AcDbEntity
  8
F.Cu
  6
CONTINUOUS
100
AcDbLine
 10
97.2796170000000018
 20
-56.5855369999999951
 30
0
 11
97.1347279999999955
 21
-56.645551999999995
 31
0
  0
LINE
  5
B58
330
1B
100
AcDbEntity
  8
F.Cu
  6
CONTINUOUS
100
AcDbLine
 10
97.1347279999999955
 20
-56.645551999999995
 30
0
 11
96.9809139999999985
 21
-56.6761479999999978
 31
0
  0
LINE
  5
B59
330
1B
100
AcDbEntity
  8
F.Cu
  6
CONTINUOUS
100
AcDbLine
 10
96.9809139999999985
 20
-56.6761479999999978
 30
0
 11
96.9024999999999892
 21
-56.6799999999999997
 31
0
  0
LINE
  5
B5A
330
1B
100
AcDbEntity
  8
F.Cu
  6
CONTINUOUS
100
AcDbLine
 10
96.9024999999999892
 20
-56.6799999999999997
 30
0
 11
96.102499999999992
 21
-56.6799999999999997
 31
0
  0
LINE
  5
B5B
330
1B
100
AcDbEntity
  8
F.Cu
  6
CONTINUOUS
100
AcDbLine
 10
96.102499999999992
 20
-56.6799999999999997
 30
0
 11
96.0240859999999969
 21
-56.6761479999999978
 31
0
  0
LINE
  5
B5C
330
1B
100
AcDbEntity
  8
F.Cu
  6
CONTINUOUS
100
AcDbLine
 10
96.0240859999999969
 20
-56.6761479999999978
 30
0
 11
95.8702719999999999
 21
-56.645551999999995
 31
0
  0
LINE
  5
B5D
330
1B
100
AcDbEntity
  8
F.Cu
  6
CONTINUOUS
100
AcDbLine
 10
95.8702719999999999
 20
-56.645551999999995
 30
0
 11
95.7253829999999937
 21
-56.5855369999999951
 31
0
  0
LINE
  5
B5E
330
1B
100
AcDbEntity
  8
F.Cu
  6
CONTINUOUS
100
AcDbLine
 10
95.7253829999999937
 20
-56.5855369999999951
 30
0
 11
95.5949849999999941
 21
-56.4984079999999977
 31
0
  0
LINE
  5
B5F
330
1B
100
AcDbEntity
  8
F.Cu
  6
CONTINUOUS
100
AcDbLine
 10
95.5949849999999941
 20
-56.4984079999999977
 30
0
 11
95.4840919999999898
 21
-56.3875150000000005
 31
0
  0
LINE
  5
B60
330
1B
100
AcDbEntity
  8
F.Cu
  6
CONTINUOUS
100
AcDbLine
 10
95.4840919999999898
 20
-56.3875150000000005
 30
0
 11
95.3969629999999995
 21
-56.2571170000000009
 31
0
  0
LINE
  5
B61
330
1B
100
AcDbEntity
  8
F.Cu
  6
CONTINUOUS
100
AcDbLine
 10
95.3969629999999995
 20
-56.2571170000000009
 30
0
 11
95.3369479999999925
 21
-56.1122279999999947
 31
0
  0
LINE
  5
B62
330
1B
100
AcDbEntity
  8
F.Cu
  6
CONTINUOUS
100
AcDbLine
 10
95.3369479999999925
 20
-56.1122279999999947
 30
0
 11
95.3063519999999897
 21
-55.9584139999999977
 31
0
  0
LINE
  5
B63
330
1B
100
AcDbEntity
  8
F.Cu
  6
CONTINUOUS
100
AcDbLine
 10
95.3063519999999897
 20
-55.9584139999999977
 30
0
 11
95.3063519999999897
 21
-55.8015860000000004
 31
0
  0
LINE
  5
B64
330
1B
100
AcDbEntity
  8
F.Cu
  6
CONTINUOUS
100
AcDbLine
 10
95.3063519999999897
 20
-55.8015860000000004
 30
0
 11
95.3369479999999925
 21
-55.6477719999999962
 31
0
  0
LINE
  5
B65
330
1B
100
AcDbEntity
  8
F.Cu
  6
CONTINUOUS
100
AcDbLine
 10
95.3369479999999925
 20
-55.6477719999999962
 30
0
 11
95.3969629999999995
 21
-55.5028829999999971
 31
0
  0
LINE
  5
B66
330
1B
100
AcDbEntity
  8
F.Cu
  6
CONTINUOUS
100
AcDbLine
 10
95.3969629999999995
 20
-55.5028829999999971
 30
0
 11
95.4840919999999898
 21
-55.3724849999999975
 31
0
  0
LINE
  5
B67
330
1B
100
AcDbEntity
  8
F.Cu
  6
CONTINUOUS
100
AcDbLine
 10
95.4840919999999898
 20
-55.3724849999999975
 30
0
 11
95.5949849999999941
 21
-55.2615920000000003
 31
0
  0
LINE
  5
B68
330
1B
100
AcDbEntity
  8
F.Cu
  6
CONTINUOUS
100
AcDbLine
 10
95.5949849999999941
 20
-55.2615920000000003
 30
0
 11
95.7253829999999937
 21
-55.1744629999999958
 31
0
  0
LINE
  5
B69
330
1B
100
AcDbEntity
  8
F.Cu
  6
CONTINUOUS
100
AcDbLine
 10
95.7253829999999937
 20
-55.1744629999999958
 30
0
 11
95.8702719999999999
 21
-55.1144479999999959
 31
0
  0
LINE
  5
B6A
330
1B
100
AcDbEntity
  8
F.Cu
  6
CONTINUOUS
100
AcDbLine
 10
95.8702719999999999
 20
-55.1144479999999959
 30
0
 11
96.0240859999999969
 21
-55.0838520000000003
 31
0
  0
LINE
  5
B6B
330
1B
100
AcDbEntity
  8
F.Cu
  6
CONTINUOUS
100
AcDbLine
 10
96.0240859999999969
 20
-55.0838520000000003
 30
0
 11
96.102499999999992
 21
-55.0799999999999983
 31
0
  0
LINE
  5
B6C
330
1B
100
AcDbEntity
  8
F.Cu
  6
CONTINUOUS
100
AcDbLine
 10
96.102499999999992
 20
-55.0799999999999983
 30
0
 11
96.9024999999999892
 21
-55.0799999999999983
 31
0
  0
LINE
  5
B6D
330
1B
100
AcDbEntity
  8
F.Cu
  6
CONTINUOUS
100
AcDbLine
 10
96.9024999999999892
 20
-55.0799999999999983
 30
0
 11
96.9809139999999985
 21
-55.0838520000000003
 31
0
  0
LINE
  5
B6E
330
1B
100
AcDbEntity
  8
F.Cu
  6
CONTINUOUS
100
AcDbLine
 10
60.2612559999999959
 20
-42.1387539999999987
 30
0
 11
60.4242569999999972
 21
-42.206271000000001
 31
0
  0
LINE
  5
B6F
330
1B
100
AcDbEntity
  8
F.Cu
  6
CONTINUOUS
100
AcDbLine
 10
60.4242569999999972
 20
-42.206271000000001
 30
0
 11
60.5709540000000004
 21
-42.3042909999999992
 31
0
  0
LINE
  5
B70
330
1B
100
AcDbEntity
  8
F.Cu
  6
CONTINUOUS
100
AcDbLine
 10
60.5709540000000004
 20
-42.3042909999999992
 30
0
 11
60.6957090000000008
 21
-42.4290459999999996
 31
0
  0
LINE
  5
B71
330
1B
100
AcDbEntity
  8
F.Cu
  6
CONTINUOUS
100
AcDbLine
 10
60.6957090000000008
 20
-42.4290459999999996
 30
0
 11
60.793728999999999
 21
-42.5757429999999957
 31
0
  0
LINE
  5
B72
330
1B
100
AcDbEntity
  8
F.Cu
  6
CONTINUOUS
100
AcDbLine
 10
60.793728999999999
 20
-42.5757429999999957
 30
0
 11
60.8612459999999942
 21
-42.738743999999997
 31
0
  0
LINE
  5
B73
330
1B
100
AcDbEntity
  8
F.Cu
  6
CONTINUOUS
100
AcDbLine
 10
60.8612459999999942
 20
-42.738743999999997
 30
0
 11
60.8956659999999985
 21
-42.9117849999999947
 31
0
  0
LINE
  5
B74
330
1B
100
AcDbEntity
  8
F.Cu
  6
CONTINUOUS
100
AcDbLine
 10
60.8956659999999985
 20
-42.9117849999999947
 30
0
 11
60.8956659999999985
 21
-43.0882149999999982
 31
0
  0
LINE
  5
B75
330
1B
100
AcDbEntity
  8
F.Cu
  6
CONTINUOUS
100
AcDbLine
 10
60.8956659999999985
 20
-43.0882149999999982
 30
0
 11
60.8790169999999975
 21
-43.1719110000000015
 31
0
  0
LINE
  5
B76
330
1B
100
AcDbEntity
  8
F.Cu
  6
CONTINUOUS
100
AcDbLine
 10
60.8790169999999975
 20
-43.1719110000000015
 30
0
 11
69.8535540000000026
 21
-52.1464469999999949
 31
0
  0
LINE
  5
B77
330
1B
100
AcDbEntity
  8
F.Cu
  6
CONTINUOUS
100
AcDbLine
 10
69.8535540000000026
 20
-52.1464469999999949
 30
0
 11
69.8956099999999907
 21
-52.1944049999999962
 31
0
  0
LINE
  5
B78
330
1B
100
AcDbEntity
  8
F.Cu
  6
CONTINUOUS
100
AcDbLine
 10
69.8956099999999907
 20
-52.1944049999999962
 30
0
 11
69.9242569999999972
 21
-52.206271000000001
 31
0
  0
LINE
  5
B79
330
1B
100
AcDbEntity
  8
F.Cu
  6
CONTINUOUS
100
AcDbLine
 10
69.9242569999999972
 20
-52.206271000000001
 30
0
 11
70.0709540000000004
 21
-52.3042909999999992
 31
0
  0
LINE
  5
B7A
330
1B
100
AcDbEntity
  8
F.Cu
  6
CONTINUOUS
100
AcDbLine
 10
70.0709540000000004
 20
-52.3042909999999992
 30
0
 11
70.1957089999999937
 21
-52.4290459999999996
 31
0
  0
LINE
  5
B7B
330
1B
100
AcDbEntity
  8
F.Cu
  6
CONTINUOUS
100
AcDbLine
 10
70.1957089999999937
 20
-52.4290459999999996
 30
0
 11
70.243118999999993
 21
-52.5
 31
0
  0
LINE
  5
B7C
330
1B
100
AcDbEntity
  8
F.Cu
  6
CONTINUOUS
100
AcDbLine
 10
70.243118999999993
 20
-52.5
 30
0
 11
78.7568809999999928
 21
-52.5
 31
0
  0
LINE
  5
B7D
330
1B
100
AcDbEntity
  8
F.Cu
  6
CONTINUOUS
100
AcDbLine
 10
78.7568809999999928
 20
-52.5
 30
0
 11
78.8042909999999921
 21
-52.4290459999999996
 31
0
  0
LINE
  5
B7E
330
1B
100
AcDbEntity
  8
F.Cu
  6
CONTINUOUS
100
AcDbLine
 10
78.8042909999999921
 20
-52.4290459999999996
 30
0
 11
78.9290459999999996
 21
-52.3042909999999992
 31
0
  0
LINE
  5
B7F
330
1B
100
AcDbEntity
  8
F.Cu
  6
CONTINUOUS
100
AcDbLine
 10
78.9290459999999996
 20
-52.3042909999999992
 30
0
 11
79.0757430000000028
 21
-52.206271000000001
 31
0
  0
LINE
  5
B80
330
1B
100
AcDbEntity
  8
F.Cu
  6
CONTINUOUS
100
AcDbLine
 10
79.0757430000000028
 20
-52.206271000000001
 30
0
 11
79.238743999999997
 21
-52.1387539999999987
 31
0
  0
LINE
  5
B81
330
1B
100
AcDbEntity
  8
F.Cu
  6
CONTINUOUS
100
AcDbLine
 10
79.238743999999997
 20
-52.1387539999999987
 30
0
 11
79.4117849999999947
 21
-52.1043339999999944
 31
0
  0
LINE
  5
B82
330
1B
100
AcDbEntity
  8
F.Cu
  6
CONTINUOUS
100
AcDbLine
 10
79.4117849999999947
 20
-52.1043339999999944
 30
0
 11
79.5882149999999911
 21
-52.1043339999999944
 31
0
  0
LINE
  5
B83
330
1B
100
AcDbEntity
  8
F.Cu
  6
CONTINUOUS
100
AcDbLine
 10
79.5882149999999911
 20
-52.1043339999999944
 30
0
 11
79.761256000000003
 21
-52.1387539999999987
 31
0
  0
LINE
  5
B84
330
1B
100
AcDbEntity
  8
F.Cu
  6
CONTINUOUS
100
AcDbLine
 10
79.761256000000003
 20
-52.1387539999999987
 30
0
 11
79.9242569999999972
 21
-52.206271000000001
 31
0
  0
LINE
  5
B85
330
1B
100
AcDbEntity
  8
F.Cu
  6
CONTINUOUS
100
AcDbLine
 10
79.9242569999999972
 20
-52.206271000000001
 30
0
 11
80.0709540000000004
 21
-52.3042909999999992
 31
0
  0
LINE
  5
B86
330
1B
100
AcDbEntity
  8
F.Cu
  6
CONTINUOUS
100
AcDbLine
 10
80.0709540000000004
 20
-52.3042909999999992
 30
0
 11
80.1957089999999937
 21
-52.4290459999999996
 31
0
  0
LINE
  5
B87
330
1B
100
AcDbEntity
  8
F.Cu
  6
CONTINUOUS
100
AcDbLine
 10
80.1957089999999937
 20
-52.4290459999999996
 30
0
 11
80.293728999999999
 21
-52.5757429999999957
 31
0
  0
LINE
  5
B88
330
1B
100
AcDbEntity
  8
F.Cu
  6
CONTINUOUS
100
AcDbLine
 10
80.293728999999999
 20
-52.5757429999999957
 30
0
 11
80.3612459999999942
 21
-52.738743999999997
 31
0
  0
LINE
  5
B89
330
1B
100
AcDbEntity
  8
F.Cu
  6
CONTINUOUS
100
AcDbLine
 10
80.3612459999999942
 20
-52.738743999999997
 30
0
 11
80.3956659999999914
 21
-52.9117849999999947
 31
0
  0
LINE
  5
B8A
330
1B
100
AcDbEntity
  8
F.Cu
  6
CONTINUOUS
100
AcDbLine
 10
80.3956659999999914
 20
-52.9117849999999947
 30
0
 11
80.3956659999999914
 21
-53.0882149999999982
 31
0
  0
LINE
  5
B8B
330
1B
100
AcDbEntity
  8
F.Cu
  6
CONTINUOUS
100
AcDbLine
 10
80.3956659999999914
 20
-53.0882149999999982
 30
0
 11
80.3612459999999942
 21
-53.2612559999999959
 31
0
  0
LINE
  5
B8C
330
1B
100
AcDbEntity
  8
F.Cu
  6
CONTINUOUS
100
AcDbLine
 10
80.3612459999999942
 20
-53.2612559999999959
 30
0
 11
80.293728999999999
 21
-53.4242569999999972
 31
0
  0
LINE
  5
B8D
330
1B
100
AcDbEntity
  8
F.Cu
  6
CONTINUOUS
100
AcDbLine
 10
80.293728999999999
 20
-53.4242569999999972
 30
0
 11
80.1957089999999937
 21
-53.5709540000000004
 31
0
  0
LINE
  5
B8E
330
1B
100
AcDbEntity
  8
F.Cu
  6
CONTINUOUS
100
AcDbLine
 10
80.1957089999999937
 20
-53.5709540000000004
 30
0
 11
80.0709540000000004
 21
-53.6957090000000008
 31
0
  0
LINE
  5
B8F
330
1B
100
AcDbEntity
  8
F.Cu
  6
CONTINUOUS
100
AcDbLine
 10
80.0709540000000004
 20
-53.6957090000000008
 30
0
 11
79.9242569999999972
 21
-53.793728999999999
 31
0
  0
LINE
  5
B90
330
1B
100
AcDbEntity
  8
F.Cu
  6
CONTINUOUS
100
AcDbLine
 10
79.9242569999999972
 20
-53.793728999999999
 30
0
 11
79.761256000000003
 21
-53.8612459999999942
 31
0
  0
LINE
  5
B91
330
1B
100
AcDbEntity
  8
F.Cu
  6
CONTINUOUS
100
AcDbLine
 10
79.761256000000003
 20
-53.8612459999999942
 30
0
 11
79.5882149999999911
 21
-53.8956659999999985
 31
0
  0
LINE
  5
B92
330
1B
100
AcDbEntity
  8
F.Cu
  6
CONTINUOUS
100
AcDbLine
 10
79.5882149999999911
 20
-53.8956659999999985
 30
0
 11
79.4117849999999947
 21
-53.8956659999999985
 31
0
  0
LINE
  5
B93
330
1B
100
AcDbEntity
  8
F.Cu
  6
CONTINUOUS
100
AcDbLine
 10
79.4117849999999947
 20
-53.8956659999999985
 30
0
 11
79.238743999999997
 21
-53.8612459999999942
 31
0
  0
LINE
  5
B94
330
1B
100
AcDbEntity
  8
F.Cu
  6
CONTINUOUS
100
AcDbLine
 10
79.238743999999997
 20
-53.8612459999999942
 30
0
 11
79.0757430000000028
 21
-53.793728999999999
 31
0
  0
LINE
  5
B95
330
1B
100
AcDbEntity
  8
F.Cu
  6
CONTINUOUS
100
AcDbLine
 10
79.0757430000000028
 20
-53.793728999999999
 30
0
 11
78.9290459999999996
 21
-53.6957090000000008
 31
0
  0
LINE
  5
B96
330
1B
100
AcDbEntity
  8
F.Cu
  6
CONTINUOUS
100
AcDbLine
 10
78.9290459999999996
 20
-53.6957090000000008
 30
0
 11
78.8042909999999921
 21
-53.5709540000000004
 31
0
  0
LINE
  5
B97
330
1B
100
AcDbEntity
  8
F.Cu
  6
CONTINUOUS
100
AcDbLine
 10
78.8042909999999921
 20
-53.5709540000000004
 30
0
 11
78.7568809999999928
 21
-53.5
 31
0
  0
LINE
  5
B98
330
1B
100
AcDbEntity
  8
F.Cu
  6
CONTINUOUS
100
AcDbLine
 10
78.7568809999999928
 20
-53.5
 30
0
 11
70.243118999999993
 21
-53.5
 31
0
  0
LINE
  5
B99
330
1B
100
AcDbEntity
  8
F.Cu
  6
CONTINUOUS
100
AcDbLine
 10
70.243118999999993
 20
-53.5
 30
0
 11
70.1957089999999937
 21
-53.5709540000000004
 31
0
  0
LINE
  5
B9A
330
1B
100
AcDbEntity
  8
F.Cu
  6
CONTINUOUS
100
AcDbLine
 10
70.1957089999999937
 20
-53.5709540000000004
 30
0
 11
70.0709540000000004
 21
-53.6957090000000008
 31
0
  0
LINE
  5
B9B
330
1B
100
AcDbEntity
  8
F.Cu
  6
CONTINUOUS
100
AcDbLine
 10
70.0709540000000004
 20
-53.6957090000000008
 30
0
 11
69.9242569999999972
 21
-53.793728999999999
 31
0
  0
LINE
  5
B9C
330
1B
100
AcDbEntity
  8
F.Cu
  6
CONTINUOUS
100
AcDbLine
 10
69.9242569999999972
 20
-53.793728999999999
 30
0
 11
69.761256000000003
 21
-53.8612459999999942
 31
0
  0
LINE
  5
B9D
330
1B
100
AcDbEntity
  8
F.Cu
  6
CONTINUOUS
100
AcDbLine
 10
69.761256000000003
 20
-53.8612459999999942
 30
0
 11
69.5882149999999911
 21
-53.8956659999999985
 31
0
  0
LINE
  5
B9E
330
1B
100
AcDbEntity
  8
F.Cu
  6
CONTINUOUS
100
AcDbLine
 10
69.5882149999999911
 20
-53.8956659999999985
 30
0
 11
69.4117849999999947
 21
-53.8956659999999985
 31
0
  0
LINE
  5
B9F
330
1B
100
AcDbEntity
  8
F.Cu
  6
CONTINUOUS
100
AcDbLine
 10
69.4117849999999947
 20
-53.8956659999999985
 30
0
 11
69.238743999999997
 21
-53.8612459999999942
 31
0
  0
LINE
  5
BA0
330
1B
100
AcDbEntity
  8
F.Cu
  6
CONTINUOUS
100
AcDbLine
 10
69.238743999999997
 20
-53.8612459999999942
 30
0
 11
69.0757430000000028
 21
-53.793728999999999
 31
0
  0
LINE
  5
BA1
330
1B
100
AcDbEntity
  8
F.Cu
  6
CONTINUOUS
100
AcDbLine
 10
69.0757430000000028
 20
-53.793728999999999
 30
0
 11
68.9290459999999996
 21
-53.6957090000000008
 31
0
  0
LINE
  5
BA2
330
1B
100
AcDbEntity
  8
F.Cu
  6
CONTINUOUS
100
AcDbLine
 10
68.9290459999999996
 20
-53.6957090000000008
 30
0
 11
68.8042909999999921
 21
-53.5709540000000004
 31
0
  0
LINE
  5
BA3
330
1B
100
AcDbEntity
  8
F.Cu
  6
CONTINUOUS
100
AcDbLine
 10
68.8042909999999921
 20
-53.5709540000000004
 30
0
 11
68.706271000000001
 21
-53.4242569999999972
 31
0
  0
LINE
  5
BA4
330
1B
100
AcDbEntity
  8
F.Cu
  6
CONTINUOUS
100
AcDbLine
 10
68.706271000000001
 20
-53.4242569999999972
 30
0
 11
68.6387539999999916
 21
-53.2612559999999959
 31
0
  0
LINE
  5
BA5
330
1B
100
AcDbEntity
  8
F.Cu
  6
CONTINUOUS
100
AcDbLine
 10
68.6387539999999916
 20
-53.2612559999999959
 30
0
 11
68.6043339999999944
 21
-53.0882149999999982
 31
0
  0
LINE
  5
BA6
330
1B
100
AcDbEntity
  8
F.Cu
  6
CONTINUOUS
100
AcDbLine
 10
68.6043339999999944
 20
-53.0882149999999982
 30
0
 11
68.6043339999999944
 21
-52.9117849999999947
 31
0
  0
LINE
  5
BA7
330
1B
100
AcDbEntity
  8
F.Cu
  6
CONTINUOUS
100
AcDbLine
 10
68.6043339999999944
 20
-52.9117849999999947
 30
0
 11
68.6387539999999916
 21
-52.738743999999997
 31
0
  0
LINE
  5
BA8
330
1B
100
AcDbEntity
  8
F.Cu
  6
CONTINUOUS
100
AcDbLine
 10
68.6387539999999916
 20
-52.738743999999997
 30
0
 11
68.706271000000001
 21
-52.5757429999999957
 31
0
  0
LINE
  5
BA9
330
1B
100
AcDbEntity
  8
F.Cu
  6
CONTINUOUS
100
AcDbLine
 10
68.706271000000001
 20
-52.5757429999999957
 30
0
 11
68.7713049999999981
 21
-52.4784119999999987
 31
0
  0
LINE
  5
BAA
330
1B
100
AcDbEntity
  8
F.Cu
  6
CONTINUOUS
100
AcDbLine
 10
68.7713049999999981
 20
-52.4784119999999987
 30
0
 11
60.1719109999999944
 21
-43.8790169999999975
 31
0
  0
LINE
  5
BAB
330
1B
100
AcDbEntity
  8
F.Cu
  6
CONTINUOUS
100
AcDbLine
 10
60.1719109999999944
 20
-43.8790169999999975
 30
0
 11
60.0882149999999982
 21
-43.8956659999999985
 31
0
  0
LINE
  5
BAC
330
1B
100
AcDbEntity
  8
F.Cu
  6
CONTINUOUS
100
AcDbLine
 10
60.0882149999999982
 20
-43.8956659999999985
 30
0
 11
59.9117849999999947
 21
-43.8956659999999985
 31
0
  0
LINE
  5
BAD
330
1B
100
AcDbEntity
  8
F.Cu
  6
CONTINUOUS
100
AcDbLine
 10
59.9117849999999947
 20
-43.8956659999999985
 30
0
 11
59.738743999999997
 21
-43.8612460000000013
 31
0
  0
LINE
  5
BAE
330
1B
100
AcDbEntity
  8
F.Cu
  6
CONTINUOUS
100
AcDbLine
 10
59.738743999999997
 20
-43.8612460000000013
 30
0
 11
59.5757429999999957
 21
-43.793728999999999
 31
0
  0
LINE
  5
BAF
330
1B
100
AcDbEntity
  8
F.Cu
  6
CONTINUOUS
100
AcDbLine
 10
59.5757429999999957
 20
-43.793728999999999
 30
0
 11
59.4290459999999996
 21
-43.6957090000000008
 31
0
  0
LINE
  5
BB0
330
1B
100
AcDbEntity
  8
F.Cu
  6
CONTINUOUS
100
AcDbLine
 10
59.4290459999999996
 20
-43.6957090000000008
 30
0
 11
59.3042909999999992
 21
-43.5709540000000004
 31
0
  0
LINE
  5
BB1
330
1B
100
AcDbEntity
  8
F.Cu
  6
CONTINUOUS
100
AcDbLine
 10
59.3042909999999992
 20
-43.5709540000000004
 30
0
 11
59.2062709999999939
 21
-43.4242569999999972
 31
0
  0
LINE
  5
BB2
330
1B
100
AcDbEntity
  8
F.Cu
  6
CONTINUOUS
100
AcDbLine
 10
59.2062709999999939
 20
-43.4242569999999972
 30
0
 11
59.1387539999999987
 21
-43.2612559999999959
 31
0
  0
LINE
  5
BB3
330
1B
100
AcDbEntity
  8
F.Cu
  6
CONTINUOUS
100
AcDbLine
 10
59.1387539999999987
 20
-43.2612559999999959
 30
0
 11
59.1043339999999944
 21
-43.0882149999999982
 31
0
  0
LINE
  5
BB4
330
1B
100
AcDbEntity
  8
F.Cu
  6
CONTINUOUS
100
AcDbLine
 10
59.1043339999999944
 20
-43.0882149999999982
 30
0
 11
59.1043339999999944
 21
-42.9117849999999947
 31
0
  0
LINE
  5
BB5
330
1B
100
AcDbEntity
  8
F.Cu
  6
CONTINUOUS
100
AcDbLine
 10
59.1043339999999944
 20
-42.9117849999999947
 30
0
 11
59.1387539999999987
 21
-42.738743999999997
 31
0
  0
LINE
  5
BB6
330
1B
100
AcDbEntity
  8
F.Cu
  6
CONTINUOUS
100
AcDbLine
 10
59.1387539999999987
 20
-42.738743999999997
 30
0
 11
59.2062709999999939
 21
-42.5757429999999957
 31
0
  0
LINE
  5
BB7
330
1B
100
AcDbEntity
  8
F.Cu
  6
CONTINUOUS
100
AcDbLine
 10
59.2062709999999939
 20
-42.5757429999999957
 30
0
 11
59.3042909999999992
 21
-42.4290459999999996
 31
0
  0
LINE
  5
BB8
330
1B
100
AcDbEntity
  8
F.Cu
  6
CONTINUOUS
100
AcDbLine
 10
59.3042909999999992
 20
-42.4290459999999996
 30
0
 11
59.4290459999999996
 21
-42.3042909999999992
 31
0
  0
LINE
  5
BB9
330
1B
100
AcDbEntity
  8
F.Cu
  6
CONTINUOUS
100
AcDbLine
 10
59.4290459999999996
 20
-42.3042909999999992
 30
0
 11
59.5757429999999957
 21
-42.206271000000001
 31
0
  0
LINE
  5
BBA
330
1B
100
AcDbEntity
  8
F.Cu
  6
CONTINUOUS
100
AcDbLine
 10
59.5757429999999957
 20
-42.206271000000001
 30
0
 11
59.738743999999997
 21
-42.1387539999999987
 31
0
  0
LINE
  5
BBB
330
1B
100
AcDbEntity
  8
F.Cu
  6
CONTINUOUS
100
AcDbLine
 10
59.738743999999997
 20
-42.1387539999999987
 30
0
 11
59.9117849999999947
 21
-42.1043340000000015
 31
0
  0
LINE
  5
BBC
330
1B
100
AcDbEntity
  8
F.Cu
  6
CONTINUOUS
100
AcDbLine
 10
59.9117849999999947
 20
-42.1043340000000015
 30
0
 11
60.0882149999999982
 21
-42.1043340000000015
 31
0
  0
LINE
  5
BBD
330
1B
100
AcDbEntity
  8
F.Cu
  6
CONTINUOUS
100
AcDbLine
 10
60.0882149999999982
 20
-42.1043340000000015
 30
0
 11
60.2612559999999959
 21
-42.1387539999999987
 31
0
  0
LINE
  5
BBE
330
1B
100
AcDbEntity
  8
F.Cu
  6
CONTINUOUS
100
AcDbLine
 10
48.0984139999999982
 20
-48.7338519999999988
 30
0
 11
48.2522279999999952
 21
-48.7644479999999945
 31
0
  0
LINE
  5
BBF
330
1B
100
AcDbEntity
  8
F.Cu
  6
CONTINUOUS
100
AcDbLine
 10
48.2522279999999952
 20
-48.7644479999999945
 30
0
 11
48.3971169999999944
 21
-48.8244629999999944
 31
0
  0
LINE
  5
BC0
330
1B
100
AcDbEntity
  8
F.Cu
  6
CONTINUOUS
100
AcDbLine
 10
48.3971169999999944
 20
-48.8244629999999944
 30
0
 11
48.5275150000000011
 21
-48.9115919999999988
 31
0
  0
LINE
  5
BC1
330
1B
100
AcDbEntity
  8
F.Cu
  6
CONTINUOUS
100
AcDbLine
 10
48.5275150000000011
 20
-48.9115919999999988
 30
0
 11
48.6384079999999983
 21
-49.0224849999999961
 31
0
  0
LINE
  5
BC2
330
1B
100
AcDbEntity
  8
F.Cu
  6
CONTINUOUS
100
AcDbLine
 10
48.6384079999999983
 20
-49.0224849999999961
 30
0
 11
48.7255369999999957
 21
-49.1528829999999957
 31
0
  0
LINE
  5
BC3
330
1B
100
AcDbEntity
  8
F.Cu
  6
CONTINUOUS
100
AcDbLine
 10
48.7255369999999957
 20
-49.1528829999999957
 30
0
 11
48.7855519999999956
 21
-49.2977719999999948
 31
0
  0
LINE
  5
BC4
330
1B
100
AcDbEntity
  8
F.Cu
  6
CONTINUOUS
100
AcDbLine
 10
48.7855519999999956
 20
-49.2977719999999948
 30
0
 11
48.8161479999999983
 21
-49.4515859999999989
 31
0
  0
LINE
  5
BC5
330
1B
100
AcDbEntity
  8
F.Cu
  6
CONTINUOUS
100
AcDbLine
 10
48.8161479999999983
 20
-49.4515859999999989
 30
0
 11
48.8161479999999983
 21
-49.6084139999999962
 31
0
  0
LINE
  5
BC6
330
1B
100
AcDbEntity
  8
F.Cu
  6
CONTINUOUS
100
AcDbLine
 10
48.8161479999999983
 20
-49.6084139999999962
 30
0
 11
48.7855519999999956
 21
-49.7622280000000003
 31
0
  0
LINE
  5
BC7
330
1B
100
AcDbEntity
  8
F.Cu
  6
CONTINUOUS
100
AcDbLine
 10
48.7855519999999956
 20
-49.7622280000000003
 30
0
 11
48.7255369999999957
 21
-49.9071169999999995
 31
0
  0
LINE
  5
BC8
330
1B
100
AcDbEntity
  8
F.Cu
  6
CONTINUOUS
100
AcDbLine
 10
48.7255369999999957
 20
-49.9071169999999995
 30
0
 11
48.6384079999999983
 21
-50.0375149999999991
 31
0
  0
LINE
  5
BC9
330
1B
100
AcDbEntity
  8
F.Cu
  6
CONTINUOUS
100
AcDbLine
 10
48.6384079999999983
 20
-50.0375149999999991
 30
0
 11
48.5275150000000011
 21
-50.1484079999999963
 31
0
  0
LINE
  5
BCA
330
1B
100
AcDbEntity
  8
F.Cu
  6
CONTINUOUS
100
AcDbLine
 10
48.5275150000000011
 20
-50.1484079999999963
 30
0
 11
48.3971169999999944
 21
-50.2355370000000008
 31
0
  0
LINE
  5
BCB
330
1B
100
AcDbEntity
  8
F.Cu
  6
CONTINUOUS
100
AcDbLine
 10
48.3971169999999944
 20
-50.2355370000000008
 30
0
 11
48.2522279999999952
 21
-50.2955520000000007
 31
0
  0
LINE
  5
BCC
330
1B
100
AcDbEntity
  8
F.Cu
  6
CONTINUOUS
100
AcDbLine
 10
48.2522279999999952
 20
-50.2955520000000007
 30
0
 11
48.0984139999999982
 21
-50.3261479999999963
 31
0
  0
LINE
  5
BCD
330
1B
100
AcDbEntity
  8
F.Cu
  6
CONTINUOUS
100
AcDbLine
 10
48.0984139999999982
 20
-50.3261479999999963
 30
0
 11
48.019999999999996
 21
-50.3299999999999983
 31
0
  0
LINE
  5
BCE
330
1B
100
AcDbEntity
  8
F.Cu
  6
CONTINUOUS
100
AcDbLine
 10
48.019999999999996
 20
-50.3299999999999983
 30
0
 11
47.2199999999999989
 21
-50.3299999999999983
 31
0
  0
LINE
  5
BCF
330
1B
100
AcDbEntity
  8
F.Cu
  6
CONTINUOUS
100
AcDbLine
 10
47.2199999999999989
 20
-50.3299999999999983
 30
0
 11
47.1415859999999967
 21
-50.3261479999999963
 31
0
  0
LINE
  5
BD0
330
1B
100
AcDbEntity
  8
F.Cu
  6
CONTINUOUS
100
AcDbLine
 10
47.1415859999999967
 20
-50.3261479999999963
 30
0
 11
46.9877719999999997
 21
-50.2955520000000007
 31
0
  0
LINE
  5
BD1
330
1B
100
AcDbEntity
  8
F.Cu
  6
CONTINUOUS
100
AcDbLine
 10
46.9877719999999997
 20
-50.2955520000000007
 30
0
 11
46.8428830000000005
 21
-50.2355370000000008
 31
0
  0
LINE
  5
BD2
330
1B
100
AcDbEntity
  8
F.Cu
  6
CONTINUOUS
100
AcDbLine
 10
46.8428830000000005
 20
-50.2355370000000008
 30
0
 11
46.7124850000000009
 21
-50.1484079999999963
 31
0
  0
LINE
  5
BD3
330
1B
100
AcDbEntity
  8
F.Cu
  6
CONTINUOUS
100
AcDbLine
 10
46.7124850000000009
 20
-50.1484079999999963
 30
0
 11
46.6015919999999966
 21
-50.0375149999999991
 31
0
  0
LINE
  5
BD4
330
1B
100
AcDbEntity
  8
F.Cu
  6
CONTINUOUS
100
AcDbLine
 10
46.6015919999999966
 20
-50.0375149999999991
 30
0
 11
46.5144629999999992
 21
-49.9071169999999995
 31
0
  0
LINE
  5
BD5
330
1B
100
AcDbEntity
  8
F.Cu
  6
CONTINUOUS
100
AcDbLine
 10
46.5144629999999992
 20
-49.9071169999999995
 30
0
 11
46.4544479999999993
 21
-49.7622280000000003
 31
0
  0
LINE
  5
BD6
330
1B
100
AcDbEntity
  8
F.Cu
  6
CONTINUOUS
100
AcDbLine
 10
46.4544479999999993
 20
-49.7622280000000003
 30
0
 11
46.4238519999999966
 21
-49.6084139999999962
 31
0
  0
LINE
  5
BD7
330
1B
100
AcDbEntity
  8
F.Cu
  6
CONTINUOUS
100
AcDbLine
 10
46.4238519999999966
 20
-49.6084139999999962
 30
0
 11
46.4238519999999966
 21
-49.4515859999999989
 31
0
  0
LINE
  5
BD8
330
1B
100
AcDbEntity
  8
F.Cu
  6
CONTINUOUS
100
AcDbLine
 10
46.4238519999999966
 20
-49.4515859999999989
 30
0
 11
46.4544479999999993
 21
-49.2977719999999948
 31
0
  0
LINE
  5
BD9
330
1B
100
AcDbEntity
  8
F.Cu
  6
CONTINUOUS
100
AcDbLine
 10
46.4544479999999993
 20
-49.2977719999999948
 30
0
 11
46.5144629999999992
 21
-49.1528829999999957
 31
0
  0
LINE
  5
BDA
330
1B
100
AcDbEntity
  8
F.Cu
  6
CONTINUOUS
100
AcDbLine
 10
46.5144629999999992
 20
-49.1528829999999957
 30
0
 11
46.6015919999999966
 21
-49.0224849999999961
 31
0
  0
LINE
  5
BDB
330
1B
100
AcDbEntity
  8
F.Cu
  6
CONTINUOUS
100
AcDbLine
 10
46.6015919999999966
 20
-49.0224849999999961
 30
0
 11
46.7124850000000009
 21
-48.9115919999999988
 31
0
  0
LINE
  5
BDC
330
1B
100
AcDbEntity
  8
F.Cu
  6
CONTINUOUS
100
AcDbLine
 10
46.7124850000000009
 20
-48.9115919999999988
 30
0
 11
46.8428830000000005
 21
-48.8244629999999944
 31
0
  0
LINE
  5
BDD
330
1B
100
AcDbEntity
  8
F.Cu
  6
CONTINUOUS
100
AcDbLine
 10
46.8428830000000005
 20
-48.8244629999999944
 30
0
 11
46.9877719999999997
 21
-48.7644479999999945
 31
0
  0
LINE
  5
BDE
330
1B
100
AcDbEntity
  8
F.Cu
  6
CONTINUOUS
100
AcDbLine
 10
46.9877719999999997
 20
-48.7644479999999945
 30
0
 11
47.1415859999999967
 21
-48.7338519999999988
 31
0
  0
LINE
  5
BDF
330
1B
100
AcDbEntity
  8
F.Cu
  6
CONTINUOUS
100
AcDbLine
 10
47.1415859999999967
 20
-48.7338519999999988
 30
0
 11
47.2199999999999989
 21
-48.7299999999999969
 31
0
  0
LINE
  5
BE0
330
1B
100
AcDbEntity
  8
F.Cu
  6
CONTINUOUS
100
AcDbLine
 10
47.2199999999999989
 20
-48.7299999999999969
 30
0
 11
48.019999999999996
 21
-48.7299999999999969
 31
0
  0
LINE
  5
BE1
330
1B
100
AcDbEntity
  8
F.Cu
  6
CONTINUOUS
100
AcDbLine
 10
48.019999999999996
 20
-48.7299999999999969
 30
0
 11
48.0984139999999982
 21
-48.7338519999999988
 31
0
  0
LINE
  5
BE2
330
1B
100
AcDbEntity
  8
F.Cu
  6
CONTINUOUS
100
AcDbLine
 10
55.7184139999999957
 20
-48.7338519999999988
 30
0
 11
55.8722279999999998
 21
-48.7644479999999945
 31
0
  0
LINE
  5
BE3
330
1B
100
AcDbEntity
  8
F.Cu
  6
CONTINUOUS
100
AcDbLine
 10
55.8722279999999998
 20
-48.7644479999999945
 30
0
 11
56.0171169999999989
 21
-48.8244629999999944
 31
0
  0
LINE
  5
BE4
330
1B
100
AcDbEntity
  8
F.Cu
  6
CONTINUOUS
100
AcDbLine
 10
56.0171169999999989
 20
-48.8244629999999944
 30
0
 11
56.1475149999999985
 21
-48.9115919999999988
 31
0
  0
LINE
  5
BE5
330
1B
100
AcDbEntity
  8
F.Cu
  6
CONTINUOUS
100
AcDbLine
 10
56.1475149999999985
 20
-48.9115919999999988
 30
0
 11
56.2584079999999958
 21
-49.0224849999999961
 31
0
  0
LINE
  5
BE6
330
1B
100
AcDbEntity
  8
F.Cu
  6
CONTINUOUS
100
AcDbLine
 10
56.2584079999999958
 20
-49.0224849999999961
 30
0
 11
56.3455370000000002
 21
-49.1528829999999957
 31
0
  0
LINE
  5
BE7
330
1B
100
AcDbEntity
  8
F.Cu
  6
CONTINUOUS
100
AcDbLine
 10
56.3455370000000002
 20
-49.1528829999999957
 30
0
 11
56.4055520000000001
 21
-49.2977719999999948
 31
0
  0
LINE
  5
BE8
330
1B
100
AcDbEntity
  8
F.Cu
  6
CONTINUOUS
100
AcDbLine
 10
56.4055520000000001
 20
-49.2977719999999948
 30
0
 11
56.4361479999999958
 21
-49.4515859999999989
 31
0
  0
LINE
  5
BE9
330
1B
100
AcDbEntity
  8
F.Cu
  6
CONTINUOUS
100
AcDbLine
 10
56.4361479999999958
 20
-49.4515859999999989
 30
0
 11
56.4361479999999958
 21
-49.6084139999999962
 31
0
  0
LINE
  5
BEA
330
1B
100
AcDbEntity
  8
F.Cu
  6
CONTINUOUS
100
AcDbLine
 10
56.4361479999999958
 20
-49.6084139999999962
 30
0
 11
56.4055520000000001
 21
-49.7622280000000003
 31
0
  0
LINE
  5
BEB
330
1B
100
AcDbEntity
  8
F.Cu
  6
CONTINUOUS
100
AcDbLine
 10
56.4055520000000001
 20
-49.7622280000000003
 30
0
 11
56.3455370000000002
 21
-49.9071169999999995
 31
0
  0
LINE
  5
BEC
330
1B
100
AcDbEntity
  8
F.Cu
  6
CONTINUOUS
100
AcDbLine
 10
56.3455370000000002
 20
-49.9071169999999995
 30
0
 11
56.2584079999999958
 21
-50.0375149999999991
 31
0
  0
LINE
  5
BED
330
1B
100
AcDbEntity
  8
F.Cu
  6
CONTINUOUS
100
AcDbLine
 10
56.2584079999999958
 20
-50.0375149999999991
 30
0
 11
56.1475149999999985
 21
-50.1484079999999963
 31
0
  0
LINE
  5
BEE
330
1B
100
AcDbEntity
  8
F.Cu
  6
CONTINUOUS
100
AcDbLine
 10
56.1475149999999985
 20
-50.1484079999999963
 30
0
 11
56.0171169999999989
 21
-50.2355370000000008
 31
0
  0
LINE
  5
BEF
330
1B
100
AcDbEntity
  8
F.Cu
  6
CONTINUOUS
100
AcDbLine
 10
56.0171169999999989
 20
-50.2355370000000008
 30
0
 11
55.8722279999999998
 21
-50.2955520000000007
 31
0
  0
LINE
  5
BF0
330
1B
100
AcDbEntity
  8
F.Cu
  6
CONTINUOUS
100
AcDbLine
 10
55.8722279999999998
 20
-50.2955520000000007
 30
0
 11
55.7184139999999957
 21
-50.3261479999999963
 31
0
  0
LINE
  5
BF1
330
1B
100
AcDbEntity
  8
F.Cu
  6
CONTINUOUS
100
AcDbLine
 10
55.7184139999999957
 20
-50.3261479999999963
 30
0
 11
55.6400000000000006
 21
-50.3299999999999983
 31
0
  0
LINE
  5
BF2
330
1B
100
AcDbEntity
  8
F.Cu
  6
CONTINUOUS
100
AcDbLine
 10
55.6400000000000006
 20
-50.3299999999999983
 30
0
 11
54.8399999999999963
 21
-50.3299999999999983
 31
0
  0
LINE
  5
BF3
330
1B
100
AcDbEntity
  8
F.Cu
  6
CONTINUOUS
100
AcDbLine
 10
54.8399999999999963
 20
-50.3299999999999983
 30
0
 11
54.7615859999999941
 21
-50.3261479999999963
 31
0
  0
LINE
  5
BF4
330
1B
100
AcDbEntity
  8
F.Cu
  6
CONTINUOUS
100
AcDbLine
 10
54.7615859999999941
 20
-50.3261479999999963
 30
0
 11
54.6077719999999971
 21
-50.2955520000000007
 31
0
  0
LINE
  5
BF5
330
1B
100
AcDbEntity
  8
F.Cu
  6
CONTINUOUS
100
AcDbLine
 10
54.6077719999999971
 20
-50.2955520000000007
 30
0
 11
54.4628829999999979
 21
-50.2355370000000008
 31
0
  0
LINE
  5
BF6
330
1B
100
AcDbEntity
  8
F.Cu
  6
CONTINUOUS
100
AcDbLine
 10
54.4628829999999979
 20
-50.2355370000000008
 30
0
 11
54.3324849999999984
 21
-50.1484079999999963
 31
0
  0
LINE
  5
BF7
330
1B
100
AcDbEntity
  8
F.Cu
  6
CONTINUOUS
100
AcDbLine
 10
54.3324849999999984
 20
-50.1484079999999963
 30
0
 11
54.221591999999994
 21
-50.0375149999999991
 31
0
  0
LINE
  5
BF8
330
1B
100
AcDbEntity
  8
F.Cu
  6
CONTINUOUS
100
AcDbLine
 10
54.221591999999994
 20
-50.0375149999999991
 30
0
 11
54.1344629999999967
 21
-49.9071169999999995
 31
0
  0
LINE
  5
BF9
330
1B
100
AcDbEntity
  8
F.Cu
  6
CONTINUOUS
100
AcDbLine
 10
54.1344629999999967
 20
-49.9071169999999995
 30
0
 11
54.0744479999999967
 21
-49.7622280000000003
 31
0
  0
LINE
  5
BFA
330
1B
100
AcDbEntity
  8
F.Cu
  6
CONTINUOUS
100
AcDbLine
 10
54.0744479999999967
 20
-49.7622280000000003
 30
0
 11
54.043851999999994
 21
-49.6084139999999962
 31
0
  0
LINE
  5
BFB
330
1B
100
AcDbEntity
  8
F.Cu
  6
CONTINUOUS
100
AcDbLine
 10
54.043851999999994
 20
-49.6084139999999962
 30
0
 11
54.043851999999994
 21
-49.4515859999999989
 31
0
  0
LINE
  5
BFC
330
1B
100
AcDbEntity
  8
F.Cu
  6
CONTINUOUS
100
AcDbLine
 10
54.043851999999994
 20
-49.4515859999999989
 30
0
 11
54.0744479999999967
 21
-49.2977719999999948
 31
0
  0
LINE
  5
BFD
330
1B
100
AcDbEntity
  8
F.Cu
  6
CONTINUOUS
100
AcDbLine
 10
54.0744479999999967
 20
-49.2977719999999948
 30
0
 11
54.1344629999999967
 21
-49.1528829999999957
 31
0
  0
LINE
  5
BFE
330
1B
100
AcDbEntity
  8
F.Cu
  6
CONTINUOUS
100
AcDbLine
 10
54.1344629999999967
 20
-49.1528829999999957
 30
0
 11
54.221591999999994
 21
-49.0224849999999961
 31
0
  0
LINE
  5
BFF
330
1B
100
AcDbEntity
  8
F.Cu
  6
CONTINUOUS
100
AcDbLine
 10
54.221591999999994
 20
-49.0224849999999961
 30
0
 11
54.3324849999999984
 21
-48.9115919999999988
 31
0
  0
LINE
  5
C00
330
1B
100
AcDbEntity
  8
F.Cu
  6
CONTINUOUS
100
AcDbLine
 10
54.3324849999999984
 20
-48.9115919999999988
 30
0
 11
54.4628829999999979
 21
-48.8244629999999944
 31
0
  0
LINE
  5
C01
330
1B
100
AcDbEntity
  8
F.Cu
  6
CONTINUOUS
100
AcDbLine
 10
54.4628829999999979
 20
-48.8244629999999944
 30
0
 11
54.6077719999999971
 21
-48.7644479999999945
 31
0
  0
LINE
  5
C02
330
1B
100
AcDbEntity
  8
F.Cu
  6
CONTINUOUS
100
AcDbLine
 10
54.6077719999999971
 20
-48.7644479999999945
 30
0
 11
54.7615859999999941
 21
-48.7338519999999988
 31
0
  0
LINE
  5
C03
330
1B
100
AcDbEntity
  8
F.Cu
  6
CONTINUOUS
100
AcDbLine
 10
54.7615859999999941
 20
-48.7338519999999988
 30
0
 11
54.8399999999999963
 21
-48.7299999999999969
 31
0
  0
LINE
  5
C04
330
1B
100
AcDbEntity
  8
F.Cu
  6
CONTINUOUS
100
AcDbLine
 10
54.8399999999999963
 20
-48.7299999999999969
 30
0
 11
55.6400000000000006
 21
-48.7299999999999969
 31
0
  0
LINE
  5
C05
330
1B
100
AcDbEntity
  8
F.Cu
  6
CONTINUOUS
100
AcDbLine
 10
55.6400000000000006
 20
-48.7299999999999969
 30
0
 11
55.7184139999999957
 21
-48.7338519999999988
 31
0
  0
LINE
  5
C06
330
1B
100
AcDbEntity
  8
F.Cu
  6
CONTINUOUS
100
AcDbLine
 10
85.2384139999999917
 20
-48.7338519999999988
 30
0
 11
85.3922280000000029
 21
-48.7644479999999945
 31
0
  0
LINE
  5
C07
330
1B
100
AcDbEntity
  8
F.Cu
  6
CONTINUOUS
100
AcDbLine
 10
85.3922280000000029
 20
-48.7644479999999945
 30
0
 11
85.537116999999995
 21
-48.8244629999999944
 31
0
  0
LINE
  5
C08
330
1B
100
AcDbEntity
  8
F.Cu
  6
CONTINUOUS
100
AcDbLine
 10
85.537116999999995
 20
-48.8244629999999944
 30
0
 11
85.6675149999999945
 21
-48.9115919999999988
 31
0
  0
LINE
  5
C09
330
1B
100
AcDbEntity
  8
F.Cu
  6
CONTINUOUS
100
AcDbLine
 10
85.6675149999999945
 20
-48.9115919999999988
 30
0
 11
85.7784079999999989
 21
-49.0224849999999961
 31
0
  0
LINE
  5
C0A
330
1B
100
AcDbEntity
  8
F.Cu
  6
CONTINUOUS
100
AcDbLine
 10
85.7784079999999989
 20
-49.0224849999999961
 30
0
 11
85.8655369999999891
 21
-49.1528829999999957
 31
0
  0
LINE
  5
C0B
330
1B
100
AcDbEntity
  8
F.Cu
  6
CONTINUOUS
100
AcDbLine
 10
85.8655369999999891
 20
-49.1528829999999957
 30
0
 11
85.9255519999999962
 21
-49.2977719999999948
 31
0
  0
LINE
  5
C0C
330
1B
100
AcDbEntity
  8
F.Cu
  6
CONTINUOUS
100
AcDbLine
 10
85.9255519999999962
 20
-49.2977719999999948
 30
0
 11
85.9561479999999989
 21
-49.4515859999999989
 31
0
  0
LINE
  5
C0D
330
1B
100
AcDbEntity
  8
F.Cu
  6
CONTINUOUS
100
AcDbLine
 10
85.9561479999999989
 20
-49.4515859999999989
 30
0
 11
85.9561479999999989
 21
-49.6084139999999962
 31
0
  0
LINE
  5
C0E
330
1B
100
AcDbEntity
  8
F.Cu
  6
CONTINUOUS
100
AcDbLine
 10
85.9561479999999989
 20
-49.6084139999999962
 30
0
 11
85.9255519999999962
 21
-49.7622280000000003
 31
0
  0
LINE
  5
C0F
330
1B
100
AcDbEntity
  8
F.Cu
  6
CONTINUOUS
100
AcDbLine
 10
85.9255519999999962
 20
-49.7622280000000003
 30
0
 11
85.8655369999999891
 21
-49.9071169999999995
 31
0
  0
LINE
  5
C10
330
1B
100
AcDbEntity
  8
F.Cu
  6
CONTINUOUS
100
AcDbLine
 10
85.8655369999999891
 20
-49.9071169999999995
 30
0
 11
85.7784079999999989
 21
-50.0375149999999991
 31
0
  0
LINE
  5
C11
330
1B
100
AcDbEntity
  8
F.Cu
  6
CONTINUOUS
100
AcDbLine
 10
85.7784079999999989
 20
-50.0375149999999991
 30
0
 11
85.6675149999999945
 21
-50.1484079999999963
 31
0
  0
LINE
  5
C12
330
1B
100
AcDbEntity
  8
F.Cu
  6
CONTINUOUS
100
AcDbLine
 10
85.6675149999999945
 20
-50.1484079999999963
 30
0
 11
85.537116999999995
 21
-50.2355370000000008
 31
0
  0
LINE
  5
C13
330
1B
100
AcDbEntity
  8
F.Cu
  6
CONTINUOUS
100
AcDbLine
 10
85.537116999999995
 20
-50.2355370000000008
 30
0
 11
85.3922280000000029
 21
-50.2955520000000007
 31
0
  0
LINE
  5
C14
330
1B
100
AcDbEntity
  8
F.Cu
  6
CONTINUOUS
100
AcDbLine
 10
85.3922280000000029
 20
-50.2955520000000007
 30
0
 11
85.2384139999999917
 21
-50.3261479999999963
 31
0
  0
LINE
  5
C15
330
1B
100
AcDbEntity
  8
F.Cu
  6
CONTINUOUS
100
AcDbLine
 10
85.2384139999999917
 20
-50.3261479999999963
 30
0
 11
85.1599999999999966
 21
-50.3299999999999983
 31
0
  0
LINE
  5
C16
330
1B
100
AcDbEntity
  8
F.Cu
  6
CONTINUOUS
100
AcDbLine
 10
85.1599999999999966
 20
-50.3299999999999983
 30
0
 11
84.3599999999999994
 21
-50.3299999999999983
 31
0
  0
LINE
  5
C17
330
1B
100
AcDbEntity
  8
F.Cu
  6
CONTINUOUS
100
AcDbLine
 10
84.3599999999999994
 20
-50.3299999999999983
 30
0
 11
84.2815859999999901
 21
-50.3261479999999963
 31
0
  0
LINE
  5
C18
330
1B
100
AcDbEntity
  8
F.Cu
  6
CONTINUOUS
100
AcDbLine
 10
84.2815859999999901
 20
-50.3261479999999963
 30
0
 11
84.1277719999999931
 21
-50.2955520000000007
 31
0
  0
LINE
  5
C19
330
1B
100
AcDbEntity
  8
F.Cu
  6
CONTINUOUS
100
AcDbLine
 10
84.1277719999999931
 20
-50.2955520000000007
 30
0
 11
83.9828830000000011
 21
-50.2355370000000008
 31
0
  0
LINE
  5
C1A
330
1B
100
AcDbEntity
  8
F.Cu
  6
CONTINUOUS
100
AcDbLine
 10
83.9828830000000011
 20
-50.2355370000000008
 30
0
 11
83.8524850000000015
 21
-50.1484079999999963
 31
0
  0
LINE
  5
C1B
330
1B
100
AcDbEntity
  8
F.Cu
  6
CONTINUOUS
100
AcDbLine
 10
83.8524850000000015
 20
-50.1484079999999963
 30
0
 11
83.7415919999999971
 21
-50.0375149999999991
 31
0
  0
LINE
  5
C1C
330
1B
100
AcDbEntity
  8
F.Cu
  6
CONTINUOUS
100
AcDbLine
 10
83.7415919999999971
 20
-50.0375149999999991
 30
0
 11
83.6544629999999927
 21
-49.9071169999999995
 31
0
  0
LINE
  5
C1D
330
1B
100
AcDbEntity
  8
F.Cu
  6
CONTINUOUS
100
AcDbLine
 10
83.6544629999999927
 20
-49.9071169999999995
 30
0
 11
83.5944479999999999
 21
-49.7622280000000003
 31
0
  0
LINE
  5
C1E
330
1B
100
AcDbEntity
  8
F.Cu
  6
CONTINUOUS
100
AcDbLine
 10
83.5944479999999999
 20
-49.7622280000000003
 30
0
 11
83.5638519999999971
 21
-49.6084139999999962
 31
0
  0
LINE
  5
C1F
330
1B
100
AcDbEntity
  8
F.Cu
  6
CONTINUOUS
100
AcDbLine
 10
83.5638519999999971
 20
-49.6084139999999962
 30
0
 11
83.5638519999999971
 21
-49.4515859999999989
 31
0
  0
LINE
  5
C20
330
1B
100
AcDbEntity
  8
F.Cu
  6
CONTINUOUS
100
AcDbLine
 10
83.5638519999999971
 20
-49.4515859999999989
 30
0
 11
83.5944479999999999
 21
-49.2977719999999948
 31
0
  0
LINE
  5
C21
330
1B
100
AcDbEntity
  8
F.Cu
  6
CONTINUOUS
100
AcDbLine
 10
83.5944479999999999
 20
-49.2977719999999948
 30
0
 11
83.6544629999999927
 21
-49.1528829999999957
 31
0
  0
LINE
  5
C22
330
1B
100
AcDbEntity
  8
F.Cu
  6
CONTINUOUS
100
AcDbLine
 10
83.6544629999999927
 20
-49.1528829999999957
 30
0
 11
83.7415919999999971
 21
-49.0224849999999961
 31
0
  0
LINE
  5
C23
330
1B
100
AcDbEntity
  8
F.Cu
  6
CONTINUOUS
100
AcDbLine
 10
83.7415919999999971
 20
-49.0224849999999961
 30
0
 11
83.8524850000000015
 21
-48.9115919999999988
 31
0
  0
LINE
  5
C24
330
1B
100
AcDbEntity
  8
F.Cu
  6
CONTINUOUS
100
AcDbLine
 10
83.8524850000000015
 20
-48.9115919999999988
 30
0
 11
83.9828830000000011
 21
-48.8244629999999944
 31
0
  0
LINE
  5
C25
330
1B
100
AcDbEntity
  8
F.Cu
  6
CONTINUOUS
100
AcDbLine
 10
83.9828830000000011
 20
-48.8244629999999944
 30
0
 11
84.1277719999999931
 21
-48.7644479999999945
 31
0
  0
LINE
  5
C26
330
1B
100
AcDbEntity
  8
F.Cu
  6
CONTINUOUS
100
AcDbLine
 10
84.1277719999999931
 20
-48.7644479999999945
 30
0
 11
84.2815859999999901
 21
-48.7338519999999988
 31
0
  0
LINE
  5
C27
330
1B
100
AcDbEntity
  8
F.Cu
  6
CONTINUOUS
100
AcDbLine
 10
84.2815859999999901
 20
-48.7338519999999988
 30
0
 11
84.3599999999999994
 21
-48.7299999999999969
 31
0
  0
LINE
  5
C28
330
1B
100
AcDbEntity
  8
F.Cu
  6
CONTINUOUS
100
AcDbLine
 10
84.3599999999999994
 20
-48.7299999999999969
 30
0
 11
85.1599999999999966
 21
-48.7299999999999969
 31
0
  0
LINE
  5
C29
330
1B
100
AcDbEntity
  8
F.Cu
  6
CONTINUOUS
100
AcDbLine
 10
85.1599999999999966
 20
-48.7299999999999969
 30
0
 11
85.2384139999999917
 21
-48.7338519999999988
 31
0
  0
LINE
  5
C2A
330
1B
100
AcDbEntity
  8
F.Cu
  6
CONTINUOUS
100
AcDbLine
 10
92.8584139999999962
 20
-48.7338519999999988
 30
0
 11
93.0122279999999932
 21
-48.7644479999999945
 31
0
  0
LINE
  5
C2B
330
1B
100
AcDbEntity
  8
F.Cu
  6
CONTINUOUS
100
AcDbLine
 10
93.0122279999999932
 20
-48.7644479999999945
 30
0
 11
93.1571169999999995
 21
-48.8244629999999944
 31
0
  0
LINE
  5
C2C
330
1B
100
AcDbEntity
  8
F.Cu
  6
CONTINUOUS
100
AcDbLine
 10
93.1571169999999995
 20
-48.8244629999999944
 30
0
 11
93.2875149999999991
 21
-48.9115919999999988
 31
0
  0
LINE
  5
C2D
330
1B
100
AcDbEntity
  8
F.Cu
  6
CONTINUOUS
100
AcDbLine
 10
93.2875149999999991
 20
-48.9115919999999988
 30
0
 11
93.3984079999999892
 21
-49.0224849999999961
 31
0
  0
LINE
  5
C2E
330
1B
100
AcDbEntity
  8
F.Cu
  6
CONTINUOUS
100
AcDbLine
 10
93.3984079999999892
 20
-49.0224849999999961
 30
0
 11
93.4855369999999937
 21
-49.1528829999999957
 31
0
  0
LINE
  5
C2F
330
1B
100
AcDbEntity
  8
F.Cu
  6
CONTINUOUS
100
AcDbLine
 10
93.4855369999999937
 20
-49.1528829999999957
 30
0
 11
93.5455520000000007
 21
-49.2977719999999948
 31
0
  0
LINE
  5
C30
330
1B
100
AcDbEntity
  8
F.Cu
  6
CONTINUOUS
100
AcDbLine
 10
93.5455520000000007
 20
-49.2977719999999948
 30
0
 11
93.5761479999999892
 21
-49.4515859999999989
 31
0
  0
LINE
  5
C31
330
1B
100
AcDbEntity
  8
F.Cu
  6
CONTINUOUS
100
AcDbLine
 10
93.5761479999999892
 20
-49.4515859999999989
 30
0
 11
93.5761479999999892
 21
-49.6084139999999962
 31
0
  0
LINE
  5
C32
330
1B
100
AcDbEntity
  8
F.Cu
  6
CONTINUOUS
100
AcDbLine
 10
93.5761479999999892
 20
-49.6084139999999962
 30
0
 11
93.5455520000000007
 21
-49.7622280000000003
 31
0
  0
LINE
  5
C33
330
1B
100
AcDbEntity
  8
F.Cu
  6
CONTINUOUS
100
AcDbLine
 10
93.5455520000000007
 20
-49.7622280000000003
 30
0
 11
93.4855369999999937
 21
-49.9071169999999995
 31
0
  0
LINE
  5
C34
330
1B
100
AcDbEntity
  8
F.Cu
  6
CONTINUOUS
100
AcDbLine
 10
93.4855369999999937
 20
-49.9071169999999995
 30
0
 11
93.3984079999999892
 21
-50.0375149999999991
 31
0
  0
LINE
  5
C35
330
1B
100
AcDbEntity
  8
F.Cu
  6
CONTINUOUS
100
AcDbLine
 10
93.3984079999999892
 20
-50.0375149999999991
 30
0
 11
93.2875149999999991
 21
-50.1484079999999963
 31
0
  0
LINE
  5
C36
330
1B
100
AcDbEntity
  8
F.Cu
  6
CONTINUOUS
100
AcDbLine
 10
93.2875149999999991
 20
-50.1484079999999963
 30
0
 11
93.1571169999999995
 21
-50.2355370000000008
 31
0
  0
LINE
  5
C37
330
1B
100
AcDbEntity
  8
F.Cu
  6
CONTINUOUS
100
AcDbLine
 10
93.1571169999999995
 20
-50.2355370000000008
 30
0
 11
93.0122279999999932
 21
-50.2955520000000007
 31
0
  0
LINE
  5
C38
330
1B
100
AcDbEntity
  8
F.Cu
  6
CONTINUOUS
100
AcDbLine
 10
93.0122279999999932
 20
-50.2955520000000007
 30
0
 11
92.8584139999999962
 21
-50.3261479999999963
 31
0
  0
LINE
  5
C39
330
1B
100
AcDbEntity
  8
F.Cu
  6
CONTINUOUS
100
AcDbLine
 10
92.8584139999999962
 20
-50.3261479999999963
 30
0
 11
92.7800000000000011
 21
-50.3299999999999983
 31
0
  0
LINE
  5
C3A
330
1B
100
AcDbEntity
  8
F.Cu
  6
CONTINUOUS
100
AcDbLine
 10
92.7800000000000011
 20
-50.3299999999999983
 30
0
 11
91.9799999999999898
 21
-50.3299999999999983
 31
0
  0
LINE
  5
C3B
330
1B
100
AcDbEntity
  8
F.Cu
  6
CONTINUOUS
100
AcDbLine
 10
91.9799999999999898
 20
-50.3299999999999983
 30
0
 11
91.9015859999999947
 21
-50.3261479999999963
 31
0
  0
LINE
  5
C3C
330
1B
100
AcDbEntity
  8
F.Cu
  6
CONTINUOUS
100
AcDbLine
 10
91.9015859999999947
 20
-50.3261479999999963
 30
0
 11
91.7477719999999977
 21
-50.2955520000000007
 31
0
  0
LINE
  5
C3D
330
1B
100
AcDbEntity
  8
F.Cu
  6
CONTINUOUS
100
AcDbLine
 10
91.7477719999999977
 20
-50.2955520000000007
 30
0
 11
91.6028829999999914
 21
-50.2355370000000008
 31
0
  0
LINE
  5
C3E
330
1B
100
AcDbEntity
  8
F.Cu
  6
CONTINUOUS
100
AcDbLine
 10
91.6028829999999914
 20
-50.2355370000000008
 30
0
 11
91.4724849999999918
 21
-50.1484079999999963
 31
0
  0
LINE
  5
C3F
330
1B
100
AcDbEntity
  8
F.Cu
  6
CONTINUOUS
100
AcDbLine
 10
91.4724849999999918
 20
-50.1484079999999963
 30
0
 11
91.3615920000000017
 21
-50.0375149999999991
 31
0
  0
LINE
  5
C40
330
1B
100
AcDbEntity
  8
F.Cu
  6
CONTINUOUS
100
AcDbLine
 10
91.3615920000000017
 20
-50.0375149999999991
 30
0
 11
91.2744629999999972
 21
-49.9071169999999995
 31
0
  0
LINE
  5
C41
330
1B
100
AcDbEntity
  8
F.Cu
  6
CONTINUOUS
100
AcDbLine
 10
91.2744629999999972
 20
-49.9071169999999995
 30
0
 11
91.2144479999999902
 21
-49.7622280000000003
 31
0
  0
LINE
  5
C42
330
1B
100
AcDbEntity
  8
F.Cu
  6
CONTINUOUS
100
AcDbLine
 10
91.2144479999999902
 20
-49.7622280000000003
 30
0
 11
91.1838520000000017
 21
-49.6084139999999962
 31
0
  0
LINE
  5
C43
330
1B
100
AcDbEntity
  8
F.Cu
  6
CONTINUOUS
100
AcDbLine
 10
91.1838520000000017
 20
-49.6084139999999962
 30
0
 11
91.1838520000000017
 21
-49.4515859999999989
 31
0
  0
LINE
  5
C44
330
1B
100
AcDbEntity
  8
F.Cu
  6
CONTINUOUS
100
AcDbLine
 10
91.1838520000000017
 20
-49.4515859999999989
 30
0
 11
91.2144479999999902
 21
-49.2977719999999948
 31
0
  0
LINE
  5
C45
330
1B
100
AcDbEntity
  8
F.Cu
  6
CONTINUOUS
100
AcDbLine
 10
91.2144479999999902
 20
-49.2977719999999948
 30
0
 11
91.2744629999999972
 21
-49.1528829999999957
 31
0
  0
LINE
  5
C46
330
1B
100
AcDbEntity
  8
F.Cu
  6
CONTINUOUS
100
AcDbLine
 10
91.2744629999999972
 20
-49.1528829999999957
 30
0
 11
91.3615920000000017
 21
-49.0224849999999961
 31
0
  0
LINE
  5
C47
330
1B
100
AcDbEntity
  8
F.Cu
  6
CONTINUOUS
100
AcDbLine
 10
91.3615920000000017
 20
-49.0224849999999961
 30
0
 11
91.4724849999999918
 21
-48.9115919999999988
 31
0
  0
LINE
  5
C48
330
1B
100
AcDbEntity
  8
F.Cu
  6
CONTINUOUS
100
AcDbLine
 10
91.4724849999999918
 20
-48.9115919999999988
 30
0
 11
91.6028829999999914
 21
-48.8244629999999944
 31
0
  0
LINE
  5
C49
330
1B
100
AcDbEntity
  8
F.Cu
  6
CONTINUOUS
100
AcDbLine
 10
91.6028829999999914
 20
-48.8244629999999944
 30
0
 11
91.7477719999999977
 21
-48.7644479999999945
 31
0
  0
LINE
  5
C4A
330
1B
100
AcDbEntity
  8
F.Cu
  6
CONTINUOUS
100
AcDbLine
 10
91.7477719999999977
 20
-48.7644479999999945
 30
0
 11
91.9015859999999947
 21
-48.7338519999999988
 31
0
  0
LINE
  5
C4B
330
1B
100
AcDbEntity
  8
F.Cu
  6
CONTINUOUS
100
AcDbLine
 10
91.9015859999999947
 20
-48.7338519999999988
 30
0
 11
91.9799999999999898
 21
-48.7299999999999969
 31
0
  0
LINE
  5
C4C
330
1B
100
AcDbEntity
  8
F.Cu
  6
CONTINUOUS
100
AcDbLine
 10
91.9799999999999898
 20
-48.7299999999999969
 30
0
 11
92.7800000000000011
 21
-48.7299999999999969
 31
0
  0
LINE
  5
C4D
330
1B
100
AcDbEntity
  8
F.Cu
  6
CONTINUOUS
100
AcDbLine
 10
92.7800000000000011
 20
-48.7299999999999969
 30
0
 11
92.8584139999999962
 21
-48.7338519999999988
 31
0
  0
LINE
  5
C4E
330
1B
100
AcDbEntity
  8
F.Cu
  6
CONTINUOUS
100
AcDbLine
 10
56.5958070000000006
 20
-29.1042769999999997
 30
0
 11
56.5958219999999983
 21
-29.1042769999999997
 31
0
  0
LINE
  5
C4F
330
1B
100
AcDbEntity
  8
F.Cu
  6
CONTINUOUS
100
AcDbLine
 10
56.5958219999999983
 20
-29.1042769999999997
 30
0
 11
56.7219009999999955
 21
-29.1380599999999994
 31
0
  0
LINE
  5
C50
330
1B
100
AcDbEntity
  8
F.Cu
  6
CONTINUOUS
100
AcDbLine
 10
56.7219009999999955
 20
-29.1380599999999994
 30
0
 11
56.834939999999996
 21
-29.2033229999999975
 31
0
  0
LINE
  5
C51
330
1B
100
AcDbEntity
  8
F.Cu
  6
CONTINUOUS
100
AcDbLine
 10
56.834939999999996
 20
-29.2033229999999975
 30
0
 11
56.8349550000000008
 21
-29.2033379999999987
 31
0
  0
LINE
  5
C52
330
1B
100
AcDbEntity
  8
F.Cu
  6
CONTINUOUS
100
AcDbLine
 10
56.8349550000000008
 20
-29.2033379999999987
 30
0
 11
56.8841119999999947
 21
-29.2464469999999999
 31
0
  0
LINE
  5
C53
330
1B
100
AcDbEntity
  8
F.Cu
  6
CONTINUOUS
100
AcDbLine
 10
56.8841119999999947
 20
-29.2464469999999999
 30
0
 11
58.1435539999999946
 21
-30.5058879999999988
 31
0
  0
LINE
  5
C54
330
1B
100
AcDbEntity
  8
F.Cu
  6
CONTINUOUS
100
AcDbLine
 10
58.1435539999999946
 20
-30.5058879999999988
 30
0
 11
58.1866689999999949
 21
-30.5550519999999999
 31
0
  0
LINE
  5
C55
330
1B
100
AcDbEntity
  8
F.Cu
  6
CONTINUOUS
100
AcDbLine
 10
58.1866689999999949
 20
-30.5550519999999999
 30
0
 11
58.186676999999996
 21
-30.5550599999999974
 31
0
  0
LINE
  5
C56
330
1B
100
AcDbEntity
  8
F.Cu
  6
CONTINUOUS
100
AcDbLine
 10
58.186676999999996
 20
-30.5550599999999974
 30
0
 11
58.2519399999999976
 21
-30.668098999999998
 31
0
  0
LINE
  5
C57
330
1B
100
AcDbEntity
  8
F.Cu
  6
CONTINUOUS
100
AcDbLine
 10
58.2519399999999976
 20
-30.668098999999998
 30
0
 11
58.2519399999999976
 21
-30.668099999999999
 31
0
  0
LINE
  5
C58
330
1B
100
AcDbEntity
  8
F.Cu
  6
CONTINUOUS
100
AcDbLine
 10
58.2519399999999976
 20
-30.668099999999999
 30
0
 11
58.2857229999999973
 21
-30.7941779999999987
 31
0
  0
LINE
  5
C59
330
1B
100
AcDbEntity
  8
F.Cu
  6
CONTINUOUS
100
AcDbLine
 10
58.2857229999999973
 20
-30.7941779999999987
 30
0
 11
58.2857229999999973
 21
-30.7941929999999999
 31
0
  0
LINE
  5
C5A
330
1B
100
AcDbEntity
  8
F.Cu
  6
CONTINUOUS
100
AcDbLine
 10
58.2857229999999973
 20
-30.7941929999999999
 30
0
 11
58.2899999999999991
 21
-30.8594410000000003
 31
0
  0
LINE
  5
C5B
330
1B
100
AcDbEntity
  8
F.Cu
  6
CONTINUOUS
100
AcDbLine
 10
58.2899999999999991
 20
-30.8594410000000003
 30
0
 11
58.2899999999999991
 21
-32.4334519999999955
 31
0
  0
LINE
  5
C5C
330
1B
100
AcDbEntity
  8
F.Cu
  6
CONTINUOUS
100
AcDbLine
 10
58.2899999999999991
 20
-32.4334519999999955
 30
0
 11
74.3565480000000036
 21
-48.5
 31
0
  0
LINE
  5
C5D
330
1B
100
AcDbEntity
  8
F.Cu
  6
CONTINUOUS
100
AcDbLine
 10
74.3565480000000036
 20
-48.5
 30
0
 11
78.2928929999999923
 21
-48.5
 31
0
  0
LINE
  5
C5E
330
1B
100
AcDbEntity
  8
F.Cu
  6
CONTINUOUS
100
AcDbLine
 10
78.2928929999999923
 20
-48.5
 30
0
 11
71.1464469999999949
 21
-41.353552999999998
 31
0
  0
LINE
  5
C5F
330
1B
100
AcDbEntity
  8
F.Cu
  6
CONTINUOUS
100
AcDbLine
 10
71.1464469999999949
 20
-41.353552999999998
 30
0
 11
71.1033379999999937
 21
-41.304395999999997
 31
0
  0
LINE
  5
C60
330
1B
100
AcDbEntity
  8
F.Cu
  6
CONTINUOUS
100
AcDbLine
 10
71.1033379999999937
 20
-41.304395999999997
 30
0
 11
71.1033230000000032
 21
-41.3043809999999993
 31
0
  0
LINE
  5
C61
330
1B
100
AcDbEntity
  8
F.Cu
  6
CONTINUOUS
100
AcDbLine
 10
71.1033230000000032
 20
-41.3043809999999993
 30
0
 11
71.0380600000000015
 21
-41.1913419999999988
 31
0
  0
LINE
  5
C62
330
1B
100
AcDbEntity
  8
F.Cu
  6
CONTINUOUS
100
AcDbLine
 10
71.0380600000000015
 20
-41.1913419999999988
 30
0
 11
71.0254949999999923
 21
-41.144447999999997
 31
0
  0
LINE
  5
C63
330
1B
100
AcDbEntity
  8
F.Cu
  6
CONTINUOUS
100
AcDbLine
 10
71.0254949999999923
 20
-41.144447999999997
 30
0
 11
71.0042770000000019
 21
-41.0652630000000016
 31
0
  0
LINE
  5
C64
330
1B
100
AcDbEntity
  8
F.Cu
  6
CONTINUOUS
100
AcDbLine
 10
71.0042770000000019
 20
-41.0652630000000016
 30
0
 11
71.0042770000000019
 21
-41.0652469999999994
 31
0
  0
LINE
  5
C65
330
1B
100
AcDbEntity
  8
F.Cu
  6
CONTINUOUS
100
AcDbLine
 10
71.0042770000000019
 20
-41.0652469999999994
 30
0
 11
71.
 21
-41.
 31
0
  0
LINE
  5
C66
330
1B
100
AcDbEntity
  8
F.Cu
  6
CONTINUOUS
100
AcDbLine
 10
71.
 20
-41.
 30
0
 11
71.
 21
-37.2431190000000001
 31
0
  0
LINE
  5
C67
330
1B
100
AcDbEntity
  8
F.Cu
  6
CONTINUOUS
100
AcDbLine
 10
71.
 20
-37.2431190000000001
 30
0
 11
70.9290459999999996
 21
-37.1957090000000008
 31
0
  0
LINE
  5
C68
330
1B
100
AcDbEntity
  8
F.Cu
  6
CONTINUOUS
100
AcDbLine
 10
70.9290459999999996
 20
-37.1957090000000008
 30
0
 11
70.8042909999999921
 21
-37.0709540000000004
 31
0
  0
LINE
  5
C69
330
1B
100
AcDbEntity
  8
F.Cu
  6
CONTINUOUS
100
AcDbLine
 10
70.8042909999999921
 20
-37.0709540000000004
 30
0
 11
70.706271000000001
 21
-36.9242569999999972
 31
0
  0
LINE
  5
C6A
330
1B
100
AcDbEntity
  8
F.Cu
  6
CONTINUOUS
100
AcDbLine
 10
70.706271000000001
 20
-36.9242569999999972
 30
0
 11
70.6387539999999916
 21
-36.7612559999999959
 31
0
  0
LINE
  5
C6B
330
1B
100
AcDbEntity
  8
F.Cu
  6
CONTINUOUS
100
AcDbLine
 10
70.6387539999999916
 20
-36.7612559999999959
 30
0
 11
70.6043339999999944
 21
-36.5882149999999982
 31
0
  0
LINE
  5
C6C
330
1B
100
AcDbEntity
  8
F.Cu
  6
CONTINUOUS
100
AcDbLine
 10
70.6043339999999944
 20
-36.5882149999999982
 30
0
 11
70.6043339999999944
 21
-36.4117850000000018
 31
0
  0
LINE
  5
C6D
330
1B
100
AcDbEntity
  8
F.Cu
  6
CONTINUOUS
100
AcDbLine
 10
70.6043339999999944
 20
-36.4117850000000018
 30
0
 11
70.6387539999999916
 21
-36.238743999999997
 31
0
  0
LINE
  5
C6E
330
1B
100
AcDbEntity
  8
F.Cu
  6
CONTINUOUS
100
AcDbLine
 10
70.6387539999999916
 20
-36.238743999999997
 30
0
 11
70.706271000000001
 21
-36.0757429999999957
 31
0
  0
LINE
  5
C6F
330
1B
100
AcDbEntity
  8
F.Cu
  6
CONTINUOUS
100
AcDbLine
 10
70.706271000000001
 20
-36.0757429999999957
 30
0
 11
70.8042909999999921
 21
-35.9290459999999996
 31
0
  0
LINE
  5
C70
330
1B
100
AcDbEntity
  8
F.Cu
  6
CONTINUOUS
100
AcDbLine
 10
70.8042909999999921
 20
-35.9290459999999996
 30
0
 11
70.9290459999999996
 21
-35.8042909999999992
 31
0
  0
LINE
  5
C71
330
1B
100
AcDbEntity
  8
F.Cu
  6
CONTINUOUS
100
AcDbLine
 10
70.9290459999999996
 20
-35.8042909999999992
 30
0
 11
71.0757430000000028
 21
-35.706271000000001
 31
0
  0
LINE
  5
C72
330
1B
100
AcDbEntity
  8
F.Cu
  6
CONTINUOUS
100
AcDbLine
 10
71.0757430000000028
 20
-35.706271000000001
 30
0
 11
71.238743999999997
 21
-35.6387539999999987
 31
0
  0
LINE
  5
C73
330
1B
100
AcDbEntity
  8
F.Cu
  6
CONTINUOUS
100
AcDbLine
 10
71.238743999999997
 20
-35.6387539999999987
 30
0
 11
71.4117849999999947
 21
-35.6043340000000015
 31
0
  0
LINE
  5
C74
330
1B
100
AcDbEntity
  8
F.Cu
  6
CONTINUOUS
100
AcDbLine
 10
71.4117849999999947
 20
-35.6043340000000015
 30
0
 11
71.5882149999999911
 21
-35.6043340000000015
 31
0
  0
LINE
  5
C75
330
1B
100
AcDbEntity
  8
F.Cu
  6
CONTINUOUS
100
AcDbLine
 10
71.5882149999999911
 20
-35.6043340000000015
 30
0
 11
71.761256000000003
 21
-35.6387539999999987
 31
0
  0
LINE
  5
C76
330
1B
100
AcDbEntity
  8
F.Cu
  6
CONTINUOUS
100
AcDbLine
 10
71.761256000000003
 20
-35.6387539999999987
 30
0
 11
71.9242569999999972
 21
-35.706271000000001
 31
0
  0
LINE
  5
C77
330
1B
100
AcDbEntity
  8
F.Cu
  6
CONTINUOUS
100
AcDbLine
 10
71.9242569999999972
 20
-35.706271000000001
 30
0
 11
72.0709540000000004
 21
-35.8042909999999992
 31
0
  0
LINE
  5
C78
330
1B
100
AcDbEntity
  8
F.Cu
  6
CONTINUOUS
100
AcDbLine
 10
72.0709540000000004
 20
-35.8042909999999992
 30
0
 11
72.1957089999999937
 21
-35.9290459999999996
 31
0
  0
LINE
  5
C79
330
1B
100
AcDbEntity
  8
F.Cu
  6
CONTINUOUS
100
AcDbLine
 10
72.1957089999999937
 20
-35.9290459999999996
 30
0
 11
72.293728999999999
 21
-36.0757429999999957
 31
0
  0
LINE
  5
C7A
330
1B
100
AcDbEntity
  8
F.Cu
  6
CONTINUOUS
100
AcDbLine
 10
72.293728999999999
 20
-36.0757429999999957
 30
0
 11
72.3612459999999942
 21
-36.238743999999997
 31
0
  0
LINE
  5
C7B
330
1B
100
AcDbEntity
  8
F.Cu
  6
CONTINUOUS
100
AcDbLine
 10
72.3612459999999942
 20
-36.238743999999997
 30
0
 11
72.3956659999999914
 21
-36.4117850000000018
 31
0
  0
LINE
  5
C7C
330
1B
100
AcDbEntity
  8
F.Cu
  6
CONTINUOUS
100
AcDbLine
 10
72.3956659999999914
 20
-36.4117850000000018
 30
0
 11
72.3956659999999914
 21
-36.5882149999999982
 31
0
  0
LINE
  5
C7D
330
1B
100
AcDbEntity
  8
F.Cu
  6
CONTINUOUS
100
AcDbLine
 10
72.3956659999999914
 20
-36.5882149999999982
 30
0
 11
72.3612459999999942
 21
-36.7612559999999959
 31
0
  0
LINE
  5
C7E
330
1B
100
AcDbEntity
  8
F.Cu
  6
CONTINUOUS
100
AcDbLine
 10
72.3612459999999942
 20
-36.7612559999999959
 30
0
 11
72.293728999999999
 21
-36.9242569999999972
 31
0
  0
LINE
  5
C7F
330
1B
100
AcDbEntity
  8
F.Cu
  6
CONTINUOUS
100
AcDbLine
 10
72.293728999999999
 20
-36.9242569999999972
 30
0
 11
72.1957089999999937
 21
-37.0709540000000004
 31
0
  0
LINE
  5
C80
330
1B
100
AcDbEntity
  8
F.Cu
  6
CONTINUOUS
100
AcDbLine
 10
72.1957089999999937
 20
-37.0709540000000004
 30
0
 11
72.0709540000000004
 21
-37.1957090000000008
 31
0
  0
LINE
  5
C81
330
1B
100
AcDbEntity
  8
F.Cu
  6
CONTINUOUS
100
AcDbLine
 10
72.0709540000000004
 20
-37.1957090000000008
 30
0
 11
72.
 21
-37.2431190000000001
 31
0
  0
LINE
  5
C82
330
1B
100
AcDbEntity
  8
F.Cu
  6
CONTINUOUS
100
AcDbLine
 10
72.
 20
-37.2431190000000001
 30
0
 11
72.
 21
-40.7928929999999994
 31
0
  0
LINE
  5
C83
330
1B
100
AcDbEntity
  8
F.Cu
  6
CONTINUOUS
100
AcDbLine
 10
72.
 20
-40.7928929999999994
 30
0
 11
79.3280889999999914
 21
-48.1209819999999979
 31
0
  0
LINE
  5
C84
330
1B
100
AcDbEntity
  8
F.Cu
  6
CONTINUOUS
100
AcDbLine
 10
79.3280889999999914
 20
-48.1209819999999979
 30
0
 11
79.4117849999999947
 21
-48.1043339999999944
 31
0
  0
LINE
  5
C85
330
1B
100
AcDbEntity
  8
F.Cu
  6
CONTINUOUS
100
AcDbLine
 10
79.4117849999999947
 20
-48.1043339999999944
 30
0
 11
79.5882149999999911
 21
-48.1043339999999944
 31
0
  0
LINE
  5
C86
330
1B
100
AcDbEntity
  8
F.Cu
  6
CONTINUOUS
100
AcDbLine
 10
79.5882149999999911
 20
-48.1043339999999944
 30
0
 11
79.761256000000003
 21
-48.1387539999999987
 31
0
  0
LINE
  5
C87
330
1B
100
AcDbEntity
  8
F.Cu
  6
CONTINUOUS
100
AcDbLine
 10
79.761256000000003
 20
-48.1387539999999987
 30
0
 11
79.9242569999999972
 21
-48.206271000000001
 31
0
  0
LINE
  5
C88
330
1B
100
AcDbEntity
  8
F.Cu
  6
CONTINUOUS
100
AcDbLine
 10
79.9242569999999972
 20
-48.206271000000001
 30
0
 11
80.0709540000000004
 21
-48.3042909999999992
 31
0
  0
LINE
  5
C89
330
1B
100
AcDbEntity
  8
F.Cu
  6
CONTINUOUS
100
AcDbLine
 10
80.0709540000000004
 20
-48.3042909999999992
 30
0
 11
80.1957089999999937
 21
-48.4290459999999996
 31
0
  0
LINE
  5
C8A
330
1B
100
AcDbEntity
  8
F.Cu
  6
CONTINUOUS
100
AcDbLine
 10
80.1957089999999937
 20
-48.4290459999999996
 30
0
 11
80.293728999999999
 21
-48.5757429999999957
 31
0
  0
LINE
  5
C8B
330
1B
100
AcDbEntity
  8
F.Cu
  6
CONTINUOUS
100
AcDbLine
 10
80.293728999999999
 20
-48.5757429999999957
 30
0
 11
80.3612459999999942
 21
-48.738743999999997
 31
0
  0
LINE
  5
C8C
330
1B
100
AcDbEntity
  8
F.Cu
  6
CONTINUOUS
100
AcDbLine
 10
80.3612459999999942
 20
-48.738743999999997
 30
0
 11
80.3956659999999914
 21
-48.9117849999999947
 31
0
  0
LINE
  5
C8D
330
1B
100
AcDbEntity
  8
F.Cu
  6
CONTINUOUS
100
AcDbLine
 10
80.3956659999999914
 20
-48.9117849999999947
 30
0
 11
80.3956659999999914
 21
-49.0882149999999982
 31
0
  0
LINE
  5
C8E
330
1B
100
AcDbEntity
  8
F.Cu
  6
CONTINUOUS
100
AcDbLine
 10
80.3956659999999914
 20
-49.0882149999999982
 30
0
 11
80.3612459999999942
 21
-49.2612559999999959
 31
0
  0
LINE
  5
C8F
330
1B
100
AcDbEntity
  8
F.Cu
  6
CONTINUOUS
100
AcDbLine
 10
80.3612459999999942
 20
-49.2612559999999959
 30
0
 11
80.293728999999999
 21
-49.4242569999999972
 31
0
  0
LINE
  5
C90
330
1B
100
AcDbEntity
  8
F.Cu
  6
CONTINUOUS
100
AcDbLine
 10
80.293728999999999
 20
-49.4242569999999972
 30
0
 11
80.1957089999999937
 21
-49.5709540000000004
 31
0
  0
LINE
  5
C91
330
1B
100
AcDbEntity
  8
F.Cu
  6
CONTINUOUS
100
AcDbLine
 10
80.1957089999999937
 20
-49.5709540000000004
 30
0
 11
80.0709540000000004
 21
-49.6957090000000008
 31
0
  0
LINE
  5
C92
330
1B
100
AcDbEntity
  8
F.Cu
  6
CONTINUOUS
100
AcDbLine
 10
80.0709540000000004
 20
-49.6957090000000008
 30
0
 11
79.9242569999999972
 21
-49.793728999999999
 31
0
  0
LINE
  5
C93
330
1B
100
AcDbEntity
  8
F.Cu
  6
CONTINUOUS
100
AcDbLine
 10
79.9242569999999972
 20
-49.793728999999999
 30
0
 11
79.761256000000003
 21
-49.8612460000000013
 31
0
  0
LINE
  5
C94
330
1B
100
AcDbEntity
  8
F.Cu
  6
CONTINUOUS
100
AcDbLine
 10
79.761256000000003
 20
-49.8612460000000013
 30
0
 11
79.5882149999999911
 21
-49.8956659999999985
 31
0
  0
LINE
  5
C95
330
1B
100
AcDbEntity
  8
F.Cu
  6
CONTINUOUS
100
AcDbLine
 10
79.5882149999999911
 20
-49.8956659999999985
 30
0
 11
79.4117849999999947
 21
-49.8956659999999985
 31
0
  0
LINE
  5
C96
330
1B
100
AcDbEntity
  8
F.Cu
  6
CONTINUOUS
100
AcDbLine
 10
79.4117849999999947
 20
-49.8956659999999985
 30
0
 11
79.238743999999997
 21
-49.8612460000000013
 31
0
  0
LINE
  5
C97
330
1B
100
AcDbEntity
  8
F.Cu
  6
CONTINUOUS
100
AcDbLine
 10
79.238743999999997
 20
-49.8612460000000013
 30
0
 11
79.0757430000000028
 21
-49.793728999999999
 31
0
  0
LINE
  5
C98
330
1B
100
AcDbEntity
  8
F.Cu
  6
CONTINUOUS
100
AcDbLine
 10
79.0757430000000028
 20
-49.793728999999999
 30
0
 11
78.9290459999999996
 21
-49.6957090000000008
 31
0
  0
LINE
  5
C99
330
1B
100
AcDbEntity
  8
F.Cu
  6
CONTINUOUS
100
AcDbLine
 10
78.9290459999999996
 20
-49.6957090000000008
 30
0
 11
78.8042909999999921
 21
-49.5709540000000004
 31
0
  0
LINE
  5
C9A
330
1B
100
AcDbEntity
  8
F.Cu
  6
CONTINUOUS
100
AcDbLine
 10
78.8042909999999921
 20
-49.5709540000000004
 30
0
 11
78.7568809999999928
 21
-49.5
 31
0
  0
LINE
  5
C9B
330
1B
100
AcDbEntity
  8
F.Cu
  6
CONTINUOUS
100
AcDbLine
 10
78.7568809999999928
 20
-49.5
 30
0
 11
74.1494409999999959
 21
-49.5
 31
0
  0
LINE
  5
C9C
330
1B
100
AcDbEntity
  8
F.Cu
  6
CONTINUOUS
100
AcDbLine
 10
74.1494409999999959
 20
-49.5
 30
0
 11
74.0841929999999991
 21
-49.4957229999999981
 31
0
  0
LINE
  5
C9D
330
1B
100
AcDbEntity
  8
F.Cu
  6
CONTINUOUS
100
AcDbLine
 10
74.0841929999999991
 20
-49.4957229999999981
 30
0
 11
74.0841779999999943
 21
-49.4957229999999981
 31
0
  0
LINE
  5
C9E
330
1B
100
AcDbEntity
  8
F.Cu
  6
CONTINUOUS
100
AcDbLine
 10
74.0841779999999943
 20
-49.4957229999999981
 30
0
 11
73.95809899999999
 21
-49.4619399999999985
 31
0
  0
LINE
  5
C9F
330
1B
100
AcDbEntity
  8
F.Cu
  6
CONTINUOUS
100
AcDbLine
 10
73.95809899999999
 20
-49.4619399999999985
 30
0
 11
73.8450600000000037
 21
-49.3966769999999968
 31
0
  0
LINE
  5
CA0
330
1B
100
AcDbEntity
  8
F.Cu
  6
CONTINUOUS
100
AcDbLine
 10
73.8450600000000037
 20
-49.3966769999999968
 30
0
 11
73.845050999999998
 21
-49.3966679999999982
 31
0
  0
LINE
  5
CA1
330
1B
100
AcDbEntity
  8
F.Cu
  6
CONTINUOUS
100
AcDbLine
 10
73.845050999999998
 20
-49.3966679999999982
 30
0
 11
73.7958869999999933
 21
-49.353552999999998
 31
0
  0
LINE
  5
CA2
330
1B
100
AcDbEntity
  8
F.Cu
  6
CONTINUOUS
100
AcDbLine
 10
73.7958869999999933
 20
-49.353552999999998
 30
0
 11
57.436446999999994
 21
-32.9941120000000012
 31
0
  0
LINE
  5
CA3
330
1B
100
AcDbEntity
  8
F.Cu
  6
CONTINUOUS
100
AcDbLine
 10
57.436446999999994
 20
-32.9941120000000012
 30
0
 11
57.393338
 21
-32.9449550000000002
 31
0
  0
LINE
  5
CA4
330
1B
100
AcDbEntity
  8
F.Cu
  6
CONTINUOUS
100
AcDbLine
 10
57.393338
 20
-32.9449550000000002
 30
0
 11
57.3933229999999952
 21
-32.9449399999999955
 31
0
  0
LINE
  5
CA5
330
1B
100
AcDbEntity
  8
F.Cu
  6
CONTINUOUS
100
AcDbLine
 10
57.3933229999999952
 20
-32.9449399999999955
 30
0
 11
57.3280600000000007
 21
-32.831901000000002
 31
0
  0
LINE
  5
CA6
330
1B
100
AcDbEntity
  8
F.Cu
  6
CONTINUOUS
100
AcDbLine
 10
57.3280600000000007
 20
-32.831901000000002
 30
0
 11
57.3159599999999969
 21
-32.7867419999999967
 31
0
  0
LINE
  5
CA7
330
1B
100
AcDbEntity
  8
F.Cu
  6
CONTINUOUS
100
AcDbLine
 10
57.3159599999999969
 20
-32.7867419999999967
 30
0
 11
57.2942769999999939
 21
-32.7058219999999977
 31
0
  0
LINE
  5
CA8
330
1B
100
AcDbEntity
  8
F.Cu
  6
CONTINUOUS
100
AcDbLine
 10
57.2942769999999939
 20
-32.7058219999999977
 30
0
 11
57.2942769999999939
 21
-32.7058059999999955
 31
0
  0
LINE
  5
CA9
330
1B
100
AcDbEntity
  8
F.Cu
  6
CONTINUOUS
100
AcDbLine
 10
57.2942769999999939
 20
-32.7058059999999955
 30
0
 11
57.2899999999999991
 21
-32.6405589999999961
 31
0
  0
LINE
  5
CAA
330
1B
100
AcDbEntity
  8
F.Cu
  6
CONTINUOUS
100
AcDbLine
 10
57.2899999999999991
 20
-32.6405589999999961
 30
0
 11
57.2899999999999991
 21
-31.0665469999999999
 31
0
  0
LINE
  5
CAB
330
1B
100
AcDbEntity
  8
F.Cu
  6
CONTINUOUS
100
AcDbLine
 10
57.2899999999999991
 20
-31.0665469999999999
 30
0
 11
56.3234530000000007
 21
-30.0999999999999979
 31
0
  0
LINE
  5
CAC
330
1B
100
AcDbEntity
  8
F.Cu
  6
CONTINUOUS
100
AcDbLine
 10
56.3234530000000007
 20
-30.0999999999999979
 30
0
 11
49.9771069999999966
 21
-30.0999999999999979
 31
0
  0
LINE
  5
CAD
330
1B
100
AcDbEntity
  8
F.Cu
  6
CONTINUOUS
100
AcDbLine
 10
49.9771069999999966
 20
-30.0999999999999979
 30
0
 11
48.8200000000000003
 21
-31.2571060000000003
 31
0
  0
LINE
  5
CAE
330
1B
100
AcDbEntity
  8
F.Cu
  6
CONTINUOUS
100
AcDbLine
 10
48.8200000000000003
 20
-31.2571060000000003
 30
0
 11
48.8200000000000003
 21
-32.2999999999999972
 31
0
  0
LINE
  5
CAF
330
1B
100
AcDbEntity
  8
F.Cu
  6
CONTINUOUS
100
AcDbLine
 10
48.8200000000000003
 20
-32.2999999999999972
 30
0
 11
48.8009699999999995
 21
-32.3956710000000001
 31
0
  0
LINE
  5
CB0
330
1B
100
AcDbEntity
  8
F.Cu
  6
CONTINUOUS
100
AcDbLine
 10
48.8009699999999995
 20
-32.3956710000000001
 30
0
 11
48.7467769999999945
 21
-32.4767769999999985
 31
0
  0
LINE
  5
CB1
330
1B
100
AcDbEntity
  8
F.Cu
  6
CONTINUOUS
100
AcDbLine
 10
48.7467769999999945
 20
-32.4767769999999985
 30
0
 11
48.6656709999999961
 21
-32.5309699999999964
 31
0
  0
LINE
  5
CB2
330
1B
100
AcDbEntity
  8
F.Cu
  6
CONTINUOUS
100
AcDbLine
 10
48.6656709999999961
 20
-32.5309699999999964
 30
0
 11
48.5700000000000003
 21
-32.5499999999999972
 31
0
  0
LINE
  5
CB3
330
1B
100
AcDbEntity
  8
F.Cu
  6
CONTINUOUS
100
AcDbLine
 10
48.5700000000000003
 20
-32.5499999999999972
 30
0
 11
46.6699999999999946
 21
-32.5499999999999972
 31
0
  0
LINE
  5
CB4
330
1B
100
AcDbEntity
  8
F.Cu
  6
CONTINUOUS
100
AcDbLine
 10
46.6699999999999946
 20
-32.5499999999999972
 30
0
 11
46.5743289999999988
 21
-32.5309699999999964
 31
0
  0
LINE
  5
CB5
330
1B
100
AcDbEntity
  8
F.Cu
  6
CONTINUOUS
100
AcDbLine
 10
46.5743289999999988
 20
-32.5309699999999964
 30
0
 11
46.4932230000000004
 21
-32.4767769999999985
 31
0
  0
LINE
  5
CB6
330
1B
100
AcDbEntity
  8
F.Cu
  6
CONTINUOUS
100
AcDbLine
 10
46.4932230000000004
 20
-32.4767769999999985
 30
0
 11
46.4390299999999954
 21
-32.3956710000000001
 31
0
  0
LINE
  5
CB7
330
1B
100
AcDbEntity
  8
F.Cu
  6
CONTINUOUS
100
AcDbLine
 10
46.4390299999999954
 20
-32.3956710000000001
 30
0
 11
46.4199999999999946
 21
-32.2999999999999972
 31
0
  0
LINE
  5
CB8
330
1B
100
AcDbEntity
  8
F.Cu
  6
CONTINUOUS
100
AcDbLine
 10
46.4199999999999946
 20
-32.2999999999999972
 30
0
 11
46.4199999999999946
 21
-31.1999999999999993
 31
0
  0
LINE
  5
CB9
330
1B
100
AcDbEntity
  8
F.Cu
  6
CONTINUOUS
100
AcDbLine
 10
46.4199999999999946
 20
-31.1999999999999993
 30
0
 11
46.4390299999999954
 21
-31.1043289999999999
 31
0
  0
LINE
  5
CBA
330
1B
100
AcDbEntity
  8
F.Cu
  6
CONTINUOUS
100
AcDbLine
 10
46.4390299999999954
 20
-31.1043289999999999
 30
0
 11
46.4932230000000004
 21
-31.023222999999998
 31
0
  0
LINE
  5
CBB
330
1B
100
AcDbEntity
  8
F.Cu
  6
CONTINUOUS
100
AcDbLine
 10
46.4932230000000004
 20
-31.023222999999998
 30
0
 11
46.5743289999999988
 21
-30.9690300000000001
 31
0
  0
LINE
  5
CBC
330
1B
100
AcDbEntity
  8
F.Cu
  6
CONTINUOUS
100
AcDbLine
 10
46.5743289999999988
 20
-30.9690300000000001
 30
0
 11
46.6699999999999946
 21
-30.9499999999999993
 31
0
  0
LINE
  5
CBD
330
1B
100
AcDbEntity
  8
F.Cu
  6
CONTINUOUS
100
AcDbLine
 10
46.6699999999999946
 20
-30.9499999999999993
 30
0
 11
47.7128939999999986
 21
-30.9499999999999993
 31
0
  0
LINE
  5
CBE
330
1B
100
AcDbEntity
  8
F.Cu
  6
CONTINUOUS
100
AcDbLine
 10
47.7128939999999986
 20
-30.9499999999999993
 30
0
 11
49.4164460000000005
 21
-29.2464469999999999
 31
0
  0
LINE
  5
CBF
330
1B
100
AcDbEntity
  8
F.Cu
  6
CONTINUOUS
100
AcDbLine
 10
49.4164460000000005
 20
-29.2464469999999999
 30
0
 11
49.4656099999999981
 21
-29.2033309999999986
 31
0
  0
LINE
  5
CC0
330
1B
100
AcDbEntity
  8
F.Cu
  6
CONTINUOUS
100
AcDbLine
 10
49.4656099999999981
 20
-29.2033309999999986
 30
0
 11
49.4656189999999967
 21
-29.2033229999999975
 31
0
  0
LINE
  5
CC1
330
1B
100
AcDbEntity
  8
F.Cu
  6
CONTINUOUS
100
AcDbLine
 10
49.4656189999999967
 20
-29.2033229999999975
 30
0
 11
49.5786579999999972
 21
-29.1380599999999994
 31
0
  0
LINE
  5
CC2
330
1B
100
AcDbEntity
  8
F.Cu
  6
CONTINUOUS
100
AcDbLine
 10
49.5786579999999972
 20
-29.1380599999999994
 30
0
 11
49.7047369999999944
 21
-29.1042769999999997
 31
0
  0
LINE
  5
CC3
330
1B
100
AcDbEntity
  8
F.Cu
  6
CONTINUOUS
100
AcDbLine
 10
49.7047369999999944
 20
-29.1042769999999997
 30
0
 11
49.7047519999999992
 21
-29.1042769999999997
 31
0
  0
LINE
  5
CC4
330
1B
100
AcDbEntity
  8
F.Cu
  6
CONTINUOUS
100
AcDbLine
 10
49.7047519999999992
 20
-29.1042769999999997
 30
0
 11
49.769999999999996
 21
-29.0999999999999979
 31
0
  0
LINE
  5
CC5
330
1B
100
AcDbEntity
  8
F.Cu
  6
CONTINUOUS
100
AcDbLine
 10
49.769999999999996
 20
-29.0999999999999979
 30
0
 11
56.5305589999999967
 21
-29.0999999999999979
 31
0
  0
LINE
  5
CC6
330
1B
100
AcDbEntity
  8
F.Cu
  6
CONTINUOUS
100
AcDbLine
 10
56.5305589999999967
 20
-29.0999999999999979
 30
0
 11
56.5958070000000006
 21
-29.1042769999999997
 31
0
  0
LINE
  5
CC7
330
1B
100
AcDbEntity
  8
F.Cu
  6
CONTINUOUS
100
AcDbLine
 10
48.0984139999999982
 20
-46.1938519999999997
 30
0
 11
48.2522279999999952
 21
-46.2244479999999953
 31
0
  0
LINE
  5
CC8
330
1B
100
AcDbEntity
  8
F.Cu
  6
CONTINUOUS
100
AcDbLine
 10
48.2522279999999952
 20
-46.2244479999999953
 30
0
 11
48.3971169999999944
 21
-46.2844629999999952
 31
0
  0
LINE
  5
CC9
330
1B
100
AcDbEntity
  8
F.Cu
  6
CONTINUOUS
100
AcDbLine
 10
48.3971169999999944
 20
-46.2844629999999952
 30
0
 11
48.5275150000000011
 21
-46.3715919999999997
 31
0
  0
LINE
  5
CCA
330
1B
100
AcDbEntity
  8
F.Cu
  6
CONTINUOUS
100
AcDbLine
 10
48.5275150000000011
 20
-46.3715919999999997
 30
0
 11
48.6384079999999983
 21
-46.4824849999999969
 31
0
  0
LINE
  5
CCB
330
1B
100
AcDbEntity
  8
F.Cu
  6
CONTINUOUS
100
AcDbLine
 10
48.6384079999999983
 20
-46.4824849999999969
 30
0
 11
48.7255369999999957
 21
-46.6128829999999965
 31
0
  0
LINE
  5
CCC
330
1B
100
AcDbEntity
  8
F.Cu
  6
CONTINUOUS
100
AcDbLine
 10
48.7255369999999957
 20
-46.6128829999999965
 30
0
 11
48.7855519999999956
 21
-46.7577719999999957
 31
0
  0
LINE
  5
CCD
330
1B
100
AcDbEntity
  8
F.Cu
  6
CONTINUOUS
100
AcDbLine
 10
48.7855519999999956
 20
-46.7577719999999957
 30
0
 11
48.8161479999999983
 21
-46.9115859999999998
 31
0
  0
LINE
  5
CCE
330
1B
100
AcDbEntity
  8
F.Cu
  6
CONTINUOUS
100
AcDbLine
 10
48.8161479999999983
 20
-46.9115859999999998
 30
0
 11
48.8161479999999983
 21
-47.0684139999999971
 31
0
  0
LINE
  5
CCF
330
1B
100
AcDbEntity
  8
F.Cu
  6
CONTINUOUS
100
AcDbLine
 10
48.8161479999999983
 20
-47.0684139999999971
 30
0
 11
48.7855519999999956
 21
-47.2222280000000012
 31
0
  0
LINE
  5
CD0
330
1B
100
AcDbEntity
  8
F.Cu
  6
CONTINUOUS
100
AcDbLine
 10
48.7855519999999956
 20
-47.2222280000000012
 30
0
 11
48.7255369999999957
 21
-47.3671170000000004
 31
0
  0
LINE
  5
CD1
330
1B
100
AcDbEntity
  8
F.Cu
  6
CONTINUOUS
100
AcDbLine
 10
48.7255369999999957
 20
-47.3671170000000004
 30
0
 11
48.6384079999999983
 21
-47.4975149999999999
 31
0
  0
LINE
  5
CD2
330
1B
100
AcDbEntity
  8
F.Cu
  6
CONTINUOUS
100
AcDbLine
 10
48.6384079999999983
 20
-47.4975149999999999
 30
0
 11
48.5275150000000011
 21
-47.6084079999999972
 31
0
  0
LINE
  5
CD3
330
1B
100
AcDbEntity
  8
F.Cu
  6
CONTINUOUS
100
AcDbLine
 10
48.5275150000000011
 20
-47.6084079999999972
 30
0
 11
48.3971169999999944
 21
-47.6955369999999945
 31
0
  0
LINE
  5
CD4
330
1B
100
AcDbEntity
  8
F.Cu
  6
CONTINUOUS
100
AcDbLine
 10
48.3971169999999944
 20
-47.6955369999999945
 30
0
 11
48.2522279999999952
 21
-47.7555519999999945
 31
0
  0
LINE
  5
CD5
330
1B
100
AcDbEntity
  8
F.Cu
  6
CONTINUOUS
100
AcDbLine
 10
48.2522279999999952
 20
-47.7555519999999945
 30
0
 11
48.0984139999999982
 21
-47.7861479999999972
 31
0
  0
LINE
  5
CD6
330
1B
100
AcDbEntity
  8
F.Cu
  6
CONTINUOUS
100
AcDbLine
 10
48.0984139999999982
 20
-47.7861479999999972
 30
0
 11
48.019999999999996
 21
-47.7899999999999991
 31
0
  0
LINE
  5
CD7
330
1B
100
AcDbEntity
  8
F.Cu
  6
CONTINUOUS
100
AcDbLine
 10
48.019999999999996
 20
-47.7899999999999991
 30
0
 11
47.2199999999999989
 21
-47.7899999999999991
 31
0
  0
LINE
  5
CD8
330
1B
100
AcDbEntity
  8
F.Cu
  6
CONTINUOUS
100
AcDbLine
 10
47.2199999999999989
 20
-47.7899999999999991
 30
0
 11
47.1415859999999967
 21
-47.7861479999999972
 31
0
  0
LINE
  5
CD9
330
1B
100
AcDbEntity
  8
F.Cu
  6
CONTINUOUS
100
AcDbLine
 10
47.1415859999999967
 20
-47.7861479999999972
 30
0
 11
46.9877719999999997
 21
-47.7555519999999945
 31
0
  0
LINE
  5
CDA
330
1B
100
AcDbEntity
  8
F.Cu
  6
CONTINUOUS
100
AcDbLine
 10
46.9877719999999997
 20
-47.7555519999999945
 30
0
 11
46.8428830000000005
 21
-47.6955369999999945
 31
0
  0
LINE
  5
CDB
330
1B
100
AcDbEntity
  8
F.Cu
  6
CONTINUOUS
100
AcDbLine
 10
46.8428830000000005
 20
-47.6955369999999945
 30
0
 11
46.7124850000000009
 21
-47.6084079999999972
 31
0
  0
LINE
  5
CDC
330
1B
100
AcDbEntity
  8
F.Cu
  6
CONTINUOUS
100
AcDbLine
 10
46.7124850000000009
 20
-47.6084079999999972
 30
0
 11
46.6015919999999966
 21
-47.4975149999999999
 31
0
  0
LINE
  5
CDD
330
1B
100
AcDbEntity
  8
F.Cu
  6
CONTINUOUS
100
AcDbLine
 10
46.6015919999999966
 20
-47.4975149999999999
 30
0
 11
46.5144629999999992
 21
-47.3671170000000004
 31
0
  0
LINE
  5
CDE
330
1B
100
AcDbEntity
  8
F.Cu
  6
CONTINUOUS
100
AcDbLine
 10
46.5144629999999992
 20
-47.3671170000000004
 30
0
 11
46.4544479999999993
 21
-47.2222280000000012
 31
0
  0
LINE
  5
CDF
330
1B
100
AcDbEntity
  8
F.Cu
  6
CONTINUOUS
100
AcDbLine
 10
46.4544479999999993
 20
-47.2222280000000012
 30
0
 11
46.4238519999999966
 21
-47.0684139999999971
 31
0
  0
LINE
  5
CE0
330
1B
100
AcDbEntity
  8
F.Cu
  6
CONTINUOUS
100
AcDbLine
 10
46.4238519999999966
 20
-47.0684139999999971
 30
0
 11
46.4238519999999966
 21
-46.9115859999999998
 31
0
  0
LINE
  5
CE1
330
1B
100
AcDbEntity
  8
F.Cu
  6
CONTINUOUS
100
AcDbLine
 10
46.4238519999999966
 20
-46.9115859999999998
 30
0
 11
46.4544479999999993
 21
-46.7577719999999957
 31
0
  0
LINE
  5
CE2
330
1B
100
AcDbEntity
  8
F.Cu
  6
CONTINUOUS
100
AcDbLine
 10
46.4544479999999993
 20
-46.7577719999999957
 30
0
 11
46.5144629999999992
 21
-46.6128829999999965
 31
0
  0
LINE
  5
CE3
330
1B
100
AcDbEntity
  8
F.Cu
  6
CONTINUOUS
100
AcDbLine
 10
46.5144629999999992
 20
-46.6128829999999965
 30
0
 11
46.6015919999999966
 21
-46.4824849999999969
 31
0
  0
LINE
  5
CE4
330
1B
100
AcDbEntity
  8
F.Cu
  6
CONTINUOUS
100
AcDbLine
 10
46.6015919999999966
 20
-46.4824849999999969
 30
0
 11
46.7124850000000009
 21
-46.3715919999999997
 31
0
  0
LINE
  5
CE5
330
1B
100
AcDbEntity
  8
F.Cu
  6
CONTINUOUS
100
AcDbLine
 10
46.7124850000000009
 20
-46.3715919999999997
 30
0
 11
46.8428830000000005
 21
-46.2844629999999952
 31
0
  0
LINE
  5
CE6
330
1B
100
AcDbEntity
  8
F.Cu
  6
CONTINUOUS
100
AcDbLine
 10
46.8428830000000005
 20
-46.2844629999999952
 30
0
 11
46.9877719999999997
 21
-46.2244479999999953
 31
0
  0
LINE
  5
CE7
330
1B
100
AcDbEntity
  8
F.Cu
  6
CONTINUOUS
100
AcDbLine
 10
46.9877719999999997
 20
-46.2244479999999953
 30
0
 11
47.1415859999999967
 21
-46.1938519999999997
 31
0
  0
LINE
  5
CE8
330
1B
100
AcDbEntity
  8
F.Cu
  6
CONTINUOUS
100
AcDbLine
 10
47.1415859999999967
 20
-46.1938519999999997
 30
0
 11
47.2199999999999989
 21
-46.1899999999999977
 31
0
  0
LINE
  5
CE9
330
1B
100
AcDbEntity
  8
F.Cu
  6
CONTINUOUS
100
AcDbLine
 10
47.2199999999999989
 20
-46.1899999999999977
 30
0
 11
48.019999999999996
 21
-46.1899999999999977
 31
0
  0
LINE
  5
CEA
330
1B
100
AcDbEntity
  8
F.Cu
  6
CONTINUOUS
100
AcDbLine
 10
48.019999999999996
 20
-46.1899999999999977
 30
0
 11
48.0984139999999982
 21
-46.1938519999999997
 31
0
  0
LINE
  5
CEB
330
1B
100
AcDbEntity
  8
F.Cu
  6
CONTINUOUS
100
AcDbLine
 10
55.7184139999999957
 20
-46.1938519999999997
 30
0
 11
55.8722279999999998
 21
-46.2244479999999953
 31
0
  0
LINE
  5
CEC
330
1B
100
AcDbEntity
  8
F.Cu
  6
CONTINUOUS
100
AcDbLine
 10
55.8722279999999998
 20
-46.2244479999999953
 30
0
 11
56.0171169999999989
 21
-46.2844629999999952
 31
0
  0
LINE
  5
CED
330
1B
100
AcDbEntity
  8
F.Cu
  6
CONTINUOUS
100
AcDbLine
 10
56.0171169999999989
 20
-46.2844629999999952
 30
0
 11
56.1475149999999985
 21
-46.3715919999999997
 31
0
  0
LINE
  5
CEE
330
1B
100
AcDbEntity
  8
F.Cu
  6
CONTINUOUS
100
AcDbLine
 10
56.1475149999999985
 20
-46.3715919999999997
 30
0
 11
56.2584079999999958
 21
-46.4824849999999969
 31
0
  0
LINE
  5
CEF
330
1B
100
AcDbEntity
  8
F.Cu
  6
CONTINUOUS
100
AcDbLine
 10
56.2584079999999958
 20
-46.4824849999999969
 30
0
 11
56.3455370000000002
 21
-46.6128829999999965
 31
0
  0
LINE
  5
CF0
330
1B
100
AcDbEntity
  8
F.Cu
  6
CONTINUOUS
100
AcDbLine
 10
56.3455370000000002
 20
-46.6128829999999965
 30
0
 11
56.4055520000000001
 21
-46.7577719999999957
 31
0
  0
LINE
  5
CF1
330
1B
100
AcDbEntity
  8
F.Cu
  6
CONTINUOUS
100
AcDbLine
 10
56.4055520000000001
 20
-46.7577719999999957
 30
0
 11
56.4361479999999958
 21
-46.9115859999999998
 31
0
  0
LINE
  5
CF2
330
1B
100
AcDbEntity
  8
F.Cu
  6
CONTINUOUS
100
AcDbLine
 10
56.4361479999999958
 20
-46.9115859999999998
 30
0
 11
56.4361479999999958
 21
-47.0684139999999971
 31
0
  0
LINE
  5
CF3
330
1B
100
AcDbEntity
  8
F.Cu
  6
CONTINUOUS
100
AcDbLine
 10
56.4361479999999958
 20
-47.0684139999999971
 30
0
 11
56.4055520000000001
 21
-47.2222280000000012
 31
0
  0
LINE
  5
CF4
330
1B
100
AcDbEntity
  8
F.Cu
  6
CONTINUOUS
100
AcDbLine
 10
56.4055520000000001
 20
-47.2222280000000012
 30
0
 11
56.3455370000000002
 21
-47.3671170000000004
 31
0
  0
LINE
  5
CF5
330
1B
100
AcDbEntity
  8
F.Cu
  6
CONTINUOUS
100
AcDbLine
 10
56.3455370000000002
 20
-47.3671170000000004
 30
0
 11
56.2584079999999958
 21
-47.4975149999999999
 31
0
  0
LINE
  5
CF6
330
1B
100
AcDbEntity
  8
F.Cu
  6
CONTINUOUS
100
AcDbLine
 10
56.2584079999999958
 20
-47.4975149999999999
 30
0
 11
56.1475149999999985
 21
-47.6084079999999972
 31
0
  0
LINE
  5
CF7
330
1B
100
AcDbEntity
  8
F.Cu
  6
CONTINUOUS
100
AcDbLine
 10
56.1475149999999985
 20
-47.6084079999999972
 30
0
 11
56.0171169999999989
 21
-47.6955369999999945
 31
0
  0
LINE
  5
CF8
330
1B
100
AcDbEntity
  8
F.Cu
  6
CONTINUOUS
100
AcDbLine
 10
56.0171169999999989
 20
-47.6955369999999945
 30
0
 11
55.8722279999999998
 21
-47.7555519999999945
 31
0
  0
LINE
  5
CF9
330
1B
100
AcDbEntity
  8
F.Cu
  6
CONTINUOUS
100
AcDbLine
 10
55.8722279999999998
 20
-47.7555519999999945
 30
0
 11
55.7184139999999957
 21
-47.7861479999999972
 31
0
  0
LINE
  5
CFA
330
1B
100
AcDbEntity
  8
F.Cu
  6
CONTINUOUS
100
AcDbLine
 10
55.7184139999999957
 20
-47.7861479999999972
 30
0
 11
55.6400000000000006
 21
-47.7899999999999991
 31
0
  0
LINE
  5
CFB
330
1B
100
AcDbEntity
  8
F.Cu
  6
CONTINUOUS
100
AcDbLine
 10
55.6400000000000006
 20
-47.7899999999999991
 30
0
 11
54.8399999999999963
 21
-47.7899999999999991
 31
0
  0
LINE
  5
CFC
330
1B
100
AcDbEntity
  8
F.Cu
  6
CONTINUOUS
100
AcDbLine
 10
54.8399999999999963
 20
-47.7899999999999991
 30
0
 11
54.7615859999999941
 21
-47.7861479999999972
 31
0
  0
LINE
  5
CFD
330
1B
100
AcDbEntity
  8
F.Cu
  6
CONTINUOUS
100
AcDbLine
 10
54.7615859999999941
 20
-47.7861479999999972
 30
0
 11
54.6077719999999971
 21
-47.7555519999999945
 31
0
  0
LINE
  5
CFE
330
1B
100
AcDbEntity
  8
F.Cu
  6
CONTINUOUS
100
AcDbLine
 10
54.6077719999999971
 20
-47.7555519999999945
 30
0
 11
54.4628829999999979
 21
-47.6955369999999945
 31
0
  0
LINE
  5
CFF
330
1B
100
AcDbEntity
  8
F.Cu
  6
CONTINUOUS
100
AcDbLine
 10
54.4628829999999979
 20
-47.6955369999999945
 30
0
 11
54.3324849999999984
 21
-47.6084079999999972
 31
0
  0
LINE
  5
D00
330
1B
100
AcDbEntity
  8
F.Cu
  6
CONTINUOUS
100
AcDbLine
 10
54.3324849999999984
 20
-47.6084079999999972
 30
0
 11
54.221591999999994
 21
-47.4975149999999999
 31
0
  0
LINE
  5
D01
330
1B
100
AcDbEntity
  8
F.Cu
  6
CONTINUOUS
100
AcDbLine
 10
54.221591999999994
 20
-47.4975149999999999
 30
0
 11
54.1344629999999967
 21
-47.3671170000000004
 31
0
  0
LINE
  5
D02
330
1B
100
AcDbEntity
  8
F.Cu
  6
CONTINUOUS
100
AcDbLine
 10
54.1344629999999967
 20
-47.3671170000000004
 30
0
 11
54.0744479999999967
 21
-47.2222280000000012
 31
0
  0
LINE
  5
D03
330
1B
100
AcDbEntity
  8
F.Cu
  6
CONTINUOUS
100
AcDbLine
 10
54.0744479999999967
 20
-47.2222280000000012
 30
0
 11
54.043851999999994
 21
-47.0684139999999971
 31
0
  0
LINE
  5
D04
330
1B
100
AcDbEntity
  8
F.Cu
  6
CONTINUOUS
100
AcDbLine
 10
54.043851999999994
 20
-47.0684139999999971
 30
0
 11
54.043851999999994
 21
-46.9115859999999998
 31
0
  0
LINE
  5
D05
330
1B
100
AcDbEntity
  8
F.Cu
  6
CONTINUOUS
100
AcDbLine
 10
54.043851999999994
 20
-46.9115859999999998
 30
0
 11
54.0744479999999967
 21
-46.7577719999999957
 31
0
  0
LINE
  5
D06
330
1B
100
AcDbEntity
  8
F.Cu
  6
CONTINUOUS
100
AcDbLine
 10
54.0744479999999967
 20
-46.7577719999999957
 30
0
 11
54.1344629999999967
 21
-46.6128829999999965
 31
0
  0
LINE
  5
D07
330
1B
100
AcDbEntity
  8
F.Cu
  6
CONTINUOUS
100
AcDbLine
 10
54.1344629999999967
 20
-46.6128829999999965
 30
0
 11
54.221591999999994
 21
-46.4824849999999969
 31
0
  0
LINE
  5
D08
330
1B
100
AcDbEntity
  8
F.Cu
  6
CONTINUOUS
100
AcDbLine
 10
54.221591999999994
 20
-46.4824849999999969
 30
0
 11
54.3324849999999984
 21
-46.3715919999999997
 31
0
  0
LINE
  5
D09
330
1B
100
AcDbEntity
  8
F.Cu
  6
CONTINUOUS
100
AcDbLine
 10
54.3324849999999984
 20
-46.3715919999999997
 30
0
 11
54.4628829999999979
 21
-46.2844629999999952
 31
0
  0
LINE
  5
D0A
330
1B
100
AcDbEntity
  8
F.Cu
  6
CONTINUOUS
100
AcDbLine
 10
54.4628829999999979
 20
-46.2844629999999952
 30
0
 11
54.6077719999999971
 21
-46.2244479999999953
 31
0
  0
LINE
  5
D0B
330
1B
100
AcDbEntity
  8
F.Cu
  6
CONTINUOUS
100
AcDbLine
 10
54.6077719999999971
 20
-46.2244479999999953
 30
0
 11
54.7615859999999941
 21
-46.1938519999999997
 31
0
  0
LINE
  5
D0C
330
1B
100
AcDbEntity
  8
F.Cu
  6
CONTINUOUS
100
AcDbLine
 10
54.7615859999999941
 20
-46.1938519999999997
 30
0
 11
54.8399999999999963
 21
-46.1899999999999977
 31
0
  0
LINE
  5
D0D
330
1B
100
AcDbEntity
  8
F.Cu
  6
CONTINUOUS
100
AcDbLine
 10
54.8399999999999963
 20
-46.1899999999999977
 30
0
 11
55.6400000000000006
 21
-46.1899999999999977
 31
0
  0
LINE
  5
D0E
330
1B
100
AcDbEntity
  8
F.Cu
  6
CONTINUOUS
100
AcDbLine
 10
55.6400000000000006
 20
-46.1899999999999977
 30
0
 11
55.7184139999999957
 21
-46.1938519999999997
 31
0
  0
LINE
  5
D0F
330
1B
100
AcDbEntity
  8
F.Cu
  6
CONTINUOUS
100
AcDbLine
 10
85.2384139999999917
 20
-46.1938519999999997
 30
0
 11
85.3922280000000029
 21
-46.2244479999999953
 31
0
  0
LINE
  5
D10
330
1B
100
AcDbEntity
  8
F.Cu
  6
CONTINUOUS
100
AcDbLine
 10
85.3922280000000029
 20
-46.2244479999999953
 30
0
 11
85.537116999999995
 21
-46.2844629999999952
 31
0
  0
LINE
  5
D11
330
1B
100
AcDbEntity
  8
F.Cu
  6
CONTINUOUS
100
AcDbLine
 10
85.537116999999995
 20
-46.2844629999999952
 30
0
 11
85.6675149999999945
 21
-46.3715919999999997
 31
0
  0
LINE
  5
D12
330
1B
100
AcDbEntity
  8
F.Cu
  6
CONTINUOUS
100
AcDbLine
 10
85.6675149999999945
 20
-46.3715919999999997
 30
0
 11
85.7784079999999989
 21
-46.4824849999999969
 31
0
  0
LINE
  5
D13
330
1B
100
AcDbEntity
  8
F.Cu
  6
CONTINUOUS
100
AcDbLine
 10
85.7784079999999989
 20
-46.4824849999999969
 30
0
 11
85.8655369999999891
 21
-46.6128829999999965
 31
0
  0
LINE
  5
D14
330
1B
100
AcDbEntity
  8
F.Cu
  6
CONTINUOUS
100
AcDbLine
 10
85.8655369999999891
 20
-46.6128829999999965
 30
0
 11
85.9255519999999962
 21
-46.7577719999999957
 31
0
  0
LINE
  5
D15
330
1B
100
AcDbEntity
  8
F.Cu
  6
CONTINUOUS
100
AcDbLine
 10
85.9255519999999962
 20
-46.7577719999999957
 30
0
 11
85.9561479999999989
 21
-46.9115859999999998
 31
0
  0
LINE
  5
D16
330
1B
100
AcDbEntity
  8
F.Cu
  6
CONTINUOUS
100
AcDbLine
 10
85.9561479999999989
 20
-46.9115859999999998
 30
0
 11
85.9561479999999989
 21
-47.0684139999999971
 31
0
  0
LINE
  5
D17
330
1B
100
AcDbEntity
  8
F.Cu
  6
CONTINUOUS
100
AcDbLine
 10
85.9561479999999989
 20
-47.0684139999999971
 30
0
 11
85.9255519999999962
 21
-47.2222280000000012
 31
0
  0
LINE
  5
D18
330
1B
100
AcDbEntity
  8
F.Cu
  6
CONTINUOUS
100
AcDbLine
 10
85.9255519999999962
 20
-47.2222280000000012
 30
0
 11
85.8655369999999891
 21
-47.3671170000000004
 31
0
  0
LINE
  5
D19
330
1B
100
AcDbEntity
  8
F.Cu
  6
CONTINUOUS
100
AcDbLine
 10
85.8655369999999891
 20
-47.3671170000000004
 30
0
 11
85.7784079999999989
 21
-47.4975149999999999
 31
0
  0
LINE
  5
D1A
330
1B
100
AcDbEntity
  8
F.Cu
  6
CONTINUOUS
100
AcDbLine
 10
85.7784079999999989
 20
-47.4975149999999999
 30
0
 11
85.6675149999999945
 21
-47.6084079999999972
 31
0
  0
LINE
  5
D1B
330
1B
100
AcDbEntity
  8
F.Cu
  6
CONTINUOUS
100
AcDbLine
 10
85.6675149999999945
 20
-47.6084079999999972
 30
0
 11
85.537116999999995
 21
-47.6955369999999945
 31
0
  0
LINE
  5
D1C
330
1B
100
AcDbEntity
  8
F.Cu
  6
CONTINUOUS
100
AcDbLine
 10
85.537116999999995
 20
-47.6955369999999945
 30
0
 11
85.3922280000000029
 21
-47.7555519999999945
 31
0
  0
LINE
  5
D1D
330
1B
100
AcDbEntity
  8
F.Cu
  6
CONTINUOUS
100
AcDbLine
 10
85.3922280000000029
 20
-47.7555519999999945
 30
0
 11
85.2384139999999917
 21
-47.7861479999999972
 31
0
  0
LINE
  5
D1E
330
1B
100
AcDbEntity
  8
F.Cu
  6
CONTINUOUS
100
AcDbLine
 10
85.2384139999999917
 20
-47.7861479999999972
 30
0
 11
85.1599999999999966
 21
-47.7899999999999991
 31
0
  0
LINE
  5
D1F
330
1B
100
AcDbEntity
  8
F.Cu
  6
CONTINUOUS
100
AcDbLine
 10
85.1599999999999966
 20
-47.7899999999999991
 30
0
 11
84.3599999999999994
 21
-47.7899999999999991
 31
0
  0
LINE
  5
D20
330
1B
100
AcDbEntity
  8
F.Cu
  6
CONTINUOUS
100
AcDbLine
 10
84.3599999999999994
 20
-47.7899999999999991
 30
0
 11
84.2815859999999901
 21
-47.7861479999999972
 31
0
  0
LINE
  5
D21
330
1B
100
AcDbEntity
  8
F.Cu
  6
CONTINUOUS
100
AcDbLine
 10
84.2815859999999901
 20
-47.7861479999999972
 30
0
 11
84.1277719999999931
 21
-47.7555519999999945
 31
0
  0
LINE
  5
D22
330
1B
100
AcDbEntity
  8
F.Cu
  6
CONTINUOUS
100
AcDbLine
 10
84.1277719999999931
 20
-47.7555519999999945
 30
0
 11
83.9828830000000011
 21
-47.6955369999999945
 31
0
  0
LINE
  5
D23
330
1B
100
AcDbEntity
  8
F.Cu
  6
CONTINUOUS
100
AcDbLine
 10
83.9828830000000011
 20
-47.6955369999999945
 30
0
 11
83.8524850000000015
 21
-47.6084079999999972
 31
0
  0
LINE
  5
D24
330
1B
100
AcDbEntity
  8
F.Cu
  6
CONTINUOUS
100
AcDbLine
 10
83.8524850000000015
 20
-47.6084079999999972
 30
0
 11
83.7415919999999971
 21
-47.4975149999999999
 31
0
  0
LINE
  5
D25
330
1B
100
AcDbEntity
  8
F.Cu
  6
CONTINUOUS
100
AcDbLine
 10
83.7415919999999971
 20
-47.4975149999999999
 30
0
 11
83.6544629999999927
 21
-47.3671170000000004
 31
0
  0
LINE
  5
D26
330
1B
100
AcDbEntity
  8
F.Cu
  6
CONTINUOUS
100
AcDbLine
 10
83.6544629999999927
 20
-47.3671170000000004
 30
0
 11
83.5944479999999999
 21
-47.2222280000000012
 31
0
  0
LINE
  5
D27
330
1B
100
AcDbEntity
  8
F.Cu
  6
CONTINUOUS
100
AcDbLine
 10
83.5944479999999999
 20
-47.2222280000000012
 30
0
 11
83.5638519999999971
 21
-47.0684139999999971
 31
0
  0
LINE
  5
D28
330
1B
100
AcDbEntity
  8
F.Cu
  6
CONTINUOUS
100
AcDbLine
 10
83.5638519999999971
 20
-47.0684139999999971
 30
0
 11
83.5638519999999971
 21
-46.9115859999999998
 31
0
  0
LINE
  5
D29
330
1B
100
AcDbEntity
  8
F.Cu
  6
CONTINUOUS
100
AcDbLine
 10
83.5638519999999971
 20
-46.9115859999999998
 30
0
 11
83.5944479999999999
 21
-46.7577719999999957
 31
0
  0
LINE
  5
D2A
330
1B
100
AcDbEntity
  8
F.Cu
  6
CONTINUOUS
100
AcDbLine
 10
83.5944479999999999
 20
-46.7577719999999957
 30
0
 11
83.6544629999999927
 21
-46.6128829999999965
 31
0
  0
LINE
  5
D2B
330
1B
100
AcDbEntity
  8
F.Cu
  6
CONTINUOUS
100
AcDbLine
 10
83.6544629999999927
 20
-46.6128829999999965
 30
0
 11
83.7415919999999971
 21
-46.4824849999999969
 31
0
  0
LINE
  5
D2C
330
1B
100
AcDbEntity
  8
F.Cu
  6
CONTINUOUS
100
AcDbLine
 10
83.7415919999999971
 20
-46.4824849999999969
 30
0
 11
83.8524850000000015
 21
-46.3715919999999997
 31
0
  0
LINE
  5
D2D
330
1B
100
AcDbEntity
  8
F.Cu
  6
CONTINUOUS
100
AcDbLine
 10
83.8524850000000015
 20
-46.3715919999999997
 30
0
 11
83.9828830000000011
 21
-46.2844629999999952
 31
0
  0
LINE
  5
D2E
330
1B
100
AcDbEntity
  8
F.Cu
  6
CONTINUOUS
100
AcDbLine
 10
83.9828830000000011
 20
-46.2844629999999952
 30
0
 11
84.1277719999999931
 21
-46.2244479999999953
 31
0
  0
LINE
  5
D2F
330
1B
100
AcDbEntity
  8
F.Cu
  6
CONTINUOUS
100
AcDbLine
 10
84.1277719999999931
 20
-46.2244479999999953
 30
0
 11
84.2815859999999901
 21
-46.1938519999999997
 31
0
  0
LINE
  5
D30
330
1B
100
AcDbEntity
  8
F.Cu
  6
CONTINUOUS
100
AcDbLine
 10
84.2815859999999901
 20
-46.1938519999999997
 30
0
 11
84.3599999999999994
 21
-46.1899999999999977
 31
0
  0
LINE
  5
D31
330
1B
100
AcDbEntity
  8
F.Cu
  6
CONTINUOUS
100
AcDbLine
 10
84.3599999999999994
 20
-46.1899999999999977
 30
0
 11
85.1599999999999966
 21
-46.1899999999999977
 31
0
  0
LINE
  5
D32
330
1B
100
AcDbEntity
  8
F.Cu
  6
CONTINUOUS
100
AcDbLine
 10
85.1599999999999966
 20
-46.1899999999999977
 30
0
 11
85.2384139999999917
 21
-46.1938519999999997
 31
0
  0
LINE
  5
D33
330
1B
100
AcDbEntity
  8
F.Cu
  6
CONTINUOUS
100
AcDbLine
 10
48.0984139999999982
 20
-43.6538520000000005
 30
0
 11
48.2522279999999952
 21
-43.6844479999999962
 31
0
  0
LINE
  5
D34
330
1B
100
AcDbEntity
  8
F.Cu
  6
CONTINUOUS
100
AcDbLine
 10
48.2522279999999952
 20
-43.6844479999999962
 30
0
 11
48.3971169999999944
 21
-43.7444629999999961
 31
0
  0
LINE
  5
D35
330
1B
100
AcDbEntity
  8
F.Cu
  6
CONTINUOUS
100
AcDbLine
 10
48.3971169999999944
 20
-43.7444629999999961
 30
0
 11
48.5275150000000011
 21
-43.8315920000000006
 31
0
  0
LINE
  5
D36
330
1B
100
AcDbEntity
  8
F.Cu
  6
CONTINUOUS
100
AcDbLine
 10
48.5275150000000011
 20
-43.8315920000000006
 30
0
 11
48.6384079999999983
 21
-43.9424849999999978
 31
0
  0
LINE
  5
D37
330
1B
100
AcDbEntity
  8
F.Cu
  6
CONTINUOUS
100
AcDbLine
 10
48.6384079999999983
 20
-43.9424849999999978
 30
0
 11
48.7255369999999957
 21
-44.0728829999999974
 31
0
  0
LINE
  5
D38
330
1B
100
AcDbEntity
  8
F.Cu
  6
CONTINUOUS
100
AcDbLine
 10
48.7255369999999957
 20
-44.0728829999999974
 30
0
 11
48.7855519999999956
 21
-44.2177719999999965
 31
0
  0
LINE
  5
D39
330
1B
100
AcDbEntity
  8
F.Cu
  6
CONTINUOUS
100
AcDbLine
 10
48.7855519999999956
 20
-44.2177719999999965
 30
0
 11
48.8161479999999983
 21
-44.3715860000000006
 31
0
  0
LINE
  5
D3A
330
1B
100
AcDbEntity
  8
F.Cu
  6
CONTINUOUS
100
AcDbLine
 10
48.8161479999999983
 20
-44.3715860000000006
 30
0
 11
48.8161479999999983
 21
-44.5284139999999979
 31
0
  0
LINE
  5
D3B
330
1B
100
AcDbEntity
  8
F.Cu
  6
CONTINUOUS
100
AcDbLine
 10
48.8161479999999983
 20
-44.5284139999999979
 30
0
 11
48.7855519999999956
 21
-44.6822279999999949
 31
0
  0
LINE
  5
D3C
330
1B
100
AcDbEntity
  8
F.Cu
  6
CONTINUOUS
100
AcDbLine
 10
48.7855519999999956
 20
-44.6822279999999949
 30
0
 11
48.7255369999999957
 21
-44.8271170000000012
 31
0
  0
LINE
  5
D3D
330
1B
100
AcDbEntity
  8
F.Cu
  6
CONTINUOUS
100
AcDbLine
 10
48.7255369999999957
 20
-44.8271170000000012
 30
0
 11
48.6384079999999983
 21
-44.9575150000000008
 31
0
  0
LINE
  5
D3E
330
1B
100
AcDbEntity
  8
F.Cu
  6
CONTINUOUS
100
AcDbLine
 10
48.6384079999999983
 20
-44.9575150000000008
 30
0
 11
48.5275150000000011
 21
-45.068407999999998
 31
0
  0
LINE
  5
D3F
330
1B
100
AcDbEntity
  8
F.Cu
  6
CONTINUOUS
100
AcDbLine
 10
48.5275150000000011
 20
-45.068407999999998
 30
0
 11
48.3971169999999944
 21
-45.1555369999999954
 31
0
  0
LINE
  5
D40
330
1B
100
AcDbEntity
  8
F.Cu
  6
CONTINUOUS
100
AcDbLine
 10
48.3971169999999944
 20
-45.1555369999999954
 30
0
 11
48.2522279999999952
 21
-45.2155519999999953
 31
0
  0
LINE
  5
D41
330
1B
100
AcDbEntity
  8
F.Cu
  6
CONTINUOUS
100
AcDbLine
 10
48.2522279999999952
 20
-45.2155519999999953
 30
0
 11
48.0984139999999982
 21
-45.246147999999998
 31
0
  0
LINE
  5
D42
330
1B
100
AcDbEntity
  8
F.Cu
  6
CONTINUOUS
100
AcDbLine
 10
48.0984139999999982
 20
-45.246147999999998
 30
0
 11
48.019999999999996
 21
-45.25
 31
0
  0
LINE
  5
D43
330
1B
100
AcDbEntity
  8
F.Cu
  6
CONTINUOUS
100
AcDbLine
 10
48.019999999999996
 20
-45.25
 30
0
 11
47.2199999999999989
 21
-45.25
 31
0
  0
LINE
  5
D44
330
1B
100
AcDbEntity
  8
F.Cu
  6
CONTINUOUS
100
AcDbLine
 10
47.2199999999999989
 20
-45.25
 30
0
 11
47.1415859999999967
 21
-45.246147999999998
 31
0
  0
LINE
  5
D45
330
1B
100
AcDbEntity
  8
F.Cu
  6
CONTINUOUS
100
AcDbLine
 10
47.1415859999999967
 20
-45.246147999999998
 30
0
 11
46.9877719999999997
 21
-45.2155519999999953
 31
0
  0
LINE
  5
D46
330
1B
100
AcDbEntity
  8
F.Cu
  6
CONTINUOUS
100
AcDbLine
 10
46.9877719999999997
 20
-45.2155519999999953
 30
0
 11
46.8428830000000005
 21
-45.1555369999999954
 31
0
  0
LINE
  5
D47
330
1B
100
AcDbEntity
  8
F.Cu
  6
CONTINUOUS
100
AcDbLine
 10
46.8428830000000005
 20
-45.1555369999999954
 30
0
 11
46.7124850000000009
 21
-45.068407999999998
 31
0
  0
LINE
  5
D48
330
1B
100
AcDbEntity
  8
F.Cu
  6
CONTINUOUS
100
AcDbLine
 10
46.7124850000000009
 20
-45.068407999999998
 30
0
 11
46.6015919999999966
 21
-44.9575150000000008
 31
0
  0
LINE
  5
D49
330
1B
100
AcDbEntity
  8
F.Cu
  6
CONTINUOUS
100
AcDbLine
 10
46.6015919999999966
 20
-44.9575150000000008
 30
0
 11
46.5144629999999992
 21
-44.8271170000000012
 31
0
  0
LINE
  5
D4A
330
1B
100
AcDbEntity
  8
F.Cu
  6
CONTINUOUS
100
AcDbLine
 10
46.5144629999999992
 20
-44.8271170000000012
 30
0
 11
46.4544479999999993
 21
-44.6822279999999949
 31
0
  0
LINE
  5
D4B
330
1B
100
AcDbEntity
  8
F.Cu
  6
CONTINUOUS
100
AcDbLine
 10
46.4544479999999993
 20
-44.6822279999999949
 30
0
 11
46.4238519999999966
 21
-44.5284139999999979
 31
0
  0
LINE
  5
D4C
330
1B
100
AcDbEntity
  8
F.Cu
  6
CONTINUOUS
100
AcDbLine
 10
46.4238519999999966
 20
-44.5284139999999979
 30
0
 11
46.4238519999999966
 21
-44.3715860000000006
 31
0
  0
LINE
  5
D4D
330
1B
100
AcDbEntity
  8
F.Cu
  6
CONTINUOUS
100
AcDbLine
 10
46.4238519999999966
 20
-44.3715860000000006
 30
0
 11
46.4544479999999993
 21
-44.2177719999999965
 31
0
  0
LINE
  5
D4E
330
1B
100
AcDbEntity
  8
F.Cu
  6
CONTINUOUS
100
AcDbLine
 10
46.4544479999999993
 20
-44.2177719999999965
 30
0
 11
46.5144629999999992
 21
-44.0728829999999974
 31
0
  0
LINE
  5
D4F
330
1B
100
AcDbEntity
  8
F.Cu
  6
CONTINUOUS
100
AcDbLine
 10
46.5144629999999992
 20
-44.0728829999999974
 30
0
 11
46.6015919999999966
 21
-43.9424849999999978
 31
0
  0
LINE
  5
D50
330
1B
100
AcDbEntity
  8
F.Cu
  6
CONTINUOUS
100
AcDbLine
 10
46.6015919999999966
 20
-43.9424849999999978
 30
0
 11
46.7124850000000009
 21
-43.8315920000000006
 31
0
  0
LINE
  5
D51
330
1B
100
AcDbEntity
  8
F.Cu
  6
CONTINUOUS
100
AcDbLine
 10
46.7124850000000009
 20
-43.8315920000000006
 30
0
 11
46.8428830000000005
 21
-43.7444629999999961
 31
0
  0
LINE
  5
D52
330
1B
100
AcDbEntity
  8
F.Cu
  6
CONTINUOUS
100
AcDbLine
 10
46.8428830000000005
 20
-43.7444629999999961
 30
0
 11
46.9877719999999997
 21
-43.6844479999999962
 31
0
  0
LINE
  5
D53
330
1B
100
AcDbEntity
  8
F.Cu
  6
CONTINUOUS
100
AcDbLine
 10
46.9877719999999997
 20
-43.6844479999999962
 30
0
 11
47.1415859999999967
 21
-43.6538520000000005
 31
0
  0
LINE
  5
D54
330
1B
100
AcDbEntity
  8
F.Cu
  6
CONTINUOUS
100
AcDbLine
 10
47.1415859999999967
 20
-43.6538520000000005
 30
0
 11
47.2199999999999989
 21
-43.6499999999999986
 31
0
  0
LINE
  5
D55
330
1B
100
AcDbEntity
  8
F.Cu
  6
CONTINUOUS
100
AcDbLine
 10
47.2199999999999989
 20
-43.6499999999999986
 30
0
 11
48.019999999999996
 21
-43.6499999999999986
 31
0
  0
LINE
  5
D56
330
1B
100
AcDbEntity
  8
F.Cu
  6
CONTINUOUS
100
AcDbLine
 10
48.019999999999996
 20
-43.6499999999999986
 30
0
 11
48.0984139999999982
 21
-43.6538520000000005
 31
0
  0
LINE
  5
D57
330
1B
100
AcDbEntity
  8
F.Cu
  6
CONTINUOUS
100
AcDbLine
 10
55.7184139999999957
 20
-43.6538520000000005
 30
0
 11
55.8722279999999998
 21
-43.6844479999999962
 31
0
  0
LINE
  5
D58
330
1B
100
AcDbEntity
  8
F.Cu
  6
CONTINUOUS
100
AcDbLine
 10
55.8722279999999998
 20
-43.6844479999999962
 30
0
 11
56.0171169999999989
 21
-43.7444629999999961
 31
0
  0
LINE
  5
D59
330
1B
100
AcDbEntity
  8
F.Cu
  6
CONTINUOUS
100
AcDbLine
 10
56.0171169999999989
 20
-43.7444629999999961
 30
0
 11
56.1475149999999985
 21
-43.8315920000000006
 31
0
  0
LINE
  5
D5A
330
1B
100
AcDbEntity
  8
F.Cu
  6
CONTINUOUS
100
AcDbLine
 10
56.1475149999999985
 20
-43.8315920000000006
 30
0
 11
56.2584079999999958
 21
-43.9424849999999978
 31
0
  0
LINE
  5
D5B
330
1B
100
AcDbEntity
  8
F.Cu
  6
CONTINUOUS
100
AcDbLine
 10
56.2584079999999958
 20
-43.9424849999999978
 30
0
 11
56.3455370000000002
 21
-44.0728829999999974
 31
0
  0
LINE
  5
D5C
330
1B
100
AcDbEntity
  8
F.Cu
  6
CONTINUOUS
100
AcDbLine
 10
56.3455370000000002
 20
-44.0728829999999974
 30
0
 11
56.4055520000000001
 21
-44.2177719999999965
 31
0
  0
LINE
  5
D5D
330
1B
100
AcDbEntity
  8
F.Cu
  6
CONTINUOUS
100
AcDbLine
 10
56.4055520000000001
 20
-44.2177719999999965
 30
0
 11
56.4361479999999958
 21
-44.3715860000000006
 31
0
  0
LINE
  5
D5E
330
1B
100
AcDbEntity
  8
F.Cu
  6
CONTINUOUS
100
AcDbLine
 10
56.4361479999999958
 20
-44.3715860000000006
 30
0
 11
56.4361479999999958
 21
-44.5284139999999979
 31
0
  0
LINE
  5
D5F
330
1B
100
AcDbEntity
  8
F.Cu
  6
CONTINUOUS
100
AcDbLine
 10
56.4361479999999958
 20
-44.5284139999999979
 30
0
 11
56.4055520000000001
 21
-44.6822279999999949
 31
0
  0
LINE
  5
D60
330
1B
100
AcDbEntity
  8
F.Cu
  6
CONTINUOUS
100
AcDbLine
 10
56.4055520000000001
 20
-44.6822279999999949
 30
0
 11
56.3455370000000002
 21
-44.8271170000000012
 31
0
  0
LINE
  5
D61
330
1B
100
AcDbEntity
  8
F.Cu
  6
CONTINUOUS
100
AcDbLine
 10
56.3455370000000002
 20
-44.8271170000000012
 30
0
 11
56.2584079999999958
 21
-44.9575150000000008
 31
0
  0
LINE
  5
D62
330
1B
100
AcDbEntity
  8
F.Cu
  6
CONTINUOUS
100
AcDbLine
 10
56.2584079999999958
 20
-44.9575150000000008
 30
0
 11
56.1475149999999985
 21
-45.068407999999998
 31
0
  0
LINE
  5
D63
330
1B
100
AcDbEntity
  8
F.Cu
  6
CONTINUOUS
100
AcDbLine
 10
56.1475149999999985
 20
-45.068407999999998
 30
0
 11
56.0171169999999989
 21
-45.1555369999999954
 31
0
  0
LINE
  5
D64
330
1B
100
AcDbEntity
  8
F.Cu
  6
CONTINUOUS
100
AcDbLine
 10
56.0171169999999989
 20
-45.1555369999999954
 30
0
 11
55.8722279999999998
 21
-45.2155519999999953
 31
0
  0
LINE
  5
D65
330
1B
100
AcDbEntity
  8
F.Cu
  6
CONTINUOUS
100
AcDbLine
 10
55.8722279999999998
 20
-45.2155519999999953
 30
0
 11
55.7184139999999957
 21
-45.246147999999998
 31
0
  0
LINE
  5
D66
330
1B
100
AcDbEntity
  8
F.Cu
  6
CONTINUOUS
100
AcDbLine
 10
55.7184139999999957
 20
-45.246147999999998
 30
0
 11
55.6400000000000006
 21
-45.25
 31
0
  0
LINE
  5
D67
330
1B
100
AcDbEntity
  8
F.Cu
  6
CONTINUOUS
100
AcDbLine
 10
55.6400000000000006
 20
-45.25
 30
0
 11
54.8399999999999963
 21
-45.25
 31
0
  0
LINE
  5
D68
330
1B
100
AcDbEntity
  8
F.Cu
  6
CONTINUOUS
100
AcDbLine
 10
54.8399999999999963
 20
-45.25
 30
0
 11
54.7615859999999941
 21
-45.246147999999998
 31
0
  0
LINE
  5
D69
330
1B
100
AcDbEntity
  8
F.Cu
  6
CONTINUOUS
100
AcDbLine
 10
54.7615859999999941
 20
-45.246147999999998
 30
0
 11
54.6077719999999971
 21
-45.2155519999999953
 31
0
  0
LINE
  5
D6A
330
1B
100
AcDbEntity
  8
F.Cu
  6
CONTINUOUS
100
AcDbLine
 10
54.6077719999999971
 20
-45.2155519999999953
 30
0
 11
54.4628829999999979
 21
-45.1555369999999954
 31
0
  0
LINE
  5
D6B
330
1B
100
AcDbEntity
  8
F.Cu
  6
CONTINUOUS
100
AcDbLine
 10
54.4628829999999979
 20
-45.1555369999999954
 30
0
 11
54.3324849999999984
 21
-45.068407999999998
 31
0
  0
LINE
  5
D6C
330
1B
100
AcDbEntity
  8
F.Cu
  6
CONTINUOUS
100
AcDbLine
 10
54.3324849999999984
 20
-45.068407999999998
 30
0
 11
54.221591999999994
 21
-44.9575150000000008
 31
0
  0
LINE
  5
D6D
330
1B
100
AcDbEntity
  8
F.Cu
  6
CONTINUOUS
100
AcDbLine
 10
54.221591999999994
 20
-44.9575150000000008
 30
0
 11
54.1344629999999967
 21
-44.8271170000000012
 31
0
  0
LINE
  5
D6E
330
1B
100
AcDbEntity
  8
F.Cu
  6
CONTINUOUS
100
AcDbLine
 10
54.1344629999999967
 20
-44.8271170000000012
 30
0
 11
54.0744479999999967
 21
-44.6822279999999949
 31
0
  0
LINE
  5
D6F
330
1B
100
AcDbEntity
  8
F.Cu
  6
CONTINUOUS
100
AcDbLine
 10
54.0744479999999967
 20
-44.6822279999999949
 30
0
 11
54.043851999999994
 21
-44.5284139999999979
 31
0
  0
LINE
  5
D70
330
1B
100
AcDbEntity
  8
F.Cu
  6
CONTINUOUS
100
AcDbLine
 10
54.043851999999994
 20
-44.5284139999999979
 30
0
 11
54.043851999999994
 21
-44.3715860000000006
 31
0
  0
LINE
  5
D71
330
1B
100
AcDbEntity
  8
F.Cu
  6
CONTINUOUS
100
AcDbLine
 10
54.043851999999994
 20
-44.3715860000000006
 30
0
 11
54.0744479999999967
 21
-44.2177719999999965
 31
0
  0
LINE
  5
D72
330
1B
100
AcDbEntity
  8
F.Cu
  6
CONTINUOUS
100
AcDbLine
 10
54.0744479999999967
 20
-44.2177719999999965
 30
0
 11
54.1344629999999967
 21
-44.0728829999999974
 31
0
  0
LINE
  5
D73
330
1B
100
AcDbEntity
  8
F.Cu
  6
CONTINUOUS
100
AcDbLine
 10
54.1344629999999967
 20
-44.0728829999999974
 30
0
 11
54.221591999999994
 21
-43.9424849999999978
 31
0
  0
LINE
  5
D74
330
1B
100
AcDbEntity
  8
F.Cu
  6
CONTINUOUS
100
AcDbLine
 10
54.221591999999994
 20
-43.9424849999999978
 30
0
 11
54.3324849999999984
 21
-43.8315920000000006
 31
0
  0
LINE
  5
D75
330
1B
100
AcDbEntity
  8
F.Cu
  6
CONTINUOUS
100
AcDbLine
 10
54.3324849999999984
 20
-43.8315920000000006
 30
0
 11
54.4628829999999979
 21
-43.7444629999999961
 31
0
  0
LINE
  5
D76
330
1B
100
AcDbEntity
  8
F.Cu
  6
CONTINUOUS
100
AcDbLine
 10
54.4628829999999979
 20
-43.7444629999999961
 30
0
 11
54.6077719999999971
 21
-43.6844479999999962
 31
0
  0
LINE
  5
D77
330
1B
100
AcDbEntity
  8
F.Cu
  6
CONTINUOUS
100
AcDbLine
 10
54.6077719999999971
 20
-43.6844479999999962
 30
0
 11
54.7615859999999941
 21
-43.6538520000000005
 31
0
  0
LINE
  5
D78
330
1B
100
AcDbEntity
  8
F.Cu
  6
CONTINUOUS
100
AcDbLine
 10
54.7615859999999941
 20
-43.6538520000000005
 30
0
 11
54.8399999999999963
 21
-43.6499999999999986
 31
0
  0
LINE
  5
D79
330
1B
100
AcDbEntity
  8
F.Cu
  6
CONTINUOUS
100
AcDbLine
 10
54.8399999999999963
 20
-43.6499999999999986
 30
0
 11
55.6400000000000006
 21
-43.6499999999999986
 31
0
  0
LINE
  5
D7A
330
1B
100
AcDbEntity
  8
F.Cu
  6
CONTINUOUS
100
AcDbLine
 10
55.6400000000000006
 20
-43.6499999999999986
 30
0
 11
55.7184139999999957
 21
-43.6538520000000005
 31
0
  0
LINE
  5
D7B
330
1B
100
AcDbEntity
  8
F.Cu
  6
CONTINUOUS
100
AcDbLine
 10
85.2384139999999917
 20
-43.6538520000000005
 30
0
 11
85.3922280000000029
 21
-43.6844479999999962
 31
0
  0
LINE
  5
D7C
330
1B
100
AcDbEntity
  8
F.Cu
  6
CONTINUOUS
100
AcDbLine
 10
85.3922280000000029
 20
-43.6844479999999962
 30
0
 11
85.537116999999995
 21
-43.7444629999999961
 31
0
  0
LINE
  5
D7D
330
1B
100
AcDbEntity
  8
F.Cu
  6
CONTINUOUS
100
AcDbLine
 10
85.537116999999995
 20
-43.7444629999999961
 30
0
 11
85.6675149999999945
 21
-43.8315920000000006
 31
0
  0
LINE
  5
D7E
330
1B
100
AcDbEntity
  8
F.Cu
  6
CONTINUOUS
100
AcDbLine
 10
85.6675149999999945
 20
-43.8315920000000006
 30
0
 11
85.7784079999999989
 21
-43.9424849999999978
 31
0
  0
LINE
  5
D7F
330
1B
100
AcDbEntity
  8
F.Cu
  6
CONTINUOUS
100
AcDbLine
 10
85.7784079999999989
 20
-43.9424849999999978
 30
0
 11
85.8655369999999891
 21
-44.0728829999999974
 31
0
  0
LINE
  5
D80
330
1B
100
AcDbEntity
  8
F.Cu
  6
CONTINUOUS
100
AcDbLine
 10
85.8655369999999891
 20
-44.0728829999999974
 30
0
 11
85.9255519999999962
 21
-44.2177719999999965
 31
0
  0
LINE
  5
D81
330
1B
100
AcDbEntity
  8
F.Cu
  6
CONTINUOUS
100
AcDbLine
 10
85.9255519999999962
 20
-44.2177719999999965
 30
0
 11
85.9561479999999989
 21
-44.3715860000000006
 31
0
  0
LINE
  5
D82
330
1B
100
AcDbEntity
  8
F.Cu
  6
CONTINUOUS
100
AcDbLine
 10
85.9561479999999989
 20
-44.3715860000000006
 30
0
 11
85.9561479999999989
 21
-44.5284139999999979
 31
0
  0
LINE
  5
D83
330
1B
100
AcDbEntity
  8
F.Cu
  6
CONTINUOUS
100
AcDbLine
 10
85.9561479999999989
 20
-44.5284139999999979
 30
0
 11
85.9255519999999962
 21
-44.6822279999999949
 31
0
  0
LINE
  5
D84
330
1B
100
AcDbEntity
  8
F.Cu
  6
CONTINUOUS
100
AcDbLine
 10
85.9255519999999962
 20
-44.6822279999999949
 30
0
 11
85.8655369999999891
 21
-44.8271170000000012
 31
0
  0
LINE
  5
D85
330
1B
100
AcDbEntity
  8
F.Cu
  6
CONTINUOUS
100
AcDbLine
 10
85.8655369999999891
 20
-44.8271170000000012
 30
0
 11
85.7784079999999989
 21
-44.9575150000000008
 31
0
  0
LINE
  5
D86
330
1B
100
AcDbEntity
  8
F.Cu
  6
CONTINUOUS
100
AcDbLine
 10
85.7784079999999989
 20
-44.9575150000000008
 30
0
 11
85.6675149999999945
 21
-45.068407999999998
 31
0
  0
LINE
  5
D87
330
1B
100
AcDbEntity
  8
F.Cu
  6
CONTINUOUS
100
AcDbLine
 10
85.6675149999999945
 20
-45.068407999999998
 30
0
 11
85.537116999999995
 21
-45.1555369999999954
 31
0
  0
LINE
  5
D88
330
1B
100
AcDbEntity
  8
F.Cu
  6
CONTINUOUS
100
AcDbLine
 10
85.537116999999995
 20
-45.1555369999999954
 30
0
 11
85.3922280000000029
 21
-45.2155519999999953
 31
0
  0
LINE
  5
D89
330
1B
100
AcDbEntity
  8
F.Cu
  6
CONTINUOUS
100
AcDbLine
 10
85.3922280000000029
 20
-45.2155519999999953
 30
0
 11
85.2384139999999917
 21
-45.246147999999998
 31
0
  0
LINE
  5
D8A
330
1B
100
AcDbEntity
  8
F.Cu
  6
CONTINUOUS
100
AcDbLine
 10
85.2384139999999917
 20
-45.246147999999998
 30
0
 11
85.1599999999999966
 21
-45.25
 31
0
  0
LINE
  5
D8B
330
1B
100
AcDbEntity
  8
F.Cu
  6
CONTINUOUS
100
AcDbLine
 10
85.1599999999999966
 20
-45.25
 30
0
 11
84.3599999999999994
 21
-45.25
 31
0
  0
LINE
  5
D8C
330
1B
100
AcDbEntity
  8
F.Cu
  6
CONTINUOUS
100
AcDbLine
 10
84.3599999999999994
 20
-45.25
 30
0
 11
84.2815859999999901
 21
-45.246147999999998
 31
0
  0
LINE
  5
D8D
330
1B
100
AcDbEntity
  8
F.Cu
  6
CONTINUOUS
100
AcDbLine
 10
84.2815859999999901
 20
-45.246147999999998
 30
0
 11
84.1277719999999931
 21
-45.2155519999999953
 31
0
  0
LINE
  5
D8E
330
1B
100
AcDbEntity
  8
F.Cu
  6
CONTINUOUS
100
AcDbLine
 10
84.1277719999999931
 20
-45.2155519999999953
 30
0
 11
83.9828830000000011
 21
-45.1555369999999954
 31
0
  0
LINE
  5
D8F
330
1B
100
AcDbEntity
  8
F.Cu
  6
CONTINUOUS
100
AcDbLine
 10
83.9828830000000011
 20
-45.1555369999999954
 30
0
 11
83.8524850000000015
 21
-45.068407999999998
 31
0
  0
LINE
  5
D90
330
1B
100
AcDbEntity
  8
F.Cu
  6
CONTINUOUS
100
AcDbLine
 10
83.8524850000000015
 20
-45.068407999999998
 30
0
 11
83.7415919999999971
 21
-44.9575150000000008
 31
0
  0
LINE
  5
D91
330
1B
100
AcDbEntity
  8
F.Cu
  6
CONTINUOUS
100
AcDbLine
 10
83.7415919999999971
 20
-44.9575150000000008
 30
0
 11
83.6544629999999927
 21
-44.8271170000000012
 31
0
  0
LINE
  5
D92
330
1B
100
AcDbEntity
  8
F.Cu
  6
CONTINUOUS
100
AcDbLine
 10
83.6544629999999927
 20
-44.8271170000000012
 30
0
 11
83.5944479999999999
 21
-44.6822279999999949
 31
0
  0
LINE
  5
D93
330
1B
100
AcDbEntity
  8
F.Cu
  6
CONTINUOUS
100
AcDbLine
 10
83.5944479999999999
 20
-44.6822279999999949
 30
0
 11
83.5638519999999971
 21
-44.5284139999999979
 31
0
  0
LINE
  5
D94
330
1B
100
AcDbEntity
  8
F.Cu
  6
CONTINUOUS
100
AcDbLine
 10
83.5638519999999971
 20
-44.5284139999999979
 30
0
 11
83.5638519999999971
 21
-44.3715860000000006
 31
0
  0
LINE
  5
D95
330
1B
100
AcDbEntity
  8
F.Cu
  6
CONTINUOUS
100
AcDbLine
 10
83.5638519999999971
 20
-44.3715860000000006
 30
0
 11
83.5944479999999999
 21
-44.2177719999999965
 31
0
  0
LINE
  5
D96
330
1B
100
AcDbEntity
  8
F.Cu
  6
CONTINUOUS
100
AcDbLine
 10
83.5944479999999999
 20
-44.2177719999999965
 30
0
 11
83.6544629999999927
 21
-44.0728829999999974
 31
0
  0
LINE
  5
D97
330
1B
100
AcDbEntity
  8
F.Cu
  6
CONTINUOUS
100
AcDbLine
 10
83.6544629999999927
 20
-44.0728829999999974
 30
0
 11
83.7415919999999971
 21
-43.9424849999999978
 31
0
  0
LINE
  5
D98
330
1B
100
AcDbEntity
  8
F.Cu
  6
CONTINUOUS
100
AcDbLine
 10
83.7415919999999971
 20
-43.9424849999999978
 30
0
 11
83.8524850000000015
 21
-43.8315920000000006
 31
0
  0
LINE
  5
D99
330
1B
100
AcDbEntity
  8
F.Cu
  6
CONTINUOUS
100
AcDbLine
 10
83.8524850000000015
 20
-43.8315920000000006
 30
0
 11
83.9828830000000011
 21
-43.7444629999999961
 31
0
  0
LINE
  5
D9A
330
1B
100
AcDbEntity
  8
F.Cu
  6
CONTINUOUS
100
AcDbLine
 10
83.9828830000000011
 20
-43.7444629999999961
 30
0
 11
84.1277719999999931
 21
-43.6844479999999962
 31
0
  0
LINE
  5
D9B
330
1B
100
AcDbEntity
  8
F.Cu
  6
CONTINUOUS
100
AcDbLine
 10
84.1277719999999931
 20
-43.6844479999999962
 30
0
 11
84.2815859999999901
 21
-43.6538520000000005
 31
0
  0
LINE
  5
D9C
330
1B
100
AcDbEntity
  8
F.Cu
  6
CONTINUOUS
100
AcDbLine
 10
84.2815859999999901
 20
-43.6538520000000005
 30
0
 11
84.3599999999999994
 21
-43.6499999999999986
 31
0
  0
LINE
  5
D9D
330
1B
100
AcDbEntity
  8
F.Cu
  6
CONTINUOUS
100
AcDbLine
 10
84.3599999999999994
 20
-43.6499999999999986
 30
0
 11
85.1599999999999966
 21
-43.6499999999999986
 31
0
  0
LINE
  5
D9E
330
1B
100
AcDbEntity
  8
F.Cu
  6
CONTINUOUS
100
AcDbLine
 10
85.1599999999999966
 20
-43.6499999999999986
 30
0
 11
85.2384139999999917
 21
-43.6538520000000005
 31
0
  0
LINE
  5
D9F
330
1B
100
AcDbEntity
  8
F.Cu
  6
CONTINUOUS
100
AcDbLine
 10
92.8584139999999962
 20
-43.6538520000000005
 30
0
 11
93.0122279999999932
 21
-43.6844479999999962
 31
0
  0
LINE
  5
DA0
330
1B
100
AcDbEntity
  8
F.Cu
  6
CONTINUOUS
100
AcDbLine
 10
93.0122279999999932
 20
-43.6844479999999962
 30
0
 11
93.1571169999999995
 21
-43.7444629999999961
 31
0
  0
LINE
  5
DA1
330
1B
100
AcDbEntity
  8
F.Cu
  6
CONTINUOUS
100
AcDbLine
 10
93.1571169999999995
 20
-43.7444629999999961
 30
0
 11
93.2875149999999991
 21
-43.8315920000000006
 31
0
  0
LINE
  5
DA2
330
1B
100
AcDbEntity
  8
F.Cu
  6
CONTINUOUS
100
AcDbLine
 10
93.2875149999999991
 20
-43.8315920000000006
 30
0
 11
93.3984079999999892
 21
-43.9424849999999978
 31
0
  0
LINE
  5
DA3
330
1B
100
AcDbEntity
  8
F.Cu
  6
CONTINUOUS
100
AcDbLine
 10
93.3984079999999892
 20
-43.9424849999999978
 30
0
 11
93.4855369999999937
 21
-44.0728829999999974
 31
0
  0
LINE
  5
DA4
330
1B
100
AcDbEntity
  8
F.Cu
  6
CONTINUOUS
100
AcDbLine
 10
93.4855369999999937
 20
-44.0728829999999974
 30
0
 11
93.5455520000000007
 21
-44.2177719999999965
 31
0
  0
LINE
  5
DA5
330
1B
100
AcDbEntity
  8
F.Cu
  6
CONTINUOUS
100
AcDbLine
 10
93.5455520000000007
 20
-44.2177719999999965
 30
0
 11
93.5761479999999892
 21
-44.3715860000000006
 31
0
  0
LINE
  5
DA6
330
1B
100
AcDbEntity
  8
F.Cu
  6
CONTINUOUS
100
AcDbLine
 10
93.5761479999999892
 20
-44.3715860000000006
 30
0
 11
93.5761479999999892
 21
-44.5284139999999979
 31
0
  0
LINE
  5
DA7
330
1B
100
AcDbEntity
  8
F.Cu
  6
CONTINUOUS
100
AcDbLine
 10
93.5761479999999892
 20
-44.5284139999999979
 30
0
 11
93.5455520000000007
 21
-44.6822279999999949
 31
0
  0
LINE
  5
DA8
330
1B
100
AcDbEntity
  8
F.Cu
  6
CONTINUOUS
100
AcDbLine
 10
93.5455520000000007
 20
-44.6822279999999949
 30
0
 11
93.4855369999999937
 21
-44.8271170000000012
 31
0
  0
LINE
  5
DA9
330
1B
100
AcDbEntity
  8
F.Cu
  6
CONTINUOUS
100
AcDbLine
 10
93.4855369999999937
 20
-44.8271170000000012
 30
0
 11
93.3984079999999892
 21
-44.9575150000000008
 31
0
  0
LINE
  5
DAA
330
1B
100
AcDbEntity
  8
F.Cu
  6
CONTINUOUS
100
AcDbLine
 10
93.3984079999999892
 20
-44.9575150000000008
 30
0
 11
93.2875149999999991
 21
-45.068407999999998
 31
0
  0
LINE
  5
DAB
330
1B
100
AcDbEntity
  8
F.Cu
  6
CONTINUOUS
100
AcDbLine
 10
93.2875149999999991
 20
-45.068407999999998
 30
0
 11
93.1571169999999995
 21
-45.1555369999999954
 31
0
  0
LINE
  5
DAC
330
1B
100
AcDbEntity
  8
F.Cu
  6
CONTINUOUS
100
AcDbLine
 10
93.1571169999999995
 20
-45.1555369999999954
 30
0
 11
93.0122279999999932
 21
-45.2155519999999953
 31
0
  0
LINE
  5
DAD
330
1B
100
AcDbEntity
  8
F.Cu
  6
CONTINUOUS
100
AcDbLine
 10
93.0122279999999932
 20
-45.2155519999999953
 30
0
 11
92.8584139999999962
 21
-45.246147999999998
 31
0
  0
LINE
  5
DAE
330
1B
100
AcDbEntity
  8
F.Cu
  6
CONTINUOUS
100
AcDbLine
 10
92.8584139999999962
 20
-45.246147999999998
 30
0
 11
92.7800000000000011
 21
-45.25
 31
0
  0
LINE
  5
DAF
330
1B
100
AcDbEntity
  8
F.Cu
  6
CONTINUOUS
100
AcDbLine
 10
92.7800000000000011
 20
-45.25
 30
0
 11
91.9799999999999898
 21
-45.25
 31
0
  0
LINE
  5
DB0
330
1B
100
AcDbEntity
  8
F.Cu
  6
CONTINUOUS
100
AcDbLine
 10
91.9799999999999898
 20
-45.25
 30
0
 11
91.9015859999999947
 21
-45.246147999999998
 31
0
  0
LINE
  5
DB1
330
1B
100
AcDbEntity
  8
F.Cu
  6
CONTINUOUS
100
AcDbLine
 10
91.9015859999999947
 20
-45.246147999999998
 30
0
 11
91.7477719999999977
 21
-45.2155519999999953
 31
0
  0
LINE
  5
DB2
330
1B
100
AcDbEntity
  8
F.Cu
  6
CONTINUOUS
100
AcDbLine
 10
91.7477719999999977
 20
-45.2155519999999953
 30
0
 11
91.6028829999999914
 21
-45.1555369999999954
 31
0
  0
LINE
  5
DB3
330
1B
100
AcDbEntity
  8
F.Cu
  6
CONTINUOUS
100
AcDbLine
 10
91.6028829999999914
 20
-45.1555369999999954
 30
0
 11
91.4724849999999918
 21
-45.068407999999998
 31
0
  0
LINE
  5
DB4
330
1B
100
AcDbEntity
  8
F.Cu
  6
CONTINUOUS
100
AcDbLine
 10
91.4724849999999918
 20
-45.068407999999998
 30
0
 11
91.3615920000000017
 21
-44.9575150000000008
 31
0
  0
LINE
  5
DB5
330
1B
100
AcDbEntity
  8
F.Cu
  6
CONTINUOUS
100
AcDbLine
 10
91.3615920000000017
 20
-44.9575150000000008
 30
0
 11
91.2744629999999972
 21
-44.8271170000000012
 31
0
  0
LINE
  5
DB6
330
1B
100
AcDbEntity
  8
F.Cu
  6
CONTINUOUS
100
AcDbLine
 10
91.2744629999999972
 20
-44.8271170000000012
 30
0
 11
91.2144479999999902
 21
-44.6822279999999949
 31
0
  0
LINE
  5
DB7
330
1B
100
AcDbEntity
  8
F.Cu
  6
CONTINUOUS
100
AcDbLine
 10
91.2144479999999902
 20
-44.6822279999999949
 30
0
 11
91.1838520000000017
 21
-44.5284139999999979
 31
0
  0
LINE
  5
DB8
330
1B
100
AcDbEntity
  8
F.Cu
  6
CONTINUOUS
100
AcDbLine
 10
91.1838520000000017
 20
-44.5284139999999979
 30
0
 11
91.1838520000000017
 21
-44.3715860000000006
 31
0
  0
LINE
  5
DB9
330
1B
100
AcDbEntity
  8
F.Cu
  6
CONTINUOUS
100
AcDbLine
 10
91.1838520000000017
 20
-44.3715860000000006
 30
0
 11
91.2144479999999902
 21
-44.2177719999999965
 31
0
  0
LINE
  5
DBA
330
1B
100
AcDbEntity
  8
F.Cu
  6
CONTINUOUS
100
AcDbLine
 10
91.2144479999999902
 20
-44.2177719999999965
 30
0
 11
91.2744629999999972
 21
-44.0728829999999974
 31
0
  0
LINE
  5
DBB
330
1B
100
AcDbEntity
  8
F.Cu
  6
CONTINUOUS
100
AcDbLine
 10
91.2744629999999972
 20
-44.0728829999999974
 30
0
 11
91.3615920000000017
 21
-43.9424849999999978
 31
0
  0
LINE
  5
DBC
330
1B
100
AcDbEntity
  8
F.Cu
  6
CONTINUOUS
100
AcDbLine
 10
91.3615920000000017
 20
-43.9424849999999978
 30
0
 11
91.4724849999999918
 21
-43.8315920000000006
 31
0
  0
LINE
  5
DBD
330
1B
100
AcDbEntity
  8
F.Cu
  6
CONTINUOUS
100
AcDbLine
 10
91.4724849999999918
 20
-43.8315920000000006
 30
0
 11
91.6028829999999914
 21
-43.7444629999999961
 31
0
  0
LINE
  5
DBE
330
1B
100
AcDbEntity
  8
F.Cu
  6
CONTINUOUS
100
AcDbLine
 10
91.6028829999999914
 20
-43.7444629999999961
 30
0
 11
91.7477719999999977
 21
-43.6844479999999962
 31
0
  0
LINE
  5
DBF
330
1B
100
AcDbEntity
  8
F.Cu
  6
CONTINUOUS
100
AcDbLine
 10
91.7477719999999977
 20
-43.6844479999999962
 30
0
 11
91.9015859999999947
 21
-43.6538520000000005
 31
0
  0
LINE
  5
DC0
330
1B
100
AcDbEntity
  8
F.Cu
  6
CONTINUOUS
100
AcDbLine
 10
91.9015859999999947
 20
-43.6538520000000005
 30
0
 11
91.9799999999999898
 21
-43.6499999999999986
 31
0
  0
LINE
  5
DC1
330
1B
100
AcDbEntity
  8
F.Cu
  6
CONTINUOUS
100
AcDbLine
 10
91.9799999999999898
 20
-43.6499999999999986
 30
0
 11
92.7800000000000011
 21
-43.6499999999999986
 31
0
  0
LINE
  5
DC2
330
1B
100
AcDbEntity
  8
F.Cu
  6
CONTINUOUS
100
AcDbLine
 10
92.7800000000000011
 20
-43.6499999999999986
 30
0
 11
92.8584139999999962
 21
-43.6538520000000005
 31
0
  0
LINE
  5
DC3
330
1B
100
AcDbEntity
  8
F.Cu
  6
CONTINUOUS
100
AcDbLine
 10
48.0984139999999982
 20
-41.1138520000000014
 30
0
 11
48.2522279999999952
 21
-41.144447999999997
 31
0
  0
LINE
  5
DC4
330
1B
100
AcDbEntity
  8
F.Cu
  6
CONTINUOUS
100
AcDbLine
 10
48.2522279999999952
 20
-41.144447999999997
 30
0
 11
48.3971169999999944
 21
-41.204462999999997
 31
0
  0
LINE
  5
DC5
330
1B
100
AcDbEntity
  8
F.Cu
  6
CONTINUOUS
100
AcDbLine
 10
48.3971169999999944
 20
-41.204462999999997
 30
0
 11
48.5275150000000011
 21
-41.2915920000000014
 31
0
  0
LINE
  5
DC6
330
1B
100
AcDbEntity
  8
F.Cu
  6
CONTINUOUS
100
AcDbLine
 10
48.5275150000000011
 20
-41.2915920000000014
 30
0
 11
48.6384079999999983
 21
-41.4024849999999986
 31
0
  0
LINE
  5
DC7
330
1B
100
AcDbEntity
  8
F.Cu
  6
CONTINUOUS
100
AcDbLine
 10
48.6384079999999983
 20
-41.4024849999999986
 30
0
 11
48.7255369999999957
 21
-41.5328829999999982
 31
0
  0
LINE
  5
DC8
330
1B
100
AcDbEntity
  8
F.Cu
  6
CONTINUOUS
100
AcDbLine
 10
48.7255369999999957
 20
-41.5328829999999982
 30
0
 11
48.7855519999999956
 21
-41.6777719999999974
 31
0
  0
LINE
  5
DC9
330
1B
100
AcDbEntity
  8
F.Cu
  6
CONTINUOUS
100
AcDbLine
 10
48.7855519999999956
 20
-41.6777719999999974
 30
0
 11
48.8161479999999983
 21
-41.8315860000000015
 31
0
  0
LINE
  5
DCA
330
1B
100
AcDbEntity
  8
F.Cu
  6
CONTINUOUS
100
AcDbLine
 10
48.8161479999999983
 20
-41.8315860000000015
 30
0
 11
48.8161479999999983
 21
-41.9884139999999988
 31
0
  0
LINE
  5
DCB
330
1B
100
AcDbEntity
  8
F.Cu
  6
CONTINUOUS
100
AcDbLine
 10
48.8161479999999983
 20
-41.9884139999999988
 30
0
 11
48.7855519999999956
 21
-42.1422279999999958
 31
0
  0
LINE
  5
DCC
330
1B
100
AcDbEntity
  8
F.Cu
  6
CONTINUOUS
100
AcDbLine
 10
48.7855519999999956
 20
-42.1422279999999958
 30
0
 11
48.7255369999999957
 21
-42.287116999999995
 31
0
  0
LINE
  5
DCD
330
1B
100
AcDbEntity
  8
F.Cu
  6
CONTINUOUS
100
AcDbLine
 10
48.7255369999999957
 20
-42.287116999999995
 30
0
 11
48.6384079999999983
 21
-42.4175149999999945
 31
0
  0
LINE
  5
DCE
330
1B
100
AcDbEntity
  8
F.Cu
  6
CONTINUOUS
100
AcDbLine
 10
48.6384079999999983
 20
-42.4175149999999945
 30
0
 11
48.5275150000000011
 21
-42.5284079999999989
 31
0
  0
LINE
  5
DCF
330
1B
100
AcDbEntity
  8
F.Cu
  6
CONTINUOUS
100
AcDbLine
 10
48.5275150000000011
 20
-42.5284079999999989
 30
0
 11
48.3971169999999944
 21
-42.6155369999999962
 31
0
  0
LINE
  5
DD0
330
1B
100
AcDbEntity
  8
F.Cu
  6
CONTINUOUS
100
AcDbLine
 10
48.3971169999999944
 20
-42.6155369999999962
 30
0
 11
48.2522279999999952
 21
-42.6755519999999962
 31
0
  0
LINE
  5
DD1
330
1B
100
AcDbEntity
  8
F.Cu
  6
CONTINUOUS
100
AcDbLine
 10
48.2522279999999952
 20
-42.6755519999999962
 30
0
 11
48.0984139999999982
 21
-42.7061479999999989
 31
0
  0
LINE
  5
DD2
330
1B
100
AcDbEntity
  8
F.Cu
  6
CONTINUOUS
100
AcDbLine
 10
48.0984139999999982
 20
-42.7061479999999989
 30
0
 11
48.019999999999996
 21
-42.7100000000000009
 31
0
  0
LINE
  5
DD3
330
1B
100
AcDbEntity
  8
F.Cu
  6
CONTINUOUS
100
AcDbLine
 10
48.019999999999996
 20
-42.7100000000000009
 30
0
 11
47.2199999999999989
 21
-42.7100000000000009
 31
0
  0
LINE
  5
DD4
330
1B
100
AcDbEntity
  8
F.Cu
  6
CONTINUOUS
100
AcDbLine
 10
47.2199999999999989
 20
-42.7100000000000009
 30
0
 11
47.1415859999999967
 21
-42.7061479999999989
 31
0
  0
LINE
  5
DD5
330
1B
100
AcDbEntity
  8
F.Cu
  6
CONTINUOUS
100
AcDbLine
 10
47.1415859999999967
 20
-42.7061479999999989
 30
0
 11
46.9877719999999997
 21
-42.6755519999999962
 31
0
  0
LINE
  5
DD6
330
1B
100
AcDbEntity
  8
F.Cu
  6
CONTINUOUS
100
AcDbLine
 10
46.9877719999999997
 20
-42.6755519999999962
 30
0
 11
46.8428830000000005
 21
-42.6155369999999962
 31
0
  0
LINE
  5
DD7
330
1B
100
AcDbEntity
  8
F.Cu
  6
CONTINUOUS
100
AcDbLine
 10
46.8428830000000005
 20
-42.6155369999999962
 30
0
 11
46.7124850000000009
 21
-42.5284079999999989
 31
0
  0
LINE
  5
DD8
330
1B
100
AcDbEntity
  8
F.Cu
  6
CONTINUOUS
100
AcDbLine
 10
46.7124850000000009
 20
-42.5284079999999989
 30
0
 11
46.6015919999999966
 21
-42.4175149999999945
 31
0
  0
LINE
  5
DD9
330
1B
100
AcDbEntity
  8
F.Cu
  6
CONTINUOUS
100
AcDbLine
 10
46.6015919999999966
 20
-42.4175149999999945
 30
0
 11
46.5144629999999992
 21
-42.287116999999995
 31
0
  0
LINE
  5
DDA
330
1B
100
AcDbEntity
  8
F.Cu
  6
CONTINUOUS
100
AcDbLine
 10
46.5144629999999992
 20
-42.287116999999995
 30
0
 11
46.4544479999999993
 21
-42.1422279999999958
 31
0
  0
LINE
  5
DDB
330
1B
100
AcDbEntity
  8
F.Cu
  6
CONTINUOUS
100
AcDbLine
 10
46.4544479999999993
 20
-42.1422279999999958
 30
0
 11
46.4238519999999966
 21
-41.9884139999999988
 31
0
  0
LINE
  5
DDC
330
1B
100
AcDbEntity
  8
F.Cu
  6
CONTINUOUS
100
AcDbLine
 10
46.4238519999999966
 20
-41.9884139999999988
 30
0
 11
46.4238519999999966
 21
-41.8315860000000015
 31
0
  0
LINE
  5
DDD
330
1B
100
AcDbEntity
  8
F.Cu
  6
CONTINUOUS
100
AcDbLine
 10
46.4238519999999966
 20
-41.8315860000000015
 30
0
 11
46.4544479999999993
 21
-41.6777719999999974
 31
0
  0
LINE
  5
DDE
330
1B
100
AcDbEntity
  8
F.Cu
  6
CONTINUOUS
100
AcDbLine
 10
46.4544479999999993
 20
-41.6777719999999974
 30
0
 11
46.5144629999999992
 21
-41.5328829999999982
 31
0
  0
LINE
  5
DDF
330
1B
100
AcDbEntity
  8
F.Cu
  6
CONTINUOUS
100
AcDbLine
 10
46.5144629999999992
 20
-41.5328829999999982
 30
0
 11
46.6015919999999966
 21
-41.4024849999999986
 31
0
  0
LINE
  5
DE0
330
1B
100
AcDbEntity
  8
F.Cu
  6
CONTINUOUS
100
AcDbLine
 10
46.6015919999999966
 20
-41.4024849999999986
 30
0
 11
46.7124850000000009
 21
-41.2915920000000014
 31
0
  0
LINE
  5
DE1
330
1B
100
AcDbEntity
  8
F.Cu
  6
CONTINUOUS
100
AcDbLine
 10
46.7124850000000009
 20
-41.2915920000000014
 30
0
 11
46.8428830000000005
 21
-41.204462999999997
 31
0
  0
LINE
  5
DE2
330
1B
100
AcDbEntity
  8
F.Cu
  6
CONTINUOUS
100
AcDbLine
 10
46.8428830000000005
 20
-41.204462999999997
 30
0
 11
46.9877719999999997
 21
-41.144447999999997
 31
0
  0
LINE
  5
DE3
330
1B
100
AcDbEntity
  8
F.Cu
  6
CONTINUOUS
100
AcDbLine
 10
46.9877719999999997
 20
-41.144447999999997
 30
0
 11
47.1415859999999967
 21
-41.1138520000000014
 31
0
  0
LINE
  5
DE4
330
1B
100
AcDbEntity
  8
F.Cu
  6
CONTINUOUS
100
AcDbLine
 10
47.1415859999999967
 20
-41.1138520000000014
 30
0
 11
47.2199999999999989
 21
-41.1099999999999994
 31
0
  0
LINE
  5
DE5
330
1B
100
AcDbEntity
  8
F.Cu
  6
CONTINUOUS
100
AcDbLine
 10
47.2199999999999989
 20
-41.1099999999999994
 30
0
 11
48.019999999999996
 21
-41.1099999999999994
 31
0
  0
LINE
  5
DE6
330
1B
100
AcDbEntity
  8
F.Cu
  6
CONTINUOUS
100
AcDbLine
 10
48.019999999999996
 20
-41.1099999999999994
 30
0
 11
48.0984139999999982
 21
-41.1138520000000014
 31
0
  0
LINE
  5
DE7
330
1B
100
AcDbEntity
  8
F.Cu
  6
CONTINUOUS
100
AcDbLine
 10
55.7184139999999957
 20
-41.1138520000000014
 30
0
 11
55.8722279999999998
 21
-41.144447999999997
 31
0
  0
LINE
  5
DE8
330
1B
100
AcDbEntity
  8
F.Cu
  6
CONTINUOUS
100
AcDbLine
 10
55.8722279999999998
 20
-41.144447999999997
 30
0
 11
56.0171169999999989
 21
-41.204462999999997
 31
0
  0
LINE
  5
DE9
330
1B
100
AcDbEntity
  8
F.Cu
  6
CONTINUOUS
100
AcDbLine
 10
56.0171169999999989
 20
-41.204462999999997
 30
0
 11
56.1475149999999985
 21
-41.2915920000000014
 31
0
  0
LINE
  5
DEA
330
1B
100
AcDbEntity
  8
F.Cu
  6
CONTINUOUS
100
AcDbLine
 10
56.1475149999999985
 20
-41.2915920000000014
 30
0
 11
56.2584079999999958
 21
-41.4024849999999986
 31
0
  0
LINE
  5
DEB
330
1B
100
AcDbEntity
  8
F.Cu
  6
CONTINUOUS
100
AcDbLine
 10
56.2584079999999958
 20
-41.4024849999999986
 30
0
 11
56.3455370000000002
 21
-41.5328829999999982
 31
0
  0
LINE
  5
DEC
330
1B
100
AcDbEntity
  8
F.Cu
  6
CONTINUOUS
100
AcDbLine
 10
56.3455370000000002
 20
-41.5328829999999982
 30
0
 11
56.4055520000000001
 21
-41.6777719999999974
 31
0
  0
LINE
  5
DED
330
1B
100
AcDbEntity
  8
F.Cu
  6
CONTINUOUS
100
AcDbLine
 10
56.4055520000000001
 20
-41.6777719999999974
 30
0
 11
56.4361479999999958
 21
-41.8315860000000015
 31
0
  0
LINE
  5
DEE
330
1B
100
AcDbEntity
  8
F.Cu
  6
CONTINUOUS
100
AcDbLine
 10
56.4361479999999958
 20
-41.8315860000000015
 30
0
 11
56.4361479999999958
 21
-41.9884139999999988
 31
0
  0
LINE
  5
DEF
330
1B
100
AcDbEntity
  8
F.Cu
  6
CONTINUOUS
100
AcDbLine
 10
56.4361479999999958
 20
-41.9884139999999988
 30
0
 11
56.4055520000000001
 21
-42.1422279999999958
 31
0
  0
LINE
  5
DF0
330
1B
100
AcDbEntity
  8
F.Cu
  6
CONTINUOUS
100
AcDbLine
 10
56.4055520000000001
 20
-42.1422279999999958
 30
0
 11
56.3455370000000002
 21
-42.287116999999995
 31
0
  0
LINE
  5
DF1
330
1B
100
AcDbEntity
  8
F.Cu
  6
CONTINUOUS
100
AcDbLine
 10
56.3455370000000002
 20
-42.287116999999995
 30
0
 11
56.2584079999999958
 21
-42.4175149999999945
 31
0
  0
LINE
  5
DF2
330
1B
100
AcDbEntity
  8
F.Cu
  6
CONTINUOUS
100
AcDbLine
 10
56.2584079999999958
 20
-42.4175149999999945
 30
0
 11
56.1475149999999985
 21
-42.5284079999999989
 31
0
  0
LINE
  5
DF3
330
1B
100
AcDbEntity
  8
F.Cu
  6
CONTINUOUS
100
AcDbLine
 10
56.1475149999999985
 20
-42.5284079999999989
 30
0
 11
56.0171169999999989
 21
-42.6155369999999962
 31
0
  0
LINE
  5
DF4
330
1B
100
AcDbEntity
  8
F.Cu
  6
CONTINUOUS
100
AcDbLine
 10
56.0171169999999989
 20
-42.6155369999999962
 30
0
 11
55.8722279999999998
 21
-42.6755519999999962
 31
0
  0
LINE
  5
DF5
330
1B
100
AcDbEntity
  8
F.Cu
  6
CONTINUOUS
100
AcDbLine
 10
55.8722279999999998
 20
-42.6755519999999962
 30
0
 11
55.7184139999999957
 21
-42.7061479999999989
 31
0
  0
LINE
  5
DF6
330
1B
100
AcDbEntity
  8
F.Cu
  6
CONTINUOUS
100
AcDbLine
 10
55.7184139999999957
 20
-42.7061479999999989
 30
0
 11
55.6400000000000006
 21
-42.7100000000000009
 31
0
  0
LINE
  5
DF7
330
1B
100
AcDbEntity
  8
F.Cu
  6
CONTINUOUS
100
AcDbLine
 10
55.6400000000000006
 20
-42.7100000000000009
 30
0
 11
54.8399999999999963
 21
-42.7100000000000009
 31
0
  0
LINE
  5
DF8
330
1B
100
AcDbEntity
  8
F.Cu
  6
CONTINUOUS
100
AcDbLine
 10
54.8399999999999963
 20
-42.7100000000000009
 30
0
 11
54.7615859999999941
 21
-42.7061479999999989
 31
0
  0
LINE
  5
DF9
330
1B
100
AcDbEntity
  8
F.Cu
  6
CONTINUOUS
100
AcDbLine
 10
54.7615859999999941
 20
-42.7061479999999989
 30
0
 11
54.6077719999999971
 21
-42.6755519999999962
 31
0
  0
LINE
  5
DFA
330
1B
100
AcDbEntity
  8
F.Cu
  6
CONTINUOUS
100
AcDbLine
 10
54.6077719999999971
 20
-42.6755519999999962
 30
0
 11
54.4628829999999979
 21
-42.6155369999999962
 31
0
  0
LINE
  5
DFB
330
1B
100
AcDbEntity
  8
F.Cu
  6
CONTINUOUS
100
AcDbLine
 10
54.4628829999999979
 20
-42.6155369999999962
 30
0
 11
54.3324849999999984
 21
-42.5284079999999989
 31
0
  0
LINE
  5
DFC
330
1B
100
AcDbEntity
  8
F.Cu
  6
CONTINUOUS
100
AcDbLine
 10
54.3324849999999984
 20
-42.5284079999999989
 30
0
 11
54.221591999999994
 21
-42.4175149999999945
 31
0
  0
LINE
  5
DFD
330
1B
100
AcDbEntity
  8
F.Cu
  6
CONTINUOUS
100
AcDbLine
 10
54.221591999999994
 20
-42.4175149999999945
 30
0
 11
54.1344629999999967
 21
-42.287116999999995
 31
0
  0
LINE
  5
DFE
330
1B
100
AcDbEntity
  8
F.Cu
  6
CONTINUOUS
100
AcDbLine
 10
54.1344629999999967
 20
-42.287116999999995
 30
0
 11
54.0744479999999967
 21
-42.1422279999999958
 31
0
  0
LINE
  5
DFF
330
1B
100
AcDbEntity
  8
F.Cu
  6
CONTINUOUS
100
AcDbLine
 10
54.0744479999999967
 20
-42.1422279999999958
 30
0
 11
54.043851999999994
 21
-41.9884139999999988
 31
0
  0
LINE
  5
E00
330
1B
100
AcDbEntity
  8
F.Cu
  6
CONTINUOUS
100
AcDbLine
 10
54.043851999999994
 20
-41.9884139999999988
 30
0
 11
54.043851999999994
 21
-41.8315860000000015
 31
0
  0
LINE
  5
E01
330
1B
100
AcDbEntity
  8
F.Cu
  6
CONTINUOUS
100
AcDbLine
 10
54.043851999999994
 20
-41.8315860000000015
 30
0
 11
54.0744479999999967
 21
-41.6777719999999974
 31
0
  0
LINE
  5
E02
330
1B
100
AcDbEntity
  8
F.Cu
  6
CONTINUOUS
100
AcDbLine
 10
54.0744479999999967
 20
-41.6777719999999974
 30
0
 11
54.1344629999999967
 21
-41.5328829999999982
 31
0
  0
LINE
  5
E03
330
1B
100
AcDbEntity
  8
F.Cu
  6
CONTINUOUS
100
AcDbLine
 10
54.1344629999999967
 20
-41.5328829999999982
 30
0
 11
54.221591999999994
 21
-41.4024849999999986
 31
0
  0
LINE
  5
E04
330
1B
100
AcDbEntity
  8
F.Cu
  6
CONTINUOUS
100
AcDbLine
 10
54.221591999999994
 20
-41.4024849999999986
 30
0
 11
54.3324849999999984
 21
-41.2915920000000014
 31
0
  0
LINE
  5
E05
330
1B
100
AcDbEntity
  8
F.Cu
  6
CONTINUOUS
100
AcDbLine
 10
54.3324849999999984
 20
-41.2915920000000014
 30
0
 11
54.4628829999999979
 21
-41.204462999999997
 31
0
  0
LINE
  5
E06
330
1B
100
AcDbEntity
  8
F.Cu
  6
CONTINUOUS
100
AcDbLine
 10
54.4628829999999979
 20
-41.204462999999997
 30
0
 11
54.6077719999999971
 21
-41.144447999999997
 31
0
  0
LINE
  5
E07
330
1B
100
AcDbEntity
  8
F.Cu
  6
CONTINUOUS
100
AcDbLine
 10
54.6077719999999971
 20
-41.144447999999997
 30
0
 11
54.7615859999999941
 21
-41.1138520000000014
 31
0
  0
LINE
  5
E08
330
1B
100
AcDbEntity
  8
F.Cu
  6
CONTINUOUS
100
AcDbLine
 10
54.7615859999999941
 20
-41.1138520000000014
 30
0
 11
54.8399999999999963
 21
-41.1099999999999994
 31
0
  0
LINE
  5
E09
330
1B
100
AcDbEntity
  8
F.Cu
  6
CONTINUOUS
100
AcDbLine
 10
54.8399999999999963
 20
-41.1099999999999994
 30
0
 11
55.6400000000000006
 21
-41.1099999999999994
 31
0
  0
LINE
  5
E0A
330
1B
100
AcDbEntity
  8
F.Cu
  6
CONTINUOUS
100
AcDbLine
 10
55.6400000000000006
 20
-41.1099999999999994
 30
0
 11
55.7184139999999957
 21
-41.1138520000000014
 31
0
  0
LINE
  5
E0B
330
1B
100
AcDbEntity
  8
F.Cu
  6
CONTINUOUS
100
AcDbLine
 10
85.2384139999999917
 20
-41.1138520000000014
 30
0
 11
85.3922280000000029
 21
-41.144447999999997
 31
0
  0
LINE
  5
E0C
330
1B
100
AcDbEntity
  8
F.Cu
  6
CONTINUOUS
100
AcDbLine
 10
85.3922280000000029
 20
-41.144447999999997
 30
0
 11
85.537116999999995
 21
-41.204462999999997
 31
0
  0
LINE
  5
E0D
330
1B
100
AcDbEntity
  8
F.Cu
  6
CONTINUOUS
100
AcDbLine
 10
85.537116999999995
 20
-41.204462999999997
 30
0
 11
85.6675149999999945
 21
-41.2915920000000014
 31
0
  0
LINE
  5
E0E
330
1B
100
AcDbEntity
  8
F.Cu
  6
CONTINUOUS
100
AcDbLine
 10
85.6675149999999945
 20
-41.2915920000000014
 30
0
 11
85.7784079999999989
 21
-41.4024849999999986
 31
0
  0
LINE
  5
E0F
330
1B
100
AcDbEntity
  8
F.Cu
  6
CONTINUOUS
100
AcDbLine
 10
85.7784079999999989
 20
-41.4024849999999986
 30
0
 11
85.8655369999999891
 21
-41.5328829999999982
 31
0
  0
LINE
  5
E10
330
1B
100
AcDbEntity
  8
F.Cu
  6
CONTINUOUS
100
AcDbLine
 10
85.8655369999999891
 20
-41.5328829999999982
 30
0
 11
85.9255519999999962
 21
-41.6777719999999974
 31
0
  0
LINE
  5
E11
330
1B
100
AcDbEntity
  8
F.Cu
  6
CONTINUOUS
100
AcDbLine
 10
85.9255519999999962
 20
-41.6777719999999974
 30
0
 11
85.9561479999999989
 21
-41.8315860000000015
 31
0
  0
LINE
  5
E12
330
1B
100
AcDbEntity
  8
F.Cu
  6
CONTINUOUS
100
AcDbLine
 10
85.9561479999999989
 20
-41.8315860000000015
 30
0
 11
85.9561479999999989
 21
-41.9884139999999988
 31
0
  0
LINE
  5
E13
330
1B
100
AcDbEntity
  8
F.Cu
  6
CONTINUOUS
100
AcDbLine
 10
85.9561479999999989
 20
-41.9884139999999988
 30
0
 11
85.9255519999999962
 21
-42.1422279999999958
 31
0
  0
LINE
  5
E14
330
1B
100
AcDbEntity
  8
F.Cu
  6
CONTINUOUS
100
AcDbLine
 10
85.9255519999999962
 20
-42.1422279999999958
 30
0
 11
85.8655369999999891
 21
-42.287116999999995
 31
0
  0
LINE
  5
E15
330
1B
100
AcDbEntity
  8
F.Cu
  6
CONTINUOUS
100
AcDbLine
 10
85.8655369999999891
 20
-42.287116999999995
 30
0
 11
85.7784079999999989
 21
-42.4175149999999945
 31
0
  0
LINE
  5
E16
330
1B
100
AcDbEntity
  8
F.Cu
  6
CONTINUOUS
100
AcDbLine
 10
85.7784079999999989
 20
-42.4175149999999945
 30
0
 11
85.6675149999999945
 21
-42.5284079999999989
 31
0
  0
LINE
  5
E17
330
1B
100
AcDbEntity
  8
F.Cu
  6
CONTINUOUS
100
AcDbLine
 10
85.6675149999999945
 20
-42.5284079999999989
 30
0
 11
85.537116999999995
 21
-42.6155369999999962
 31
0
  0
LINE
  5
E18
330
1B
100
AcDbEntity
  8
F.Cu
  6
CONTINUOUS
100
AcDbLine
 10
85.537116999999995
 20
-42.6155369999999962
 30
0
 11
85.3922280000000029
 21
-42.6755519999999962
 31
0
  0
LINE
  5
E19
330
1B
100
AcDbEntity
  8
F.Cu
  6
CONTINUOUS
100
AcDbLine
 10
85.3922280000000029
 20
-42.6755519999999962
 30
0
 11
85.2384139999999917
 21
-42.7061479999999989
 31
0
  0
LINE
  5
E1A
330
1B
100
AcDbEntity
  8
F.Cu
  6
CONTINUOUS
100
AcDbLine
 10
85.2384139999999917
 20
-42.7061479999999989
 30
0
 11
85.1599999999999966
 21
-42.7100000000000009
 31
0
  0
LINE
  5
E1B
330
1B
100
AcDbEntity
  8
F.Cu
  6
CONTINUOUS
100
AcDbLine
 10
85.1599999999999966
 20
-42.7100000000000009
 30
0
 11
84.3599999999999994
 21
-42.7100000000000009
 31
0
  0
LINE
  5
E1C
330
1B
100
AcDbEntity
  8
F.Cu
  6
CONTINUOUS
100
AcDbLine
 10
84.3599999999999994
 20
-42.7100000000000009
 30
0
 11
84.2815859999999901
 21
-42.7061479999999989
 31
0
  0
LINE
  5
E1D
330
1B
100
AcDbEntity
  8
F.Cu
  6
CONTINUOUS
100
AcDbLine
 10
84.2815859999999901
 20
-42.7061479999999989
 30
0
 11
84.1277719999999931
 21
-42.6755519999999962
 31
0
  0
LINE
  5
E1E
330
1B
100
AcDbEntity
  8
F.Cu
  6
CONTINUOUS
100
AcDbLine
 10
84.1277719999999931
 20
-42.6755519999999962
 30
0
 11
83.9828830000000011
 21
-42.6155369999999962
 31
0
  0
LINE
  5
E1F
330
1B
100
AcDbEntity
  8
F.Cu
  6
CONTINUOUS
100
AcDbLine
 10
83.9828830000000011
 20
-42.6155369999999962
 30
0
 11
83.8524850000000015
 21
-42.5284079999999989
 31
0
  0
LINE
  5
E20
330
1B
100
AcDbEntity
  8
F.Cu
  6
CONTINUOUS
100
AcDbLine
 10
83.8524850000000015
 20
-42.5284079999999989
 30
0
 11
83.7415919999999971
 21
-42.4175149999999945
 31
0
  0
LINE
  5
E21
330
1B
100
AcDbEntity
  8
F.Cu
  6
CONTINUOUS
100
AcDbLine
 10
83.7415919999999971
 20
-42.4175149999999945
 30
0
 11
83.6544629999999927
 21
-42.287116999999995
 31
0
  0
LINE
  5
E22
330
1B
100
AcDbEntity
  8
F.Cu
  6
CONTINUOUS
100
AcDbLine
 10
83.6544629999999927
 20
-42.287116999999995
 30
0
 11
83.5944479999999999
 21
-42.1422279999999958
 31
0
  0
LINE
  5
E23
330
1B
100
AcDbEntity
  8
F.Cu
  6
CONTINUOUS
100
AcDbLine
 10
83.5944479999999999
 20
-42.1422279999999958
 30
0
 11
83.5638519999999971
 21
-41.9884139999999988
 31
0
  0
LINE
  5
E24
330
1B
100
AcDbEntity
  8
F.Cu
  6
CONTINUOUS
100
AcDbLine
 10
83.5638519999999971
 20
-41.9884139999999988
 30
0
 11
83.5638519999999971
 21
-41.8315860000000015
 31
0
  0
LINE
  5
E25
330
1B
100
AcDbEntity
  8
F.Cu
  6
CONTINUOUS
100
AcDbLine
 10
83.5638519999999971
 20
-41.8315860000000015
 30
0
 11
83.5944479999999999
 21
-41.6777719999999974
 31
0
  0
LINE
  5
E26
330
1B
100
AcDbEntity
  8
F.Cu
  6
CONTINUOUS
100
AcDbLine
 10
83.5944479999999999
 20
-41.6777719999999974
 30
0
 11
83.6544629999999927
 21
-41.5328829999999982
 31
0
  0
LINE
  5
E27
330
1B
100
AcDbEntity
  8
F.Cu
  6
CONTINUOUS
100
AcDbLine
 10
83.6544629999999927
 20
-41.5328829999999982
 30
0
 11
83.7415919999999971
 21
-41.4024849999999986
 31
0
  0
LINE
  5
E28
330
1B
100
AcDbEntity
  8
F.Cu
  6
CONTINUOUS
100
AcDbLine
 10
83.7415919999999971
 20
-41.4024849999999986
 30
0
 11
83.8524850000000015
 21
-41.2915920000000014
 31
0
  0
LINE
  5
E29
330
1B
100
AcDbEntity
  8
F.Cu
  6
CONTINUOUS
100
AcDbLine
 10
83.8524850000000015
 20
-41.2915920000000014
 30
0
 11
83.9828830000000011
 21
-41.204462999999997
 31
0
  0
LINE
  5
E2A
330
1B
100
AcDbEntity
  8
F.Cu
  6
CONTINUOUS
100
AcDbLine
 10
83.9828830000000011
 20
-41.204462999999997
 30
0
 11
84.1277719999999931
 21
-41.144447999999997
 31
0
  0
LINE
  5
E2B
330
1B
100
AcDbEntity
  8
F.Cu
  6
CONTINUOUS
100
AcDbLine
 10
84.1277719999999931
 20
-41.144447999999997
 30
0
 11
84.2815859999999901
 21
-41.1138520000000014
 31
0
  0
LINE
  5
E2C
330
1B
100
AcDbEntity
  8
F.Cu
  6
CONTINUOUS
100
AcDbLine
 10
84.2815859999999901
 20
-41.1138520000000014
 30
0
 11
84.3599999999999994
 21
-41.1099999999999994
 31
0
  0
LINE
  5
E2D
330
1B
100
AcDbEntity
  8
F.Cu
  6
CONTINUOUS
100
AcDbLine
 10
84.3599999999999994
 20
-41.1099999999999994
 30
0
 11
85.1599999999999966
 21
-41.1099999999999994
 31
0
  0
LINE
  5
E2E
330
1B
100
AcDbEntity
  8
F.Cu
  6
CONTINUOUS
100
AcDbLine
 10
85.1599999999999966
 20
-41.1099999999999994
 30
0
 11
85.2384139999999917
 21
-41.1138520000000014
 31
0
  0
LINE
  5
E2F
330
1B
100
AcDbEntity
  8
F.Cu
  6
CONTINUOUS
100
AcDbLine
 10
92.8584139999999962
 20
-41.1138520000000014
 30
0
 11
93.0122279999999932
 21
-41.144447999999997
 31
0
  0
LINE
  5
E30
330
1B
100
AcDbEntity
  8
F.Cu
  6
CONTINUOUS
100
AcDbLine
 10
93.0122279999999932
 20
-41.144447999999997
 30
0
 11
93.1571169999999995
 21
-41.204462999999997
 31
0
  0
LINE
  5
E31
330
1B
100
AcDbEntity
  8
F.Cu
  6
CONTINUOUS
100
AcDbLine
 10
93.1571169999999995
 20
-41.204462999999997
 30
0
 11
93.2875149999999991
 21
-41.2915920000000014
 31
0
  0
LINE
  5
E32
330
1B
100
AcDbEntity
  8
F.Cu
  6
CONTINUOUS
100
AcDbLine
 10
93.2875149999999991
 20
-41.2915920000000014
 30
0
 11
93.3984079999999892
 21
-41.4024849999999986
 31
0
  0
LINE
  5
E33
330
1B
100
AcDbEntity
  8
F.Cu
  6
CONTINUOUS
100
AcDbLine
 10
93.3984079999999892
 20
-41.4024849999999986
 30
0
 11
93.4855369999999937
 21
-41.5328829999999982
 31
0
  0
LINE
  5
E34
330
1B
100
AcDbEntity
  8
F.Cu
  6
CONTINUOUS
100
AcDbLine
 10
93.4855369999999937
 20
-41.5328829999999982
 30
0
 11
93.5455520000000007
 21
-41.6777719999999974
 31
0
  0
LINE
  5
E35
330
1B
100
AcDbEntity
  8
F.Cu
  6
CONTINUOUS
100
AcDbLine
 10
93.5455520000000007
 20
-41.6777719999999974
 30
0
 11
93.5761479999999892
 21
-41.8315860000000015
 31
0
  0
LINE
  5
E36
330
1B
100
AcDbEntity
  8
F.Cu
  6
CONTINUOUS
100
AcDbLine
 10
93.5761479999999892
 20
-41.8315860000000015
 30
0
 11
93.5761479999999892
 21
-41.9884139999999988
 31
0
  0
LINE
  5
E37
330
1B
100
AcDbEntity
  8
F.Cu
  6
CONTINUOUS
100
AcDbLine
 10
93.5761479999999892
 20
-41.9884139999999988
 30
0
 11
93.5455520000000007
 21
-42.1422279999999958
 31
0
  0
LINE
  5
E38
330
1B
100
AcDbEntity
  8
F.Cu
  6
CONTINUOUS
100
AcDbLine
 10
93.5455520000000007
 20
-42.1422279999999958
 30
0
 11
93.4855369999999937
 21
-42.287116999999995
 31
0
  0
LINE
  5
E39
330
1B
100
AcDbEntity
  8
F.Cu
  6
CONTINUOUS
100
AcDbLine
 10
93.4855369999999937
 20
-42.287116999999995
 30
0
 11
93.3984079999999892
 21
-42.4175149999999945
 31
0
  0
LINE
  5
E3A
330
1B
100
AcDbEntity
  8
F.Cu
  6
CONTINUOUS
100
AcDbLine
 10
93.3984079999999892
 20
-42.4175149999999945
 30
0
 11
93.2875149999999991
 21
-42.5284079999999989
 31
0
  0
LINE
  5
E3B
330
1B
100
AcDbEntity
  8
F.Cu
  6
CONTINUOUS
100
AcDbLine
 10
93.2875149999999991
 20
-42.5284079999999989
 30
0
 11
93.1571169999999995
 21
-42.6155369999999962
 31
0
  0
LINE
  5
E3C
330
1B
100
AcDbEntity
  8
F.Cu
  6
CONTINUOUS
100
AcDbLine
 10
93.1571169999999995
 20
-42.6155369999999962
 30
0
 11
93.0122279999999932
 21
-42.6755519999999962
 31
0
  0
LINE
  5
E3D
330
1B
100
AcDbEntity
  8
F.Cu
  6
CONTINUOUS
100
AcDbLine
 10
93.0122279999999932
 20
-42.6755519999999962
 30
0
 11
92.8584139999999962
 21
-42.7061479999999989
 31
0
  0
LINE
  5
E3E
330
1B
100
AcDbEntity
  8
F.Cu
  6
CONTINUOUS
100
AcDbLine
 10
92.8584139999999962
 20
-42.7061479999999989
 30
0
 11
92.7800000000000011
 21
-42.7100000000000009
 31
0
  0
LINE
  5
E3F
330
1B
100
AcDbEntity
  8
F.Cu
  6
CONTINUOUS
100
AcDbLine
 10
92.7800000000000011
 20
-42.7100000000000009
 30
0
 11
91.9799999999999898
 21
-42.7100000000000009
 31
0
  0
LINE
  5
E40
330
1B
100
AcDbEntity
  8
F.Cu
  6
CONTINUOUS
100
AcDbLine
 10
91.9799999999999898
 20
-42.7100000000000009
 30
0
 11
91.9015859999999947
 21
-42.7061479999999989
 31
0
  0
LINE
  5
E41
330
1B
100
AcDbEntity
  8
F.Cu
  6
CONTINUOUS
100
AcDbLine
 10
91.9015859999999947
 20
-42.7061479999999989
 30
0
 11
91.7477719999999977
 21
-42.6755519999999962
 31
0
  0
LINE
  5
E42
330
1B
100
AcDbEntity
  8
F.Cu
  6
CONTINUOUS
100
AcDbLine
 10
91.7477719999999977
 20
-42.6755519999999962
 30
0
 11
91.6028829999999914
 21
-42.6155369999999962
 31
0
  0
LINE
  5
E43
330
1B
100
AcDbEntity
  8
F.Cu
  6
CONTINUOUS
100
AcDbLine
 10
91.6028829999999914
 20
-42.6155369999999962
 30
0
 11
91.4724849999999918
 21
-42.5284079999999989
 31
0
  0
LINE
  5
E44
330
1B
100
AcDbEntity
  8
F.Cu
  6
CONTINUOUS
100
AcDbLine
 10
91.4724849999999918
 20
-42.5284079999999989
 30
0
 11
91.3615920000000017
 21
-42.4175149999999945
 31
0
  0
LINE
  5
E45
330
1B
100
AcDbEntity
  8
F.Cu
  6
CONTINUOUS
100
AcDbLine
 10
91.3615920000000017
 20
-42.4175149999999945
 30
0
 11
91.2744629999999972
 21
-42.287116999999995
 31
0
  0
LINE
  5
E46
330
1B
100
AcDbEntity
  8
F.Cu
  6
CONTINUOUS
100
AcDbLine
 10
91.2744629999999972
 20
-42.287116999999995
 30
0
 11
91.2144479999999902
 21
-42.1422279999999958
 31
0
  0
LINE
  5
E47
330
1B
100
AcDbEntity
  8
F.Cu
  6
CONTINUOUS
100
AcDbLine
 10
91.2144479999999902
 20
-42.1422279999999958
 30
0
 11
91.1838520000000017
 21
-41.9884139999999988
 31
0
  0
LINE
  5
E48
330
1B
100
AcDbEntity
  8
F.Cu
  6
CONTINUOUS
100
AcDbLine
 10
91.1838520000000017
 20
-41.9884139999999988
 30
0
 11
91.1838520000000017
 21
-41.8315860000000015
 31
0
  0
LINE
  5
E49
330
1B
100
AcDbEntity
  8
F.Cu
  6
CONTINUOUS
100
AcDbLine
 10
91.1838520000000017
 20
-41.8315860000000015
 30
0
 11
91.2144479999999902
 21
-41.6777719999999974
 31
0
  0
LINE
  5
E4A
330
1B
100
AcDbEntity
  8
F.Cu
  6
CONTINUOUS
100
AcDbLine
 10
91.2144479999999902
 20
-41.6777719999999974
 30
0
 11
91.2744629999999972
 21
-41.5328829999999982
 31
0
  0
LINE
  5
E4B
330
1B
100
AcDbEntity
  8
F.Cu
  6
CONTINUOUS
100
AcDbLine
 10
91.2744629999999972
 20
-41.5328829999999982
 30
0
 11
91.3615920000000017
 21
-41.4024849999999986
 31
0
  0
LINE
  5
E4C
330
1B
100
AcDbEntity
  8
F.Cu
  6
CONTINUOUS
100
AcDbLine
 10
91.3615920000000017
 20
-41.4024849999999986
 30
0
 11
91.4724849999999918
 21
-41.2915920000000014
 31
0
  0
LINE
  5
E4D
330
1B
100
AcDbEntity
  8
F.Cu
  6
CONTINUOUS
100
AcDbLine
 10
91.4724849999999918
 20
-41.2915920000000014
 30
0
 11
91.6028829999999914
 21
-41.204462999999997
 31
0
  0
LINE
  5
E4E
330
1B
100
AcDbEntity
  8
F.Cu
  6
CONTINUOUS
100
AcDbLine
 10
91.6028829999999914
 20
-41.204462999999997
 30
0
 11
91.7477719999999977
 21
-41.144447999999997
 31
0
  0
LINE
  5
E4F
330
1B
100
AcDbEntity
  8
F.Cu
  6
CONTINUOUS
100
AcDbLine
 10
91.7477719999999977
 20
-41.144447999999997
 30
0
 11
91.9015859999999947
 21
-41.1138520000000014
 31
0
  0
LINE
  5
E50
330
1B
100
AcDbEntity
  8
F.Cu
  6
CONTINUOUS
100
AcDbLine
 10
91.9015859999999947
 20
-41.1138520000000014
 30
0
 11
91.9799999999999898
 21
-41.1099999999999994
 31
0
  0
LINE
  5
E51
330
1B
100
AcDbEntity
  8
F.Cu
  6
CONTINUOUS
100
AcDbLine
 10
91.9799999999999898
 20
-41.1099999999999994
 30
0
 11
92.7800000000000011
 21
-41.1099999999999994
 31
0
  0
LINE
  5
E52
330
1B
100
AcDbEntity
  8
F.Cu
  6
CONTINUOUS
100
AcDbLine
 10
92.7800000000000011
 20
-41.1099999999999994
 30
0
 11
92.8584139999999962
 21
-41.1138520000000014
 31
0
  0
LINE
  5
E53
330
1B
100
AcDbEntity
  8
F.Cu
  6
CONTINUOUS
100
AcDbLine
 10
37.7222280000000012
 20
-39.874448000000001
 30
0
 11
37.8671170000000004
 21
-39.9344630000000009
 31
0
  0
LINE
  5
E54
330
1B
100
AcDbEntity
  8
F.Cu
  6
CONTINUOUS
100
AcDbLine
 10
37.8671170000000004
 20
-39.9344630000000009
 30
0
 11
37.9975149999999999
 21
-40.0215919999999983
 31
0
  0
LINE
  5
E55
330
1B
100
AcDbEntity
  8
F.Cu
  6
CONTINUOUS
100
AcDbLine
 10
37.9975149999999999
 20
-40.0215919999999983
 30
0
 11
38.1084079999999972
 21
-40.1324849999999955
 31
0
  0
LINE
  5
E56
330
1B
100
AcDbEntity
  8
F.Cu
  6
CONTINUOUS
100
AcDbLine
 10
38.1084079999999972
 20
-40.1324849999999955
 30
0
 11
38.1955370000000016
 21
-40.2628829999999951
 31
0
  0
LINE
  5
E57
330
1B
100
AcDbEntity
  8
F.Cu
  6
CONTINUOUS
100
AcDbLine
 10
38.1955370000000016
 20
-40.2628829999999951
 30
0
 11
38.2555520000000016
 21
-40.4077720000000014
 31
0
  0
LINE
  5
E58
330
1B
100
AcDbEntity
  8
F.Cu
  6
CONTINUOUS
100
AcDbLine
 10
38.2555520000000016
 20
-40.4077720000000014
 30
0
 11
38.2861479999999972
 21
-40.5615859999999984
 31
0
  0
LINE
  5
E59
330
1B
100
AcDbEntity
  8
F.Cu
  6
CONTINUOUS
100
AcDbLine
 10
38.2861479999999972
 20
-40.5615859999999984
 30
0
 11
38.2861479999999972
 21
-40.7184139999999957
 31
0
  0
LINE
  5
E5A
330
1B
100
AcDbEntity
  8
F.Cu
  6
CONTINUOUS
100
AcDbLine
 10
38.2861479999999972
 20
-40.7184139999999957
 30
0
 11
38.2555520000000016
 21
-40.8722279999999998
 31
0
  0
LINE
  5
E5B
330
1B
100
AcDbEntity
  8
F.Cu
  6
CONTINUOUS
100
AcDbLine
 10
38.2555520000000016
 20
-40.8722279999999998
 30
0
 11
38.1955370000000016
 21
-41.0171169999999989
 31
0
  0
LINE
  5
E5C
330
1B
100
AcDbEntity
  8
F.Cu
  6
CONTINUOUS
100
AcDbLine
 10
38.1955370000000016
 20
-41.0171169999999989
 30
0
 11
38.1084079999999972
 21
-41.1475149999999985
 31
0
  0
LINE
  5
E5D
330
1B
100
AcDbEntity
  8
F.Cu
  6
CONTINUOUS
100
AcDbLine
 10
38.1084079999999972
 20
-41.1475149999999985
 30
0
 11
37.9975149999999999
 21
-41.2584079999999958
 31
0
  0
LINE
  5
E5E
330
1B
100
AcDbEntity
  8
F.Cu
  6
CONTINUOUS
100
AcDbLine
 10
37.9975149999999999
 20
-41.2584079999999958
 30
0
 11
37.8671170000000004
 21
-41.3455370000000002
 31
0
  0
LINE
  5
E5F
330
1B
100
AcDbEntity
  8
F.Cu
  6
CONTINUOUS
100
AcDbLine
 10
37.8671170000000004
 20
-41.3455370000000002
 30
0
 11
37.7222280000000012
 21
-41.4055520000000001
 31
0
  0
LINE
  5
E60
330
1B
100
AcDbEntity
  8
F.Cu
  6
CONTINUOUS
100
AcDbLine
 10
37.7222280000000012
 20
-41.4055520000000001
 30
0
 11
37.5684139999999971
 21
-41.4361479999999958
 31
0
  0
LINE
  5
E61
330
1B
100
AcDbEntity
  8
F.Cu
  6
CONTINUOUS
100
AcDbLine
 10
37.5684139999999971
 20
-41.4361479999999958
 30
0
 11
37.4115859999999998
 21
-41.4361479999999958
 31
0
  0
LINE
  5
E62
330
1B
100
AcDbEntity
  8
F.Cu
  6
CONTINUOUS
100
AcDbLine
 10
37.4115859999999998
 20
-41.4361479999999958
 30
0
 11
37.2577719999999957
 21
-41.4055520000000001
 31
0
  0
LINE
  5
E63
330
1B
100
AcDbEntity
  8
F.Cu
  6
CONTINUOUS
100
AcDbLine
 10
37.2577719999999957
 20
-41.4055520000000001
 30
0
 11
37.1128829999999965
 21
-41.3455370000000002
 31
0
  0
LINE
  5
E64
330
1B
100
AcDbEntity
  8
F.Cu
  6
CONTINUOUS
100
AcDbLine
 10
37.1128829999999965
 20
-41.3455370000000002
 30
0
 11
36.9824849999999969
 21
-41.2584079999999958
 31
0
  0
LINE
  5
E65
330
1B
100
AcDbEntity
  8
F.Cu
  6
CONTINUOUS
100
AcDbLine
 10
36.9824849999999969
 20
-41.2584079999999958
 30
0
 11
36.8715919999999997
 21
-41.1475149999999985
 31
0
  0
LINE
  5
E66
330
1B
100
AcDbEntity
  8
F.Cu
  6
CONTINUOUS
100
AcDbLine
 10
36.8715919999999997
 20
-41.1475149999999985
 30
0
 11
36.7844629999999952
 21
-41.0171169999999989
 31
0
  0
LINE
  5
E67
330
1B
100
AcDbEntity
  8
F.Cu
  6
CONTINUOUS
100
AcDbLine
 10
36.7844629999999952
 20
-41.0171169999999989
 30
0
 11
36.7244479999999953
 21
-40.8722279999999998
 31
0
  0
LINE
  5
E68
330
1B
100
AcDbEntity
  8
F.Cu
  6
CONTINUOUS
100
AcDbLine
 10
36.7244479999999953
 20
-40.8722279999999998
 30
0
 11
36.6938519999999997
 21
-40.7184139999999957
 31
0
  0
LINE
  5
E69
330
1B
100
AcDbEntity
  8
F.Cu
  6
CONTINUOUS
100
AcDbLine
 10
36.6938519999999997
 20
-40.7184139999999957
 30
0
 11
36.6938519999999997
 21
-40.5615859999999984
 31
0
  0
LINE
  5
E6A
330
1B
100
AcDbEntity
  8
F.Cu
  6
CONTINUOUS
100
AcDbLine
 10
36.6938519999999997
 20
-40.5615859999999984
 30
0
 11
36.7244479999999953
 21
-40.4077720000000014
 31
0
  0
LINE
  5
E6B
330
1B
100
AcDbEntity
  8
F.Cu
  6
CONTINUOUS
100
AcDbLine
 10
36.7244479999999953
 20
-40.4077720000000014
 30
0
 11
36.7844629999999952
 21
-40.2628829999999951
 31
0
  0
LINE
  5
E6C
330
1B
100
AcDbEntity
  8
F.Cu
  6
CONTINUOUS
100
AcDbLine
 10
36.7844629999999952
 20
-40.2628829999999951
 30
0
 11
36.8715919999999997
 21
-40.1324849999999955
 31
0
  0
LINE
  5
E6D
330
1B
100
AcDbEntity
  8
F.Cu
  6
CONTINUOUS
100
AcDbLine
 10
36.8715919999999997
 20
-40.1324849999999955
 30
0
 11
36.9824849999999969
 21
-40.0215919999999983
 31
0
  0
LINE
  5
E6E
330
1B
100
AcDbEntity
  8
F.Cu
  6
CONTINUOUS
100
AcDbLine
 10
36.9824849999999969
 20
-40.0215919999999983
 30
0
 11
37.1128829999999965
 21
-39.9344630000000009
 31
0
  0
LINE
  5
E6F
330
1B
100
AcDbEntity
  8
F.Cu
  6
CONTINUOUS
100
AcDbLine
 10
37.1128829999999965
 20
-39.9344630000000009
 30
0
 11
37.2577719999999957
 21
-39.874448000000001
 31
0
  0
LINE
  5
E70
330
1B
100
AcDbEntity
  8
F.Cu
  6
CONTINUOUS
100
AcDbLine
 10
37.2577719999999957
 20
-39.874448000000001
 30
0
 11
37.4115859999999998
 21
-39.8438519999999983
 31
0
  0
LINE
  5
E71
330
1B
100
AcDbEntity
  8
F.Cu
  6
CONTINUOUS
100
AcDbLine
 10
37.4115859999999998
 20
-39.8438519999999983
 30
0
 11
37.5684139999999971
 21
-39.8438519999999983
 31
0
  0
LINE
  5
E72
330
1B
100
AcDbEntity
  8
F.Cu
  6
CONTINUOUS
100
AcDbLine
 10
37.5684139999999971
 20
-39.8438519999999983
 30
0
 11
37.7222280000000012
 21
-39.874448000000001
 31
0
  0
LINE
  5
E73
330
1B
100
AcDbEntity
  8
F.Cu
  6
CONTINUOUS
100
AcDbLine
 10
42.7222280000000012
 20
-39.874448000000001
 30
0
 11
42.8671170000000004
 21
-39.9344630000000009
 31
0
  0
LINE
  5
E74
330
1B
100
AcDbEntity
  8
F.Cu
  6
CONTINUOUS
100
AcDbLine
 10
42.8671170000000004
 20
-39.9344630000000009
 30
0
 11
42.9975149999999999
 21
-40.0215919999999983
 31
0
  0
LINE
  5
E75
330
1B
100
AcDbEntity
  8
F.Cu
  6
CONTINUOUS
100
AcDbLine
 10
42.9975149999999999
 20
-40.0215919999999983
 30
0
 11
43.1084079999999972
 21
-40.1324849999999955
 31
0
  0
LINE
  5
E76
330
1B
100
AcDbEntity
  8
F.Cu
  6
CONTINUOUS
100
AcDbLine
 10
43.1084079999999972
 20
-40.1324849999999955
 30
0
 11
43.1955369999999945
 21
-40.2628829999999951
 31
0
  0
LINE
  5
E77
330
1B
100
AcDbEntity
  8
F.Cu
  6
CONTINUOUS
100
AcDbLine
 10
43.1955369999999945
 20
-40.2628829999999951
 30
0
 11
43.2555520000000016
 21
-40.4077720000000014
 31
0
  0
LINE
  5
E78
330
1B
100
AcDbEntity
  8
F.Cu
  6
CONTINUOUS
100
AcDbLine
 10
43.2555520000000016
 20
-40.4077720000000014
 30
0
 11
43.2861479999999972
 21
-40.5615859999999984
 31
0
  0
LINE
  5
E79
330
1B
100
AcDbEntity
  8
F.Cu
  6
CONTINUOUS
100
AcDbLine
 10
43.2861479999999972
 20
-40.5615859999999984
 30
0
 11
43.2861479999999972
 21
-40.7184139999999957
 31
0
  0
LINE
  5
E7A
330
1B
100
AcDbEntity
  8
F.Cu
  6
CONTINUOUS
100
AcDbLine
 10
43.2861479999999972
 20
-40.7184139999999957
 30
0
 11
43.2555520000000016
 21
-40.8722279999999998
 31
0
  0
LINE
  5
E7B
330
1B
100
AcDbEntity
  8
F.Cu
  6
CONTINUOUS
100
AcDbLine
 10
43.2555520000000016
 20
-40.8722279999999998
 30
0
 11
43.1955369999999945
 21
-41.0171169999999989
 31
0
  0
LINE
  5
E7C
330
1B
100
AcDbEntity
  8
F.Cu
  6
CONTINUOUS
100
AcDbLine
 10
43.1955369999999945
 20
-41.0171169999999989
 30
0
 11
43.1084079999999972
 21
-41.1475149999999985
 31
0
  0
LINE
  5
E7D
330
1B
100
AcDbEntity
  8
F.Cu
  6
CONTINUOUS
100
AcDbLine
 10
43.1084079999999972
 20
-41.1475149999999985
 30
0
 11
42.9975149999999999
 21
-41.2584079999999958
 31
0
  0
LINE
  5
E7E
330
1B
100
AcDbEntity
  8
F.Cu
  6
CONTINUOUS
100
AcDbLine
 10
42.9975149999999999
 20
-41.2584079999999958
 30
0
 11
42.8671170000000004
 21
-41.3455370000000002
 31
0
  0
LINE
  5
E7F
330
1B
100
AcDbEntity
  8
F.Cu
  6
CONTINUOUS
100
AcDbLine
 10
42.8671170000000004
 20
-41.3455370000000002
 30
0
 11
42.7222280000000012
 21
-41.4055520000000001
 31
0
  0
LINE
  5
E80
330
1B
100
AcDbEntity
  8
F.Cu
  6
CONTINUOUS
100
AcDbLine
 10
42.7222280000000012
 20
-41.4055520000000001
 30
0
 11
42.5684139999999971
 21
-41.4361479999999958
 31
0
  0
LINE
  5
E81
330
1B
100
AcDbEntity
  8
F.Cu
  6
CONTINUOUS
100
AcDbLine
 10
42.5684139999999971
 20
-41.4361479999999958
 30
0
 11
42.4115859999999998
 21
-41.4361479999999958
 31
0
  0
LINE
  5
E82
330
1B
100
AcDbEntity
  8
F.Cu
  6
CONTINUOUS
100
AcDbLine
 10
42.4115859999999998
 20
-41.4361479999999958
 30
0
 11
42.2577719999999957
 21
-41.4055520000000001
 31
0
  0
LINE
  5
E83
330
1B
100
AcDbEntity
  8
F.Cu
  6
CONTINUOUS
100
AcDbLine
 10
42.2577719999999957
 20
-41.4055520000000001
 30
0
 11
42.1128829999999965
 21
-41.3455370000000002
 31
0
  0
LINE
  5
E84
330
1B
100
AcDbEntity
  8
F.Cu
  6
CONTINUOUS
100
AcDbLine
 10
42.1128829999999965
 20
-41.3455370000000002
 30
0
 11
41.9824849999999969
 21
-41.2584079999999958
 31
0
  0
LINE
  5
E85
330
1B
100
AcDbEntity
  8
F.Cu
  6
CONTINUOUS
100
AcDbLine
 10
41.9824849999999969
 20
-41.2584079999999958
 30
0
 11
41.8715919999999997
 21
-41.1475149999999985
 31
0
  0
LINE
  5
E86
330
1B
100
AcDbEntity
  8
F.Cu
  6
CONTINUOUS
100
AcDbLine
 10
41.8715919999999997
 20
-41.1475149999999985
 30
0
 11
41.7844629999999952
 21
-41.0171169999999989
 31
0
  0
LINE
  5
E87
330
1B
100
AcDbEntity
  8
F.Cu
  6
CONTINUOUS
100
AcDbLine
 10
41.7844629999999952
 20
-41.0171169999999989
 30
0
 11
41.7244479999999953
 21
-40.8722279999999998
 31
0
  0
LINE
  5
E88
330
1B
100
AcDbEntity
  8
F.Cu
  6
CONTINUOUS
100
AcDbLine
 10
41.7244479999999953
 20
-40.8722279999999998
 30
0
 11
41.6938519999999997
 21
-40.7184139999999957
 31
0
  0
LINE
  5
E89
330
1B
100
AcDbEntity
  8
F.Cu
  6
CONTINUOUS
100
AcDbLine
 10
41.6938519999999997
 20
-40.7184139999999957
 30
0
 11
41.6938519999999997
 21
-40.5615859999999984
 31
0
  0
LINE
  5
E8A
330
1B
100
AcDbEntity
  8
F.Cu
  6
CONTINUOUS
100
AcDbLine
 10
41.6938519999999997
 20
-40.5615859999999984
 30
0
 11
41.7244479999999953
 21
-40.4077720000000014
 31
0
  0
LINE
  5
E8B
330
1B
100
AcDbEntity
  8
F.Cu
  6
CONTINUOUS
100
AcDbLine
 10
41.7244479999999953
 20
-40.4077720000000014
 30
0
 11
41.7844629999999952
 21
-40.2628829999999951
 31
0
  0
LINE
  5
E8C
330
1B
100
AcDbEntity
  8
F.Cu
  6
CONTINUOUS
100
AcDbLine
 10
41.7844629999999952
 20
-40.2628829999999951
 30
0
 11
41.8715919999999997
 21
-40.1324849999999955
 31
0
  0
LINE
  5
E8D
330
1B
100
AcDbEntity
  8
F.Cu
  6
CONTINUOUS
100
AcDbLine
 10
41.8715919999999997
 20
-40.1324849999999955
 30
0
 11
41.9824849999999969
 21
-40.0215919999999983
 31
0
  0
LINE
  5
E8E
330
1B
100
AcDbEntity
  8
F.Cu
  6
CONTINUOUS
100
AcDbLine
 10
41.9824849999999969
 20
-40.0215919999999983
 30
0
 11
42.1128829999999965
 21
-39.9344630000000009
 31
0
  0
LINE
  5
E8F
330
1B
100
AcDbEntity
  8
F.Cu
  6
CONTINUOUS
100
AcDbLine
 10
42.1128829999999965
 20
-39.9344630000000009
 30
0
 11
42.2577719999999957
 21
-39.874448000000001
 31
0
  0
LINE
  5
E90
330
1B
100
AcDbEntity
  8
F.Cu
  6
CONTINUOUS
100
AcDbLine
 10
42.2577719999999957
 20
-39.874448000000001
 30
0
 11
42.4115859999999998
 21
-39.8438519999999983
 31
0
  0
LINE
  5
E91
330
1B
100
AcDbEntity
  8
F.Cu
  6
CONTINUOUS
100
AcDbLine
 10
42.4115859999999998
 20
-39.8438519999999983
 30
0
 11
42.5684139999999971
 21
-39.8438519999999983
 31
0
  0
LINE
  5
E92
330
1B
100
AcDbEntity
  8
F.Cu
  6
CONTINUOUS
100
AcDbLine
 10
42.5684139999999971
 20
-39.8438519999999983
 30
0
 11
42.7222280000000012
 21
-39.874448000000001
 31
0
  0
LINE
  5
E93
330
1B
100
AcDbEntity
  8
F.Cu
  6
CONTINUOUS
100
AcDbLine
 10
97.7422279999999972
 20
-39.874448000000001
 30
0
 11
97.8871169999999893
 21
-39.9344630000000009
 31
0
  0
LINE
  5
E94
330
1B
100
AcDbEntity
  8
F.Cu
  6
CONTINUOUS
100
AcDbLine
 10
97.8871169999999893
 20
-39.9344630000000009
 30
0
 11
98.0175149999999888
 21
-40.0215919999999983
 31
0
  0
LINE
  5
E95
330
1B
100
AcDbEntity
  8
F.Cu
  6
CONTINUOUS
100
AcDbLine
 10
98.0175149999999888
 20
-40.0215919999999983
 30
0
 11
98.1284079999999932
 21
-40.1324849999999955
 31
0
  0
LINE
  5
E96
330
1B
100
AcDbEntity
  8
F.Cu
  6
CONTINUOUS
100
AcDbLine
 10
98.1284079999999932
 20
-40.1324849999999955
 30
0
 11
98.2155369999999976
 21
-40.2628829999999951
 31
0
  0
LINE
  5
E97
330
1B
100
AcDbEntity
  8
F.Cu
  6
CONTINUOUS
100
AcDbLine
 10
98.2155369999999976
 20
-40.2628829999999951
 30
0
 11
98.2755519999999905
 21
-40.4077720000000014
 31
0
  0
LINE
  5
E98
330
1B
100
AcDbEntity
  8
F.Cu
  6
CONTINUOUS
100
AcDbLine
 10
98.2755519999999905
 20
-40.4077720000000014
 30
0
 11
98.3061479999999932
 21
-40.5615859999999984
 31
0
  0
LINE
  5
E99
330
1B
100
AcDbEntity
  8
F.Cu
  6
CONTINUOUS
100
AcDbLine
 10
98.3061479999999932
 20
-40.5615859999999984
 30
0
 11
98.3061479999999932
 21
-40.7184139999999957
 31
0
  0
LINE
  5
E9A
330
1B
100
AcDbEntity
  8
F.Cu
  6
CONTINUOUS
100
AcDbLine
 10
98.3061479999999932
 20
-40.7184139999999957
 30
0
 11
98.2755519999999905
 21
-40.8722279999999998
 31
0
  0
LINE
  5
E9B
330
1B
100
AcDbEntity
  8
F.Cu
  6
CONTINUOUS
100
AcDbLine
 10
98.2755519999999905
 20
-40.8722279999999998
 30
0
 11
98.2155369999999976
 21
-41.0171169999999989
 31
0
  0
LINE
  5
E9C
330
1B
100
AcDbEntity
  8
F.Cu
  6
CONTINUOUS
100
AcDbLine
 10
98.2155369999999976
 20
-41.0171169999999989
 30
0
 11
98.1284079999999932
 21
-41.1475149999999985
 31
0
  0
LINE
  5
E9D
330
1B
100
AcDbEntity
  8
F.Cu
  6
CONTINUOUS
100
AcDbLine
 10
98.1284079999999932
 20
-41.1475149999999985
 30
0
 11
98.0175149999999888
 21
-41.2584079999999958
 31
0
  0
LINE
  5
E9E
330
1B
100
AcDbEntity
  8
F.Cu
  6
CONTINUOUS
100
AcDbLine
 10
98.0175149999999888
 20
-41.2584079999999958
 30
0
 11
97.8871169999999893
 21
-41.3455370000000002
 31
0
  0
LINE
  5
E9F
330
1B
100
AcDbEntity
  8
F.Cu
  6
CONTINUOUS
100
AcDbLine
 10
97.8871169999999893
 20
-41.3455370000000002
 30
0
 11
97.7422279999999972
 21
-41.4055520000000001
 31
0
  0
LINE
  5
EA0
330
1B
100
AcDbEntity
  8
F.Cu
  6
CONTINUOUS
100
AcDbLine
 10
97.7422279999999972
 20
-41.4055520000000001
 30
0
 11
97.5884140000000002
 21
-41.4361479999999958
 31
0
  0
LINE
  5
EA1
330
1B
100
AcDbEntity
  8
F.Cu
  6
CONTINUOUS
100
AcDbLine
 10
97.5884140000000002
 20
-41.4361479999999958
 30
0
 11
97.4315859999999958
 21
-41.4361479999999958
 31
0
  0
LINE
  5
EA2
330
1B
100
AcDbEntity
  8
F.Cu
  6
CONTINUOUS
100
AcDbLine
 10
97.4315859999999958
 20
-41.4361479999999958
 30
0
 11
97.2777719999999988
 21
-41.4055520000000001
 31
0
  0
LINE
  5
EA3
330
1B
100
AcDbEntity
  8
F.Cu
  6
CONTINUOUS
100
AcDbLine
 10
97.2777719999999988
 20
-41.4055520000000001
 30
0
 11
97.1328829999999925
 21
-41.3455370000000002
 31
0
  0
LINE
  5
EA4
330
1B
100
AcDbEntity
  8
F.Cu
  6
CONTINUOUS
100
AcDbLine
 10
97.1328829999999925
 20
-41.3455370000000002
 30
0
 11
97.002484999999993
 21
-41.2584079999999958
 31
0
  0
LINE
  5
EA5
330
1B
100
AcDbEntity
  8
F.Cu
  6
CONTINUOUS
100
AcDbLine
 10
97.002484999999993
 20
-41.2584079999999958
 30
0
 11
96.8915919999999886
 21
-41.1475149999999985
 31
0
  0
LINE
  5
EA6
330
1B
100
AcDbEntity
  8
F.Cu
  6
CONTINUOUS
100
AcDbLine
 10
96.8915919999999886
 20
-41.1475149999999985
 30
0
 11
96.8044629999999984
 21
-41.0171169999999989
 31
0
  0
LINE
  5
EA7
330
1B
100
AcDbEntity
  8
F.Cu
  6
CONTINUOUS
100
AcDbLine
 10
96.8044629999999984
 20
-41.0171169999999989
 30
0
 11
96.7444479999999913
 21
-40.8722279999999998
 31
0
  0
LINE
  5
EA8
330
1B
100
AcDbEntity
  8
F.Cu
  6
CONTINUOUS
100
AcDbLine
 10
96.7444479999999913
 20
-40.8722279999999998
 30
0
 11
96.7138519999999886
 21
-40.7184139999999957
 31
0
  0
LINE
  5
EA9
330
1B
100
AcDbEntity
  8
F.Cu
  6
CONTINUOUS
100
AcDbLine
 10
96.7138519999999886
 20
-40.7184139999999957
 30
0
 11
96.7138519999999886
 21
-40.5615859999999984
 31
0
  0
LINE
  5
EAA
330
1B
100
AcDbEntity
  8
F.Cu
  6
CONTINUOUS
100
AcDbLine
 10
96.7138519999999886
 20
-40.5615859999999984
 30
0
 11
96.7444479999999913
 21
-40.4077720000000014
 31
0
  0
LINE
  5
EAB
330
1B
100
AcDbEntity
  8
F.Cu
  6
CONTINUOUS
100
AcDbLine
 10
96.7444479999999913
 20
-40.4077720000000014
 30
0
 11
96.8044629999999984
 21
-40.2628829999999951
 31
0
  0
LINE
  5
EAC
330
1B
100
AcDbEntity
  8
F.Cu
  6
CONTINUOUS
100
AcDbLine
 10
96.8044629999999984
 20
-40.2628829999999951
 30
0
 11
96.8915919999999886
 21
-40.1324849999999955
 31
0
  0
LINE
  5
EAD
330
1B
100
AcDbEntity
  8
F.Cu
  6
CONTINUOUS
100
AcDbLine
 10
96.8915919999999886
 20
-40.1324849999999955
 30
0
 11
97.002484999999993
 21
-40.0215919999999983
 31
0
  0
LINE
  5
EAE
330
1B
100
AcDbEntity
  8
F.Cu
  6
CONTINUOUS
100
AcDbLine
 10
97.002484999999993
 20
-40.0215919999999983
 30
0
 11
97.1328829999999925
 21
-39.9344630000000009
 31
0
  0
LINE
  5
EAF
330
1B
100
AcDbEntity
  8
F.Cu
  6
CONTINUOUS
100
AcDbLine
 10
97.1328829999999925
 20
-39.9344630000000009
 30
0
 11
97.2777719999999988
 21
-39.874448000000001
 31
0
  0
LINE
  5
EB0
330
1B
100
AcDbEntity
  8
F.Cu
  6
CONTINUOUS
100
AcDbLine
 10
97.2777719999999988
 20
-39.874448000000001
 30
0
 11
97.4315859999999958
 21
-39.8438519999999983
 31
0
  0
LINE
  5
EB1
330
1B
100
AcDbEntity
  8
F.Cu
  6
CONTINUOUS
100
AcDbLine
 10
97.4315859999999958
 20
-39.8438519999999983
 30
0
 11
97.5884140000000002
 21
-39.8438519999999983
 31
0
  0
LINE
  5
EB2
330
1B
100
AcDbEntity
  8
F.Cu
  6
CONTINUOUS
100
AcDbLine
 10
97.5884140000000002
 20
-39.8438519999999983
 30
0
 11
97.7422279999999972
 21
-39.874448000000001
 31
0
  0
LINE
  5
EB3
330
1B
100
AcDbEntity
  8
F.Cu
  6
CONTINUOUS
100
AcDbLine
 10
102.7422279999999972
 20
-39.874448000000001
 30
0
 11
102.8871169999999893
 21
-39.9344630000000009
 31
0
  0
LINE
  5
EB4
330
1B
100
AcDbEntity
  8
F.Cu
  6
CONTINUOUS
100
AcDbLine
 10
102.8871169999999893
 20
-39.9344630000000009
 30
0
 11
103.0175149999999888
 21
-40.0215919999999983
 31
0
  0
LINE
  5
EB5
330
1B
100
AcDbEntity
  8
F.Cu
  6
CONTINUOUS
100
AcDbLine
 10
103.0175149999999888
 20
-40.0215919999999983
 30
0
 11
103.1284079999999932
 21
-40.1324849999999955
 31
0
  0
LINE
  5
EB6
330
1B
100
AcDbEntity
  8
F.Cu
  6
CONTINUOUS
100
AcDbLine
 10
103.1284079999999932
 20
-40.1324849999999955
 30
0
 11
103.2155369999999976
 21
-40.2628829999999951
 31
0
  0
LINE
  5
EB7
330
1B
100
AcDbEntity
  8
F.Cu
  6
CONTINUOUS
100
AcDbLine
 10
103.2155369999999976
 20
-40.2628829999999951
 30
0
 11
103.2755519999999905
 21
-40.4077720000000014
 31
0
  0
LINE
  5
EB8
330
1B
100
AcDbEntity
  8
F.Cu
  6
CONTINUOUS
100
AcDbLine
 10
103.2755519999999905
 20
-40.4077720000000014
 30
0
 11
103.3061479999999932
 21
-40.5615859999999984
 31
0
  0
LINE
  5
EB9
330
1B
100
AcDbEntity
  8
F.Cu
  6
CONTINUOUS
100
AcDbLine
 10
103.3061479999999932
 20
-40.5615859999999984
 30
0
 11
103.3061479999999932
 21
-40.7184139999999957
 31
0
  0
LINE
  5
EBA
330
1B
100
AcDbEntity
  8
F.Cu
  6
CONTINUOUS
100
AcDbLine
 10
103.3061479999999932
 20
-40.7184139999999957
 30
0
 11
103.2755519999999905
 21
-40.8722279999999998
 31
0
  0
LINE
  5
EBB
330
1B
100
AcDbEntity
  8
F.Cu
  6
CONTINUOUS
100
AcDbLine
 10
103.2755519999999905
 20
-40.8722279999999998
 30
0
 11
103.2155369999999976
 21
-41.0171169999999989
 31
0
  0
LINE
  5
EBC
330
1B
100
AcDbEntity
  8
F.Cu
  6
CONTINUOUS
100
AcDbLine
 10
103.2155369999999976
 20
-41.0171169999999989
 30
0
 11
103.1284079999999932
 21
-41.1475149999999985
 31
0
  0
LINE
  5
EBD
330
1B
100
AcDbEntity
  8
F.Cu
  6
CONTINUOUS
100
AcDbLine
 10
103.1284079999999932
 20
-41.1475149999999985
 30
0
 11
103.0175149999999888
 21
-41.2584079999999958
 31
0
  0
LINE
  5
EBE
330
1B
100
AcDbEntity
  8
F.Cu
  6
CONTINUOUS
100
AcDbLine
 10
103.0175149999999888
 20
-41.2584079999999958
 30
0
 11
102.8871169999999893
 21
-41.3455370000000002
 31
0
  0
LINE
  5
EBF
330
1B
100
AcDbEntity
  8
F.Cu
  6
CONTINUOUS
100
AcDbLine
 10
102.8871169999999893
 20
-41.3455370000000002
 30
0
 11
102.7422279999999972
 21
-41.4055520000000001
 31
0
  0
LINE
  5
EC0
330
1B
100
AcDbEntity
  8
F.Cu
  6
CONTINUOUS
100
AcDbLine
 10
102.7422279999999972
 20
-41.4055520000000001
 30
0
 11
102.5884140000000002
 21
-41.4361479999999958
 31
0
  0
LINE
  5
EC1
330
1B
100
AcDbEntity
  8
F.Cu
  6
CONTINUOUS
100
AcDbLine
 10
102.5884140000000002
 20
-41.4361479999999958
 30
0
 11
102.4315859999999958
 21
-41.4361479999999958
 31
0
  0
LINE
  5
EC2
330
1B
100
AcDbEntity
  8
F.Cu
  6
CONTINUOUS
100
AcDbLine
 10
102.4315859999999958
 20
-41.4361479999999958
 30
0
 11
102.2777719999999988
 21
-41.4055520000000001
 31
0
  0
LINE
  5
EC3
330
1B
100
AcDbEntity
  8
F.Cu
  6
CONTINUOUS
100
AcDbLine
 10
102.2777719999999988
 20
-41.4055520000000001
 30
0
 11
102.1328829999999925
 21
-41.3455370000000002
 31
0
  0
LINE
  5
EC4
330
1B
100
AcDbEntity
  8
F.Cu
  6
CONTINUOUS
100
AcDbLine
 10
102.1328829999999925
 20
-41.3455370000000002
 30
0
 11
102.002484999999993
 21
-41.2584079999999958
 31
0
  0
LINE
  5
EC5
330
1B
100
AcDbEntity
  8
F.Cu
  6
CONTINUOUS
100
AcDbLine
 10
102.002484999999993
 20
-41.2584079999999958
 30
0
 11
101.8915919999999886
 21
-41.1475149999999985
 31
0
  0
LINE
  5
EC6
330
1B
100
AcDbEntity
  8
F.Cu
  6
CONTINUOUS
100
AcDbLine
 10
101.8915919999999886
 20
-41.1475149999999985
 30
0
 11
101.8044629999999984
 21
-41.0171169999999989
 31
0
  0
LINE
  5
EC7
330
1B
100
AcDbEntity
  8
F.Cu
  6
CONTINUOUS
100
AcDbLine
 10
101.8044629999999984
 20
-41.0171169999999989
 30
0
 11
101.7444479999999913
 21
-40.8722279999999998
 31
0
  0
LINE
  5
EC8
330
1B
100
AcDbEntity
  8
F.Cu
  6
CONTINUOUS
100
AcDbLine
 10
101.7444479999999913
 20
-40.8722279999999998
 30
0
 11
101.7138519999999886
 21
-40.7184139999999957
 31
0
  0
LINE
  5
EC9
330
1B
100
AcDbEntity
  8
F.Cu
  6
CONTINUOUS
100
AcDbLine
 10
101.7138519999999886
 20
-40.7184139999999957
 30
0
 11
101.7138519999999886
 21
-40.5615859999999984
 31
0
  0
LINE
  5
ECA
330
1B
100
AcDbEntity
  8
F.Cu
  6
CONTINUOUS
100
AcDbLine
 10
101.7138519999999886
 20
-40.5615859999999984
 30
0
 11
101.7444479999999913
 21
-40.4077720000000014
 31
0
  0
LINE
  5
ECB
330
1B
100
AcDbEntity
  8
F.Cu
  6
CONTINUOUS
100
AcDbLine
 10
101.7444479999999913
 20
-40.4077720000000014
 30
0
 11
101.8044629999999984
 21
-40.2628829999999951
 31
0
  0
LINE
  5
ECC
330
1B
100
AcDbEntity
  8
F.Cu
  6
CONTINUOUS
100
AcDbLine
 10
101.8044629999999984
 20
-40.2628829999999951
 30
0
 11
101.8915919999999886
 21
-40.1324849999999955
 31
0
  0
LINE
  5
ECD
330
1B
100
AcDbEntity
  8
F.Cu
  6
CONTINUOUS
100
AcDbLine
 10
101.8915919999999886
 20
-40.1324849999999955
 30
0
 11
102.002484999999993
 21
-40.0215919999999983
 31
0
  0
LINE
  5
ECE
330
1B
100
AcDbEntity
  8
F.Cu
  6
CONTINUOUS
100
AcDbLine
 10
102.002484999999993
 20
-40.0215919999999983
 30
0
 11
102.1328829999999925
 21
-39.9344630000000009
 31
0
  0
LINE
  5
ECF
330
1B
100
AcDbEntity
  8
F.Cu
  6
CONTINUOUS
100
AcDbLine
 10
102.1328829999999925
 20
-39.9344630000000009
 30
0
 11
102.2777719999999988
 21
-39.874448000000001
 31
0
  0
LINE
  5
ED0
330
1B
100
AcDbEntity
  8
F.Cu
  6
CONTINUOUS
100
AcDbLine
 10
102.2777719999999988
 20
-39.874448000000001
 30
0
 11
102.4315859999999958
 21
-39.8438519999999983
 31
0
  0
LINE
  5
ED1
330
1B
100
AcDbEntity
  8
F.Cu
  6
CONTINUOUS
100
AcDbLine
 10
102.4315859999999958
 20
-39.8438519999999983
 30
0
 11
102.5884140000000002
 21
-39.8438519999999983
 31
0
  0
LINE
  5
ED2
330
1B
100
AcDbEntity
  8
F.Cu
  6
CONTINUOUS
100
AcDbLine
 10
102.5884140000000002
 20
-39.8438519999999983
 30
0
 11
102.7422279999999972
 21
-39.874448000000001
 31
0
  0
LINE
  5
ED3
330
1B
100
AcDbEntity
  8
F.Cu
  6
CONTINUOUS
100
AcDbLine
 10
55.7184139999999957
 20
-38.5738519999999951
 30
0
 11
55.8722279999999998
 21
-38.6044479999999979
 31
0
  0
LINE
  5
ED4
330
1B
100
AcDbEntity
  8
F.Cu
  6
CONTINUOUS
100
AcDbLine
 10
55.8722279999999998
 20
-38.6044479999999979
 30
0
 11
56.0171169999999989
 21
-38.6644629999999978
 31
0
  0
LINE
  5
ED5
330
1B
100
AcDbEntity
  8
F.Cu
  6
CONTINUOUS
100
AcDbLine
 10
56.0171169999999989
 20
-38.6644629999999978
 30
0
 11
56.1475149999999985
 21
-38.7515919999999952
 31
0
  0
LINE
  5
ED6
330
1B
100
AcDbEntity
  8
F.Cu
  6
CONTINUOUS
100
AcDbLine
 10
56.1475149999999985
 20
-38.7515919999999952
 30
0
 11
56.2584079999999958
 21
-38.8624849999999995
 31
0
  0
LINE
  5
ED7
330
1B
100
AcDbEntity
  8
F.Cu
  6
CONTINUOUS
100
AcDbLine
 10
56.2584079999999958
 20
-38.8624849999999995
 30
0
 11
56.3455370000000002
 21
-38.9928829999999991
 31
0
  0
LINE
  5
ED8
330
1B
100
AcDbEntity
  8
F.Cu
  6
CONTINUOUS
100
AcDbLine
 10
56.3455370000000002
 20
-38.9928829999999991
 30
0
 11
56.4055520000000001
 21
-39.1377719999999982
 31
0
  0
LINE
  5
ED9
330
1B
100
AcDbEntity
  8
F.Cu
  6
CONTINUOUS
100
AcDbLine
 10
56.4055520000000001
 20
-39.1377719999999982
 30
0
 11
56.4361479999999958
 21
-39.2915859999999952
 31
0
  0
LINE
  5
EDA
330
1B
100
AcDbEntity
  8
F.Cu
  6
CONTINUOUS
100
AcDbLine
 10
56.4361479999999958
 20
-39.2915859999999952
 30
0
 11
56.4361479999999958
 21
-39.4484139999999996
 31
0
  0
LINE
  5
EDB
330
1B
100
AcDbEntity
  8
F.Cu
  6
CONTINUOUS
100
AcDbLine
 10
56.4361479999999958
 20
-39.4484139999999996
 30
0
 11
56.4055520000000001
 21
-39.6022279999999967
 31
0
  0
LINE
  5
EDC
330
1B
100
AcDbEntity
  8
F.Cu
  6
CONTINUOUS
100
AcDbLine
 10
56.4055520000000001
 20
-39.6022279999999967
 30
0
 11
56.3455370000000002
 21
-39.7471169999999958
 31
0
  0
LINE
  5
EDD
330
1B
100
AcDbEntity
  8
F.Cu
  6
CONTINUOUS
100
AcDbLine
 10
56.3455370000000002
 20
-39.7471169999999958
 30
0
 11
56.2584079999999958
 21
-39.8775149999999954
 31
0
  0
LINE
  5
EDE
330
1B
100
AcDbEntity
  8
F.Cu
  6
CONTINUOUS
100
AcDbLine
 10
56.2584079999999958
 20
-39.8775149999999954
 30
0
 11
56.1475149999999985
 21
-39.9884079999999997
 31
0
  0
LINE
  5
EDF
330
1B
100
AcDbEntity
  8
F.Cu
  6
CONTINUOUS
100
AcDbLine
 10
56.1475149999999985
 20
-39.9884079999999997
 30
0
 11
56.0171169999999989
 21
-40.0755369999999971
 31
0
  0
LINE
  5
EE0
330
1B
100
AcDbEntity
  8
F.Cu
  6
CONTINUOUS
100
AcDbLine
 10
56.0171169999999989
 20
-40.0755369999999971
 30
0
 11
55.8722279999999998
 21
-40.135551999999997
 31
0
  0
LINE
  5
EE1
330
1B
100
AcDbEntity
  8
F.Cu
  6
CONTINUOUS
100
AcDbLine
 10
55.8722279999999998
 20
-40.135551999999997
 30
0
 11
55.7184139999999957
 21
-40.1661479999999997
 31
0
  0
LINE
  5
EE2
330
1B
100
AcDbEntity
  8
F.Cu
  6
CONTINUOUS
100
AcDbLine
 10
55.7184139999999957
 20
-40.1661479999999997
 30
0
 11
55.6400000000000006
 21
-40.1700000000000017
 31
0
  0
LINE
  5
EE3
330
1B
100
AcDbEntity
  8
F.Cu
  6
CONTINUOUS
100
AcDbLine
 10
55.6400000000000006
 20
-40.1700000000000017
 30
0
 11
54.8399999999999963
 21
-40.1700000000000017
 31
0
  0
LINE
  5
EE4
330
1B
100
AcDbEntity
  8
F.Cu
  6
CONTINUOUS
100
AcDbLine
 10
54.8399999999999963
 20
-40.1700000000000017
 30
0
 11
54.7615859999999941
 21
-40.1661479999999997
 31
0
  0
LINE
  5
EE5
330
1B
100
AcDbEntity
  8
F.Cu
  6
CONTINUOUS
100
AcDbLine
 10
54.7615859999999941
 20
-40.1661479999999997
 30
0
 11
54.6077719999999971
 21
-40.135551999999997
 31
0
  0
LINE
  5
EE6
330
1B
100
AcDbEntity
  8
F.Cu
  6
CONTINUOUS
100
AcDbLine
 10
54.6077719999999971
 20
-40.135551999999997
 30
0
 11
54.4628829999999979
 21
-40.0755369999999971
 31
0
  0
LINE
  5
EE7
330
1B
100
AcDbEntity
  8
F.Cu
  6
CONTINUOUS
100
AcDbLine
 10
54.4628829999999979
 20
-40.0755369999999971
 30
0
 11
54.3324849999999984
 21
-39.9884079999999997
 31
0
  0
LINE
  5
EE8
330
1B
100
AcDbEntity
  8
F.Cu
  6
CONTINUOUS
100
AcDbLine
 10
54.3324849999999984
 20
-39.9884079999999997
 30
0
 11
54.221591999999994
 21
-39.8775149999999954
 31
0
  0
LINE
  5
EE9
330
1B
100
AcDbEntity
  8
F.Cu
  6
CONTINUOUS
100
AcDbLine
 10
54.221591999999994
 20
-39.8775149999999954
 30
0
 11
54.1344629999999967
 21
-39.7471169999999958
 31
0
  0
LINE
  5
EEA
330
1B
100
AcDbEntity
  8
F.Cu
  6
CONTINUOUS
100
AcDbLine
 10
54.1344629999999967
 20
-39.7471169999999958
 30
0
 11
54.0744479999999967
 21
-39.6022279999999967
 31
0
  0
LINE
  5
EEB
330
1B
100
AcDbEntity
  8
F.Cu
  6
CONTINUOUS
100
AcDbLine
 10
54.0744479999999967
 20
-39.6022279999999967
 30
0
 11
54.043851999999994
 21
-39.4484139999999996
 31
0
  0
LINE
  5
EEC
330
1B
100
AcDbEntity
  8
F.Cu
  6
CONTINUOUS
100
AcDbLine
 10
54.043851999999994
 20
-39.4484139999999996
 30
0
 11
54.043851999999994
 21
-39.2915859999999952
 31
0
  0
LINE
  5
EED
330
1B
100
AcDbEntity
  8
F.Cu
  6
CONTINUOUS
100
AcDbLine
 10
54.043851999999994
 20
-39.2915859999999952
 30
0
 11
54.0744479999999967
 21
-39.1377719999999982
 31
0
  0
LINE
  5
EEE
330
1B
100
AcDbEntity
  8
F.Cu
  6
CONTINUOUS
100
AcDbLine
 10
54.0744479999999967
 20
-39.1377719999999982
 30
0
 11
54.1344629999999967
 21
-38.9928829999999991
 31
0
  0
LINE
  5
EEF
330
1B
100
AcDbEntity
  8
F.Cu
  6
CONTINUOUS
100
AcDbLine
 10
54.1344629999999967
 20
-38.9928829999999991
 30
0
 11
54.221591999999994
 21
-38.8624849999999995
 31
0
  0
LINE
  5
EF0
330
1B
100
AcDbEntity
  8
F.Cu
  6
CONTINUOUS
100
AcDbLine
 10
54.221591999999994
 20
-38.8624849999999995
 30
0
 11
54.3324849999999984
 21
-38.7515919999999952
 31
0
  0
LINE
  5
EF1
330
1B
100
AcDbEntity
  8
F.Cu
  6
CONTINUOUS
100
AcDbLine
 10
54.3324849999999984
 20
-38.7515919999999952
 30
0
 11
54.4628829999999979
 21
-38.6644629999999978
 31
0
  0
LINE
  5
EF2
330
1B
100
AcDbEntity
  8
F.Cu
  6
CONTINUOUS
100
AcDbLine
 10
54.4628829999999979
 20
-38.6644629999999978
 30
0
 11
54.6077719999999971
 21
-38.6044479999999979
 31
0
  0
LINE
  5
EF3
330
1B
100
AcDbEntity
  8
F.Cu
  6
CONTINUOUS
100
AcDbLine
 10
54.6077719999999971
 20
-38.6044479999999979
 30
0
 11
54.7615859999999941
 21
-38.5738519999999951
 31
0
  0
LINE
  5
EF4
330
1B
100
AcDbEntity
  8
F.Cu
  6
CONTINUOUS
100
AcDbLine
 10
54.7615859999999941
 20
-38.5738519999999951
 30
0
 11
54.8399999999999963
 21
-38.5700000000000003
 31
0
  0
LINE
  5
EF5
330
1B
100
AcDbEntity
  8
F.Cu
  6
CONTINUOUS
100
AcDbLine
 10
54.8399999999999963
 20
-38.5700000000000003
 30
0
 11
55.6400000000000006
 21
-38.5700000000000003
 31
0
  0
LINE
  5
EF6
330
1B
100
AcDbEntity
  8
F.Cu
  6
CONTINUOUS
100
AcDbLine
 10
55.6400000000000006
 20
-38.5700000000000003
 30
0
 11
55.7184139999999957
 21
-38.5738519999999951
 31
0
  0
LINE
  5
EF7
330
1B
100
AcDbEntity
  8
F.Cu
  6
CONTINUOUS
100
AcDbLine
 10
85.2384139999999917
 20
-38.5738519999999951
 30
0
 11
85.3922280000000029
 21
-38.6044479999999979
 31
0
  0
LINE
  5
EF8
330
1B
100
AcDbEntity
  8
F.Cu
  6
CONTINUOUS
100
AcDbLine
 10
85.3922280000000029
 20
-38.6044479999999979
 30
0
 11
85.537116999999995
 21
-38.6644629999999978
 31
0
  0
LINE
  5
EF9
330
1B
100
AcDbEntity
  8
F.Cu
  6
CONTINUOUS
100
AcDbLine
 10
85.537116999999995
 20
-38.6644629999999978
 30
0
 11
85.6675149999999945
 21
-38.7515919999999952
 31
0
  0
LINE
  5
EFA
330
1B
100
AcDbEntity
  8
F.Cu
  6
CONTINUOUS
100
AcDbLine
 10
85.6675149999999945
 20
-38.7515919999999952
 30
0
 11
85.7784079999999989
 21
-38.8624849999999995
 31
0
  0
LINE
  5
EFB
330
1B
100
AcDbEntity
  8
F.Cu
  6
CONTINUOUS
100
AcDbLine
 10
85.7784079999999989
 20
-38.8624849999999995
 30
0
 11
85.8655369999999891
 21
-38.9928829999999991
 31
0
  0
LINE
  5
EFC
330
1B
100
AcDbEntity
  8
F.Cu
  6
CONTINUOUS
100
AcDbLine
 10
85.8655369999999891
 20
-38.9928829999999991
 30
0
 11
85.9255519999999962
 21
-39.1377719999999982
 31
0
  0
LINE
  5
EFD
330
1B
100
AcDbEntity
  8
F.Cu
  6
CONTINUOUS
100
AcDbLine
 10
85.9255519999999962
 20
-39.1377719999999982
 30
0
 11
85.9561479999999989
 21
-39.2915859999999952
 31
0
  0
LINE
  5
EFE
330
1B
100
AcDbEntity
  8
F.Cu
  6
CONTINUOUS
100
AcDbLine
 10
85.9561479999999989
 20
-39.2915859999999952
 30
0
 11
85.9561479999999989
 21
-39.4484139999999996
 31
0
  0
LINE
  5
EFF
330
1B
100
AcDbEntity
  8
F.Cu
  6
CONTINUOUS
100
AcDbLine
 10
85.9561479999999989
 20
-39.4484139999999996
 30
0
 11
85.9255519999999962
 21
-39.6022279999999967
 31
0
  0
LINE
  5
F00
330
1B
100
AcDbEntity
  8
F.Cu
  6
CONTINUOUS
100
AcDbLine
 10
85.9255519999999962
 20
-39.6022279999999967
 30
0
 11
85.8655369999999891
 21
-39.7471169999999958
 31
0
  0
LINE
  5
F01
330
1B
100
AcDbEntity
  8
F.Cu
  6
CONTINUOUS
100
AcDbLine
 10
85.8655369999999891
 20
-39.7471169999999958
 30
0
 11
85.7784079999999989
 21
-39.8775149999999954
 31
0
  0
LINE
  5
F02
330
1B
100
AcDbEntity
  8
F.Cu
  6
CONTINUOUS
100
AcDbLine
 10
85.7784079999999989
 20
-39.8775149999999954
 30
0
 11
85.6675149999999945
 21
-39.9884079999999997
 31
0
  0
LINE
  5
F03
330
1B
100
AcDbEntity
  8
F.Cu
  6
CONTINUOUS
100
AcDbLine
 10
85.6675149999999945
 20
-39.9884079999999997
 30
0
 11
85.537116999999995
 21
-40.0755369999999971
 31
0
  0
LINE
  5
F04
330
1B
100
AcDbEntity
  8
F.Cu
  6
CONTINUOUS
100
AcDbLine
 10
85.537116999999995
 20
-40.0755369999999971
 30
0
 11
85.3922280000000029
 21
-40.135551999999997
 31
0
  0
LINE
  5
F05
330
1B
100
AcDbEntity
  8
F.Cu
  6
CONTINUOUS
100
AcDbLine
 10
85.3922280000000029
 20
-40.135551999999997
 30
0
 11
85.2384139999999917
 21
-40.1661479999999997
 31
0
  0
LINE
  5
F06
330
1B
100
AcDbEntity
  8
F.Cu
  6
CONTINUOUS
100
AcDbLine
 10
85.2384139999999917
 20
-40.1661479999999997
 30
0
 11
85.1599999999999966
 21
-40.1700000000000017
 31
0
  0
LINE
  5
F07
330
1B
100
AcDbEntity
  8
F.Cu
  6
CONTINUOUS
100
AcDbLine
 10
85.1599999999999966
 20
-40.1700000000000017
 30
0
 11
84.3599999999999994
 21
-40.1700000000000017
 31
0
  0
LINE
  5
F08
330
1B
100
AcDbEntity
  8
F.Cu
  6
CONTINUOUS
100
AcDbLine
 10
84.3599999999999994
 20
-40.1700000000000017
 30
0
 11
84.2815859999999901
 21
-40.1661479999999997
 31
0
  0
LINE
  5
F09
330
1B
100
AcDbEntity
  8
F.Cu
  6
CONTINUOUS
100
AcDbLine
 10
84.2815859999999901
 20
-40.1661479999999997
 30
0
 11
84.1277719999999931
 21
-40.135551999999997
 31
0
  0
LINE
  5
F0A
330
1B
100
AcDbEntity
  8
F.Cu
  6
CONTINUOUS
100
AcDbLine
 10
84.1277719999999931
 20
-40.135551999999997
 30
0
 11
83.9828830000000011
 21
-40.0755369999999971
 31
0
  0
LINE
  5
F0B
330
1B
100
AcDbEntity
  8
F.Cu
  6
CONTINUOUS
100
AcDbLine
 10
83.9828830000000011
 20
-40.0755369999999971
 30
0
 11
83.8524850000000015
 21
-39.9884079999999997
 31
0
  0
LINE
  5
F0C
330
1B
100
AcDbEntity
  8
F.Cu
  6
CONTINUOUS
100
AcDbLine
 10
83.8524850000000015
 20
-39.9884079999999997
 30
0
 11
83.7415919999999971
 21
-39.8775149999999954
 31
0
  0
LINE
  5
F0D
330
1B
100
AcDbEntity
  8
F.Cu
  6
CONTINUOUS
100
AcDbLine
 10
83.7415919999999971
 20
-39.8775149999999954
 30
0
 11
83.6544629999999927
 21
-39.7471169999999958
 31
0
  0
LINE
  5
F0E
330
1B
100
AcDbEntity
  8
F.Cu
  6
CONTINUOUS
100
AcDbLine
 10
83.6544629999999927
 20
-39.7471169999999958
 30
0
 11
83.5944479999999999
 21
-39.6022279999999967
 31
0
  0
LINE
  5
F0F
330
1B
100
AcDbEntity
  8
F.Cu
  6
CONTINUOUS
100
AcDbLine
 10
83.5944479999999999
 20
-39.6022279999999967
 30
0
 11
83.5638519999999971
 21
-39.4484139999999996
 31
0
  0
LINE
  5
F10
330
1B
100
AcDbEntity
  8
F.Cu
  6
CONTINUOUS
100
AcDbLine
 10
83.5638519999999971
 20
-39.4484139999999996
 30
0
 11
83.5638519999999971
 21
-39.2915859999999952
 31
0
  0
LINE
  5
F11
330
1B
100
AcDbEntity
  8
F.Cu
  6
CONTINUOUS
100
AcDbLine
 10
83.5638519999999971
 20
-39.2915859999999952
 30
0
 11
83.5944479999999999
 21
-39.1377719999999982
 31
0
  0
LINE
  5
F12
330
1B
100
AcDbEntity
  8
F.Cu
  6
CONTINUOUS
100
AcDbLine
 10
83.5944479999999999
 20
-39.1377719999999982
 30
0
 11
83.6544629999999927
 21
-38.9928829999999991
 31
0
  0
LINE
  5
F13
330
1B
100
AcDbEntity
  8
F.Cu
  6
CONTINUOUS
100
AcDbLine
 10
83.6544629999999927
 20
-38.9928829999999991
 30
0
 11
83.7415919999999971
 21
-38.8624849999999995
 31
0
  0
LINE
  5
F14
330
1B
100
AcDbEntity
  8
F.Cu
  6
CONTINUOUS
100
AcDbLine
 10
83.7415919999999971
 20
-38.8624849999999995
 30
0
 11
83.8524850000000015
 21
-38.7515919999999952
 31
0
  0
LINE
  5
F15
330
1B
100
AcDbEntity
  8
F.Cu
  6
CONTINUOUS
100
AcDbLine
 10
83.8524850000000015
 20
-38.7515919999999952
 30
0
 11
83.9828830000000011
 21
-38.6644629999999978
 31
0
  0
LINE
  5
F16
330
1B
100
AcDbEntity
  8
F.Cu
  6
CONTINUOUS
100
AcDbLine
 10
83.9828830000000011
 20
-38.6644629999999978
 30
0
 11
84.1277719999999931
 21
-38.6044479999999979
 31
0
  0
LINE
  5
F17
330
1B
100
AcDbEntity
  8
F.Cu
  6
CONTINUOUS
100
AcDbLine
 10
84.1277719999999931
 20
-38.6044479999999979
 30
0
 11
84.2815859999999901
 21
-38.5738519999999951
 31
0
  0
LINE
  5
F18
330
1B
100
AcDbEntity
  8
F.Cu
  6
CONTINUOUS
100
AcDbLine
 10
84.2815859999999901
 20
-38.5738519999999951
 30
0
 11
84.3599999999999994
 21
-38.5700000000000003
 31
0
  0
LINE
  5
F19
330
1B
100
AcDbEntity
  8
F.Cu
  6
CONTINUOUS
100
AcDbLine
 10
84.3599999999999994
 20
-38.5700000000000003
 30
0
 11
85.1599999999999966
 21
-38.5700000000000003
 31
0
  0
LINE
  5
F1A
330
1B
100
AcDbEntity
  8
F.Cu
  6
CONTINUOUS
100
AcDbLine
 10
85.1599999999999966
 20
-38.5700000000000003
 30
0
 11
85.2384139999999917
 21
-38.5738519999999951
 31
0
  0
LINE
  5
F1B
330
1B
100
AcDbEntity
  8
F.Cu
  6
CONTINUOUS
100
AcDbLine
 10
92.8584139999999962
 20
-38.5738519999999951
 30
0
 11
93.0122279999999932
 21
-38.6044479999999979
 31
0
  0
LINE
  5
F1C
330
1B
100
AcDbEntity
  8
F.Cu
  6
CONTINUOUS
100
AcDbLine
 10
93.0122279999999932
 20
-38.6044479999999979
 30
0
 11
93.1571169999999995
 21
-38.6644629999999978
 31
0
  0
LINE
  5
F1D
330
1B
100
AcDbEntity
  8
F.Cu
  6
CONTINUOUS
100
AcDbLine
 10
93.1571169999999995
 20
-38.6644629999999978
 30
0
 11
93.2875149999999991
 21
-38.7515919999999952
 31
0
  0
LINE
  5
F1E
330
1B
100
AcDbEntity
  8
F.Cu
  6
CONTINUOUS
100
AcDbLine
 10
93.2875149999999991
 20
-38.7515919999999952
 30
0
 11
93.3984079999999892
 21
-38.8624849999999995
 31
0
  0
LINE
  5
F1F
330
1B
100
AcDbEntity
  8
F.Cu
  6
CONTINUOUS
100
AcDbLine
 10
93.3984079999999892
 20
-38.8624849999999995
 30
0
 11
93.4855369999999937
 21
-38.9928829999999991
 31
0
  0
LINE
  5
F20
330
1B
100
AcDbEntity
  8
F.Cu
  6
CONTINUOUS
100
AcDbLine
 10
93.4855369999999937
 20
-38.9928829999999991
 30
0
 11
93.5455520000000007
 21
-39.1377719999999982
 31
0
  0
LINE
  5
F21
330
1B
100
AcDbEntity
  8
F.Cu
  6
CONTINUOUS
100
AcDbLine
 10
93.5455520000000007
 20
-39.1377719999999982
 30
0
 11
93.5761479999999892
 21
-39.2915859999999952
 31
0
  0
LINE
  5
F22
330
1B
100
AcDbEntity
  8
F.Cu
  6
CONTINUOUS
100
AcDbLine
 10
93.5761479999999892
 20
-39.2915859999999952
 30
0
 11
93.5761479999999892
 21
-39.4484139999999996
 31
0
  0
LINE
  5
F23
330
1B
100
AcDbEntity
  8
F.Cu
  6
CONTINUOUS
100
AcDbLine
 10
93.5761479999999892
 20
-39.4484139999999996
 30
0
 11
93.5455520000000007
 21
-39.6022279999999967
 31
0
  0
LINE
  5
F24
330
1B
100
AcDbEntity
  8
F.Cu
  6
CONTINUOUS
100
AcDbLine
 10
93.5455520000000007
 20
-39.6022279999999967
 30
0
 11
93.4855369999999937
 21
-39.7471169999999958
 31
0
  0
LINE
  5
F25
330
1B
100
AcDbEntity
  8
F.Cu
  6
CONTINUOUS
100
AcDbLine
 10
93.4855369999999937
 20
-39.7471169999999958
 30
0
 11
93.3984079999999892
 21
-39.8775149999999954
 31
0
  0
LINE
  5
F26
330
1B
100
AcDbEntity
  8
F.Cu
  6
CONTINUOUS
100
AcDbLine
 10
93.3984079999999892
 20
-39.8775149999999954
 30
0
 11
93.2875149999999991
 21
-39.9884079999999997
 31
0
  0
LINE
  5
F27
330
1B
100
AcDbEntity
  8
F.Cu
  6
CONTINUOUS
100
AcDbLine
 10
93.2875149999999991
 20
-39.9884079999999997
 30
0
 11
93.1571169999999995
 21
-40.0755369999999971
 31
0
  0
LINE
  5
F28
330
1B
100
AcDbEntity
  8
F.Cu
  6
CONTINUOUS
100
AcDbLine
 10
93.1571169999999995
 20
-40.0755369999999971
 30
0
 11
93.0122279999999932
 21
-40.135551999999997
 31
0
  0
LINE
  5
F29
330
1B
100
AcDbEntity
  8
F.Cu
  6
CONTINUOUS
100
AcDbLine
 10
93.0122279999999932
 20
-40.135551999999997
 30
0
 11
92.8584139999999962
 21
-40.1661479999999997
 31
0
  0
LINE
  5
F2A
330
1B
100
AcDbEntity
  8
F.Cu
  6
CONTINUOUS
100
AcDbLine
 10
92.8584139999999962
 20
-40.1661479999999997
 30
0
 11
92.7800000000000011
 21
-40.1700000000000017
 31
0
  0
LINE
  5
F2B
330
1B
100
AcDbEntity
  8
F.Cu
  6
CONTINUOUS
100
AcDbLine
 10
92.7800000000000011
 20
-40.1700000000000017
 30
0
 11
91.9799999999999898
 21
-40.1700000000000017
 31
0
  0
LINE
  5
F2C
330
1B
100
AcDbEntity
  8
F.Cu
  6
CONTINUOUS
100
AcDbLine
 10
91.9799999999999898
 20
-40.1700000000000017
 30
0
 11
91.9015859999999947
 21
-40.1661479999999997
 31
0
  0
LINE
  5
F2D
330
1B
100
AcDbEntity
  8
F.Cu
  6
CONTINUOUS
100
AcDbLine
 10
91.9015859999999947
 20
-40.1661479999999997
 30
0
 11
91.7477719999999977
 21
-40.135551999999997
 31
0
  0
LINE
  5
F2E
330
1B
100
AcDbEntity
  8
F.Cu
  6
CONTINUOUS
100
AcDbLine
 10
91.7477719999999977
 20
-40.135551999999997
 30
0
 11
91.6028829999999914
 21
-40.0755369999999971
 31
0
  0
LINE
  5
F2F
330
1B
100
AcDbEntity
  8
F.Cu
  6
CONTINUOUS
100
AcDbLine
 10
91.6028829999999914
 20
-40.0755369999999971
 30
0
 11
91.4724849999999918
 21
-39.9884079999999997
 31
0
  0
LINE
  5
F30
330
1B
100
AcDbEntity
  8
F.Cu
  6
CONTINUOUS
100
AcDbLine
 10
91.4724849999999918
 20
-39.9884079999999997
 30
0
 11
91.3615920000000017
 21
-39.8775149999999954
 31
0
  0
LINE
  5
F31
330
1B
100
AcDbEntity
  8
F.Cu
  6
CONTINUOUS
100
AcDbLine
 10
91.3615920000000017
 20
-39.8775149999999954
 30
0
 11
91.2744629999999972
 21
-39.7471169999999958
 31
0
  0
LINE
  5
F32
330
1B
100
AcDbEntity
  8
F.Cu
  6
CONTINUOUS
100
AcDbLine
 10
91.2744629999999972
 20
-39.7471169999999958
 30
0
 11
91.2144479999999902
 21
-39.6022279999999967
 31
0
  0
LINE
  5
F33
330
1B
100
AcDbEntity
  8
F.Cu
  6
CONTINUOUS
100
AcDbLine
 10
91.2144479999999902
 20
-39.6022279999999967
 30
0
 11
91.1838520000000017
 21
-39.4484139999999996
 31
0
  0
LINE
  5
F34
330
1B
100
AcDbEntity
  8
F.Cu
  6
CONTINUOUS
100
AcDbLine
 10
91.1838520000000017
 20
-39.4484139999999996
 30
0
 11
91.1838520000000017
 21
-39.2915859999999952
 31
0
  0
LINE
  5
F35
330
1B
100
AcDbEntity
  8
F.Cu
  6
CONTINUOUS
100
AcDbLine
 10
91.1838520000000017
 20
-39.2915859999999952
 30
0
 11
91.2144479999999902
 21
-39.1377719999999982
 31
0
  0
LINE
  5
F36
330
1B
100
AcDbEntity
  8
F.Cu
  6
CONTINUOUS
100
AcDbLine
 10
91.2144479999999902
 20
-39.1377719999999982
 30
0
 11
91.2744629999999972
 21
-38.9928829999999991
 31
0
  0
LINE
  5
F37
330
1B
100
AcDbEntity
  8
F.Cu
  6
CONTINUOUS
100
AcDbLine
 10
91.2744629999999972
 20
-38.9928829999999991
 30
0
 11
91.3615920000000017
 21
-38.8624849999999995
 31
0
  0
LINE
  5
F38
330
1B
100
AcDbEntity
  8
F.Cu
  6
CONTINUOUS
100
AcDbLine
 10
91.3615920000000017
 20
-38.8624849999999995
 30
0
 11
91.4724849999999918
 21
-38.7515919999999952
 31
0
  0
LINE
  5
F39
330
1B
100
AcDbEntity
  8
F.Cu
  6
CONTINUOUS
100
AcDbLine
 10
91.4724849999999918
 20
-38.7515919999999952
 30
0
 11
91.6028829999999914
 21
-38.6644629999999978
 31
0
  0
LINE
  5
F3A
330
1B
100
AcDbEntity
  8
F.Cu
  6
CONTINUOUS
100
AcDbLine
 10
91.6028829999999914
 20
-38.6644629999999978
 30
0
 11
91.7477719999999977
 21
-38.6044479999999979
 31
0
  0
LINE
  5
F3B
330
1B
100
AcDbEntity
  8
F.Cu
  6
CONTINUOUS
100
AcDbLine
 10
91.7477719999999977
 20
-38.6044479999999979
 30
0
 11
91.9015859999999947
 21
-38.5738519999999951
 31
0
  0
LINE
  5
F3C
330
1B
100
AcDbEntity
  8
F.Cu
  6
CONTINUOUS
100
AcDbLine
 10
91.9015859999999947
 20
-38.5738519999999951
 30
0
 11
91.9799999999999898
 21
-38.5700000000000003
 31
0
  0
LINE
  5
F3D
330
1B
100
AcDbEntity
  8
F.Cu
  6
CONTINUOUS
100
AcDbLine
 10
91.9799999999999898
 20
-38.5700000000000003
 30
0
 11
92.7800000000000011
 21
-38.5700000000000003
 31
0
  0
LINE
  5
F3E
330
1B
100
AcDbEntity
  8
F.Cu
  6
CONTINUOUS
100
AcDbLine
 10
92.7800000000000011
 20
-38.5700000000000003
 30
0
 11
92.8584139999999962
 21
-38.5738519999999951
 31
0
  0
LINE
  5
F3F
330
1B
100
AcDbEntity
  8
F.Cu
  6
CONTINUOUS
100
AcDbLine
 10
48.0984139999999982
 20
-36.033851999999996
 30
0
 11
48.2522279999999952
 21
-36.0644479999999987
 31
0
  0
LINE
  5
F40
330
1B
100
AcDbEntity
  8
F.Cu
  6
CONTINUOUS
100
AcDbLine
 10
48.2522279999999952
 20
-36.0644479999999987
 30
0
 11
48.3971169999999944
 21
-36.1244629999999987
 31
0
  0
LINE
  5
F41
330
1B
100
AcDbEntity
  8
F.Cu
  6
CONTINUOUS
100
AcDbLine
 10
48.3971169999999944
 20
-36.1244629999999987
 30
0
 11
48.5275150000000011
 21
-36.211591999999996
 31
0
  0
LINE
  5
F42
330
1B
100
AcDbEntity
  8
F.Cu
  6
CONTINUOUS
100
AcDbLine
 10
48.5275150000000011
 20
-36.211591999999996
 30
0
 11
48.6384079999999983
 21
-36.3224850000000004
 31
0
  0
LINE
  5
F43
330
1B
100
AcDbEntity
  8
F.Cu
  6
CONTINUOUS
100
AcDbLine
 10
48.6384079999999983
 20
-36.3224850000000004
 30
0
 11
48.7255369999999957
 21
-36.4528829999999999
 31
0
  0
LINE
  5
F44
330
1B
100
AcDbEntity
  8
F.Cu
  6
CONTINUOUS
100
AcDbLine
 10
48.7255369999999957
 20
-36.4528829999999999
 30
0
 11
48.7855519999999956
 21
-36.5977719999999991
 31
0
  0
LINE
  5
F45
330
1B
100
AcDbEntity
  8
F.Cu
  6
CONTINUOUS
100
AcDbLine
 10
48.7855519999999956
 20
-36.5977719999999991
 30
0
 11
48.8161479999999983
 21
-36.7515859999999961
 31
0
  0
LINE
  5
F46
330
1B
100
AcDbEntity
  8
F.Cu
  6
CONTINUOUS
100
AcDbLine
 10
48.8161479999999983
 20
-36.7515859999999961
 30
0
 11
48.8161479999999983
 21
-36.9084140000000005
 31
0
  0
LINE
  5
F47
330
1B
100
AcDbEntity
  8
F.Cu
  6
CONTINUOUS
100
AcDbLine
 10
48.8161479999999983
 20
-36.9084140000000005
 30
0
 11
48.7855519999999956
 21
-37.0622279999999975
 31
0
  0
LINE
  5
F48
330
1B
100
AcDbEntity
  8
F.Cu
  6
CONTINUOUS
100
AcDbLine
 10
48.7855519999999956
 20
-37.0622279999999975
 30
0
 11
48.7255369999999957
 21
-37.2071169999999967
 31
0
  0
LINE
  5
F49
330
1B
100
AcDbEntity
  8
F.Cu
  6
CONTINUOUS
100
AcDbLine
 10
48.7255369999999957
 20
-37.2071169999999967
 30
0
 11
48.6384079999999983
 21
-37.3375149999999962
 31
0
  0
LINE
  5
F4A
330
1B
100
AcDbEntity
  8
F.Cu
  6
CONTINUOUS
100
AcDbLine
 10
48.6384079999999983
 20
-37.3375149999999962
 30
0
 11
48.5275150000000011
 21
-37.4484080000000006
 31
0
  0
LINE
  5
F4B
330
1B
100
AcDbEntity
  8
F.Cu
  6
CONTINUOUS
100
AcDbLine
 10
48.5275150000000011
 20
-37.4484080000000006
 30
0
 11
48.3971169999999944
 21
-37.5355369999999979
 31
0
  0
LINE
  5
F4C
330
1B
100
AcDbEntity
  8
F.Cu
  6
CONTINUOUS
100
AcDbLine
 10
48.3971169999999944
 20
-37.5355369999999979
 30
0
 11
48.2522279999999952
 21
-37.5955519999999979
 31
0
  0
LINE
  5
F4D
330
1B
100
AcDbEntity
  8
F.Cu
  6
CONTINUOUS
100
AcDbLine
 10
48.2522279999999952
 20
-37.5955519999999979
 30
0
 11
48.0984139999999982
 21
-37.6261480000000006
 31
0
  0
LINE
  5
F4E
330
1B
100
AcDbEntity
  8
F.Cu
  6
CONTINUOUS
100
AcDbLine
 10
48.0984139999999982
 20
-37.6261480000000006
 30
0
 11
48.019999999999996
 21
-37.6299999999999955
 31
0
  0
LINE
  5
F4F
330
1B
100
AcDbEntity
  8
F.Cu
  6
CONTINUOUS
100
AcDbLine
 10
48.019999999999996
 20
-37.6299999999999955
 30
0
 11
47.2199999999999989
 21
-37.6299999999999955
 31
0
  0
LINE
  5
F50
330
1B
100
AcDbEntity
  8
F.Cu
  6
CONTINUOUS
100
AcDbLine
 10
47.2199999999999989
 20
-37.6299999999999955
 30
0
 11
47.1415859999999967
 21
-37.6261480000000006
 31
0
  0
LINE
  5
F51
330
1B
100
AcDbEntity
  8
F.Cu
  6
CONTINUOUS
100
AcDbLine
 10
47.1415859999999967
 20
-37.6261480000000006
 30
0
 11
46.9877719999999997
 21
-37.5955519999999979
 31
0
  0
LINE
  5
F52
330
1B
100
AcDbEntity
  8
F.Cu
  6
CONTINUOUS
100
AcDbLine
 10
46.9877719999999997
 20
-37.5955519999999979
 30
0
 11
46.8428830000000005
 21
-37.5355369999999979
 31
0
  0
LINE
  5
F53
330
1B
100
AcDbEntity
  8
F.Cu
  6
CONTINUOUS
100
AcDbLine
 10
46.8428830000000005
 20
-37.5355369999999979
 30
0
 11
46.7124850000000009
 21
-37.4484080000000006
 31
0
  0
LINE
  5
F54
330
1B
100
AcDbEntity
  8
F.Cu
  6
CONTINUOUS
100
AcDbLine
 10
46.7124850000000009
 20
-37.4484080000000006
 30
0
 11
46.6015919999999966
 21
-37.3375149999999962
 31
0
  0
LINE
  5
F55
330
1B
100
AcDbEntity
  8
F.Cu
  6
CONTINUOUS
100
AcDbLine
 10
46.6015919999999966
 20
-37.3375149999999962
 30
0
 11
46.5144629999999992
 21
-37.2071169999999967
 31
0
  0
LINE
  5
F56
330
1B
100
AcDbEntity
  8
F.Cu
  6
CONTINUOUS
100
AcDbLine
 10
46.5144629999999992
 20
-37.2071169999999967
 30
0
 11
46.4544479999999993
 21
-37.0622279999999975
 31
0
  0
LINE
  5
F57
330
1B
100
AcDbEntity
  8
F.Cu
  6
CONTINUOUS
100
AcDbLine
 10
46.4544479999999993
 20
-37.0622279999999975
 30
0
 11
46.4238519999999966
 21
-36.9084140000000005
 31
0
  0
LINE
  5
F58
330
1B
100
AcDbEntity
  8
F.Cu
  6
CONTINUOUS
100
AcDbLine
 10
46.4238519999999966
 20
-36.9084140000000005
 30
0
 11
46.4238519999999966
 21
-36.7515859999999961
 31
0
  0
LINE
  5
F59
330
1B
100
AcDbEntity
  8
F.Cu
  6
CONTINUOUS
100
AcDbLine
 10
46.4238519999999966
 20
-36.7515859999999961
 30
0
 11
46.4544479999999993
 21
-36.5977719999999991
 31
0
  0
LINE
  5
F5A
330
1B
100
AcDbEntity
  8
F.Cu
  6
CONTINUOUS
100
AcDbLine
 10
46.4544479999999993
 20
-36.5977719999999991
 30
0
 11
46.5144629999999992
 21
-36.4528829999999999
 31
0
  0
LINE
  5
F5B
330
1B
100
AcDbEntity
  8
F.Cu
  6
CONTINUOUS
100
AcDbLine
 10
46.5144629999999992
 20
-36.4528829999999999
 30
0
 11
46.6015919999999966
 21
-36.3224850000000004
 31
0
  0
LINE
  5
F5C
330
1B
100
AcDbEntity
  8
F.Cu
  6
CONTINUOUS
100
AcDbLine
 10
46.6015919999999966
 20
-36.3224850000000004
 30
0
 11
46.7124850000000009
 21
-36.211591999999996
 31
0
  0
LINE
  5
F5D
330
1B
100
AcDbEntity
  8
F.Cu
  6
CONTINUOUS
100
AcDbLine
 10
46.7124850000000009
 20
-36.211591999999996
 30
0
 11
46.8428830000000005
 21
-36.1244629999999987
 31
0
  0
LINE
  5
F5E
330
1B
100
AcDbEntity
  8
F.Cu
  6
CONTINUOUS
100
AcDbLine
 10
46.8428830000000005
 20
-36.1244629999999987
 30
0
 11
46.9877719999999997
 21
-36.0644479999999987
 31
0
  0
LINE
  5
F5F
330
1B
100
AcDbEntity
  8
F.Cu
  6
CONTINUOUS
100
AcDbLine
 10
46.9877719999999997
 20
-36.0644479999999987
 30
0
 11
47.1415859999999967
 21
-36.033851999999996
 31
0
  0
LINE
  5
F60
330
1B
100
AcDbEntity
  8
F.Cu
  6
CONTINUOUS
100
AcDbLine
 10
47.1415859999999967
 20
-36.033851999999996
 30
0
 11
47.2199999999999989
 21
-36.0300000000000011
 31
0
  0
LINE
  5
F61
330
1B
100
AcDbEntity
  8
F.Cu
  6
CONTINUOUS
100
AcDbLine
 10
47.2199999999999989
 20
-36.0300000000000011
 30
0
 11
48.019999999999996
 21
-36.0300000000000011
 31
0
  0
LINE
  5
F62
330
1B
100
AcDbEntity
  8
F.Cu
  6
CONTINUOUS
100
AcDbLine
 10
48.019999999999996
 20
-36.0300000000000011
 30
0
 11
48.0984139999999982
 21
-36.033851999999996
 31
0
  0
LINE
  5
F63
330
1B
100
AcDbEntity
  8
F.Cu
  6
CONTINUOUS
100
AcDbLine
 10
55.7184139999999957
 20
-36.033851999999996
 30
0
 11
55.8722279999999998
 21
-36.0644479999999987
 31
0
  0
LINE
  5
F64
330
1B
100
AcDbEntity
  8
F.Cu
  6
CONTINUOUS
100
AcDbLine
 10
55.8722279999999998
 20
-36.0644479999999987
 30
0
 11
56.0171169999999989
 21
-36.1244629999999987
 31
0
  0
LINE
  5
F65
330
1B
100
AcDbEntity
  8
F.Cu
  6
CONTINUOUS
100
AcDbLine
 10
56.0171169999999989
 20
-36.1244629999999987
 30
0
 11
56.1475149999999985
 21
-36.211591999999996
 31
0
  0
LINE
  5
F66
330
1B
100
AcDbEntity
  8
F.Cu
  6
CONTINUOUS
100
AcDbLine
 10
56.1475149999999985
 20
-36.211591999999996
 30
0
 11
56.2584079999999958
 21
-36.3224850000000004
 31
0
  0
LINE
  5
F67
330
1B
100
AcDbEntity
  8
F.Cu
  6
CONTINUOUS
100
AcDbLine
 10
56.2584079999999958
 20
-36.3224850000000004
 30
0
 11
56.3455370000000002
 21
-36.4528829999999999
 31
0
  0
LINE
  5
F68
330
1B
100
AcDbEntity
  8
F.Cu
  6
CONTINUOUS
100
AcDbLine
 10
56.3455370000000002
 20
-36.4528829999999999
 30
0
 11
56.4055520000000001
 21
-36.5977719999999991
 31
0
  0
LINE
  5
F69
330
1B
100
AcDbEntity
  8
F.Cu
  6
CONTINUOUS
100
AcDbLine
 10
56.4055520000000001
 20
-36.5977719999999991
 30
0
 11
56.4361479999999958
 21
-36.7515859999999961
 31
0
  0
LINE
  5
F6A
330
1B
100
AcDbEntity
  8
F.Cu
  6
CONTINUOUS
100
AcDbLine
 10
56.4361479999999958
 20
-36.7515859999999961
 30
0
 11
56.4361479999999958
 21
-36.9084140000000005
 31
0
  0
LINE
  5
F6B
330
1B
100
AcDbEntity
  8
F.Cu
  6
CONTINUOUS
100
AcDbLine
 10
56.4361479999999958
 20
-36.9084140000000005
 30
0
 11
56.4055520000000001
 21
-37.0622279999999975
 31
0
  0
LINE
  5
F6C
330
1B
100
AcDbEntity
  8
F.Cu
  6
CONTINUOUS
100
AcDbLine
 10
56.4055520000000001
 20
-37.0622279999999975
 30
0
 11
56.3455370000000002
 21
-37.2071169999999967
 31
0
  0
LINE
  5
F6D
330
1B
100
AcDbEntity
  8
F.Cu
  6
CONTINUOUS
100
AcDbLine
 10
56.3455370000000002
 20
-37.2071169999999967
 30
0
 11
56.2584079999999958
 21
-37.3375149999999962
 31
0
  0
LINE
  5
F6E
330
1B
100
AcDbEntity
  8
F.Cu
  6
CONTINUOUS
100
AcDbLine
 10
56.2584079999999958
 20
-37.3375149999999962
 30
0
 11
56.1475149999999985
 21
-37.4484080000000006
 31
0
  0
LINE
  5
F6F
330
1B
100
AcDbEntity
  8
F.Cu
  6
CONTINUOUS
100
AcDbLine
 10
56.1475149999999985
 20
-37.4484080000000006
 30
0
 11
56.0171169999999989
 21
-37.5355369999999979
 31
0
  0
LINE
  5
F70
330
1B
100
AcDbEntity
  8
F.Cu
  6
CONTINUOUS
100
AcDbLine
 10
56.0171169999999989
 20
-37.5355369999999979
 30
0
 11
55.8722279999999998
 21
-37.5955519999999979
 31
0
  0
LINE
  5
F71
330
1B
100
AcDbEntity
  8
F.Cu
  6
CONTINUOUS
100
AcDbLine
 10
55.8722279999999998
 20
-37.5955519999999979
 30
0
 11
55.7184139999999957
 21
-37.6261480000000006
 31
0
  0
LINE
  5
F72
330
1B
100
AcDbEntity
  8
F.Cu
  6
CONTINUOUS
100
AcDbLine
 10
55.7184139999999957
 20
-37.6261480000000006
 30
0
 11
55.6400000000000006
 21
-37.6299999999999955
 31
0
  0
LINE
  5
F73
330
1B
100
AcDbEntity
  8
F.Cu
  6
CONTINUOUS
100
AcDbLine
 10
55.6400000000000006
 20
-37.6299999999999955
 30
0
 11
54.8399999999999963
 21
-37.6299999999999955
 31
0
  0
LINE
  5
F74
330
1B
100
AcDbEntity
  8
F.Cu
  6
CONTINUOUS
100
AcDbLine
 10
54.8399999999999963
 20
-37.6299999999999955
 30
0
 11
54.7615859999999941
 21
-37.6261480000000006
 31
0
  0
LINE
  5
F75
330
1B
100
AcDbEntity
  8
F.Cu
  6
CONTINUOUS
100
AcDbLine
 10
54.7615859999999941
 20
-37.6261480000000006
 30
0
 11
54.6077719999999971
 21
-37.5955519999999979
 31
0
  0
LINE
  5
F76
330
1B
100
AcDbEntity
  8
F.Cu
  6
CONTINUOUS
100
AcDbLine
 10
54.6077719999999971
 20
-37.5955519999999979
 30
0
 11
54.4628829999999979
 21
-37.5355369999999979
 31
0
  0
LINE
  5
F77
330
1B
100
AcDbEntity
  8
F.Cu
  6
CONTINUOUS
100
AcDbLine
 10
54.4628829999999979
 20
-37.5355369999999979
 30
0
 11
54.3324849999999984
 21
-37.4484080000000006
 31
0
  0
LINE
  5
F78
330
1B
100
AcDbEntity
  8
F.Cu
  6
CONTINUOUS
100
AcDbLine
 10
54.3324849999999984
 20
-37.4484080000000006
 30
0
 11
54.221591999999994
 21
-37.3375149999999962
 31
0
  0
LINE
  5
F79
330
1B
100
AcDbEntity
  8
F.Cu
  6
CONTINUOUS
100
AcDbLine
 10
54.221591999999994
 20
-37.3375149999999962
 30
0
 11
54.1344629999999967
 21
-37.2071169999999967
 31
0
  0
LINE
  5
F7A
330
1B
100
AcDbEntity
  8
F.Cu
  6
CONTINUOUS
100
AcDbLine
 10
54.1344629999999967
 20
-37.2071169999999967
 30
0
 11
54.0744479999999967
 21
-37.0622279999999975
 31
0
  0
LINE
  5
F7B
330
1B
100
AcDbEntity
  8
F.Cu
  6
CONTINUOUS
100
AcDbLine
 10
54.0744479999999967
 20
-37.0622279999999975
 30
0
 11
54.043851999999994
 21
-36.9084140000000005
 31
0
  0
LINE
  5
F7C
330
1B
100
AcDbEntity
  8
F.Cu
  6
CONTINUOUS
100
AcDbLine
 10
54.043851999999994
 20
-36.9084140000000005
 30
0
 11
54.043851999999994
 21
-36.7515859999999961
 31
0
  0
LINE
  5
F7D
330
1B
100
AcDbEntity
  8
F.Cu
  6
CONTINUOUS
100
AcDbLine
 10
54.043851999999994
 20
-36.7515859999999961
 30
0
 11
54.0744479999999967
 21
-36.5977719999999991
 31
0
  0
LINE
  5
F7E
330
1B
100
AcDbEntity
  8
F.Cu
  6
CONTINUOUS
100
AcDbLine
 10
54.0744479999999967
 20
-36.5977719999999991
 30
0
 11
54.1344629999999967
 21
-36.4528829999999999
 31
0
  0
LINE
  5
F7F
330
1B
100
AcDbEntity
  8
F.Cu
  6
CONTINUOUS
100
AcDbLine
 10
54.1344629999999967
 20
-36.4528829999999999
 30
0
 11
54.221591999999994
 21
-36.3224850000000004
 31
0
  0
LINE
  5
F80
330
1B
100
AcDbEntity
  8
F.Cu
  6
CONTINUOUS
100
AcDbLine
 10
54.221591999999994
 20
-36.3224850000000004
 30
0
 11
54.3324849999999984
 21
-36.211591999999996
 31
0
  0
LINE
  5
F81
330
1B
100
AcDbEntity
  8
F.Cu
  6
CONTINUOUS
100
AcDbLine
 10
54.3324849999999984
 20
-36.211591999999996
 30
0
 11
54.4628829999999979
 21
-36.1244629999999987
 31
0
  0
LINE
  5
F82
330
1B
100
AcDbEntity
  8
F.Cu
  6
CONTINUOUS
100
AcDbLine
 10
54.4628829999999979
 20
-36.1244629999999987
 30
0
 11
54.6077719999999971
 21
-36.0644479999999987
 31
0
  0
LINE
  5
F83
330
1B
100
AcDbEntity
  8
F.Cu
  6
CONTINUOUS
100
AcDbLine
 10
54.6077719999999971
 20
-36.0644479999999987
 30
0
 11
54.7615859999999941
 21
-36.033851999999996
 31
0
  0
LINE
  5
F84
330
1B
100
AcDbEntity
  8
F.Cu
  6
CONTINUOUS
100
AcDbLine
 10
54.7615859999999941
 20
-36.033851999999996
 30
0
 11
54.8399999999999963
 21
-36.0300000000000011
 31
0
  0
LINE
  5
F85
330
1B
100
AcDbEntity
  8
F.Cu
  6
CONTINUOUS
100
AcDbLine
 10
54.8399999999999963
 20
-36.0300000000000011
 30
0
 11
55.6400000000000006
 21
-36.0300000000000011
 31
0
  0
LINE
  5
F86
330
1B
100
AcDbEntity
  8
F.Cu
  6
CONTINUOUS
100
AcDbLine
 10
55.6400000000000006
 20
-36.0300000000000011
 30
0
 11
55.7184139999999957
 21
-36.033851999999996
 31
0
  0
LINE
  5
F87
330
1B
100
AcDbEntity
  8
F.Cu
  6
CONTINUOUS
100
AcDbLine
 10
85.2384139999999917
 20
-36.033851999999996
 30
0
 11
85.3922280000000029
 21
-36.0644479999999987
 31
0
  0
LINE
  5
F88
330
1B
100
AcDbEntity
  8
F.Cu
  6
CONTINUOUS
100
AcDbLine
 10
85.3922280000000029
 20
-36.0644479999999987
 30
0
 11
85.537116999999995
 21
-36.1244629999999987
 31
0
  0
LINE
  5
F89
330
1B
100
AcDbEntity
  8
F.Cu
  6
CONTINUOUS
100
AcDbLine
 10
85.537116999999995
 20
-36.1244629999999987
 30
0
 11
85.6675149999999945
 21
-36.211591999999996
 31
0
  0
LINE
  5
F8A
330
1B
100
AcDbEntity
  8
F.Cu
  6
CONTINUOUS
100
AcDbLine
 10
85.6675149999999945
 20
-36.211591999999996
 30
0
 11
85.7784079999999989
 21
-36.3224850000000004
 31
0
  0
LINE
  5
F8B
330
1B
100
AcDbEntity
  8
F.Cu
  6
CONTINUOUS
100
AcDbLine
 10
85.7784079999999989
 20
-36.3224850000000004
 30
0
 11
85.8655369999999891
 21
-36.4528829999999999
 31
0
  0
LINE
  5
F8C
330
1B
100
AcDbEntity
  8
F.Cu
  6
CONTINUOUS
100
AcDbLine
 10
85.8655369999999891
 20
-36.4528829999999999
 30
0
 11
85.9255519999999962
 21
-36.5977719999999991
 31
0
  0
LINE
  5
F8D
330
1B
100
AcDbEntity
  8
F.Cu
  6
CONTINUOUS
100
AcDbLine
 10
85.9255519999999962
 20
-36.5977719999999991
 30
0
 11
85.9561479999999989
 21
-36.7515859999999961
 31
0
  0
LINE
  5
F8E
330
1B
100
AcDbEntity
  8
F.Cu
  6
CONTINUOUS
100
AcDbLine
 10
85.9561479999999989
 20
-36.7515859999999961
 30
0
 11
85.9561479999999989
 21
-36.9084140000000005
 31
0
  0
LINE
  5
F8F
330
1B
100
AcDbEntity
  8
F.Cu
  6
CONTINUOUS
100
AcDbLine
 10
85.9561479999999989
 20
-36.9084140000000005
 30
0
 11
85.9255519999999962
 21
-37.0622279999999975
 31
0
  0
LINE
  5
F90
330
1B
100
AcDbEntity
  8
F.Cu
  6
CONTINUOUS
100
AcDbLine
 10
85.9255519999999962
 20
-37.0622279999999975
 30
0
 11
85.8655369999999891
 21
-37.2071169999999967
 31
0
  0
LINE
  5
F91
330
1B
100
AcDbEntity
  8
F.Cu
  6
CONTINUOUS
100
AcDbLine
 10
85.8655369999999891
 20
-37.2071169999999967
 30
0
 11
85.7784079999999989
 21
-37.3375149999999962
 31
0
  0
LINE
  5
F92
330
1B
100
AcDbEntity
  8
F.Cu
  6
CONTINUOUS
100
AcDbLine
 10
85.7784079999999989
 20
-37.3375149999999962
 30
0
 11
85.6675149999999945
 21
-37.4484080000000006
 31
0
  0
LINE
  5
F93
330
1B
100
AcDbEntity
  8
F.Cu
  6
CONTINUOUS
100
AcDbLine
 10
85.6675149999999945
 20
-37.4484080000000006
 30
0
 11
85.537116999999995
 21
-37.5355369999999979
 31
0
  0
LINE
  5
F94
330
1B
100
AcDbEntity
  8
F.Cu
  6
CONTINUOUS
100
AcDbLine
 10
85.537116999999995
 20
-37.5355369999999979
 30
0
 11
85.3922280000000029
 21
-37.5955519999999979
 31
0
  0
LINE
  5
F95
330
1B
100
AcDbEntity
  8
F.Cu
  6
CONTINUOUS
100
AcDbLine
 10
85.3922280000000029
 20
-37.5955519999999979
 30
0
 11
85.2384139999999917
 21
-37.6261480000000006
 31
0
  0
LINE
  5
F96
330
1B
100
AcDbEntity
  8
F.Cu
  6
CONTINUOUS
100
AcDbLine
 10
85.2384139999999917
 20
-37.6261480000000006
 30
0
 11
85.1599999999999966
 21
-37.6299999999999955
 31
0
  0
LINE
  5
F97
330
1B
100
AcDbEntity
  8
F.Cu
  6
CONTINUOUS
100
AcDbLine
 10
85.1599999999999966
 20
-37.6299999999999955
 30
0
 11
84.3599999999999994
 21
-37.6299999999999955
 31
0
  0
LINE
  5
F98
330
1B
100
AcDbEntity
  8
F.Cu
  6
CONTINUOUS
100
AcDbLine
 10
84.3599999999999994
 20
-37.6299999999999955
 30
0
 11
84.2815859999999901
 21
-37.6261480000000006
 31
0
  0
LINE
  5
F99
330
1B
100
AcDbEntity
  8
F.Cu
  6
CONTINUOUS
100
AcDbLine
 10
84.2815859999999901
 20
-37.6261480000000006
 30
0
 11
84.1277719999999931
 21
-37.5955519999999979
 31
0
  0
LINE
  5
F9A
330
1B
100
AcDbEntity
  8
F.Cu
  6
CONTINUOUS
100
AcDbLine
 10
84.1277719999999931
 20
-37.5955519999999979
 30
0
 11
83.9828830000000011
 21
-37.5355369999999979
 31
0
  0
LINE
  5
F9B
330
1B
100
AcDbEntity
  8
F.Cu
  6
CONTINUOUS
100
AcDbLine
 10
83.9828830000000011
 20
-37.5355369999999979
 30
0
 11
83.8524850000000015
 21
-37.4484080000000006
 31
0
  0
LINE
  5
F9C
330
1B
100
AcDbEntity
  8
F.Cu
  6
CONTINUOUS
100
AcDbLine
 10
83.8524850000000015
 20
-37.4484080000000006
 30
0
 11
83.7415919999999971
 21
-37.3375149999999962
 31
0
  0
LINE
  5
F9D
330
1B
100
AcDbEntity
  8
F.Cu
  6
CONTINUOUS
100
AcDbLine
 10
83.7415919999999971
 20
-37.3375149999999962
 30
0
 11
83.6544629999999927
 21
-37.2071169999999967
 31
0
  0
LINE
  5
F9E
330
1B
100
AcDbEntity
  8
F.Cu
  6
CONTINUOUS
100
AcDbLine
 10
83.6544629999999927
 20
-37.2071169999999967
 30
0
 11
83.5944479999999999
 21
-37.0622279999999975
 31
0
  0
LINE
  5
F9F
330
1B
100
AcDbEntity
  8
F.Cu
  6
CONTINUOUS
100
AcDbLine
 10
83.5944479999999999
 20
-37.0622279999999975
 30
0
 11
83.5638519999999971
 21
-36.9084140000000005
 31
0
  0
LINE
  5
FA0
330
1B
100
AcDbEntity
  8
F.Cu
  6
CONTINUOUS
100
AcDbLine
 10
83.5638519999999971
 20
-36.9084140000000005
 30
0
 11
83.5638519999999971
 21
-36.7515859999999961
 31
0
  0
LINE
  5
FA1
330
1B
100
AcDbEntity
  8
F.Cu
  6
CONTINUOUS
100
AcDbLine
 10
83.5638519999999971
 20
-36.7515859999999961
 30
0
 11
83.5944479999999999
 21
-36.5977719999999991
 31
0
  0
LINE
  5
FA2
330
1B
100
AcDbEntity
  8
F.Cu
  6
CONTINUOUS
100
AcDbLine
 10
83.5944479999999999
 20
-36.5977719999999991
 30
0
 11
83.6544629999999927
 21
-36.4528829999999999
 31
0
  0
LINE
  5
FA3
330
1B
100
AcDbEntity
  8
F.Cu
  6
CONTINUOUS
100
AcDbLine
 10
83.6544629999999927
 20
-36.4528829999999999
 30
0
 11
83.7415919999999971
 21
-36.3224850000000004
 31
0
  0
LINE
  5
FA4
330
1B
100
AcDbEntity
  8
F.Cu
  6
CONTINUOUS
100
AcDbLine
 10
83.7415919999999971
 20
-36.3224850000000004
 30
0
 11
83.8524850000000015
 21
-36.211591999999996
 31
0
  0
LINE
  5
FA5
330
1B
100
AcDbEntity
  8
F.Cu
  6
CONTINUOUS
100
AcDbLine
 10
83.8524850000000015
 20
-36.211591999999996
 30
0
 11
83.9828830000000011
 21
-36.1244629999999987
 31
0
  0
LINE
  5
FA6
330
1B
100
AcDbEntity
  8
F.Cu
  6
CONTINUOUS
100
AcDbLine
 10
83.9828830000000011
 20
-36.1244629999999987
 30
0
 11
84.1277719999999931
 21
-36.0644479999999987
 31
0
  0
LINE
  5
FA7
330
1B
100
AcDbEntity
  8
F.Cu
  6
CONTINUOUS
100
AcDbLine
 10
84.1277719999999931
 20
-36.0644479999999987
 30
0
 11
84.2815859999999901
 21
-36.033851999999996
 31
0
  0
LINE
  5
FA8
330
1B
100
AcDbEntity
  8
F.Cu
  6
CONTINUOUS
100
AcDbLine
 10
84.2815859999999901
 20
-36.033851999999996
 30
0
 11
84.3599999999999994
 21
-36.0300000000000011
 31
0
  0
LINE
  5
FA9
330
1B
100
AcDbEntity
  8
F.Cu
  6
CONTINUOUS
100
AcDbLine
 10
84.3599999999999994
 20
-36.0300000000000011
 30
0
 11
85.1599999999999966
 21
-36.0300000000000011
 31
0
  0
LINE
  5
FAA
330
1B
100
AcDbEntity
  8
F.Cu
  6
CONTINUOUS
100
AcDbLine
 10
85.1599999999999966
 20
-36.0300000000000011
 30
0
 11
85.2384139999999917
 21
-36.033851999999996
 31
0
  0
LINE
  5
FAB
330
1B
100
AcDbEntity
  8
F.Cu
  6
CONTINUOUS
100
AcDbLine
 10
92.8584139999999962
 20
-36.033851999999996
 30
0
 11
93.0122279999999932
 21
-36.0644479999999987
 31
0
  0
LINE
  5
FAC
330
1B
100
AcDbEntity
  8
F.Cu
  6
CONTINUOUS
100
AcDbLine
 10
93.0122279999999932
 20
-36.0644479999999987
 30
0
 11
93.1571169999999995
 21
-36.1244629999999987
 31
0
  0
LINE
  5
FAD
330
1B
100
AcDbEntity
  8
F.Cu
  6
CONTINUOUS
100
AcDbLine
 10
93.1571169999999995
 20
-36.1244629999999987
 30
0
 11
93.2875149999999991
 21
-36.211591999999996
 31
0
  0
LINE
  5
FAE
330
1B
100
AcDbEntity
  8
F.Cu
  6
CONTINUOUS
100
AcDbLine
 10
93.2875149999999991
 20
-36.211591999999996
 30
0
 11
93.3984079999999892
 21
-36.3224850000000004
 31
0
  0
LINE
  5
FAF
330
1B
100
AcDbEntity
  8
F.Cu
  6
CONTINUOUS
100
AcDbLine
 10
93.3984079999999892
 20
-36.3224850000000004
 30
0
 11
93.4855369999999937
 21
-36.4528829999999999
 31
0
  0
LINE
  5
FB0
330
1B
100
AcDbEntity
  8
F.Cu
  6
CONTINUOUS
100
AcDbLine
 10
93.4855369999999937
 20
-36.4528829999999999
 30
0
 11
93.5455520000000007
 21
-36.5977719999999991
 31
0
  0
LINE
  5
FB1
330
1B
100
AcDbEntity
  8
F.Cu
  6
CONTINUOUS
100
AcDbLine
 10
93.5455520000000007
 20
-36.5977719999999991
 30
0
 11
93.5761479999999892
 21
-36.7515859999999961
 31
0
  0
LINE
  5
FB2
330
1B
100
AcDbEntity
  8
F.Cu
  6
CONTINUOUS
100
AcDbLine
 10
93.5761479999999892
 20
-36.7515859999999961
 30
0
 11
93.5761479999999892
 21
-36.9084140000000005
 31
0
  0
LINE
  5
FB3
330
1B
100
AcDbEntity
  8
F.Cu
  6
CONTINUOUS
100
AcDbLine
 10
93.5761479999999892
 20
-36.9084140000000005
 30
0
 11
93.5455520000000007
 21
-37.0622279999999975
 31
0
  0
LINE
  5
FB4
330
1B
100
AcDbEntity
  8
F.Cu
  6
CONTINUOUS
100
AcDbLine
 10
93.5455520000000007
 20
-37.0622279999999975
 30
0
 11
93.4855369999999937
 21
-37.2071169999999967
 31
0
  0
LINE
  5
FB5
330
1B
100
AcDbEntity
  8
F.Cu
  6
CONTINUOUS
100
AcDbLine
 10
93.4855369999999937
 20
-37.2071169999999967
 30
0
 11
93.3984079999999892
 21
-37.3375149999999962
 31
0
  0
LINE
  5
FB6
330
1B
100
AcDbEntity
  8
F.Cu
  6
CONTINUOUS
100
AcDbLine
 10
93.3984079999999892
 20
-37.3375149999999962
 30
0
 11
93.2875149999999991
 21
-37.4484080000000006
 31
0
  0
LINE
  5
FB7
330
1B
100
AcDbEntity
  8
F.Cu
  6
CONTINUOUS
100
AcDbLine
 10
93.2875149999999991
 20
-37.4484080000000006
 30
0
 11
93.1571169999999995
 21
-37.5355369999999979
 31
0
  0
LINE
  5
FB8
330
1B
100
AcDbEntity
  8
F.Cu
  6
CONTINUOUS
100
AcDbLine
 10
93.1571169999999995
 20
-37.5355369999999979
 30
0
 11
93.0122279999999932
 21
-37.5955519999999979
 31
0
  0
LINE
  5
FB9
330
1B
100
AcDbEntity
  8
F.Cu
  6
CONTINUOUS
100
AcDbLine
 10
93.0122279999999932
 20
-37.5955519999999979
 30
0
 11
92.8584139999999962
 21
-37.6261480000000006
 31
0
  0
LINE
  5
FBA
330
1B
100
AcDbEntity
  8
F.Cu
  6
CONTINUOUS
100
AcDbLine
 10
92.8584139999999962
 20
-37.6261480000000006
 30
0
 11
92.7800000000000011
 21
-37.6299999999999955
 31
0
  0
LINE
  5
FBB
330
1B
100
AcDbEntity
  8
F.Cu
  6
CONTINUOUS
100
AcDbLine
 10
92.7800000000000011
 20
-37.6299999999999955
 30
0
 11
91.9799999999999898
 21
-37.6299999999999955
 31
0
  0
LINE
  5
FBC
330
1B
100
AcDbEntity
  8
F.Cu
  6
CONTINUOUS
100
AcDbLine
 10
91.9799999999999898
 20
-37.6299999999999955
 30
0
 11
91.9015859999999947
 21
-37.6261480000000006
 31
0
  0
LINE
  5
FBD
330
1B
100
AcDbEntity
  8
F.Cu
  6
CONTINUOUS
100
AcDbLine
 10
91.9015859999999947
 20
-37.6261480000000006
 30
0
 11
91.7477719999999977
 21
-37.5955519999999979
 31
0
  0
LINE
  5
FBE
330
1B
100
AcDbEntity
  8
F.Cu
  6
CONTINUOUS
100
AcDbLine
 10
91.7477719999999977
 20
-37.5955519999999979
 30
0
 11
91.6028829999999914
 21
-37.5355369999999979
 31
0
  0
LINE
  5
FBF
330
1B
100
AcDbEntity
  8
F.Cu
  6
CONTINUOUS
100
AcDbLine
 10
91.6028829999999914
 20
-37.5355369999999979
 30
0
 11
91.4724849999999918
 21
-37.4484080000000006
 31
0
  0
LINE
  5
FC0
330
1B
100
AcDbEntity
  8
F.Cu
  6
CONTINUOUS
100
AcDbLine
 10
91.4724849999999918
 20
-37.4484080000000006
 30
0
 11
91.3615920000000017
 21
-37.3375149999999962
 31
0
  0
LINE
  5
FC1
330
1B
100
AcDbEntity
  8
F.Cu
  6
CONTINUOUS
100
AcDbLine
 10
91.3615920000000017
 20
-37.3375149999999962
 30
0
 11
91.2744629999999972
 21
-37.2071169999999967
 31
0
  0
LINE
  5
FC2
330
1B
100
AcDbEntity
  8
F.Cu
  6
CONTINUOUS
100
AcDbLine
 10
91.2744629999999972
 20
-37.2071169999999967
 30
0
 11
91.2144479999999902
 21
-37.0622279999999975
 31
0
  0
LINE
  5
FC3
330
1B
100
AcDbEntity
  8
F.Cu
  6
CONTINUOUS
100
AcDbLine
 10
91.2144479999999902
 20
-37.0622279999999975
 30
0
 11
91.1838520000000017
 21
-36.9084140000000005
 31
0
  0
LINE
  5
FC4
330
1B
100
AcDbEntity
  8
F.Cu
  6
CONTINUOUS
100
AcDbLine
 10
91.1838520000000017
 20
-36.9084140000000005
 30
0
 11
91.1838520000000017
 21
-36.7515859999999961
 31
0
  0
LINE
  5
FC5
330
1B
100
AcDbEntity
  8
F.Cu
  6
CONTINUOUS
100
AcDbLine
 10
91.1838520000000017
 20
-36.7515859999999961
 30
0
 11
91.2144479999999902
 21
-36.5977719999999991
 31
0
  0
LINE
  5
FC6
330
1B
100
AcDbEntity
  8
F.Cu
  6
CONTINUOUS
100
AcDbLine
 10
91.2144479999999902
 20
-36.5977719999999991
 30
0
 11
91.2744629999999972
 21
-36.4528829999999999
 31
0
  0
LINE
  5
FC7
330
1B
100
AcDbEntity
  8
F.Cu
  6
CONTINUOUS
100
AcDbLine
 10
91.2744629999999972
 20
-36.4528829999999999
 30
0
 11
91.3615920000000017
 21
-36.3224850000000004
 31
0
  0
LINE
  5
FC8
330
1B
100
AcDbEntity
  8
F.Cu
  6
CONTINUOUS
100
AcDbLine
 10
91.3615920000000017
 20
-36.3224850000000004
 30
0
 11
91.4724849999999918
 21
-36.211591999999996
 31
0
  0
LINE
  5
FC9
330
1B
100
AcDbEntity
  8
F.Cu
  6
CONTINUOUS
100
AcDbLine
 10
91.4724849999999918
 20
-36.211591999999996
 30
0
 11
91.6028829999999914
 21
-36.1244629999999987
 31
0
  0
LINE
  5
FCA
330
1B
100
AcDbEntity
  8
F.Cu
  6
CONTINUOUS
100
AcDbLine
 10
91.6028829999999914
 20
-36.1244629999999987
 30
0
 11
91.7477719999999977
 21
-36.0644479999999987
 31
0
  0
LINE
  5
FCB
330
1B
100
AcDbEntity
  8
F.Cu
  6
CONTINUOUS
100
AcDbLine
 10
91.7477719999999977
 20
-36.0644479999999987
 30
0
 11
91.9015859999999947
 21
-36.033851999999996
 31
0
  0
LINE
  5
FCC
330
1B
100
AcDbEntity
  8
F.Cu
  6
CONTINUOUS
100
AcDbLine
 10
91.9015859999999947
 20
-36.033851999999996
 30
0
 11
91.9799999999999898
 21
-36.0300000000000011
 31
0
  0
LINE
  5
FCD
330
1B
100
AcDbEntity
  8
F.Cu
  6
CONTINUOUS
100
AcDbLine
 10
91.9799999999999898
 20
-36.0300000000000011
 30
0
 11
92.7800000000000011
 21
-36.0300000000000011
 31
0
  0
LINE
  5
FCE
330
1B
100
AcDbEntity
  8
F.Cu
  6
CONTINUOUS
100
AcDbLine
 10
92.7800000000000011
 20
-36.0300000000000011
 30
0
 11
92.8584139999999962
 21
-36.033851999999996
 31
0
  0
LINE
  5
FCF
330
1B
100
AcDbEntity
  8
F.Cu
  6
CONTINUOUS
100
AcDbLine
 10
48.0984139999999982
 20
-33.4938519999999968
 30
0
 11
48.2522279999999952
 21
-33.5244479999999996
 31
0
  0
LINE
  5
FD0
330
1B
100
AcDbEntity
  8
F.Cu
  6
CONTINUOUS
100
AcDbLine
 10
48.2522279999999952
 20
-33.5244479999999996
 30
0
 11
48.3971169999999944
 21
-33.5844629999999995
 31
0
  0
LINE
  5
FD1
330
1B
100
AcDbEntity
  8
F.Cu
  6
CONTINUOUS
100
AcDbLine
 10
48.3971169999999944
 20
-33.5844629999999995
 30
0
 11
48.5275150000000011
 21
-33.6715919999999969
 31
0
  0
LINE
  5
FD2
330
1B
100
AcDbEntity
  8
F.Cu
  6
CONTINUOUS
100
AcDbLine
 10
48.5275150000000011
 20
-33.6715919999999969
 30
0
 11
48.6384079999999983
 21
-33.7824850000000012
 31
0
  0
LINE
  5
FD3
330
1B
100
AcDbEntity
  8
F.Cu
  6
CONTINUOUS
100
AcDbLine
 10
48.6384079999999983
 20
-33.7824850000000012
 30
0
 11
48.7255369999999957
 21
-33.9128830000000008
 31
0
  0
LINE
  5
FD4
330
1B
100
AcDbEntity
  8
F.Cu
  6
CONTINUOUS
100
AcDbLine
 10
48.7255369999999957
 20
-33.9128830000000008
 30
0
 11
48.7855519999999956
 21
-34.0577719999999999
 31
0
  0
LINE
  5
FD5
330
1B
100
AcDbEntity
  8
F.Cu
  6
CONTINUOUS
100
AcDbLine
 10
48.7855519999999956
 20
-34.0577719999999999
 30
0
 11
48.8161479999999983
 21
-34.2115859999999969
 31
0
  0
LINE
  5
FD6
330
1B
100
AcDbEntity
  8
F.Cu
  6
CONTINUOUS
100
AcDbLine
 10
48.8161479999999983
 20
-34.2115859999999969
 30
0
 11
48.8161479999999983
 21
-34.3684140000000014
 31
0
  0
LINE
  5
FD7
330
1B
100
AcDbEntity
  8
F.Cu
  6
CONTINUOUS
100
AcDbLine
 10
48.8161479999999983
 20
-34.3684140000000014
 30
0
 11
48.7855519999999956
 21
-34.5222279999999984
 31
0
  0
LINE
  5
FD8
330
1B
100
AcDbEntity
  8
F.Cu
  6
CONTINUOUS
100
AcDbLine
 10
48.7855519999999956
 20
-34.5222279999999984
 30
0
 11
48.7255369999999957
 21
-34.6671169999999975
 31
0
  0
LINE
  5
FD9
330
1B
100
AcDbEntity
  8
F.Cu
  6
CONTINUOUS
100
AcDbLine
 10
48.7255369999999957
 20
-34.6671169999999975
 30
0
 11
48.6384079999999983
 21
-34.7975149999999971
 31
0
  0
LINE
  5
FDA
330
1B
100
AcDbEntity
  8
F.Cu
  6
CONTINUOUS
100
AcDbLine
 10
48.6384079999999983
 20
-34.7975149999999971
 30
0
 11
48.5275150000000011
 21
-34.9084080000000014
 31
0
  0
LINE
  5
FDB
330
1B
100
AcDbEntity
  8
F.Cu
  6
CONTINUOUS
100
AcDbLine
 10
48.5275150000000011
 20
-34.9084080000000014
 30
0
 11
48.3971169999999944
 21
-34.9955369999999988
 31
0
  0
LINE
  5
FDC
330
1B
100
AcDbEntity
  8
F.Cu
  6
CONTINUOUS
100
AcDbLine
 10
48.3971169999999944
 20
-34.9955369999999988
 30
0
 11
48.2522279999999952
 21
-35.0555519999999987
 31
0
  0
LINE
  5
FDD
330
1B
100
AcDbEntity
  8
F.Cu
  6
CONTINUOUS
100
AcDbLine
 10
48.2522279999999952
 20
-35.0555519999999987
 30
0
 11
48.0984139999999982
 21
-35.0861480000000014
 31
0
  0
LINE
  5
FDE
330
1B
100
AcDbEntity
  8
F.Cu
  6
CONTINUOUS
100
AcDbLine
 10
48.0984139999999982
 20
-35.0861480000000014
 30
0
 11
48.019999999999996
 21
-35.0899999999999963
 31
0
  0
LINE
  5
FDF
330
1B
100
AcDbEntity
  8
F.Cu
  6
CONTINUOUS
100
AcDbLine
 10
48.019999999999996
 20
-35.0899999999999963
 30
0
 11
47.2199999999999989
 21
-35.0899999999999963
 31
0
  0
LINE
  5
FE0
330
1B
100
AcDbEntity
  8
F.Cu
  6
CONTINUOUS
100
AcDbLine
 10
47.2199999999999989
 20
-35.0899999999999963
 30
0
 11
47.1415859999999967
 21
-35.0861480000000014
 31
0
  0
LINE
  5
FE1
330
1B
100
AcDbEntity
  8
F.Cu
  6
CONTINUOUS
100
AcDbLine
 10
47.1415859999999967
 20
-35.0861480000000014
 30
0
 11
46.9877719999999997
 21
-35.0555519999999987
 31
0
  0
LINE
  5
FE2
330
1B
100
AcDbEntity
  8
F.Cu
  6
CONTINUOUS
100
AcDbLine
 10
46.9877719999999997
 20
-35.0555519999999987
 30
0
 11
46.8428830000000005
 21
-34.9955369999999988
 31
0
  0
LINE
  5
FE3
330
1B
100
AcDbEntity
  8
F.Cu
  6
CONTINUOUS
100
AcDbLine
 10
46.8428830000000005
 20
-34.9955369999999988
 30
0
 11
46.7124850000000009
 21
-34.9084080000000014
 31
0
  0
LINE
  5
FE4
330
1B
100
AcDbEntity
  8
F.Cu
  6
CONTINUOUS
100
AcDbLine
 10
46.7124850000000009
 20
-34.9084080000000014
 30
0
 11
46.6015919999999966
 21
-34.7975149999999971
 31
0
  0
LINE
  5
FE5
330
1B
100
AcDbEntity
  8
F.Cu
  6
CONTINUOUS
100
AcDbLine
 10
46.6015919999999966
 20
-34.7975149999999971
 30
0
 11
46.5144629999999992
 21
-34.6671169999999975
 31
0
  0
LINE
  5
FE6
330
1B
100
AcDbEntity
  8
F.Cu
  6
CONTINUOUS
100
AcDbLine
 10
46.5144629999999992
 20
-34.6671169999999975
 30
0
 11
46.4544479999999993
 21
-34.5222279999999984
 31
0
  0
LINE
  5
FE7
330
1B
100
AcDbEntity
  8
F.Cu
  6
CONTINUOUS
100
AcDbLine
 10
46.4544479999999993
 20
-34.5222279999999984
 30
0
 11
46.4238519999999966
 21
-34.3684140000000014
 31
0
  0
LINE
  5
FE8
330
1B
100
AcDbEntity
  8
F.Cu
  6
CONTINUOUS
100
AcDbLine
 10
46.4238519999999966
 20
-34.3684140000000014
 30
0
 11
46.4238519999999966
 21
-34.2115859999999969
 31
0
  0
LINE
  5
FE9
330
1B
100
AcDbEntity
  8
F.Cu
  6
CONTINUOUS
100
AcDbLine
 10
46.4238519999999966
 20
-34.2115859999999969
 30
0
 11
46.4544479999999993
 21
-34.0577719999999999
 31
0
  0
LINE
  5
FEA
330
1B
100
AcDbEntity
  8
F.Cu
  6
CONTINUOUS
100
AcDbLine
 10
46.4544479999999993
 20
-34.0577719999999999
 30
0
 11
46.5144629999999992
 21
-33.9128830000000008
 31
0
  0
LINE
  5
FEB
330
1B
100
AcDbEntity
  8
F.Cu
  6
CONTINUOUS
100
AcDbLine
 10
46.5144629999999992
 20
-33.9128830000000008
 30
0
 11
46.6015919999999966
 21
-33.7824850000000012
 31
0
  0
LINE
  5
FEC
330
1B
100
AcDbEntity
  8
F.Cu
  6
CONTINUOUS
100
AcDbLine
 10
46.6015919999999966
 20
-33.7824850000000012
 30
0
 11
46.7124850000000009
 21
-33.6715919999999969
 31
0
  0
LINE
  5
FED
330
1B
100
AcDbEntity
  8
F.Cu
  6
CONTINUOUS
100
AcDbLine
 10
46.7124850000000009
 20
-33.6715919999999969
 30
0
 11
46.8428830000000005
 21
-33.5844629999999995
 31
0
  0
LINE
  5
FEE
330
1B
100
AcDbEntity
  8
F.Cu
  6
CONTINUOUS
100
AcDbLine
 10
46.8428830000000005
 20
-33.5844629999999995
 30
0
 11
46.9877719999999997
 21
-33.5244479999999996
 31
0
  0
LINE
  5
FEF
330
1B
100
AcDbEntity
  8
F.Cu
  6
CONTINUOUS
100
AcDbLine
 10
46.9877719999999997
 20
-33.5244479999999996
 30
0
 11
47.1415859999999967
 21
-33.4938519999999968
 31
0
  0
LINE
  5
FF0
330
1B
100
AcDbEntity
  8
F.Cu
  6
CONTINUOUS
100
AcDbLine
 10
47.1415859999999967
 20
-33.4938519999999968
 30
0
 11
47.2199999999999989
 21
-33.490000000000002
 31
0
  0
LINE
  5
FF1
330
1B
100
AcDbEntity
  8
F.Cu
  6
CONTINUOUS
100
AcDbLine
 10
47.2199999999999989
 20
-33.490000000000002
 30
0
 11
48.019999999999996
 21
-33.490000000000002
 31
0
  0
LINE
  5
FF2
330
1B
100
AcDbEntity
  8
F.Cu
  6
CONTINUOUS
100
AcDbLine
 10
48.019999999999996
 20
-33.490000000000002
 30
0
 11
48.0984139999999982
 21
-33.4938519999999968
 31
0
  0
LINE
  5
FF3
330
1B
100
AcDbEntity
  8
F.Cu
  6
CONTINUOUS
100
AcDbLine
 10
55.7184139999999957
 20
-33.4938519999999968
 30
0
 11
55.8722279999999998
 21
-33.5244479999999996
 31
0
  0
LINE
  5
FF4
330
1B
100
AcDbEntity
  8
F.Cu
  6
CONTINUOUS
100
AcDbLine
 10
55.8722279999999998
 20
-33.5244479999999996
 30
0
 11
56.0171169999999989
 21
-33.5844629999999995
 31
0
  0
LINE
  5
FF5
330
1B
100
AcDbEntity
  8
F.Cu
  6
CONTINUOUS
100
AcDbLine
 10
56.0171169999999989
 20
-33.5844629999999995
 30
0
 11
56.1475149999999985
 21
-33.6715919999999969
 31
0
  0
LINE
  5
FF6
330
1B
100
AcDbEntity
  8
F.Cu
  6
CONTINUOUS
100
AcDbLine
 10
56.1475149999999985
 20
-33.6715919999999969
 30
0
 11
56.2584079999999958
 21
-33.7824850000000012
 31
0
  0
LINE
  5
FF7
330
1B
100
AcDbEntity
  8
F.Cu
  6
CONTINUOUS
100
AcDbLine
 10
56.2584079999999958
 20
-33.7824850000000012
 30
0
 11
56.3455370000000002
 21
-33.9128830000000008
 31
0
  0
LINE
  5
FF8
330
1B
100
AcDbEntity
  8
F.Cu
  6
CONTINUOUS
100
AcDbLine
 10
56.3455370000000002
 20
-33.9128830000000008
 30
0
 11
56.4055520000000001
 21
-34.0577719999999999
 31
0
  0
LINE
  5
FF9
330
1B
100
AcDbEntity
  8
F.Cu
  6
CONTINUOUS
100
AcDbLine
 10
56.4055520000000001
 20
-34.0577719999999999
 30
0
 11
56.4361479999999958
 21
-34.2115859999999969
 31
0
  0
LINE
  5
FFA
330
1B
100
AcDbEntity
  8
F.Cu
  6
CONTINUOUS
100
AcDbLine
 10
56.4361479999999958
 20
-34.2115859999999969
 30
0
 11
56.4361479999999958
 21
-34.3684140000000014
 31
0
  0
LINE
  5
FFB
330
1B
100
AcDbEntity
  8
F.Cu
  6
CONTINUOUS
100
AcDbLine
 10
56.4361479999999958
 20
-34.3684140000000014
 30
0
 11
56.4055520000000001
 21
-34.5222279999999984
 31
0
  0
LINE
  5
FFC
330
1B
100
AcDbEntity
  8
F.Cu
  6
CONTINUOUS
100
AcDbLine
 10
56.4055520000000001
 20
-34.5222279999999984
 30
0
 11
56.3455370000000002
 21
-34.6671169999999975
 31
0
  0
LINE
  5
FFD
330
1B
100
AcDbEntity
  8
F.Cu
  6
CONTINUOUS
100
AcDbLine
 10
56.3455370000000002
 20
-34.6671169999999975
 30
0
 11
56.2584079999999958
 21
-34.7975149999999971
 31
0
  0
LINE
  5
FFE
330
1B
100
AcDbEntity
  8
F.Cu
  6
CONTINUOUS
100
AcDbLine
 10
56.2584079999999958
 20
-34.7975149999999971
 30
0
 11
56.1475149999999985
 21
-34.9084080000000014
 31
0
  0
LINE
  5
FFF
330
1B
100
AcDbEntity
  8
F.Cu
  6
CONTINUOUS
100
AcDbLine
 10
56.1475149999999985
 20
-34.9084080000000014
 30
0
 11
56.0171169999999989
 21
-34.9955369999999988
 31
0
  0
LINE
  5
1000
330
1B
100
AcDbEntity
  8
F.Cu
  6
CONTINUOUS
100
AcDbLine
 10
56.0171169999999989
 20
-34.9955369999999988
 30
0
 11
55.8722279999999998
 21
-35.0555519999999987
 31
0
  0
LINE
  5
1001
330
1B
100
AcDbEntity
  8
F.Cu
  6
CONTINUOUS
100
AcDbLine
 10
55.8722279999999998
 20
-35.0555519999999987
 30
0
 11
55.7184139999999957
 21
-35.0861480000000014
 31
0
  0
LINE
  5
1002
330
1B
100
AcDbEntity
  8
F.Cu
  6
CONTINUOUS
100
AcDbLine
 10
55.7184139999999957
 20
-35.0861480000000014
 30
0
 11
55.6400000000000006
 21
-35.0899999999999963
 31
0
  0
LINE
  5
1003
330
1B
100
AcDbEntity
  8
F.Cu
  6
CONTINUOUS
100
AcDbLine
 10
55.6400000000000006
 20
-35.0899999999999963
 30
0
 11
54.8399999999999963
 21
-35.0899999999999963
 31
0
  0
LINE
  5
1004
330
1B
100
AcDbEntity
  8
F.Cu
  6
CONTINUOUS
100
AcDbLine
 10
54.8399999999999963
 20
-35.0899999999999963
 30
0
 11
54.7615859999999941
 21
-35.0861480000000014
 31
0
  0
LINE
  5
1005
330
1B
100
AcDbEntity
  8
F.Cu
  6
CONTINUOUS
100
AcDbLine
 10
54.7615859999999941
 20
-35.0861480000000014
 30
0
 11
54.6077719999999971
 21
-35.0555519999999987
 31
0
  0
LINE
  5
1006
330
1B
100
AcDbEntity
  8
F.Cu
  6
CONTINUOUS
100
AcDbLine
 10
54.6077719999999971
 20
-35.0555519999999987
 30
0
 11
54.4628829999999979
 21
-34.9955369999999988
 31
0
  0
LINE
  5
1007
330
1B
100
AcDbEntity
  8
F.Cu
  6
CONTINUOUS
100
AcDbLine
 10
54.4628829999999979
 20
-34.9955369999999988
 30
0
 11
54.3324849999999984
 21
-34.9084080000000014
 31
0
  0
LINE
  5
1008
330
1B
100
AcDbEntity
  8
F.Cu
  6
CONTINUOUS
100
AcDbLine
 10
54.3324849999999984
 20
-34.9084080000000014
 30
0
 11
54.221591999999994
 21
-34.7975149999999971
 31
0
  0
LINE
  5
1009
330
1B
100
AcDbEntity
  8
F.Cu
  6
CONTINUOUS
100
AcDbLine
 10
54.221591999999994
 20
-34.7975149999999971
 30
0
 11
54.1344629999999967
 21
-34.6671169999999975
 31
0
  0
LINE
  5
100A
330
1B
100
AcDbEntity
  8
F.Cu
  6
CONTINUOUS
100
AcDbLine
 10
54.1344629999999967
 20
-34.6671169999999975
 30
0
 11
54.0744479999999967
 21
-34.5222279999999984
 31
0
  0
LINE
  5
100B
330
1B
100
AcDbEntity
  8
F.Cu
  6
CONTINUOUS
100
AcDbLine
 10
54.0744479999999967
 20
-34.5222279999999984
 30
0
 11
54.043851999999994
 21
-34.3684140000000014
 31
0
  0
LINE
  5
100C
330
1B
100
AcDbEntity
  8
F.Cu
  6
CONTINUOUS
100
AcDbLine
 10
54.043851999999994
 20
-34.3684140000000014
 30
0
 11
54.043851999999994
 21
-34.2115859999999969
 31
0
  0
LINE
  5
100D
330
1B
100
AcDbEntity
  8
F.Cu
  6
CONTINUOUS
100
AcDbLine
 10
54.043851999999994
 20
-34.2115859999999969
 30
0
 11
54.0744479999999967
 21
-34.0577719999999999
 31
0
  0
LINE
  5
100E
330
1B
100
AcDbEntity
  8
F.Cu
  6
CONTINUOUS
100
AcDbLine
 10
54.0744479999999967
 20
-34.0577719999999999
 30
0
 11
54.1344629999999967
 21
-33.9128830000000008
 31
0
  0
LINE
  5
100F
330
1B
100
AcDbEntity
  8
F.Cu
  6
CONTINUOUS
100
AcDbLine
 10
54.1344629999999967
 20
-33.9128830000000008
 30
0
 11
54.221591999999994
 21
-33.7824850000000012
 31
0
  0
LINE
  5
1010
330
1B
100
AcDbEntity
  8
F.Cu
  6
CONTINUOUS
100
AcDbLine
 10
54.221591999999994
 20
-33.7824850000000012
 30
0
 11
54.3324849999999984
 21
-33.6715919999999969
 31
0
  0
LINE
  5
1011
330
1B
100
AcDbEntity
  8
F.Cu
  6
CONTINUOUS
100
AcDbLine
 10
54.3324849999999984
 20
-33.6715919999999969
 30
0
 11
54.4628829999999979
 21
-33.5844629999999995
 31
0
  0
LINE
  5
1012
330
1B
100
AcDbEntity
  8
F.Cu
  6
CONTINUOUS
100
AcDbLine
 10
54.4628829999999979
 20
-33.5844629999999995
 30
0
 11
54.6077719999999971
 21
-33.5244479999999996
 31
0
  0
LINE
  5
1013
330
1B
100
AcDbEntity
  8
F.Cu
  6
CONTINUOUS
100
AcDbLine
 10
54.6077719999999971
 20
-33.5244479999999996
 30
0
 11
54.7615859999999941
 21
-33.4938519999999968
 31
0
  0
LINE
  5
1014
330
1B
100
AcDbEntity
  8
F.Cu
  6
CONTINUOUS
100
AcDbLine
 10
54.7615859999999941
 20
-33.4938519999999968
 30
0
 11
54.8399999999999963
 21
-33.490000000000002
 31
0
  0
LINE
  5
1015
330
1B
100
AcDbEntity
  8
F.Cu
  6
CONTINUOUS
100
AcDbLine
 10
54.8399999999999963
 20
-33.490000000000002
 30
0
 11
55.6400000000000006
 21
-33.490000000000002
 31
0
  0
LINE
  5
1016
330
1B
100
AcDbEntity
  8
F.Cu
  6
CONTINUOUS
100
AcDbLine
 10
55.6400000000000006
 20
-33.490000000000002
 30
0
 11
55.7184139999999957
 21
-33.4938519999999968
 31
0
  0
LINE
  5
1017
330
1B
100
AcDbEntity
  8
F.Cu
  6
CONTINUOUS
100
AcDbLine
 10
85.2384139999999917
 20
-33.4938519999999968
 30
0
 11
85.3922280000000029
 21
-33.5244479999999996
 31
0
  0
LINE
  5
1018
330
1B
100
AcDbEntity
  8
F.Cu
  6
CONTINUOUS
100
AcDbLine
 10
85.3922280000000029
 20
-33.5244479999999996
 30
0
 11
85.537116999999995
 21
-33.5844629999999995
 31
0
  0
LINE
  5
1019
330
1B
100
AcDbEntity
  8
F.Cu
  6
CONTINUOUS
100
AcDbLine
 10
85.537116999999995
 20
-33.5844629999999995
 30
0
 11
85.6675149999999945
 21
-33.6715919999999969
 31
0
  0
LINE
  5
101A
330
1B
100
AcDbEntity
  8
F.Cu
  6
CONTINUOUS
100
AcDbLine
 10
85.6675149999999945
 20
-33.6715919999999969
 30
0
 11
85.7784079999999989
 21
-33.7824850000000012
 31
0
  0
LINE
  5
101B
330
1B
100
AcDbEntity
  8
F.Cu
  6
CONTINUOUS
100
AcDbLine
 10
85.7784079999999989
 20
-33.7824850000000012
 30
0
 11
85.8655369999999891
 21
-33.9128830000000008
 31
0
  0
LINE
  5
101C
330
1B
100
AcDbEntity
  8
F.Cu
  6
CONTINUOUS
100
AcDbLine
 10
85.8655369999999891
 20
-33.9128830000000008
 30
0
 11
85.9255519999999962
 21
-34.0577719999999999
 31
0
  0
LINE
  5
101D
330
1B
100
AcDbEntity
  8
F.Cu
  6
CONTINUOUS
100
AcDbLine
 10
85.9255519999999962
 20
-34.0577719999999999
 30
0
 11
85.9561479999999989
 21
-34.2115859999999969
 31
0
  0
LINE
  5
101E
330
1B
100
AcDbEntity
  8
F.Cu
  6
CONTINUOUS
100
AcDbLine
 10
85.9561479999999989
 20
-34.2115859999999969
 30
0
 11
85.9561479999999989
 21
-34.3684140000000014
 31
0
  0
LINE
  5
101F
330
1B
100
AcDbEntity
  8
F.Cu
  6
CONTINUOUS
100
AcDbLine
 10
85.9561479999999989
 20
-34.3684140000000014
 30
0
 11
85.9255519999999962
 21
-34.5222279999999984
 31
0
  0
LINE
  5
1020
330
1B
100
AcDbEntity
  8
F.Cu
  6
CONTINUOUS
100
AcDbLine
 10
85.9255519999999962
 20
-34.5222279999999984
 30
0
 11
85.8655369999999891
 21
-34.6671169999999975
 31
0
  0
LINE
  5
1021
330
1B
100
AcDbEntity
  8
F.Cu
  6
CONTINUOUS
100
AcDbLine
 10
85.8655369999999891
 20
-34.6671169999999975
 30
0
 11
85.7784079999999989
 21
-34.7975149999999971
 31
0
  0
LINE
  5
1022
330
1B
100
AcDbEntity
  8
F.Cu
  6
CONTINUOUS
100
AcDbLine
 10
85.7784079999999989
 20
-34.7975149999999971
 30
0
 11
85.6675149999999945
 21
-34.9084080000000014
 31
0
  0
LINE
  5
1023
330
1B
100
AcDbEntity
  8
F.Cu
  6
CONTINUOUS
100
AcDbLine
 10
85.6675149999999945
 20
-34.9084080000000014
 30
0
 11
85.537116999999995
 21
-34.9955369999999988
 31
0
  0
LINE
  5
1024
330
1B
100
AcDbEntity
  8
F.Cu
  6
CONTINUOUS
100
AcDbLine
 10
85.537116999999995
 20
-34.9955369999999988
 30
0
 11
85.3922280000000029
 21
-35.0555519999999987
 31
0
  0
LINE
  5
1025
330
1B
100
AcDbEntity
  8
F.Cu
  6
CONTINUOUS
100
AcDbLine
 10
85.3922280000000029
 20
-35.0555519999999987
 30
0
 11
85.2384139999999917
 21
-35.0861480000000014
 31
0
  0
LINE
  5
1026
330
1B
100
AcDbEntity
  8
F.Cu
  6
CONTINUOUS
100
AcDbLine
 10
85.2384139999999917
 20
-35.0861480000000014
 30
0
 11
85.1599999999999966
 21
-35.0899999999999963
 31
0
  0
LINE
  5
1027
330
1B
100
AcDbEntity
  8
F.Cu
  6
CONTINUOUS
100
AcDbLine
 10
85.1599999999999966
 20
-35.0899999999999963
 30
0
 11
84.3599999999999994
 21
-35.0899999999999963
 31
0
  0
LINE
  5
1028
330
1B
100
AcDbEntity
  8
F.Cu
  6
CONTINUOUS
100
AcDbLine
 10
84.3599999999999994
 20
-35.0899999999999963
 30
0
 11
84.2815859999999901
 21
-35.0861480000000014
 31
0
  0
LINE
  5
1029
330
1B
100
AcDbEntity
  8
F.Cu
  6
CONTINUOUS
100
AcDbLine
 10
84.2815859999999901
 20
-35.0861480000000014
 30
0
 11
84.1277719999999931
 21
-35.0555519999999987
 31
0
  0
LINE
  5
102A
330
1B
100
AcDbEntity
  8
F.Cu
  6
CONTINUOUS
100
AcDbLine
 10
84.1277719999999931
 20
-35.0555519999999987
 30
0
 11
83.9828830000000011
 21
-34.9955369999999988
 31
0
  0
LINE
  5
102B
330
1B
100
AcDbEntity
  8
F.Cu
  6
CONTINUOUS
100
AcDbLine
 10
83.9828830000000011
 20
-34.9955369999999988
 30
0
 11
83.8524850000000015
 21
-34.9084080000000014
 31
0
  0
LINE
  5
102C
330
1B
100
AcDbEntity
  8
F.Cu
  6
CONTINUOUS
100
AcDbLine
 10
83.8524850000000015
 20
-34.9084080000000014
 30
0
 11
83.7415919999999971
 21
-34.7975149999999971
 31
0
  0
LINE
  5
102D
330
1B
100
AcDbEntity
  8
F.Cu
  6
CONTINUOUS
100
AcDbLine
 10
83.7415919999999971
 20
-34.7975149999999971
 30
0
 11
83.6544629999999927
 21
-34.6671169999999975
 31
0
  0
LINE
  5
102E
330
1B
100
AcDbEntity
  8
F.Cu
  6
CONTINUOUS
100
AcDbLine
 10
83.6544629999999927
 20
-34.6671169999999975
 30
0
 11
83.5944479999999999
 21
-34.5222279999999984
 31
0
  0
LINE
  5
102F
330
1B
100
AcDbEntity
  8
F.Cu
  6
CONTINUOUS
100
AcDbLine
 10
83.5944479999999999
 20
-34.5222279999999984
 30
0
 11
83.5638519999999971
 21
-34.3684140000000014
 31
0
  0
LINE
  5
1030
330
1B
100
AcDbEntity
  8
F.Cu
  6
CONTINUOUS
100
AcDbLine
 10
83.5638519999999971
 20
-34.3684140000000014
 30
0
 11
83.5638519999999971
 21
-34.2115859999999969
 31
0
  0
LINE
  5
1031
330
1B
100
AcDbEntity
  8
F.Cu
  6
CONTINUOUS
100
AcDbLine
 10
83.5638519999999971
 20
-34.2115859999999969
 30
0
 11
83.5944479999999999
 21
-34.0577719999999999
 31
0
  0
LINE
  5
1032
330
1B
100
AcDbEntity
  8
F.Cu
  6
CONTINUOUS
100
AcDbLine
 10
83.5944479999999999
 20
-34.0577719999999999
 30
0
 11
83.6544629999999927
 21
-33.9128830000000008
 31
0
  0
LINE
  5
1033
330
1B
100
AcDbEntity
  8
F.Cu
  6
CONTINUOUS
100
AcDbLine
 10
83.6544629999999927
 20
-33.9128830000000008
 30
0
 11
83.7415919999999971
 21
-33.7824850000000012
 31
0
  0
LINE
  5
1034
330
1B
100
AcDbEntity
  8
F.Cu
  6
CONTINUOUS
100
AcDbLine
 10
83.7415919999999971
 20
-33.7824850000000012
 30
0
 11
83.8524850000000015
 21
-33.6715919999999969
 31
0
  0
LINE
  5
1035
330
1B
100
AcDbEntity
  8
F.Cu
  6
CONTINUOUS
100
AcDbLine
 10
83.8524850000000015
 20
-33.6715919999999969
 30
0
 11
83.9828830000000011
 21
-33.5844629999999995
 31
0
  0
LINE
  5
1036
330
1B
100
AcDbEntity
  8
F.Cu
  6
CONTINUOUS
100
AcDbLine
 10
83.9828830000000011
 20
-33.5844629999999995
 30
0
 11
84.1277719999999931
 21
-33.5244479999999996
 31
0
  0
LINE
  5
1037
330
1B
100
AcDbEntity
  8
F.Cu
  6
CONTINUOUS
100
AcDbLine
 10
84.1277719999999931
 20
-33.5244479999999996
 30
0
 11
84.2815859999999901
 21
-33.4938519999999968
 31
0
  0
LINE
  5
1038
330
1B
100
AcDbEntity
  8
F.Cu
  6
CONTINUOUS
100
AcDbLine
 10
84.2815859999999901
 20
-33.4938519999999968
 30
0
 11
84.3599999999999994
 21
-33.490000000000002
 31
0
  0
LINE
  5
1039
330
1B
100
AcDbEntity
  8
F.Cu
  6
CONTINUOUS
100
AcDbLine
 10
84.3599999999999994
 20
-33.490000000000002
 30
0
 11
85.1599999999999966
 21
-33.490000000000002
 31
0
  0
LINE
  5
103A
330
1B
100
AcDbEntity
  8
F.Cu
  6
CONTINUOUS
100
AcDbLine
 10
85.1599999999999966
 20
-33.490000000000002
 30
0
 11
85.2384139999999917
 21
-33.4938519999999968
 31
0
  0
LINE
  5
103B
330
1B
100
AcDbEntity
  8
F.Cu
  6
CONTINUOUS
100
AcDbLine
 10
92.8584139999999962
 20
-33.4938519999999968
 30
0
 11
93.0122279999999932
 21
-33.5244479999999996
 31
0
  0
LINE
  5
103C
330
1B
100
AcDbEntity
  8
F.Cu
  6
CONTINUOUS
100
AcDbLine
 10
93.0122279999999932
 20
-33.5244479999999996
 30
0
 11
93.1571169999999995
 21
-33.5844629999999995
 31
0
  0
LINE
  5
103D
330
1B
100
AcDbEntity
  8
F.Cu
  6
CONTINUOUS
100
AcDbLine
 10
93.1571169999999995
 20
-33.5844629999999995
 30
0
 11
93.2875149999999991
 21
-33.6715919999999969
 31
0
  0
LINE
  5
103E
330
1B
100
AcDbEntity
  8
F.Cu
  6
CONTINUOUS
100
AcDbLine
 10
93.2875149999999991
 20
-33.6715919999999969
 30
0
 11
93.3984079999999892
 21
-33.7824850000000012
 31
0
  0
LINE
  5
103F
330
1B
100
AcDbEntity
  8
F.Cu
  6
CONTINUOUS
100
AcDbLine
 10
93.3984079999999892
 20
-33.7824850000000012
 30
0
 11
93.4855369999999937
 21
-33.9128830000000008
 31
0
  0
LINE
  5
1040
330
1B
100
AcDbEntity
  8
F.Cu
  6
CONTINUOUS
100
AcDbLine
 10
93.4855369999999937
 20
-33.9128830000000008
 30
0
 11
93.5455520000000007
 21
-34.0577719999999999
 31
0
  0
LINE
  5
1041
330
1B
100
AcDbEntity
  8
F.Cu
  6
CONTINUOUS
100
AcDbLine
 10
93.5455520000000007
 20
-34.0577719999999999
 30
0
 11
93.5761479999999892
 21
-34.2115859999999969
 31
0
  0
LINE
  5
1042
330
1B
100
AcDbEntity
  8
F.Cu
  6
CONTINUOUS
100
AcDbLine
 10
93.5761479999999892
 20
-34.2115859999999969
 30
0
 11
93.5761479999999892
 21
-34.3684140000000014
 31
0
  0
LINE
  5
1043
330
1B
100
AcDbEntity
  8
F.Cu
  6
CONTINUOUS
100
AcDbLine
 10
93.5761479999999892
 20
-34.3684140000000014
 30
0
 11
93.5455520000000007
 21
-34.5222279999999984
 31
0
  0
LINE
  5
1044
330
1B
100
AcDbEntity
  8
F.Cu
  6
CONTINUOUS
100
AcDbLine
 10
93.5455520000000007
 20
-34.5222279999999984
 30
0
 11
93.4855369999999937
 21
-34.6671169999999975
 31
0
  0
LINE
  5
1045
330
1B
100
AcDbEntity
  8
F.Cu
  6
CONTINUOUS
100
AcDbLine
 10
93.4855369999999937
 20
-34.6671169999999975
 30
0
 11
93.3984079999999892
 21
-34.7975149999999971
 31
0
  0
LINE
  5
1046
330
1B
100
AcDbEntity
  8
F.Cu
  6
CONTINUOUS
100
AcDbLine
 10
93.3984079999999892
 20
-34.7975149999999971
 30
0
 11
93.2875149999999991
 21
-34.9084080000000014
 31
0
  0
LINE
  5
1047
330
1B
100
AcDbEntity
  8
F.Cu
  6
CONTINUOUS
100
AcDbLine
 10
93.2875149999999991
 20
-34.9084080000000014
 30
0
 11
93.1571169999999995
 21
-34.9955369999999988
 31
0
  0
LINE
  5
1048
330
1B
100
AcDbEntity
  8
F.Cu
  6
CONTINUOUS
100
AcDbLine
 10
93.1571169999999995
 20
-34.9955369999999988
 30
0
 11
93.0122279999999932
 21
-35.0555519999999987
 31
0
  0
LINE
  5
1049
330
1B
100
AcDbEntity
  8
F.Cu
  6
CONTINUOUS
100
AcDbLine
 10
93.0122279999999932
 20
-35.0555519999999987
 30
0
 11
92.8584139999999962
 21
-35.0861480000000014
 31
0
  0
LINE
  5
104A
330
1B
100
AcDbEntity
  8
F.Cu
  6
CONTINUOUS
100
AcDbLine
 10
92.8584139999999962
 20
-35.0861480000000014
 30
0
 11
92.7800000000000011
 21
-35.0899999999999963
 31
0
  0
LINE
  5
104B
330
1B
100
AcDbEntity
  8
F.Cu
  6
CONTINUOUS
100
AcDbLine
 10
92.7800000000000011
 20
-35.0899999999999963
 30
0
 11
91.9799999999999898
 21
-35.0899999999999963
 31
0
  0
LINE
  5
104C
330
1B
100
AcDbEntity
  8
F.Cu
  6
CONTINUOUS
100
AcDbLine
 10
91.9799999999999898
 20
-35.0899999999999963
 30
0
 11
91.9015859999999947
 21
-35.0861480000000014
 31
0
  0
LINE
  5
104D
330
1B
100
AcDbEntity
  8
F.Cu
  6
CONTINUOUS
100
AcDbLine
 10
91.9015859999999947
 20
-35.0861480000000014
 30
0
 11
91.7477719999999977
 21
-35.0555519999999987
 31
0
  0
LINE
  5
104E
330
1B
100
AcDbEntity
  8
F.Cu
  6
CONTINUOUS
100
AcDbLine
 10
91.7477719999999977
 20
-35.0555519999999987
 30
0
 11
91.6028829999999914
 21
-34.9955369999999988
 31
0
  0
LINE
  5
104F
330
1B
100
AcDbEntity
  8
F.Cu
  6
CONTINUOUS
100
AcDbLine
 10
91.6028829999999914
 20
-34.9955369999999988
 30
0
 11
91.4724849999999918
 21
-34.9084080000000014
 31
0
  0
LINE
  5
1050
330
1B
100
AcDbEntity
  8
F.Cu
  6
CONTINUOUS
100
AcDbLine
 10
91.4724849999999918
 20
-34.9084080000000014
 30
0
 11
91.3615920000000017
 21
-34.7975149999999971
 31
0
  0
LINE
  5
1051
330
1B
100
AcDbEntity
  8
F.Cu
  6
CONTINUOUS
100
AcDbLine
 10
91.3615920000000017
 20
-34.7975149999999971
 30
0
 11
91.2744629999999972
 21
-34.6671169999999975
 31
0
  0
LINE
  5
1052
330
1B
100
AcDbEntity
  8
F.Cu
  6
CONTINUOUS
100
AcDbLine
 10
91.2744629999999972
 20
-34.6671169999999975
 30
0
 11
91.2144479999999902
 21
-34.5222279999999984
 31
0
  0
LINE
  5
1053
330
1B
100
AcDbEntity
  8
F.Cu
  6
CONTINUOUS
100
AcDbLine
 10
91.2144479999999902
 20
-34.5222279999999984
 30
0
 11
91.1838520000000017
 21
-34.3684140000000014
 31
0
  0
LINE
  5
1054
330
1B
100
AcDbEntity
  8
F.Cu
  6
CONTINUOUS
100
AcDbLine
 10
91.1838520000000017
 20
-34.3684140000000014
 30
0
 11
91.1838520000000017
 21
-34.2115859999999969
 31
0
  0
LINE
  5
1055
330
1B
100
AcDbEntity
  8
F.Cu
  6
CONTINUOUS
100
AcDbLine
 10
91.1838520000000017
 20
-34.2115859999999969
 30
0
 11
91.2144479999999902
 21
-34.0577719999999999
 31
0
  0
LINE
  5
1056
330
1B
100
AcDbEntity
  8
F.Cu
  6
CONTINUOUS
100
AcDbLine
 10
91.2144479999999902
 20
-34.0577719999999999
 30
0
 11
91.2744629999999972
 21
-33.9128830000000008
 31
0
  0
LINE
  5
1057
330
1B
100
AcDbEntity
  8
F.Cu
  6
CONTINUOUS
100
AcDbLine
 10
91.2744629999999972
 20
-33.9128830000000008
 30
0
 11
91.3615920000000017
 21
-33.7824850000000012
 31
0
  0
LINE
  5
1058
330
1B
100
AcDbEntity
  8
F.Cu
  6
CONTINUOUS
100
AcDbLine
 10
91.3615920000000017
 20
-33.7824850000000012
 30
0
 11
91.4724849999999918
 21
-33.6715919999999969
 31
0
  0
LINE
  5
1059
330
1B
100
AcDbEntity
  8
F.Cu
  6
CONTINUOUS
100
AcDbLine
 10
91.4724849999999918
 20
-33.6715919999999969
 30
0
 11
91.6028829999999914
 21
-33.5844629999999995
 31
0
  0
LINE
  5
105A
330
1B
100
AcDbEntity
  8
F.Cu
  6
CONTINUOUS
100
AcDbLine
 10
91.6028829999999914
 20
-33.5844629999999995
 30
0
 11
91.7477719999999977
 21
-33.5244479999999996
 31
0
  0
LINE
  5
105B
330
1B
100
AcDbEntity
  8
F.Cu
  6
CONTINUOUS
100
AcDbLine
 10
91.7477719999999977
 20
-33.5244479999999996
 30
0
 11
91.9015859999999947
 21
-33.4938519999999968
 31
0
  0
LINE
  5
105C
330
1B
100
AcDbEntity
  8
F.Cu
  6
CONTINUOUS
100
AcDbLine
 10
91.9015859999999947
 20
-33.4938519999999968
 30
0
 11
91.9799999999999898
 21
-33.490000000000002
 31
0
  0
LINE
  5
105D
330
1B
100
AcDbEntity
  8
F.Cu
  6
CONTINUOUS
100
AcDbLine
 10
91.9799999999999898
 20
-33.490000000000002
 30
0
 11
92.7800000000000011
 21
-33.490000000000002
 31
0
  0
LINE
  5
105E
330
1B
100
AcDbEntity
  8
F.Cu
  6
CONTINUOUS
100
AcDbLine
 10
92.7800000000000011
 20
-33.490000000000002
 30
0
 11
92.8584139999999962
 21
-33.4938519999999968
 31
0
  0
LINE
  5
105F
330
1B
100
AcDbEntity
  8
F.Cu
  6
CONTINUOUS
100
AcDbLine
 10
61.356741999999997
 20
-31.7266009999999987
 30
0
 11
61.5106869999999972
 21
-31.7903669999999998
 31
0
  0
LINE
  5
1060
330
1B
100
AcDbEntity
  8
F.Cu
  6
CONTINUOUS
100
AcDbLine
 10
61.5106869999999972
 20
-31.7903669999999998
 30
0
 11
61.6492339999999999
 21
-31.8829409999999989
 31
0
  0
LINE
  5
1061
330
1B
100
AcDbEntity
  8
F.Cu
  6
CONTINUOUS
100
AcDbLine
 10
61.6492339999999999
 20
-31.8829409999999989
 30
0
 11
61.7670589999999962
 21
-32.0007659999999987
 31
0
  0
LINE
  5
1062
330
1B
100
AcDbEntity
  8
F.Cu
  6
CONTINUOUS
100
AcDbLine
 10
61.7670589999999962
 20
-32.0007659999999987
 30
0
 11
61.8596329999999952
 21
-32.1393130000000014
 31
0
  0
LINE
  5
1063
330
1B
100
AcDbEntity
  8
F.Cu
  6
CONTINUOUS
100
AcDbLine
 10
61.8596329999999952
 20
-32.1393130000000014
 30
0
 11
61.9233989999999963
 21
-32.2932580000000016
 31
0
  0
LINE
  5
1064
330
1B
100
AcDbEntity
  8
F.Cu
  6
CONTINUOUS
100
AcDbLine
 10
61.9233989999999963
 20
-32.2932580000000016
 30
0
 11
61.9559069999999963
 21
-32.4566850000000002
 31
0
  0
LINE
  5
1065
330
1B
100
AcDbEntity
  8
F.Cu
  6
CONTINUOUS
100
AcDbLine
 10
61.9559069999999963
 20
-32.4566850000000002
 30
0
 11
61.9559069999999963
 21
-32.6233149999999981
 31
0
  0
LINE
  5
1066
330
1B
100
AcDbEntity
  8
F.Cu
  6
CONTINUOUS
100
AcDbLine
 10
61.9559069999999963
 20
-32.6233149999999981
 30
0
 11
61.9233989999999963
 21
-32.7867419999999967
 31
0
  0
LINE
  5
1067
330
1B
100
AcDbEntity
  8
F.Cu
  6
CONTINUOUS
100
AcDbLine
 10
61.9233989999999963
 20
-32.7867419999999967
 30
0
 11
61.8596329999999952
 21
-32.9406869999999969
 31
0
  0
LINE
  5
1068
330
1B
100
AcDbEntity
  8
F.Cu
  6
CONTINUOUS
100
AcDbLine
 10
61.8596329999999952
 20
-32.9406869999999969
 30
0
 11
61.7670589999999962
 21
-33.0792339999999996
 31
0
  0
LINE
  5
1069
330
1B
100
AcDbEntity
  8
F.Cu
  6
CONTINUOUS
100
AcDbLine
 10
61.7670589999999962
 20
-33.0792339999999996
 30
0
 11
61.6492339999999999
 21
-33.1970589999999959
 31
0
  0
LINE
  5
106A
330
1B
100
AcDbEntity
  8
F.Cu
  6
CONTINUOUS
100
AcDbLine
 10
61.6492339999999999
 20
-33.1970589999999959
 30
0
 11
61.5106869999999972
 21
-33.289633000000002
 31
0
  0
LINE
  5
106B
330
1B
100
AcDbEntity
  8
F.Cu
  6
CONTINUOUS
100
AcDbLine
 10
61.5106869999999972
 20
-33.289633000000002
 30
0
 11
61.356741999999997
 21
-33.353398999999996
 31
0
  0
LINE
  5
106C
330
1B
100
AcDbEntity
  8
F.Cu
  6
CONTINUOUS
100
AcDbLine
 10
61.356741999999997
 20
-33.353398999999996
 30
0
 11
61.1933149999999983
 21
-33.385906999999996
 31
0
  0
LINE
  5
106D
330
1B
100
AcDbEntity
  8
F.Cu
  6
CONTINUOUS
100
AcDbLine
 10
61.1933149999999983
 20
-33.385906999999996
 30
0
 11
61.0266850000000005
 21
-33.385906999999996
 31
0
  0
LINE
  5
106E
330
1B
100
AcDbEntity
  8
F.Cu
  6
CONTINUOUS
100
AcDbLine
 10
61.0266850000000005
 20
-33.385906999999996
 30
0
 11
60.8632579999999948
 21
-33.353398999999996
 31
0
  0
LINE
  5
106F
330
1B
100
AcDbEntity
  8
F.Cu
  6
CONTINUOUS
100
AcDbLine
 10
60.8632579999999948
 20
-33.353398999999996
 30
0
 11
60.7093129999999945
 21
-33.289633000000002
 31
0
  0
LINE
  5
1070
330
1B
100
AcDbEntity
  8
F.Cu
  6
CONTINUOUS
100
AcDbLine
 10
60.7093129999999945
 20
-33.289633000000002
 30
0
 11
60.570765999999999
 21
-33.1970589999999959
 31
0
  0
LINE
  5
1071
330
1B
100
AcDbEntity
  8
F.Cu
  6
CONTINUOUS
100
AcDbLine
 10
60.570765999999999
 20
-33.1970589999999959
 30
0
 11
60.4529409999999956
 21
-33.0792339999999996
 31
0
  0
LINE
  5
1072
330
1B
100
AcDbEntity
  8
F.Cu
  6
CONTINUOUS
100
AcDbLine
 10
60.4529409999999956
 20
-33.0792339999999996
 30
0
 11
60.3603669999999966
 21
-32.9406869999999969
 31
0
  0
LINE
  5
1073
330
1B
100
AcDbEntity
  8
F.Cu
  6
CONTINUOUS
100
AcDbLine
 10
60.3603669999999966
 20
-32.9406869999999969
 30
0
 11
60.2966009999999955
 21
-32.7867419999999967
 31
0
  0
LINE
  5
1074
330
1B
100
AcDbEntity
  8
F.Cu
  6
CONTINUOUS
100
AcDbLine
 10
60.2966009999999955
 20
-32.7867419999999967
 30
0
 11
60.2640929999999955
 21
-32.6233149999999981
 31
0
  0
LINE
  5
1075
330
1B
100
AcDbEntity
  8
F.Cu
  6
CONTINUOUS
100
AcDbLine
 10
60.2640929999999955
 20
-32.6233149999999981
 30
0
 11
60.2640929999999955
 21
-32.4566850000000002
 31
0
  0
LINE
  5
1076
330
1B
100
AcDbEntity
  8
F.Cu
  6
CONTINUOUS
100
AcDbLine
 10
60.2640929999999955
 20
-32.4566850000000002
 30
0
 11
60.2966009999999955
 21
-32.2932580000000016
 31
0
  0
LINE
  5
1077
330
1B
100
AcDbEntity
  8
F.Cu
  6
CONTINUOUS
100
AcDbLine
 10
60.2966009999999955
 20
-32.2932580000000016
 30
0
 11
60.3603669999999966
 21
-32.1393130000000014
 31
0
  0
LINE
  5
1078
330
1B
100
AcDbEntity
  8
F.Cu
  6
CONTINUOUS
100
AcDbLine
 10
60.3603669999999966
 20
-32.1393130000000014
 30
0
 11
60.4529409999999956
 21
-32.0007659999999987
 31
0
  0
LINE
  5
1079
330
1B
100
AcDbEntity
  8
F.Cu
  6
CONTINUOUS
100
AcDbLine
 10
60.4529409999999956
 20
-32.0007659999999987
 30
0
 11
60.570765999999999
 21
-31.8829409999999989
 31
0
  0
LINE
  5
107A
330
1B
100
AcDbEntity
  8
F.Cu
  6
CONTINUOUS
100
AcDbLine
 10
60.570765999999999
 20
-31.8829409999999989
 30
0
 11
60.7093129999999945
 21
-31.7903669999999998
 31
0
  0
LINE
  5
107B
330
1B
100
AcDbEntity
  8
F.Cu
  6
CONTINUOUS
100
AcDbLine
 10
60.7093129999999945
 20
-31.7903669999999998
 30
0
 11
60.8632579999999948
 21
-31.7266009999999987
 31
0
  0
LINE
  5
107C
330
1B
100
AcDbEntity
  8
F.Cu
  6
CONTINUOUS
100
AcDbLine
 10
60.8632579999999948
 20
-31.7266009999999987
 30
0
 11
61.0266850000000005
 21
-31.6940929999999987
 31
0
  0
LINE
  5
107D
330
1B
100
AcDbEntity
  8
F.Cu
  6
CONTINUOUS
100
AcDbLine
 10
61.0266850000000005
 20
-31.6940929999999987
 30
0
 11
61.1933149999999983
 21
-31.6940929999999987
 31
0
  0
LINE
  5
107E
330
1B
100
AcDbEntity
  8
F.Cu
  6
CONTINUOUS
100
AcDbLine
 10
61.1933149999999983
 20
-31.6940929999999987
 30
0
 11
61.356741999999997
 21
-31.7266009999999987
 31
0
  0
LINE
  5
107F
330
1B
100
AcDbEntity
  8
F.Cu
  6
CONTINUOUS
100
AcDbLine
 10
63.8967419999999962
 20
-31.7266009999999987
 30
0
 11
64.0506869999999964
 21
-31.7903669999999998
 31
0
  0
LINE
  5
1080
330
1B
100
AcDbEntity
  8
F.Cu
  6
CONTINUOUS
100
AcDbLine
 10
64.0506869999999964
 20
-31.7903669999999998
 30
0
 11
64.189233999999999
 21
-31.8829409999999989
 31
0
  0
LINE
  5
1081
330
1B
100
AcDbEntity
  8
F.Cu
  6
CONTINUOUS
100
AcDbLine
 10
64.189233999999999
 20
-31.8829409999999989
 30
0
 11
64.3070589999999953
 21
-32.0007659999999987
 31
0
  0
LINE
  5
1082
330
1B
100
AcDbEntity
  8
F.Cu
  6
CONTINUOUS
100
AcDbLine
 10
64.3070589999999953
 20
-32.0007659999999987
 30
0
 11
64.3996329999999944
 21
-32.1393130000000014
 31
0
  0
LINE
  5
1083
330
1B
100
AcDbEntity
  8
F.Cu
  6
CONTINUOUS
100
AcDbLine
 10
64.3996329999999944
 20
-32.1393130000000014
 30
0
 11
64.4633989999999955
 21
-32.2932580000000016
 31
0
  0
LINE
  5
1084
330
1B
100
AcDbEntity
  8
F.Cu
  6
CONTINUOUS
100
AcDbLine
 10
64.4633989999999955
 20
-32.2932580000000016
 30
0
 11
64.4959070000000025
 21
-32.4566850000000002
 31
0
  0
LINE
  5
1085
330
1B
100
AcDbEntity
  8
F.Cu
  6
CONTINUOUS
100
AcDbLine
 10
64.4959070000000025
 20
-32.4566850000000002
 30
0
 11
64.4959070000000025
 21
-32.6233149999999981
 31
0
  0
LINE
  5
1086
330
1B
100
AcDbEntity
  8
F.Cu
  6
CONTINUOUS
100
AcDbLine
 10
64.4959070000000025
 20
-32.6233149999999981
 30
0
 11
64.4633989999999955
 21
-32.7867419999999967
 31
0
  0
LINE
  5
1087
330
1B
100
AcDbEntity
  8
F.Cu
  6
CONTINUOUS
100
AcDbLine
 10
64.4633989999999955
 20
-32.7867419999999967
 30
0
 11
64.3996329999999944
 21
-32.9406869999999969
 31
0
  0
LINE
  5
1088
330
1B
100
AcDbEntity
  8
F.Cu
  6
CONTINUOUS
100
AcDbLine
 10
64.3996329999999944
 20
-32.9406869999999969
 30
0
 11
64.3070589999999953
 21
-33.0792339999999996
 31
0
  0
LINE
  5
1089
330
1B
100
AcDbEntity
  8
F.Cu
  6
CONTINUOUS
100
AcDbLine
 10
64.3070589999999953
 20
-33.0792339999999996
 30
0
 11
64.189233999999999
 21
-33.1970589999999959
 31
0
  0
LINE
  5
108A
330
1B
100
AcDbEntity
  8
F.Cu
  6
CONTINUOUS
100
AcDbLine
 10
64.189233999999999
 20
-33.1970589999999959
 30
0
 11
64.0506869999999964
 21
-33.289633000000002
 31
0
  0
LINE
  5
108B
330
1B
100
AcDbEntity
  8
F.Cu
  6
CONTINUOUS
100
AcDbLine
 10
64.0506869999999964
 20
-33.289633000000002
 30
0
 11
63.8967419999999962
 21
-33.353398999999996
 31
0
  0
LINE
  5
108C
330
1B
100
AcDbEntity
  8
F.Cu
  6
CONTINUOUS
100
AcDbLine
 10
63.8967419999999962
 20
-33.353398999999996
 30
0
 11
63.7333149999999975
 21
-33.385906999999996
 31
0
  0
LINE
  5
108D
330
1B
100
AcDbEntity
  8
F.Cu
  6
CONTINUOUS
100
AcDbLine
 10
63.7333149999999975
 20
-33.385906999999996
 30
0
 11
63.5666849999999997
 21
-33.385906999999996
 31
0
  0
LINE
  5
108E
330
1B
100
AcDbEntity
  8
F.Cu
  6
CONTINUOUS
100
AcDbLine
 10
63.5666849999999997
 20
-33.385906999999996
 30
0
 11
63.4032579999999939
 21
-33.353398999999996
 31
0
  0
LINE
  5
108F
330
1B
100
AcDbEntity
  8
F.Cu
  6
CONTINUOUS
100
AcDbLine
 10
63.4032579999999939
 20
-33.353398999999996
 30
0
 11
63.2493129999999937
 21
-33.289633000000002
 31
0
  0
LINE
  5
1090
330
1B
100
AcDbEntity
  8
F.Cu
  6
CONTINUOUS
100
AcDbLine
 10
63.2493129999999937
 20
-33.289633000000002
 30
0
 11
63.1107659999999981
 21
-33.1970589999999959
 31
0
  0
LINE
  5
1091
330
1B
100
AcDbEntity
  8
F.Cu
  6
CONTINUOUS
100
AcDbLine
 10
63.1107659999999981
 20
-33.1970589999999959
 30
0
 11
62.9929409999999947
 21
-33.0792339999999996
 31
0
  0
LINE
  5
1092
330
1B
100
AcDbEntity
  8
F.Cu
  6
CONTINUOUS
100
AcDbLine
 10
62.9929409999999947
 20
-33.0792339999999996
 30
0
 11
62.9003669999999957
 21
-32.9406869999999969
 31
0
  0
LINE
  5
1093
330
1B
100
AcDbEntity
  8
F.Cu
  6
CONTINUOUS
100
AcDbLine
 10
62.9003669999999957
 20
-32.9406869999999969
 30
0
 11
62.8366009999999946
 21
-32.7867419999999967
 31
0
  0
LINE
  5
1094
330
1B
100
AcDbEntity
  8
F.Cu
  6
CONTINUOUS
100
AcDbLine
 10
62.8366009999999946
 20
-32.7867419999999967
 30
0
 11
62.8040929999999946
 21
-32.6233149999999981
 31
0
  0
LINE
  5
1095
330
1B
100
AcDbEntity
  8
F.Cu
  6
CONTINUOUS
100
AcDbLine
 10
62.8040929999999946
 20
-32.6233149999999981
 30
0
 11
62.8040929999999946
 21
-32.4566850000000002
 31
0
  0
LINE
  5
1096
330
1B
100
AcDbEntity
  8
F.Cu
  6
CONTINUOUS
100
AcDbLine
 10
62.8040929999999946
 20
-32.4566850000000002
 30
0
 11
62.8366009999999946
 21
-32.2932580000000016
 31
0
  0
LINE
  5
1097
330
1B
100
AcDbEntity
  8
F.Cu
  6
CONTINUOUS
100
AcDbLine
 10
62.8366009999999946
 20
-32.2932580000000016
 30
0
 11
62.9003669999999957
 21
-32.1393130000000014
 31
0
  0
LINE
  5
1098
330
1B
100
AcDbEntity
  8
F.Cu
  6
CONTINUOUS
100
AcDbLine
 10
62.9003669999999957
 20
-32.1393130000000014
 30
0
 11
62.9929409999999947
 21
-32.0007659999999987
 31
0
  0
LINE
  5
1099
330
1B
100
AcDbEntity
  8
F.Cu
  6
CONTINUOUS
100
AcDbLine
 10
62.9929409999999947
 20
-32.0007659999999987
 30
0
 11
63.1107659999999981
 21
-31.8829409999999989
 31
0
  0
LINE
  5
109A
330
1B
100
AcDbEntity
  8
F.Cu
  6
CONTINUOUS
100
AcDbLine
 10
63.1107659999999981
 20
-31.8829409999999989
 30
0
 11
63.2493129999999937
 21
-31.7903669999999998
 31
0
  0
LINE
  5
109B
330
1B
100
AcDbEntity
  8
F.Cu
  6
CONTINUOUS
100
AcDbLine
 10
63.2493129999999937
 20
-31.7903669999999998
 30
0
 11
63.4032579999999939
 21
-31.7266009999999987
 31
0
  0
LINE
  5
109C
330
1B
100
AcDbEntity
  8
F.Cu
  6
CONTINUOUS
100
AcDbLine
 10
63.4032579999999939
 20
-31.7266009999999987
 30
0
 11
63.5666849999999997
 21
-31.6940929999999987
 31
0
  0
LINE
  5
109D
330
1B
100
AcDbEntity
  8
F.Cu
  6
CONTINUOUS
100
AcDbLine
 10
63.5666849999999997
 20
-31.6940929999999987
 30
0
 11
63.7333149999999975
 21
-31.6940929999999987
 31
0
  0
LINE
  5
109E
330
1B
100
AcDbEntity
  8
F.Cu
  6
CONTINUOUS
100
AcDbLine
 10
63.7333149999999975
 20
-31.6940929999999987
 30
0
 11
63.8967419999999962
 21
-31.7266009999999987
 31
0
  0
LINE
  5
109F
330
1B
100
AcDbEntity
  8
F.Cu
  6
CONTINUOUS
100
AcDbLine
 10
66.4367419999999953
 20
-31.7266009999999987
 30
0
 11
66.5906870000000026
 21
-31.7903669999999998
 31
0
  0
LINE
  5
10A0
330
1B
100
AcDbEntity
  8
F.Cu
  6
CONTINUOUS
100
AcDbLine
 10
66.5906870000000026
 20
-31.7903669999999998
 30
0
 11
66.7292339999999911
 21
-31.8829409999999989
 31
0
  0
LINE
  5
10A1
330
1B
100
AcDbEntity
  8
F.Cu
  6
CONTINUOUS
100
AcDbLine
 10
66.7292339999999911
 20
-31.8829409999999989
 30
0
 11
66.8470590000000016
 21
-32.0007659999999987
 31
0
  0
LINE
  5
10A2
330
1B
100
AcDbEntity
  8
F.Cu
  6
CONTINUOUS
100
AcDbLine
 10
66.8470590000000016
 20
-32.0007659999999987
 30
0
 11
66.9396330000000006
 21
-32.1393130000000014
 31
0
  0
LINE
  5
10A3
330
1B
100
AcDbEntity
  8
F.Cu
  6
CONTINUOUS
100
AcDbLine
 10
66.9396330000000006
 20
-32.1393130000000014
 30
0
 11
67.0033990000000017
 21
-32.2932580000000016
 31
0
  0
LINE
  5
10A4
330
1B
100
AcDbEntity
  8
F.Cu
  6
CONTINUOUS
100
AcDbLine
 10
67.0033990000000017
 20
-32.2932580000000016
 30
0
 11
67.0359069999999946
 21
-32.4566850000000002
 31
0
  0
LINE
  5
10A5
330
1B
100
AcDbEntity
  8
F.Cu
  6
CONTINUOUS
100
AcDbLine
 10
67.0359069999999946
 20
-32.4566850000000002
 30
0
 11
67.0359069999999946
 21
-32.6233149999999981
 31
0
  0
LINE
  5
10A6
330
1B
100
AcDbEntity
  8
F.Cu
  6
CONTINUOUS
100
AcDbLine
 10
67.0359069999999946
 20
-32.6233149999999981
 30
0
 11
67.0033990000000017
 21
-32.7867419999999967
 31
0
  0
LINE
  5
10A7
330
1B
100
AcDbEntity
  8
F.Cu
  6
CONTINUOUS
100
AcDbLine
 10
67.0033990000000017
 20
-32.7867419999999967
 30
0
 11
66.9396330000000006
 21
-32.9406869999999969
 31
0
  0
LINE
  5
10A8
330
1B
100
AcDbEntity
  8
F.Cu
  6
CONTINUOUS
100
AcDbLine
 10
66.9396330000000006
 20
-32.9406869999999969
 30
0
 11
66.8470590000000016
 21
-33.0792339999999996
 31
0
  0
LINE
  5
10A9
330
1B
100
AcDbEntity
  8
F.Cu
  6
CONTINUOUS
100
AcDbLine
 10
66.8470590000000016
 20
-33.0792339999999996
 30
0
 11
66.7292339999999911
 21
-33.1970589999999959
 31
0
  0
LINE
  5
10AA
330
1B
100
AcDbEntity
  8
F.Cu
  6
CONTINUOUS
100
AcDbLine
 10
66.7292339999999911
 20
-33.1970589999999959
 30
0
 11
66.5906870000000026
 21
-33.289633000000002
 31
0
  0
LINE
  5
10AB
330
1B
100
AcDbEntity
  8
F.Cu
  6
CONTINUOUS
100
AcDbLine
 10
66.5906870000000026
 20
-33.289633000000002
 30
0
 11
66.4367419999999953
 21
-33.353398999999996
 31
0
  0
LINE
  5
10AC
330
1B
100
AcDbEntity
  8
F.Cu
  6
CONTINUOUS
100
AcDbLine
 10
66.4367419999999953
 20
-33.353398999999996
 30
0
 11
66.2733149999999966
 21
-33.385906999999996
 31
0
  0
LINE
  5
10AD
330
1B
100
AcDbEntity
  8
F.Cu
  6
CONTINUOUS
100
AcDbLine
 10
66.2733149999999966
 20
-33.385906999999996
 30
0
 11
66.1066849999999988
 21
-33.385906999999996
 31
0
  0
LINE
  5
10AE
330
1B
100
AcDbEntity
  8
F.Cu
  6
CONTINUOUS
100
AcDbLine
 10
66.1066849999999988
 20
-33.385906999999996
 30
0
 11
65.9432580000000002
 21
-33.353398999999996
 31
0
  0
LINE
  5
10AF
330
1B
100
AcDbEntity
  8
F.Cu
  6
CONTINUOUS
100
AcDbLine
 10
65.9432580000000002
 20
-33.353398999999996
 30
0
 11
65.7893129999999928
 21
-33.289633000000002
 31
0
  0
LINE
  5
10B0
330
1B
100
AcDbEntity
  8
F.Cu
  6
CONTINUOUS
100
AcDbLine
 10
65.7893129999999928
 20
-33.289633000000002
 30
0
 11
65.6507659999999902
 21
-33.1970589999999959
 31
0
  0
LINE
  5
10B1
330
1B
100
AcDbEntity
  8
F.Cu
  6
CONTINUOUS
100
AcDbLine
 10
65.6507659999999902
 20
-33.1970589999999959
 30
0
 11
65.5329409999999939
 21
-33.0792339999999996
 31
0
  0
LINE
  5
10B2
330
1B
100
AcDbEntity
  8
F.Cu
  6
CONTINUOUS
100
AcDbLine
 10
65.5329409999999939
 20
-33.0792339999999996
 30
0
 11
65.4403669999999948
 21
-32.9406869999999969
 31
0
  0
LINE
  5
10B3
330
1B
100
AcDbEntity
  8
F.Cu
  6
CONTINUOUS
100
AcDbLine
 10
65.4403669999999948
 20
-32.9406869999999969
 30
0
 11
65.3766009999999937
 21
-32.7867419999999967
 31
0
  0
LINE
  5
10B4
330
1B
100
AcDbEntity
  8
F.Cu
  6
CONTINUOUS
100
AcDbLine
 10
65.3766009999999937
 20
-32.7867419999999967
 30
0
 11
65.3440930000000009
 21
-32.6233149999999981
 31
0
  0
LINE
  5
10B5
330
1B
100
AcDbEntity
  8
F.Cu
  6
CONTINUOUS
100
AcDbLine
 10
65.3440930000000009
 20
-32.6233149999999981
 30
0
 11
65.3440930000000009
 21
-32.4566850000000002
 31
0
  0
LINE
  5
10B6
330
1B
100
AcDbEntity
  8
F.Cu
  6
CONTINUOUS
100
AcDbLine
 10
65.3440930000000009
 20
-32.4566850000000002
 30
0
 11
65.3766009999999937
 21
-32.2932580000000016
 31
0
  0
LINE
  5
10B7
330
1B
100
AcDbEntity
  8
F.Cu
  6
CONTINUOUS
100
AcDbLine
 10
65.3766009999999937
 20
-32.2932580000000016
 30
0
 11
65.4403669999999948
 21
-32.1393130000000014
 31
0
  0
LINE
  5
10B8
330
1B
100
AcDbEntity
  8
F.Cu
  6
CONTINUOUS
100
AcDbLine
 10
65.4403669999999948
 20
-32.1393130000000014
 30
0
 11
65.5329409999999939
 21
-32.0007659999999987
 31
0
  0
LINE
  5
10B9
330
1B
100
AcDbEntity
  8
F.Cu
  6
CONTINUOUS
100
AcDbLine
 10
65.5329409999999939
 20
-32.0007659999999987
 30
0
 11
65.6507659999999902
 21
-31.8829409999999989
 31
0
  0
LINE
  5
10BA
330
1B
100
AcDbEntity
  8
F.Cu
  6
CONTINUOUS
100
AcDbLine
 10
65.6507659999999902
 20
-31.8829409999999989
 30
0
 11
65.7893129999999928
 21
-31.7903669999999998
 31
0
  0
LINE
  5
10BB
330
1B
100
AcDbEntity
  8
F.Cu
  6
CONTINUOUS
100
AcDbLine
 10
65.7893129999999928
 20
-31.7903669999999998
 30
0
 11
65.9432580000000002
 21
-31.7266009999999987
 31
0
  0
LINE
  5
10BC
330
1B
100
AcDbEntity
  8
F.Cu
  6
CONTINUOUS
100
AcDbLine
 10
65.9432580000000002
 20
-31.7266009999999987
 30
0
 11
66.1066849999999988
 21
-31.6940929999999987
 31
0
  0
LINE
  5
10BD
330
1B
100
AcDbEntity
  8
F.Cu
  6
CONTINUOUS
100
AcDbLine
 10
66.1066849999999988
 20
-31.6940929999999987
 30
0
 11
66.2733149999999966
 21
-31.6940929999999987
 31
0
  0
LINE
  5
10BE
330
1B
100
AcDbEntity
  8
F.Cu
  6
CONTINUOUS
100
AcDbLine
 10
66.2733149999999966
 20
-31.6940929999999987
 30
0
 11
66.4367419999999953
 21
-31.7266009999999987
 31
0
  0
LINE
  5
10BF
330
1B
100
AcDbEntity
  8
F.Cu
  6
CONTINUOUS
100
AcDbLine
 10
68.9767420000000016
 20
-31.7266009999999987
 30
0
 11
69.1306869999999947
 21
-31.7903669999999998
 31
0
  0
LINE
  5
10C0
330
1B
100
AcDbEntity
  8
F.Cu
  6
CONTINUOUS
100
AcDbLine
 10
69.1306869999999947
 20
-31.7903669999999998
 30
0
 11
69.2692339999999973
 21
-31.8829409999999989
 31
0
  0
LINE
  5
10C1
330
1B
100
AcDbEntity
  8
F.Cu
  6
CONTINUOUS
100
AcDbLine
 10
69.2692339999999973
 20
-31.8829409999999989
 30
0
 11
69.3870589999999936
 21
-32.0007659999999987
 31
0
  0
LINE
  5
10C2
330
1B
100
AcDbEntity
  8
F.Cu
  6
CONTINUOUS
100
AcDbLine
 10
69.3870589999999936
 20
-32.0007659999999987
 30
0
 11
69.4796329999999926
 21
-32.1393130000000014
 31
0
  0
LINE
  5
10C3
330
1B
100
AcDbEntity
  8
F.Cu
  6
CONTINUOUS
100
AcDbLine
 10
69.4796329999999926
 20
-32.1393130000000014
 30
0
 11
69.5433989999999937
 21
-32.2932580000000016
 31
0
  0
LINE
  5
10C4
330
1B
100
AcDbEntity
  8
F.Cu
  6
CONTINUOUS
100
AcDbLine
 10
69.5433989999999937
 20
-32.2932580000000016
 30
0
 11
69.5759070000000008
 21
-32.4566850000000002
 31
0
  0
LINE
  5
10C5
330
1B
100
AcDbEntity
  8
F.Cu
  6
CONTINUOUS
100
AcDbLine
 10
69.5759070000000008
 20
-32.4566850000000002
 30
0
 11
69.5759070000000008
 21
-32.6233149999999981
 31
0
  0
LINE
  5
10C6
330
1B
100
AcDbEntity
  8
F.Cu
  6
CONTINUOUS
100
AcDbLine
 10
69.5759070000000008
 20
-32.6233149999999981
 30
0
 11
69.5433989999999937
 21
-32.7867419999999967
 31
0
  0
LINE
  5
10C7
330
1B
100
AcDbEntity
  8
F.Cu
  6
CONTINUOUS
100
AcDbLine
 10
69.5433989999999937
 20
-32.7867419999999967
 30
0
 11
69.4796329999999926
 21
-32.9406869999999969
 31
0
  0
LINE
  5
10C8
330
1B
100
AcDbEntity
  8
F.Cu
  6
CONTINUOUS
100
AcDbLine
 10
69.4796329999999926
 20
-32.9406869999999969
 30
0
 11
69.3870589999999936
 21
-33.0792339999999996
 31
0
  0
LINE
  5
10C9
330
1B
100
AcDbEntity
  8
F.Cu
  6
CONTINUOUS
100
AcDbLine
 10
69.3870589999999936
 20
-33.0792339999999996
 30
0
 11
69.2692339999999973
 21
-33.1970589999999959
 31
0
  0
LINE
  5
10CA
330
1B
100
AcDbEntity
  8
F.Cu
  6
CONTINUOUS
100
AcDbLine
 10
69.2692339999999973
 20
-33.1970589999999959
 30
0
 11
69.1306869999999947
 21
-33.289633000000002
 31
0
  0
LINE
  5
10CB
330
1B
100
AcDbEntity
  8
F.Cu
  6
CONTINUOUS
100
AcDbLine
 10
69.1306869999999947
 20
-33.289633000000002
 30
0
 11
68.9767420000000016
 21
-33.353398999999996
 31
0
  0
LINE
  5
10CC
330
1B
100
AcDbEntity
  8
F.Cu
  6
CONTINUOUS
100
AcDbLine
 10
68.9767420000000016
 20
-33.353398999999996
 30
0
 11
68.8133150000000029
 21
-33.385906999999996
 31
0
  0
LINE
  5
10CD
330
1B
100
AcDbEntity
  8
F.Cu
  6
CONTINUOUS
100
AcDbLine
 10
68.8133150000000029
 20
-33.385906999999996
 30
0
 11
68.6466849999999909
 21
-33.385906999999996
 31
0
  0
LINE
  5
10CE
330
1B
100
AcDbEntity
  8
F.Cu
  6
CONTINUOUS
100
AcDbLine
 10
68.6466849999999909
 20
-33.385906999999996
 30
0
 11
68.4832579999999922
 21
-33.353398999999996
 31
0
  0
LINE
  5
10CF
330
1B
100
AcDbEntity
  8
F.Cu
  6
CONTINUOUS
100
AcDbLine
 10
68.4832579999999922
 20
-33.353398999999996
 30
0
 11
68.3293129999999991
 21
-33.289633000000002
 31
0
  0
LINE
  5
10D0
330
1B
100
AcDbEntity
  8
F.Cu
  6
CONTINUOUS
100
AcDbLine
 10
68.3293129999999991
 20
-33.289633000000002
 30
0
 11
68.1907659999999964
 21
-33.1970589999999959
 31
0
  0
LINE
  5
10D1
330
1B
100
AcDbEntity
  8
F.Cu
  6
CONTINUOUS
100
AcDbLine
 10
68.1907659999999964
 20
-33.1970589999999959
 30
0
 11
68.0729410000000001
 21
-33.0792339999999996
 31
0
  0
LINE
  5
10D2
330
1B
100
AcDbEntity
  8
F.Cu
  6
CONTINUOUS
100
AcDbLine
 10
68.0729410000000001
 20
-33.0792339999999996
 30
0
 11
67.9803670000000011
 21
-32.9406869999999969
 31
0
  0
LINE
  5
10D3
330
1B
100
AcDbEntity
  8
F.Cu
  6
CONTINUOUS
100
AcDbLine
 10
67.9803670000000011
 20
-32.9406869999999969
 30
0
 11
67.916601
 21
-32.7867419999999967
 31
0
  0
LINE
  5
10D4
330
1B
100
AcDbEntity
  8
F.Cu
  6
CONTINUOUS
100
AcDbLine
 10
67.916601
 20
-32.7867419999999967
 30
0
 11
67.8840929999999929
 21
-32.6233149999999981
 31
0
  0
LINE
  5
10D5
330
1B
100
AcDbEntity
  8
F.Cu
  6
CONTINUOUS
100
AcDbLine
 10
67.8840929999999929
 20
-32.6233149999999981
 30
0
 11
67.8840929999999929
 21
-32.4566850000000002
 31
0
  0
LINE
  5
10D6
330
1B
100
AcDbEntity
  8
F.Cu
  6
CONTINUOUS
100
AcDbLine
 10
67.8840929999999929
 20
-32.4566850000000002
 30
0
 11
67.916601
 21
-32.2932580000000016
 31
0
  0
LINE
  5
10D7
330
1B
100
AcDbEntity
  8
F.Cu
  6
CONTINUOUS
100
AcDbLine
 10
67.916601
 20
-32.2932580000000016
 30
0
 11
67.9803670000000011
 21
-32.1393130000000014
 31
0
  0
LINE
  5
10D8
330
1B
100
AcDbEntity
  8
F.Cu
  6
CONTINUOUS
100
AcDbLine
 10
67.9803670000000011
 20
-32.1393130000000014
 30
0
 11
68.0729410000000001
 21
-32.0007659999999987
 31
0
  0
LINE
  5
10D9
330
1B
100
AcDbEntity
  8
F.Cu
  6
CONTINUOUS
100
AcDbLine
 10
68.0729410000000001
 20
-32.0007659999999987
 30
0
 11
68.1907659999999964
 21
-31.8829409999999989
 31
0
  0
LINE
  5
10DA
330
1B
100
AcDbEntity
  8
F.Cu
  6
CONTINUOUS
100
AcDbLine
 10
68.1907659999999964
 20
-31.8829409999999989
 30
0
 11
68.3293129999999991
 21
-31.7903669999999998
 31
0
  0
LINE
  5
10DB
330
1B
100
AcDbEntity
  8
F.Cu
  6
CONTINUOUS
100
AcDbLine
 10
68.3293129999999991
 20
-31.7903669999999998
 30
0
 11
68.4832579999999922
 21
-31.7266009999999987
 31
0
  0
LINE
  5
10DC
330
1B
100
AcDbEntity
  8
F.Cu
  6
CONTINUOUS
100
AcDbLine
 10
68.4832579999999922
 20
-31.7266009999999987
 30
0
 11
68.6466849999999909
 21
-31.6940929999999987
 31
0
  0
LINE
  5
10DD
330
1B
100
AcDbEntity
  8
F.Cu
  6
CONTINUOUS
100
AcDbLine
 10
68.6466849999999909
 20
-31.6940929999999987
 30
0
 11
68.8133150000000029
 21
-31.6940929999999987
 31
0
  0
LINE
  5
10DE
330
1B
100
AcDbEntity
  8
F.Cu
  6
CONTINUOUS
100
AcDbLine
 10
68.8133150000000029
 20
-31.6940929999999987
 30
0
 11
68.9767420000000016
 21
-31.7266009999999987
 31
0
  0
LINE
  5
10DF
330
1B
100
AcDbEntity
  8
F.Cu
  6
CONTINUOUS
100
AcDbLine
 10
71.5167419999999936
 20
-31.7266009999999987
 30
0
 11
71.6706870000000009
 21
-31.7903669999999998
 31
0
  0
LINE
  5
10E0
330
1B
100
AcDbEntity
  8
F.Cu
  6
CONTINUOUS
100
AcDbLine
 10
71.6706870000000009
 20
-31.7903669999999998
 30
0
 11
71.8092340000000036
 21
-31.8829409999999989
 31
0
  0
LINE
  5
10E1
330
1B
100
AcDbEntity
  8
F.Cu
  6
CONTINUOUS
100
AcDbLine
 10
71.8092340000000036
 20
-31.8829409999999989
 30
0
 11
71.9270589999999999
 21
-32.0007659999999987
 31
0
  0
LINE
  5
10E2
330
1B
100
AcDbEntity
  8
F.Cu
  6
CONTINUOUS
100
AcDbLine
 10
71.9270589999999999
 20
-32.0007659999999987
 30
0
 11
72.0196329999999989
 21
-32.1393130000000014
 31
0
  0
LINE
  5
10E3
330
1B
100
AcDbEntity
  8
F.Cu
  6
CONTINUOUS
100
AcDbLine
 10
72.0196329999999989
 20
-32.1393130000000014
 30
0
 11
72.083399
 21
-32.2932580000000016
 31
0
  0
LINE
  5
10E4
330
1B
100
AcDbEntity
  8
F.Cu
  6
CONTINUOUS
100
AcDbLine
 10
72.083399
 20
-32.2932580000000016
 30
0
 11
72.1159069999999929
 21
-32.4566850000000002
 31
0
  0
LINE
  5
10E5
330
1B
100
AcDbEntity
  8
F.Cu
  6
CONTINUOUS
100
AcDbLine
 10
72.1159069999999929
 20
-32.4566850000000002
 30
0
 11
72.1159069999999929
 21
-32.6233149999999981
 31
0
  0
LINE
  5
10E6
330
1B
100
AcDbEntity
  8
F.Cu
  6
CONTINUOUS
100
AcDbLine
 10
72.1159069999999929
 20
-32.6233149999999981
 30
0
 11
72.083399
 21
-32.7867419999999967
 31
0
  0
LINE
  5
10E7
330
1B
100
AcDbEntity
  8
F.Cu
  6
CONTINUOUS
100
AcDbLine
 10
72.083399
 20
-32.7867419999999967
 30
0
 11
72.0196329999999989
 21
-32.9406869999999969
 31
0
  0
LINE
  5
10E8
330
1B
100
AcDbEntity
  8
F.Cu
  6
CONTINUOUS
100
AcDbLine
 10
72.0196329999999989
 20
-32.9406869999999969
 30
0
 11
71.9270589999999999
 21
-33.0792339999999996
 31
0
  0
LINE
  5
10E9
330
1B
100
AcDbEntity
  8
F.Cu
  6
CONTINUOUS
100
AcDbLine
 10
71.9270589999999999
 20
-33.0792339999999996
 30
0
 11
71.8092340000000036
 21
-33.1970589999999959
 31
0
  0
LINE
  5
10EA
330
1B
100
AcDbEntity
  8
F.Cu
  6
CONTINUOUS
100
AcDbLine
 10
71.8092340000000036
 20
-33.1970589999999959
 30
0
 11
71.6706870000000009
 21
-33.289633000000002
 31
0
  0
LINE
  5
10EB
330
1B
100
AcDbEntity
  8
F.Cu
  6
CONTINUOUS
100
AcDbLine
 10
71.6706870000000009
 20
-33.289633000000002
 30
0
 11
71.5167419999999936
 21
-33.353398999999996
 31
0
  0
LINE
  5
10EC
330
1B
100
AcDbEntity
  8
F.Cu
  6
CONTINUOUS
100
AcDbLine
 10
71.5167419999999936
 20
-33.353398999999996
 30
0
 11
71.3533149999999949
 21
-33.385906999999996
 31
0
  0
LINE
  5
10ED
330
1B
100
AcDbEntity
  8
F.Cu
  6
CONTINUOUS
100
AcDbLine
 10
71.3533149999999949
 20
-33.385906999999996
 30
0
 11
71.1866849999999971
 21
-33.385906999999996
 31
0
  0
LINE
  5
10EE
330
1B
100
AcDbEntity
  8
F.Cu
  6
CONTINUOUS
100
AcDbLine
 10
71.1866849999999971
 20
-33.385906999999996
 30
0
 11
71.0232579999999984
 21
-33.353398999999996
 31
0
  0
LINE
  5
10EF
330
1B
100
AcDbEntity
  8
F.Cu
  6
CONTINUOUS
100
AcDbLine
 10
71.0232579999999984
 20
-33.353398999999996
 30
0
 11
70.8693129999999911
 21
-33.289633000000002
 31
0
  0
LINE
  5
10F0
330
1B
100
AcDbEntity
  8
F.Cu
  6
CONTINUOUS
100
AcDbLine
 10
70.8693129999999911
 20
-33.289633000000002
 30
0
 11
70.7307660000000027
 21
-33.1970589999999959
 31
0
  0
LINE
  5
10F1
330
1B
100
AcDbEntity
  8
F.Cu
  6
CONTINUOUS
100
AcDbLine
 10
70.7307660000000027
 20
-33.1970589999999959
 30
0
 11
70.6129409999999922
 21
-33.0792339999999996
 31
0
  0
LINE
  5
10F2
330
1B
100
AcDbEntity
  8
F.Cu
  6
CONTINUOUS
100
AcDbLine
 10
70.6129409999999922
 20
-33.0792339999999996
 30
0
 11
70.5203669999999931
 21
-32.9406869999999969
 31
0
  0
LINE
  5
10F3
330
1B
100
AcDbEntity
  8
F.Cu
  6
CONTINUOUS
100
AcDbLine
 10
70.5203669999999931
 20
-32.9406869999999969
 30
0
 11
70.456600999999992
 21
-32.7867419999999967
 31
0
  0
LINE
  5
10F4
330
1B
100
AcDbEntity
  8
F.Cu
  6
CONTINUOUS
100
AcDbLine
 10
70.456600999999992
 20
-32.7867419999999967
 30
0
 11
70.4240929999999992
 21
-32.6233149999999981
 31
0
  0
LINE
  5
10F5
330
1B
100
AcDbEntity
  8
F.Cu
  6
CONTINUOUS
100
AcDbLine
 10
70.4240929999999992
 20
-32.6233149999999981
 30
0
 11
70.4240929999999992
 21
-32.4566850000000002
 31
0
  0
LINE
  5
10F6
330
1B
100
AcDbEntity
  8
F.Cu
  6
CONTINUOUS
100
AcDbLine
 10
70.4240929999999992
 20
-32.4566850000000002
 30
0
 11
70.456600999999992
 21
-32.2932580000000016
 31
0
  0
LINE
  5
10F7
330
1B
100
AcDbEntity
  8
F.Cu
  6
CONTINUOUS
100
AcDbLine
 10
70.456600999999992
 20
-32.2932580000000016
 30
0
 11
70.5203669999999931
 21
-32.1393130000000014
 31
0
  0
LINE
  5
10F8
330
1B
100
AcDbEntity
  8
F.Cu
  6
CONTINUOUS
100
AcDbLine
 10
70.5203669999999931
 20
-32.1393130000000014
 30
0
 11
70.6129409999999922
 21
-32.0007659999999987
 31
0
  0
LINE
  5
10F9
330
1B
100
AcDbEntity
  8
F.Cu
  6
CONTINUOUS
100
AcDbLine
 10
70.6129409999999922
 20
-32.0007659999999987
 30
0
 11
70.7307660000000027
 21
-31.8829409999999989
 31
0
  0
LINE
  5
10FA
330
1B
100
AcDbEntity
  8
F.Cu
  6
CONTINUOUS
100
AcDbLine
 10
70.7307660000000027
 20
-31.8829409999999989
 30
0
 11
70.8693129999999911
 21
-31.7903669999999998
 31
0
  0
LINE
  5
10FB
330
1B
100
AcDbEntity
  8
F.Cu
  6
CONTINUOUS
100
AcDbLine
 10
70.8693129999999911
 20
-31.7903669999999998
 30
0
 11
71.0232579999999984
 21
-31.7266009999999987
 31
0
  0
LINE
  5
10FC
330
1B
100
AcDbEntity
  8
F.Cu
  6
CONTINUOUS
100
AcDbLine
 10
71.0232579999999984
 20
-31.7266009999999987
 30
0
 11
71.1866849999999971
 21
-31.6940929999999987
 31
0
  0
LINE
  5
10FD
330
1B
100
AcDbEntity
  8
F.Cu
  6
CONTINUOUS
100
AcDbLine
 10
71.1866849999999971
 20
-31.6940929999999987
 30
0
 11
71.3533149999999949
 21
-31.6940929999999987
 31
0
  0
LINE
  5
10FE
330
1B
100
AcDbEntity
  8
F.Cu
  6
CONTINUOUS
100
AcDbLine
 10
71.3533149999999949
 20
-31.6940929999999987
 30
0
 11
71.5167419999999936
 21
-31.7266009999999987
 31
0
  0
LINE
  5
10FF
330
1B
100
AcDbEntity
  8
F.Cu
  6
CONTINUOUS
100
AcDbLine
 10
74.0567419999999998
 20
-31.7266009999999987
 30
0
 11
74.210686999999993
 21
-31.7903669999999998
 31
0
  0
LINE
  5
1100
330
1B
100
AcDbEntity
  8
F.Cu
  6
CONTINUOUS
100
AcDbLine
 10
74.210686999999993
 20
-31.7903669999999998
 30
0
 11
74.3492339999999956
 21
-31.8829409999999989
 31
0
  0
LINE
  5
1101
330
1B
100
AcDbEntity
  8
F.Cu
  6
CONTINUOUS
100
AcDbLine
 10
74.3492339999999956
 20
-31.8829409999999989
 30
0
 11
74.4670589999999919
 21
-32.0007659999999987
 31
0
  0
LINE
  5
1102
330
1B
100
AcDbEntity
  8
F.Cu
  6
CONTINUOUS
100
AcDbLine
 10
74.4670589999999919
 20
-32.0007659999999987
 30
0
 11
74.5596329999999909
 21
-32.1393130000000014
 31
0
  0
LINE
  5
1103
330
1B
100
AcDbEntity
  8
F.Cu
  6
CONTINUOUS
100
AcDbLine
 10
74.5596329999999909
 20
-32.1393130000000014
 30
0
 11
74.623398999999992
 21
-32.2932580000000016
 31
0
  0
LINE
  5
1104
330
1B
100
AcDbEntity
  8
F.Cu
  6
CONTINUOUS
100
AcDbLine
 10
74.623398999999992
 20
-32.2932580000000016
 30
0
 11
74.6559069999999991
 21
-32.4566850000000002
 31
0
  0
LINE
  5
1105
330
1B
100
AcDbEntity
  8
F.Cu
  6
CONTINUOUS
100
AcDbLine
 10
74.6559069999999991
 20
-32.4566850000000002
 30
0
 11
74.6559069999999991
 21
-32.6233149999999981
 31
0
  0
LINE
  5
1106
330
1B
100
AcDbEntity
  8
F.Cu
  6
CONTINUOUS
100
AcDbLine
 10
74.6559069999999991
 20
-32.6233149999999981
 30
0
 11
74.623398999999992
 21
-32.7867419999999967
 31
0
  0
LINE
  5
1107
330
1B
100
AcDbEntity
  8
F.Cu
  6
CONTINUOUS
100
AcDbLine
 10
74.623398999999992
 20
-32.7867419999999967
 30
0
 11
74.5596329999999909
 21
-32.9406869999999969
 31
0
  0
LINE
  5
1108
330
1B
100
AcDbEntity
  8
F.Cu
  6
CONTINUOUS
100
AcDbLine
 10
74.5596329999999909
 20
-32.9406869999999969
 30
0
 11
74.4670589999999919
 21
-33.0792339999999996
 31
0
  0
LINE
  5
1109
330
1B
100
AcDbEntity
  8
F.Cu
  6
CONTINUOUS
100
AcDbLine
 10
74.4670589999999919
 20
-33.0792339999999996
 30
0
 11
74.3492339999999956
 21
-33.1970589999999959
 31
0
  0
LINE
  5
110A
330
1B
100
AcDbEntity
  8
F.Cu
  6
CONTINUOUS
100
AcDbLine
 10
74.3492339999999956
 20
-33.1970589999999959
 30
0
 11
74.210686999999993
 21
-33.289633000000002
 31
0
  0
LINE
  5
110B
330
1B
100
AcDbEntity
  8
F.Cu
  6
CONTINUOUS
100
AcDbLine
 10
74.210686999999993
 20
-33.289633000000002
 30
0
 11
74.0567419999999998
 21
-33.353398999999996
 31
0
  0
LINE
  5
110C
330
1B
100
AcDbEntity
  8
F.Cu
  6
CONTINUOUS
100
AcDbLine
 10
74.0567419999999998
 20
-33.353398999999996
 30
0
 11
73.8933150000000012
 21
-33.385906999999996
 31
0
  0
LINE
  5
110D
330
1B
100
AcDbEntity
  8
F.Cu
  6
CONTINUOUS
100
AcDbLine
 10
73.8933150000000012
 20
-33.385906999999996
 30
0
 11
73.7266850000000034
 21
-33.385906999999996
 31
0
  0
LINE
  5
110E
330
1B
100
AcDbEntity
  8
F.Cu
  6
CONTINUOUS
100
AcDbLine
 10
73.7266850000000034
 20
-33.385906999999996
 30
0
 11
73.5632579999999905
 21
-33.353398999999996
 31
0
  0
LINE
  5
110F
330
1B
100
AcDbEntity
  8
F.Cu
  6
CONTINUOUS
100
AcDbLine
 10
73.5632579999999905
 20
-33.353398999999996
 30
0
 11
73.4093129999999974
 21
-33.289633000000002
 31
0
  0
LINE
  5
1110
330
1B
100
AcDbEntity
  8
F.Cu
  6
CONTINUOUS
100
AcDbLine
 10
73.4093129999999974
 20
-33.289633000000002
 30
0
 11
73.2707659999999947
 21
-33.1970589999999959
 31
0
  0
LINE
  5
1111
330
1B
100
AcDbEntity
  8
F.Cu
  6
CONTINUOUS
100
AcDbLine
 10
73.2707659999999947
 20
-33.1970589999999959
 30
0
 11
73.1529409999999984
 21
-33.0792339999999996
 31
0
  0
LINE
  5
1112
330
1B
100
AcDbEntity
  8
F.Cu
  6
CONTINUOUS
100
AcDbLine
 10
73.1529409999999984
 20
-33.0792339999999996
 30
0
 11
73.0603669999999994
 21
-32.9406869999999969
 31
0
  0
LINE
  5
1113
330
1B
100
AcDbEntity
  8
F.Cu
  6
CONTINUOUS
100
AcDbLine
 10
73.0603669999999994
 20
-32.9406869999999969
 30
0
 11
72.9966009999999983
 21
-32.7867419999999967
 31
0
  0
LINE
  5
1114
330
1B
100
AcDbEntity
  8
F.Cu
  6
CONTINUOUS
100
AcDbLine
 10
72.9966009999999983
 20
-32.7867419999999967
 30
0
 11
72.9640929999999912
 21
-32.6233149999999981
 31
0
  0
LINE
  5
1115
330
1B
100
AcDbEntity
  8
F.Cu
  6
CONTINUOUS
100
AcDbLine
 10
72.9640929999999912
 20
-32.6233149999999981
 30
0
 11
72.9640929999999912
 21
-32.4566850000000002
 31
0
  0
LINE
  5
1116
330
1B
100
AcDbEntity
  8
F.Cu
  6
CONTINUOUS
100
AcDbLine
 10
72.9640929999999912
 20
-32.4566850000000002
 30
0
 11
72.9966009999999983
 21
-32.2932580000000016
 31
0
  0
LINE
  5
1117
330
1B
100
AcDbEntity
  8
F.Cu
  6
CONTINUOUS
100
AcDbLine
 10
72.9966009999999983
 20
-32.2932580000000016
 30
0
 11
73.0603669999999994
 21
-32.1393130000000014
 31
0
  0
LINE
  5
1118
330
1B
100
AcDbEntity
  8
F.Cu
  6
CONTINUOUS
100
AcDbLine
 10
73.0603669999999994
 20
-32.1393130000000014
 30
0
 11
73.1529409999999984
 21
-32.0007659999999987
 31
0
  0
LINE
  5
1119
330
1B
100
AcDbEntity
  8
F.Cu
  6
CONTINUOUS
100
AcDbLine
 10
73.1529409999999984
 20
-32.0007659999999987
 30
0
 11
73.2707659999999947
 21
-31.8829409999999989
 31
0
  0
LINE
  5
111A
330
1B
100
AcDbEntity
  8
F.Cu
  6
CONTINUOUS
100
AcDbLine
 10
73.2707659999999947
 20
-31.8829409999999989
 30
0
 11
73.4093129999999974
 21
-31.7903669999999998
 31
0
  0
LINE
  5
111B
330
1B
100
AcDbEntity
  8
F.Cu
  6
CONTINUOUS
100
AcDbLine
 10
73.4093129999999974
 20
-31.7903669999999998
 30
0
 11
73.5632579999999905
 21
-31.7266009999999987
 31
0
  0
LINE
  5
111C
330
1B
100
AcDbEntity
  8
F.Cu
  6
CONTINUOUS
100
AcDbLine
 10
73.5632579999999905
 20
-31.7266009999999987
 30
0
 11
73.7266850000000034
 21
-31.6940929999999987
 31
0
  0
LINE
  5
111D
330
1B
100
AcDbEntity
  8
F.Cu
  6
CONTINUOUS
100
AcDbLine
 10
73.7266850000000034
 20
-31.6940929999999987
 30
0
 11
73.8933150000000012
 21
-31.6940929999999987
 31
0
  0
LINE
  5
111E
330
1B
100
AcDbEntity
  8
F.Cu
  6
CONTINUOUS
100
AcDbLine
 10
73.8933150000000012
 20
-31.6940929999999987
 30
0
 11
74.0567419999999998
 21
-31.7266009999999987
 31
0
  0
LINE
  5
111F
330
1B
100
AcDbEntity
  8
F.Cu
  6
CONTINUOUS
100
AcDbLine
 10
76.5967419999999919
 20
-31.7266009999999987
 30
0
 11
76.7506869999999992
 21
-31.7903669999999998
 31
0
  0
LINE
  5
1120
330
1B
100
AcDbEntity
  8
F.Cu
  6
CONTINUOUS
100
AcDbLine
 10
76.7506869999999992
 20
-31.7903669999999998
 30
0
 11
76.8892340000000019
 21
-31.8829409999999989
 31
0
  0
LINE
  5
1121
330
1B
100
AcDbEntity
  8
F.Cu
  6
CONTINUOUS
100
AcDbLine
 10
76.8892340000000019
 20
-31.8829409999999989
 30
0
 11
77.0070589999999982
 21
-32.0007659999999987
 31
0
  0
LINE
  5
1122
330
1B
100
AcDbEntity
  8
F.Cu
  6
CONTINUOUS
100
AcDbLine
 10
77.0070589999999982
 20
-32.0007659999999987
 30
0
 11
77.0996329999999972
 21
-32.1393130000000014
 31
0
  0
LINE
  5
1123
330
1B
100
AcDbEntity
  8
F.Cu
  6
CONTINUOUS
100
AcDbLine
 10
77.0996329999999972
 20
-32.1393130000000014
 30
0
 11
77.1633989999999983
 21
-32.2932580000000016
 31
0
  0
LINE
  5
1124
330
1B
100
AcDbEntity
  8
F.Cu
  6
CONTINUOUS
100
AcDbLine
 10
77.1633989999999983
 20
-32.2932580000000016
 30
0
 11
77.1959069999999912
 21
-32.4566850000000002
 31
0
  0
LINE
  5
1125
330
1B
100
AcDbEntity
  8
F.Cu
  6
CONTINUOUS
100
AcDbLine
 10
77.1959069999999912
 20
-32.4566850000000002
 30
0
 11
77.1959069999999912
 21
-32.6233149999999981
 31
0
  0
LINE
  5
1126
330
1B
100
AcDbEntity
  8
F.Cu
  6
CONTINUOUS
100
AcDbLine
 10
77.1959069999999912
 20
-32.6233149999999981
 30
0
 11
77.1633989999999983
 21
-32.7867419999999967
 31
0
  0
LINE
  5
1127
330
1B
100
AcDbEntity
  8
F.Cu
  6
CONTINUOUS
100
AcDbLine
 10
77.1633989999999983
 20
-32.7867419999999967
 30
0
 11
77.0996329999999972
 21
-32.9406869999999969
 31
0
  0
LINE
  5
1128
330
1B
100
AcDbEntity
  8
F.Cu
  6
CONTINUOUS
100
AcDbLine
 10
77.0996329999999972
 20
-32.9406869999999969
 30
0
 11
77.0070589999999982
 21
-33.0792339999999996
 31
0
  0
LINE
  5
1129
330
1B
100
AcDbEntity
  8
F.Cu
  6
CONTINUOUS
100
AcDbLine
 10
77.0070589999999982
 20
-33.0792339999999996
 30
0
 11
76.8892340000000019
 21
-33.1970589999999959
 31
0
  0
LINE
  5
112A
330
1B
100
AcDbEntity
  8
F.Cu
  6
CONTINUOUS
100
AcDbLine
 10
76.8892340000000019
 20
-33.1970589999999959
 30
0
 11
76.7506869999999992
 21
-33.289633000000002
 31
0
  0
LINE
  5
112B
330
1B
100
AcDbEntity
  8
F.Cu
  6
CONTINUOUS
100
AcDbLine
 10
76.7506869999999992
 20
-33.289633000000002
 30
0
 11
76.5967419999999919
 21
-33.353398999999996
 31
0
  0
LINE
  5
112C
330
1B
100
AcDbEntity
  8
F.Cu
  6
CONTINUOUS
100
AcDbLine
 10
76.5967419999999919
 20
-33.353398999999996
 30
0
 11
76.4333149999999932
 21
-33.385906999999996
 31
0
  0
LINE
  5
112D
330
1B
100
AcDbEntity
  8
F.Cu
  6
CONTINUOUS
100
AcDbLine
 10
76.4333149999999932
 20
-33.385906999999996
 30
0
 11
76.2666849999999954
 21
-33.385906999999996
 31
0
  0
LINE
  5
112E
330
1B
100
AcDbEntity
  8
F.Cu
  6
CONTINUOUS
100
AcDbLine
 10
76.2666849999999954
 20
-33.385906999999996
 30
0
 11
76.1032579999999967
 21
-33.353398999999996
 31
0
  0
LINE
  5
112F
330
1B
100
AcDbEntity
  8
F.Cu
  6
CONTINUOUS
100
AcDbLine
 10
76.1032579999999967
 20
-33.353398999999996
 30
0
 11
75.9493130000000036
 21
-33.289633000000002
 31
0
  0
LINE
  5
1130
330
1B
100
AcDbEntity
  8
F.Cu
  6
CONTINUOUS
100
AcDbLine
 10
75.9493130000000036
 20
-33.289633000000002
 30
0
 11
75.810766000000001
 21
-33.1970589999999959
 31
0
  0
LINE
  5
1131
330
1B
100
AcDbEntity
  8
F.Cu
  6
CONTINUOUS
100
AcDbLine
 10
75.810766000000001
 20
-33.1970589999999959
 30
0
 11
75.6929409999999905
 21
-33.0792339999999996
 31
0
  0
LINE
  5
1132
330
1B
100
AcDbEntity
  8
F.Cu
  6
CONTINUOUS
100
AcDbLine
 10
75.6929409999999905
 20
-33.0792339999999996
 30
0
 11
75.6003669999999914
 21
-32.9406869999999969
 31
0
  0
LINE
  5
1133
330
1B
100
AcDbEntity
  8
F.Cu
  6
CONTINUOUS
100
AcDbLine
 10
75.6003669999999914
 20
-32.9406869999999969
 30
0
 11
75.5366009999999903
 21
-32.7867419999999967
 31
0
  0
LINE
  5
1134
330
1B
100
AcDbEntity
  8
F.Cu
  6
CONTINUOUS
100
AcDbLine
 10
75.5366009999999903
 20
-32.7867419999999967
 30
0
 11
75.5040929999999975
 21
-32.6233149999999981
 31
0
  0
LINE
  5
1135
330
1B
100
AcDbEntity
  8
F.Cu
  6
CONTINUOUS
100
AcDbLine
 10
75.5040929999999975
 20
-32.6233149999999981
 30
0
 11
75.5040929999999975
 21
-32.4566850000000002
 31
0
  0
LINE
  5
1136
330
1B
100
AcDbEntity
  8
F.Cu
  6
CONTINUOUS
100
AcDbLine
 10
75.5040929999999975
 20
-32.4566850000000002
 30
0
 11
75.5366009999999903
 21
-32.2932580000000016
 31
0
  0
LINE
  5
1137
330
1B
100
AcDbEntity
  8
F.Cu
  6
CONTINUOUS
100
AcDbLine
 10
75.5366009999999903
 20
-32.2932580000000016
 30
0
 11
75.6003669999999914
 21
-32.1393130000000014
 31
0
  0
LINE
  5
1138
330
1B
100
AcDbEntity
  8
F.Cu
  6
CONTINUOUS
100
AcDbLine
 10
75.6003669999999914
 20
-32.1393130000000014
 30
0
 11
75.6929409999999905
 21
-32.0007659999999987
 31
0
  0
LINE
  5
1139
330
1B
100
AcDbEntity
  8
F.Cu
  6
CONTINUOUS
100
AcDbLine
 10
75.6929409999999905
 20
-32.0007659999999987
 30
0
 11
75.810766000000001
 21
-31.8829409999999989
 31
0
  0
LINE
  5
113A
330
1B
100
AcDbEntity
  8
F.Cu
  6
CONTINUOUS
100
AcDbLine
 10
75.810766000000001
 20
-31.8829409999999989
 30
0
 11
75.9493130000000036
 21
-31.7903669999999998
 31
0
  0
LINE
  5
113B
330
1B
100
AcDbEntity
  8
F.Cu
  6
CONTINUOUS
100
AcDbLine
 10
75.9493130000000036
 20
-31.7903669999999998
 30
0
 11
76.1032579999999967
 21
-31.7266009999999987
 31
0
  0
LINE
  5
113C
330
1B
100
AcDbEntity
  8
F.Cu
  6
CONTINUOUS
100
AcDbLine
 10
76.1032579999999967
 20
-31.7266009999999987
 30
0
 11
76.2666849999999954
 21
-31.6940929999999987
 31
0
  0
LINE
  5
113D
330
1B
100
AcDbEntity
  8
F.Cu
  6
CONTINUOUS
100
AcDbLine
 10
76.2666849999999954
 20
-31.6940929999999987
 30
0
 11
76.4333149999999932
 21
-31.6940929999999987
 31
0
  0
LINE
  5
113E
330
1B
100
AcDbEntity
  8
F.Cu
  6
CONTINUOUS
100
AcDbLine
 10
76.4333149999999932
 20
-31.6940929999999987
 30
0
 11
76.5967419999999919
 21
-31.7266009999999987
 31
0
  0
LINE
  5
113F
330
1B
100
AcDbEntity
  8
F.Cu
  6
CONTINUOUS
100
AcDbLine
 10
79.1367419999999981
 20
-31.7266009999999987
 30
0
 11
79.2906869999999913
 21
-31.7903669999999998
 31
0
  0
LINE
  5
1140
330
1B
100
AcDbEntity
  8
F.Cu
  6
CONTINUOUS
100
AcDbLine
 10
79.2906869999999913
 20
-31.7903669999999998
 30
0
 11
79.4292339999999939
 21
-31.8829409999999989
 31
0
  0
LINE
  5
1141
330
1B
100
AcDbEntity
  8
F.Cu
  6
CONTINUOUS
100
AcDbLine
 10
79.4292339999999939
 20
-31.8829409999999989
 30
0
 11
79.5470589999999902
 21
-32.0007659999999987
 31
0
  0
LINE
  5
1142
330
1B
100
AcDbEntity
  8
F.Cu
  6
CONTINUOUS
100
AcDbLine
 10
79.5470589999999902
 20
-32.0007659999999987
 30
0
 11
79.6396330000000034
 21
-32.1393130000000014
 31
0
  0
LINE
  5
1143
330
1B
100
AcDbEntity
  8
F.Cu
  6
CONTINUOUS
100
AcDbLine
 10
79.6396330000000034
 20
-32.1393130000000014
 30
0
 11
79.7033989999999903
 21
-32.2932580000000016
 31
0
  0
LINE
  5
1144
330
1B
100
AcDbEntity
  8
F.Cu
  6
CONTINUOUS
100
AcDbLine
 10
79.7033989999999903
 20
-32.2932580000000016
 30
0
 11
79.7359069999999974
 21
-32.4566850000000002
 31
0
  0
LINE
  5
1145
330
1B
100
AcDbEntity
  8
F.Cu
  6
CONTINUOUS
100
AcDbLine
 10
79.7359069999999974
 20
-32.4566850000000002
 30
0
 11
79.7359069999999974
 21
-32.6233149999999981
 31
0
  0
LINE
  5
1146
330
1B
100
AcDbEntity
  8
F.Cu
  6
CONTINUOUS
100
AcDbLine
 10
79.7359069999999974
 20
-32.6233149999999981
 30
0
 11
79.7033989999999903
 21
-32.7867419999999967
 31
0
  0
LINE
  5
1147
330
1B
100
AcDbEntity
  8
F.Cu
  6
CONTINUOUS
100
AcDbLine
 10
79.7033989999999903
 20
-32.7867419999999967
 30
0
 11
79.6396330000000034
 21
-32.9406869999999969
 31
0
  0
LINE
  5
1148
330
1B
100
AcDbEntity
  8
F.Cu
  6
CONTINUOUS
100
AcDbLine
 10
79.6396330000000034
 20
-32.9406869999999969
 30
0
 11
79.5470589999999902
 21
-33.0792339999999996
 31
0
  0
LINE
  5
1149
330
1B
100
AcDbEntity
  8
F.Cu
  6
CONTINUOUS
100
AcDbLine
 10
79.5470589999999902
 20
-33.0792339999999996
 30
0
 11
79.4292339999999939
 21
-33.1970589999999959
 31
0
  0
LINE
  5
114A
330
1B
100
AcDbEntity
  8
F.Cu
  6
CONTINUOUS
100
AcDbLine
 10
79.4292339999999939
 20
-33.1970589999999959
 30
0
 11
79.2906869999999913
 21
-33.289633000000002
 31
0
  0
LINE
  5
114B
330
1B
100
AcDbEntity
  8
F.Cu
  6
CONTINUOUS
100
AcDbLine
 10
79.2906869999999913
 20
-33.289633000000002
 30
0
 11
79.1367419999999981
 21
-33.353398999999996
 31
0
  0
LINE
  5
114C
330
1B
100
AcDbEntity
  8
F.Cu
  6
CONTINUOUS
100
AcDbLine
 10
79.1367419999999981
 20
-33.353398999999996
 30
0
 11
78.9733149999999995
 21
-33.385906999999996
 31
0
  0
LINE
  5
114D
330
1B
100
AcDbEntity
  8
F.Cu
  6
CONTINUOUS
100
AcDbLine
 10
78.9733149999999995
 20
-33.385906999999996
 30
0
 11
78.8066850000000017
 21
-33.385906999999996
 31
0
  0
LINE
  5
114E
330
1B
100
AcDbEntity
  8
F.Cu
  6
CONTINUOUS
100
AcDbLine
 10
78.8066850000000017
 20
-33.385906999999996
 30
0
 11
78.643258000000003
 21
-33.353398999999996
 31
0
  0
LINE
  5
114F
330
1B
100
AcDbEntity
  8
F.Cu
  6
CONTINUOUS
100
AcDbLine
 10
78.643258000000003
 20
-33.353398999999996
 30
0
 11
78.4893129999999957
 21
-33.289633000000002
 31
0
  0
LINE
  5
1150
330
1B
100
AcDbEntity
  8
F.Cu
  6
CONTINUOUS
100
AcDbLine
 10
78.4893129999999957
 20
-33.289633000000002
 30
0
 11
78.350765999999993
 21
-33.1970589999999959
 31
0
  0
LINE
  5
1151
330
1B
100
AcDbEntity
  8
F.Cu
  6
CONTINUOUS
100
AcDbLine
 10
78.350765999999993
 20
-33.1970589999999959
 30
0
 11
78.2329409999999967
 21
-33.0792339999999996
 31
0
  0
LINE
  5
1152
330
1B
100
AcDbEntity
  8
F.Cu
  6
CONTINUOUS
100
AcDbLine
 10
78.2329409999999967
 20
-33.0792339999999996
 30
0
 11
78.1403669999999977
 21
-32.9406869999999969
 31
0
  0
LINE
  5
1153
330
1B
100
AcDbEntity
  8
F.Cu
  6
CONTINUOUS
100
AcDbLine
 10
78.1403669999999977
 20
-32.9406869999999969
 30
0
 11
78.0766009999999966
 21
-32.7867419999999967
 31
0
  0
LINE
  5
1154
330
1B
100
AcDbEntity
  8
F.Cu
  6
CONTINUOUS
100
AcDbLine
 10
78.0766009999999966
 20
-32.7867419999999967
 30
0
 11
78.0440929999999895
 21
-32.6233149999999981
 31
0
  0
LINE
  5
1155
330
1B
100
AcDbEntity
  8
F.Cu
  6
CONTINUOUS
100
AcDbLine
 10
78.0440929999999895
 20
-32.6233149999999981
 30
0
 11
78.0440929999999895
 21
-32.4566850000000002
 31
0
  0
LINE
  5
1156
330
1B
100
AcDbEntity
  8
F.Cu
  6
CONTINUOUS
100
AcDbLine
 10
78.0440929999999895
 20
-32.4566850000000002
 30
0
 11
78.0766009999999966
 21
-32.2932580000000016
 31
0
  0
LINE
  5
1157
330
1B
100
AcDbEntity
  8
F.Cu
  6
CONTINUOUS
100
AcDbLine
 10
78.0766009999999966
 20
-32.2932580000000016
 30
0
 11
78.1403669999999977
 21
-32.1393130000000014
 31
0
  0
LINE
  5
1158
330
1B
100
AcDbEntity
  8
F.Cu
  6
CONTINUOUS
100
AcDbLine
 10
78.1403669999999977
 20
-32.1393130000000014
 30
0
 11
78.2329409999999967
 21
-32.0007659999999987
 31
0
  0
LINE
  5
1159
330
1B
100
AcDbEntity
  8
F.Cu
  6
CONTINUOUS
100
AcDbLine
 10
78.2329409999999967
 20
-32.0007659999999987
 30
0
 11
78.350765999999993
 21
-31.8829409999999989
 31
0
  0
LINE
  5
115A
330
1B
100
AcDbEntity
  8
F.Cu
  6
CONTINUOUS
100
AcDbLine
 10
78.350765999999993
 20
-31.8829409999999989
 30
0
 11
78.4893129999999957
 21
-31.7903669999999998
 31
0
  0
LINE
  5
115B
330
1B
100
AcDbEntity
  8
F.Cu
  6
CONTINUOUS
100
AcDbLine
 10
78.4893129999999957
 20
-31.7903669999999998
 30
0
 11
78.643258000000003
 21
-31.7266009999999987
 31
0
  0
LINE
  5
115C
330
1B
100
AcDbEntity
  8
F.Cu
  6
CONTINUOUS
100
AcDbLine
 10
78.643258000000003
 20
-31.7266009999999987
 30
0
 11
78.8066850000000017
 21
-31.6940929999999987
 31
0
  0
LINE
  5
115D
330
1B
100
AcDbEntity
  8
F.Cu
  6
CONTINUOUS
100
AcDbLine
 10
78.8066850000000017
 20
-31.6940929999999987
 30
0
 11
78.9733149999999995
 21
-31.6940929999999987
 31
0
  0
LINE
  5
115E
330
1B
100
AcDbEntity
  8
F.Cu
  6
CONTINUOUS
100
AcDbLine
 10
78.9733149999999995
 20
-31.6940929999999987
 30
0
 11
79.1367419999999981
 21
-31.7266009999999987
 31
0
  0
LINE
  5
115F
330
1B
100
AcDbEntity
  8
F.Cu
  6
CONTINUOUS
100
AcDbLine
 10
55.7184139999999957
 20
-30.9538519999999977
 30
0
 11
55.8722279999999998
 21
-30.9844479999999969
 31
0
  0
LINE
  5
1160
330
1B
100
AcDbEntity
  8
F.Cu
  6
CONTINUOUS
100
AcDbLine
 10
55.8722279999999998
 20
-30.9844479999999969
 30
0
 11
56.0171169999999989
 21
-31.0444630000000004
 31
0
  0
LINE
  5
1161
330
1B
100
AcDbEntity
  8
F.Cu
  6
CONTINUOUS
100
AcDbLine
 10
56.0171169999999989
 20
-31.0444630000000004
 30
0
 11
56.1475149999999985
 21
-31.1315919999999977
 31
0
  0
LINE
  5
1162
330
1B
100
AcDbEntity
  8
F.Cu
  6
CONTINUOUS
100
AcDbLine
 10
56.1475149999999985
 20
-31.1315919999999977
 30
0
 11
56.2584079999999958
 21
-31.2424849999999985
 31
0
  0
LINE
  5
1163
330
1B
100
AcDbEntity
  8
F.Cu
  6
CONTINUOUS
100
AcDbLine
 10
56.2584079999999958
 20
-31.2424849999999985
 30
0
 11
56.3455370000000002
 21
-31.3728829999999981
 31
0
  0
LINE
  5
1164
330
1B
100
AcDbEntity
  8
F.Cu
  6
CONTINUOUS
100
AcDbLine
 10
56.3455370000000002
 20
-31.3728829999999981
 30
0
 11
56.4055520000000001
 21
-31.5177719999999972
 31
0
  0
LINE
  5
1165
330
1B
100
AcDbEntity
  8
F.Cu
  6
CONTINUOUS
100
AcDbLine
 10
56.4055520000000001
 20
-31.5177719999999972
 30
0
 11
56.4361479999999958
 21
-31.6715859999999978
 31
0
  0
LINE
  5
1166
330
1B
100
AcDbEntity
  8
F.Cu
  6
CONTINUOUS
100
AcDbLine
 10
56.4361479999999958
 20
-31.6715859999999978
 30
0
 11
56.4361479999999958
 21
-31.8284139999999987
 31
0
  0
LINE
  5
1167
330
1B
100
AcDbEntity
  8
F.Cu
  6
CONTINUOUS
100
AcDbLine
 10
56.4361479999999958
 20
-31.8284139999999987
 30
0
 11
56.4055520000000001
 21
-31.9822279999999992
 31
0
  0
LINE
  5
1168
330
1B
100
AcDbEntity
  8
F.Cu
  6
CONTINUOUS
100
AcDbLine
 10
56.4055520000000001
 20
-31.9822279999999992
 30
0
 11
56.3455370000000002
 21
-32.1271169999999984
 31
0
  0
LINE
  5
1169
330
1B
100
AcDbEntity
  8
F.Cu
  6
CONTINUOUS
100
AcDbLine
 10
56.3455370000000002
 20
-32.1271169999999984
 30
0
 11
56.2584079999999958
 21
-32.2575149999999979
 31
0
  0
LINE
  5
116A
330
1B
100
AcDbEntity
  8
F.Cu
  6
CONTINUOUS
100
AcDbLine
 10
56.2584079999999958
 20
-32.2575149999999979
 30
0
 11
56.1475149999999985
 21
-32.3684079999999952
 31
0
  0
LINE
  5
116B
330
1B
100
AcDbEntity
  8
F.Cu
  6
CONTINUOUS
100
AcDbLine
 10
56.1475149999999985
 20
-32.3684079999999952
 30
0
 11
56.0171169999999989
 21
-32.4555369999999996
 31
0
  0
LINE
  5
116C
330
1B
100
AcDbEntity
  8
F.Cu
  6
CONTINUOUS
100
AcDbLine
 10
56.0171169999999989
 20
-32.4555369999999996
 30
0
 11
55.8722279999999998
 21
-32.5155519999999996
 31
0
  0
LINE
  5
116D
330
1B
100
AcDbEntity
  8
F.Cu
  6
CONTINUOUS
100
AcDbLine
 10
55.8722279999999998
 20
-32.5155519999999996
 30
0
 11
55.7184139999999957
 21
-32.5461479999999952
 31
0
  0
LINE
  5
116E
330
1B
100
AcDbEntity
  8
F.Cu
  6
CONTINUOUS
100
AcDbLine
 10
55.7184139999999957
 20
-32.5461479999999952
 30
0
 11
55.6400000000000006
 21
-32.5499999999999972
 31
0
  0
LINE
  5
116F
330
1B
100
AcDbEntity
  8
F.Cu
  6
CONTINUOUS
100
AcDbLine
 10
55.6400000000000006
 20
-32.5499999999999972
 30
0
 11
54.8399999999999963
 21
-32.5499999999999972
 31
0
  0
LINE
  5
1170
330
1B
100
AcDbEntity
  8
F.Cu
  6
CONTINUOUS
100
AcDbLine
 10
54.8399999999999963
 20
-32.5499999999999972
 30
0
 11
54.7615859999999941
 21
-32.5461479999999952
 31
0
  0
LINE
  5
1171
330
1B
100
AcDbEntity
  8
F.Cu
  6
CONTINUOUS
100
AcDbLine
 10
54.7615859999999941
 20
-32.5461479999999952
 30
0
 11
54.6077719999999971
 21
-32.5155519999999996
 31
0
  0
LINE
  5
1172
330
1B
100
AcDbEntity
  8
F.Cu
  6
CONTINUOUS
100
AcDbLine
 10
54.6077719999999971
 20
-32.5155519999999996
 30
0
 11
54.4628829999999979
 21
-32.4555369999999996
 31
0
  0
LINE
  5
1173
330
1B
100
AcDbEntity
  8
F.Cu
  6
CONTINUOUS
100
AcDbLine
 10
54.4628829999999979
 20
-32.4555369999999996
 30
0
 11
54.3324849999999984
 21
-32.3684079999999952
 31
0
  0
LINE
  5
1174
330
1B
100
AcDbEntity
  8
F.Cu
  6
CONTINUOUS
100
AcDbLine
 10
54.3324849999999984
 20
-32.3684079999999952
 30
0
 11
54.221591999999994
 21
-32.2575149999999979
 31
0
  0
LINE
  5
1175
330
1B
100
AcDbEntity
  8
F.Cu
  6
CONTINUOUS
100
AcDbLine
 10
54.221591999999994
 20
-32.2575149999999979
 30
0
 11
54.1344629999999967
 21
-32.1271169999999984
 31
0
  0
LINE
  5
1176
330
1B
100
AcDbEntity
  8
F.Cu
  6
CONTINUOUS
100
AcDbLine
 10
54.1344629999999967
 20
-32.1271169999999984
 30
0
 11
54.0744479999999967
 21
-31.9822279999999992
 31
0
  0
LINE
  5
1177
330
1B
100
AcDbEntity
  8
F.Cu
  6
CONTINUOUS
100
AcDbLine
 10
54.0744479999999967
 20
-31.9822279999999992
 30
0
 11
54.043851999999994
 21
-31.8284139999999987
 31
0
  0
LINE
  5
1178
330
1B
100
AcDbEntity
  8
F.Cu
  6
CONTINUOUS
100
AcDbLine
 10
54.043851999999994
 20
-31.8284139999999987
 30
0
 11
54.043851999999994
 21
-31.6715859999999978
 31
0
  0
LINE
  5
1179
330
1B
100
AcDbEntity
  8
F.Cu
  6
CONTINUOUS
100
AcDbLine
 10
54.043851999999994
 20
-31.6715859999999978
 30
0
 11
54.0744479999999967
 21
-31.5177719999999972
 31
0
  0
LINE
  5
117A
330
1B
100
AcDbEntity
  8
F.Cu
  6
CONTINUOUS
100
AcDbLine
 10
54.0744479999999967
 20
-31.5177719999999972
 30
0
 11
54.1344629999999967
 21
-31.3728829999999981
 31
0
  0
LINE
  5
117B
330
1B
100
AcDbEntity
  8
F.Cu
  6
CONTINUOUS
100
AcDbLine
 10
54.1344629999999967
 20
-31.3728829999999981
 30
0
 11
54.221591999999994
 21
-31.2424849999999985
 31
0
  0
LINE
  5
117C
330
1B
100
AcDbEntity
  8
F.Cu
  6
CONTINUOUS
100
AcDbLine
 10
54.221591999999994
 20
-31.2424849999999985
 30
0
 11
54.3324849999999984
 21
-31.1315919999999977
 31
0
  0
LINE
  5
117D
330
1B
100
AcDbEntity
  8
F.Cu
  6
CONTINUOUS
100
AcDbLine
 10
54.3324849999999984
 20
-31.1315919999999977
 30
0
 11
54.4628829999999979
 21
-31.0444630000000004
 31
0
  0
LINE
  5
117E
330
1B
100
AcDbEntity
  8
F.Cu
  6
CONTINUOUS
100
AcDbLine
 10
54.4628829999999979
 20
-31.0444630000000004
 30
0
 11
54.6077719999999971
 21
-30.9844479999999969
 31
0
  0
LINE
  5
117F
330
1B
100
AcDbEntity
  8
F.Cu
  6
CONTINUOUS
100
AcDbLine
 10
54.6077719999999971
 20
-30.9844479999999969
 30
0
 11
54.7615859999999941
 21
-30.9538519999999977
 31
0
  0
LINE
  5
1180
330
1B
100
AcDbEntity
  8
F.Cu
  6
CONTINUOUS
100
AcDbLine
 10
54.7615859999999941
 20
-30.9538519999999977
 30
0
 11
54.8399999999999963
 21
-30.9499999999999993
 31
0
  0
LINE
  5
1181
330
1B
100
AcDbEntity
  8
F.Cu
  6
CONTINUOUS
100
AcDbLine
 10
54.8399999999999963
 20
-30.9499999999999993
 30
0
 11
55.6400000000000006
 21
-30.9499999999999993
 31
0
  0
LINE
  5
1182
330
1B
100
AcDbEntity
  8
F.Cu
  6
CONTINUOUS
100
AcDbLine
 10
55.6400000000000006
 20
-30.9499999999999993
 30
0
 11
55.7184139999999957
 21
-30.9538519999999977
 31
0
  0
LINE
  5
1183
330
1B
100
AcDbEntity
  8
F.Cu
  6
CONTINUOUS
100
AcDbLine
 10
85.8056709999999896
 20
-30.9690300000000001
 30
0
 11
85.886776999999995
 21
-31.023222999999998
 31
0
  0
LINE
  5
1184
330
1B
100
AcDbEntity
  8
F.Cu
  6
CONTINUOUS
100
AcDbLine
 10
85.886776999999995
 20
-31.023222999999998
 30
0
 11
85.940969999999993
 21
-31.1043289999999999
 31
0
  0
LINE
  5
1185
330
1B
100
AcDbEntity
  8
F.Cu
  6
CONTINUOUS
100
AcDbLine
 10
85.940969999999993
 20
-31.1043289999999999
 30
0
 11
85.9599999999999937
 21
-31.1999999999999993
 31
0
  0
LINE
  5
1186
330
1B
100
AcDbEntity
  8
F.Cu
  6
CONTINUOUS
100
AcDbLine
 10
85.9599999999999937
 20
-31.1999999999999993
 30
0
 11
85.9599999999999937
 21
-32.2999999999999972
 31
0
  0
LINE
  5
1187
330
1B
100
AcDbEntity
  8
F.Cu
  6
CONTINUOUS
100
AcDbLine
 10
85.9599999999999937
 20
-32.2999999999999972
 30
0
 11
85.940969999999993
 21
-32.3956710000000001
 31
0
  0
LINE
  5
1188
330
1B
100
AcDbEntity
  8
F.Cu
  6
CONTINUOUS
100
AcDbLine
 10
85.940969999999993
 20
-32.3956710000000001
 30
0
 11
85.886776999999995
 21
-32.4767769999999985
 31
0
  0
LINE
  5
1189
330
1B
100
AcDbEntity
  8
F.Cu
  6
CONTINUOUS
100
AcDbLine
 10
85.886776999999995
 20
-32.4767769999999985
 30
0
 11
85.8056709999999896
 21
-32.5309699999999964
 31
0
  0
LINE
  5
118A
330
1B
100
AcDbEntity
  8
F.Cu
  6
CONTINUOUS
100
AcDbLine
 10
85.8056709999999896
 20
-32.5309699999999964
 30
0
 11
85.7099999999999937
 21
-32.5499999999999972
 31
0
  0
LINE
  5
118B
330
1B
100
AcDbEntity
  8
F.Cu
  6
CONTINUOUS
100
AcDbLine
 10
85.7099999999999937
 20
-32.5499999999999972
 30
0
 11
83.8100000000000023
 21
-32.5499999999999972
 31
0
  0
LINE
  5
118C
330
1B
100
AcDbEntity
  8
F.Cu
  6
CONTINUOUS
100
AcDbLine
 10
83.8100000000000023
 20
-32.5499999999999972
 30
0
 11
83.7143289999999922
 21
-32.5309699999999964
 31
0
  0
LINE
  5
118D
330
1B
100
AcDbEntity
  8
F.Cu
  6
CONTINUOUS
100
AcDbLine
 10
83.7143289999999922
 20
-32.5309699999999964
 30
0
 11
83.633223000000001
 21
-32.4767769999999985
 31
0
  0
LINE
  5
118E
330
1B
100
AcDbEntity
  8
F.Cu
  6
CONTINUOUS
100
AcDbLine
 10
83.633223000000001
 20
-32.4767769999999985
 30
0
 11
83.579030000000003
 21
-32.3956710000000001
 31
0
  0
LINE
  5
118F
330
1B
100
AcDbEntity
  8
F.Cu
  6
CONTINUOUS
100
AcDbLine
 10
83.579030000000003
 20
-32.3956710000000001
 30
0
 11
83.5600000000000023
 21
-32.2999999999999972
 31
0
  0
LINE
  5
1190
330
1B
100
AcDbEntity
  8
F.Cu
  6
CONTINUOUS
100
AcDbLine
 10
83.5600000000000023
 20
-32.2999999999999972
 30
0
 11
83.5600000000000023
 21
-31.1999999999999993
 31
0
  0
LINE
  5
1191
330
1B
100
AcDbEntity
  8
F.Cu
  6
CONTINUOUS
100
AcDbLine
 10
83.5600000000000023
 20
-31.1999999999999993
 30
0
 11
83.579030000000003
 21
-31.1043289999999999
 31
0
  0
LINE
  5
1192
330
1B
100
AcDbEntity
  8
F.Cu
  6
CONTINUOUS
100
AcDbLine
 10
83.579030000000003
 20
-31.1043289999999999
 30
0
 11
83.633223000000001
 21
-31.023222999999998
 31
0
  0
LINE
  5
1193
330
1B
100
AcDbEntity
  8
F.Cu
  6
CONTINUOUS
100
AcDbLine
 10
83.633223000000001
 20
-31.023222999999998
 30
0
 11
83.7143289999999922
 21
-30.9690300000000001
 31
0
  0
LINE
  5
1194
330
1B
100
AcDbEntity
  8
F.Cu
  6
CONTINUOUS
100
AcDbLine
 10
83.7143289999999922
 20
-30.9690300000000001
 30
0
 11
83.8100000000000023
 21
-30.9499999999999993
 31
0
  0
LINE
  5
1195
330
1B
100
AcDbEntity
  8
F.Cu
  6
CONTINUOUS
100
AcDbLine
 10
83.8100000000000023
 20
-30.9499999999999993
 30
0
 11
85.7099999999999937
 21
-30.9499999999999993
 31
0
  0
LINE
  5
1196
330
1B
100
AcDbEntity
  8
F.Cu
  6
CONTINUOUS
100
AcDbLine
 10
85.7099999999999937
 20
-30.9499999999999993
 30
0
 11
85.8056709999999896
 21
-30.9690300000000001
 31
0
  0
LINE
  5
1197
330
1B
100
AcDbEntity
  8
F.Cu
  6
CONTINUOUS
100
AcDbLine
 10
92.8584139999999962
 20
-30.9538519999999977
 30
0
 11
93.0122279999999932
 21
-30.9844479999999969
 31
0
  0
LINE
  5
1198
330
1B
100
AcDbEntity
  8
F.Cu
  6
CONTINUOUS
100
AcDbLine
 10
93.0122279999999932
 20
-30.9844479999999969
 30
0
 11
93.1571169999999995
 21
-31.0444630000000004
 31
0
  0
LINE
  5
1199
330
1B
100
AcDbEntity
  8
F.Cu
  6
CONTINUOUS
100
AcDbLine
 10
93.1571169999999995
 20
-31.0444630000000004
 30
0
 11
93.2875149999999991
 21
-31.1315919999999977
 31
0
  0
LINE
  5
119A
330
1B
100
AcDbEntity
  8
F.Cu
  6
CONTINUOUS
100
AcDbLine
 10
93.2875149999999991
 20
-31.1315919999999977
 30
0
 11
93.3984079999999892
 21
-31.2424849999999985
 31
0
  0
LINE
  5
119B
330
1B
100
AcDbEntity
  8
F.Cu
  6
CONTINUOUS
100
AcDbLine
 10
93.3984079999999892
 20
-31.2424849999999985
 30
0
 11
93.4855369999999937
 21
-31.3728829999999981
 31
0
  0
LINE
  5
119C
330
1B
100
AcDbEntity
  8
F.Cu
  6
CONTINUOUS
100
AcDbLine
 10
93.4855369999999937
 20
-31.3728829999999981
 30
0
 11
93.5455520000000007
 21
-31.5177719999999972
 31
0
  0
LINE
  5
119D
330
1B
100
AcDbEntity
  8
F.Cu
  6
CONTINUOUS
100
AcDbLine
 10
93.5455520000000007
 20
-31.5177719999999972
 30
0
 11
93.5761479999999892
 21
-31.6715859999999978
 31
0
  0
LINE
  5
119E
330
1B
100
AcDbEntity
  8
F.Cu
  6
CONTINUOUS
100
AcDbLine
 10
93.5761479999999892
 20
-31.6715859999999978
 30
0
 11
93.5761479999999892
 21
-31.8284139999999987
 31
0
  0
LINE
  5
119F
330
1B
100
AcDbEntity
  8
F.Cu
  6
CONTINUOUS
100
AcDbLine
 10
93.5761479999999892
 20
-31.8284139999999987
 30
0
 11
93.5455520000000007
 21
-31.9822279999999992
 31
0
  0
LINE
  5
11A0
330
1B
100
AcDbEntity
  8
F.Cu
  6
CONTINUOUS
100
AcDbLine
 10
93.5455520000000007
 20
-31.9822279999999992
 30
0
 11
93.4855369999999937
 21
-32.1271169999999984
 31
0
  0
LINE
  5
11A1
330
1B
100
AcDbEntity
  8
F.Cu
  6
CONTINUOUS
100
AcDbLine
 10
93.4855369999999937
 20
-32.1271169999999984
 30
0
 11
93.3984079999999892
 21
-32.2575149999999979
 31
0
  0
LINE
  5
11A2
330
1B
100
AcDbEntity
  8
F.Cu
  6
CONTINUOUS
100
AcDbLine
 10
93.3984079999999892
 20
-32.2575149999999979
 30
0
 11
93.2875149999999991
 21
-32.3684079999999952
 31
0
  0
LINE
  5
11A3
330
1B
100
AcDbEntity
  8
F.Cu
  6
CONTINUOUS
100
AcDbLine
 10
93.2875149999999991
 20
-32.3684079999999952
 30
0
 11
93.1571169999999995
 21
-32.4555369999999996
 31
0
  0
LINE
  5
11A4
330
1B
100
AcDbEntity
  8
F.Cu
  6
CONTINUOUS
100
AcDbLine
 10
93.1571169999999995
 20
-32.4555369999999996
 30
0
 11
93.0122279999999932
 21
-32.5155519999999996
 31
0
  0
LINE
  5
11A5
330
1B
100
AcDbEntity
  8
F.Cu
  6
CONTINUOUS
100
AcDbLine
 10
93.0122279999999932
 20
-32.5155519999999996
 30
0
 11
92.8584139999999962
 21
-32.5461479999999952
 31
0
  0
LINE
  5
11A6
330
1B
100
AcDbEntity
  8
F.Cu
  6
CONTINUOUS
100
AcDbLine
 10
92.8584139999999962
 20
-32.5461479999999952
 30
0
 11
92.7800000000000011
 21
-32.5499999999999972
 31
0
  0
LINE
  5
11A7
330
1B
100
AcDbEntity
  8
F.Cu
  6
CONTINUOUS
100
AcDbLine
 10
92.7800000000000011
 20
-32.5499999999999972
 30
0
 11
91.9799999999999898
 21
-32.5499999999999972
 31
0
  0
LINE
  5
11A8
330
1B
100
AcDbEntity
  8
F.Cu
  6
CONTINUOUS
100
AcDbLine
 10
91.9799999999999898
 20
-32.5499999999999972
 30
0
 11
91.9015859999999947
 21
-32.5461479999999952
 31
0
  0
LINE
  5
11A9
330
1B
100
AcDbEntity
  8
F.Cu
  6
CONTINUOUS
100
AcDbLine
 10
91.9015859999999947
 20
-32.5461479999999952
 30
0
 11
91.7477719999999977
 21
-32.5155519999999996
 31
0
  0
LINE
  5
11AA
330
1B
100
AcDbEntity
  8
F.Cu
  6
CONTINUOUS
100
AcDbLine
 10
91.7477719999999977
 20
-32.5155519999999996
 30
0
 11
91.6028829999999914
 21
-32.4555369999999996
 31
0
  0
LINE
  5
11AB
330
1B
100
AcDbEntity
  8
F.Cu
  6
CONTINUOUS
100
AcDbLine
 10
91.6028829999999914
 20
-32.4555369999999996
 30
0
 11
91.4724849999999918
 21
-32.3684079999999952
 31
0
  0
LINE
  5
11AC
330
1B
100
AcDbEntity
  8
F.Cu
  6
CONTINUOUS
100
AcDbLine
 10
91.4724849999999918
 20
-32.3684079999999952
 30
0
 11
91.3615920000000017
 21
-32.2575149999999979
 31
0
  0
LINE
  5
11AD
330
1B
100
AcDbEntity
  8
F.Cu
  6
CONTINUOUS
100
AcDbLine
 10
91.3615920000000017
 20
-32.2575149999999979
 30
0
 11
91.2744629999999972
 21
-32.1271169999999984
 31
0
  0
LINE
  5
11AE
330
1B
100
AcDbEntity
  8
F.Cu
  6
CONTINUOUS
100
AcDbLine
 10
91.2744629999999972
 20
-32.1271169999999984
 30
0
 11
91.2144479999999902
 21
-31.9822279999999992
 31
0
  0
LINE
  5
11AF
330
1B
100
AcDbEntity
  8
F.Cu
  6
CONTINUOUS
100
AcDbLine
 10
91.2144479999999902
 20
-31.9822279999999992
 30
0
 11
91.1838520000000017
 21
-31.8284139999999987
 31
0
  0
LINE
  5
11B0
330
1B
100
AcDbEntity
  8
F.Cu
  6
CONTINUOUS
100
AcDbLine
 10
91.1838520000000017
 20
-31.8284139999999987
 30
0
 11
91.1838520000000017
 21
-31.6715859999999978
 31
0
  0
LINE
  5
11B1
330
1B
100
AcDbEntity
  8
F.Cu
  6
CONTINUOUS
100
AcDbLine
 10
91.1838520000000017
 20
-31.6715859999999978
 30
0
 11
91.2144479999999902
 21
-31.5177719999999972
 31
0
  0
LINE
  5
11B2
330
1B
100
AcDbEntity
  8
F.Cu
  6
CONTINUOUS
100
AcDbLine
 10
91.2144479999999902
 20
-31.5177719999999972
 30
0
 11
91.2744629999999972
 21
-31.3728829999999981
 31
0
  0
LINE
  5
11B3
330
1B
100
AcDbEntity
  8
F.Cu
  6
CONTINUOUS
100
AcDbLine
 10
91.2744629999999972
 20
-31.3728829999999981
 30
0
 11
91.3615920000000017
 21
-31.2424849999999985
 31
0
  0
LINE
  5
11B4
330
1B
100
AcDbEntity
  8
F.Cu
  6
CONTINUOUS
100
AcDbLine
 10
91.3615920000000017
 20
-31.2424849999999985
 30
0
 11
91.4724849999999918
 21
-31.1315919999999977
 31
0
  0
LINE
  5
11B5
330
1B
100
AcDbEntity
  8
F.Cu
  6
CONTINUOUS
100
AcDbLine
 10
91.4724849999999918
 20
-31.1315919999999977
 30
0
 11
91.6028829999999914
 21
-31.0444630000000004
 31
0
  0
LINE
  5
11B6
330
1B
100
AcDbEntity
  8
F.Cu
  6
CONTINUOUS
100
AcDbLine
 10
91.6028829999999914
 20
-31.0444630000000004
 30
0
 11
91.7477719999999977
 21
-30.9844479999999969
 31
0
  0
LINE
  5
11B7
330
1B
100
AcDbEntity
  8
F.Cu
  6
CONTINUOUS
100
AcDbLine
 10
91.7477719999999977
 20
-30.9844479999999969
 30
0
 11
91.9015859999999947
 21
-30.9538519999999977
 31
0
  0
LINE
  5
11B8
330
1B
100
AcDbEntity
  8
F.Cu
  6
CONTINUOUS
100
AcDbLine
 10
91.9015859999999947
 20
-30.9538519999999977
 30
0
 11
91.9799999999999898
 21
-30.9499999999999993
 31
0
  0
LINE
  5
11B9
330
1B
100
AcDbEntity
  8
F.Cu
  6
CONTINUOUS
100
AcDbLine
 10
91.9799999999999898
 20
-30.9499999999999993
 30
0
 11
92.7800000000000011
 21
-30.9499999999999993
 31
0
  0
LINE
  5
11BA
330
1B
100
AcDbEntity
  8
F.Cu
  6
CONTINUOUS
100
AcDbLine
 10
92.7800000000000011
 20
-30.9499999999999993
 30
0
 11
92.8584139999999962
 21
-30.9538519999999977
 31
0
  0
LINE
  5
11BB
330
1B
100
AcDbEntity
  8
F.Cu
  6
CONTINUOUS
100
AcDbLine
 10
43.2612559999999959
 20
-30.6387539999999987
 30
0
 11
43.4242569999999972
 21
-30.7062709999999974
 31
0
  0
LINE
  5
11BC
330
1B
100
AcDbEntity
  8
F.Cu
  6
CONTINUOUS
100
AcDbLine
 10
43.4242569999999972
 20
-30.7062709999999974
 30
0
 11
43.5709540000000004
 21
-30.8042909999999992
 31
0
  0
LINE
  5
11BD
330
1B
100
AcDbEntity
  8
F.Cu
  6
CONTINUOUS
100
AcDbLine
 10
43.5709540000000004
 20
-30.8042909999999992
 30
0
 11
43.6957090000000008
 21
-30.9290459999999996
 31
0
  0
LINE
  5
11BE
330
1B
100
AcDbEntity
  8
F.Cu
  6
CONTINUOUS
100
AcDbLine
 10
43.6957090000000008
 20
-30.9290459999999996
 30
0
 11
43.793728999999999
 21
-31.0757429999999992
 31
0
  0
LINE
  5
11BF
330
1B
100
AcDbEntity
  8
F.Cu
  6
CONTINUOUS
100
AcDbLine
 10
43.793728999999999
 20
-31.0757429999999992
 30
0
 11
43.8612460000000013
 21
-31.238743999999997
 31
0
  0
LINE
  5
11C0
330
1B
100
AcDbEntity
  8
F.Cu
  6
CONTINUOUS
100
AcDbLine
 10
43.8612460000000013
 20
-31.238743999999997
 30
0
 11
43.8956659999999985
 21
-31.4117849999999983
 31
0
  0
LINE
  5
11C1
330
1B
100
AcDbEntity
  8
F.Cu
  6
CONTINUOUS
100
AcDbLine
 10
43.8956659999999985
 20
-31.4117849999999983
 30
0
 11
43.8956659999999985
 21
-31.5882149999999982
 31
0
  0
LINE
  5
11C2
330
1B
100
AcDbEntity
  8
F.Cu
  6
CONTINUOUS
100
AcDbLine
 10
43.8956659999999985
 20
-31.5882149999999982
 30
0
 11
43.8612460000000013
 21
-31.7612559999999995
 31
0
  0
LINE
  5
11C3
330
1B
100
AcDbEntity
  8
F.Cu
  6
CONTINUOUS
100
AcDbLine
 10
43.8612460000000013
 20
-31.7612559999999995
 30
0
 11
43.793728999999999
 21
-31.9242569999999972
 31
0
  0
LINE
  5
11C4
330
1B
100
AcDbEntity
  8
F.Cu
  6
CONTINUOUS
100
AcDbLine
 10
43.793728999999999
 20
-31.9242569999999972
 30
0
 11
43.6957090000000008
 21
-32.0709540000000004
 31
0
  0
LINE
  5
11C5
330
1B
100
AcDbEntity
  8
F.Cu
  6
CONTINUOUS
100
AcDbLine
 10
43.6957090000000008
 20
-32.0709540000000004
 30
0
 11
43.5709540000000004
 21
-32.1957090000000008
 31
0
  0
LINE
  5
11C6
330
1B
100
AcDbEntity
  8
F.Cu
  6
CONTINUOUS
100
AcDbLine
 10
43.5709540000000004
 20
-32.1957090000000008
 30
0
 11
43.4242569999999972
 21
-32.293728999999999
 31
0
  0
LINE
  5
11C7
330
1B
100
AcDbEntity
  8
F.Cu
  6
CONTINUOUS
100
AcDbLine
 10
43.4242569999999972
 20
-32.293728999999999
 30
0
 11
43.2612559999999959
 21
-32.3612460000000013
 31
0
  0
LINE
  5
11C8
330
1B
100
AcDbEntity
  8
F.Cu
  6
CONTINUOUS
100
AcDbLine
 10
43.2612559999999959
 20
-32.3612460000000013
 30
0
 11
43.0882149999999982
 21
-32.3956659999999985
 31
0
  0
LINE
  5
11C9
330
1B
100
AcDbEntity
  8
F.Cu
  6
CONTINUOUS
100
AcDbLine
 10
43.0882149999999982
 20
-32.3956659999999985
 30
0
 11
42.9117849999999947
 21
-32.3956659999999985
 31
0
  0
LINE
  5
11CA
330
1B
100
AcDbEntity
  8
F.Cu
  6
CONTINUOUS
100
AcDbLine
 10
42.9117849999999947
 20
-32.3956659999999985
 30
0
 11
42.738743999999997
 21
-32.3612460000000013
 31
0
  0
LINE
  5
11CB
330
1B
100
AcDbEntity
  8
F.Cu
  6
CONTINUOUS
100
AcDbLine
 10
42.738743999999997
 20
-32.3612460000000013
 30
0
 11
42.5757429999999957
 21
-32.293728999999999
 31
0
  0
LINE
  5
11CC
330
1B
100
AcDbEntity
  8
F.Cu
  6
CONTINUOUS
100
AcDbLine
 10
42.5757429999999957
 20
-32.293728999999999
 30
0
 11
42.4290459999999996
 21
-32.1957090000000008
 31
0
  0
LINE
  5
11CD
330
1B
100
AcDbEntity
  8
F.Cu
  6
CONTINUOUS
100
AcDbLine
 10
42.4290459999999996
 20
-32.1957090000000008
 30
0
 11
42.3042909999999992
 21
-32.0709540000000004
 31
0
  0
LINE
  5
11CE
330
1B
100
AcDbEntity
  8
F.Cu
  6
CONTINUOUS
100
AcDbLine
 10
42.3042909999999992
 20
-32.0709540000000004
 30
0
 11
42.206271000000001
 21
-31.9242569999999972
 31
0
  0
LINE
  5
11CF
330
1B
100
AcDbEntity
  8
F.Cu
  6
CONTINUOUS
100
AcDbLine
 10
42.206271000000001
 20
-31.9242569999999972
 30
0
 11
42.1387539999999987
 21
-31.7612559999999995
 31
0
  0
LINE
  5
11D0
330
1B
100
AcDbEntity
  8
F.Cu
  6
CONTINUOUS
100
AcDbLine
 10
42.1387539999999987
 20
-31.7612559999999995
 30
0
 11
42.1043340000000015
 21
-31.5882149999999982
 31
0
  0
LINE
  5
11D1
330
1B
100
AcDbEntity
  8
F.Cu
  6
CONTINUOUS
100
AcDbLine
 10
42.1043340000000015
 20
-31.5882149999999982
 30
0
 11
42.1043340000000015
 21
-31.4117849999999983
 31
0
  0
LINE
  5
11D2
330
1B
100
AcDbEntity
  8
F.Cu
  6
CONTINUOUS
100
AcDbLine
 10
42.1043340000000015
 20
-31.4117849999999983
 30
0
 11
42.1387539999999987
 21
-31.238743999999997
 31
0
  0
LINE
  5
11D3
330
1B
100
AcDbEntity
  8
F.Cu
  6
CONTINUOUS
100
AcDbLine
 10
42.1387539999999987
 20
-31.238743999999997
 30
0
 11
42.206271000000001
 21
-31.0757429999999992
 31
0
  0
LINE
  5
11D4
330
1B
100
AcDbEntity
  8
F.Cu
  6
CONTINUOUS
100
AcDbLine
 10
42.206271000000001
 20
-31.0757429999999992
 30
0
 11
42.3042909999999992
 21
-30.9290459999999996
 31
0
  0
LINE
  5
11D5
330
1B
100
AcDbEntity
  8
F.Cu
  6
CONTINUOUS
100
AcDbLine
 10
42.3042909999999992
 20
-30.9290459999999996
 30
0
 11
42.4290459999999996
 21
-30.8042909999999992
 31
0
  0
LINE
  5
11D6
330
1B
100
AcDbEntity
  8
F.Cu
  6
CONTINUOUS
100
AcDbLine
 10
42.4290459999999996
 20
-30.8042909999999992
 30
0
 11
42.5757429999999957
 21
-30.7062709999999974
 31
0
  0
LINE
  5
11D7
330
1B
100
AcDbEntity
  8
F.Cu
  6
CONTINUOUS
100
AcDbLine
 10
42.5757429999999957
 20
-30.7062709999999974
 30
0
 11
42.738743999999997
 21
-30.6387539999999987
 31
0
  0
LINE
  5
11D8
330
1B
100
AcDbEntity
  8
F.Cu
  6
CONTINUOUS
100
AcDbLine
 10
42.738743999999997
 20
-30.6387539999999987
 30
0
 11
42.9117849999999947
 21
-30.6043339999999979
 31
0
  0
LINE
  5
11D9
330
1B
100
AcDbEntity
  8
F.Cu
  6
CONTINUOUS
100
AcDbLine
 10
42.9117849999999947
 20
-30.6043339999999979
 30
0
 11
43.0882149999999982
 21
-30.6043339999999979
 31
0
  0
LINE
  5
11DA
330
1B
100
AcDbEntity
  8
F.Cu
  6
CONTINUOUS
100
AcDbLine
 10
43.0882149999999982
 20
-30.6043339999999979
 30
0
 11
43.2612559999999959
 21
-30.6387539999999987
 31
0
  0
LINE
  5
11DB
330
1B
100
AcDbEntity
  8
F.Cu
  6
CONTINUOUS
100
AcDbLine
 10
79.7399999999999949
 20
-30.8499999999999979
 30
0
 11
78.039999999999992
 21
-30.8499999999999979
 31
0
  0
LINE
  5
11DC
330
1B
100
AcDbEntity
  8
F.Cu
  6
CONTINUOUS
100
AcDbLine
 10
78.039999999999992
 20
-30.8499999999999979
 30
0
 11
78.039999999999992
 21
-29.1499999999999986
 31
0
  0
LINE
  5
11DD
330
1B
100
AcDbEntity
  8
F.Cu
  6
CONTINUOUS
100
AcDbLine
 10
78.039999999999992
 20
-29.1499999999999986
 30
0
 11
79.7399999999999949
 21
-29.1499999999999986
 31
0
  0
LINE
  5
11DE
330
1B
100
AcDbEntity
  8
F.Cu
  6
CONTINUOUS
100
AcDbLine
 10
79.7399999999999949
 20
-29.1499999999999986
 30
0
 11
79.7399999999999949
 21
-30.8499999999999979
 31
0
  0
LINE
  5
11DF
330
1B
100
AcDbEntity
  8
F.Cu
  6
CONTINUOUS
100
AcDbLine
 10
61.356741999999997
 20
-29.1866009999999996
 30
0
 11
61.5106869999999972
 21
-29.2503669999999971
 31
0
  0
LINE
  5
11E0
330
1B
100
AcDbEntity
  8
F.Cu
  6
CONTINUOUS
100
AcDbLine
 10
61.5106869999999972
 20
-29.2503669999999971
 30
0
 11
61.6492339999999999
 21
-29.3429409999999997
 31
0
  0
LINE
  5
11E1
330
1B
100
AcDbEntity
  8
F.Cu
  6
CONTINUOUS
100
AcDbLine
 10
61.6492339999999999
 20
-29.3429409999999997
 30
0
 11
61.7670589999999962
 21
-29.4607659999999996
 31
0
  0
LINE
  5
11E2
330
1B
100
AcDbEntity
  8
F.Cu
  6
CONTINUOUS
100
AcDbLine
 10
61.7670589999999962
 20
-29.4607659999999996
 30
0
 11
61.8596329999999952
 21
-29.5993129999999987
 31
0
  0
LINE
  5
11E3
330
1B
100
AcDbEntity
  8
F.Cu
  6
CONTINUOUS
100
AcDbLine
 10
61.8596329999999952
 20
-29.5993129999999987
 30
0
 11
61.9233989999999963
 21
-29.7532579999999989
 31
0
  0
LINE
  5
11E4
330
1B
100
AcDbEntity
  8
F.Cu
  6
CONTINUOUS
100
AcDbLine
 10
61.9233989999999963
 20
-29.7532579999999989
 30
0
 11
61.9559069999999963
 21
-29.9166849999999975
 31
0
  0
LINE
  5
11E5
330
1B
100
AcDbEntity
  8
F.Cu
  6
CONTINUOUS
100
AcDbLine
 10
61.9559069999999963
 20
-29.9166849999999975
 30
0
 11
61.9559069999999963
 21
-30.0833149999999989
 31
0
  0
LINE
  5
11E6
330
1B
100
AcDbEntity
  8
F.Cu
  6
CONTINUOUS
100
AcDbLine
 10
61.9559069999999963
 20
-30.0833149999999989
 30
0
 11
61.9233989999999963
 21
-30.2467419999999976
 31
0
  0
LINE
  5
11E7
330
1B
100
AcDbEntity
  8
F.Cu
  6
CONTINUOUS
100
AcDbLine
 10
61.9233989999999963
 20
-30.2467419999999976
 30
0
 11
61.8596329999999952
 21
-30.4006869999999978
 31
0
  0
LINE
  5
11E8
330
1B
100
AcDbEntity
  8
F.Cu
  6
CONTINUOUS
100
AcDbLine
 10
61.8596329999999952
 20
-30.4006869999999978
 30
0
 11
61.7670589999999962
 21
-30.5392339999999969
 31
0
  0
LINE
  5
11E9
330
1B
100
AcDbEntity
  8
F.Cu
  6
CONTINUOUS
100
AcDbLine
 10
61.7670589999999962
 20
-30.5392339999999969
 30
0
 11
61.6492339999999999
 21
-30.6570590000000003
 31
0
  0
LINE
  5
11EA
330
1B
100
AcDbEntity
  8
F.Cu
  6
CONTINUOUS
100
AcDbLine
 10
61.6492339999999999
 20
-30.6570590000000003
 30
0
 11
61.5106869999999972
 21
-30.7496329999999993
 31
0
  0
LINE
  5
11EB
330
1B
100
AcDbEntity
  8
F.Cu
  6
CONTINUOUS
100
AcDbLine
 10
61.5106869999999972
 20
-30.7496329999999993
 30
0
 11
61.356741999999997
 21
-30.8133989999999969
 31
0
  0
LINE
  5
11EC
330
1B
100
AcDbEntity
  8
F.Cu
  6
CONTINUOUS
100
AcDbLine
 10
61.356741999999997
 20
-30.8133989999999969
 30
0
 11
61.1933149999999983
 21
-30.8459069999999969
 31
0
  0
LINE
  5
11ED
330
1B
100
AcDbEntity
  8
F.Cu
  6
CONTINUOUS
100
AcDbLine
 10
61.1933149999999983
 20
-30.8459069999999969
 30
0
 11
61.0266850000000005
 21
-30.8459069999999969
 31
0
  0
LINE
  5
11EE
330
1B
100
AcDbEntity
  8
F.Cu
  6
CONTINUOUS
100
AcDbLine
 10
61.0266850000000005
 20
-30.8459069999999969
 30
0
 11
60.8632579999999948
 21
-30.8133989999999969
 31
0
  0
LINE
  5
11EF
330
1B
100
AcDbEntity
  8
F.Cu
  6
CONTINUOUS
100
AcDbLine
 10
60.8632579999999948
 20
-30.8133989999999969
 30
0
 11
60.7093129999999945
 21
-30.7496329999999993
 31
0
  0
LINE
  5
11F0
330
1B
100
AcDbEntity
  8
F.Cu
  6
CONTINUOUS
100
AcDbLine
 10
60.7093129999999945
 20
-30.7496329999999993
 30
0
 11
60.570765999999999
 21
-30.6570590000000003
 31
0
  0
LINE
  5
11F1
330
1B
100
AcDbEntity
  8
F.Cu
  6
CONTINUOUS
100
AcDbLine
 10
60.570765999999999
 20
-30.6570590000000003
 30
0
 11
60.4529409999999956
 21
-30.5392339999999969
 31
0
  0
LINE
  5
11F2
330
1B
100
AcDbEntity
  8
F.Cu
  6
CONTINUOUS
100
AcDbLine
 10
60.4529409999999956
 20
-30.5392339999999969
 30
0
 11
60.3603669999999966
 21
-30.4006869999999978
 31
0
  0
LINE
  5
11F3
330
1B
100
AcDbEntity
  8
F.Cu
  6
CONTINUOUS
100
AcDbLine
 10
60.3603669999999966
 20
-30.4006869999999978
 30
0
 11
60.2966009999999955
 21
-30.2467419999999976
 31
0
  0
LINE
  5
11F4
330
1B
100
AcDbEntity
  8
F.Cu
  6
CONTINUOUS
100
AcDbLine
 10
60.2966009999999955
 20
-30.2467419999999976
 30
0
 11
60.2640929999999955
 21
-30.0833149999999989
 31
0
  0
LINE
  5
11F5
330
1B
100
AcDbEntity
  8
F.Cu
  6
CONTINUOUS
100
AcDbLine
 10
60.2640929999999955
 20
-30.0833149999999989
 30
0
 11
60.2640929999999955
 21
-29.9166849999999975
 31
0
  0
LINE
  5
11F6
330
1B
100
AcDbEntity
  8
F.Cu
  6
CONTINUOUS
100
AcDbLine
 10
60.2640929999999955
 20
-29.9166849999999975
 30
0
 11
60.2966009999999955
 21
-29.7532579999999989
 31
0
  0
LINE
  5
11F7
330
1B
100
AcDbEntity
  8
F.Cu
  6
CONTINUOUS
100
AcDbLine
 10
60.2966009999999955
 20
-29.7532579999999989
 30
0
 11
60.3603669999999966
 21
-29.5993129999999987
 31
0
  0
LINE
  5
11F8
330
1B
100
AcDbEntity
  8
F.Cu
  6
CONTINUOUS
100
AcDbLine
 10
60.3603669999999966
 20
-29.5993129999999987
 30
0
 11
60.4529409999999956
 21
-29.4607659999999996
 31
0
  0
LINE
  5
11F9
330
1B
100
AcDbEntity
  8
F.Cu
  6
CONTINUOUS
100
AcDbLine
 10
60.4529409999999956
 20
-29.4607659999999996
 30
0
 11
60.570765999999999
 21
-29.3429409999999997
 31
0
  0
LINE
  5
11FA
330
1B
100
AcDbEntity
  8
F.Cu
  6
CONTINUOUS
100
AcDbLine
 10
60.570765999999999
 20
-29.3429409999999997
 30
0
 11
60.7093129999999945
 21
-29.2503669999999971
 31
0
  0
LINE
  5
11FB
330
1B
100
AcDbEntity
  8
F.Cu
  6
CONTINUOUS
100
AcDbLine
 10
60.7093129999999945
 20
-29.2503669999999971
 30
0
 11
60.8632579999999948
 21
-29.1866009999999996
 31
0
  0
LINE
  5
11FC
330
1B
100
AcDbEntity
  8
F.Cu
  6
CONTINUOUS
100
AcDbLine
 10
60.8632579999999948
 20
-29.1866009999999996
 30
0
 11
61.0266850000000005
 21
-29.1540929999999996
 31
0
  0
LINE
  5
11FD
330
1B
100
AcDbEntity
  8
F.Cu
  6
CONTINUOUS
100
AcDbLine
 10
61.0266850000000005
 20
-29.1540929999999996
 30
0
 11
61.1933149999999983
 21
-29.1540929999999996
 31
0
  0
LINE
  5
11FE
330
1B
100
AcDbEntity
  8
F.Cu
  6
CONTINUOUS
100
AcDbLine
 10
61.1933149999999983
 20
-29.1540929999999996
 30
0
 11
61.356741999999997
 21
-29.1866009999999996
 31
0
  0
LINE
  5
11FF
330
1B
100
AcDbEntity
  8
F.Cu
  6
CONTINUOUS
100
AcDbLine
 10
63.8967419999999962
 20
-29.1866009999999996
 30
0
 11
64.0506869999999964
 21
-29.2503669999999971
 31
0
  0
LINE
  5
1200
330
1B
100
AcDbEntity
  8
F.Cu
  6
CONTINUOUS
100
AcDbLine
 10
64.0506869999999964
 20
-29.2503669999999971
 30
0
 11
64.189233999999999
 21
-29.3429409999999997
 31
0
  0
LINE
  5
1201
330
1B
100
AcDbEntity
  8
F.Cu
  6
CONTINUOUS
100
AcDbLine
 10
64.189233999999999
 20
-29.3429409999999997
 30
0
 11
64.3070589999999953
 21
-29.4607659999999996
 31
0
  0
LINE
  5
1202
330
1B
100
AcDbEntity
  8
F.Cu
  6
CONTINUOUS
100
AcDbLine
 10
64.3070589999999953
 20
-29.4607659999999996
 30
0
 11
64.3996329999999944
 21
-29.5993129999999987
 31
0
  0
LINE
  5
1203
330
1B
100
AcDbEntity
  8
F.Cu
  6
CONTINUOUS
100
AcDbLine
 10
64.3996329999999944
 20
-29.5993129999999987
 30
0
 11
64.4633989999999955
 21
-29.7532579999999989
 31
0
  0
LINE
  5
1204
330
1B
100
AcDbEntity
  8
F.Cu
  6
CONTINUOUS
100
AcDbLine
 10
64.4633989999999955
 20
-29.7532579999999989
 30
0
 11
64.4959070000000025
 21
-29.9166849999999975
 31
0
  0
LINE
  5
1205
330
1B
100
AcDbEntity
  8
F.Cu
  6
CONTINUOUS
100
AcDbLine
 10
64.4959070000000025
 20
-29.9166849999999975
 30
0
 11
64.4959070000000025
 21
-30.0833149999999989
 31
0
  0
LINE
  5
1206
330
1B
100
AcDbEntity
  8
F.Cu
  6
CONTINUOUS
100
AcDbLine
 10
64.4959070000000025
 20
-30.0833149999999989
 30
0
 11
64.4633989999999955
 21
-30.2467419999999976
 31
0
  0
LINE
  5
1207
330
1B
100
AcDbEntity
  8
F.Cu
  6
CONTINUOUS
100
AcDbLine
 10
64.4633989999999955
 20
-30.2467419999999976
 30
0
 11
64.3996329999999944
 21
-30.4006869999999978
 31
0
  0
LINE
  5
1208
330
1B
100
AcDbEntity
  8
F.Cu
  6
CONTINUOUS
100
AcDbLine
 10
64.3996329999999944
 20
-30.4006869999999978
 30
0
 11
64.3070589999999953
 21
-30.5392339999999969
 31
0
  0
LINE
  5
1209
330
1B
100
AcDbEntity
  8
F.Cu
  6
CONTINUOUS
100
AcDbLine
 10
64.3070589999999953
 20
-30.5392339999999969
 30
0
 11
64.189233999999999
 21
-30.6570590000000003
 31
0
  0
LINE
  5
120A
330
1B
100
AcDbEntity
  8
F.Cu
  6
CONTINUOUS
100
AcDbLine
 10
64.189233999999999
 20
-30.6570590000000003
 30
0
 11
64.0506869999999964
 21
-30.7496329999999993
 31
0
  0
LINE
  5
120B
330
1B
100
AcDbEntity
  8
F.Cu
  6
CONTINUOUS
100
AcDbLine
 10
64.0506869999999964
 20
-30.7496329999999993
 30
0
 11
63.8967419999999962
 21
-30.8133989999999969
 31
0
  0
LINE
  5
120C
330
1B
100
AcDbEntity
  8
F.Cu
  6
CONTINUOUS
100
AcDbLine
 10
63.8967419999999962
 20
-30.8133989999999969
 30
0
 11
63.7333149999999975
 21
-30.8459069999999969
 31
0
  0
LINE
  5
120D
330
1B
100
AcDbEntity
  8
F.Cu
  6
CONTINUOUS
100
AcDbLine
 10
63.7333149999999975
 20
-30.8459069999999969
 30
0
 11
63.5666849999999997
 21
-30.8459069999999969
 31
0
  0
LINE
  5
120E
330
1B
100
AcDbEntity
  8
F.Cu
  6
CONTINUOUS
100
AcDbLine
 10
63.5666849999999997
 20
-30.8459069999999969
 30
0
 11
63.4032579999999939
 21
-30.8133989999999969
 31
0
  0
LINE
  5
120F
330
1B
100
AcDbEntity
  8
F.Cu
  6
CONTINUOUS
100
AcDbLine
 10
63.4032579999999939
 20
-30.8133989999999969
 30
0
 11
63.2493129999999937
 21
-30.7496329999999993
 31
0
  0
LINE
  5
1210
330
1B
100
AcDbEntity
  8
F.Cu
  6
CONTINUOUS
100
AcDbLine
 10
63.2493129999999937
 20
-30.7496329999999993
 30
0
 11
63.1107659999999981
 21
-30.6570590000000003
 31
0
  0
LINE
  5
1211
330
1B
100
AcDbEntity
  8
F.Cu
  6
CONTINUOUS
100
AcDbLine
 10
63.1107659999999981
 20
-30.6570590000000003
 30
0
 11
62.9929409999999947
 21
-30.5392339999999969
 31
0
  0
LINE
  5
1212
330
1B
100
AcDbEntity
  8
F.Cu
  6
CONTINUOUS
100
AcDbLine
 10
62.9929409999999947
 20
-30.5392339999999969
 30
0
 11
62.9003669999999957
 21
-30.4006869999999978
 31
0
  0
LINE
  5
1213
330
1B
100
AcDbEntity
  8
F.Cu
  6
CONTINUOUS
100
AcDbLine
 10
62.9003669999999957
 20
-30.4006869999999978
 30
0
 11
62.8366009999999946
 21
-30.2467419999999976
 31
0
  0
LINE
  5
1214
330
1B
100
AcDbEntity
  8
F.Cu
  6
CONTINUOUS
100
AcDbLine
 10
62.8366009999999946
 20
-30.2467419999999976
 30
0
 11
62.8040929999999946
 21
-30.0833149999999989
 31
0
  0
LINE
  5
1215
330
1B
100
AcDbEntity
  8
F.Cu
  6
CONTINUOUS
100
AcDbLine
 10
62.8040929999999946
 20
-30.0833149999999989
 30
0
 11
62.8040929999999946
 21
-29.9166849999999975
 31
0
  0
LINE
  5
1216
330
1B
100
AcDbEntity
  8
F.Cu
  6
CONTINUOUS
100
AcDbLine
 10
62.8040929999999946
 20
-29.9166849999999975
 30
0
 11
62.8366009999999946
 21
-29.7532579999999989
 31
0
  0
LINE
  5
1217
330
1B
100
AcDbEntity
  8
F.Cu
  6
CONTINUOUS
100
AcDbLine
 10
62.8366009999999946
 20
-29.7532579999999989
 30
0
 11
62.9003669999999957
 21
-29.5993129999999987
 31
0
  0
LINE
  5
1218
330
1B
100
AcDbEntity
  8
F.Cu
  6
CONTINUOUS
100
AcDbLine
 10
62.9003669999999957
 20
-29.5993129999999987
 30
0
 11
62.9929409999999947
 21
-29.4607659999999996
 31
0
  0
LINE
  5
1219
330
1B
100
AcDbEntity
  8
F.Cu
  6
CONTINUOUS
100
AcDbLine
 10
62.9929409999999947
 20
-29.4607659999999996
 30
0
 11
63.1107659999999981
 21
-29.3429409999999997
 31
0
  0
LINE
  5
121A
330
1B
100
AcDbEntity
  8
F.Cu
  6
CONTINUOUS
100
AcDbLine
 10
63.1107659999999981
 20
-29.3429409999999997
 30
0
 11
63.2493129999999937
 21
-29.2503669999999971
 31
0
  0
LINE
  5
121B
330
1B
100
AcDbEntity
  8
F.Cu
  6
CONTINUOUS
100
AcDbLine
 10
63.2493129999999937
 20
-29.2503669999999971
 30
0
 11
63.4032579999999939
 21
-29.1866009999999996
 31
0
  0
LINE
  5
121C
330
1B
100
AcDbEntity
  8
F.Cu
  6
CONTINUOUS
100
AcDbLine
 10
63.4032579999999939
 20
-29.1866009999999996
 30
0
 11
63.5666849999999997
 21
-29.1540929999999996
 31
0
  0
LINE
  5
121D
330
1B
100
AcDbEntity
  8
F.Cu
  6
CONTINUOUS
100
AcDbLine
 10
63.5666849999999997
 20
-29.1540929999999996
 30
0
 11
63.7333149999999975
 21
-29.1540929999999996
 31
0
  0
LINE
  5
121E
330
1B
100
AcDbEntity
  8
F.Cu
  6
CONTINUOUS
100
AcDbLine
 10
63.7333149999999975
 20
-29.1540929999999996
 30
0
 11
63.8967419999999962
 21
-29.1866009999999996
 31
0
  0
LINE
  5
121F
330
1B
100
AcDbEntity
  8
F.Cu
  6
CONTINUOUS
100
AcDbLine
 10
66.4367419999999953
 20
-29.1866009999999996
 30
0
 11
66.5906870000000026
 21
-29.2503669999999971
 31
0
  0
LINE
  5
1220
330
1B
100
AcDbEntity
  8
F.Cu
  6
CONTINUOUS
100
AcDbLine
 10
66.5906870000000026
 20
-29.2503669999999971
 30
0
 11
66.7292339999999911
 21
-29.3429409999999997
 31
0
  0
LINE
  5
1221
330
1B
100
AcDbEntity
  8
F.Cu
  6
CONTINUOUS
100
AcDbLine
 10
66.7292339999999911
 20
-29.3429409999999997
 30
0
 11
66.8470590000000016
 21
-29.4607659999999996
 31
0
  0
LINE
  5
1222
330
1B
100
AcDbEntity
  8
F.Cu
  6
CONTINUOUS
100
AcDbLine
 10
66.8470590000000016
 20
-29.4607659999999996
 30
0
 11
66.9396330000000006
 21
-29.5993129999999987
 31
0
  0
LINE
  5
1223
330
1B
100
AcDbEntity
  8
F.Cu
  6
CONTINUOUS
100
AcDbLine
 10
66.9396330000000006
 20
-29.5993129999999987
 30
0
 11
67.0033990000000017
 21
-29.7532579999999989
 31
0
  0
LINE
  5
1224
330
1B
100
AcDbEntity
  8
F.Cu
  6
CONTINUOUS
100
AcDbLine
 10
67.0033990000000017
 20
-29.7532579999999989
 30
0
 11
67.0359069999999946
 21
-29.9166849999999975
 31
0
  0
LINE
  5
1225
330
1B
100
AcDbEntity
  8
F.Cu
  6
CONTINUOUS
100
AcDbLine
 10
67.0359069999999946
 20
-29.9166849999999975
 30
0
 11
67.0359069999999946
 21
-30.0833149999999989
 31
0
  0
LINE
  5
1226
330
1B
100
AcDbEntity
  8
F.Cu
  6
CONTINUOUS
100
AcDbLine
 10
67.0359069999999946
 20
-30.0833149999999989
 30
0
 11
67.0033990000000017
 21
-30.2467419999999976
 31
0
  0
LINE
  5
1227
330
1B
100
AcDbEntity
  8
F.Cu
  6
CONTINUOUS
100
AcDbLine
 10
67.0033990000000017
 20
-30.2467419999999976
 30
0
 11
66.9396330000000006
 21
-30.4006869999999978
 31
0
  0
LINE
  5
1228
330
1B
100
AcDbEntity
  8
F.Cu
  6
CONTINUOUS
100
AcDbLine
 10
66.9396330000000006
 20
-30.4006869999999978
 30
0
 11
66.8470590000000016
 21
-30.5392339999999969
 31
0
  0
LINE
  5
1229
330
1B
100
AcDbEntity
  8
F.Cu
  6
CONTINUOUS
100
AcDbLine
 10
66.8470590000000016
 20
-30.5392339999999969
 30
0
 11
66.7292339999999911
 21
-30.6570590000000003
 31
0
  0
LINE
  5
122A
330
1B
100
AcDbEntity
  8
F.Cu
  6
CONTINUOUS
100
AcDbLine
 10
66.7292339999999911
 20
-30.6570590000000003
 30
0
 11
66.5906870000000026
 21
-30.7496329999999993
 31
0
  0
LINE
  5
122B
330
1B
100
AcDbEntity
  8
F.Cu
  6
CONTINUOUS
100
AcDbLine
 10
66.5906870000000026
 20
-30.7496329999999993
 30
0
 11
66.4367419999999953
 21
-30.8133989999999969
 31
0
  0
LINE
  5
122C
330
1B
100
AcDbEntity
  8
F.Cu
  6
CONTINUOUS
100
AcDbLine
 10
66.4367419999999953
 20
-30.8133989999999969
 30
0
 11
66.2733149999999966
 21
-30.8459069999999969
 31
0
  0
LINE
  5
122D
330
1B
100
AcDbEntity
  8
F.Cu
  6
CONTINUOUS
100
AcDbLine
 10
66.2733149999999966
 20
-30.8459069999999969
 30
0
 11
66.1066849999999988
 21
-30.8459069999999969
 31
0
  0
LINE
  5
122E
330
1B
100
AcDbEntity
  8
F.Cu
  6
CONTINUOUS
100
AcDbLine
 10
66.1066849999999988
 20
-30.8459069999999969
 30
0
 11
65.9432580000000002
 21
-30.8133989999999969
 31
0
  0
LINE
  5
122F
330
1B
100
AcDbEntity
  8
F.Cu
  6
CONTINUOUS
100
AcDbLine
 10
65.9432580000000002
 20
-30.8133989999999969
 30
0
 11
65.7893129999999928
 21
-30.7496329999999993
 31
0
  0
LINE
  5
1230
330
1B
100
AcDbEntity
  8
F.Cu
  6
CONTINUOUS
100
AcDbLine
 10
65.7893129999999928
 20
-30.7496329999999993
 30
0
 11
65.6507659999999902
 21
-30.6570590000000003
 31
0
  0
LINE
  5
1231
330
1B
100
AcDbEntity
  8
F.Cu
  6
CONTINUOUS
100
AcDbLine
 10
65.6507659999999902
 20
-30.6570590000000003
 30
0
 11
65.5329409999999939
 21
-30.5392339999999969
 31
0
  0
LINE
  5
1232
330
1B
100
AcDbEntity
  8
F.Cu
  6
CONTINUOUS
100
AcDbLine
 10
65.5329409999999939
 20
-30.5392339999999969
 30
0
 11
65.4403669999999948
 21
-30.4006869999999978
 31
0
  0
LINE
  5
1233
330
1B
100
AcDbEntity
  8
F.Cu
  6
CONTINUOUS
100
AcDbLine
 10
65.4403669999999948
 20
-30.4006869999999978
 30
0
 11
65.3766009999999937
 21
-30.2467419999999976
 31
0
  0
LINE
  5
1234
330
1B
100
AcDbEntity
  8
F.Cu
  6
CONTINUOUS
100
AcDbLine
 10
65.3766009999999937
 20
-30.2467419999999976
 30
0
 11
65.3440930000000009
 21
-30.0833149999999989
 31
0
  0
LINE
  5
1235
330
1B
100
AcDbEntity
  8
F.Cu
  6
CONTINUOUS
100
AcDbLine
 10
65.3440930000000009
 20
-30.0833149999999989
 30
0
 11
65.3440930000000009
 21
-29.9166849999999975
 31
0
  0
LINE
  5
1236
330
1B
100
AcDbEntity
  8
F.Cu
  6
CONTINUOUS
100
AcDbLine
 10
65.3440930000000009
 20
-29.9166849999999975
 30
0
 11
65.3766009999999937
 21
-29.7532579999999989
 31
0
  0
LINE
  5
1237
330
1B
100
AcDbEntity
  8
F.Cu
  6
CONTINUOUS
100
AcDbLine
 10
65.3766009999999937
 20
-29.7532579999999989
 30
0
 11
65.4403669999999948
 21
-29.5993129999999987
 31
0
  0
LINE
  5
1238
330
1B
100
AcDbEntity
  8
F.Cu
  6
CONTINUOUS
100
AcDbLine
 10
65.4403669999999948
 20
-29.5993129999999987
 30
0
 11
65.5329409999999939
 21
-29.4607659999999996
 31
0
  0
LINE
  5
1239
330
1B
100
AcDbEntity
  8
F.Cu
  6
CONTINUOUS
100
AcDbLine
 10
65.5329409999999939
 20
-29.4607659999999996
 30
0
 11
65.6507659999999902
 21
-29.3429409999999997
 31
0
  0
LINE
  5
123A
330
1B
100
AcDbEntity
  8
F.Cu
  6
CONTINUOUS
100
AcDbLine
 10
65.6507659999999902
 20
-29.3429409999999997
 30
0
 11
65.7893129999999928
 21
-29.2503669999999971
 31
0
  0
LINE
  5
123B
330
1B
100
AcDbEntity
  8
F.Cu
  6
CONTINUOUS
100
AcDbLine
 10
65.7893129999999928
 20
-29.2503669999999971
 30
0
 11
65.9432580000000002
 21
-29.1866009999999996
 31
0
  0
LINE
  5
123C
330
1B
100
AcDbEntity
  8
F.Cu
  6
CONTINUOUS
100
AcDbLine
 10
65.9432580000000002
 20
-29.1866009999999996
 30
0
 11
66.1066849999999988
 21
-29.1540929999999996
 31
0
  0
LINE
  5
123D
330
1B
100
AcDbEntity
  8
F.Cu
  6
CONTINUOUS
100
AcDbLine
 10
66.1066849999999988
 20
-29.1540929999999996
 30
0
 11
66.2733149999999966
 21
-29.1540929999999996
 31
0
  0
LINE
  5
123E
330
1B
100
AcDbEntity
  8
F.Cu
  6
CONTINUOUS
100
AcDbLine
 10
66.2733149999999966
 20
-29.1540929999999996
 30
0
 11
66.4367419999999953
 21
-29.1866009999999996
 31
0
  0
LINE
  5
123F
330
1B
100
AcDbEntity
  8
F.Cu
  6
CONTINUOUS
100
AcDbLine
 10
68.9767420000000016
 20
-29.1866009999999996
 30
0
 11
69.1306869999999947
 21
-29.2503669999999971
 31
0
  0
LINE
  5
1240
330
1B
100
AcDbEntity
  8
F.Cu
  6
CONTINUOUS
100
AcDbLine
 10
69.1306869999999947
 20
-29.2503669999999971
 30
0
 11
69.2692339999999973
 21
-29.3429409999999997
 31
0
  0
LINE
  5
1241
330
1B
100
AcDbEntity
  8
F.Cu
  6
CONTINUOUS
100
AcDbLine
 10
69.2692339999999973
 20
-29.3429409999999997
 30
0
 11
69.3870589999999936
 21
-29.4607659999999996
 31
0
  0
LINE
  5
1242
330
1B
100
AcDbEntity
  8
F.Cu
  6
CONTINUOUS
100
AcDbLine
 10
69.3870589999999936
 20
-29.4607659999999996
 30
0
 11
69.4796329999999926
 21
-29.5993129999999987
 31
0
  0
LINE
  5
1243
330
1B
100
AcDbEntity
  8
F.Cu
  6
CONTINUOUS
100
AcDbLine
 10
69.4796329999999926
 20
-29.5993129999999987
 30
0
 11
69.5433989999999937
 21
-29.7532579999999989
 31
0
  0
LINE
  5
1244
330
1B
100
AcDbEntity
  8
F.Cu
  6
CONTINUOUS
100
AcDbLine
 10
69.5433989999999937
 20
-29.7532579999999989
 30
0
 11
69.5759070000000008
 21
-29.9166849999999975
 31
0
  0
LINE
  5
1245
330
1B
100
AcDbEntity
  8
F.Cu
  6
CONTINUOUS
100
AcDbLine
 10
69.5759070000000008
 20
-29.9166849999999975
 30
0
 11
69.5759070000000008
 21
-30.0833149999999989
 31
0
  0
LINE
  5
1246
330
1B
100
AcDbEntity
  8
F.Cu
  6
CONTINUOUS
100
AcDbLine
 10
69.5759070000000008
 20
-30.0833149999999989
 30
0
 11
69.5433989999999937
 21
-30.2467419999999976
 31
0
  0
LINE
  5
1247
330
1B
100
AcDbEntity
  8
F.Cu
  6
CONTINUOUS
100
AcDbLine
 10
69.5433989999999937
 20
-30.2467419999999976
 30
0
 11
69.4796329999999926
 21
-30.4006869999999978
 31
0
  0
LINE
  5
1248
330
1B
100
AcDbEntity
  8
F.Cu
  6
CONTINUOUS
100
AcDbLine
 10
69.4796329999999926
 20
-30.4006869999999978
 30
0
 11
69.3870589999999936
 21
-30.5392339999999969
 31
0
  0
LINE
  5
1249
330
1B
100
AcDbEntity
  8
F.Cu
  6
CONTINUOUS
100
AcDbLine
 10
69.3870589999999936
 20
-30.5392339999999969
 30
0
 11
69.2692339999999973
 21
-30.6570590000000003
 31
0
  0
LINE
  5
124A
330
1B
100
AcDbEntity
  8
F.Cu
  6
CONTINUOUS
100
AcDbLine
 10
69.2692339999999973
 20
-30.6570590000000003
 30
0
 11
69.1306869999999947
 21
-30.7496329999999993
 31
0
  0
LINE
  5
124B
330
1B
100
AcDbEntity
  8
F.Cu
  6
CONTINUOUS
100
AcDbLine
 10
69.1306869999999947
 20
-30.7496329999999993
 30
0
 11
68.9767420000000016
 21
-30.8133989999999969
 31
0
  0
LINE
  5
124C
330
1B
100
AcDbEntity
  8
F.Cu
  6
CONTINUOUS
100
AcDbLine
 10
68.9767420000000016
 20
-30.8133989999999969
 30
0
 11
68.8133150000000029
 21
-30.8459069999999969
 31
0
  0
LINE
  5
124D
330
1B
100
AcDbEntity
  8
F.Cu
  6
CONTINUOUS
100
AcDbLine
 10
68.8133150000000029
 20
-30.8459069999999969
 30
0
 11
68.6466849999999909
 21
-30.8459069999999969
 31
0
  0
LINE
  5
124E
330
1B
100
AcDbEntity
  8
F.Cu
  6
CONTINUOUS
100
AcDbLine
 10
68.6466849999999909
 20
-30.8459069999999969
 30
0
 11
68.4832579999999922
 21
-30.8133989999999969
 31
0
  0
LINE
  5
124F
330
1B
100
AcDbEntity
  8
F.Cu
  6
CONTINUOUS
100
AcDbLine
 10
68.4832579999999922
 20
-30.8133989999999969
 30
0
 11
68.3293129999999991
 21
-30.7496329999999993
 31
0
  0
LINE
  5
1250
330
1B
100
AcDbEntity
  8
F.Cu
  6
CONTINUOUS
100
AcDbLine
 10
68.3293129999999991
 20
-30.7496329999999993
 30
0
 11
68.1907659999999964
 21
-30.6570590000000003
 31
0
  0
LINE
  5
1251
330
1B
100
AcDbEntity
  8
F.Cu
  6
CONTINUOUS
100
AcDbLine
 10
68.1907659999999964
 20
-30.6570590000000003
 30
0
 11
68.0729410000000001
 21
-30.5392339999999969
 31
0
  0
LINE
  5
1252
330
1B
100
AcDbEntity
  8
F.Cu
  6
CONTINUOUS
100
AcDbLine
 10
68.0729410000000001
 20
-30.5392339999999969
 30
0
 11
67.9803670000000011
 21
-30.4006869999999978
 31
0
  0
LINE
  5
1253
330
1B
100
AcDbEntity
  8
F.Cu
  6
CONTINUOUS
100
AcDbLine
 10
67.9803670000000011
 20
-30.4006869999999978
 30
0
 11
67.916601
 21
-30.2467419999999976
 31
0
  0
LINE
  5
1254
330
1B
100
AcDbEntity
  8
F.Cu
  6
CONTINUOUS
100
AcDbLine
 10
67.916601
 20
-30.2467419999999976
 30
0
 11
67.8840929999999929
 21
-30.0833149999999989
 31
0
  0
LINE
  5
1255
330
1B
100
AcDbEntity
  8
F.Cu
  6
CONTINUOUS
100
AcDbLine
 10
67.8840929999999929
 20
-30.0833149999999989
 30
0
 11
67.8840929999999929
 21
-29.9166849999999975
 31
0
  0
LINE
  5
1256
330
1B
100
AcDbEntity
  8
F.Cu
  6
CONTINUOUS
100
AcDbLine
 10
67.8840929999999929
 20
-29.9166849999999975
 30
0
 11
67.916601
 21
-29.7532579999999989
 31
0
  0
LINE
  5
1257
330
1B
100
AcDbEntity
  8
F.Cu
  6
CONTINUOUS
100
AcDbLine
 10
67.916601
 20
-29.7532579999999989
 30
0
 11
67.9803670000000011
 21
-29.5993129999999987
 31
0
  0
LINE
  5
1258
330
1B
100
AcDbEntity
  8
F.Cu
  6
CONTINUOUS
100
AcDbLine
 10
67.9803670000000011
 20
-29.5993129999999987
 30
0
 11
68.0729410000000001
 21
-29.4607659999999996
 31
0
  0
LINE
  5
1259
330
1B
100
AcDbEntity
  8
F.Cu
  6
CONTINUOUS
100
AcDbLine
 10
68.0729410000000001
 20
-29.4607659999999996
 30
0
 11
68.1907659999999964
 21
-29.3429409999999997
 31
0
  0
LINE
  5
125A
330
1B
100
AcDbEntity
  8
F.Cu
  6
CONTINUOUS
100
AcDbLine
 10
68.1907659999999964
 20
-29.3429409999999997
 30
0
 11
68.3293129999999991
 21
-29.2503669999999971
 31
0
  0
LINE
  5
125B
330
1B
100
AcDbEntity
  8
F.Cu
  6
CONTINUOUS
100
AcDbLine
 10
68.3293129999999991
 20
-29.2503669999999971
 30
0
 11
68.4832579999999922
 21
-29.1866009999999996
 31
0
  0
LINE
  5
125C
330
1B
100
AcDbEntity
  8
F.Cu
  6
CONTINUOUS
100
AcDbLine
 10
68.4832579999999922
 20
-29.1866009999999996
 30
0
 11
68.6466849999999909
 21
-29.1540929999999996
 31
0
  0
LINE
  5
125D
330
1B
100
AcDbEntity
  8
F.Cu
  6
CONTINUOUS
100
AcDbLine
 10
68.6466849999999909
 20
-29.1540929999999996
 30
0
 11
68.8133150000000029
 21
-29.1540929999999996
 31
0
  0
LINE
  5
125E
330
1B
100
AcDbEntity
  8
F.Cu
  6
CONTINUOUS
100
AcDbLine
 10
68.8133150000000029
 20
-29.1540929999999996
 30
0
 11
68.9767420000000016
 21
-29.1866009999999996
 31
0
  0
LINE
  5
125F
330
1B
100
AcDbEntity
  8
F.Cu
  6
CONTINUOUS
100
AcDbLine
 10
71.5167419999999936
 20
-29.1866009999999996
 30
0
 11
71.6706870000000009
 21
-29.2503669999999971
 31
0
  0
LINE
  5
1260
330
1B
100
AcDbEntity
  8
F.Cu
  6
CONTINUOUS
100
AcDbLine
 10
71.6706870000000009
 20
-29.2503669999999971
 30
0
 11
71.8092340000000036
 21
-29.3429409999999997
 31
0
  0
LINE
  5
1261
330
1B
100
AcDbEntity
  8
F.Cu
  6
CONTINUOUS
100
AcDbLine
 10
71.8092340000000036
 20
-29.3429409999999997
 30
0
 11
71.9270589999999999
 21
-29.4607659999999996
 31
0
  0
LINE
  5
1262
330
1B
100
AcDbEntity
  8
F.Cu
  6
CONTINUOUS
100
AcDbLine
 10
71.9270589999999999
 20
-29.4607659999999996
 30
0
 11
72.0196329999999989
 21
-29.5993129999999987
 31
0
  0
LINE
  5
1263
330
1B
100
AcDbEntity
  8
F.Cu
  6
CONTINUOUS
100
AcDbLine
 10
72.0196329999999989
 20
-29.5993129999999987
 30
0
 11
72.083399
 21
-29.7532579999999989
 31
0
  0
LINE
  5
1264
330
1B
100
AcDbEntity
  8
F.Cu
  6
CONTINUOUS
100
AcDbLine
 10
72.083399
 20
-29.7532579999999989
 30
0
 11
72.1159069999999929
 21
-29.9166849999999975
 31
0
  0
LINE
  5
1265
330
1B
100
AcDbEntity
  8
F.Cu
  6
CONTINUOUS
100
AcDbLine
 10
72.1159069999999929
 20
-29.9166849999999975
 30
0
 11
72.1159069999999929
 21
-30.0833149999999989
 31
0
  0
LINE
  5
1266
330
1B
100
AcDbEntity
  8
F.Cu
  6
CONTINUOUS
100
AcDbLine
 10
72.1159069999999929
 20
-30.0833149999999989
 30
0
 11
72.083399
 21
-30.2467419999999976
 31
0
  0
LINE
  5
1267
330
1B
100
AcDbEntity
  8
F.Cu
  6
CONTINUOUS
100
AcDbLine
 10
72.083399
 20
-30.2467419999999976
 30
0
 11
72.0196329999999989
 21
-30.4006869999999978
 31
0
  0
LINE
  5
1268
330
1B
100
AcDbEntity
  8
F.Cu
  6
CONTINUOUS
100
AcDbLine
 10
72.0196329999999989
 20
-30.4006869999999978
 30
0
 11
71.9270589999999999
 21
-30.5392339999999969
 31
0
  0
LINE
  5
1269
330
1B
100
AcDbEntity
  8
F.Cu
  6
CONTINUOUS
100
AcDbLine
 10
71.9270589999999999
 20
-30.5392339999999969
 30
0
 11
71.8092340000000036
 21
-30.6570590000000003
 31
0
  0
LINE
  5
126A
330
1B
100
AcDbEntity
  8
F.Cu
  6
CONTINUOUS
100
AcDbLine
 10
71.8092340000000036
 20
-30.6570590000000003
 30
0
 11
71.6706870000000009
 21
-30.7496329999999993
 31
0
  0
LINE
  5
126B
330
1B
100
AcDbEntity
  8
F.Cu
  6
CONTINUOUS
100
AcDbLine
 10
71.6706870000000009
 20
-30.7496329999999993
 30
0
 11
71.5167419999999936
 21
-30.8133989999999969
 31
0
  0
LINE
  5
126C
330
1B
100
AcDbEntity
  8
F.Cu
  6
CONTINUOUS
100
AcDbLine
 10
71.5167419999999936
 20
-30.8133989999999969
 30
0
 11
71.3533149999999949
 21
-30.8459069999999969
 31
0
  0
LINE
  5
126D
330
1B
100
AcDbEntity
  8
F.Cu
  6
CONTINUOUS
100
AcDbLine
 10
71.3533149999999949
 20
-30.8459069999999969
 30
0
 11
71.1866849999999971
 21
-30.8459069999999969
 31
0
  0
LINE
  5
126E
330
1B
100
AcDbEntity
  8
F.Cu
  6
CONTINUOUS
100
AcDbLine
 10
71.1866849999999971
 20
-30.8459069999999969
 30
0
 11
71.0232579999999984
 21
-30.8133989999999969
 31
0
  0
LINE
  5
126F
330
1B
100
AcDbEntity
  8
F.Cu
  6
CONTINUOUS
100
AcDbLine
 10
71.0232579999999984
 20
-30.8133989999999969
 30
0
 11
70.8693129999999911
 21
-30.7496329999999993
 31
0
  0
LINE
  5
1270
330
1B
100
AcDbEntity
  8
F.Cu
  6
CONTINUOUS
100
AcDbLine
 10
70.8693129999999911
 20
-30.7496329999999993
 30
0
 11
70.7307660000000027
 21
-30.6570590000000003
 31
0
  0
LINE
  5
1271
330
1B
100
AcDbEntity
  8
F.Cu
  6
CONTINUOUS
100
AcDbLine
 10
70.7307660000000027
 20
-30.6570590000000003
 30
0
 11
70.6129409999999922
 21
-30.5392339999999969
 31
0
  0
LINE
  5
1272
330
1B
100
AcDbEntity
  8
F.Cu
  6
CONTINUOUS
100
AcDbLine
 10
70.6129409999999922
 20
-30.5392339999999969
 30
0
 11
70.5203669999999931
 21
-30.4006869999999978
 31
0
  0
LINE
  5
1273
330
1B
100
AcDbEntity
  8
F.Cu
  6
CONTINUOUS
100
AcDbLine
 10
70.5203669999999931
 20
-30.4006869999999978
 30
0
 11
70.456600999999992
 21
-30.2467419999999976
 31
0
  0
LINE
  5
1274
330
1B
100
AcDbEntity
  8
F.Cu
  6
CONTINUOUS
100
AcDbLine
 10
70.456600999999992
 20
-30.2467419999999976
 30
0
 11
70.4240929999999992
 21
-30.0833149999999989
 31
0
  0
LINE
  5
1275
330
1B
100
AcDbEntity
  8
F.Cu
  6
CONTINUOUS
100
AcDbLine
 10
70.4240929999999992
 20
-30.0833149999999989
 30
0
 11
70.4240929999999992
 21
-29.9166849999999975
 31
0
  0
LINE
  5
1276
330
1B
100
AcDbEntity
  8
F.Cu
  6
CONTINUOUS
100
AcDbLine
 10
70.4240929999999992
 20
-29.9166849999999975
 30
0
 11
70.456600999999992
 21
-29.7532579999999989
 31
0
  0
LINE
  5
1277
330
1B
100
AcDbEntity
  8
F.Cu
  6
CONTINUOUS
100
AcDbLine
 10
70.456600999999992
 20
-29.7532579999999989
 30
0
 11
70.5203669999999931
 21
-29.5993129999999987
 31
0
  0
LINE
  5
1278
330
1B
100
AcDbEntity
  8
F.Cu
  6
CONTINUOUS
100
AcDbLine
 10
70.5203669999999931
 20
-29.5993129999999987
 30
0
 11
70.6129409999999922
 21
-29.4607659999999996
 31
0
  0
LINE
  5
1279
330
1B
100
AcDbEntity
  8
F.Cu
  6
CONTINUOUS
100
AcDbLine
 10
70.6129409999999922
 20
-29.4607659999999996
 30
0
 11
70.7307660000000027
 21
-29.3429409999999997
 31
0
  0
LINE
  5
127A
330
1B
100
AcDbEntity
  8
F.Cu
  6
CONTINUOUS
100
AcDbLine
 10
70.7307660000000027
 20
-29.3429409999999997
 30
0
 11
70.8693129999999911
 21
-29.2503669999999971
 31
0
  0
LINE
  5
127B
330
1B
100
AcDbEntity
  8
F.Cu
  6
CONTINUOUS
100
AcDbLine
 10
70.8693129999999911
 20
-29.2503669999999971
 30
0
 11
71.0232579999999984
 21
-29.1866009999999996
 31
0
  0
LINE
  5
127C
330
1B
100
AcDbEntity
  8
F.Cu
  6
CONTINUOUS
100
AcDbLine
 10
71.0232579999999984
 20
-29.1866009999999996
 30
0
 11
71.1866849999999971
 21
-29.1540929999999996
 31
0
  0
LINE
  5
127D
330
1B
100
AcDbEntity
  8
F.Cu
  6
CONTINUOUS
100
AcDbLine
 10
71.1866849999999971
 20
-29.1540929999999996
 30
0
 11
71.3533149999999949
 21
-29.1540929999999996
 31
0
  0
LINE
  5
127E
330
1B
100
AcDbEntity
  8
F.Cu
  6
CONTINUOUS
100
AcDbLine
 10
71.3533149999999949
 20
-29.1540929999999996
 30
0
 11
71.5167419999999936
 21
-29.1866009999999996
 31
0
  0
LINE
  5
127F
330
1B
100
AcDbEntity
  8
F.Cu
  6
CONTINUOUS
100
AcDbLine
 10
74.0567419999999998
 20
-29.1866009999999996
 30
0
 11
74.210686999999993
 21
-29.2503669999999971
 31
0
  0
LINE
  5
1280
330
1B
100
AcDbEntity
  8
F.Cu
  6
CONTINUOUS
100
AcDbLine
 10
74.210686999999993
 20
-29.2503669999999971
 30
0
 11
74.3492339999999956
 21
-29.3429409999999997
 31
0
  0
LINE
  5
1281
330
1B
100
AcDbEntity
  8
F.Cu
  6
CONTINUOUS
100
AcDbLine
 10
74.3492339999999956
 20
-29.3429409999999997
 30
0
 11
74.4670589999999919
 21
-29.4607659999999996
 31
0
  0
LINE
  5
1282
330
1B
100
AcDbEntity
  8
F.Cu
  6
CONTINUOUS
100
AcDbLine
 10
74.4670589999999919
 20
-29.4607659999999996
 30
0
 11
74.5596329999999909
 21
-29.5993129999999987
 31
0
  0
LINE
  5
1283
330
1B
100
AcDbEntity
  8
F.Cu
  6
CONTINUOUS
100
AcDbLine
 10
74.5596329999999909
 20
-29.5993129999999987
 30
0
 11
74.623398999999992
 21
-29.7532579999999989
 31
0
  0
LINE
  5
1284
330
1B
100
AcDbEntity
  8
F.Cu
  6
CONTINUOUS
100
AcDbLine
 10
74.623398999999992
 20
-29.7532579999999989
 30
0
 11
74.6559069999999991
 21
-29.9166849999999975
 31
0
  0
LINE
  5
1285
330
1B
100
AcDbEntity
  8
F.Cu
  6
CONTINUOUS
100
AcDbLine
 10
74.6559069999999991
 20
-29.9166849999999975
 30
0
 11
74.6559069999999991
 21
-30.0833149999999989
 31
0
  0
LINE
  5
1286
330
1B
100
AcDbEntity
  8
F.Cu
  6
CONTINUOUS
100
AcDbLine
 10
74.6559069999999991
 20
-30.0833149999999989
 30
0
 11
74.623398999999992
 21
-30.2467419999999976
 31
0
  0
LINE
  5
1287
330
1B
100
AcDbEntity
  8
F.Cu
  6
CONTINUOUS
100
AcDbLine
 10
74.623398999999992
 20
-30.2467419999999976
 30
0
 11
74.5596329999999909
 21
-30.4006869999999978
 31
0
  0
LINE
  5
1288
330
1B
100
AcDbEntity
  8
F.Cu
  6
CONTINUOUS
100
AcDbLine
 10
74.5596329999999909
 20
-30.4006869999999978
 30
0
 11
74.4670589999999919
 21
-30.5392339999999969
 31
0
  0
LINE
  5
1289
330
1B
100
AcDbEntity
  8
F.Cu
  6
CONTINUOUS
100
AcDbLine
 10
74.4670589999999919
 20
-30.5392339999999969
 30
0
 11
74.3492339999999956
 21
-30.6570590000000003
 31
0
  0
LINE
  5
128A
330
1B
100
AcDbEntity
  8
F.Cu
  6
CONTINUOUS
100
AcDbLine
 10
74.3492339999999956
 20
-30.6570590000000003
 30
0
 11
74.210686999999993
 21
-30.7496329999999993
 31
0
  0
LINE
  5
128B
330
1B
100
AcDbEntity
  8
F.Cu
  6
CONTINUOUS
100
AcDbLine
 10
74.210686999999993
 20
-30.7496329999999993
 30
0
 11
74.0567419999999998
 21
-30.8133989999999969
 31
0
  0
LINE
  5
128C
330
1B
100
AcDbEntity
  8
F.Cu
  6
CONTINUOUS
100
AcDbLine
 10
74.0567419999999998
 20
-30.8133989999999969
 30
0
 11
73.8933150000000012
 21
-30.8459069999999969
 31
0
  0
LINE
  5
128D
330
1B
100
AcDbEntity
  8
F.Cu
  6
CONTINUOUS
100
AcDbLine
 10
73.8933150000000012
 20
-30.8459069999999969
 30
0
 11
73.7266850000000034
 21
-30.8459069999999969
 31
0
  0
LINE
  5
128E
330
1B
100
AcDbEntity
  8
F.Cu
  6
CONTINUOUS
100
AcDbLine
 10
73.7266850000000034
 20
-30.8459069999999969
 30
0
 11
73.5632579999999905
 21
-30.8133989999999969
 31
0
  0
LINE
  5
128F
330
1B
100
AcDbEntity
  8
F.Cu
  6
CONTINUOUS
100
AcDbLine
 10
73.5632579999999905
 20
-30.8133989999999969
 30
0
 11
73.4093129999999974
 21
-30.7496329999999993
 31
0
  0
LINE
  5
1290
330
1B
100
AcDbEntity
  8
F.Cu
  6
CONTINUOUS
100
AcDbLine
 10
73.4093129999999974
 20
-30.7496329999999993
 30
0
 11
73.2707659999999947
 21
-30.6570590000000003
 31
0
  0
LINE
  5
1291
330
1B
100
AcDbEntity
  8
F.Cu
  6
CONTINUOUS
100
AcDbLine
 10
73.2707659999999947
 20
-30.6570590000000003
 30
0
 11
73.1529409999999984
 21
-30.5392339999999969
 31
0
  0
LINE
  5
1292
330
1B
100
AcDbEntity
  8
F.Cu
  6
CONTINUOUS
100
AcDbLine
 10
73.1529409999999984
 20
-30.5392339999999969
 30
0
 11
73.0603669999999994
 21
-30.4006869999999978
 31
0
  0
LINE
  5
1293
330
1B
100
AcDbEntity
  8
F.Cu
  6
CONTINUOUS
100
AcDbLine
 10
73.0603669999999994
 20
-30.4006869999999978
 30
0
 11
72.9966009999999983
 21
-30.2467419999999976
 31
0
  0
LINE
  5
1294
330
1B
100
AcDbEntity
  8
F.Cu
  6
CONTINUOUS
100
AcDbLine
 10
72.9966009999999983
 20
-30.2467419999999976
 30
0
 11
72.9640929999999912
 21
-30.0833149999999989
 31
0
  0
LINE
  5
1295
330
1B
100
AcDbEntity
  8
F.Cu
  6
CONTINUOUS
100
AcDbLine
 10
72.9640929999999912
 20
-30.0833149999999989
 30
0
 11
72.9640929999999912
 21
-29.9166849999999975
 31
0
  0
LINE
  5
1296
330
1B
100
AcDbEntity
  8
F.Cu
  6
CONTINUOUS
100
AcDbLine
 10
72.9640929999999912
 20
-29.9166849999999975
 30
0
 11
72.9966009999999983
 21
-29.7532579999999989
 31
0
  0
LINE
  5
1297
330
1B
100
AcDbEntity
  8
F.Cu
  6
CONTINUOUS
100
AcDbLine
 10
72.9966009999999983
 20
-29.7532579999999989
 30
0
 11
73.0603669999999994
 21
-29.5993129999999987
 31
0
  0
LINE
  5
1298
330
1B
100
AcDbEntity
  8
F.Cu
  6
CONTINUOUS
100
AcDbLine
 10
73.0603669999999994
 20
-29.5993129999999987
 30
0
 11
73.1529409999999984
 21
-29.4607659999999996
 31
0
  0
LINE
  5
1299
330
1B
100
AcDbEntity
  8
F.Cu
  6
CONTINUOUS
100
AcDbLine
 10
73.1529409999999984
 20
-29.4607659999999996
 30
0
 11
73.2707659999999947
 21
-29.3429409999999997
 31
0
  0
LINE
  5
129A
330
1B
100
AcDbEntity
  8
F.Cu
  6
CONTINUOUS
100
AcDbLine
 10
73.2707659999999947
 20
-29.3429409999999997
 30
0
 11
73.4093129999999974
 21
-29.2503669999999971
 31
0
  0
LINE
  5
129B
330
1B
100
AcDbEntity
  8
F.Cu
  6
CONTINUOUS
100
AcDbLine
 10
73.4093129999999974
 20
-29.2503669999999971
 30
0
 11
73.5632579999999905
 21
-29.1866009999999996
 31
0
  0
LINE
  5
129C
330
1B
100
AcDbEntity
  8
F.Cu
  6
CONTINUOUS
100
AcDbLine
 10
73.5632579999999905
 20
-29.1866009999999996
 30
0
 11
73.7266850000000034
 21
-29.1540929999999996
 31
0
  0
LINE
  5
129D
330
1B
100
AcDbEntity
  8
F.Cu
  6
CONTINUOUS
100
AcDbLine
 10
73.7266850000000034
 20
-29.1540929999999996
 30
0
 11
73.8933150000000012
 21
-29.1540929999999996
 31
0
  0
LINE
  5
129E
330
1B
100
AcDbEntity
  8
F.Cu
  6
CONTINUOUS
100
AcDbLine
 10
73.8933150000000012
 20
-29.1540929999999996
 30
0
 11
74.0567419999999998
 21
-29.1866009999999996
 31
0
  0
LINE
  5
129F
330
1B
100
AcDbEntity
  8
F.Cu
  6
CONTINUOUS
100
AcDbLine
 10
76.5967419999999919
 20
-29.1866009999999996
 30
0
 11
76.7506869999999992
 21
-29.2503669999999971
 31
0
  0
LINE
  5
12A0
330
1B
100
AcDbEntity
  8
F.Cu
  6
CONTINUOUS
100
AcDbLine
 10
76.7506869999999992
 20
-29.2503669999999971
 30
0
 11
76.8892340000000019
 21
-29.3429409999999997
 31
0
  0
LINE
  5
12A1
330
1B
100
AcDbEntity
  8
F.Cu
  6
CONTINUOUS
100
AcDbLine
 10
76.8892340000000019
 20
-29.3429409999999997
 30
0
 11
77.0070589999999982
 21
-29.4607659999999996
 31
0
  0
LINE
  5
12A2
330
1B
100
AcDbEntity
  8
F.Cu
  6
CONTINUOUS
100
AcDbLine
 10
77.0070589999999982
 20
-29.4607659999999996
 30
0
 11
77.0996329999999972
 21
-29.5993129999999987
 31
0
  0
LINE
  5
12A3
330
1B
100
AcDbEntity
  8
F.Cu
  6
CONTINUOUS
100
AcDbLine
 10
77.0996329999999972
 20
-29.5993129999999987
 30
0
 11
77.1633989999999983
 21
-29.7532579999999989
 31
0
  0
LINE
  5
12A4
330
1B
100
AcDbEntity
  8
F.Cu
  6
CONTINUOUS
100
AcDbLine
 10
77.1633989999999983
 20
-29.7532579999999989
 30
0
 11
77.1959069999999912
 21
-29.9166849999999975
 31
0
  0
LINE
  5
12A5
330
1B
100
AcDbEntity
  8
F.Cu
  6
CONTINUOUS
100
AcDbLine
 10
77.1959069999999912
 20
-29.9166849999999975
 30
0
 11
77.1959069999999912
 21
-30.0833149999999989
 31
0
  0
LINE
  5
12A6
330
1B
100
AcDbEntity
  8
F.Cu
  6
CONTINUOUS
100
AcDbLine
 10
77.1959069999999912
 20
-30.0833149999999989
 30
0
 11
77.1633989999999983
 21
-30.2467419999999976
 31
0
  0
LINE
  5
12A7
330
1B
100
AcDbEntity
  8
F.Cu
  6
CONTINUOUS
100
AcDbLine
 10
77.1633989999999983
 20
-30.2467419999999976
 30
0
 11
77.0996329999999972
 21
-30.4006869999999978
 31
0
  0
LINE
  5
12A8
330
1B
100
AcDbEntity
  8
F.Cu
  6
CONTINUOUS
100
AcDbLine
 10
77.0996329999999972
 20
-30.4006869999999978
 30
0
 11
77.0070589999999982
 21
-30.5392339999999969
 31
0
  0
LINE
  5
12A9
330
1B
100
AcDbEntity
  8
F.Cu
  6
CONTINUOUS
100
AcDbLine
 10
77.0070589999999982
 20
-30.5392339999999969
 30
0
 11
76.8892340000000019
 21
-30.6570590000000003
 31
0
  0
LINE
  5
12AA
330
1B
100
AcDbEntity
  8
F.Cu
  6
CONTINUOUS
100
AcDbLine
 10
76.8892340000000019
 20
-30.6570590000000003
 30
0
 11
76.7506869999999992
 21
-30.7496329999999993
 31
0
  0
LINE
  5
12AB
330
1B
100
AcDbEntity
  8
F.Cu
  6
CONTINUOUS
100
AcDbLine
 10
76.7506869999999992
 20
-30.7496329999999993
 30
0
 11
76.5967419999999919
 21
-30.8133989999999969
 31
0
  0
LINE
  5
12AC
330
1B
100
AcDbEntity
  8
F.Cu
  6
CONTINUOUS
100
AcDbLine
 10
76.5967419999999919
 20
-30.8133989999999969
 30
0
 11
76.4333149999999932
 21
-30.8459069999999969
 31
0
  0
LINE
  5
12AD
330
1B
100
AcDbEntity
  8
F.Cu
  6
CONTINUOUS
100
AcDbLine
 10
76.4333149999999932
 20
-30.8459069999999969
 30
0
 11
76.2666849999999954
 21
-30.8459069999999969
 31
0
  0
LINE
  5
12AE
330
1B
100
AcDbEntity
  8
F.Cu
  6
CONTINUOUS
100
AcDbLine
 10
76.2666849999999954
 20
-30.8459069999999969
 30
0
 11
76.1032579999999967
 21
-30.8133989999999969
 31
0
  0
LINE
  5
12AF
330
1B
100
AcDbEntity
  8
F.Cu
  6
CONTINUOUS
100
AcDbLine
 10
76.1032579999999967
 20
-30.8133989999999969
 30
0
 11
75.9493130000000036
 21
-30.7496329999999993
 31
0
  0
LINE
  5
12B0
330
1B
100
AcDbEntity
  8
F.Cu
  6
CONTINUOUS
100
AcDbLine
 10
75.9493130000000036
 20
-30.7496329999999993
 30
0
 11
75.810766000000001
 21
-30.6570590000000003
 31
0
  0
LINE
  5
12B1
330
1B
100
AcDbEntity
  8
F.Cu
  6
CONTINUOUS
100
AcDbLine
 10
75.810766000000001
 20
-30.6570590000000003
 30
0
 11
75.6929409999999905
 21
-30.5392339999999969
 31
0
  0
LINE
  5
12B2
330
1B
100
AcDbEntity
  8
F.Cu
  6
CONTINUOUS
100
AcDbLine
 10
75.6929409999999905
 20
-30.5392339999999969
 30
0
 11
75.6003669999999914
 21
-30.4006869999999978
 31
0
  0
LINE
  5
12B3
330
1B
100
AcDbEntity
  8
F.Cu
  6
CONTINUOUS
100
AcDbLine
 10
75.6003669999999914
 20
-30.4006869999999978
 30
0
 11
75.5366009999999903
 21
-30.2467419999999976
 31
0
  0
LINE
  5
12B4
330
1B
100
AcDbEntity
  8
F.Cu
  6
CONTINUOUS
100
AcDbLine
 10
75.5366009999999903
 20
-30.2467419999999976
 30
0
 11
75.5040929999999975
 21
-30.0833149999999989
 31
0
  0
LINE
  5
12B5
330
1B
100
AcDbEntity
  8
F.Cu
  6
CONTINUOUS
100
AcDbLine
 10
75.5040929999999975
 20
-30.0833149999999989
 30
0
 11
75.5040929999999975
 21
-29.9166849999999975
 31
0
  0
LINE
  5
12B6
330
1B
100
AcDbEntity
  8
F.Cu
  6
CONTINUOUS
100
AcDbLine
 10
75.5040929999999975
 20
-29.9166849999999975
 30
0
 11
75.5366009999999903
 21
-29.7532579999999989
 31
0
  0
LINE
  5
12B7
330
1B
100
AcDbEntity
  8
F.Cu
  6
CONTINUOUS
100
AcDbLine
 10
75.5366009999999903
 20
-29.7532579999999989
 30
0
 11
75.6003669999999914
 21
-29.5993129999999987
 31
0
  0
LINE
  5
12B8
330
1B
100
AcDbEntity
  8
F.Cu
  6
CONTINUOUS
100
AcDbLine
 10
75.6003669999999914
 20
-29.5993129999999987
 30
0
 11
75.6929409999999905
 21
-29.4607659999999996
 31
0
  0
LINE
  5
12B9
330
1B
100
AcDbEntity
  8
F.Cu
  6
CONTINUOUS
100
AcDbLine
 10
75.6929409999999905
 20
-29.4607659999999996
 30
0
 11
75.810766000000001
 21
-29.3429409999999997
 31
0
  0
LINE
  5
12BA
330
1B
100
AcDbEntity
  8
F.Cu
  6
CONTINUOUS
100
AcDbLine
 10
75.810766000000001
 20
-29.3429409999999997
 30
0
 11
75.9493130000000036
 21
-29.2503669999999971
 31
0
  0
LINE
  5
12BB
330
1B
100
AcDbEntity
  8
F.Cu
  6
CONTINUOUS
100
AcDbLine
 10
75.9493130000000036
 20
-29.2503669999999971
 30
0
 11
76.1032579999999967
 21
-29.1866009999999996
 31
0
  0
LINE
  5
12BC
330
1B
100
AcDbEntity
  8
F.Cu
  6
CONTINUOUS
100
AcDbLine
 10
76.1032579999999967
 20
-29.1866009999999996
 30
0
 11
76.2666849999999954
 21
-29.1540929999999996
 31
0
  0
LINE
  5
12BD
330
1B
100
AcDbEntity
  8
F.Cu
  6
CONTINUOUS
100
AcDbLine
 10
76.2666849999999954
 20
-29.1540929999999996
 30
0
 11
76.4333149999999932
 21
-29.1540929999999996
 31
0
  0
LINE
  5
12BE
330
1B
100
AcDbEntity
  8
F.Cu
  6
CONTINUOUS
100
AcDbLine
 10
76.4333149999999932
 20
-29.1540929999999996
 30
0
 11
76.5967419999999919
 21
-29.1866009999999996
 31
0
  0
CIRCLE
  5
12BF
330
1B
100
AcDbEntity
  8
F.Cu
100
AcDbCircle
 10
78.8900000000000006
 20
-30.
 30
0
 40
0.175
  0
CIRCLE
  5
12C0
330
1B
100
AcDbEntity
  8
F.Cu
100
AcDbCircle
 10
78.8900000000000006
 20
-32.5399999999999991
 30
0
 40
0.175
  0
CIRCLE
  5
12C1
330
1B
100
AcDbEntity
  8
F.Cu
100
AcDbCircle
 10
76.3499999999999943
 20
-30.
 30
0
 40
0.175
  0
CIRCLE
  5
12C2
330
1B
100
AcDbEntity
  8
F.Cu
100
AcDbCircle
 10
76.3499999999999943
 20
-32.5399999999999991
 30
0
 40
0.175
  0
CIRCLE
  5
12C3
330
1B
100
AcDbEntity
  8
F.Cu
100
AcDbCircle
 10
73.8100000000000023
 20
-30.
 30
0
 40
0.175
  0
CIRCLE
  5
12C4
330
1B
100
AcDbEntity
  8
F.Cu
100
AcDbCircle
 10
73.8100000000000023
 20
-32.5399999999999991
 30
0
 40
0.175
  0
CIRCLE
  5
12C5
330
1B
100
AcDbEntity
  8
F.Cu
100
AcDbCircle
 10
71.269999999999996
 20
-30.
 30
0
 40
0.175
  0
CIRCLE
  5
12C6
330
1B
100
AcDbEntity
  8
F.Cu
100
AcDbCircle
 10
71.269999999999996
 20
-32.5399999999999991
 30
0
 40
0.175
  0
CIRCLE
  5
12C7
330
1B
100
AcDbEntity
  8
F.Cu
100
AcDbCircle
 10
68.730000000000004
 20
-30.
 30
0
 40
0.175
  0
CIRCLE
  5
12C8
330
1B
100
AcDbEntity
  8
F.Cu
100
AcDbCircle
 10
68.730000000000004
 20
-32.5399999999999991
 30
0
 40
0.175
  0
CIRCLE
  5
12C9
330
1B
100
AcDbEntity
  8
F.Cu
100
AcDbCircle
 10
66.1899999999999977
 20
-30.
 30
0
 40
0.175
  0
CIRCLE
  5
12CA
330
1B
100
AcDbEntity
  8
F.Cu
100
AcDbCircle
 10
66.1899999999999977
 20
-32.5399999999999991
 30
0
 40
0.175
  0
CIRCLE
  5
12CB
330
1B
100
AcDbEntity
  8
F.Cu
100
AcDbCircle
 10
63.6499999999999986
 20
-30.
 30
0
 40
0.175
  0
CIRCLE
  5
12CC
330
1B
100
AcDbEntity
  8
F.Cu
100
AcDbCircle
 10
63.6499999999999986
 20
-32.5399999999999991
 30
0
 40
0.175
  0
CIRCLE
  5
12CD
330
1B
100
AcDbEntity
  8
F.Cu
100
AcDbCircle
 10
61.1099999999999994
 20
-30.
 30
0
 40
0.175
  0
CIRCLE
  5
12CE
330
1B
100
AcDbEntity
  8
F.Cu
100
AcDbCircle
 10
61.1099999999999994
 20
-32.5399999999999991
 30
0
 40
0.175
  0
CIRCLE
  5
12CF
330
1B
100
AcDbEntity
  8
F.Cu
100
AcDbCircle
 10
114.
 20
-114.
 30
0
 40
0.175
  0
CIRCLE
  5
12D0
330
1B
100
AcDbEntity
  8
F.Cu
100
AcDbCircle
 10
53.9099999999999966
 20
-100.3299999999999983
 30
0
 40
0.175
  0
CIRCLE
  5
12D1
330
1B
100
AcDbEntity
  8
F.Cu
100
AcDbCircle
 10
61.529999999999994
 20
-100.3299999999999983
 30
0
 40
0.175
  0
CIRCLE
  5
12D2
330
1B
100
AcDbEntity
  8
F.Cu
100
AcDbCircle
 10
84.
 20
-61.5
 30
0
 40
0.175
  0
CIRCLE
  5
12D3
330
1B
100
AcDbEntity
  8
F.Cu
100
AcDbCircle
 10
44.6049999999999969
 20
-68.5799999999999983
 30
0
 40
0.175
  0
CIRCLE
  5
12D4
330
1B
100
AcDbEntity
  8
F.Cu
100
AcDbCircle
 10
47.144999999999996
 20
-68.5799999999999983
 30
0
 40
0.175
  0
CIRCLE
  5
12D5
330
1B
100
AcDbEntity
  8
F.Cu
100
AcDbCircle
 10
49.6849999999999952
 20
-68.5799999999999983
 30
0
 40
0.175
  0
CIRCLE
  5
12D6
330
1B
100
AcDbEntity
  8
F.Cu
100
AcDbCircle
 10
52.2249999999999943
 20
-68.5799999999999983
 30
0
 40
0.175
  0
CIRCLE
  5
12D7
330
1B
100
AcDbEntity
  8
F.Cu
100
AcDbCircle
 10
54.7650000000000006
 20
-68.5799999999999983
 30
0
 40
0.175
  0
CIRCLE
  5
12D8
330
1B
100
AcDbEntity
  8
F.Cu
100
AcDbCircle
 10
57.3049999999999997
 20
-68.5799999999999983
 30
0
 40
0.175
  0
CIRCLE
  5
12D9
330
1B
100
AcDbEntity
  8
F.Cu
100
AcDbCircle
 10
59.8449999999999989
 20
-68.5799999999999983
 30
0
 40
0.175
  0
CIRCLE
  5
12DA
330
1B
100
AcDbEntity
  8
F.Cu
100
AcDbCircle
 10
59.8449999999999989
 20
-60.9599999999999937
 30
0
 40
0.175
  0
CIRCLE
  5
12DB
330
1B
100
AcDbEntity
  8
F.Cu
100
AcDbCircle
 10
57.3049999999999997
 20
-60.9599999999999937
 30
0
 40
0.175
  0
CIRCLE
  5
12DC
330
1B
100
AcDbEntity
  8
F.Cu
100
AcDbCircle
 10
54.7650000000000006
 20
-60.9599999999999937
 30
0
 40
0.175
  0
CIRCLE
  5
12DD
330
1B
100
AcDbEntity
  8
F.Cu
100
AcDbCircle
 10
52.2249999999999943
 20
-60.9599999999999937
 30
0
 40
0.175
  0
CIRCLE
  5
12DE
330
1B
100
AcDbEntity
  8
F.Cu
100
AcDbCircle
 10
49.6849999999999952
 20
-60.9599999999999937
 30
0
 40
0.175
  0
CIRCLE
  5
12DF
330
1B
100
AcDbEntity
  8
F.Cu
100
AcDbCircle
 10
47.144999999999996
 20
-60.9599999999999937
 30
0
 40
0.175
  0
CIRCLE
  5
12E0
330
1B
100
AcDbEntity
  8
F.Cu
100
AcDbCircle
 10
44.6049999999999969
 20
-60.9599999999999937
 30
0
 40
0.175
  0
CIRCLE
  5
12E1
330
1B
100
AcDbEntity
  8
F.Cu
100
AcDbCircle
 10
106.352499999999992
 20
-55.8799999999999955
 30
0
 40
0.175
  0
CIRCLE
  5
12E2
330
1B
100
AcDbEntity
  8
F.Cu
100
AcDbCircle
 10
106.352499999999992
 20
-58.4199999999999946
 30
0
 40
0.175
  0
CIRCLE
  5
12E3
330
1B
100
AcDbEntity
  8
F.Cu
100
AcDbCircle
 10
106.352499999999992
 20
-60.9599999999999937
 30
0
 40
0.175
  0
CIRCLE
  5
12E4
330
1B
100
AcDbEntity
  8
F.Cu
100
AcDbCircle
 10
106.352499999999992
 20
-63.5
 30
0
 40
0.175
  0
CIRCLE
  5
12E5
330
1B
100
AcDbEntity
  8
F.Cu
100
AcDbCircle
 10
106.352499999999992
 20
-66.039999999999992
 30
0
 40
0.175
  0
CIRCLE
  5
12E6
330
1B
100
AcDbEntity
  8
F.Cu
100
AcDbCircle
 10
106.352499999999992
 20
-68.5799999999999983
 30
0
 40
0.175
  0
CIRCLE
  5
12E7
330
1B
100
AcDbEntity
  8
F.Cu
100
AcDbCircle
 10
106.352499999999992
 20
-71.1199999999999903
 30
0
 40
0.175
  0
CIRCLE
  5
12E8
330
1B
100
AcDbEntity
  8
F.Cu
100
AcDbCircle
 10
106.352499999999992
 20
-73.6599999999999966
 30
0
 40
0.175
  0
CIRCLE
  5
12E9
330
1B
100
AcDbEntity
  8
F.Cu
100
AcDbCircle
 10
58.2824999999999989
 20
-90.1700000000000017
 30
0
 40
0.175
  0
CIRCLE
  5
12EA
330
1B
100
AcDbEntity
  8
F.Cu
100
AcDbCircle
 10
60.822499999999998
 20
-90.1700000000000017
 30
0
 40
0.175
  0
CIRCLE
  5
12EB
330
1B
100
AcDbEntity
  8
F.Cu
100
AcDbCircle
 10
63.3624999999999972
 20
-90.1700000000000017
 30
0
 40
0.175
  0
CIRCLE
  5
12EC
330
1B
100
AcDbEntity
  8
F.Cu
100
AcDbCircle
 10
65.9025000000000034
 20
-90.1700000000000017
 30
0
 40
0.175
  0
CIRCLE
  5
12ED
330
1B
100
AcDbEntity
  8
F.Cu
100
AcDbCircle
 10
68.4424999999999955
 20
-90.1700000000000017
 30
0
 40
0.175
  0
CIRCLE
  5
12EE
330
1B
100
AcDbEntity
  8
F.Cu
100
AcDbCircle
 10
70.9825000000000017
 20
-90.1700000000000017
 30
0
 40
0.175
  0
CIRCLE
  5
12EF
330
1B
100
AcDbEntity
  8
F.Cu
100
AcDbCircle
 10
73.5224999999999937
 20
-90.1700000000000017
 30
0
 40
0.175
  0
CIRCLE
  5
12F0
330
1B
100
AcDbEntity
  8
F.Cu
100
AcDbCircle
 10
73.5224999999999937
 20
-82.5499999999999972
 30
0
 40
0.175
  0
CIRCLE
  5
12F1
330
1B
100
AcDbEntity
  8
F.Cu
100
AcDbCircle
 10
70.9825000000000017
 20
-82.5499999999999972
 30
0
 40
0.175
  0
CIRCLE
  5
12F2
330
1B
100
AcDbEntity
  8
F.Cu
100
AcDbCircle
 10
68.4424999999999955
 20
-82.5499999999999972
 30
0
 40
0.175
  0
CIRCLE
  5
12F3
330
1B
100
AcDbEntity
  8
F.Cu
100
AcDbCircle
 10
65.9025000000000034
 20
-82.5499999999999972
 30
0
 40
0.175
  0
CIRCLE
  5
12F4
330
1B
100
AcDbEntity
  8
F.Cu
100
AcDbCircle
 10
63.3624999999999972
 20
-82.5499999999999972
 30
0
 40
0.175
  0
CIRCLE
  5
12F5
330
1B
100
AcDbEntity
  8
F.Cu
100
AcDbCircle
 10
60.822499999999998
 20
-82.5499999999999972
 30
0
 40
0.175
  0
CIRCLE
  5
12F6
330
1B
100
AcDbEntity
  8
F.Cu
100
AcDbCircle
 10
58.2824999999999989
 20
-82.5499999999999972
 30
0
 40
0.175
  0
CIRCLE
  5
12F7
330
1B
100
AcDbEntity
  8
F.Cu
100
AcDbCircle
 10
79.5
 20
-49.
 30
0
 40
0.175
  0
CIRCLE
  5
12F8
330
1B
100
AcDbEntity
  8
F.Cu
100
AcDbCircle
 10
78.7524999999999977
 20
-64.769999999999996
 30
0
 40
0.175
  0
CIRCLE
  5
12F9
330
1B
100
AcDbEntity
  8
F.Cu
100
AcDbCircle
 10
83.7524999999999977
 20
-64.769999999999996
 30
0
 40
0.175
  0
CIRCLE
  5
12FA
330
1B
100
AcDbEntity
  8
F.Cu
100
AcDbCircle
 10
69.5
 20
-53.
 30
0
 40
0.175
  0
CIRCLE
  5
12FB
330
1B
100
AcDbEntity
  8
F.Cu
100
AcDbCircle
 10
71.5
 20
-36.5
 30
0
 40
0.175
  0
CIRCLE
  5
12FC
330
1B
100
AcDbEntity
  8
F.Cu
100
AcDbCircle
 10
60.
 20
-43.
 30
0
 40
0.175
  0
CIRCLE
  5
12FD
330
1B
100
AcDbEntity
  8
F.Cu
100
AcDbCircle
 10
111.
 20
-68.5
 30
0
 40
0.175
  0
CIRCLE
  5
12FE
330
1B
100
AcDbEntity
  8
F.Cu
100
AcDbCircle
 10
26.
 20
-114.
 30
0
 40
0.175
  0
CIRCLE
  5
12FF
330
1B
100
AcDbEntity
  8
F.Cu
100
AcDbCircle
 10
26.
 20
-26.
 30
0
 40
0.175
  0
CIRCLE
  5
1300
330
1B
100
AcDbEntity
  8
F.Cu
100
AcDbCircle
 10
66.2599999999999909
 20
-100.3299999999999983
 30
0
 40
0.175
  0
CIRCLE
  5
1301
330
1B
100
AcDbEntity
  8
F.Cu
100
AcDbCircle
 10
71.2599999999999909
 20
-100.3299999999999983
 30
0
 40
0.175
  0
CIRCLE
  5
1302
330
1B
100
AcDbEntity
  8
F.Cu
100
AcDbCircle
 10
42.
 20
-35.5
 30
0
 40
0.175
  0
CIRCLE
  5
1303
330
1B
100
AcDbEntity
  8
F.Cu
100
AcDbCircle
 10
84.
 20
-75.
 30
0
 40
0.175
  0
CIRCLE
  5
1304
330
1B
100
AcDbEntity
  8
F.Cu
100
AcDbCircle
 10
84.7599999999999909
 20
-31.75
 30
0
 40
0.175
  0
CIRCLE
  5
1305
330
1B
100
AcDbEntity
  8
F.Cu
100
AcDbCircle
 10
84.7599999999999909
 20
-34.2899999999999991
 30
0
 40
0.175
  0
CIRCLE
  5
1306
330
1B
100
AcDbEntity
  8
F.Cu
100
AcDbCircle
 10
84.7599999999999909
 20
-36.8299999999999983
 30
0
 40
0.175
  0
CIRCLE
  5
1307
330
1B
100
AcDbEntity
  8
F.Cu
100
AcDbCircle
 10
84.7599999999999909
 20
-39.3699999999999974
 30
0
 40
0.175
  0
CIRCLE
  5
1308
330
1B
100
AcDbEntity
  8
F.Cu
100
AcDbCircle
 10
84.7599999999999909
 20
-41.9099999999999966
 30
0
 40
0.175
  0
CIRCLE
  5
1309
330
1B
100
AcDbEntity
  8
F.Cu
100
AcDbCircle
 10
84.7599999999999909
 20
-44.4499999999999957
 30
0
 40
0.175
  0
CIRCLE
  5
130A
330
1B
100
AcDbEntity
  8
F.Cu
100
AcDbCircle
 10
84.7599999999999909
 20
-46.9899999999999949
 30
0
 40
0.175
  0
CIRCLE
  5
130B
330
1B
100
AcDbEntity
  8
F.Cu
100
AcDbCircle
 10
84.7599999999999909
 20
-49.5300000000000011
 30
0
 40
0.175
  0
CIRCLE
  5
130C
330
1B
100
AcDbEntity
  8
F.Cu
100
AcDbCircle
 10
92.3799999999999955
 20
-49.5300000000000011
 30
0
 40
0.175
  0
CIRCLE
  5
130D
330
1B
100
AcDbEntity
  8
F.Cu
100
AcDbCircle
 10
92.3799999999999955
 20
-46.9899999999999949
 30
0
 40
0.175
  0
CIRCLE
  5
130E
330
1B
100
AcDbEntity
  8
F.Cu
100
AcDbCircle
 10
92.3799999999999955
 20
-44.4499999999999957
 30
0
 40
0.175
  0
CIRCLE
  5
130F
330
1B
100
AcDbEntity
  8
F.Cu
100
AcDbCircle
 10
92.3799999999999955
 20
-41.9099999999999966
 30
0
 40
0.175
  0
CIRCLE
  5
1310
330
1B
100
AcDbEntity
  8
F.Cu
100
AcDbCircle
 10
92.3799999999999955
 20
-39.3699999999999974
 30
0
 40
0.175
  0
CIRCLE
  5
1311
330
1B
100
AcDbEntity
  8
F.Cu
100
AcDbCircle
 10
92.3799999999999955
 20
-36.8299999999999983
 30
0
 40
0.175
  0
CIRCLE
  5
1312
330
1B
100
AcDbEntity
  8
F.Cu
100
AcDbCircle
 10
92.3799999999999955
 20
-34.2899999999999991
 30
0
 40
0.175
  0
CIRCLE
  5
1313
330
1B
100
AcDbEntity
  8
F.Cu
100
AcDbCircle
 10
92.3799999999999955
 20
-31.75
 30
0
 40
0.175
  0
CIRCLE
  5
1314
330
1B
100
AcDbEntity
  8
F.Cu
100
AcDbCircle
 10
70.9050000000000011
 20
-107.9499999999999886
 30
0
 40
0.175
  0
CIRCLE
  5
1315
330
1B
100
AcDbEntity
  8
F.Cu
100
AcDbCircle
 10
78.5249999999999915
 20
-107.9499999999999886
 30
0
 40
0.175
  0
CIRCLE
  5
1316
330
1B
100
AcDbEntity
  8
F.Cu
100
AcDbCircle
 10
97.5
 20
-47.
 30
0
 40
0.175
  0
CIRCLE
  5
1317
330
1B
100
AcDbEntity
  8
F.Cu
100
AcDbCircle
 10
99.5
 20
-68.5
 30
0
 40
0.175
  0
CIRCLE
  5
1318
330
1B
100
AcDbEntity
  8
F.Cu
100
AcDbCircle
 10
65.0549999999999926
 20
-64.769999999999996
 30
0
 40
0.175
  0
CIRCLE
  5
1319
330
1B
100
AcDbEntity
  8
F.Cu
100
AcDbCircle
 10
70.0549999999999926
 20
-64.769999999999996
 30
0
 40
0.175
  0
CIRCLE
  5
131A
330
1B
100
AcDbEntity
  8
F.Cu
100
AcDbCircle
 10
97.5099999999999909
 20
-40.6400000000000006
 30
0
 40
0.175
  0
CIRCLE
  5
131B
330
1B
100
AcDbEntity
  8
F.Cu
100
AcDbCircle
 10
102.5099999999999909
 20
-40.6400000000000006
 30
0
 40
0.175
  0
CIRCLE
  5
131C
330
1B
100
AcDbEntity
  8
F.Cu
100
AcDbCircle
 10
78.4500000000000028
 20
-100.3299999999999983
 30
0
 40
0.175
  0
CIRCLE
  5
131D
330
1B
100
AcDbEntity
  8
F.Cu
100
AcDbCircle
 10
83.3299999999999983
 20
-100.3299999999999983
 30
0
 40
0.175
  0
CIRCLE
  5
131E
330
1B
100
AcDbEntity
  8
F.Cu
100
AcDbCircle
 10
43.
 20
-31.5
 30
0
 40
0.175
  0
CIRCLE
  5
131F
330
1B
100
AcDbEntity
  8
F.Cu
100
AcDbCircle
 10
56.
 20
-74.
 30
0
 40
0.175
  0
CIRCLE
  5
1320
330
1B
100
AcDbEntity
  8
F.Cu
100
AcDbCircle
 10
111.
 20
-61.
 30
0
 40
0.175
  0
CIRCLE
  5
1321
330
1B
100
AcDbEntity
  8
F.Cu
100
AcDbCircle
 10
68.4424999999999955
 20
-76.7000000000000028
 30
0
 40
0.175
  0
CIRCLE
  5
1322
330
1B
100
AcDbEntity
  8
F.Cu
100
AcDbCircle
 10
65.9025000000000034
 20
-76.7000000000000028
 30
0
 40
0.175
  0
CIRCLE
  5
1323
330
1B
100
AcDbEntity
  8
F.Cu
100
AcDbCircle
 10
63.3624999999999972
 20
-76.7000000000000028
 30
0
 40
0.175
  0
CIRCLE
  5
1324
330
1B
100
AcDbEntity
  8
F.Cu
100
AcDbCircle
 10
37.4899999999999949
 20
-40.6400000000000006
 30
0
 40
0.175
  0
CIRCLE
  5
1325
330
1B
100
AcDbEntity
  8
F.Cu
100
AcDbCircle
 10
42.4899999999999949
 20
-40.6400000000000006
 30
0
 40
0.175
  0
CIRCLE
  5
1326
330
1B
100
AcDbEntity
  8
F.Cu
100
AcDbCircle
 10
86.5
 20
-53.
 30
0
 40
0.175
  0
CIRCLE
  5
1327
330
1B
100
AcDbEntity
  8
F.Cu
100
AcDbCircle
 10
47.6199999999999974
 20
-31.75
 30
0
 40
0.175
  0
CIRCLE
  5
1328
330
1B
100
AcDbEntity
  8
F.Cu
100
AcDbCircle
 10
47.6199999999999974
 20
-34.2899999999999991
 30
0
 40
0.175
  0
CIRCLE
  5
1329
330
1B
100
AcDbEntity
  8
F.Cu
100
AcDbCircle
 10
47.6199999999999974
 20
-36.8299999999999983
 30
0
 40
0.175
  0
CIRCLE
  5
132A
330
1B
100
AcDbEntity
  8
F.Cu
100
AcDbCircle
 10
47.6199999999999974
 20
-39.3699999999999974
 30
0
 40
0.175
  0
CIRCLE
  5
132B
330
1B
100
AcDbEntity
  8
F.Cu
100
AcDbCircle
 10
47.6199999999999974
 20
-41.9099999999999966
 30
0
 40
0.175
  0
CIRCLE
  5
132C
330
1B
100
AcDbEntity
  8
F.Cu
100
AcDbCircle
 10
47.6199999999999974
 20
-44.4499999999999957
 30
0
 40
0.175
  0
CIRCLE
  5
132D
330
1B
100
AcDbEntity
  8
F.Cu
100
AcDbCircle
 10
47.6199999999999974
 20
-46.9899999999999949
 30
0
 40
0.175
  0
CIRCLE
  5
132E
330
1B
100
AcDbEntity
  8
F.Cu
100
AcDbCircle
 10
47.6199999999999974
 20
-49.5300000000000011
 30
0
 40
0.175
  0
CIRCLE
  5
132F
330
1B
100
AcDbEntity
  8
F.Cu
100
AcDbCircle
 10
55.2399999999999949
 20
-49.5300000000000011
 30
0
 40
0.175
  0
CIRCLE
  5
1330
330
1B
100
AcDbEntity
  8
F.Cu
100
AcDbCircle
 10
55.2399999999999949
 20
-46.9899999999999949
 30
0
 40
0.175
  0
CIRCLE
  5
1331
330
1B
100
AcDbEntity
  8
F.Cu
100
AcDbCircle
 10
55.2399999999999949
 20
-44.4499999999999957
 30
0
 40
0.175
  0
CIRCLE
  5
1332
330
1B
100
AcDbEntity
  8
F.Cu
100
AcDbCircle
 10
55.2399999999999949
 20
-41.9099999999999966
 30
0
 40
0.175
  0
CIRCLE
  5
1333
330
1B
100
AcDbEntity
  8
F.Cu
100
AcDbCircle
 10
55.2399999999999949
 20
-39.3699999999999974
 30
0
 40
0.175
  0
CIRCLE
  5
1334
330
1B
100
AcDbEntity
  8
F.Cu
100
AcDbCircle
 10
55.2399999999999949
 20
-36.8299999999999983
 30
0
 40
0.175
  0
CIRCLE
  5
1335
330
1B
100
AcDbEntity
  8
F.Cu
100
AcDbCircle
 10
55.2399999999999949
 20
-34.2899999999999991
 30
0
 40
0.175
  0
CIRCLE
  5
1336
330
1B
100
AcDbEntity
  8
F.Cu
100
AcDbCircle
 10
55.2399999999999949
 20
-31.75
 30
0
 40
0.175
  0
CIRCLE
  5
1337
330
1B
100
AcDbEntity
  8
F.Cu
100
AcDbCircle
 10
48.072499999999998
 20
-86.3599999999999994
 30
0
 40
0.175
  0
CIRCLE
  5
1338
330
1B
100
AcDbEntity
  8
F.Cu
100
AcDbCircle
 10
53.072499999999998
 20
-86.3599999999999994
 30
0
 40
0.175
  0
CIRCLE
  5
1339
330
1B
100
AcDbEntity
  8
F.Cu
100
AcDbCircle
 10
100.
 20
-58.5
 30
0
 40
0.175
  0
CIRCLE
  5
133A
330
1B
100
AcDbEntity
  8
F.Cu
100
AcDbCircle
 10
88.8824999999999932
 20
-55.8799999999999955
 30
0
 40
0.175
  0
CIRCLE
  5
133B
330
1B
100
AcDbEntity
  8
F.Cu
100
AcDbCircle
 10
88.8824999999999932
 20
-58.4199999999999946
 30
0
 40
0.175
  0
CIRCLE
  5
133C
330
1B
100
AcDbEntity
  8
F.Cu
100
AcDbCircle
 10
88.8824999999999932
 20
-60.9599999999999937
 30
0
 40
0.175
  0
CIRCLE
  5
133D
330
1B
100
AcDbEntity
  8
F.Cu
100
AcDbCircle
 10
88.8824999999999932
 20
-63.5
 30
0
 40
0.175
  0
CIRCLE
  5
133E
330
1B
100
AcDbEntity
  8
F.Cu
100
AcDbCircle
 10
88.8824999999999932
 20
-66.039999999999992
 30
0
 40
0.175
  0
CIRCLE
  5
133F
330
1B
100
AcDbEntity
  8
F.Cu
100
AcDbCircle
 10
88.8824999999999932
 20
-68.5799999999999983
 30
0
 40
0.175
  0
CIRCLE
  5
1340
330
1B
100
AcDbEntity
  8
F.Cu
100
AcDbCircle
 10
88.8824999999999932
 20
-71.1199999999999903
 30
0
 40
0.175
  0
CIRCLE
  5
1341
330
1B
100
AcDbEntity
  8
F.Cu
100
AcDbCircle
 10
88.8824999999999932
 20
-73.6599999999999966
 30
0
 40
0.175
  0
CIRCLE
  5
1342
330
1B
100
AcDbEntity
  8
F.Cu
100
AcDbCircle
 10
96.5024999999999977
 20
-73.6599999999999966
 30
0
 40
0.175
  0
CIRCLE
  5
1343
330
1B
100
AcDbEntity
  8
F.Cu
100
AcDbCircle
 10
96.5024999999999977
 20
-71.1199999999999903
 30
0
 40
0.175
  0
CIRCLE
  5
1344
330
1B
100
AcDbEntity
  8
F.Cu
100
AcDbCircle
 10
96.5024999999999977
 20
-68.5799999999999983
 30
0
 40
0.175
  0
CIRCLE
  5
1345
330
1B
100
AcDbEntity
  8
F.Cu
100
AcDbCircle
 10
96.5024999999999977
 20
-66.039999999999992
 30
0
 40
0.175
  0
CIRCLE
  5
1346
330
1B
100
AcDbEntity
  8
F.Cu
100
AcDbCircle
 10
96.5024999999999977
 20
-63.5
 30
0
 40
0.175
  0
CIRCLE
  5
1347
330
1B
100
AcDbEntity
  8
F.Cu
100
AcDbCircle
 10
96.5024999999999977
 20
-60.9599999999999937
 30
0
 40
0.175
  0
CIRCLE
  5
1348
330
1B
100
AcDbEntity
  8
F.Cu
100
AcDbCircle
 10
96.5024999999999977
 20
-58.4199999999999946
 30
0
 40
0.175
  0
CIRCLE
  5
1349
330
1B
100
AcDbEntity
  8
F.Cu
100
AcDbCircle
 10
96.5024999999999977
 20
-55.8799999999999955
 30
0
 40
0.175
  0
CIRCLE
  5
134A
330
1B
100
AcDbEntity
  8
F.Cu
100
AcDbCircle
 10
114.
 20
-26.
 30
0
 40
0.175
  0
CIRCLE
  5
134B
330
1B
100
AcDbEntity
  8
F.Cu
100
AcDbCircle
 10
61.1749999999999972
 20
-107.9499999999999886
 30
0
 40
0.175
  0
CIRCLE
  5
134C
330
1B
100
AcDbEntity
  8
F.Cu
100
AcDbCircle
 10
66.1749999999999972
 20
-107.9499999999999886
 30
0
 40
0.175
  0
CIRCLE
  5
134D
330
1B
100
AcDbEntity
  8
F.Cu
100
AcDbCircle
 10
79.5
 20
-53.
 30
0
 40
0.175
  0
CIRCLE
  5
134E
330
1B
100
AcDbEntity
  8
F.Cu
100
AcDbCircle
 10
79.5
 20
-53.
 30
0
 40
0.2
  0
CIRCLE
  5
134F
330
1B
100
AcDbEntity
  8
F.Cu
100
AcDbCircle
 10
79.5
 20
-53.
 30
0
 40
0.2
  0
CIRCLE
  5
1350
330
1B
100
AcDbEntity
  8
F.Cu
100
AcDbCircle
 10
79.5
 20
-53.
 30
0
 40
0.175
  0
CIRCLE
  5
1351
330
1B
100
AcDbEntity
  8
F.Cu
100
AcDbCircle
 10
79.5
 20
-53.
 30
0
 40
0.175
  0
CIRCLE
  5
1352
330
1B
100
AcDbEntity
  8
F.Cu
100
AcDbCircle
 10
78.8900000000000006
 20
-30.
 30
0
 40
0.175
  0
CIRCLE
  5
1353
330
1B
100
AcDbEntity
  8
F.Cu
100
AcDbCircle
 10
78.8900000000000006
 20
-32.5399999999999991
 30
0
 40
0.175
  0
CIRCLE
  5
1354
330
1B
100
AcDbEntity
  8
F.Cu
100
AcDbCircle
 10
76.3499999999999943
 20
-30.
 30
0
 40
0.175
  0
CIRCLE
  5
1355
330
1B
100
AcDbEntity
  8
F.Cu
100
AcDbCircle
 10
76.3499999999999943
 20
-32.5399999999999991
 30
0
 40
0.175
  0
CIRCLE
  5
1356
330
1B
100
AcDbEntity
  8
F.Cu
100
AcDbCircle
 10
73.8100000000000023
 20
-30.
 30
0
 40
0.175
  0
CIRCLE
  5
1357
330
1B
100
AcDbEntity
  8
F.Cu
100
AcDbCircle
 10
73.8100000000000023
 20
-32.5399999999999991
 30
0
 40
0.175
  0
CIRCLE
  5
1358
330
1B
100
AcDbEntity
  8
F.Cu
100
AcDbCircle
 10
71.269999999999996
 20
-30.
 30
0
 40
0.175
  0
CIRCLE
  5
1359
330
1B
100
AcDbEntity
  8
F.Cu
100
AcDbCircle
 10
71.269999999999996
 20
-32.5399999999999991
 30
0
 40
0.175
  0
CIRCLE
  5
135A
330
1B
100
AcDbEntity
  8
F.Cu
100
AcDbCircle
 10
68.730000000000004
 20
-30.
 30
0
 40
0.175
  0
CIRCLE
  5
135B
330
1B
100
AcDbEntity
  8
F.Cu
100
AcDbCircle
 10
68.730000000000004
 20
-32.5399999999999991
 30
0
 40
0.175
  0
CIRCLE
  5
135C
330
1B
100
AcDbEntity
  8
F.Cu
100
AcDbCircle
 10
66.1899999999999977
 20
-30.
 30
0
 40
0.175
  0
CIRCLE
  5
135D
330
1B
100
AcDbEntity
  8
F.Cu
100
AcDbCircle
 10
66.1899999999999977
 20
-32.5399999999999991
 30
0
 40
0.175
  0
CIRCLE
  5
135E
330
1B
100
AcDbEntity
  8
F.Cu
100
AcDbCircle
 10
63.6499999999999986
 20
-30.
 30
0
 40
0.175
  0
CIRCLE
  5
135F
330
1B
100
AcDbEntity
  8
F.Cu
100
AcDbCircle
 10
63.6499999999999986
 20
-32.5399999999999991
 30
0
 40
0.175
  0
CIRCLE
  5
1360
330
1B
100
AcDbEntity
  8
F.Cu
100
AcDbCircle
 10
61.1099999999999994
 20
-30.
 30
0
 40
0.175
  0
CIRCLE
  5
1361
330
1B
100
AcDbEntity
  8
F.Cu
100
AcDbCircle
 10
61.1099999999999994
 20
-32.5399999999999991
 30
0
 40
0.175
  0
CIRCLE
  5
1362
330
1B
100
AcDbEntity
  8
F.Cu
100
AcDbCircle
 10
114.
 20
-114.
 30
0
 40
0.175
  0
CIRCLE
  5
1363
330
1B
100
AcDbEntity
  8
F.Cu
100
AcDbCircle
 10
53.9099999999999966
 20
-100.3299999999999983
 30
0
 40
0.175
  0
CIRCLE
  5
1364
330
1B
100
AcDbEntity
  8
F.Cu
100
AcDbCircle
 10
61.529999999999994
 20
-100.3299999999999983
 30
0
 40
0.175
  0
CIRCLE
  5
1365
330
1B
100
AcDbEntity
  8
F.Cu
100
AcDbCircle
 10
84.
 20
-61.5
 30
0
 40
0.175
  0
CIRCLE
  5
1366
330
1B
100
AcDbEntity
  8
F.Cu
100
AcDbCircle
 10
44.6049999999999969
 20
-68.5799999999999983
 30
0
 40
0.175
  0
CIRCLE
  5
1367
330
1B
100
AcDbEntity
  8
F.Cu
100
AcDbCircle
 10
47.144999999999996
 20
-68.5799999999999983
 30
0
 40
0.175
  0
CIRCLE
  5
1368
330
1B
100
AcDbEntity
  8
F.Cu
100
AcDbCircle
 10
49.6849999999999952
 20
-68.5799999999999983
 30
0
 40
0.175
  0
CIRCLE
  5
1369
330
1B
100
AcDbEntity
  8
F.Cu
100
AcDbCircle
 10
52.2249999999999943
 20
-68.5799999999999983
 30
0
 40
0.175
  0
CIRCLE
  5
136A
330
1B
100
AcDbEntity
  8
F.Cu
100
AcDbCircle
 10
54.7650000000000006
 20
-68.5799999999999983
 30
0
 40
0.175
  0
CIRCLE
  5
136B
330
1B
100
AcDbEntity
  8
F.Cu
100
AcDbCircle
 10
57.3049999999999997
 20
-68.5799999999999983
 30
0
 40
0.175
  0
CIRCLE
  5
136C
330
1B
100
AcDbEntity
  8
F.Cu
100
AcDbCircle
 10
59.8449999999999989
 20
-68.5799999999999983
 30
0
 40
0.175
  0
CIRCLE
  5
136D
330
1B
100
AcDbEntity
  8
F.Cu
100
AcDbCircle
 10
59.8449999999999989
 20
-60.9599999999999937
 30
0
 40
0.175
  0
CIRCLE
  5
136E
330
1B
100
AcDbEntity
  8
F.Cu
100
AcDbCircle
 10
57.3049999999999997
 20
-60.9599999999999937
 30
0
 40
0.175
  0
CIRCLE
  5
136F
330
1B
100
AcDbEntity
  8
F.Cu
100
AcDbCircle
 10
54.7650000000000006
 20
-60.9599999999999937
 30
0
 40
0.175
  0
CIRCLE
  5
1370
330
1B
100
AcDbEntity
  8
F.Cu
100
AcDbCircle
 10
52.2249999999999943
 20
-60.9599999999999937
 30
0
 40
0.175
  0
CIRCLE
  5
1371
330
1B
100
AcDbEntity
  8
F.Cu
100
AcDbCircle
 10
49.6849999999999952
 20
-60.9599999999999937
 30
0
 40
0.175
  0
CIRCLE
  5
1372
330
1B
100
AcDbEntity
  8
F.Cu
100
AcDbCircle
 10
47.144999999999996
 20
-60.9599999999999937
 30
0
 40
0.175
  0
CIRCLE
  5
1373
330
1B
100
AcDbEntity
  8
F.Cu
100
AcDbCircle
 10
44.6049999999999969
 20
-60.9599999999999937
 30
0
 40
0.175
  0
CIRCLE
  5
1374
330
1B
100
AcDbEntity
  8
F.Cu
100
AcDbCircle
 10
106.352499999999992
 20
-55.8799999999999955
 30
0
 40
0.175
  0
CIRCLE
  5
1375
330
1B
100
AcDbEntity
  8
F.Cu
100
AcDbCircle
 10
106.352499999999992
 20
-58.4199999999999946
 30
0
 40
0.175
  0
CIRCLE
  5
1376
330
1B
100
AcDbEntity
  8
F.Cu
100
AcDbCircle
 10
106.352499999999992
 20
-60.9599999999999937
 30
0
 40
0.175
  0
CIRCLE
  5
1377
330
1B
100
AcDbEntity
  8
F.Cu
100
AcDbCircle
 10
106.352499999999992
 20
-63.5
 30
0
 40
0.175
  0
CIRCLE
  5
1378
330
1B
100
AcDbEntity
  8
F.Cu
100
AcDbCircle
 10
106.352499999999992
 20
-66.039999999999992
 30
0
 40
0.175
  0
CIRCLE
  5
1379
330
1B
100
AcDbEntity
  8
F.Cu
100
AcDbCircle
 10
106.352499999999992
 20
-68.5799999999999983
 30
0
 40
0.175
  0
CIRCLE
  5
137A
330
1B
100
AcDbEntity
  8
F.Cu
100
AcDbCircle
 10
106.352499999999992
 20
-71.1199999999999903
 30
0
 40
0.175
  0
CIRCLE
  5
137B
330
1B
100
AcDbEntity
  8
F.Cu
100
AcDbCircle
 10
106.352499999999992
 20
-73.6599999999999966
 30
0
 40
0.175
  0
CIRCLE
  5
137C
330
1B
100
AcDbEntity
  8
F.Cu
100
AcDbCircle
 10
58.2824999999999989
 20
-90.1700000000000017
 30
0
 40
0.175
  0
CIRCLE
  5
137D
330
1B
100
AcDbEntity
  8
F.Cu
100
AcDbCircle
 10
60.822499999999998
 20
-90.1700000000000017
 30
0
 40
0.175
  0
CIRCLE
  5
137E
330
1B
100
AcDbEntity
  8
F.Cu
100
AcDbCircle
 10
63.3624999999999972
 20
-90.1700000000000017
 30
0
 40
0.175
  0
CIRCLE
  5
137F
330
1B
100
AcDbEntity
  8
F.Cu
100
AcDbCircle
 10
65.9025000000000034
 20
-90.1700000000000017
 30
0
 40
0.175
  0
CIRCLE
  5
1380
330
1B
100
AcDbEntity
  8
F.Cu
100
AcDbCircle
 10
68.4424999999999955
 20
-90.1700000000000017
 30
0
 40
0.175
  0
CIRCLE
  5
1381
330
1B
100
AcDbEntity
  8
F.Cu
100
AcDbCircle
 10
70.9825000000000017
 20
-90.1700000000000017
 30
0
 40
0.175
  0
CIRCLE
  5
1382
330
1B
100
AcDbEntity
  8
F.Cu
100
AcDbCircle
 10
73.5224999999999937
 20
-90.1700000000000017
 30
0
 40
0.175
  0
CIRCLE
  5
1383
330
1B
100
AcDbEntity
  8
F.Cu
100
AcDbCircle
 10
73.5224999999999937
 20
-82.5499999999999972
 30
0
 40
0.175
  0
CIRCLE
  5
1384
330
1B
100
AcDbEntity
  8
F.Cu
100
AcDbCircle
 10
70.9825000000000017
 20
-82.5499999999999972
 30
0
 40
0.175
  0
CIRCLE
  5
1385
330
1B
100
AcDbEntity
  8
F.Cu
100
AcDbCircle
 10
68.4424999999999955
 20
-82.5499999999999972
 30
0
 40
0.175
  0
CIRCLE
  5
1386
330
1B
100
AcDbEntity
  8
F.Cu
100
AcDbCircle
 10
65.9025000000000034
 20
-82.5499999999999972
 30
0
 40
0.175
  0
CIRCLE
  5
1387
330
1B
100
AcDbEntity
  8
F.Cu
100
AcDbCircle
 10
63.3624999999999972
 20
-82.5499999999999972
 30
0
 40
0.175
  0
CIRCLE
  5
1388
330
1B
100
AcDbEntity
  8
F.Cu
100
AcDbCircle
 10
60.822499999999998
 20
-82.5499999999999972
 30
0
 40
0.175
  0
CIRCLE
  5
1389
330
1B
100
AcDbEntity
  8
F.Cu
100
AcDbCircle
 10
58.2824999999999989
 20
-82.5499999999999972
 30
0
 40
0.175
  0
CIRCLE
  5
138A
330
1B
100
AcDbEntity
  8
F.Cu
100
AcDbCircle
 10
79.5
 20
-49.
 30
0
 40
0.175
  0
CIRCLE
  5
138B
330
1B
100
AcDbEntity
  8
F.Cu
100
AcDbCircle
 10
78.7524999999999977
 20
-64.769999999999996
 30
0
 40
0.175
  0
CIRCLE
  5
138C
330
1B
100
AcDbEntity
  8
F.Cu
100
AcDbCircle
 10
83.7524999999999977
 20
-64.769999999999996
 30
0
 40
0.175
  0
CIRCLE
  5
138D
330
1B
100
AcDbEntity
  8
F.Cu
100
AcDbCircle
 10
69.5
 20
-53.
 30
0
 40
0.175
  0
CIRCLE
  5
138E
330
1B
100
AcDbEntity
  8
F.Cu
100
AcDbCircle
 10
71.5
 20
-36.5
 30
0
 40
0.175
  0
CIRCLE
  5
138F
330
1B
100
AcDbEntity
  8
F.Cu
100
AcDbCircle
 10
60.
 20
-43.
 30
0
 40
0.175
  0
CIRCLE
  5
1390
330
1B
100
AcDbEntity
  8
F.Cu
100
AcDbCircle
 10
111.
 20
-68.5
 30
0
 40
0.175
  0
CIRCLE
  5
1391
330
1B
100
AcDbEntity
  8
F.Cu
100
AcDbCircle
 10
26.
 20
-114.
 30
0
 40
0.175
  0
CIRCLE
  5
1392
330
1B
100
AcDbEntity
  8
F.Cu
100
AcDbCircle
 10
26.
 20
-26.
 30
0
 40
0.175
  0
CIRCLE
  5
1393
330
1B
100
AcDbEntity
  8
F.Cu
100
AcDbCircle
 10
66.2599999999999909
 20
-100.3299999999999983
 30
0
 40
0.175
  0
CIRCLE
  5
1394
330
1B
100
AcDbEntity
  8
F.Cu
100
AcDbCircle
 10
71.2599999999999909
 20
-100.3299999999999983
 30
0
 40
0.175
  0
CIRCLE
  5
1395
330
1B
100
AcDbEntity
  8
F.Cu
100
AcDbCircle
 10
42.
 20
-35.5
 30
0
 40
0.175
  0
CIRCLE
  5
1396
330
1B
100
AcDbEntity
  8
F.Cu
100
AcDbCircle
 10
84.
 20
-75.
 30
0
 40
0.175
  0
CIRCLE
  5
1397
330
1B
100
AcDbEntity
  8
F.Cu
100
AcDbCircle
 10
84.7599999999999909
 20
-31.75
 30
0
 40
0.175
  0
CIRCLE
  5
1398
330
1B
100
AcDbEntity
  8
F.Cu
100
AcDbCircle
 10
84.7599999999999909
 20
-34.2899999999999991
 30
0
 40
0.175
  0
CIRCLE
  5
1399
330
1B
100
AcDbEntity
  8
F.Cu
100
AcDbCircle
 10
84.7599999999999909
 20
-36.8299999999999983
 30
0
 40
0.175
  0
CIRCLE
  5
139A
330
1B
100
AcDbEntity
  8
F.Cu
100
AcDbCircle
 10
84.7599999999999909
 20
-39.3699999999999974
 30
0
 40
0.175
  0
CIRCLE
  5
139B
330
1B
100
AcDbEntity
  8
F.Cu
100
AcDbCircle
 10
84.7599999999999909
 20
-41.9099999999999966
 30
0
 40
0.175
  0
CIRCLE
  5
139C
330
1B
100
AcDbEntity
  8
F.Cu
100
AcDbCircle
 10
84.7599999999999909
 20
-44.4499999999999957
 30
0
 40
0.175
  0
CIRCLE
  5
139D
330
1B
100
AcDbEntity
  8
F.Cu
100
AcDbCircle
 10
84.7599999999999909
 20
-46.9899999999999949
 30
0
 40
0.175
  0
CIRCLE
  5
139E
330
1B
100
AcDbEntity
  8
F.Cu
100
AcDbCircle
 10
84.7599999999999909
 20
-49.5300000000000011
 30
0
 40
0.175
  0
CIRCLE
  5
139F
330
1B
100
AcDbEntity
  8
F.Cu
100
AcDbCircle
 10
92.3799999999999955
 20
-49.5300000000000011
 30
0
 40
0.175
  0
CIRCLE
  5
13A0
330
1B
100
AcDbEntity
  8
F.Cu
100
AcDbCircle
 10
92.3799999999999955
 20
-46.9899999999999949
 30
0
 40
0.175
  0
CIRCLE
  5
13A1
330
1B
100
AcDbEntity
  8
F.Cu
100
AcDbCircle
 10
92.3799999999999955
 20
-44.4499999999999957
 30
0
 40
0.175
  0
CIRCLE
  5
13A2
330
1B
100
AcDbEntity
  8
F.Cu
100
AcDbCircle
 10
92.3799999999999955
 20
-41.9099999999999966
 30
0
 40
0.175
  0
CIRCLE
  5
13A3
330
1B
100
AcDbEntity
  8
F.Cu
100
AcDbCircle
 10
92.3799999999999955
 20
-39.3699999999999974
 30
0
 40
0.175
  0
CIRCLE
  5
13A4
330
1B
100
AcDbEntity
  8
F.Cu
100
AcDbCircle
 10
92.3799999999999955
 20
-36.8299999999999983
 30
0
 40
0.175
  0
CIRCLE
  5
13A5
330
1B
100
AcDbEntity
  8
F.Cu
100
AcDbCircle
 10
92.3799999999999955
 20
-34.2899999999999991
 30
0
 40
0.175
  0
CIRCLE
  5
13A6
330
1B
100
AcDbEntity
  8
F.Cu
100
AcDbCircle
 10
92.3799999999999955
 20
-31.75
 30
0
 40
0.175
  0
CIRCLE
  5
13A7
330
1B
100
AcDbEntity
  8
F.Cu
100
AcDbCircle
 10
70.9050000000000011
 20
-107.9499999999999886
 30
0
 40
0.175
  0
CIRCLE
  5
13A8
330
1B
100
AcDbEntity
  8
F.Cu
100
AcDbCircle
 10
78.5249999999999915
 20
-107.9499999999999886
 30
0
 40
0.175
  0
CIRCLE
  5
13A9
330
1B
100
AcDbEntity
  8
F.Cu
100
AcDbCircle
 10
97.5
 20
-47.
 30
0
 40
0.175
  0
CIRCLE
  5
13AA
330
1B
100
AcDbEntity
  8
F.Cu
100
AcDbCircle
 10
99.5
 20
-68.5
 30
0
 40
0.175
  0
CIRCLE
  5
13AB
330
1B
100
AcDbEntity
  8
F.Cu
100
AcDbCircle
 10
65.0549999999999926
 20
-64.769999999999996
 30
0
 40
0.175
  0
CIRCLE
  5
13AC
330
1B
100
AcDbEntity
  8
F.Cu
100
AcDbCircle
 10
70.0549999999999926
 20
-64.769999999999996
 30
0
 40
0.175
  0
CIRCLE
  5
13AD
330
1B
100
AcDbEntity
  8
F.Cu
100
AcDbCircle
 10
97.5099999999999909
 20
-40.6400000000000006
 30
0
 40
0.175
  0
CIRCLE
  5
13AE
330
1B
100
AcDbEntity
  8
F.Cu
100
AcDbCircle
 10
102.5099999999999909
 20
-40.6400000000000006
 30
0
 40
0.175
  0
CIRCLE
  5
13AF
330
1B
100
AcDbEntity
  8
F.Cu
100
AcDbCircle
 10
78.4500000000000028
 20
-100.3299999999999983
 30
0
 40
0.175
  0
CIRCLE
  5
13B0
330
1B
100
AcDbEntity
  8
F.Cu
100
AcDbCircle
 10
83.3299999999999983
 20
-100.3299999999999983
 30
0
 40
0.175
  0
CIRCLE
  5
13B1
330
1B
100
AcDbEntity
  8
F.Cu
100
AcDbCircle
 10
43.
 20
-31.5
 30
0
 40
0.175
  0
CIRCLE
  5
13B2
330
1B
100
AcDbEntity
  8
F.Cu
100
AcDbCircle
 10
56.
 20
-74.
 30
0
 40
0.175
  0
CIRCLE
  5
13B3
330
1B
100
AcDbEntity
  8
F.Cu
100
AcDbCircle
 10
111.
 20
-61.
 30
0
 40
0.175
  0
CIRCLE
  5
13B4
330
1B
100
AcDbEntity
  8
F.Cu
100
AcDbCircle
 10
68.4424999999999955
 20
-76.7000000000000028
 30
0
 40
0.175
  0
CIRCLE
  5
13B5
330
1B
100
AcDbEntity
  8
F.Cu
100
AcDbCircle
 10
65.9025000000000034
 20
-76.7000000000000028
 30
0
 40
0.175
  0
CIRCLE
  5
13B6
330
1B
100
AcDbEntity
  8
F.Cu
100
AcDbCircle
 10
63.3624999999999972
 20
-76.7000000000000028
 30
0
 40
0.175
  0
CIRCLE
  5
13B7
330
1B
100
AcDbEntity
  8
F.Cu
100
AcDbCircle
 10
37.4899999999999949
 20
-40.6400000000000006
 30
0
 40
0.175
  0
CIRCLE
  5
13B8
330
1B
100
AcDbEntity
  8
F.Cu
100
AcDbCircle
 10
42.4899999999999949
 20
-40.6400000000000006
 30
0
 40
0.175
  0
CIRCLE
  5
13B9
330
1B
100
AcDbEntity
  8
F.Cu
100
AcDbCircle
 10
86.5
 20
-53.
 30
0
 40
0.175
  0
CIRCLE
  5
13BA
330
1B
100
AcDbEntity
  8
F.Cu
100
AcDbCircle
 10
47.6199999999999974
 20
-31.75
 30
0
 40
0.175
  0
CIRCLE
  5
13BB
330
1B
100
AcDbEntity
  8
F.Cu
100
AcDbCircle
 10
47.6199999999999974
 20
-34.2899999999999991
 30
0
 40
0.175
  0
CIRCLE
  5
13BC
330
1B
100
AcDbEntity
  8
F.Cu
100
AcDbCircle
 10
47.6199999999999974
 20
-36.8299999999999983
 30
0
 40
0.175
  0
CIRCLE
  5
13BD
330
1B
100
AcDbEntity
  8
F.Cu
100
AcDbCircle
 10
47.6199999999999974
 20
-39.3699999999999974
 30
0
 40
0.175
  0
CIRCLE
  5
13BE
330
1B
100
AcDbEntity
  8
F.Cu
100
AcDbCircle
 10
47.6199999999999974
 20
-41.9099999999999966
 30
0
 40
0.175
  0
CIRCLE
  5
13BF
330
1B
100
AcDbEntity
  8
F.Cu
100
AcDbCircle
 10
47.6199999999999974
 20
-44.4499999999999957
 30
0
 40
0.175
  0
CIRCLE
  5
13C0
330
1B
100
AcDbEntity
  8
F.Cu
100
AcDbCircle
 10
47.6199999999999974
 20
-46.9899999999999949
 30
0
 40
0.175
  0
CIRCLE
  5
13C1
330
1B
100
AcDbEntity
  8
F.Cu
100
AcDbCircle
 10
47.6199999999999974
 20
-49.5300000000000011
 30
0
 40
0.175
  0
CIRCLE
  5
13C2
330
1B
100
AcDbEntity
  8
F.Cu
100
AcDbCircle
 10
55.2399999999999949
 20
-49.5300000000000011
 30
0
 40
0.175
  0
CIRCLE
  5
13C3
330
1B
100
AcDbEntity
  8
F.Cu
100
AcDbCircle
 10
55.2399999999999949
 20
-46.9899999999999949
 30
0
 40
0.175
  0
CIRCLE
  5
13C4
330
1B
100
AcDbEntity
  8
F.Cu
100
AcDbCircle
 10
55.2399999999999949
 20
-44.4499999999999957
 30
0
 40
0.175
  0
CIRCLE
  5
13C5
330
1B
100
AcDbEntity
  8
F.Cu
100
AcDbCircle
 10
55.2399999999999949
 20
-41.9099999999999966
 30
0
 40
0.175
  0
CIRCLE
  5
13C6
330
1B
100
AcDbEntity
  8
F.Cu
100
AcDbCircle
 10
55.2399999999999949
 20
-39.3699999999999974
 30
0
 40
0.175
  0
CIRCLE
  5
13C7
330
1B
100
AcDbEntity
  8
F.Cu
100
AcDbCircle
 10
55.2399999999999949
 20
-36.8299999999999983
 30
0
 40
0.175
  0
CIRCLE
  5
13C8
330
1B
100
AcDbEntity
  8
F.Cu
100
AcDbCircle
 10
55.2399999999999949
 20
-34.2899999999999991
 30
0
 40
0.175
  0
CIRCLE
  5
13C9
330
1B
100
AcDbEntity
  8
F.Cu
100
AcDbCircle
 10
55.2399999999999949
 20
-31.75
 30
0
 40
0.175
  0
CIRCLE
  5
13CA
330
1B
100
AcDbEntity
  8
F.Cu
100
AcDbCircle
 10
48.072499999999998
 20
-86.3599999999999994
 30
0
 40
0.175
  0
CIRCLE
  5
13CB
330
1B
100
AcDbEntity
  8
F.Cu
100
AcDbCircle
 10
53.072499999999998
 20
-86.3599999999999994
 30
0
 40
0.175
  0
CIRCLE
  5
13CC
330
1B
100
AcDbEntity
  8
F.Cu
100
AcDbCircle
 10
100.
 20
-58.5
 30
0
 40
0.175
  0
CIRCLE
  5
13CD
330
1B
100
AcDbEntity
  8
F.Cu
100
AcDbCircle
 10
88.8824999999999932
 20
-55.8799999999999955
 30
0
 40
0.175
  0
CIRCLE
  5
13CE
330
1B
100
AcDbEntity
  8
F.Cu
100
AcDbCircle
 10
88.8824999999999932
 20
-58.4199999999999946
 30
0
 40
0.175
  0
CIRCLE
  5
13CF
330
1B
100
AcDbEntity
  8
F.Cu
100
AcDbCircle
 10
88.8824999999999932
 20
-60.9599999999999937
 30
0
 40
0.175
  0
CIRCLE
  5
13D0
330
1B
100
AcDbEntity
  8
F.Cu
100
AcDbCircle
 10
88.8824999999999932
 20
-63.5
 30
0
 40
0.175
  0
CIRCLE
  5
13D1
330
1B
100
AcDbEntity
  8
F.Cu
100
AcDbCircle
 10
88.8824999999999932
 20
-66.039999999999992
 30
0
 40
0.175
  0
CIRCLE
  5
13D2
330
1B
100
AcDbEntity
  8
F.Cu
100
AcDbCircle
 10
88.8824999999999932
 20
-68.5799999999999983
 30
0
 40
0.175
  0
CIRCLE
  5
13D3
330
1B
100
AcDbEntity
  8
F.Cu
100
AcDbCircle
 10
88.8824999999999932
 20
-71.1199999999999903
 30
0
 40
0.175
  0
CIRCLE
  5
13D4
330
1B
100
AcDbEntity
  8
F.Cu
100
AcDbCircle
 10
88.8824999999999932
 20
-73.6599999999999966
 30
0
 40
0.175
  0
CIRCLE
  5
13D5
330
1B
100
AcDbEntity
  8
F.Cu
100
AcDbCircle
 10
96.5024999999999977
 20
-73.6599999999999966
 30
0
 40
0.175
  0
CIRCLE
  5
13D6
330
1B
100
AcDbEntity
  8
F.Cu
100
AcDbCircle
 10
96.5024999999999977
 20
-71.1199999999999903
 30
0
 40
0.175
  0
CIRCLE
  5
13D7
330
1B
100
AcDbEntity
  8
F.Cu
100
AcDbCircle
 10
96.5024999999999977
 20
-68.5799999999999983
 30
0
 40
0.175
  0
CIRCLE
  5
13D8
330
1B
100
AcDbEntity
  8
F.Cu
100
AcDbCircle
 10
96.5024999999999977
 20
-66.039999999999992
 30
0
 40
0.175
  0
CIRCLE
  5
13D9
330
1B
100
AcDbEntity
  8
F.Cu
100
AcDbCircle
 10
96.5024999999999977
 20
-63.5
 30
0
 40
0.175
  0
CIRCLE
  5
13DA
330
1B
100
AcDbEntity
  8
F.Cu
100
AcDbCircle
 10
96.5024999999999977
 20
-60.9599999999999937
 30
0
 40
0.175
  0
CIRCLE
  5
13DB
330
1B
100
AcDbEntity
  8
F.Cu
100
AcDbCircle
 10
96.5024999999999977
 20
-58.4199999999999946
 30
0
 40
0.175
  0
CIRCLE
  5
13DC
330
1B
100
AcDbEntity
  8
F.Cu
100
AcDbCircle
 10
96.5024999999999977
 20
-55.8799999999999955
 30
0
 40
0.175
  0
CIRCLE
  5
13DD
330
1B
100
AcDbEntity
  8
F.Cu
100
AcDbCircle
 10
114.
 20
-26.
 30
0
 40
0.175
  0
CIRCLE
  5
13DE
330
1B
100
AcDbEntity
  8
F.Cu
100
AcDbCircle
 10
61.1749999999999972
 20
-107.9499999999999886
 30
0
 40
0.175
  0
CIRCLE
  5
13DF
330
1B
100
AcDbEntity
  8
F.Cu
100
AcDbCircle
 10
66.1749999999999972
 20
-107.9499999999999886
 30
0
 40
0.175
  0
CIRCLE
  5
13E0
330
1B
100
AcDbEntity
  8
F.Cu
100
AcDbCircle
 10
79.5
 20
-53.
 30
0
 40
0.175
  0
LINE
  5
13E1
330
1B
100
AcDbEntity
  8
Edge.Cuts
  6
CONTINUOUS
100
AcDbLine
 10
20.
 20
-20.
 30
0
 11
120.
 21
-20.
 31
0
  0
LINE
  5
13E2
330
1B
100
AcDbEntity
  8
Edge.Cuts
  6
CONTINUOUS
100
AcDbLine
 10
120.
 20
-20.
 30
0
 11
120.
 21
-120.
 31
0
  0
LINE
  5
13E3
330
1B
100
AcDbEntity
  8
Edge.Cuts
  6
CONTINUOUS
100
AcDbLine
 10
120.
 20
-120.
 30
0
 11
20.
 21
-120.
 31
0
  0
LINE
  5
13E4
330
1B
100
AcDbEntity
  8
Edge.Cuts
  6
CONTINUOUS
100
AcDbLine
 10
20.
 20
-120.
 30
0
 11
20.
 21
-20.
 31
0
  0
CIRCLE
  5
13E5
330
1B
100
AcDbEntity
  8
Edge.Cuts
100
AcDbCircle
 10
78.8900000000000006
 20
-30.
 30
0
 40
0.175
  0
CIRCLE
  5
13E6
330
1B
100
AcDbEntity
  8
Edge.Cuts
100
AcDbCircle
 10
78.8900000000000006
 20
-32.5399999999999991
 30
0
 40
0.175
  0
CIRCLE
  5
13E7
330
1B
100
AcDbEntity
  8
Edge.Cuts
100
AcDbCircle
 10
76.3499999999999943
 20
-30.
 30
0
 40
0.175
  0
CIRCLE
  5
13E8
330
1B
100
AcDbEntity
  8
Edge.Cuts
100
AcDbCircle
 10
76.3499999999999943
 20
-32.5399999999999991
 30
0
 40
0.175
  0
CIRCLE
  5
13E9
330
1B
100
AcDbEntity
  8
Edge.Cuts
100
AcDbCircle
 10
73.8100000000000023
 20
-30.
 30
0
 40
0.175
  0
CIRCLE
  5
13EA
330
1B
100
AcDbEntity
  8
Edge.Cuts
100
AcDbCircle
 10
73.8100000000000023
 20
-32.5399999999999991
 30
0
 40
0.175
  0
CIRCLE
  5
13EB
330
1B
100
AcDbEntity
  8
Edge.Cuts
100
AcDbCircle
 10
71.269999999999996
 20
-30.
 30
0
 40
0.175
  0
CIRCLE
  5
13EC
330
1B
100
AcDbEntity
  8
Edge.Cuts
100
AcDbCircle
 10
71.269999999999996
 20
-32.5399999999999991
 30
0
 40
0.175
  0
CIRCLE
  5
13ED
330
1B
100
AcDbEntity
  8
Edge.Cuts
100
AcDbCircle
 10
68.730000000000004
 20
-30.
 30
0
 40
0.175
  0
CIRCLE
  5
13EE
330
1B
100
AcDbEntity
  8
Edge.Cuts
100
AcDbCircle
 10
68.730000000000004
 20
-32.5399999999999991
 30
0
 40
0.175
  0
CIRCLE
  5
13EF
330
1B
100
AcDbEntity
  8
Edge.Cuts
100
AcDbCircle
 10
66.1899999999999977
 20
-30.
 30
0
 40
0.175
  0
CIRCLE
  5
13F0
330
1B
100
AcDbEntity
  8
Edge.Cuts
100
AcDbCircle
 10
66.1899999999999977
 20
-32.5399999999999991
 30
0
 40
0.175
  0
CIRCLE
  5
13F1
330
1B
100
AcDbEntity
  8
Edge.Cuts
100
AcDbCircle
 10
63.6499999999999986
 20
-30.
 30
0
 40
0.175
  0
CIRCLE
  5
13F2
330
1B
100
AcDbEntity
  8
Edge.Cuts
100
AcDbCircle
 10
63.6499999999999986
 20
-32.5399999999999991
 30
0
 40
0.175
  0
CIRCLE
  5
13F3
330
1B
100
AcDbEntity
  8
Edge.Cuts
100
AcDbCircle
 10
61.1099999999999994
 20
-30.
 30
0
 40
0.175
  0
CIRCLE
  5
13F4
330
1B
100
AcDbEntity
  8
Edge.Cuts
100
AcDbCircle
 10
61.1099999999999994
 20
-32.5399999999999991
 30
0
 40
0.175
  0
CIRCLE
  5
13F5
330
1B
100
AcDbEntity
  8
Edge.Cuts
100
AcDbCircle
 10
114.
 20
-114.
 30
0
 40
0.175
  0
CIRCLE
  5
13F6
330
1B
100
AcDbEntity
  8
Edge.Cuts
100
AcDbCircle
 10
53.9099999999999966
 20
-100.3299999999999983
 30
0
 40
0.175
  0
CIRCLE
  5
13F7
330
1B
100
AcDbEntity
  8
Edge.Cuts
100
AcDbCircle
 10
61.529999999999994
 20
-100.3299999999999983
 30
0
 40
0.175
  0
CIRCLE
  5
13F8
330
1B
100
AcDbEntity
  8
Edge.Cuts
100
AcDbCircle
 10
84.
 20
-61.5
 30
0
 40
0.175
  0
CIRCLE
  5
13F9
330
1B
100
AcDbEntity
  8
Edge.Cuts
100
AcDbCircle
 10
44.6049999999999969
 20
-68.5799999999999983
 30
0
 40
0.175
  0
CIRCLE
  5
13FA
330
1B
100
AcDbEntity
  8
Edge.Cuts
100
AcDbCircle
 10
47.144999999999996
 20
-68.5799999999999983
 30
0
 40
0.175
  0
CIRCLE
  5
13FB
330
1B
100
AcDbEntity
  8
Edge.Cuts
100
AcDbCircle
 10
49.6849999999999952
 20
-68.5799999999999983
 30
0
 40
0.175
  0
CIRCLE
  5
13FC
330
1B
100
AcDbEntity
  8
Edge.Cuts
100
AcDbCircle
 10
52.2249999999999943
 20
-68.5799999999999983
 30
0
 40
0.175
  0
CIRCLE
  5
13FD
330
1B
100
AcDbEntity
  8
Edge.Cuts
100
AcDbCircle
 10
54.7650000000000006
 20
-68.5799999999999983
 30
0
 40
0.175
  0
CIRCLE
  5
13FE
330
1B
100
AcDbEntity
  8
Edge.Cuts
100
AcDbCircle
 10
57.3049999999999997
 20
-68.5799999999999983
 30
0
 40
0.175
  0
CIRCLE
  5
13FF
330
1B
100
AcDbEntity
  8
Edge.Cuts
100
AcDbCircle
 10
59.8449999999999989
 20
-68.5799999999999983
 30
0
 40
0.175
  0
CIRCLE
  5
1400
330
1B
100
AcDbEntity
  8
Edge.Cuts
100
AcDbCircle
 10
59.8449999999999989
 20
-60.9599999999999937
 30
0
 40
0.175
  0
CIRCLE
  5
1401
330
1B
100
AcDbEntity
  8
Edge.Cuts
100
AcDbCircle
 10
57.3049999999999997
 20
-60.9599999999999937
 30
0
 40
0.175
  0
CIRCLE
  5
1402
330
1B
100
AcDbEntity
  8
Edge.Cuts
100
AcDbCircle
 10
54.7650000000000006
 20
-60.9599999999999937
 30
0
 40
0.175
  0
CIRCLE
  5
1403
330
1B
100
AcDbEntity
  8
Edge.Cuts
100
AcDbCircle
 10
52.2249999999999943
 20
-60.9599999999999937
 30
0
 40
0.175
  0
CIRCLE
  5
1404
330
1B
100
AcDbEntity
  8
Edge.Cuts
100
AcDbCircle
 10
49.6849999999999952
 20
-60.9599999999999937
 30
0
 40
0.175
  0
CIRCLE
  5
1405
330
1B
100
AcDbEntity
  8
Edge.Cuts
100
AcDbCircle
 10
47.144999999999996
 20
-60.9599999999999937
 30
0
 40
0.175
  0
CIRCLE
  5
1406
330
1B
100
AcDbEntity
  8
Edge.Cuts
100
AcDbCircle
 10
44.6049999999999969
 20
-60.9599999999999937
 30
0
 40
0.175
  0
CIRCLE
  5
1407
330
1B
100
AcDbEntity
  8
Edge.Cuts
100
AcDbCircle
 10
106.352499999999992
 20
-55.8799999999999955
 30
0
 40
0.175
  0
CIRCLE
  5
1408
330
1B
100
AcDbEntity
  8
Edge.Cuts
100
AcDbCircle
 10
106.352499999999992
 20
-58.4199999999999946
 30
0
 40
0.175
  0
CIRCLE
  5
1409
330
1B
100
AcDbEntity
  8
Edge.Cuts
100
AcDbCircle
 10
106.352499999999992
 20
-60.9599999999999937
 30
0
 40
0.175
  0
CIRCLE
  5
140A
330
1B
100
AcDbEntity
  8
Edge.Cuts
100
AcDbCircle
 10
106.352499999999992
 20
-63.5
 30
0
 40
0.175
  0
CIRCLE
  5
140B
330
1B
100
AcDbEntity
  8
Edge.Cuts
100
AcDbCircle
 10
106.352499999999992
 20
-66.039999999999992
 30
0
 40
0.175
  0
CIRCLE
  5
140C
330
1B
100
AcDbEntity
  8
Edge.Cuts
100
AcDbCircle
 10
106.352499999999992
 20
-68.5799999999999983
 30
0
 40
0.175
  0
CIRCLE
  5
140D
330
1B
100
AcDbEntity
  8
Edge.Cuts
100
AcDbCircle
 10
106.352499999999992
 20
-71.1199999999999903
 30
0
 40
0.175
  0
CIRCLE
  5
140E
330
1B
100
AcDbEntity
  8
Edge.Cuts
100
AcDbCircle
 10
106.352499999999992
 20
-73.6599999999999966
 30
0
 40
0.175
  0
CIRCLE
  5
140F
330
1B
100
AcDbEntity
  8
Edge.Cuts
100
AcDbCircle
 10
58.2824999999999989
 20
-90.1700000000000017
 30
0
 40
0.175
  0
CIRCLE
  5
1410
330
1B
100
AcDbEntity
  8
Edge.Cuts
100
AcDbCircle
 10
60.822499999999998
 20
-90.1700000000000017
 30
0
 40
0.175
  0
CIRCLE
  5
1411
330
1B
100
AcDbEntity
  8
Edge.Cuts
100
AcDbCircle
 10
63.3624999999999972
 20
-90.1700000000000017
 30
0
 40
0.175
  0
CIRCLE
  5
1412
330
1B
100
AcDbEntity
  8
Edge.Cuts
100
AcDbCircle
 10
65.9025000000000034
 20
-90.1700000000000017
 30
0
 40
0.175
  0
CIRCLE
  5
1413
330
1B
100
AcDbEntity
  8
Edge.Cuts
100
AcDbCircle
 10
68.4424999999999955
 20
-90.1700000000000017
 30
0
 40
0.175
  0
CIRCLE
  5
1414
330
1B
100
AcDbEntity
  8
Edge.Cuts
100
AcDbCircle
 10
70.9825000000000017
 20
-90.1700000000000017
 30
0
 40
0.175
  0
CIRCLE
  5
1415
330
1B
100
AcDbEntity
  8
Edge.Cuts
100
AcDbCircle
 10
73.5224999999999937
 20
-90.1700000000000017
 30
0
 40
0.175
  0
CIRCLE
  5
1416
330
1B
100
AcDbEntity
  8
Edge.Cuts
100
AcDbCircle
 10
73.5224999999999937
 20
-82.5499999999999972
 30
0
 40
0.175
  0
CIRCLE
  5
1417
330
1B
100
AcDbEntity
  8
Edge.Cuts
100
AcDbCircle
 10
70.9825000000000017
 20
-82.5499999999999972
 30
0
 40
0.175
  0
CIRCLE
  5
1418
330
1B
100
AcDbEntity
  8
Edge.Cuts
100
AcDbCircle
 10
68.4424999999999955
 20
-82.5499999999999972
 30
0
 40
0.175
  0
CIRCLE
  5
1419
330
1B
100
AcDbEntity
  8
Edge.Cuts
100
AcDbCircle
 10
65.9025000000000034
 20
-82.5499999999999972
 30
0
 40
0.175
  0
CIRCLE
  5
141A
330
1B
100
AcDbEntity
  8
Edge.Cuts
100
AcDbCircle
 10
63.3624999999999972
 20
-82.5499999999999972
 30
0
 40
0.175
  0
CIRCLE
  5
141B
330
1B
100
AcDbEntity
  8
Edge.Cuts
100
AcDbCircle
 10
60.822499999999998
 20
-82.5499999999999972
 30
0
 40
0.175
  0
CIRCLE
  5
141C
330
1B
100
AcDbEntity
  8
Edge.Cuts
100
AcDbCircle
 10
58.2824999999999989
 20
-82.5499999999999972
 30
0
 40
0.175
  0
CIRCLE
  5
141D
330
1B
100
AcDbEntity
  8
Edge.Cuts
100
AcDbCircle
 10
79.5
 20
-49.
 30
0
 40
0.175
  0
CIRCLE
  5
141E
330
1B
100
AcDbEntity
  8
Edge.Cuts
100
AcDbCircle
 10
78.7524999999999977
 20
-64.769999999999996
 30
0
 40
0.175
  0
CIRCLE
  5
141F
330
1B
100
AcDbEntity
  8
Edge.Cuts
100
AcDbCircle
 10
83.7524999999999977
 20
-64.769999999999996
 30
0
 40
0.175
  0
CIRCLE
  5
1420
330
1B
100
AcDbEntity
  8
Edge.Cuts
100
AcDbCircle
 10
69.5
 20
-53.
 30
0
 40
0.175
  0
CIRCLE
  5
1421
330
1B
100
AcDbEntity
  8
Edge.Cuts
100
AcDbCircle
 10
71.5
 20
-36.5
 30
0
 40
0.175
  0
CIRCLE
  5
1422
330
1B
100
AcDbEntity
  8
Edge.Cuts
100
AcDbCircle
 10
60.
 20
-43.
 30
0
 40
0.175
  0
CIRCLE
  5
1423
330
1B
100
AcDbEntity
  8
Edge.Cuts
100
AcDbCircle
 10
111.
 20
-68.5
 30
0
 40
0.175
  0
CIRCLE
  5
1424
330
1B
100
AcDbEntity
  8
Edge.Cuts
100
AcDbCircle
 10
26.
 20
-114.
 30
0
 40
0.175
  0
CIRCLE
  5
1425
330
1B
100
AcDbEntity
  8
Edge.Cuts
100
AcDbCircle
 10
26.
 20
-26.
 30
0
 40
0.175
  0
CIRCLE
  5
1426
330
1B
100
AcDbEntity
  8
Edge.Cuts
100
AcDbCircle
 10
66.2599999999999909
 20
-100.3299999999999983
 30
0
 40
0.175
  0
CIRCLE
  5
1427
330
1B
100
AcDbEntity
  8
Edge.Cuts
100
AcDbCircle
 10
71.2599999999999909
 20
-100.3299999999999983
 30
0
 40
0.175
  0
CIRCLE
  5
1428
330
1B
100
AcDbEntity
  8
Edge.Cuts
100
AcDbCircle
 10
42.
 20
-35.5
 30
0
 40
0.175
  0
CIRCLE
  5
1429
330
1B
100
AcDbEntity
  8
Edge.Cuts
100
AcDbCircle
 10
84.
 20
-75.
 30
0
 40
0.175
  0
CIRCLE
  5
142A
330
1B
100
AcDbEntity
  8
Edge.Cuts
100
AcDbCircle
 10
84.7599999999999909
 20
-31.75
 30
0
 40
0.175
  0
CIRCLE
  5
142B
330
1B
100
AcDbEntity
  8
Edge.Cuts
100
AcDbCircle
 10
84.7599999999999909
 20
-34.2899999999999991
 30
0
 40
0.175
  0
CIRCLE
  5
142C
330
1B
100
AcDbEntity
  8
Edge.Cuts
100
AcDbCircle
 10
84.7599999999999909
 20
-36.8299999999999983
 30
0
 40
0.175
  0
CIRCLE
  5
142D
330
1B
100
AcDbEntity
  8
Edge.Cuts
100
AcDbCircle
 10
84.7599999999999909
 20
-39.3699999999999974
 30
0
 40
0.175
  0
CIRCLE
  5
142E
330
1B
100
AcDbEntity
  8
Edge.Cuts
100
AcDbCircle
 10
84.7599999999999909
 20
-41.9099999999999966
 30
0
 40
0.175
  0
CIRCLE
  5
142F
330
1B
100
AcDbEntity
  8
Edge.Cuts
100
AcDbCircle
 10
84.7599999999999909
 20
-44.4499999999999957
 30
0
 40
0.175
  0
CIRCLE
  5
1430
330
1B
100
AcDbEntity
  8
Edge.Cuts
100
AcDbCircle
 10
84.7599999999999909
 20
-46.9899999999999949
 30
0
 40
0.175
  0
CIRCLE
  5
1431
330
1B
100
AcDbEntity
  8
Edge.Cuts
100
AcDbCircle
 10
84.7599999999999909
 20
-49.5300000000000011
 30
0
 40
0.175
  0
CIRCLE
  5
1432
330
1B
100
AcDbEntity
  8
Edge.Cuts
100
AcDbCircle
 10
92.3799999999999955
 20
-49.5300000000000011
 30
0
 40
0.175
  0
CIRCLE
  5
1433
330
1B
100
AcDbEntity
  8
Edge.Cuts
100
AcDbCircle
 10
92.3799999999999955
 20
-46.9899999999999949
 30
0
 40
0.175
  0
CIRCLE
  5
1434
330
1B
100
AcDbEntity
  8
Edge.Cuts
100
AcDbCircle
 10
92.3799999999999955
 20
-44.4499999999999957
 30
0
 40
0.175
  0
CIRCLE
  5
1435
330
1B
100
AcDbEntity
  8
Edge.Cuts
100
AcDbCircle
 10
92.3799999999999955
 20
-41.9099999999999966
 30
0
 40
0.175
  0
CIRCLE
  5
1436
330
1B
100
AcDbEntity
  8
Edge.Cuts
100
AcDbCircle
 10
92.3799999999999955
 20
-39.3699999999999974
 30
0
 40
0.175
  0
CIRCLE
  5
1437
330
1B
100
AcDbEntity
  8
Edge.Cuts
100
AcDbCircle
 10
92.3799999999999955
 20
-36.8299999999999983
 30
0
 40
0.175
  0
CIRCLE
  5
1438
330
1B
100
AcDbEntity
  8
Edge.Cuts
100
AcDbCircle
 10
92.3799999999999955
 20
-34.2899999999999991
 30
0
 40
0.175
  0
CIRCLE
  5
1439
330
1B
100
AcDbEntity
  8
Edge.Cuts
100
AcDbCircle
 10
92.3799999999999955
 20
-31.75
 30
0
 40
0.175
  0
CIRCLE
  5
143A
330
1B
100
AcDbEntity
  8
Edge.Cuts
100
AcDbCircle
 10
70.9050000000000011
 20
-107.9499999999999886
 30
0
 40
0.175
  0
CIRCLE
  5
143B
330
1B
100
AcDbEntity
  8
Edge.Cuts
100
AcDbCircle
 10
78.5249999999999915
 20
-107.9499999999999886
 30
0
 40
0.175
  0
CIRCLE
  5
143C
330
1B
100
AcDbEntity
  8
Edge.Cuts
100
AcDbCircle
 10
97.5
 20
-47.
 30
0
 40
0.175
  0
CIRCLE
  5
143D
330
1B
100
AcDbEntity
  8
Edge.Cuts
100
AcDbCircle
 10
99.5
 20
-68.5
 30
0
 40
0.175
  0
CIRCLE
  5
143E
330
1B
100
AcDbEntity
  8
Edge.Cuts
100
AcDbCircle
 10
65.0549999999999926
 20
-64.769999999999996
 30
0
 40
0.175
  0
CIRCLE
  5
143F
330
1B
100
AcDbEntity
  8
Edge.Cuts
100
AcDbCircle
 10
70.0549999999999926
 20
-64.769999999999996
 30
0
 40
0.175
  0
CIRCLE
  5
1440
330
1B
100
AcDbEntity
  8
Edge.Cuts
100
AcDbCircle
 10
97.5099999999999909
 20
-40.6400000000000006
 30
0
 40
0.175
  0
CIRCLE
  5
1441
330
1B
100
AcDbEntity
  8
Edge.Cuts
100
AcDbCircle
 10
102.5099999999999909
 20
-40.6400000000000006
 30
0
 40
0.175
  0
CIRCLE
  5
1442
330
1B
100
AcDbEntity
  8
Edge.Cuts
100
AcDbCircle
 10
78.4500000000000028
 20
-100.3299999999999983
 30
0
 40
0.175
  0
CIRCLE
  5
1443
330
1B
100
AcDbEntity
  8
Edge.Cuts
100
AcDbCircle
 10
83.3299999999999983
 20
-100.3299999999999983
 30
0
 40
0.175
  0
CIRCLE
  5
1444
330
1B
100
AcDbEntity
  8
Edge.Cuts
100
AcDbCircle
 10
43.
 20
-31.5
 30
0
 40
0.175
  0
CIRCLE
  5
1445
330
1B
100
AcDbEntity
  8
Edge.Cuts
100
AcDbCircle
 10
56.
 20
-74.
 30
0
 40
0.175
  0
CIRCLE
  5
1446
330
1B
100
AcDbEntity
  8
Edge.Cuts
100
AcDbCircle
 10
111.
 20
-61.
 30
0
 40
0.175
  0
CIRCLE
  5
1447
330
1B
100
AcDbEntity
  8
Edge.Cuts
100
AcDbCircle
 10
68.4424999999999955
 20
-76.7000000000000028
 30
0
 40
0.175
  0
CIRCLE
  5
1448
330
1B
100
AcDbEntity
  8
Edge.Cuts
100
AcDbCircle
 10
65.9025000000000034
 20
-76.7000000000000028
 30
0
 40
0.175
  0
CIRCLE
  5
1449
330
1B
100
AcDbEntity
  8
Edge.Cuts
100
AcDbCircle
 10
63.3624999999999972
 20
-76.7000000000000028
 30
0
 40
0.175
  0
CIRCLE
  5
144A
330
1B
100
AcDbEntity
  8
Edge.Cuts
100
AcDbCircle
 10
37.4899999999999949
 20
-40.6400000000000006
 30
0
 40
0.175
  0
CIRCLE
  5
144B
330
1B
100
AcDbEntity
  8
Edge.Cuts
100
AcDbCircle
 10
42.4899999999999949
 20
-40.6400000000000006
 30
0
 40
0.175
  0
CIRCLE
  5
144C
330
1B
100
AcDbEntity
  8
Edge.Cuts
100
AcDbCircle
 10
86.5
 20
-53.
 30
0
 40
0.175
  0
CIRCLE
  5
144D
330
1B
100
AcDbEntity
  8
Edge.Cuts
100
AcDbCircle
 10
47.6199999999999974
 20
-31.75
 30
0
 40
0.175
  0
CIRCLE
  5
144E
330
1B
100
AcDbEntity
  8
Edge.Cuts
100
AcDbCircle
 10
47.6199999999999974
 20
-34.2899999999999991
 30
0
 40
0.175
  0
CIRCLE
  5
144F
330
1B
100
AcDbEntity
  8
Edge.Cuts
100
AcDbCircle
 10
47.6199999999999974
 20
-36.8299999999999983
 30
0
 40
0.175
  0
CIRCLE
  5
1450
330
1B
100
AcDbEntity
  8
Edge.Cuts
100
AcDbCircle
 10
47.6199999999999974
 20
-39.3699999999999974
 30
0
 40
0.175
  0
CIRCLE
  5
1451
330
1B
100
AcDbEntity
  8
Edge.Cuts
100
AcDbCircle
 10
47.6199999999999974
 20
-41.9099999999999966
 30
0
 40
0.175
  0
CIRCLE
  5
1452
330
1B
100
AcDbEntity
  8
Edge.Cuts
100
AcDbCircle
 10
47.6199999999999974
 20
-44.4499999999999957
 30
0
 40
0.175
  0
CIRCLE
  5
1453
330
1B
100
AcDbEntity
  8
Edge.Cuts
100
AcDbCircle
 10
47.6199999999999974
 20
-46.9899999999999949
 30
0
 40
0.175
  0
CIRCLE
  5
1454
330
1B
100
AcDbEntity
  8
Edge.Cuts
100
AcDbCircle
 10
47.6199999999999974
 20
-49.5300000000000011
 30
0
 40
0.175
  0
CIRCLE
  5
1455
330
1B
100
AcDbEntity
  8
Edge.Cuts
100
AcDbCircle
 10
55.2399999999999949
 20
-49.5300000000000011
 30
0
 40
0.175
  0
CIRCLE
  5
1456
330
1B
100
AcDbEntity
  8
Edge.Cuts
100
AcDbCircle
 10
55.2399999999999949
 20
-46.9899999999999949
 30
0
 40
0.175
  0
CIRCLE
  5
1457
330
1B
100
AcDbEntity
  8
Edge.Cuts
100
AcDbCircle
 10
55.2399999999999949
 20
-44.4499999999999957
 30
0
 40
0.175
  0
CIRCLE
  5
1458
330
1B
100
AcDbEntity
  8
Edge.Cuts
100
AcDbCircle
 10
55.2399999999999949
 20
-41.9099999999999966
 30
0
 40
0.175
  0
CIRCLE
  5
1459
330
1B
100
AcDbEntity
  8
Edge.Cuts
100
AcDbCircle
 10
55.2399999999999949
 20
-39.3699999999999974
 30
0
 40
0.175
  0
CIRCLE
  5
145A
330
1B
100
AcDbEntity
  8
Edge.Cuts
100
AcDbCircle
 10
55.2399999999999949
 20
-36.8299999999999983
 30
0
 40
0.175
  0
CIRCLE
  5
145B
330
1B
100
AcDbEntity
  8
Edge.Cuts
100
AcDbCircle
 10
55.2399999999999949
 20
-34.2899999999999991
 30
0
 40
0.175
  0
CIRCLE
  5
145C
330
1B
100
AcDbEntity
  8
Edge.Cuts
100
AcDbCircle
 10
55.2399999999999949
 20
-31.75
 30
0
 40
0.175
  0
CIRCLE
  5
145D
330
1B
100
AcDbEntity
  8
Edge.Cuts
100
AcDbCircle
 10
48.072499999999998
 20
-86.3599999999999994
 30
0
 40
0.175
  0
CIRCLE
  5
145E
330
1B
100
AcDbEntity
  8
Edge.Cuts
100
AcDbCircle
 10
53.072499999999998
 20
-86.3599999999999994
 30
0
 40
0.175
  0
CIRCLE
  5
145F
330
1B
100
AcDbEntity
  8
Edge.Cuts
100
AcDbCircle
 10
100.
 20
-58.5
 30
0
 40
0.175
  0
CIRCLE
  5
1460
330
1B
100
AcDbEntity
  8
Edge.Cuts
100
AcDbCircle
 10
88.8824999999999932
 20
-55.8799999999999955
 30
0
 40
0.175
  0
CIRCLE
  5
1461
330
1B
100
AcDbEntity
  8
Edge.Cuts
100
AcDbCircle
 10
88.8824999999999932
 20
-58.4199999999999946
 30
0
 40
0.175
  0
CIRCLE
  5
1462
330
1B
100
AcDbEntity
  8
Edge.Cuts
100
AcDbCircle
 10
88.8824999999999932
 20
-60.9599999999999937
 30
0
 40
0.175
  0
CIRCLE
  5
1463
330
1B
100
AcDbEntity
  8
Edge.Cuts
100
AcDbCircle
 10
88.8824999999999932
 20
-63.5
 30
0
 40
0.175
  0
CIRCLE
  5
1464
330
1B
100
AcDbEntity
  8
Edge.Cuts
100
AcDbCircle
 10
88.8824999999999932
 20
-66.039999999999992
 30
0
 40
0.175
  0
CIRCLE
  5
1465
330
1B
100
AcDbEntity
  8
Edge.Cuts
100
AcDbCircle
 10
88.8824999999999932
 20
-68.5799999999999983
 30
0
 40
0.175
  0
CIRCLE
  5
1466
330
1B
100
AcDbEntity
  8
Edge.Cuts
100
AcDbCircle
 10
88.8824999999999932
 20
-71.1199999999999903
 30
0
 40
0.175
  0
CIRCLE
  5
1467
330
1B
100
AcDbEntity
  8
Edge.Cuts
100
AcDbCircle
 10
88.8824999999999932
 20
-73.6599999999999966
 30
0
 40
0.175
  0
CIRCLE
  5
1468
330
1B
100
AcDbEntity
  8
Edge.Cuts
100
AcDbCircle
 10
96.5024999999999977
 20
-73.6599999999999966
 30
0
 40
0.175
  0
CIRCLE
  5
1469
330
1B
100
AcDbEntity
  8
Edge.Cuts
100
AcDbCircle
 10
96.5024999999999977
 20
-71.1199999999999903
 30
0
 40
0.175
  0
CIRCLE
  5
146A
330
1B
100
AcDbEntity
  8
Edge.Cuts
100
AcDbCircle
 10
96.5024999999999977
 20
-68.5799999999999983
 30
0
 40
0.175
  0
CIRCLE
  5
146B
330
1B
100
AcDbEntity
  8
Edge.Cuts
100
AcDbCircle
 10
96.5024999999999977
 20
-66.039999999999992
 30
0
 40
0.175
  0
CIRCLE
  5
146C
330
1B
100
AcDbEntity
  8
Edge.Cuts
100
AcDbCircle
 10
96.5024999999999977
 20
-63.5
 30
0
 40
0.175
  0
CIRCLE
  5
146D
330
1B
100
AcDbEntity
  8
Edge.Cuts
100
AcDbCircle
 10
96.5024999999999977
 20
-60.9599999999999937
 30
0
 40
0.175
  0
CIRCLE
  5
146E
330
1B
100
AcDbEntity
  8
Edge.Cuts
100
AcDbCircle
 10
96.5024999999999977
 20
-58.4199999999999946
 30
0
 40
0.175
  0
CIRCLE
  5
146F
330
1B
100
AcDbEntity
  8
Edge.Cuts
100
AcDbCircle
 10
96.5024999999999977
 20
-55.8799999999999955
 30
0
 40
0.175
  0
CIRCLE
  5
1470
330
1B
100
AcDbEntity
  8
Edge.Cuts
100
AcDbCircle
 10
114.
 20
-26.
 30
0
 40
0.175
  0
CIRCLE
  5
1471
330
1B
100
AcDbEntity
  8
Edge.Cuts
100
AcDbCircle
 10
61.1749999999999972
 20
-107.9499999999999886
 30
0
 40
0.175
  0
CIRCLE
  5
1472
330
1B
100
AcDbEntity
  8
Edge.Cuts
100
AcDbCircle
 10
66.1749999999999972
 20
-107.9499999999999886
 30
0
 40
0.175
  0
CIRCLE
  5
1473
330
1B
100
AcDbEntity
  8
Edge.Cuts
100
AcDbCircle
 10
79.5
 20
-53.
 30
0
 40
0.175
  0
ENDSEC
  0
SECTION
  2
OBJECTS
  0
DICTIONARY
  5
21
330
0
100
AcDbDictionary
281
1
  3
ACAD_GROUP
350
1474
  3
ACAD_LAYOUT
350
22
  3
ACAD_PLOTSTYLENAME
350
11
  0
DICTIONARY
  5
1474
330
21
100
AcDbDictionary
281
1
  0
ACDBDICTIONARYWDFLT
  5
11
330
21
100
AcDbDictionary
281
1
  3
Normal
350
10
100
AcDbDictionaryWithDefault
340
10
  0
ACDBPLACEHOLDER
  5
10
330
11
  0
DICTIONARY
  5
22
330
21
100
AcDbDictionary
281
1
  3
Model
350
1E
  3
Layout1
350
1F
  3
Layout2
350
20
  0
LAYOUT
  5
1E
330
22
100
AcDbPlotSettings
  1

  2
none_device
  4
A3
  6

 40
0.0
 41
0.0
 42
0.0
 43
0.0
 44
420.0
 45
297.0
 46
0.0
 47
0.0
 48
0.0
 49
0.0
140
0.0
141
0.0
142
1.0
143
1.0
 70
1024
 72
1
 73
0
 74
5
  7

 75
16
 76
0
 77
2
 78
300
147
1.0
148
0.0
149
0.0
100
AcDbLayout
  1
Model
 70
1
 71
0
 10
0.0
 20
0.0
 11
420.0
 21
297.0
 12
0.0
 22
0.0
 32
0.0
 14
1e+20
 24
1e+20
 34
1e+20
 15
-1e+20
 25
-1e+20
 35
-1e+20
146
0.0
 13
0.0
 23
0.0
 33
0.0
 16
1.0
 26
0.0
 36
0.0
 17
0.0
 27
1.0
 37
0.0
 76
0
330
1B
  0
LAYOUT
  5
1F
330
22
100
AcDbPlotSettings
  1

  2
none_device
  4
A3
  6

 40
0.0
 41
0.0
 42
0.0
 43
0.0
 44
420.0
 45
297.0
 46
0.0
 47
0.0
 48
0.0
 49
0.0
140
0.0
141
0.0
142
1.0
143
1.0
 70
0
 72
1
 73
0
 74
5
  7

 75
16
 76
0
 77
2
 78
300
147
1.0
148
0.0
149
0.0
100
AcDbLayout
  1
Layout1
 70
1
 71
1
 10
0.0
 20
0.0
 11
420.0
 21
297.0
 12
0.0
 22
0.0
 32
0.0
 14
1e+20
 24
1e+20
 34
1e+20
 15
-1e+20
 25
-1e+20
 35
-1e+20
146
0.0
 13
0.0
 23
0.0
 33
0.0
 16
1.0
 26
0.0
 36
0.0
 17
0.0
 27
1.0
 37
0.0
 76
0
330
1C
  0
LAYOUT
  5
20
330
22
100
AcDbPlotSettings
  1

  2
none_device
  4
A3
  6

 40
0.0
 41
0.0
 42
0.0
 43
0.0
 44
420.0
 45
297.0
 46
0.0
 47
0.0
 48
0.0
 49
0.0
140
0.0
141
0.0
142
1.0
143
1.0
 70
0
 72
1
 73
0
 74
5
  7

 75
16
 76
0
 77
2
 78
300
147
1.0
148
0.0
149
0.0
100
AcDbLayout
  1
Layout2
 70
1
 71
2
 10
0.0
 20
0.0
 11
420.0
 21
297.0
 12
0.0
 22
0.0
 32
0.0
 14
1e+20
 24
1e+20
 34
1e+20
 15
-1e+20
 25
-1e+20
 35
-1e+20
146
0.0
 13
0.0
 23
0.0
 33
0.0
 16
1.0
 26
0.0
 36
0.0
 17
0.0
 27
1.0
 37
0.0
 76
0
330
1D
  0
ENDSEC
  0
EOF
